model,dataset,relative_path,video_sha256,theta,k,sequence_scores,detected,alert_score_index_zero_based,alert_frame_one_based,delay_seconds_at_25fps,alert_rolling_score
lstm_original_grouped,RLVS,Violence/V_189.mp4,f2b73002853d4bebf21f114c6d00fb2bab479a73281035c064a7b8072084aa2c,0.7,5,30,1,4,40,1.600000,0.970757067
lstm_augmented_grouped,RLVS,Violence/V_189.mp4,f2b73002853d4bebf21f114c6d00fb2bab479a73281035c064a7b8072084aa2c,0.7,7,30,1,6,50,2.000000,0.944497662
gru_original_grouped,RLVS,Violence/V_189.mp4,f2b73002853d4bebf21f114c6d00fb2bab479a73281035c064a7b8072084aa2c,0.65,5,30,1,4,40,1.600000,0.958355808
gru_augmented_grouped,RLVS,Violence/V_189.mp4,f2b73002853d4bebf21f114c6d00fb2bab479a73281035c064a7b8072084aa2c,0.65,10,30,1,9,65,2.600000,0.927252543
lstm_original_grouped,RLVS,Violence/V_620.mp4,48598fb4395cca8fe934db5e004726521a74c5b5ea19e5fbfe4b32ba184dd968,0.7,5,34,1,4,40,1.600000,0.995843029
lstm_augmented_grouped,RLVS,Violence/V_620.mp4,48598fb4395cca8fe934db5e004726521a74c5b5ea19e5fbfe4b32ba184dd968,0.7,7,34,1,6,50,2.000000,0.992561502
gru_original_grouped,RLVS,Violence/V_620.mp4,48598fb4395cca8fe934db5e004726521a74c5b5ea19e5fbfe4b32ba184dd968,0.65,5,34,1,4,40,1.600000,0.995913339
gru_augmented_grouped,RLVS,Violence/V_620.mp4,48598fb4395cca8fe934db5e004726521a74c5b5ea19e5fbfe4b32ba184dd968,0.65,10,34,1,9,65,2.600000,0.993836915
lstm_original_grouped,RWF-2000,train/Fight/rwf_train_fight_0345.avi,b23c2c37da9a8f0a1e21a8e87349d045dc0704ae63f4b0a9cdfa66c9174d1a82,0.7,5,27,1,19,115,4.600000,0.705712545
lstm_augmented_grouped,RWF-2000,train/Fight/rwf_train_fight_0345.avi,b23c2c37da9a8f0a1e21a8e87349d045dc0704ae63f4b0a9cdfa66c9174d1a82,0.7,7,27,1,24,140,5.600000,0.714422754
gru_original_grouped,RWF-2000,train/Fight/rwf_train_fight_0345.avi,b23c2c37da9a8f0a1e21a8e87349d045dc0704ae63f4b0a9cdfa66c9174d1a82,0.65,5,27,1,19,115,4.600000,0.651219141
gru_augmented_grouped,RWF-2000,train/Fight/rwf_train_fight_0345.avi,b23c2c37da9a8f0a1e21a8e87349d045dc0704ae63f4b0a9cdfa66c9174d1a82,0.65,10,27,0,,,,
lstm_original_grouped,RLVS,Violence/V_568.mp4,4ab99fd176c4ea36a7f856894f3f445408a06c1bae01d6cec5d00c9acdae3cb2,0.7,5,34,1,4,40,1.600000,0.991090739
lstm_augmented_grouped,RLVS,Violence/V_568.mp4,4ab99fd176c4ea36a7f856894f3f445408a06c1bae01d6cec5d00c9acdae3cb2,0.7,7,34,1,6,50,2.000000,0.988396687
gru_original_grouped,RLVS,Violence/V_568.mp4,4ab99fd176c4ea36a7f856894f3f445408a06c1bae01d6cec5d00c9acdae3cb2,0.65,5,34,1,4,40,1.600000,0.995489919
gru_augmented_grouped,RLVS,Violence/V_568.mp4,4ab99fd176c4ea36a7f856894f3f445408a06c1bae01d6cec5d00c9acdae3cb2,0.65,10,34,1,9,65,2.600000,0.994547105
lstm_original_grouped,RLVS,Violence/V_744.mp4,9d03b79987e2c7690ab6376afece4335764f27120efc11ef93c811b3035bda6c,0.7,5,26,1,4,40,1.600000,0.991223538
lstm_augmented_grouped,RLVS,Violence/V_744.mp4,9d03b79987e2c7690ab6376afece4335764f27120efc11ef93c811b3035bda6c,0.7,7,26,1,6,50,2.000000,0.954064335
gru_original_grouped,RLVS,Violence/V_744.mp4,9d03b79987e2c7690ab6376afece4335764f27120efc11ef93c811b3035bda6c,0.65,5,26,1,4,40,1.600000,0.994375944
gru_augmented_grouped,RLVS,Violence/V_744.mp4,9d03b79987e2c7690ab6376afece4335764f27120efc11ef93c811b3035bda6c,0.65,10,26,1,9,65,2.600000,0.983264166
lstm_original_grouped,RLVS,Violence/V_159.mp4,f0cc98b3f8d868ed6af8e0c78bf650d7332baac5c1bb93ddca8d9ea6f6d9c079,0.7,5,12,1,4,40,1.600000,0.992710817
lstm_augmented_grouped,RLVS,Violence/V_159.mp4,f0cc98b3f8d868ed6af8e0c78bf650d7332baac5c1bb93ddca8d9ea6f6d9c079,0.7,7,12,1,6,50,2.000000,0.986796226
gru_original_grouped,RLVS,Violence/V_159.mp4,f0cc98b3f8d868ed6af8e0c78bf650d7332baac5c1bb93ddca8d9ea6f6d9c079,0.65,5,12,1,4,40,1.600000,0.976470995
gru_augmented_grouped,RLVS,Violence/V_159.mp4,f0cc98b3f8d868ed6af8e0c78bf650d7332baac5c1bb93ddca8d9ea6f6d9c079,0.65,10,12,1,9,65,2.600000,0.953926730
lstm_original_grouped,RWF-2000,train/Fight/rwf_train_fight_0480.avi,7793fb508bd9619be68ae76e783fe98bd338b567f1c26726fcdda050bf40ba83,0.7,5,27,1,4,40,1.600000,0.812722158
lstm_augmented_grouped,RWF-2000,train/Fight/rwf_train_fight_0480.avi,7793fb508bd9619be68ae76e783fe98bd338b567f1c26726fcdda050bf40ba83,0.7,7,27,1,6,50,2.000000,0.799286042
gru_original_grouped,RWF-2000,train/Fight/rwf_train_fight_0480.avi,7793fb508bd9619be68ae76e783fe98bd338b567f1c26726fcdda050bf40ba83,0.65,5,27,0,,,,
gru_augmented_grouped,RWF-2000,train/Fight/rwf_train_fight_0480.avi,7793fb508bd9619be68ae76e783fe98bd338b567f1c26726fcdda050bf40ba83,0.65,10,27,0,,,,
lstm_original_grouped,RLVS,Violence/V_900.mp4,a32bebf5ad1e8d2e9ff4a13636f5f85d11b202a3ec9222d19998e893fdceaa2d,0.7,5,22,1,4,40,1.600000,0.984218633
lstm_augmented_grouped,RLVS,Violence/V_900.mp4,a32bebf5ad1e8d2e9ff4a13636f5f85d11b202a3ec9222d19998e893fdceaa2d,0.7,7,22,1,6,50,2.000000,0.987320261
gru_original_grouped,RLVS,Violence/V_900.mp4,a32bebf5ad1e8d2e9ff4a13636f5f85d11b202a3ec9222d19998e893fdceaa2d,0.65,5,22,1,4,40,1.600000,0.994245577
gru_augmented_grouped,RLVS,Violence/V_900.mp4,a32bebf5ad1e8d2e9ff4a13636f5f85d11b202a3ec9222d19998e893fdceaa2d,0.65,10,22,1,9,65,2.600000,0.987349701
lstm_original_grouped,RWF-2000,train/Fight/rwf_train_fight_0481.avi,39c249dc1b65d6a46d1ddc2b9fc879753d793e2551298cc7fa631aaa4b7ad160,0.7,5,27,1,4,40,1.600000,0.836642838
lstm_augmented_grouped,RWF-2000,train/Fight/rwf_train_fight_0481.avi,39c249dc1b65d6a46d1ddc2b9fc879753d793e2551298cc7fa631aaa4b7ad160,0.7,7,27,1,6,50,2.000000,0.814915112
gru_original_grouped,RWF-2000,train/Fight/rwf_train_fight_0481.avi,39c249dc1b65d6a46d1ddc2b9fc879753d793e2551298cc7fa631aaa4b7ad160,0.65,5,27,0,,,,
gru_augmented_grouped,RWF-2000,train/Fight/rwf_train_fight_0481.avi,39c249dc1b65d6a46d1ddc2b9fc879753d793e2551298cc7fa631aaa4b7ad160,0.65,10,27,0,,,,
lstm_original_grouped,RWF-2000,train/Fight/rwf_train_fight_0338.avi,ca7bee6da3696373b57360b44cae0e5c678992ae35bb7afc49a653af7c15bccb,0.7,5,27,1,4,40,1.600000,0.794267178
lstm_augmented_grouped,RWF-2000,train/Fight/rwf_train_fight_0338.avi,ca7bee6da3696373b57360b44cae0e5c678992ae35bb7afc49a653af7c15bccb,0.7,7,27,1,6,50,2.000000,0.904136172
gru_original_grouped,RWF-2000,train/Fight/rwf_train_fight_0338.avi,ca7bee6da3696373b57360b44cae0e5c678992ae35bb7afc49a653af7c15bccb,0.65,5,27,1,9,65,2.600000,0.659297407
gru_augmented_grouped,RWF-2000,train/Fight/rwf_train_fight_0338.avi,ca7bee6da3696373b57360b44cae0e5c678992ae35bb7afc49a653af7c15bccb,0.65,10,27,0,,,,
lstm_original_grouped,RLVS,Violence/V_884.mp4,30c89933bb7aee258d6d953b3b6dcc7ac421de3dd7179146c2e454fd80d2140a,0.7,5,27,1,4,40,1.600000,0.994002414
lstm_augmented_grouped,RLVS,Violence/V_884.mp4,30c89933bb7aee258d6d953b3b6dcc7ac421de3dd7179146c2e454fd80d2140a,0.7,7,27,1,6,50,2.000000,0.992797119
gru_original_grouped,RLVS,Violence/V_884.mp4,30c89933bb7aee258d6d953b3b6dcc7ac421de3dd7179146c2e454fd80d2140a,0.65,5,27,1,4,40,1.600000,0.995601177
gru_augmented_grouped,RLVS,Violence/V_884.mp4,30c89933bb7aee258d6d953b3b6dcc7ac421de3dd7179146c2e454fd80d2140a,0.65,10,27,1,9,65,2.600000,0.995215762
lstm_original_grouped,RWF-2000,train/Fight/rwf_train_fight_0210.avi,f2f275ea34421a8001872bc1410d12db7b06af2b5f1dfa23641de759787c8e75,0.7,5,27,1,4,40,1.600000,0.704265857
lstm_augmented_grouped,RWF-2000,train/Fight/rwf_train_fight_0210.avi,f2f275ea34421a8001872bc1410d12db7b06af2b5f1dfa23641de759787c8e75,0.7,7,27,1,6,50,2.000000,0.792199390
gru_original_grouped,RWF-2000,train/Fight/rwf_train_fight_0210.avi,f2f275ea34421a8001872bc1410d12db7b06af2b5f1dfa23641de759787c8e75,0.65,5,27,1,17,105,4.200000,0.661054528
gru_augmented_grouped,RWF-2000,train/Fight/rwf_train_fight_0210.avi,f2f275ea34421a8001872bc1410d12db7b06af2b5f1dfa23641de759787c8e75,0.65,10,27,0,,,,
lstm_original_grouped,RWF-2000,train/Fight/rwf_train_fight_0626.avi,4c42803c0d95f2bf7946639246acf3bcf115a529c78dbce7149409a7b86d7193,0.7,5,27,1,4,40,1.600000,0.969530749
lstm_augmented_grouped,RWF-2000,train/Fight/rwf_train_fight_0626.avi,4c42803c0d95f2bf7946639246acf3bcf115a529c78dbce7149409a7b86d7193,0.7,7,27,1,6,50,2.000000,0.966160391
gru_original_grouped,RWF-2000,train/Fight/rwf_train_fight_0626.avi,4c42803c0d95f2bf7946639246acf3bcf115a529c78dbce7149409a7b86d7193,0.65,5,27,1,4,40,1.600000,0.969768751
gru_augmented_grouped,RWF-2000,train/Fight/rwf_train_fight_0626.avi,4c42803c0d95f2bf7946639246acf3bcf115a529c78dbce7149409a7b86d7193,0.65,10,27,1,9,65,2.600000,0.928993493
lstm_original_grouped,RLVS,Violence/V_837.mp4,1e1f52db06142c2fd432ac48532acc03d1b0e63d2a7a0fc480cc5e19f3638efc,0.7,5,22,1,4,40,1.600000,0.981770134
lstm_augmented_grouped,RLVS,Violence/V_837.mp4,1e1f52db06142c2fd432ac48532acc03d1b0e63d2a7a0fc480cc5e19f3638efc,0.7,7,22,1,6,50,2.000000,0.977433486
gru_original_grouped,RLVS,Violence/V_837.mp4,1e1f52db06142c2fd432ac48532acc03d1b0e63d2a7a0fc480cc5e19f3638efc,0.65,5,22,1,4,40,1.600000,0.970460296
gru_augmented_grouped,RLVS,Violence/V_837.mp4,1e1f52db06142c2fd432ac48532acc03d1b0e63d2a7a0fc480cc5e19f3638efc,0.65,10,22,1,9,65,2.600000,0.883803254
lstm_original_grouped,RWF-2000,train/Fight/rwf_train_fight_0164.avi,6f92d379635f3996d3e7230aacca7f842a7dbed8c381b3a9e2656ff1991f3810,0.7,5,27,1,14,90,3.600000,0.703380179
lstm_augmented_grouped,RWF-2000,train/Fight/rwf_train_fight_0164.avi,6f92d379635f3996d3e7230aacca7f842a7dbed8c381b3a9e2656ff1991f3810,0.7,7,27,1,6,50,2.000000,0.764230277
gru_original_grouped,RWF-2000,train/Fight/rwf_train_fight_0164.avi,6f92d379635f3996d3e7230aacca7f842a7dbed8c381b3a9e2656ff1991f3810,0.65,5,27,1,7,55,2.200000,0.668713975
gru_augmented_grouped,RWF-2000,train/Fight/rwf_train_fight_0164.avi,6f92d379635f3996d3e7230aacca7f842a7dbed8c381b3a9e2656ff1991f3810,0.65,10,27,1,9,65,2.600000,0.793033016
lstm_original_grouped,RWF-2000,train/Fight/rwf_train_fight_0054.avi,a90de783a8428483b7a955a27d74d58012c85d9c04d59173b9cf601cd0408eeb,0.7,5,27,1,4,40,1.600000,0.912102342
lstm_augmented_grouped,RWF-2000,train/Fight/rwf_train_fight_0054.avi,a90de783a8428483b7a955a27d74d58012c85d9c04d59173b9cf601cd0408eeb,0.7,7,27,1,6,50,2.000000,0.931627827
gru_original_grouped,RWF-2000,train/Fight/rwf_train_fight_0054.avi,a90de783a8428483b7a955a27d74d58012c85d9c04d59173b9cf601cd0408eeb,0.65,5,27,1,11,75,3.000000,0.672990847
gru_augmented_grouped,RWF-2000,train/Fight/rwf_train_fight_0054.avi,a90de783a8428483b7a955a27d74d58012c85d9c04d59173b9cf601cd0408eeb,0.65,10,27,0,,,,
lstm_original_grouped,RWF-2000,train/Fight/rwf_train_fight_0554.avi,c6bc26c7c579ae70d6c6b4d24e6e0de837617ae15655c16cff890ba597021e3f,0.7,5,27,1,4,40,1.600000,0.965845132
lstm_augmented_grouped,RWF-2000,train/Fight/rwf_train_fight_0554.avi,c6bc26c7c579ae70d6c6b4d24e6e0de837617ae15655c16cff890ba597021e3f,0.7,7,27,1,6,50,2.000000,0.972451721
gru_original_grouped,RWF-2000,train/Fight/rwf_train_fight_0554.avi,c6bc26c7c579ae70d6c6b4d24e6e0de837617ae15655c16cff890ba597021e3f,0.65,5,27,1,4,40,1.600000,0.917809963
gru_augmented_grouped,RWF-2000,train/Fight/rwf_train_fight_0554.avi,c6bc26c7c579ae70d6c6b4d24e6e0de837617ae15655c16cff890ba597021e3f,0.65,10,27,1,9,65,2.600000,0.897251725
lstm_original_grouped,RWF-2000,train/Fight/rwf_train_fight_0008.avi,c5014b3a8d65505de79ec41cd20658666e6470c77b19772f4dac28eba473ee4b,0.7,5,27,1,4,40,1.600000,0.884897923
lstm_augmented_grouped,RWF-2000,train/Fight/rwf_train_fight_0008.avi,c5014b3a8d65505de79ec41cd20658666e6470c77b19772f4dac28eba473ee4b,0.7,7,27,1,12,80,3.200000,0.754576628
gru_original_grouped,RWF-2000,train/Fight/rwf_train_fight_0008.avi,c5014b3a8d65505de79ec41cd20658666e6470c77b19772f4dac28eba473ee4b,0.65,5,27,1,10,70,2.800000,0.762510270
gru_augmented_grouped,RWF-2000,train/Fight/rwf_train_fight_0008.avi,c5014b3a8d65505de79ec41cd20658666e6470c77b19772f4dac28eba473ee4b,0.65,10,27,1,12,80,3.200000,0.672142634
lstm_original_grouped,RLVS,Violence/V_337.mp4,e455d708a965907bfca4fb64790f991a8c8812308a403bdf6385217fc37ba6be,0.7,5,25,1,4,40,1.600000,0.983025968
lstm_augmented_grouped,RLVS,Violence/V_337.mp4,e455d708a965907bfca4fb64790f991a8c8812308a403bdf6385217fc37ba6be,0.7,7,25,1,6,50,2.000000,0.961153499
gru_original_grouped,RLVS,Violence/V_337.mp4,e455d708a965907bfca4fb64790f991a8c8812308a403bdf6385217fc37ba6be,0.65,5,25,1,4,40,1.600000,0.987587476
gru_augmented_grouped,RLVS,Violence/V_337.mp4,e455d708a965907bfca4fb64790f991a8c8812308a403bdf6385217fc37ba6be,0.65,10,25,1,9,65,2.600000,0.945134383
lstm_original_grouped,RWF-2000,train/Fight/rwf_train_fight_0123.avi,2b8a4a089223ed2cb418a5f893d94f08873bec99edc241bd6844d9c3608780e5,0.7,5,27,1,9,65,2.600000,0.744798982
lstm_augmented_grouped,RWF-2000,train/Fight/rwf_train_fight_0123.avi,2b8a4a089223ed2cb418a5f893d94f08873bec99edc241bd6844d9c3608780e5,0.7,7,27,1,11,75,3.000000,0.745329465
gru_original_grouped,RWF-2000,train/Fight/rwf_train_fight_0123.avi,2b8a4a089223ed2cb418a5f893d94f08873bec99edc241bd6844d9c3608780e5,0.65,5,27,1,7,55,2.200000,0.729662561
gru_augmented_grouped,RWF-2000,train/Fight/rwf_train_fight_0123.avi,2b8a4a089223ed2cb418a5f893d94f08873bec99edc241bd6844d9c3608780e5,0.65,10,27,1,9,65,2.600000,0.660843399
lstm_original_grouped,RLVS,Violence/V_269.mp4,2da1c63853a0acb4568d8fb8ff93e9610aef5a43168cc99b2abcb1be25cd76cf,0.7,5,26,1,4,40,1.600000,0.994532955
lstm_augmented_grouped,RLVS,Violence/V_269.mp4,2da1c63853a0acb4568d8fb8ff93e9610aef5a43168cc99b2abcb1be25cd76cf,0.7,7,26,1,6,50,2.000000,0.988304990
gru_original_grouped,RLVS,Violence/V_269.mp4,2da1c63853a0acb4568d8fb8ff93e9610aef5a43168cc99b2abcb1be25cd76cf,0.65,5,26,1,4,40,1.600000,0.989752650
gru_augmented_grouped,RLVS,Violence/V_269.mp4,2da1c63853a0acb4568d8fb8ff93e9610aef5a43168cc99b2abcb1be25cd76cf,0.65,10,26,1,9,65,2.600000,0.990786809
lstm_original_grouped,RLVS,Violence/V_153.mp4,6e5df00186923938048226434ee365c4fd61fff9341acdab2d597b694f1b6be2,0.7,5,32,1,4,40,1.600000,0.994702864
lstm_augmented_grouped,RLVS,Violence/V_153.mp4,6e5df00186923938048226434ee365c4fd61fff9341acdab2d597b694f1b6be2,0.7,7,32,1,6,50,2.000000,0.994368647
gru_original_grouped,RLVS,Violence/V_153.mp4,6e5df00186923938048226434ee365c4fd61fff9341acdab2d597b694f1b6be2,0.65,5,32,1,4,40,1.600000,0.998459816
gru_augmented_grouped,RLVS,Violence/V_153.mp4,6e5df00186923938048226434ee365c4fd61fff9341acdab2d597b694f1b6be2,0.65,10,32,1,9,65,2.600000,0.997073197
lstm_original_grouped,RWF-2000,train/Fight/rwf_train_fight_0716.avi,d1a3a2c9a4ccc7940f024fff1797792136837a9d5c2fca8d5d621433ba7a3290,0.7,5,27,1,4,40,1.600000,0.892037296
lstm_augmented_grouped,RWF-2000,train/Fight/rwf_train_fight_0716.avi,d1a3a2c9a4ccc7940f024fff1797792136837a9d5c2fca8d5d621433ba7a3290,0.7,7,27,1,6,50,2.000000,0.884692797
gru_original_grouped,RWF-2000,train/Fight/rwf_train_fight_0716.avi,d1a3a2c9a4ccc7940f024fff1797792136837a9d5c2fca8d5d621433ba7a3290,0.65,5,27,1,4,40,1.600000,0.796403801
gru_augmented_grouped,RWF-2000,train/Fight/rwf_train_fight_0716.avi,d1a3a2c9a4ccc7940f024fff1797792136837a9d5c2fca8d5d621433ba7a3290,0.65,10,27,1,9,65,2.600000,0.842485714
lstm_original_grouped,RWF-2000,train/Fight/rwf_train_fight_0608.avi,4ec3173c453017f398d871eafb2f38b0dfb31b3fc7df8ac2c9d2ab3ed21dfe21,0.7,5,27,1,4,40,1.600000,0.871068466
lstm_augmented_grouped,RWF-2000,train/Fight/rwf_train_fight_0608.avi,4ec3173c453017f398d871eafb2f38b0dfb31b3fc7df8ac2c9d2ab3ed21dfe21,0.7,7,27,1,6,50,2.000000,0.875976878
gru_original_grouped,RWF-2000,train/Fight/rwf_train_fight_0608.avi,4ec3173c453017f398d871eafb2f38b0dfb31b3fc7df8ac2c9d2ab3ed21dfe21,0.65,5,27,1,4,40,1.600000,0.715940487
gru_augmented_grouped,RWF-2000,train/Fight/rwf_train_fight_0608.avi,4ec3173c453017f398d871eafb2f38b0dfb31b3fc7df8ac2c9d2ab3ed21dfe21,0.65,10,27,1,9,65,2.600000,0.767148292
lstm_original_grouped,RWF-2000,val/Fight/rwf_val_fight_0162.avi,bf1f23192966cc8161e38223611953dac3defdb091b73a929077fd125543bbdc,0.7,5,27,1,4,40,1.600000,0.960323441
lstm_augmented_grouped,RWF-2000,val/Fight/rwf_val_fight_0162.avi,bf1f23192966cc8161e38223611953dac3defdb091b73a929077fd125543bbdc,0.7,7,27,1,6,50,2.000000,0.952729753
gru_original_grouped,RWF-2000,val/Fight/rwf_val_fight_0162.avi,bf1f23192966cc8161e38223611953dac3defdb091b73a929077fd125543bbdc,0.65,5,27,1,4,40,1.600000,0.923741591
gru_augmented_grouped,RWF-2000,val/Fight/rwf_val_fight_0162.avi,bf1f23192966cc8161e38223611953dac3defdb091b73a929077fd125543bbdc,0.65,10,27,1,9,65,2.600000,0.932219708
lstm_original_grouped,RWF-2000,train/Fight/rwf_train_fight_0172.avi,bbdfb4b713149b361b33c70bd2815c50ba169c994773324e669c871e00e8d1e6,0.7,5,27,1,4,40,1.600000,0.918561745
lstm_augmented_grouped,RWF-2000,train/Fight/rwf_train_fight_0172.avi,bbdfb4b713149b361b33c70bd2815c50ba169c994773324e669c871e00e8d1e6,0.7,7,27,1,6,50,2.000000,0.916842954
gru_original_grouped,RWF-2000,train/Fight/rwf_train_fight_0172.avi,bbdfb4b713149b361b33c70bd2815c50ba169c994773324e669c871e00e8d1e6,0.65,5,27,1,4,40,1.600000,0.815289533
gru_augmented_grouped,RWF-2000,train/Fight/rwf_train_fight_0172.avi,bbdfb4b713149b361b33c70bd2815c50ba169c994773324e669c871e00e8d1e6,0.65,10,27,1,9,65,2.600000,0.805201387
lstm_original_grouped,RWF-2000,train/Fight/rwf_train_fight_0664.avi,10177f67cfd3d10621d08f22be363a355cf65356a520fc3a695045c35c6262e3,0.7,5,27,1,4,40,1.600000,0.865281355
lstm_augmented_grouped,RWF-2000,train/Fight/rwf_train_fight_0664.avi,10177f67cfd3d10621d08f22be363a355cf65356a520fc3a695045c35c6262e3,0.7,7,27,1,6,50,2.000000,0.763034063
gru_original_grouped,RWF-2000,train/Fight/rwf_train_fight_0664.avi,10177f67cfd3d10621d08f22be363a355cf65356a520fc3a695045c35c6262e3,0.65,5,27,1,5,45,1.800000,0.697493565
gru_augmented_grouped,RWF-2000,train/Fight/rwf_train_fight_0664.avi,10177f67cfd3d10621d08f22be363a355cf65356a520fc3a695045c35c6262e3,0.65,10,27,1,19,115,4.600000,0.660149586
lstm_original_grouped,RWF-2000,train/Fight/rwf_train_fight_0240.avi,400669da13d74b1548e673f5f93fa2839243bcb55be71b05a71565215f3c78e8,0.7,5,27,1,4,40,1.600000,0.917921388
lstm_augmented_grouped,RWF-2000,train/Fight/rwf_train_fight_0240.avi,400669da13d74b1548e673f5f93fa2839243bcb55be71b05a71565215f3c78e8,0.7,7,27,1,6,50,2.000000,0.898160194
gru_original_grouped,RWF-2000,train/Fight/rwf_train_fight_0240.avi,400669da13d74b1548e673f5f93fa2839243bcb55be71b05a71565215f3c78e8,0.65,5,27,1,4,40,1.600000,0.777293420
gru_augmented_grouped,RWF-2000,train/Fight/rwf_train_fight_0240.avi,400669da13d74b1548e673f5f93fa2839243bcb55be71b05a71565215f3c78e8,0.65,10,27,1,16,100,4.000000,0.651640075
lstm_original_grouped,RWF-2000,val/Fight/rwf_val_fight_0064.avi,5ce640af8d5939302ede9da0b75cd5c67e60df55d97aaa8e5eb59457e5864321,0.7,5,27,1,4,40,1.600000,0.844006264
lstm_augmented_grouped,RWF-2000,val/Fight/rwf_val_fight_0064.avi,5ce640af8d5939302ede9da0b75cd5c67e60df55d97aaa8e5eb59457e5864321,0.7,7,27,1,6,50,2.000000,0.718614919
gru_original_grouped,RWF-2000,val/Fight/rwf_val_fight_0064.avi,5ce640af8d5939302ede9da0b75cd5c67e60df55d97aaa8e5eb59457e5864321,0.65,5,27,1,14,90,3.600000,0.674551129
gru_augmented_grouped,RWF-2000,val/Fight/rwf_val_fight_0064.avi,5ce640af8d5939302ede9da0b75cd5c67e60df55d97aaa8e5eb59457e5864321,0.65,10,27,1,24,140,5.600000,0.659096450
lstm_original_grouped,RLVS,Violence/V_761.mp4,2b5f21652c265b7c8bb71f6751693f3ccd1d03b8b4bc2ffe0a0d83f6b177b941,0.7,5,22,1,4,40,1.600000,0.978822243
lstm_augmented_grouped,RLVS,Violence/V_761.mp4,2b5f21652c265b7c8bb71f6751693f3ccd1d03b8b4bc2ffe0a0d83f6b177b941,0.7,7,22,1,6,50,2.000000,0.968693827
gru_original_grouped,RLVS,Violence/V_761.mp4,2b5f21652c265b7c8bb71f6751693f3ccd1d03b8b4bc2ffe0a0d83f6b177b941,0.65,5,22,1,4,40,1.600000,0.917922413
gru_augmented_grouped,RLVS,Violence/V_761.mp4,2b5f21652c265b7c8bb71f6751693f3ccd1d03b8b4bc2ffe0a0d83f6b177b941,0.65,10,22,1,9,65,2.600000,0.804002911
lstm_original_grouped,RWF-2000,train/Fight/rwf_train_fight_0125.avi,8de602b3e5f2aaef96f426f5133ae54f82a64e3c58daa4e7a49aa5440df301aa,0.7,5,27,1,4,40,1.600000,0.978883576
lstm_augmented_grouped,RWF-2000,train/Fight/rwf_train_fight_0125.avi,8de602b3e5f2aaef96f426f5133ae54f82a64e3c58daa4e7a49aa5440df301aa,0.7,7,27,1,6,50,2.000000,0.979114873
gru_original_grouped,RWF-2000,train/Fight/rwf_train_fight_0125.avi,8de602b3e5f2aaef96f426f5133ae54f82a64e3c58daa4e7a49aa5440df301aa,0.65,5,27,1,4,40,1.600000,0.949560857
gru_augmented_grouped,RWF-2000,train/Fight/rwf_train_fight_0125.avi,8de602b3e5f2aaef96f426f5133ae54f82a64e3c58daa4e7a49aa5440df301aa,0.65,10,27,1,9,65,2.600000,0.983978498
lstm_original_grouped,RWF-2000,train/Fight/rwf_train_fight_0535.avi,9888a2dc86c9d55a901b780afae481ca8503ca17421349c7cc3a38f23a231e26,0.7,5,27,1,4,40,1.600000,0.914798403
lstm_augmented_grouped,RWF-2000,train/Fight/rwf_train_fight_0535.avi,9888a2dc86c9d55a901b780afae481ca8503ca17421349c7cc3a38f23a231e26,0.7,7,27,1,6,50,2.000000,0.859088855
gru_original_grouped,RWF-2000,train/Fight/rwf_train_fight_0535.avi,9888a2dc86c9d55a901b780afae481ca8503ca17421349c7cc3a38f23a231e26,0.65,5,27,1,4,40,1.600000,0.818337882
gru_augmented_grouped,RWF-2000,train/Fight/rwf_train_fight_0535.avi,9888a2dc86c9d55a901b780afae481ca8503ca17421349c7cc3a38f23a231e26,0.65,10,27,1,9,65,2.600000,0.929518747
lstm_original_grouped,RWF-2000,train/Fight/rwf_train_fight_0575.avi,9b903e7cffb458fdbab7d376374a09de08bc4a634e361c0c089fb9a253052a71,0.7,5,27,1,4,40,1.600000,0.963360834
lstm_augmented_grouped,RWF-2000,train/Fight/rwf_train_fight_0575.avi,9b903e7cffb458fdbab7d376374a09de08bc4a634e361c0c089fb9a253052a71,0.7,7,27,1,6,50,2.000000,0.890633421
gru_original_grouped,RWF-2000,train/Fight/rwf_train_fight_0575.avi,9b903e7cffb458fdbab7d376374a09de08bc4a634e361c0c089fb9a253052a71,0.65,5,27,1,4,40,1.600000,0.850103474
gru_augmented_grouped,RWF-2000,train/Fight/rwf_train_fight_0575.avi,9b903e7cffb458fdbab7d376374a09de08bc4a634e361c0c089fb9a253052a71,0.65,10,27,1,9,65,2.600000,0.931286961
lstm_original_grouped,RLVS,Violence/V_606.mp4,f43caa9ae2a2cea7758282147cf7c95e68376d2fd30f0dd792abb4c44c27bb60,0.7,5,34,1,4,40,1.600000,0.980228722
lstm_augmented_grouped,RLVS,Violence/V_606.mp4,f43caa9ae2a2cea7758282147cf7c95e68376d2fd30f0dd792abb4c44c27bb60,0.7,7,34,1,6,50,2.000000,0.987248846
gru_original_grouped,RLVS,Violence/V_606.mp4,f43caa9ae2a2cea7758282147cf7c95e68376d2fd30f0dd792abb4c44c27bb60,0.65,5,34,1,4,40,1.600000,0.993518841
gru_augmented_grouped,RLVS,Violence/V_606.mp4,f43caa9ae2a2cea7758282147cf7c95e68376d2fd30f0dd792abb4c44c27bb60,0.65,10,34,1,9,65,2.600000,0.994927782
lstm_original_grouped,RWF-2000,val/Fight/rwf_val_fight_0006.avi,021500d339b9625e2b458dcb6025c8449ac9eee5d00754f5ede84d4aebd2bd4d,0.7,5,27,0,,,,
lstm_augmented_grouped,RWF-2000,val/Fight/rwf_val_fight_0006.avi,021500d339b9625e2b458dcb6025c8449ac9eee5d00754f5ede84d4aebd2bd4d,0.7,7,27,0,,,,
gru_original_grouped,RWF-2000,val/Fight/rwf_val_fight_0006.avi,021500d339b9625e2b458dcb6025c8449ac9eee5d00754f5ede84d4aebd2bd4d,0.65,5,27,0,,,,
gru_augmented_grouped,RWF-2000,val/Fight/rwf_val_fight_0006.avi,021500d339b9625e2b458dcb6025c8449ac9eee5d00754f5ede84d4aebd2bd4d,0.65,10,27,0,,,,
lstm_original_grouped,RLVS,Violence/V_293.mp4,c7bd830de03bd3adb74deb6a64db8ce988750a4a3ea66545022e127b35f974bd,0.7,5,25,1,4,40,1.600000,0.984775472
lstm_augmented_grouped,RLVS,Violence/V_293.mp4,c7bd830de03bd3adb74deb6a64db8ce988750a4a3ea66545022e127b35f974bd,0.7,7,25,1,6,50,2.000000,0.985721409
gru_original_grouped,RLVS,Violence/V_293.mp4,c7bd830de03bd3adb74deb6a64db8ce988750a4a3ea66545022e127b35f974bd,0.65,5,25,1,4,40,1.600000,0.980989313
gru_augmented_grouped,RLVS,Violence/V_293.mp4,c7bd830de03bd3adb74deb6a64db8ce988750a4a3ea66545022e127b35f974bd,0.65,10,25,1,9,65,2.600000,0.986480498
lstm_original_grouped,RWF-2000,val/Fight/rwf_val_fight_0111.avi,6bd0662da957bbcd4757a35ce440fa709c7212de5ac23dfd52fb808d65bba498,0.7,5,27,1,4,40,1.600000,0.778086984
lstm_augmented_grouped,RWF-2000,val/Fight/rwf_val_fight_0111.avi,6bd0662da957bbcd4757a35ce440fa709c7212de5ac23dfd52fb808d65bba498,0.7,7,27,1,6,50,2.000000,0.707862845
gru_original_grouped,RWF-2000,val/Fight/rwf_val_fight_0111.avi,6bd0662da957bbcd4757a35ce440fa709c7212de5ac23dfd52fb808d65bba498,0.65,5,27,0,,,,
gru_augmented_grouped,RWF-2000,val/Fight/rwf_val_fight_0111.avi,6bd0662da957bbcd4757a35ce440fa709c7212de5ac23dfd52fb808d65bba498,0.65,10,27,0,,,,
lstm_original_grouped,RWF-2000,train/Fight/rwf_train_fight_0053.avi,44257b8b59f3b1c2539e48653143c4f7e83281f27512e05ca24ca803eeb947a3,0.7,5,27,1,4,40,1.600000,0.931757355
lstm_augmented_grouped,RWF-2000,train/Fight/rwf_train_fight_0053.avi,44257b8b59f3b1c2539e48653143c4f7e83281f27512e05ca24ca803eeb947a3,0.7,7,27,1,6,50,2.000000,0.925683073
gru_original_grouped,RWF-2000,train/Fight/rwf_train_fight_0053.avi,44257b8b59f3b1c2539e48653143c4f7e83281f27512e05ca24ca803eeb947a3,0.65,5,27,1,4,40,1.600000,0.770594871
gru_augmented_grouped,RWF-2000,train/Fight/rwf_train_fight_0053.avi,44257b8b59f3b1c2539e48653143c4f7e83281f27512e05ca24ca803eeb947a3,0.65,10,27,0,,,,
lstm_original_grouped,RLVS,Violence/V_401.mp4,fa391e1c953111389c39731d0919cc5c481cdadfbb3eb35a888aec575331dc0b,0.7,5,22,1,4,40,1.600000,0.979690742
lstm_augmented_grouped,RLVS,Violence/V_401.mp4,fa391e1c953111389c39731d0919cc5c481cdadfbb3eb35a888aec575331dc0b,0.7,7,22,1,6,50,2.000000,0.854596572
gru_original_grouped,RLVS,Violence/V_401.mp4,fa391e1c953111389c39731d0919cc5c481cdadfbb3eb35a888aec575331dc0b,0.65,5,22,1,12,80,3.200000,0.777393419
gru_augmented_grouped,RLVS,Violence/V_401.mp4,fa391e1c953111389c39731d0919cc5c481cdadfbb3eb35a888aec575331dc0b,0.65,10,22,1,14,90,3.600000,0.690759663
lstm_original_grouped,RLVS,Violence/V_589.mp4,ed491b5d7fe79283952f3640b2c7ef12597f6f5494bb78e4ec871c8bfc81fbd9,0.7,5,34,1,4,40,1.600000,0.947055686
lstm_augmented_grouped,RLVS,Violence/V_589.mp4,ed491b5d7fe79283952f3640b2c7ef12597f6f5494bb78e4ec871c8bfc81fbd9,0.7,7,34,1,6,50,2.000000,0.912884687
gru_original_grouped,RLVS,Violence/V_589.mp4,ed491b5d7fe79283952f3640b2c7ef12597f6f5494bb78e4ec871c8bfc81fbd9,0.65,5,34,1,4,40,1.600000,0.946803498
gru_augmented_grouped,RLVS,Violence/V_589.mp4,ed491b5d7fe79283952f3640b2c7ef12597f6f5494bb78e4ec871c8bfc81fbd9,0.65,10,34,1,9,65,2.600000,0.949692422
lstm_original_grouped,RWF-2000,train/Fight/rwf_train_fight_0493.avi,4a1836aad7ff25cdcef8be147fce519303a3413c937a6706ecb0a13418c14847,0.7,5,27,1,17,105,4.200000,0.717221880
lstm_augmented_grouped,RWF-2000,train/Fight/rwf_train_fight_0493.avi,4a1836aad7ff25cdcef8be147fce519303a3413c937a6706ecb0a13418c14847,0.7,7,27,1,18,110,4.400000,0.710804428
gru_original_grouped,RWF-2000,train/Fight/rwf_train_fight_0493.avi,4a1836aad7ff25cdcef8be147fce519303a3413c937a6706ecb0a13418c14847,0.65,5,27,1,14,90,3.600000,0.658334076
gru_augmented_grouped,RWF-2000,train/Fight/rwf_train_fight_0493.avi,4a1836aad7ff25cdcef8be147fce519303a3413c937a6706ecb0a13418c14847,0.65,10,27,1,17,105,4.200000,0.651456219
lstm_original_grouped,RLVS,Violence/V_835.mp4,140d11f10bd56bcf111cc7565e12fe966d7cc1483f3fff2d58cfdb1e13839473,0.7,5,27,1,4,40,1.600000,0.815899217
lstm_augmented_grouped,RLVS,Violence/V_835.mp4,140d11f10bd56bcf111cc7565e12fe966d7cc1483f3fff2d58cfdb1e13839473,0.7,7,27,1,6,50,2.000000,0.911282659
gru_original_grouped,RLVS,Violence/V_835.mp4,140d11f10bd56bcf111cc7565e12fe966d7cc1483f3fff2d58cfdb1e13839473,0.65,5,27,1,4,40,1.600000,0.786400390
gru_augmented_grouped,RLVS,Violence/V_835.mp4,140d11f10bd56bcf111cc7565e12fe966d7cc1483f3fff2d58cfdb1e13839473,0.65,10,27,1,9,65,2.600000,0.810570914
lstm_original_grouped,RLVS,Violence/V_843.mp4,09d08c07d1c546a33f9b00b31b801c8c818277b2b899dad0a2879d17d0163487,0.7,5,27,1,4,40,1.600000,0.959456396
lstm_augmented_grouped,RLVS,Violence/V_843.mp4,09d08c07d1c546a33f9b00b31b801c8c818277b2b899dad0a2879d17d0163487,0.7,7,27,1,6,50,2.000000,0.974828337
gru_original_grouped,RLVS,Violence/V_843.mp4,09d08c07d1c546a33f9b00b31b801c8c818277b2b899dad0a2879d17d0163487,0.65,5,27,1,4,40,1.600000,0.926723766
gru_augmented_grouped,RLVS,Violence/V_843.mp4,09d08c07d1c546a33f9b00b31b801c8c818277b2b899dad0a2879d17d0163487,0.65,10,27,1,9,65,2.600000,0.938381416
lstm_original_grouped,RWF-2000,train/Fight/rwf_train_fight_0640.avi,692d57d922528a617108ea1802ffbd3fb7b497e1204750f95028257425759543,0.7,5,27,1,4,40,1.600000,0.703504276
lstm_augmented_grouped,RWF-2000,train/Fight/rwf_train_fight_0640.avi,692d57d922528a617108ea1802ffbd3fb7b497e1204750f95028257425759543,0.7,7,27,1,9,65,2.600000,0.715788211
gru_original_grouped,RWF-2000,train/Fight/rwf_train_fight_0640.avi,692d57d922528a617108ea1802ffbd3fb7b497e1204750f95028257425759543,0.65,5,27,0,,,,
gru_augmented_grouped,RWF-2000,train/Fight/rwf_train_fight_0640.avi,692d57d922528a617108ea1802ffbd3fb7b497e1204750f95028257425759543,0.65,10,27,0,,,,
lstm_original_grouped,RLVS,Violence/V_907.mp4,81fa0cf1390063bb6beca84b5fae44f7629f7e76465d126eaa8edd3418bc86a5,0.7,5,29,1,4,40,1.600000,0.993499887
lstm_augmented_grouped,RLVS,Violence/V_907.mp4,81fa0cf1390063bb6beca84b5fae44f7629f7e76465d126eaa8edd3418bc86a5,0.7,7,29,1,6,50,2.000000,0.991506134
gru_original_grouped,RLVS,Violence/V_907.mp4,81fa0cf1390063bb6beca84b5fae44f7629f7e76465d126eaa8edd3418bc86a5,0.65,5,29,1,4,40,1.600000,0.998161149
gru_augmented_grouped,RLVS,Violence/V_907.mp4,81fa0cf1390063bb6beca84b5fae44f7629f7e76465d126eaa8edd3418bc86a5,0.65,10,29,1,9,65,2.600000,0.994909573
lstm_original_grouped,RLVS,Violence/V_250.mp4,4ab15241f4dcf92878465c13113a55fca995a08b0229129dc7c4b8db85dc748b,0.7,5,18,1,4,40,1.600000,0.977424443
lstm_augmented_grouped,RLVS,Violence/V_250.mp4,4ab15241f4dcf92878465c13113a55fca995a08b0229129dc7c4b8db85dc748b,0.7,7,18,1,6,50,2.000000,0.949167073
gru_original_grouped,RLVS,Violence/V_250.mp4,4ab15241f4dcf92878465c13113a55fca995a08b0229129dc7c4b8db85dc748b,0.65,5,18,1,4,40,1.600000,0.954529774
gru_augmented_grouped,RLVS,Violence/V_250.mp4,4ab15241f4dcf92878465c13113a55fca995a08b0229129dc7c4b8db85dc748b,0.65,10,18,1,9,65,2.600000,0.940553594
lstm_original_grouped,RWF-2000,val/Fight/rwf_val_fight_0154.avi,1fd3140119ce4d66e468f6a2312fea07038259646e0e0aa5fa2952b1eb9eede3,0.7,5,27,1,11,75,3.000000,0.709076226
lstm_augmented_grouped,RWF-2000,val/Fight/rwf_val_fight_0154.avi,1fd3140119ce4d66e468f6a2312fea07038259646e0e0aa5fa2952b1eb9eede3,0.7,7,27,1,10,70,2.800000,0.704631635
gru_original_grouped,RWF-2000,val/Fight/rwf_val_fight_0154.avi,1fd3140119ce4d66e468f6a2312fea07038259646e0e0aa5fa2952b1eb9eede3,0.65,5,27,1,11,75,3.000000,0.694713044
gru_augmented_grouped,RWF-2000,val/Fight/rwf_val_fight_0154.avi,1fd3140119ce4d66e468f6a2312fea07038259646e0e0aa5fa2952b1eb9eede3,0.65,10,27,1,13,85,3.400000,0.694088853
lstm_original_grouped,RLVS,Violence/V_740.mp4,0226e8a316271a039f4947e5e3486bb17c1092979620c8e7a4fb5078b776ca3d,0.7,5,20,1,4,40,1.600000,0.981956112
lstm_augmented_grouped,RLVS,Violence/V_740.mp4,0226e8a316271a039f4947e5e3486bb17c1092979620c8e7a4fb5078b776ca3d,0.7,7,20,1,6,50,2.000000,0.920364729
gru_original_grouped,RLVS,Violence/V_740.mp4,0226e8a316271a039f4947e5e3486bb17c1092979620c8e7a4fb5078b776ca3d,0.65,5,20,1,4,40,1.600000,0.758103299
gru_augmented_grouped,RLVS,Violence/V_740.mp4,0226e8a316271a039f4947e5e3486bb17c1092979620c8e7a4fb5078b776ca3d,0.65,10,20,1,9,65,2.600000,0.961626840
lstm_original_grouped,RLVS,Violence/V_546.mp4,49c02f379d76f922cd1c68a72249f250b7d318113b6360b11adc245811741d9d,0.7,5,34,1,6,50,2.000000,0.789455676
lstm_augmented_grouped,RLVS,Violence/V_546.mp4,49c02f379d76f922cd1c68a72249f250b7d318113b6360b11adc245811741d9d,0.7,7,34,1,9,65,2.600000,0.703217898
gru_original_grouped,RLVS,Violence/V_546.mp4,49c02f379d76f922cd1c68a72249f250b7d318113b6360b11adc245811741d9d,0.65,5,34,1,5,45,1.800000,0.724400836
gru_augmented_grouped,RLVS,Violence/V_546.mp4,49c02f379d76f922cd1c68a72249f250b7d318113b6360b11adc245811741d9d,0.65,10,34,1,9,65,2.600000,0.653059220
lstm_original_grouped,RLVS,Violence/V_377.mp4,79a2b732a9096b068b11cf30b7eb5eb42424c612e348a4dad5d8ffb1789ccffa,0.7,5,53,1,44,240,9.600000,0.735393798
lstm_augmented_grouped,RLVS,Violence/V_377.mp4,79a2b732a9096b068b11cf30b7eb5eb42424c612e348a4dad5d8ffb1789ccffa,0.7,7,53,1,45,245,9.800000,0.790782379
gru_original_grouped,RLVS,Violence/V_377.mp4,79a2b732a9096b068b11cf30b7eb5eb42424c612e348a4dad5d8ffb1789ccffa,0.65,5,53,1,43,235,9.400000,0.745726287
gru_augmented_grouped,RLVS,Violence/V_377.mp4,79a2b732a9096b068b11cf30b7eb5eb42424c612e348a4dad5d8ffb1789ccffa,0.65,10,53,1,45,245,9.800000,0.662578924
lstm_original_grouped,RWF-2000,train/Fight/rwf_train_fight_0038.avi,b3724ba45395996a6f28f1db929468a44b9f447b293e12c75e3d9ac964657747,0.7,5,27,1,4,40,1.600000,0.849891007
lstm_augmented_grouped,RWF-2000,train/Fight/rwf_train_fight_0038.avi,b3724ba45395996a6f28f1db929468a44b9f447b293e12c75e3d9ac964657747,0.7,7,27,1,25,145,5.800000,0.709103908
gru_original_grouped,RWF-2000,train/Fight/rwf_train_fight_0038.avi,b3724ba45395996a6f28f1db929468a44b9f447b293e12c75e3d9ac964657747,0.65,5,27,1,8,60,2.400000,0.652163970
gru_augmented_grouped,RWF-2000,train/Fight/rwf_train_fight_0038.avi,b3724ba45395996a6f28f1db929468a44b9f447b293e12c75e3d9ac964657747,0.65,10,27,0,,,,
lstm_original_grouped,RWF-2000,train/Fight/rwf_train_fight_0569.avi,6abcecb3280c9d40a1308a1be12e441c7155073e09bb74098a8a19e61acd0000,0.7,5,27,1,4,40,1.600000,0.935301447
lstm_augmented_grouped,RWF-2000,train/Fight/rwf_train_fight_0569.avi,6abcecb3280c9d40a1308a1be12e441c7155073e09bb74098a8a19e61acd0000,0.7,7,27,1,6,50,2.000000,0.966304745
gru_original_grouped,RWF-2000,train/Fight/rwf_train_fight_0569.avi,6abcecb3280c9d40a1308a1be12e441c7155073e09bb74098a8a19e61acd0000,0.65,5,27,1,4,40,1.600000,0.757503414
gru_augmented_grouped,RWF-2000,train/Fight/rwf_train_fight_0569.avi,6abcecb3280c9d40a1308a1be12e441c7155073e09bb74098a8a19e61acd0000,0.65,10,27,1,9,65,2.600000,0.670525470
lstm_original_grouped,RWF-2000,train/Fight/rwf_train_fight_0085.avi,f26a0ad92d41f2b3f69f9c46ec96fe1ba95963599e2576ce4324b6e71d01a369,0.7,5,27,1,4,40,1.600000,0.842978108
lstm_augmented_grouped,RWF-2000,train/Fight/rwf_train_fight_0085.avi,f26a0ad92d41f2b3f69f9c46ec96fe1ba95963599e2576ce4324b6e71d01a369,0.7,7,27,1,25,145,5.800000,0.704000047
gru_original_grouped,RWF-2000,train/Fight/rwf_train_fight_0085.avi,f26a0ad92d41f2b3f69f9c46ec96fe1ba95963599e2576ce4324b6e71d01a369,0.65,5,27,1,4,40,1.600000,0.850270998
gru_augmented_grouped,RWF-2000,train/Fight/rwf_train_fight_0085.avi,f26a0ad92d41f2b3f69f9c46ec96fe1ba95963599e2576ce4324b6e71d01a369,0.65,10,27,1,22,130,5.200000,0.662205315
lstm_original_grouped,RLVS,Violence/V_357.mp4,e556b6b94446b3d1f69db36e39ae4189709da6c291ed52eb646765bbae762366,0.7,5,27,1,4,40,1.600000,0.993528378
lstm_augmented_grouped,RLVS,Violence/V_357.mp4,e556b6b94446b3d1f69db36e39ae4189709da6c291ed52eb646765bbae762366,0.7,7,27,1,6,50,2.000000,0.991192911
gru_original_grouped,RLVS,Violence/V_357.mp4,e556b6b94446b3d1f69db36e39ae4189709da6c291ed52eb646765bbae762366,0.65,5,27,1,4,40,1.600000,0.996056247
gru_augmented_grouped,RLVS,Violence/V_357.mp4,e556b6b94446b3d1f69db36e39ae4189709da6c291ed52eb646765bbae762366,0.65,10,27,1,9,65,2.600000,0.992953014
lstm_original_grouped,RLVS,Violence/V_103.mp4,f9affb7ff646c66ee54ce5584d90c44f2255758c1e4ca5ba81748995f00ffab3,0.7,5,27,1,4,40,1.600000,0.993170357
lstm_augmented_grouped,RLVS,Violence/V_103.mp4,f9affb7ff646c66ee54ce5584d90c44f2255758c1e4ca5ba81748995f00ffab3,0.7,7,27,1,6,50,2.000000,0.986010620
gru_original_grouped,RLVS,Violence/V_103.mp4,f9affb7ff646c66ee54ce5584d90c44f2255758c1e4ca5ba81748995f00ffab3,0.65,5,27,1,4,40,1.600000,0.992021084
gru_augmented_grouped,RLVS,Violence/V_103.mp4,f9affb7ff646c66ee54ce5584d90c44f2255758c1e4ca5ba81748995f00ffab3,0.65,10,27,1,9,65,2.600000,0.985615063
lstm_original_grouped,RWF-2000,train/Fight/rwf_train_fight_0476.avi,00921e9d4deee0d5a304ab6b48df00b4b709150f0245600956d49f7645a745c4,0.7,5,27,1,4,40,1.600000,0.985880446
lstm_augmented_grouped,RWF-2000,train/Fight/rwf_train_fight_0476.avi,00921e9d4deee0d5a304ab6b48df00b4b709150f0245600956d49f7645a745c4,0.7,7,27,1,6,50,2.000000,0.983379705
gru_original_grouped,RWF-2000,train/Fight/rwf_train_fight_0476.avi,00921e9d4deee0d5a304ab6b48df00b4b709150f0245600956d49f7645a745c4,0.65,5,27,1,4,40,1.600000,0.968651855
gru_augmented_grouped,RWF-2000,train/Fight/rwf_train_fight_0476.avi,00921e9d4deee0d5a304ab6b48df00b4b709150f0245600956d49f7645a745c4,0.65,10,27,1,9,65,2.600000,0.957835537
lstm_original_grouped,RLVS,Violence/V_968.mp4,f33d601196aa510c83fd87c764b397ff1e4839f87de8af3c25ee501a893ed8ba,0.7,5,27,1,4,40,1.600000,0.978530383
lstm_augmented_grouped,RLVS,Violence/V_968.mp4,f33d601196aa510c83fd87c764b397ff1e4839f87de8af3c25ee501a893ed8ba,0.7,7,27,1,6,50,2.000000,0.976883369
gru_original_grouped,RLVS,Violence/V_968.mp4,f33d601196aa510c83fd87c764b397ff1e4839f87de8af3c25ee501a893ed8ba,0.65,5,27,1,4,40,1.600000,0.985735047
gru_augmented_grouped,RLVS,Violence/V_968.mp4,f33d601196aa510c83fd87c764b397ff1e4839f87de8af3c25ee501a893ed8ba,0.65,10,27,1,9,65,2.600000,0.971549672
lstm_original_grouped,RWF-2000,train/Fight/rwf_train_fight_0449.avi,ba4ee80c843dad1dce79d58a775ef08d844e17d62b08b02cabf3ac9513e95622,0.7,5,27,0,,,,
lstm_augmented_grouped,RWF-2000,train/Fight/rwf_train_fight_0449.avi,ba4ee80c843dad1dce79d58a775ef08d844e17d62b08b02cabf3ac9513e95622,0.7,7,27,0,,,,
gru_original_grouped,RWF-2000,train/Fight/rwf_train_fight_0449.avi,ba4ee80c843dad1dce79d58a775ef08d844e17d62b08b02cabf3ac9513e95622,0.65,5,27,0,,,,
gru_augmented_grouped,RWF-2000,train/Fight/rwf_train_fight_0449.avi,ba4ee80c843dad1dce79d58a775ef08d844e17d62b08b02cabf3ac9513e95622,0.65,10,27,0,,,,
lstm_original_grouped,RLVS,Violence/V_196.mp4,ac51a84388a734d7723a108fd106057da8025f0144d0efc25a1562849ca02ceb,0.7,5,24,1,4,40,1.600000,0.987078702
lstm_augmented_grouped,RLVS,Violence/V_196.mp4,ac51a84388a734d7723a108fd106057da8025f0144d0efc25a1562849ca02ceb,0.7,7,24,1,6,50,2.000000,0.982764508
gru_original_grouped,RLVS,Violence/V_196.mp4,ac51a84388a734d7723a108fd106057da8025f0144d0efc25a1562849ca02ceb,0.65,5,24,1,4,40,1.600000,0.995016968
gru_augmented_grouped,RLVS,Violence/V_196.mp4,ac51a84388a734d7723a108fd106057da8025f0144d0efc25a1562849ca02ceb,0.65,10,24,1,9,65,2.600000,0.981849688
lstm_original_grouped,RWF-2000,train/Fight/rwf_train_fight_0439.avi,cb7473dd35fb1c03b50b09d7b8ffd523c9a6a9aa05a806c586e418d6b6d81f46,0.7,5,27,1,4,40,1.600000,0.890376961
lstm_augmented_grouped,RWF-2000,train/Fight/rwf_train_fight_0439.avi,cb7473dd35fb1c03b50b09d7b8ffd523c9a6a9aa05a806c586e418d6b6d81f46,0.7,7,27,1,6,50,2.000000,0.865828523
gru_original_grouped,RWF-2000,train/Fight/rwf_train_fight_0439.avi,cb7473dd35fb1c03b50b09d7b8ffd523c9a6a9aa05a806c586e418d6b6d81f46,0.65,5,27,1,4,40,1.600000,0.871089053
gru_augmented_grouped,RWF-2000,train/Fight/rwf_train_fight_0439.avi,cb7473dd35fb1c03b50b09d7b8ffd523c9a6a9aa05a806c586e418d6b6d81f46,0.65,10,27,1,9,65,2.600000,0.760925376
lstm_original_grouped,RLVS,Violence/V_420.mp4,6bb413293106d02ba6d66255ba91bd7ff345b5271b2cf08f00973439e7b73153,0.7,5,24,1,4,40,1.600000,0.958434141
lstm_augmented_grouped,RLVS,Violence/V_420.mp4,6bb413293106d02ba6d66255ba91bd7ff345b5271b2cf08f00973439e7b73153,0.7,7,24,1,6,50,2.000000,0.890883556
gru_original_grouped,RLVS,Violence/V_420.mp4,6bb413293106d02ba6d66255ba91bd7ff345b5271b2cf08f00973439e7b73153,0.65,5,24,1,4,40,1.600000,0.785975480
gru_augmented_grouped,RLVS,Violence/V_420.mp4,6bb413293106d02ba6d66255ba91bd7ff345b5271b2cf08f00973439e7b73153,0.65,10,24,1,9,65,2.600000,0.841245735
lstm_original_grouped,RLVS,Violence/V_175.mp4,c1a6bd7cbfacee52a0e8bc3a8710f0ada5a599be9cbbb78bedb57ac692fd44b7,0.7,5,21,1,4,40,1.600000,0.994029582
lstm_augmented_grouped,RLVS,Violence/V_175.mp4,c1a6bd7cbfacee52a0e8bc3a8710f0ada5a599be9cbbb78bedb57ac692fd44b7,0.7,7,21,1,6,50,2.000000,0.991060615
gru_original_grouped,RLVS,Violence/V_175.mp4,c1a6bd7cbfacee52a0e8bc3a8710f0ada5a599be9cbbb78bedb57ac692fd44b7,0.65,5,21,1,4,40,1.600000,0.995720267
gru_augmented_grouped,RLVS,Violence/V_175.mp4,c1a6bd7cbfacee52a0e8bc3a8710f0ada5a599be9cbbb78bedb57ac692fd44b7,0.65,10,21,1,9,65,2.600000,0.990785116
lstm_original_grouped,RLVS,Violence/V_190.mp4,96980de42112b2cda5edf663f78b427a871bf41ee56b490a63c3689218c180c0,0.7,5,34,1,4,40,1.600000,0.980452597
lstm_augmented_grouped,RLVS,Violence/V_190.mp4,96980de42112b2cda5edf663f78b427a871bf41ee56b490a63c3689218c180c0,0.7,7,34,1,6,50,2.000000,0.977355020
gru_original_grouped,RLVS,Violence/V_190.mp4,96980de42112b2cda5edf663f78b427a871bf41ee56b490a63c3689218c180c0,0.65,5,34,1,4,40,1.600000,0.983769751
gru_augmented_grouped,RLVS,Violence/V_190.mp4,96980de42112b2cda5edf663f78b427a871bf41ee56b490a63c3689218c180c0,0.65,10,34,1,9,65,2.600000,0.986356562
lstm_original_grouped,RWF-2000,val/Fight/rwf_val_fight_0147.avi,e78692a8d11ec8d845e64a49d7129433f814eeed990497994ff60fe9f3fb5f5f,0.7,5,27,1,4,40,1.600000,0.987696612
lstm_augmented_grouped,RWF-2000,val/Fight/rwf_val_fight_0147.avi,e78692a8d11ec8d845e64a49d7129433f814eeed990497994ff60fe9f3fb5f5f,0.7,7,27,1,6,50,2.000000,0.978553951
gru_original_grouped,RWF-2000,val/Fight/rwf_val_fight_0147.avi,e78692a8d11ec8d845e64a49d7129433f814eeed990497994ff60fe9f3fb5f5f,0.65,5,27,1,4,40,1.600000,0.959764862
gru_augmented_grouped,RWF-2000,val/Fight/rwf_val_fight_0147.avi,e78692a8d11ec8d845e64a49d7129433f814eeed990497994ff60fe9f3fb5f5f,0.65,10,27,1,9,65,2.600000,0.938759977
lstm_original_grouped,RLVS,Violence/V_325.mp4,956aef7d90d275261ffa132ea8f24701f4e7f1dcdb84313b46345f645e925552,0.7,5,30,1,4,40,1.600000,0.984488916
lstm_augmented_grouped,RLVS,Violence/V_325.mp4,956aef7d90d275261ffa132ea8f24701f4e7f1dcdb84313b46345f645e925552,0.7,7,30,1,6,50,2.000000,0.980521909
gru_original_grouped,RLVS,Violence/V_325.mp4,956aef7d90d275261ffa132ea8f24701f4e7f1dcdb84313b46345f645e925552,0.65,5,30,1,4,40,1.600000,0.961238670
gru_augmented_grouped,RLVS,Violence/V_325.mp4,956aef7d90d275261ffa132ea8f24701f4e7f1dcdb84313b46345f645e925552,0.65,10,30,1,9,65,2.600000,0.984997141
lstm_original_grouped,RLVS,Violence/V_630.mp4,0bba64d8b8feb24a94830e95013cb9fb5c82c3b7ac4ceb7b4feb1baeff37813a,0.7,5,27,1,4,40,1.600000,0.995118296
lstm_augmented_grouped,RLVS,Violence/V_630.mp4,0bba64d8b8feb24a94830e95013cb9fb5c82c3b7ac4ceb7b4feb1baeff37813a,0.7,7,27,1,6,50,2.000000,0.991116856
gru_original_grouped,RLVS,Violence/V_630.mp4,0bba64d8b8feb24a94830e95013cb9fb5c82c3b7ac4ceb7b4feb1baeff37813a,0.65,5,27,1,4,40,1.600000,0.998849034
gru_augmented_grouped,RLVS,Violence/V_630.mp4,0bba64d8b8feb24a94830e95013cb9fb5c82c3b7ac4ceb7b4feb1baeff37813a,0.65,10,27,1,9,65,2.600000,0.998468918
lstm_original_grouped,RWF-2000,train/Fight/rwf_train_fight_0214.avi,1762cb0f8fa7cb4b26717b356532d0e1ba2f5252836e2b951413cf3fbbfa49ab,0.7,5,27,1,4,40,1.600000,0.955660164
lstm_augmented_grouped,RWF-2000,train/Fight/rwf_train_fight_0214.avi,1762cb0f8fa7cb4b26717b356532d0e1ba2f5252836e2b951413cf3fbbfa49ab,0.7,7,27,1,6,50,2.000000,0.960574908
gru_original_grouped,RWF-2000,train/Fight/rwf_train_fight_0214.avi,1762cb0f8fa7cb4b26717b356532d0e1ba2f5252836e2b951413cf3fbbfa49ab,0.65,5,27,1,4,40,1.600000,0.922371173
gru_augmented_grouped,RWF-2000,train/Fight/rwf_train_fight_0214.avi,1762cb0f8fa7cb4b26717b356532d0e1ba2f5252836e2b951413cf3fbbfa49ab,0.65,10,27,1,9,65,2.600000,0.828722370
lstm_original_grouped,RLVS,Violence/V_122.mp4,0a7691a7a314056eb961cac5114c85f8a9d735d3034e9a05ed35945c720fc67d,0.7,5,27,1,4,40,1.600000,0.993462682
lstm_augmented_grouped,RLVS,Violence/V_122.mp4,0a7691a7a314056eb961cac5114c85f8a9d735d3034e9a05ed35945c720fc67d,0.7,7,27,1,6,50,2.000000,0.978007947
gru_original_grouped,RLVS,Violence/V_122.mp4,0a7691a7a314056eb961cac5114c85f8a9d735d3034e9a05ed35945c720fc67d,0.65,5,27,1,4,40,1.600000,0.955632412
gru_augmented_grouped,RLVS,Violence/V_122.mp4,0a7691a7a314056eb961cac5114c85f8a9d735d3034e9a05ed35945c720fc67d,0.65,10,27,1,9,65,2.600000,0.955251330
lstm_original_grouped,RWF-2000,train/Fight/rwf_train_fight_0603.avi,4141bf0166f9efacdd8c6074923ec1c79923c91d22a83d3413eaf0432df3bfb6,0.7,5,27,1,4,40,1.600000,0.967328262
lstm_augmented_grouped,RWF-2000,train/Fight/rwf_train_fight_0603.avi,4141bf0166f9efacdd8c6074923ec1c79923c91d22a83d3413eaf0432df3bfb6,0.7,7,27,1,6,50,2.000000,0.962071759
gru_original_grouped,RWF-2000,train/Fight/rwf_train_fight_0603.avi,4141bf0166f9efacdd8c6074923ec1c79923c91d22a83d3413eaf0432df3bfb6,0.65,5,27,1,4,40,1.600000,0.930134165
gru_augmented_grouped,RWF-2000,train/Fight/rwf_train_fight_0603.avi,4141bf0166f9efacdd8c6074923ec1c79923c91d22a83d3413eaf0432df3bfb6,0.65,10,27,1,9,65,2.600000,0.901734906
lstm_original_grouped,RLVS,Violence/V_683.mp4,09c262a6c9a48b6d6b9014c54f80bb94403b1fbe9b0fd301fa4fcb1afadf1ff5,0.7,5,22,1,12,80,3.200000,0.760981739
lstm_augmented_grouped,RLVS,Violence/V_683.mp4,09c262a6c9a48b6d6b9014c54f80bb94403b1fbe9b0fd301fa4fcb1afadf1ff5,0.7,7,22,1,14,90,3.600000,0.725385470
gru_original_grouped,RLVS,Violence/V_683.mp4,09c262a6c9a48b6d6b9014c54f80bb94403b1fbe9b0fd301fa4fcb1afadf1ff5,0.65,5,22,1,13,85,3.400000,0.784320515
gru_augmented_grouped,RLVS,Violence/V_683.mp4,09c262a6c9a48b6d6b9014c54f80bb94403b1fbe9b0fd301fa4fcb1afadf1ff5,0.65,10,22,1,14,90,3.600000,0.657394835
lstm_original_grouped,RLVS,Violence/V_423.mp4,4c7069cb246186f98b6eeaf61bf144a08ad5b9836b546547613ee48761dd9ef0,0.7,5,23,1,4,40,1.600000,0.969785035
lstm_augmented_grouped,RLVS,Violence/V_423.mp4,4c7069cb246186f98b6eeaf61bf144a08ad5b9836b546547613ee48761dd9ef0,0.7,7,23,1,6,50,2.000000,0.934556314
gru_original_grouped,RLVS,Violence/V_423.mp4,4c7069cb246186f98b6eeaf61bf144a08ad5b9836b546547613ee48761dd9ef0,0.65,5,23,1,4,40,1.600000,0.908394480
gru_augmented_grouped,RLVS,Violence/V_423.mp4,4c7069cb246186f98b6eeaf61bf144a08ad5b9836b546547613ee48761dd9ef0,0.65,10,23,1,9,65,2.600000,0.908401018
lstm_original_grouped,RWF-2000,val/Fight/rwf_val_fight_0065.avi,5a0150b56bf4c40489d1a655bd39104dba1b58748971ea9164fe42c894888f08,0.7,5,27,1,4,40,1.600000,0.929242551
lstm_augmented_grouped,RWF-2000,val/Fight/rwf_val_fight_0065.avi,5a0150b56bf4c40489d1a655bd39104dba1b58748971ea9164fe42c894888f08,0.7,7,27,1,6,50,2.000000,0.898565667
gru_original_grouped,RWF-2000,val/Fight/rwf_val_fight_0065.avi,5a0150b56bf4c40489d1a655bd39104dba1b58748971ea9164fe42c894888f08,0.65,5,27,1,4,40,1.600000,0.727435005
gru_augmented_grouped,RWF-2000,val/Fight/rwf_val_fight_0065.avi,5a0150b56bf4c40489d1a655bd39104dba1b58748971ea9164fe42c894888f08,0.65,10,27,1,9,65,2.600000,0.668594146
lstm_original_grouped,RLVS,Violence/V_7.mp4,63d70f5143828b53b40364ad5d72014a956f50a437ff43abaa40e4aea94324d1,0.7,5,11,1,4,40,1.600000,0.947554457
lstm_augmented_grouped,RLVS,Violence/V_7.mp4,63d70f5143828b53b40364ad5d72014a956f50a437ff43abaa40e4aea94324d1,0.7,7,11,1,6,50,2.000000,0.951551242
gru_original_grouped,RLVS,Violence/V_7.mp4,63d70f5143828b53b40364ad5d72014a956f50a437ff43abaa40e4aea94324d1,0.65,5,11,1,4,40,1.600000,0.852500117
gru_augmented_grouped,RLVS,Violence/V_7.mp4,63d70f5143828b53b40364ad5d72014a956f50a437ff43abaa40e4aea94324d1,0.65,10,11,1,9,65,2.600000,0.765298918
lstm_original_grouped,RLVS,Violence/V_924.mp4,29d3fd22c4164adc1771d38dc47fcea678b0e6a246dd3d2193f8d661f168dcc3,0.7,5,25,1,4,40,1.600000,0.995508790
lstm_augmented_grouped,RLVS,Violence/V_924.mp4,29d3fd22c4164adc1771d38dc47fcea678b0e6a246dd3d2193f8d661f168dcc3,0.7,7,25,1,6,50,2.000000,0.994182561
gru_original_grouped,RLVS,Violence/V_924.mp4,29d3fd22c4164adc1771d38dc47fcea678b0e6a246dd3d2193f8d661f168dcc3,0.65,5,25,1,4,40,1.600000,0.995613194
gru_augmented_grouped,RLVS,Violence/V_924.mp4,29d3fd22c4164adc1771d38dc47fcea678b0e6a246dd3d2193f8d661f168dcc3,0.65,10,25,1,9,65,2.600000,0.996095830
lstm_original_grouped,RLVS,Violence/V_249.mp4,d9f81c8b5c774982eab82afa76ee0464d6c75bd3c165367d1558568daeb54e13,0.7,5,18,1,4,40,1.600000,0.994573188
lstm_augmented_grouped,RLVS,Violence/V_249.mp4,d9f81c8b5c774982eab82afa76ee0464d6c75bd3c165367d1558568daeb54e13,0.7,7,18,1,6,50,2.000000,0.994644846
gru_original_grouped,RLVS,Violence/V_249.mp4,d9f81c8b5c774982eab82afa76ee0464d6c75bd3c165367d1558568daeb54e13,0.65,5,18,1,4,40,1.600000,0.998599672
gru_augmented_grouped,RLVS,Violence/V_249.mp4,d9f81c8b5c774982eab82afa76ee0464d6c75bd3c165367d1558568daeb54e13,0.65,10,18,1,9,65,2.600000,0.996572262
lstm_original_grouped,RLVS,Violence/V_956.mp4,a16db8c89cf860b743d9e40402376beffc5d18a2da1bba3c027f281898735322,0.7,5,28,1,4,40,1.600000,0.986379886
lstm_augmented_grouped,RLVS,Violence/V_956.mp4,a16db8c89cf860b743d9e40402376beffc5d18a2da1bba3c027f281898735322,0.7,7,28,1,6,50,2.000000,0.964975766
gru_original_grouped,RLVS,Violence/V_956.mp4,a16db8c89cf860b743d9e40402376beffc5d18a2da1bba3c027f281898735322,0.65,5,28,1,4,40,1.600000,0.991379476
gru_augmented_grouped,RLVS,Violence/V_956.mp4,a16db8c89cf860b743d9e40402376beffc5d18a2da1bba3c027f281898735322,0.65,10,28,1,9,65,2.600000,0.990824711
lstm_original_grouped,RLVS,Violence/V_267.mp4,c18b8610d66cb1880c9f1391c07ea4c99b03b3428afc80ded633612dbfe02d9d,0.7,5,31,1,4,40,1.600000,0.963060236
lstm_augmented_grouped,RLVS,Violence/V_267.mp4,c18b8610d66cb1880c9f1391c07ea4c99b03b3428afc80ded633612dbfe02d9d,0.7,7,31,1,6,50,2.000000,0.912324974
gru_original_grouped,RLVS,Violence/V_267.mp4,c18b8610d66cb1880c9f1391c07ea4c99b03b3428afc80ded633612dbfe02d9d,0.65,5,31,1,4,40,1.600000,0.711936700
gru_augmented_grouped,RLVS,Violence/V_267.mp4,c18b8610d66cb1880c9f1391c07ea4c99b03b3428afc80ded633612dbfe02d9d,0.65,10,31,1,9,65,2.600000,0.731113699
lstm_original_grouped,RLVS,Violence/V_3.mp4,d83407671ab3d89c2369d4c24cc2551bd1f461f8c16eb2dded6fca6b52d7534b,0.7,5,31,1,7,55,2.200000,0.705843425
lstm_augmented_grouped,RLVS,Violence/V_3.mp4,d83407671ab3d89c2369d4c24cc2551bd1f461f8c16eb2dded6fca6b52d7534b,0.7,7,31,1,6,50,2.000000,0.846906645
gru_original_grouped,RLVS,Violence/V_3.mp4,d83407671ab3d89c2369d4c24cc2551bd1f461f8c16eb2dded6fca6b52d7534b,0.65,5,31,1,24,140,5.600000,0.723838711
gru_augmented_grouped,RLVS,Violence/V_3.mp4,d83407671ab3d89c2369d4c24cc2551bd1f461f8c16eb2dded6fca6b52d7534b,0.65,10,31,1,28,160,6.400000,0.683119142
lstm_original_grouped,RWF-2000,train/Fight/rwf_train_fight_0501.avi,2b10ef215a019f850eb3560cb6251351beeb7bded532f29462c9c39814d75cb7,0.7,5,27,1,4,40,1.600000,0.900573039
lstm_augmented_grouped,RWF-2000,train/Fight/rwf_train_fight_0501.avi,2b10ef215a019f850eb3560cb6251351beeb7bded532f29462c9c39814d75cb7,0.7,7,27,1,6,50,2.000000,0.867594855
gru_original_grouped,RWF-2000,train/Fight/rwf_train_fight_0501.avi,2b10ef215a019f850eb3560cb6251351beeb7bded532f29462c9c39814d75cb7,0.65,5,27,1,4,40,1.600000,0.851127112
gru_augmented_grouped,RWF-2000,train/Fight/rwf_train_fight_0501.avi,2b10ef215a019f850eb3560cb6251351beeb7bded532f29462c9c39814d75cb7,0.65,10,27,1,9,65,2.600000,0.705019623
lstm_original_grouped,RWF-2000,train/Fight/rwf_train_fight_0495.avi,1224b3a5e276b971acc5d6e553781f5445fe27778618fbdc4a2bf5bbe1cc07f5,0.7,5,27,1,11,75,3.000000,0.721280324
lstm_augmented_grouped,RWF-2000,train/Fight/rwf_train_fight_0495.avi,1224b3a5e276b971acc5d6e553781f5445fe27778618fbdc4a2bf5bbe1cc07f5,0.7,7,27,1,10,70,2.800000,0.725351257
gru_original_grouped,RWF-2000,train/Fight/rwf_train_fight_0495.avi,1224b3a5e276b971acc5d6e553781f5445fe27778618fbdc4a2bf5bbe1cc07f5,0.65,5,27,1,10,70,2.800000,0.678630042
gru_augmented_grouped,RWF-2000,train/Fight/rwf_train_fight_0495.avi,1224b3a5e276b971acc5d6e553781f5445fe27778618fbdc4a2bf5bbe1cc07f5,0.65,10,27,1,11,75,3.000000,0.666389477
lstm_original_grouped,RWF-2000,train/Fight/rwf_train_fight_0625.avi,60a7586f76ec7580e1b66eef0d4eacfaa1215a8034324abb02ff6f1c0670804e,0.7,5,27,0,,,,
lstm_augmented_grouped,RWF-2000,train/Fight/rwf_train_fight_0625.avi,60a7586f76ec7580e1b66eef0d4eacfaa1215a8034324abb02ff6f1c0670804e,0.7,7,27,1,11,75,3.000000,0.703967103
gru_original_grouped,RWF-2000,train/Fight/rwf_train_fight_0625.avi,60a7586f76ec7580e1b66eef0d4eacfaa1215a8034324abb02ff6f1c0670804e,0.65,5,27,0,,,,
gru_augmented_grouped,RWF-2000,train/Fight/rwf_train_fight_0625.avi,60a7586f76ec7580e1b66eef0d4eacfaa1215a8034324abb02ff6f1c0670804e,0.65,10,27,0,,,,
lstm_original_grouped,RWF-2000,train/Fight/rwf_train_fight_0488.avi,8a1e2f9e4bf5492f2a76f01bba608dc91508edbe81bcaeca4ec20fb066189205,0.7,5,27,1,6,50,2.000000,0.720377815
lstm_augmented_grouped,RWF-2000,train/Fight/rwf_train_fight_0488.avi,8a1e2f9e4bf5492f2a76f01bba608dc91508edbe81bcaeca4ec20fb066189205,0.7,7,27,1,6,50,2.000000,0.785666806
gru_original_grouped,RWF-2000,train/Fight/rwf_train_fight_0488.avi,8a1e2f9e4bf5492f2a76f01bba608dc91508edbe81bcaeca4ec20fb066189205,0.65,5,27,1,7,55,2.200000,0.694844365
gru_augmented_grouped,RWF-2000,train/Fight/rwf_train_fight_0488.avi,8a1e2f9e4bf5492f2a76f01bba608dc91508edbe81bcaeca4ec20fb066189205,0.65,10,27,1,9,65,2.600000,0.705317295
lstm_original_grouped,RLVS,Violence/V_222.mp4,401c305f1aa3bfb7f0769f62870e3f551dc702a9d0e89b3d09fd5004e3aca47d,0.7,5,27,1,4,40,1.600000,0.771740234
lstm_augmented_grouped,RLVS,Violence/V_222.mp4,401c305f1aa3bfb7f0769f62870e3f551dc702a9d0e89b3d09fd5004e3aca47d,0.7,7,27,1,6,50,2.000000,0.822257251
gru_original_grouped,RLVS,Violence/V_222.mp4,401c305f1aa3bfb7f0769f62870e3f551dc702a9d0e89b3d09fd5004e3aca47d,0.65,5,27,1,4,40,1.600000,0.783285850
gru_augmented_grouped,RLVS,Violence/V_222.mp4,401c305f1aa3bfb7f0769f62870e3f551dc702a9d0e89b3d09fd5004e3aca47d,0.65,10,27,1,9,65,2.600000,0.915222639
lstm_original_grouped,RLVS,Violence/V_45.mp4,88c21f5a7e8688b3f15521d4604fd4cf52ca6671d838d367d7f74c9d1f76b05f,0.7,5,16,1,4,40,1.600000,0.989998734
lstm_augmented_grouped,RLVS,Violence/V_45.mp4,88c21f5a7e8688b3f15521d4604fd4cf52ca6671d838d367d7f74c9d1f76b05f,0.7,7,16,1,6,50,2.000000,0.986375928
gru_original_grouped,RLVS,Violence/V_45.mp4,88c21f5a7e8688b3f15521d4604fd4cf52ca6671d838d367d7f74c9d1f76b05f,0.65,5,16,1,4,40,1.600000,0.993680775
gru_augmented_grouped,RLVS,Violence/V_45.mp4,88c21f5a7e8688b3f15521d4604fd4cf52ca6671d838d367d7f74c9d1f76b05f,0.65,10,16,1,9,65,2.600000,0.989945114
lstm_original_grouped,RLVS,Violence/V_334.mp4,901b57e6e93d7fa34a2650307ea54bf8a881905ef30f8a44d8adf028de6166c6,0.7,5,19,1,4,40,1.600000,0.975089407
lstm_augmented_grouped,RLVS,Violence/V_334.mp4,901b57e6e93d7fa34a2650307ea54bf8a881905ef30f8a44d8adf028de6166c6,0.7,7,19,1,6,50,2.000000,0.973121907
gru_original_grouped,RLVS,Violence/V_334.mp4,901b57e6e93d7fa34a2650307ea54bf8a881905ef30f8a44d8adf028de6166c6,0.65,5,19,1,4,40,1.600000,0.982892203
gru_augmented_grouped,RLVS,Violence/V_334.mp4,901b57e6e93d7fa34a2650307ea54bf8a881905ef30f8a44d8adf028de6166c6,0.65,10,19,1,9,65,2.600000,0.967737311
lstm_original_grouped,RLVS,Violence/V_295.mp4,96f5a4d2177fd35cd96da33a60495b490861602051fb02d2d1c13d9b8c990a68,0.7,5,28,1,4,40,1.600000,0.980903530
lstm_augmented_grouped,RLVS,Violence/V_295.mp4,96f5a4d2177fd35cd96da33a60495b490861602051fb02d2d1c13d9b8c990a68,0.7,7,28,1,6,50,2.000000,0.971473779
gru_original_grouped,RLVS,Violence/V_295.mp4,96f5a4d2177fd35cd96da33a60495b490861602051fb02d2d1c13d9b8c990a68,0.65,5,28,1,4,40,1.600000,0.977071607
gru_augmented_grouped,RLVS,Violence/V_295.mp4,96f5a4d2177fd35cd96da33a60495b490861602051fb02d2d1c13d9b8c990a68,0.65,10,28,1,9,65,2.600000,0.981695694
lstm_original_grouped,RWF-2000,train/Fight/rwf_train_fight_0055.avi,3e2ed1d727fdd3ba7f691c8661aea9062cb0ae5b9cf7c9b3b6453224da917e41,0.7,5,27,1,4,40,1.600000,0.923668432
lstm_augmented_grouped,RWF-2000,train/Fight/rwf_train_fight_0055.avi,3e2ed1d727fdd3ba7f691c8661aea9062cb0ae5b9cf7c9b3b6453224da917e41,0.7,7,27,1,6,50,2.000000,0.935994370
gru_original_grouped,RWF-2000,train/Fight/rwf_train_fight_0055.avi,3e2ed1d727fdd3ba7f691c8661aea9062cb0ae5b9cf7c9b3b6453224da917e41,0.65,5,27,1,4,40,1.600000,0.729467583
gru_augmented_grouped,RWF-2000,train/Fight/rwf_train_fight_0055.avi,3e2ed1d727fdd3ba7f691c8661aea9062cb0ae5b9cf7c9b3b6453224da917e41,0.65,10,27,0,,,,
lstm_original_grouped,RLVS,Violence/V_34.mp4,c431a95c4a3eaff9c0b51a4130f6fd647353c90b0b45242ad45e3a10b6e6d271,0.7,5,25,1,4,40,1.600000,0.974765658
lstm_augmented_grouped,RLVS,Violence/V_34.mp4,c431a95c4a3eaff9c0b51a4130f6fd647353c90b0b45242ad45e3a10b6e6d271,0.7,7,25,1,6,50,2.000000,0.962075285
gru_original_grouped,RLVS,Violence/V_34.mp4,c431a95c4a3eaff9c0b51a4130f6fd647353c90b0b45242ad45e3a10b6e6d271,0.65,5,25,1,4,40,1.600000,0.784577554
gru_augmented_grouped,RLVS,Violence/V_34.mp4,c431a95c4a3eaff9c0b51a4130f6fd647353c90b0b45242ad45e3a10b6e6d271,0.65,10,25,1,9,65,2.600000,0.933989763
lstm_original_grouped,RWF-2000,train/Fight/rwf_train_fight_0113.avi,fa7100bc301bedf1d0b241375abdd82e59e0d7943d365748d4c7181174c9573f,0.7,5,27,1,9,65,2.600000,0.704808474
lstm_augmented_grouped,RWF-2000,train/Fight/rwf_train_fight_0113.avi,fa7100bc301bedf1d0b241375abdd82e59e0d7943d365748d4c7181174c9573f,0.7,7,27,1,6,50,2.000000,0.721960374
gru_original_grouped,RWF-2000,train/Fight/rwf_train_fight_0113.avi,fa7100bc301bedf1d0b241375abdd82e59e0d7943d365748d4c7181174c9573f,0.65,5,27,1,9,65,2.600000,0.658320296
gru_augmented_grouped,RWF-2000,train/Fight/rwf_train_fight_0113.avi,fa7100bc301bedf1d0b241375abdd82e59e0d7943d365748d4c7181174c9573f,0.65,10,27,0,,,,
lstm_original_grouped,RWF-2000,train/Fight/rwf_train_fight_0292.avi,ae3d60098a74435030ef6672a019becec1bf9caefab6d671da2680ee7149461a,0.7,5,27,0,,,,
lstm_augmented_grouped,RWF-2000,train/Fight/rwf_train_fight_0292.avi,ae3d60098a74435030ef6672a019becec1bf9caefab6d671da2680ee7149461a,0.7,7,27,0,,,,
gru_original_grouped,RWF-2000,train/Fight/rwf_train_fight_0292.avi,ae3d60098a74435030ef6672a019becec1bf9caefab6d671da2680ee7149461a,0.65,5,27,1,10,70,2.800000,0.653566957
gru_augmented_grouped,RWF-2000,train/Fight/rwf_train_fight_0292.avi,ae3d60098a74435030ef6672a019becec1bf9caefab6d671da2680ee7149461a,0.65,10,27,1,9,65,2.600000,0.692774725
lstm_original_grouped,RLVS,Violence/V_164.mp4,ebd9d8071b1f1d41b2a701dd91f7359363c4830771f02de72d52c7a448e8ec8e,0.7,5,18,1,4,40,1.600000,0.991274607
lstm_augmented_grouped,RLVS,Violence/V_164.mp4,ebd9d8071b1f1d41b2a701dd91f7359363c4830771f02de72d52c7a448e8ec8e,0.7,7,18,1,6,50,2.000000,0.986479146
gru_original_grouped,RLVS,Violence/V_164.mp4,ebd9d8071b1f1d41b2a701dd91f7359363c4830771f02de72d52c7a448e8ec8e,0.65,5,18,1,4,40,1.600000,0.991179430
gru_augmented_grouped,RLVS,Violence/V_164.mp4,ebd9d8071b1f1d41b2a701dd91f7359363c4830771f02de72d52c7a448e8ec8e,0.65,10,18,1,9,65,2.600000,0.987091511
lstm_original_grouped,RLVS,Violence/V_462.mp4,4709f5972fe2025e57ae849beac647c7aa9e69bc891c6d2f557bf934502df4af,0.7,5,34,1,4,40,1.600000,0.887689888
lstm_augmented_grouped,RLVS,Violence/V_462.mp4,4709f5972fe2025e57ae849beac647c7aa9e69bc891c6d2f557bf934502df4af,0.7,7,34,1,6,50,2.000000,0.896872469
gru_original_grouped,RLVS,Violence/V_462.mp4,4709f5972fe2025e57ae849beac647c7aa9e69bc891c6d2f557bf934502df4af,0.65,5,34,1,4,40,1.600000,0.816056263
gru_augmented_grouped,RLVS,Violence/V_462.mp4,4709f5972fe2025e57ae849beac647c7aa9e69bc891c6d2f557bf934502df4af,0.65,10,34,1,9,65,2.600000,0.763581073
lstm_original_grouped,RWF-2000,val/Fight/rwf_val_fight_0110.avi,06c860dcfc461f74e9d48add2ab53947d500dc1cb1bce99b292478d8a4a959ae,0.7,5,27,1,4,40,1.600000,0.824312878
lstm_augmented_grouped,RWF-2000,val/Fight/rwf_val_fight_0110.avi,06c860dcfc461f74e9d48add2ab53947d500dc1cb1bce99b292478d8a4a959ae,0.7,7,27,1,9,65,2.600000,0.762142122
gru_original_grouped,RWF-2000,val/Fight/rwf_val_fight_0110.avi,06c860dcfc461f74e9d48add2ab53947d500dc1cb1bce99b292478d8a4a959ae,0.65,5,27,1,7,55,2.200000,0.661257464
gru_augmented_grouped,RWF-2000,val/Fight/rwf_val_fight_0110.avi,06c860dcfc461f74e9d48add2ab53947d500dc1cb1bce99b292478d8a4a959ae,0.65,10,27,0,,,,
lstm_original_grouped,RLVS,Violence/V_914.mp4,35563399e3dcd1160c5b11d664448f089eed11956deaeb598145dd045ca36e70,0.7,5,28,1,4,40,1.600000,0.989796853
lstm_augmented_grouped,RLVS,Violence/V_914.mp4,35563399e3dcd1160c5b11d664448f089eed11956deaeb598145dd045ca36e70,0.7,7,28,1,6,50,2.000000,0.982928983
gru_original_grouped,RLVS,Violence/V_914.mp4,35563399e3dcd1160c5b11d664448f089eed11956deaeb598145dd045ca36e70,0.65,5,28,1,4,40,1.600000,0.914185870
gru_augmented_grouped,RLVS,Violence/V_914.mp4,35563399e3dcd1160c5b11d664448f089eed11956deaeb598145dd045ca36e70,0.65,10,28,1,9,65,2.600000,0.958201098
lstm_original_grouped,RLVS,Violence/V_390.mp4,0a57bb38141ea27df868cff6a9d72aebf5faf2b0e25714ec650fdc477881b09e,0.7,5,27,1,4,40,1.600000,0.962690699
lstm_augmented_grouped,RLVS,Violence/V_390.mp4,0a57bb38141ea27df868cff6a9d72aebf5faf2b0e25714ec650fdc477881b09e,0.7,7,27,1,6,50,2.000000,0.929382886
gru_original_grouped,RLVS,Violence/V_390.mp4,0a57bb38141ea27df868cff6a9d72aebf5faf2b0e25714ec650fdc477881b09e,0.65,5,27,1,4,40,1.600000,0.962003863
gru_augmented_grouped,RLVS,Violence/V_390.mp4,0a57bb38141ea27df868cff6a9d72aebf5faf2b0e25714ec650fdc477881b09e,0.65,10,27,1,9,65,2.600000,0.989433020
lstm_original_grouped,RWF-2000,val/Fight/rwf_val_fight_0150.avi,79626bf77fab968d855f1e97cdd853cef163d32013eb0095f0f1da6461946009,0.7,5,27,1,4,40,1.600000,0.988244116
lstm_augmented_grouped,RWF-2000,val/Fight/rwf_val_fight_0150.avi,79626bf77fab968d855f1e97cdd853cef163d32013eb0095f0f1da6461946009,0.7,7,27,1,6,50,2.000000,0.981473088
gru_original_grouped,RWF-2000,val/Fight/rwf_val_fight_0150.avi,79626bf77fab968d855f1e97cdd853cef163d32013eb0095f0f1da6461946009,0.65,5,27,1,4,40,1.600000,0.973006451
gru_augmented_grouped,RWF-2000,val/Fight/rwf_val_fight_0150.avi,79626bf77fab968d855f1e97cdd853cef163d32013eb0095f0f1da6461946009,0.65,10,27,1,9,65,2.600000,0.939548475
lstm_original_grouped,RWF-2000,train/Fight/rwf_train_fight_0165.avi,02f86008985a7d9d0fa2c4b35263096fb836b5100636622702bca4389a9d37f8,0.7,5,27,1,4,40,1.600000,0.781256151
lstm_augmented_grouped,RWF-2000,train/Fight/rwf_train_fight_0165.avi,02f86008985a7d9d0fa2c4b35263096fb836b5100636622702bca4389a9d37f8,0.7,7,27,1,6,50,2.000000,0.899824781
gru_original_grouped,RWF-2000,train/Fight/rwf_train_fight_0165.avi,02f86008985a7d9d0fa2c4b35263096fb836b5100636622702bca4389a9d37f8,0.65,5,27,1,4,40,1.600000,0.879601359
gru_augmented_grouped,RWF-2000,train/Fight/rwf_train_fight_0165.avi,02f86008985a7d9d0fa2c4b35263096fb836b5100636622702bca4389a9d37f8,0.65,10,27,1,9,65,2.600000,0.866016889
lstm_original_grouped,RLVS,Violence/V_300.mp4,ffab78d3f292df85df067ab2d80367fddfef9e1b67af25d5bea7b927ea45c650,0.7,5,36,1,4,40,1.600000,0.988835680
lstm_augmented_grouped,RLVS,Violence/V_300.mp4,ffab78d3f292df85df067ab2d80367fddfef9e1b67af25d5bea7b927ea45c650,0.7,7,36,1,6,50,2.000000,0.982289468
gru_original_grouped,RLVS,Violence/V_300.mp4,ffab78d3f292df85df067ab2d80367fddfef9e1b67af25d5bea7b927ea45c650,0.65,5,36,1,4,40,1.600000,0.943703830
gru_augmented_grouped,RLVS,Violence/V_300.mp4,ffab78d3f292df85df067ab2d80367fddfef9e1b67af25d5bea7b927ea45c650,0.65,10,36,1,9,65,2.600000,0.928993243
lstm_original_grouped,RWF-2000,val/Fight/rwf_val_fight_0166.avi,ed6b897b58efc07a60dd8a7a18273c52f9ef5e2418ba68e2e47ebf3343293a08,0.7,5,27,1,4,40,1.600000,0.889703619
lstm_augmented_grouped,RWF-2000,val/Fight/rwf_val_fight_0166.avi,ed6b897b58efc07a60dd8a7a18273c52f9ef5e2418ba68e2e47ebf3343293a08,0.7,7,27,1,6,50,2.000000,0.839756642
gru_original_grouped,RWF-2000,val/Fight/rwf_val_fight_0166.avi,ed6b897b58efc07a60dd8a7a18273c52f9ef5e2418ba68e2e47ebf3343293a08,0.65,5,27,1,4,40,1.600000,0.841728234
gru_augmented_grouped,RWF-2000,val/Fight/rwf_val_fight_0166.avi,ed6b897b58efc07a60dd8a7a18273c52f9ef5e2418ba68e2e47ebf3343293a08,0.65,10,27,1,9,65,2.600000,0.863643533
lstm_original_grouped,RLVS,Violence/V_652.mp4,80a1c1613e53871efeff289067fa4dd10e9215d520218a5c20364d5e304bd37e,0.7,5,22,1,4,40,1.600000,0.964324772
lstm_augmented_grouped,RLVS,Violence/V_652.mp4,80a1c1613e53871efeff289067fa4dd10e9215d520218a5c20364d5e304bd37e,0.7,7,22,1,6,50,2.000000,0.921547524
gru_original_grouped,RLVS,Violence/V_652.mp4,80a1c1613e53871efeff289067fa4dd10e9215d520218a5c20364d5e304bd37e,0.65,5,22,1,4,40,1.600000,0.988693345
gru_augmented_grouped,RLVS,Violence/V_652.mp4,80a1c1613e53871efeff289067fa4dd10e9215d520218a5c20364d5e304bd37e,0.65,10,22,1,9,65,2.600000,0.979625833
lstm_original_grouped,RWF-2000,val/Fight/rwf_val_fight_0021.avi,542657767e6a5f0d7785dece4f89e9b74473a7b1c5344720e1f77dfce05c7da1,0.7,5,27,1,4,40,1.600000,0.975958908
lstm_augmented_grouped,RWF-2000,val/Fight/rwf_val_fight_0021.avi,542657767e6a5f0d7785dece4f89e9b74473a7b1c5344720e1f77dfce05c7da1,0.7,7,27,1,6,50,2.000000,0.904222012
gru_original_grouped,RWF-2000,val/Fight/rwf_val_fight_0021.avi,542657767e6a5f0d7785dece4f89e9b74473a7b1c5344720e1f77dfce05c7da1,0.65,5,27,1,4,40,1.600000,0.951690578
gru_augmented_grouped,RWF-2000,val/Fight/rwf_val_fight_0021.avi,542657767e6a5f0d7785dece4f89e9b74473a7b1c5344720e1f77dfce05c7da1,0.65,10,27,1,9,65,2.600000,0.955349314
lstm_original_grouped,RLVS,Violence/V_184.mp4,fd343be87259c0b405168275edb60fa8eff78f95a6ea023b69580df10aa774a2,0.7,5,30,1,4,40,1.600000,0.987138712
lstm_augmented_grouped,RLVS,Violence/V_184.mp4,fd343be87259c0b405168275edb60fa8eff78f95a6ea023b69580df10aa774a2,0.7,7,30,1,6,50,2.000000,0.984037927
gru_original_grouped,RLVS,Violence/V_184.mp4,fd343be87259c0b405168275edb60fa8eff78f95a6ea023b69580df10aa774a2,0.65,5,30,1,4,40,1.600000,0.992250466
gru_augmented_grouped,RLVS,Violence/V_184.mp4,fd343be87259c0b405168275edb60fa8eff78f95a6ea023b69580df10aa774a2,0.65,10,30,1,9,65,2.600000,0.988663083
lstm_original_grouped,RWF-2000,train/Fight/rwf_train_fight_0310.avi,1764f7af1ffdc5138ccc15d62919f6a3b03ef49598bed71a6b2486cddbb4585e,0.7,5,27,1,4,40,1.600000,0.760116136
lstm_augmented_grouped,RWF-2000,train/Fight/rwf_train_fight_0310.avi,1764f7af1ffdc5138ccc15d62919f6a3b03ef49598bed71a6b2486cddbb4585e,0.7,7,27,1,6,50,2.000000,0.725579645
gru_original_grouped,RWF-2000,train/Fight/rwf_train_fight_0310.avi,1764f7af1ffdc5138ccc15d62919f6a3b03ef49598bed71a6b2486cddbb4585e,0.65,5,27,1,21,125,5.000000,0.657804084
gru_augmented_grouped,RWF-2000,train/Fight/rwf_train_fight_0310.avi,1764f7af1ffdc5138ccc15d62919f6a3b03ef49598bed71a6b2486cddbb4585e,0.65,10,27,0,,,,
lstm_original_grouped,RLVS,Violence/V_77.mp4,8ae4fd311adcf6f1b82cad146418d14cd4981f134199b49c6dc21a49cf7ab9f1,0.7,5,27,1,4,40,1.600000,0.870323098
lstm_augmented_grouped,RLVS,Violence/V_77.mp4,8ae4fd311adcf6f1b82cad146418d14cd4981f134199b49c6dc21a49cf7ab9f1,0.7,7,27,1,6,50,2.000000,0.860418822
gru_original_grouped,RLVS,Violence/V_77.mp4,8ae4fd311adcf6f1b82cad146418d14cd4981f134199b49c6dc21a49cf7ab9f1,0.65,5,27,1,4,40,1.600000,0.787635875
gru_augmented_grouped,RLVS,Violence/V_77.mp4,8ae4fd311adcf6f1b82cad146418d14cd4981f134199b49c6dc21a49cf7ab9f1,0.65,10,27,1,9,65,2.600000,0.762102175
lstm_original_grouped,RWF-2000,train/Fight/rwf_train_fight_0039.avi,dd0ff78ea0cb7906037e50ee1143207ddef661aa1181c6626cb523b6adc68bd7,0.7,5,27,1,4,40,1.600000,0.956239641
lstm_augmented_grouped,RWF-2000,train/Fight/rwf_train_fight_0039.avi,dd0ff78ea0cb7906037e50ee1143207ddef661aa1181c6626cb523b6adc68bd7,0.7,7,27,1,6,50,2.000000,0.940270943
gru_original_grouped,RWF-2000,train/Fight/rwf_train_fight_0039.avi,dd0ff78ea0cb7906037e50ee1143207ddef661aa1181c6626cb523b6adc68bd7,0.65,5,27,1,4,40,1.600000,0.928998482
gru_augmented_grouped,RWF-2000,train/Fight/rwf_train_fight_0039.avi,dd0ff78ea0cb7906037e50ee1143207ddef661aa1181c6626cb523b6adc68bd7,0.65,10,27,1,9,65,2.600000,0.887251633
lstm_original_grouped,RWF-2000,train/Fight/rwf_train_fight_0236.avi,6b8ddc71a335c0e54ccea6ff2f52cfa0a123b16855f9c5d4b88f46d552a1418e,0.7,5,27,0,,,,
lstm_augmented_grouped,RWF-2000,train/Fight/rwf_train_fight_0236.avi,6b8ddc71a335c0e54ccea6ff2f52cfa0a123b16855f9c5d4b88f46d552a1418e,0.7,7,27,0,,,,
gru_original_grouped,RWF-2000,train/Fight/rwf_train_fight_0236.avi,6b8ddc71a335c0e54ccea6ff2f52cfa0a123b16855f9c5d4b88f46d552a1418e,0.65,5,27,0,,,,
gru_augmented_grouped,RWF-2000,train/Fight/rwf_train_fight_0236.avi,6b8ddc71a335c0e54ccea6ff2f52cfa0a123b16855f9c5d4b88f46d552a1418e,0.65,10,27,1,9,65,2.600000,0.749184430
lstm_original_grouped,RLVS,Violence/V_928.mp4,d92d7f559defc5c5ea443a14d120936085516d1d7308f083e71d35015afe1162,0.7,5,27,1,4,40,1.600000,0.985477197
lstm_augmented_grouped,RLVS,Violence/V_928.mp4,d92d7f559defc5c5ea443a14d120936085516d1d7308f083e71d35015afe1162,0.7,7,27,1,6,50,2.000000,0.983428504
gru_original_grouped,RLVS,Violence/V_928.mp4,d92d7f559defc5c5ea443a14d120936085516d1d7308f083e71d35015afe1162,0.65,5,27,1,4,40,1.600000,0.991259336
gru_augmented_grouped,RLVS,Violence/V_928.mp4,d92d7f559defc5c5ea443a14d120936085516d1d7308f083e71d35015afe1162,0.65,10,27,1,9,65,2.600000,0.992709792
lstm_original_grouped,RLVS,Violence/V_763.mp4,612bbaa314c952438c6b0bbceb2c0ce5b90dde471302851b4cd169bde35b94a1,0.7,5,22,1,4,40,1.600000,0.862967241
lstm_augmented_grouped,RLVS,Violence/V_763.mp4,612bbaa314c952438c6b0bbceb2c0ce5b90dde471302851b4cd169bde35b94a1,0.7,7,22,1,8,60,2.400000,0.740525365
gru_original_grouped,RLVS,Violence/V_763.mp4,612bbaa314c952438c6b0bbceb2c0ce5b90dde471302851b4cd169bde35b94a1,0.65,5,22,1,8,60,2.400000,0.758812422
gru_augmented_grouped,RLVS,Violence/V_763.mp4,612bbaa314c952438c6b0bbceb2c0ce5b90dde471302851b4cd169bde35b94a1,0.65,10,22,1,13,85,3.400000,0.712975340
lstm_original_grouped,RLVS,Violence/V_348.mp4,ff732541e6d730a969929bfa4256f293532baf2c62243b9bb6dc2cb688505ff5,0.7,5,27,1,4,40,1.600000,0.992862260
lstm_augmented_grouped,RLVS,Violence/V_348.mp4,ff732541e6d730a969929bfa4256f293532baf2c62243b9bb6dc2cb688505ff5,0.7,7,27,1,6,50,2.000000,0.982724922
gru_original_grouped,RLVS,Violence/V_348.mp4,ff732541e6d730a969929bfa4256f293532baf2c62243b9bb6dc2cb688505ff5,0.65,5,27,1,4,40,1.600000,0.992019081
gru_augmented_grouped,RLVS,Violence/V_348.mp4,ff732541e6d730a969929bfa4256f293532baf2c62243b9bb6dc2cb688505ff5,0.65,10,27,1,9,65,2.600000,0.976078922
lstm_original_grouped,RLVS,Violence/V_565.mp4,138505ab5c80b45134fd9eed1d0d95d1ece36fbce26424833e6e6514df82a9a7,0.7,5,34,1,4,40,1.600000,0.956430185
lstm_augmented_grouped,RLVS,Violence/V_565.mp4,138505ab5c80b45134fd9eed1d0d95d1ece36fbce26424833e6e6514df82a9a7,0.7,7,34,1,6,50,2.000000,0.976306132
gru_original_grouped,RLVS,Violence/V_565.mp4,138505ab5c80b45134fd9eed1d0d95d1ece36fbce26424833e6e6514df82a9a7,0.65,5,34,1,4,40,1.600000,0.913269532
gru_augmented_grouped,RLVS,Violence/V_565.mp4,138505ab5c80b45134fd9eed1d0d95d1ece36fbce26424833e6e6514df82a9a7,0.65,10,34,1,9,65,2.600000,0.973214525
lstm_original_grouped,RWF-2000,train/Fight/rwf_train_fight_0444.avi,f59f705ebfbda5e02fc115209fdb780b13b7efbb389dc7a0fe5333a85d904134,0.7,5,27,0,,,,
lstm_augmented_grouped,RWF-2000,train/Fight/rwf_train_fight_0444.avi,f59f705ebfbda5e02fc115209fdb780b13b7efbb389dc7a0fe5333a85d904134,0.7,7,27,0,,,,
gru_original_grouped,RWF-2000,train/Fight/rwf_train_fight_0444.avi,f59f705ebfbda5e02fc115209fdb780b13b7efbb389dc7a0fe5333a85d904134,0.65,5,27,0,,,,
gru_augmented_grouped,RWF-2000,train/Fight/rwf_train_fight_0444.avi,f59f705ebfbda5e02fc115209fdb780b13b7efbb389dc7a0fe5333a85d904134,0.65,10,27,0,,,,
lstm_original_grouped,RWF-2000,train/Fight/rwf_train_fight_0468.avi,560694d2722d1cf0312e48029f696b280e0d021705966e0f695e5f3ae7986233,0.7,5,27,1,15,95,3.800000,0.735635400
lstm_augmented_grouped,RWF-2000,train/Fight/rwf_train_fight_0468.avi,560694d2722d1cf0312e48029f696b280e0d021705966e0f695e5f3ae7986233,0.7,7,27,1,9,65,2.600000,0.707289057
gru_original_grouped,RWF-2000,train/Fight/rwf_train_fight_0468.avi,560694d2722d1cf0312e48029f696b280e0d021705966e0f695e5f3ae7986233,0.65,5,27,1,16,100,4.000000,0.668638194
gru_augmented_grouped,RWF-2000,train/Fight/rwf_train_fight_0468.avi,560694d2722d1cf0312e48029f696b280e0d021705966e0f695e5f3ae7986233,0.65,10,27,1,9,65,2.600000,0.724400234
lstm_original_grouped,RLVS,Violence/V_798.mp4,18caad4bfa0494da5d3860c054a87e3fd1b7325ff0d531c4121ec8d0cbd89ac0,0.7,5,21,1,4,40,1.600000,0.984367657
lstm_augmented_grouped,RLVS,Violence/V_798.mp4,18caad4bfa0494da5d3860c054a87e3fd1b7325ff0d531c4121ec8d0cbd89ac0,0.7,7,21,1,6,50,2.000000,0.972457256
gru_original_grouped,RLVS,Violence/V_798.mp4,18caad4bfa0494da5d3860c054a87e3fd1b7325ff0d531c4121ec8d0cbd89ac0,0.65,5,21,1,4,40,1.600000,0.945360672
gru_augmented_grouped,RLVS,Violence/V_798.mp4,18caad4bfa0494da5d3860c054a87e3fd1b7325ff0d531c4121ec8d0cbd89ac0,0.65,10,21,1,9,65,2.600000,0.922285801
lstm_original_grouped,RLVS,Violence/V_935.mp4,2e4c0e2e288b490edb864f4a154054b519954d53be5b9106661012c2f57acf15,0.7,5,21,1,4,40,1.600000,0.991580665
lstm_augmented_grouped,RLVS,Violence/V_935.mp4,2e4c0e2e288b490edb864f4a154054b519954d53be5b9106661012c2f57acf15,0.7,7,21,1,6,50,2.000000,0.989687085
gru_original_grouped,RLVS,Violence/V_935.mp4,2e4c0e2e288b490edb864f4a154054b519954d53be5b9106661012c2f57acf15,0.65,5,21,1,4,40,1.600000,0.996602464
gru_augmented_grouped,RLVS,Violence/V_935.mp4,2e4c0e2e288b490edb864f4a154054b519954d53be5b9106661012c2f57acf15,0.65,10,21,1,9,65,2.600000,0.997327530
lstm_original_grouped,RWF-2000,train/Fight/rwf_train_fight_0447.avi,07198312953fa8d7e6f49647d3ccbbabd3cf30e0b033bd70e0d78ce33f86ed7f,0.7,5,27,0,,,,
lstm_augmented_grouped,RWF-2000,train/Fight/rwf_train_fight_0447.avi,07198312953fa8d7e6f49647d3ccbbabd3cf30e0b033bd70e0d78ce33f86ed7f,0.7,7,27,0,,,,
gru_original_grouped,RWF-2000,train/Fight/rwf_train_fight_0447.avi,07198312953fa8d7e6f49647d3ccbbabd3cf30e0b033bd70e0d78ce33f86ed7f,0.65,5,27,0,,,,
gru_augmented_grouped,RWF-2000,train/Fight/rwf_train_fight_0447.avi,07198312953fa8d7e6f49647d3ccbbabd3cf30e0b033bd70e0d78ce33f86ed7f,0.65,10,27,0,,,,
lstm_original_grouped,RLVS,Violence/V_358.mp4,0566b89d06553cc97cd61d8d9066a800aea6bec560e2a99c4c38bb5b098510f2,0.7,5,33,1,4,40,1.600000,0.985389626
lstm_augmented_grouped,RLVS,Violence/V_358.mp4,0566b89d06553cc97cd61d8d9066a800aea6bec560e2a99c4c38bb5b098510f2,0.7,7,33,1,6,50,2.000000,0.951825176
gru_original_grouped,RLVS,Violence/V_358.mp4,0566b89d06553cc97cd61d8d9066a800aea6bec560e2a99c4c38bb5b098510f2,0.65,5,33,1,4,40,1.600000,0.985190189
gru_augmented_grouped,RLVS,Violence/V_358.mp4,0566b89d06553cc97cd61d8d9066a800aea6bec560e2a99c4c38bb5b098510f2,0.65,10,33,1,9,65,2.600000,0.928181106
lstm_original_grouped,RWF-2000,train/Fight/rwf_train_fight_0494.avi,cd3abeb93815cb0d34d8efd3b24ce2e4ac9a1894da3a550453a15d5f7ed11f82,0.7,5,27,1,9,65,2.600000,0.704256010
lstm_augmented_grouped,RWF-2000,train/Fight/rwf_train_fight_0494.avi,cd3abeb93815cb0d34d8efd3b24ce2e4ac9a1894da3a550453a15d5f7ed11f82,0.7,7,27,1,8,60,2.400000,0.704109958
gru_original_grouped,RWF-2000,train/Fight/rwf_train_fight_0494.avi,cd3abeb93815cb0d34d8efd3b24ce2e4ac9a1894da3a550453a15d5f7ed11f82,0.65,5,27,1,9,65,2.600000,0.677563620
gru_augmented_grouped,RWF-2000,train/Fight/rwf_train_fight_0494.avi,cd3abeb93815cb0d34d8efd3b24ce2e4ac9a1894da3a550453a15d5f7ed11f82,0.65,10,27,1,10,70,2.800000,0.673524350
lstm_original_grouped,RWF-2000,train/Fight/rwf_train_fight_0450.avi,248e8cbaf2c017e2003ea43655523454b432440fb9a075db79d0b86f713bc27b,0.7,5,27,0,,,,
lstm_augmented_grouped,RWF-2000,train/Fight/rwf_train_fight_0450.avi,248e8cbaf2c017e2003ea43655523454b432440fb9a075db79d0b86f713bc27b,0.7,7,27,0,,,,
gru_original_grouped,RWF-2000,train/Fight/rwf_train_fight_0450.avi,248e8cbaf2c017e2003ea43655523454b432440fb9a075db79d0b86f713bc27b,0.65,5,27,0,,,,
gru_augmented_grouped,RWF-2000,train/Fight/rwf_train_fight_0450.avi,248e8cbaf2c017e2003ea43655523454b432440fb9a075db79d0b86f713bc27b,0.65,10,27,0,,,,
lstm_original_grouped,RLVS,Violence/V_619.mp4,918b9d86b0f298b7e111114bc2bcec1eaded0a022c5d626ced0694bb5508f5e8,0.7,5,34,1,4,40,1.600000,0.935928309
lstm_augmented_grouped,RLVS,Violence/V_619.mp4,918b9d86b0f298b7e111114bc2bcec1eaded0a022c5d626ced0694bb5508f5e8,0.7,7,34,1,6,50,2.000000,0.929489000
gru_original_grouped,RLVS,Violence/V_619.mp4,918b9d86b0f298b7e111114bc2bcec1eaded0a022c5d626ced0694bb5508f5e8,0.65,5,34,1,4,40,1.600000,0.980028200
gru_augmented_grouped,RLVS,Violence/V_619.mp4,918b9d86b0f298b7e111114bc2bcec1eaded0a022c5d626ced0694bb5508f5e8,0.65,10,34,1,9,65,2.600000,0.969688290
lstm_original_grouped,RLVS,Violence/V_179.mp4,170d444adbdd89e655c5e68e34b5095f18256f07b038813af362f8064d6f7622,0.7,5,25,1,4,40,1.600000,0.989865422
lstm_augmented_grouped,RLVS,Violence/V_179.mp4,170d444adbdd89e655c5e68e34b5095f18256f07b038813af362f8064d6f7622,0.7,7,25,1,6,50,2.000000,0.988196833
gru_original_grouped,RLVS,Violence/V_179.mp4,170d444adbdd89e655c5e68e34b5095f18256f07b038813af362f8064d6f7622,0.65,5,25,1,4,40,1.600000,0.995215368
gru_augmented_grouped,RLVS,Violence/V_179.mp4,170d444adbdd89e655c5e68e34b5095f18256f07b038813af362f8064d6f7622,0.65,10,25,1,9,65,2.600000,0.992402852
lstm_original_grouped,RWF-2000,val/Fight/rwf_val_fight_0027.avi,322ea847d20071827a4748a9c7d5877ef1c01028e9df569d469df9b6b7877941,0.7,5,27,1,4,40,1.600000,0.976872516
lstm_augmented_grouped,RWF-2000,val/Fight/rwf_val_fight_0027.avi,322ea847d20071827a4748a9c7d5877ef1c01028e9df569d469df9b6b7877941,0.7,7,27,1,6,50,2.000000,0.974690199
gru_original_grouped,RWF-2000,val/Fight/rwf_val_fight_0027.avi,322ea847d20071827a4748a9c7d5877ef1c01028e9df569d469df9b6b7877941,0.65,5,27,1,4,40,1.600000,0.963333607
gru_augmented_grouped,RWF-2000,val/Fight/rwf_val_fight_0027.avi,322ea847d20071827a4748a9c7d5877ef1c01028e9df569d469df9b6b7877941,0.65,10,27,1,9,65,2.600000,0.978110862
lstm_original_grouped,RLVS,Violence/V_417.mp4,700e80d87e29edca5e28eac8e5f5e250c1d36ae37ddca3018b5b93d186e270b9,0.7,5,22,1,4,40,1.600000,0.958379269
lstm_augmented_grouped,RLVS,Violence/V_417.mp4,700e80d87e29edca5e28eac8e5f5e250c1d36ae37ddca3018b5b93d186e270b9,0.7,7,22,1,6,50,2.000000,0.814137203
gru_original_grouped,RLVS,Violence/V_417.mp4,700e80d87e29edca5e28eac8e5f5e250c1d36ae37ddca3018b5b93d186e270b9,0.65,5,22,1,4,40,1.600000,0.804319894
gru_augmented_grouped,RLVS,Violence/V_417.mp4,700e80d87e29edca5e28eac8e5f5e250c1d36ae37ddca3018b5b93d186e270b9,0.65,10,22,1,17,105,4.200000,0.673112077
lstm_original_grouped,RLVS,Violence/V_242.mp4,50f2fc912683ed5d40daf12de39a582505b4937aad8dfd88e707ccbb85430fe8,0.7,5,18,1,4,40,1.600000,0.926206279
lstm_augmented_grouped,RLVS,Violence/V_242.mp4,50f2fc912683ed5d40daf12de39a582505b4937aad8dfd88e707ccbb85430fe8,0.7,7,18,1,6,50,2.000000,0.899890729
gru_original_grouped,RLVS,Violence/V_242.mp4,50f2fc912683ed5d40daf12de39a582505b4937aad8dfd88e707ccbb85430fe8,0.65,5,18,1,4,40,1.600000,0.905081439
gru_augmented_grouped,RLVS,Violence/V_242.mp4,50f2fc912683ed5d40daf12de39a582505b4937aad8dfd88e707ccbb85430fe8,0.65,10,18,1,9,65,2.600000,0.944180703
lstm_original_grouped,RWF-2000,train/Fight/rwf_train_fight_0749.avi,24849bd1ba95c538c329ea1c7b66c4188d4320ee8ce3008c919737ad8b2bb896,0.7,5,27,1,4,40,1.600000,0.961822653
lstm_augmented_grouped,RWF-2000,train/Fight/rwf_train_fight_0749.avi,24849bd1ba95c538c329ea1c7b66c4188d4320ee8ce3008c919737ad8b2bb896,0.7,7,27,1,6,50,2.000000,0.964958480
gru_original_grouped,RWF-2000,train/Fight/rwf_train_fight_0749.avi,24849bd1ba95c538c329ea1c7b66c4188d4320ee8ce3008c919737ad8b2bb896,0.65,5,27,1,4,40,1.600000,0.956477678
gru_augmented_grouped,RWF-2000,train/Fight/rwf_train_fight_0749.avi,24849bd1ba95c538c329ea1c7b66c4188d4320ee8ce3008c919737ad8b2bb896,0.65,10,27,1,9,65,2.600000,0.923799253
lstm_original_grouped,RLVS,Violence/V_724.mp4,34bb57d9be61595bcbee141c341af341ac43c1dd79bee4774e48c0b3a869773b,0.7,5,20,1,4,40,1.600000,0.892887759
lstm_augmented_grouped,RLVS,Violence/V_724.mp4,34bb57d9be61595bcbee141c341af341ac43c1dd79bee4774e48c0b3a869773b,0.7,7,20,1,6,50,2.000000,0.798661709
gru_original_grouped,RLVS,Violence/V_724.mp4,34bb57d9be61595bcbee141c341af341ac43c1dd79bee4774e48c0b3a869773b,0.65,5,20,1,4,40,1.600000,0.769167554
gru_augmented_grouped,RLVS,Violence/V_724.mp4,34bb57d9be61595bcbee141c341af341ac43c1dd79bee4774e48c0b3a869773b,0.65,10,20,1,9,65,2.600000,0.898337632
lstm_original_grouped,RWF-2000,train/Fight/rwf_train_fight_0642.avi,da204828f27e6a0a0367e8f382d49b55c5e03b4067349eada300a08b99470ca9,0.7,5,27,0,,,,
lstm_augmented_grouped,RWF-2000,train/Fight/rwf_train_fight_0642.avi,da204828f27e6a0a0367e8f382d49b55c5e03b4067349eada300a08b99470ca9,0.7,7,27,1,6,50,2.000000,0.827479916
gru_original_grouped,RWF-2000,train/Fight/rwf_train_fight_0642.avi,da204828f27e6a0a0367e8f382d49b55c5e03b4067349eada300a08b99470ca9,0.65,5,27,0,,,,
gru_augmented_grouped,RWF-2000,train/Fight/rwf_train_fight_0642.avi,da204828f27e6a0a0367e8f382d49b55c5e03b4067349eada300a08b99470ca9,0.65,10,27,0,,,,
lstm_original_grouped,RLVS,Violence/V_160.mp4,6347a4cbe4dcc44c9377d6039a493cd1e0ec5c727ed47c50d60b1117a9a1f97e,0.7,5,18,1,4,40,1.600000,0.981120729
lstm_augmented_grouped,RLVS,Violence/V_160.mp4,6347a4cbe4dcc44c9377d6039a493cd1e0ec5c727ed47c50d60b1117a9a1f97e,0.7,7,18,1,6,50,2.000000,0.978785106
gru_original_grouped,RLVS,Violence/V_160.mp4,6347a4cbe4dcc44c9377d6039a493cd1e0ec5c727ed47c50d60b1117a9a1f97e,0.65,5,18,1,4,40,1.600000,0.970019519
gru_augmented_grouped,RLVS,Violence/V_160.mp4,6347a4cbe4dcc44c9377d6039a493cd1e0ec5c727ed47c50d60b1117a9a1f97e,0.65,10,18,1,9,65,2.600000,0.974860907
lstm_original_grouped,RWF-2000,train/Fight/rwf_train_fight_0243.avi,c62139ca58ea434f6a93bb8bc09f7f78efb49d14b41629492fc060454eac2ce9,0.7,5,27,1,4,40,1.600000,0.868590462
lstm_augmented_grouped,RWF-2000,train/Fight/rwf_train_fight_0243.avi,c62139ca58ea434f6a93bb8bc09f7f78efb49d14b41629492fc060454eac2ce9,0.7,7,27,1,6,50,2.000000,0.920532175
gru_original_grouped,RWF-2000,train/Fight/rwf_train_fight_0243.avi,c62139ca58ea434f6a93bb8bc09f7f78efb49d14b41629492fc060454eac2ce9,0.65,5,27,1,4,40,1.600000,0.884846866
gru_augmented_grouped,RWF-2000,train/Fight/rwf_train_fight_0243.avi,c62139ca58ea434f6a93bb8bc09f7f78efb49d14b41629492fc060454eac2ce9,0.65,10,27,1,9,65,2.600000,0.761551356
lstm_original_grouped,RWF-2000,val/Fight/rwf_val_fight_0067.avi,104beb5cc89457c5af91d0848bdced77e195dd3c79652e0986b64a65c8423ad3,0.7,5,27,1,22,130,5.200000,0.756560123
lstm_augmented_grouped,RWF-2000,val/Fight/rwf_val_fight_0067.avi,104beb5cc89457c5af91d0848bdced77e195dd3c79652e0986b64a65c8423ad3,0.7,7,27,1,21,125,5.000000,0.703990519
gru_original_grouped,RWF-2000,val/Fight/rwf_val_fight_0067.avi,104beb5cc89457c5af91d0848bdced77e195dd3c79652e0986b64a65c8423ad3,0.65,5,27,0,,,,
gru_augmented_grouped,RWF-2000,val/Fight/rwf_val_fight_0067.avi,104beb5cc89457c5af91d0848bdced77e195dd3c79652e0986b64a65c8423ad3,0.65,10,27,0,,,,
lstm_original_grouped,RLVS,Violence/V_533.mp4,66a29aa9c7e5a84516aaf831373ac6aa7f67dbbb905cc3e1d78f064e87dbbb4f,0.7,5,34,1,4,40,1.600000,0.993498111
lstm_augmented_grouped,RLVS,Violence/V_533.mp4,66a29aa9c7e5a84516aaf831373ac6aa7f67dbbb905cc3e1d78f064e87dbbb4f,0.7,7,34,1,6,50,2.000000,0.990067167
gru_original_grouped,RLVS,Violence/V_533.mp4,66a29aa9c7e5a84516aaf831373ac6aa7f67dbbb905cc3e1d78f064e87dbbb4f,0.65,5,34,1,4,40,1.600000,0.996805286
gru_augmented_grouped,RLVS,Violence/V_533.mp4,66a29aa9c7e5a84516aaf831373ac6aa7f67dbbb905cc3e1d78f064e87dbbb4f,0.65,10,34,1,9,65,2.600000,0.998041624
lstm_original_grouped,RLVS,Violence/V_166.mp4,76269140f93ef5a316d9c7e4c2f7e5c282be4a2f1995aaee195d927ae3ec18b1,0.7,5,21,1,4,40,1.600000,0.994103003
lstm_augmented_grouped,RLVS,Violence/V_166.mp4,76269140f93ef5a316d9c7e4c2f7e5c282be4a2f1995aaee195d927ae3ec18b1,0.7,7,21,1,6,50,2.000000,0.989374416
gru_original_grouped,RLVS,Violence/V_166.mp4,76269140f93ef5a316d9c7e4c2f7e5c282be4a2f1995aaee195d927ae3ec18b1,0.65,5,21,1,4,40,1.600000,0.996276891
gru_augmented_grouped,RLVS,Violence/V_166.mp4,76269140f93ef5a316d9c7e4c2f7e5c282be4a2f1995aaee195d927ae3ec18b1,0.65,10,21,1,9,65,2.600000,0.992207074
lstm_original_grouped,RWF-2000,val/Fight/rwf_val_fight_0175.avi,fa8ac7c1d0fe9d52ce0761004024c699738db527d2e4feebdadc99d070114dd8,0.7,5,27,1,9,65,2.600000,0.700166810
lstm_augmented_grouped,RWF-2000,val/Fight/rwf_val_fight_0175.avi,fa8ac7c1d0fe9d52ce0761004024c699738db527d2e4feebdadc99d070114dd8,0.7,7,27,1,6,50,2.000000,0.765200453
gru_original_grouped,RWF-2000,val/Fight/rwf_val_fight_0175.avi,fa8ac7c1d0fe9d52ce0761004024c699738db527d2e4feebdadc99d070114dd8,0.65,5,27,1,6,50,2.000000,0.660037029
gru_augmented_grouped,RWF-2000,val/Fight/rwf_val_fight_0175.avi,fa8ac7c1d0fe9d52ce0761004024c699738db527d2e4feebdadc99d070114dd8,0.65,10,27,1,9,65,2.600000,0.679965919
lstm_original_grouped,RLVS,Violence/V_258.mp4,5cd345abc576393aa9b267dba7634676b61d147335ac488aceacecd3a6061d5f,0.7,5,28,1,4,40,1.600000,0.923592365
lstm_augmented_grouped,RLVS,Violence/V_258.mp4,5cd345abc576393aa9b267dba7634676b61d147335ac488aceacecd3a6061d5f,0.7,7,28,1,6,50,2.000000,0.954635007
gru_original_grouped,RLVS,Violence/V_258.mp4,5cd345abc576393aa9b267dba7634676b61d147335ac488aceacecd3a6061d5f,0.65,5,28,1,4,40,1.600000,0.959672809
gru_augmented_grouped,RLVS,Violence/V_258.mp4,5cd345abc576393aa9b267dba7634676b61d147335ac488aceacecd3a6061d5f,0.65,10,28,1,9,65,2.600000,0.946388197
lstm_original_grouped,RLVS,Violence/V_679.mp4,d1dd4c62601f480073a6786ee80a86eb2cd3e3826fa872479d9c2ee7905bbd03,0.7,5,22,1,4,40,1.600000,0.976864100
lstm_augmented_grouped,RLVS,Violence/V_679.mp4,d1dd4c62601f480073a6786ee80a86eb2cd3e3826fa872479d9c2ee7905bbd03,0.7,7,22,1,6,50,2.000000,0.917371162
gru_original_grouped,RLVS,Violence/V_679.mp4,d1dd4c62601f480073a6786ee80a86eb2cd3e3826fa872479d9c2ee7905bbd03,0.65,5,22,1,4,40,1.600000,0.986454403
gru_augmented_grouped,RLVS,Violence/V_679.mp4,d1dd4c62601f480073a6786ee80a86eb2cd3e3826fa872479d9c2ee7905bbd03,0.65,10,22,1,9,65,2.600000,0.968460172
lstm_original_grouped,RLVS,Violence/V_934.mp4,40be2c6ab6928337561529a0d9fab6f0b6c4d8fa16f5401c20934d6614e6b219,0.7,5,24,1,4,40,1.600000,0.994207382
lstm_augmented_grouped,RLVS,Violence/V_934.mp4,40be2c6ab6928337561529a0d9fab6f0b6c4d8fa16f5401c20934d6614e6b219,0.7,7,24,1,6,50,2.000000,0.992832158
gru_original_grouped,RLVS,Violence/V_934.mp4,40be2c6ab6928337561529a0d9fab6f0b6c4d8fa16f5401c20934d6614e6b219,0.65,5,24,1,4,40,1.600000,0.996347642
gru_augmented_grouped,RLVS,Violence/V_934.mp4,40be2c6ab6928337561529a0d9fab6f0b6c4d8fa16f5401c20934d6614e6b219,0.65,10,24,1,9,65,2.600000,0.996176863
lstm_original_grouped,RLVS,Violence/V_703.mp4,d66db3869b7076c350065b3d8fa2417cefbd1c29854cc48ed636faa7eb979aea,0.7,5,22,1,4,40,1.600000,0.972938395
lstm_augmented_grouped,RLVS,Violence/V_703.mp4,d66db3869b7076c350065b3d8fa2417cefbd1c29854cc48ed636faa7eb979aea,0.7,7,22,1,6,50,2.000000,0.731984560
gru_original_grouped,RLVS,Violence/V_703.mp4,d66db3869b7076c350065b3d8fa2417cefbd1c29854cc48ed636faa7eb979aea,0.65,5,22,1,4,40,1.600000,0.972556734
gru_augmented_grouped,RLVS,Violence/V_703.mp4,d66db3869b7076c350065b3d8fa2417cefbd1c29854cc48ed636faa7eb979aea,0.65,10,22,1,9,65,2.600000,0.963546908
lstm_original_grouped,RWF-2000,train/Fight/rwf_train_fight_0344.avi,cacb953d5cc4154031d7b4ad97ea58ffe32961bb76907bd2bf7ce754d08ed340,0.7,5,27,1,22,130,5.200000,0.715180242
lstm_augmented_grouped,RWF-2000,train/Fight/rwf_train_fight_0344.avi,cacb953d5cc4154031d7b4ad97ea58ffe32961bb76907bd2bf7ce754d08ed340,0.7,7,27,0,,,,
gru_original_grouped,RWF-2000,train/Fight/rwf_train_fight_0344.avi,cacb953d5cc4154031d7b4ad97ea58ffe32961bb76907bd2bf7ce754d08ed340,0.65,5,27,0,,,,
gru_augmented_grouped,RWF-2000,train/Fight/rwf_train_fight_0344.avi,cacb953d5cc4154031d7b4ad97ea58ffe32961bb76907bd2bf7ce754d08ed340,0.65,10,27,0,,,,
lstm_original_grouped,RWF-2000,train/Fight/rwf_train_fight_0335.avi,24c3b567658a4484b3efdbde76ac00a71a2ec61a30cc133055e5eabc3d372229,0.7,5,27,1,4,40,1.600000,0.989278603
lstm_augmented_grouped,RWF-2000,train/Fight/rwf_train_fight_0335.avi,24c3b567658a4484b3efdbde76ac00a71a2ec61a30cc133055e5eabc3d372229,0.7,7,27,1,6,50,2.000000,0.979440468
gru_original_grouped,RWF-2000,train/Fight/rwf_train_fight_0335.avi,24c3b567658a4484b3efdbde76ac00a71a2ec61a30cc133055e5eabc3d372229,0.65,5,27,1,4,40,1.600000,0.940295422
gru_augmented_grouped,RWF-2000,train/Fight/rwf_train_fight_0335.avi,24c3b567658a4484b3efdbde76ac00a71a2ec61a30cc133055e5eabc3d372229,0.65,10,27,1,9,65,2.600000,0.926909232
lstm_original_grouped,RWF-2000,train/Fight/rwf_train_fight_0442.avi,bb8933ebb62942b772b403e5f4c79aae30aa527d809192957b81ad8dcf739efa,0.7,5,27,1,4,40,1.600000,0.814643955
lstm_augmented_grouped,RWF-2000,train/Fight/rwf_train_fight_0442.avi,bb8933ebb62942b772b403e5f4c79aae30aa527d809192957b81ad8dcf739efa,0.7,7,27,1,6,50,2.000000,0.850061366
gru_original_grouped,RWF-2000,train/Fight/rwf_train_fight_0442.avi,bb8933ebb62942b772b403e5f4c79aae30aa527d809192957b81ad8dcf739efa,0.65,5,27,1,4,40,1.600000,0.683462799
gru_augmented_grouped,RWF-2000,train/Fight/rwf_train_fight_0442.avi,bb8933ebb62942b772b403e5f4c79aae30aa527d809192957b81ad8dcf739efa,0.65,10,27,1,9,65,2.600000,0.887616026
lstm_original_grouped,RLVS,Violence/V_822.mp4,b34ef5b63ddd4e6f9b91820b60b9e7195ef1471e43db60bfcd62d2558993ced4,0.7,5,22,1,4,40,1.600000,0.989645171
lstm_augmented_grouped,RLVS,Violence/V_822.mp4,b34ef5b63ddd4e6f9b91820b60b9e7195ef1471e43db60bfcd62d2558993ced4,0.7,7,22,1,6,50,2.000000,0.986922886
gru_original_grouped,RLVS,Violence/V_822.mp4,b34ef5b63ddd4e6f9b91820b60b9e7195ef1471e43db60bfcd62d2558993ced4,0.65,5,22,1,4,40,1.600000,0.980130672
gru_augmented_grouped,RLVS,Violence/V_822.mp4,b34ef5b63ddd4e6f9b91820b60b9e7195ef1471e43db60bfcd62d2558993ced4,0.65,10,22,1,9,65,2.600000,0.991457534
lstm_original_grouped,RWF-2000,train/Fight/rwf_train_fight_0213.avi,e533e9581ee19303dcbb85a993c39ae026206741c7c0ee2e7b5140201b9f5e26,0.7,5,27,1,4,40,1.600000,0.903831077
lstm_augmented_grouped,RWF-2000,train/Fight/rwf_train_fight_0213.avi,e533e9581ee19303dcbb85a993c39ae026206741c7c0ee2e7b5140201b9f5e26,0.7,7,27,1,6,50,2.000000,0.943317073
gru_original_grouped,RWF-2000,train/Fight/rwf_train_fight_0213.avi,e533e9581ee19303dcbb85a993c39ae026206741c7c0ee2e7b5140201b9f5e26,0.65,5,27,1,4,40,1.600000,0.805794871
gru_augmented_grouped,RWF-2000,train/Fight/rwf_train_fight_0213.avi,e533e9581ee19303dcbb85a993c39ae026206741c7c0ee2e7b5140201b9f5e26,0.65,10,27,1,9,65,2.600000,0.737750375
lstm_original_grouped,RWF-2000,train/Fight/rwf_train_fight_0376.avi,eaacb8f424876a7d3a6de26699f301dbfe1a52f8f73f57ab34d415f6783ba8a9,0.7,5,27,0,,,,
lstm_augmented_grouped,RWF-2000,train/Fight/rwf_train_fight_0376.avi,eaacb8f424876a7d3a6de26699f301dbfe1a52f8f73f57ab34d415f6783ba8a9,0.7,7,27,0,,,,
gru_original_grouped,RWF-2000,train/Fight/rwf_train_fight_0376.avi,eaacb8f424876a7d3a6de26699f301dbfe1a52f8f73f57ab34d415f6783ba8a9,0.65,5,27,0,,,,
gru_augmented_grouped,RWF-2000,train/Fight/rwf_train_fight_0376.avi,eaacb8f424876a7d3a6de26699f301dbfe1a52f8f73f57ab34d415f6783ba8a9,0.65,10,27,0,,,,
lstm_original_grouped,RLVS,Violence/V_841.mp4,6f2bb49e7cce481f8f2edf2cdd419208824ffbbdd7bed2498dee293e57efa499,0.7,5,27,1,4,40,1.600000,0.899241579
lstm_augmented_grouped,RLVS,Violence/V_841.mp4,6f2bb49e7cce481f8f2edf2cdd419208824ffbbdd7bed2498dee293e57efa499,0.7,7,27,1,6,50,2.000000,0.953551097
gru_original_grouped,RLVS,Violence/V_841.mp4,6f2bb49e7cce481f8f2edf2cdd419208824ffbbdd7bed2498dee293e57efa499,0.65,5,27,1,4,40,1.600000,0.884892344
gru_augmented_grouped,RLVS,Violence/V_841.mp4,6f2bb49e7cce481f8f2edf2cdd419208824ffbbdd7bed2498dee293e57efa499,0.65,10,27,1,9,65,2.600000,0.919490486
lstm_original_grouped,RLVS,Violence/V_203.mp4,720b0bb2127bf8baca14d4316c96f7abc7abe0dfc8cbc49d29660782b18ca04b,0.7,5,27,1,4,40,1.600000,0.971871579
lstm_augmented_grouped,RLVS,Violence/V_203.mp4,720b0bb2127bf8baca14d4316c96f7abc7abe0dfc8cbc49d29660782b18ca04b,0.7,7,27,1,6,50,2.000000,0.971116407
gru_original_grouped,RLVS,Violence/V_203.mp4,720b0bb2127bf8baca14d4316c96f7abc7abe0dfc8cbc49d29660782b18ca04b,0.65,5,27,1,4,40,1.600000,0.745149565
gru_augmented_grouped,RLVS,Violence/V_203.mp4,720b0bb2127bf8baca14d4316c96f7abc7abe0dfc8cbc49d29660782b18ca04b,0.65,10,27,1,9,65,2.600000,0.970182383
lstm_original_grouped,RLVS,Violence/V_259.mp4,99b500db2d17c8fb8ede4218812290586951d4dbcd89362f48980dff3e04e92f,0.7,5,24,1,4,40,1.600000,0.973670053
lstm_augmented_grouped,RLVS,Violence/V_259.mp4,99b500db2d17c8fb8ede4218812290586951d4dbcd89362f48980dff3e04e92f,0.7,7,24,1,6,50,2.000000,0.986282987
gru_original_grouped,RLVS,Violence/V_259.mp4,99b500db2d17c8fb8ede4218812290586951d4dbcd89362f48980dff3e04e92f,0.65,5,24,1,4,40,1.600000,0.958082426
gru_augmented_grouped,RLVS,Violence/V_259.mp4,99b500db2d17c8fb8ede4218812290586951d4dbcd89362f48980dff3e04e92f,0.65,10,24,1,9,65,2.600000,0.987412292
lstm_original_grouped,RLVS,Violence/V_806.mp4,be3974725ac38ec4b756b971ccad13ff7b733714a933a0351ccff800907c94bd,0.7,5,27,1,4,40,1.600000,0.994712090
lstm_augmented_grouped,RLVS,Violence/V_806.mp4,be3974725ac38ec4b756b971ccad13ff7b733714a933a0351ccff800907c94bd,0.7,7,27,1,6,50,2.000000,0.992744429
gru_original_grouped,RLVS,Violence/V_806.mp4,be3974725ac38ec4b756b971ccad13ff7b733714a933a0351ccff800907c94bd,0.65,5,27,1,4,40,1.600000,0.996276295
gru_augmented_grouped,RLVS,Violence/V_806.mp4,be3974725ac38ec4b756b971ccad13ff7b733714a933a0351ccff800907c94bd,0.65,10,27,1,9,65,2.600000,0.993914956
lstm_original_grouped,RWF-2000,val/Fight/rwf_val_fight_0081.avi,898e74ef4b465a939a76ed399c539076be646d60a98816a2e449b2a4b70260a9,0.7,5,27,1,4,40,1.600000,0.917454529
lstm_augmented_grouped,RWF-2000,val/Fight/rwf_val_fight_0081.avi,898e74ef4b465a939a76ed399c539076be646d60a98816a2e449b2a4b70260a9,0.7,7,27,1,6,50,2.000000,0.931685524
gru_original_grouped,RWF-2000,val/Fight/rwf_val_fight_0081.avi,898e74ef4b465a939a76ed399c539076be646d60a98816a2e449b2a4b70260a9,0.65,5,27,1,4,40,1.600000,0.843167865
gru_augmented_grouped,RWF-2000,val/Fight/rwf_val_fight_0081.avi,898e74ef4b465a939a76ed399c539076be646d60a98816a2e449b2a4b70260a9,0.65,10,27,0,,,,
lstm_original_grouped,RWF-2000,val/Fight/rwf_val_fight_0136.avi,cda853c72fa7da19bbc6daf669b125c543fb5a6657d0d2ac8b062575225c956b,0.7,5,27,1,4,40,1.600000,0.985706508
lstm_augmented_grouped,RWF-2000,val/Fight/rwf_val_fight_0136.avi,cda853c72fa7da19bbc6daf669b125c543fb5a6657d0d2ac8b062575225c956b,0.7,7,27,1,6,50,2.000000,0.976899113
gru_original_grouped,RWF-2000,val/Fight/rwf_val_fight_0136.avi,cda853c72fa7da19bbc6daf669b125c543fb5a6657d0d2ac8b062575225c956b,0.65,5,27,1,4,40,1.600000,0.986501682
gru_augmented_grouped,RWF-2000,val/Fight/rwf_val_fight_0136.avi,cda853c72fa7da19bbc6daf669b125c543fb5a6657d0d2ac8b062575225c956b,0.65,10,27,1,9,65,2.600000,0.986480576
lstm_original_grouped,RWF-2000,train/Fight/rwf_train_fight_0572.avi,eb55d33af8d8ab6d23dba6b6761ad91f9065ba34fee20fba557ed8f6a44c56f6,0.7,5,27,1,4,40,1.600000,0.979368365
lstm_augmented_grouped,RWF-2000,train/Fight/rwf_train_fight_0572.avi,eb55d33af8d8ab6d23dba6b6761ad91f9065ba34fee20fba557ed8f6a44c56f6,0.7,7,27,1,6,50,2.000000,0.960971151
gru_original_grouped,RWF-2000,train/Fight/rwf_train_fight_0572.avi,eb55d33af8d8ab6d23dba6b6761ad91f9065ba34fee20fba557ed8f6a44c56f6,0.65,5,27,1,4,40,1.600000,0.924820495
gru_augmented_grouped,RWF-2000,train/Fight/rwf_train_fight_0572.avi,eb55d33af8d8ab6d23dba6b6761ad91f9065ba34fee20fba557ed8f6a44c56f6,0.65,10,27,1,9,65,2.600000,0.911987311
lstm_original_grouped,RLVS,Violence/V_965.mp4,627053f489a7425c1a11665cb42f184a0356bed2491bf7077fa31b5ddc0e622e,0.7,5,27,1,4,40,1.600000,0.916593707
lstm_augmented_grouped,RLVS,Violence/V_965.mp4,627053f489a7425c1a11665cb42f184a0356bed2491bf7077fa31b5ddc0e622e,0.7,7,27,1,6,50,2.000000,0.925718444
gru_original_grouped,RLVS,Violence/V_965.mp4,627053f489a7425c1a11665cb42f184a0356bed2491bf7077fa31b5ddc0e622e,0.65,5,27,1,4,40,1.600000,0.959787416
gru_augmented_grouped,RLVS,Violence/V_965.mp4,627053f489a7425c1a11665cb42f184a0356bed2491bf7077fa31b5ddc0e622e,0.65,10,27,1,9,65,2.600000,0.657897340
lstm_original_grouped,RWF-2000,train/Fight/rwf_train_fight_0448.avi,e6dde7a5cec1d1ac6a3a4d4a38413abc70d0983c4afa49d30f439b941daf56e7,0.7,5,27,0,,,,
lstm_augmented_grouped,RWF-2000,train/Fight/rwf_train_fight_0448.avi,e6dde7a5cec1d1ac6a3a4d4a38413abc70d0983c4afa49d30f439b941daf56e7,0.7,7,27,0,,,,
gru_original_grouped,RWF-2000,train/Fight/rwf_train_fight_0448.avi,e6dde7a5cec1d1ac6a3a4d4a38413abc70d0983c4afa49d30f439b941daf56e7,0.65,5,27,0,,,,
gru_augmented_grouped,RWF-2000,train/Fight/rwf_train_fight_0448.avi,e6dde7a5cec1d1ac6a3a4d4a38413abc70d0983c4afa49d30f439b941daf56e7,0.65,10,27,0,,,,
lstm_original_grouped,RLVS,Violence/V_973.mp4,5b431fa0ede8a793f8564cc663cf9d9014cd69415ed0b3285b8380ab581471d0,0.7,5,27,1,6,50,2.000000,0.743734980
lstm_augmented_grouped,RLVS,Violence/V_973.mp4,5b431fa0ede8a793f8564cc663cf9d9014cd69415ed0b3285b8380ab581471d0,0.7,7,27,1,8,60,2.400000,0.710392824
gru_original_grouped,RLVS,Violence/V_973.mp4,5b431fa0ede8a793f8564cc663cf9d9014cd69415ed0b3285b8380ab581471d0,0.65,5,27,1,5,45,1.800000,0.753651142
gru_augmented_grouped,RLVS,Violence/V_973.mp4,5b431fa0ede8a793f8564cc663cf9d9014cd69415ed0b3285b8380ab581471d0,0.65,10,27,1,9,65,2.600000,0.684264574
lstm_original_grouped,RLVS,Violence/V_671.mp4,e3db54abdbf3fa357246df6378ad4c90cfc624f8c2314cf0d15476e1e829d7c8,0.7,5,22,1,16,100,4.000000,0.785125613
lstm_augmented_grouped,RLVS,Violence/V_671.mp4,e3db54abdbf3fa357246df6378ad4c90cfc624f8c2314cf0d15476e1e829d7c8,0.7,7,22,0,,,,
gru_original_grouped,RLVS,Violence/V_671.mp4,e3db54abdbf3fa357246df6378ad4c90cfc624f8c2314cf0d15476e1e829d7c8,0.65,5,22,1,13,85,3.400000,0.682085049
gru_augmented_grouped,RLVS,Violence/V_671.mp4,e3db54abdbf3fa357246df6378ad4c90cfc624f8c2314cf0d15476e1e829d7c8,0.65,10,22,1,16,100,4.000000,0.733167061
lstm_original_grouped,RLVS,Violence/V_483.mp4,9c2f3575619beeddd363ac74228acb9d4a7f02b29bbe33508fad2e6417ab6f7f,0.7,5,25,1,4,40,1.600000,0.981924522
lstm_augmented_grouped,RLVS,Violence/V_483.mp4,9c2f3575619beeddd363ac74228acb9d4a7f02b29bbe33508fad2e6417ab6f7f,0.7,7,25,1,6,50,2.000000,0.967534210
gru_original_grouped,RLVS,Violence/V_483.mp4,9c2f3575619beeddd363ac74228acb9d4a7f02b29bbe33508fad2e6417ab6f7f,0.65,5,25,1,4,40,1.600000,0.719001752
gru_augmented_grouped,RLVS,Violence/V_483.mp4,9c2f3575619beeddd363ac74228acb9d4a7f02b29bbe33508fad2e6417ab6f7f,0.65,10,25,1,9,65,2.600000,0.946774507
lstm_original_grouped,RWF-2000,train/Fight/rwf_train_fight_0396.avi,f56a120be29209bf87346e16bd04b3d4909d007d138708a51b06d7c782ddfbd8,0.7,5,27,1,4,40,1.600000,0.868928504
lstm_augmented_grouped,RWF-2000,train/Fight/rwf_train_fight_0396.avi,f56a120be29209bf87346e16bd04b3d4909d007d138708a51b06d7c782ddfbd8,0.7,7,27,1,6,50,2.000000,0.860505819
gru_original_grouped,RWF-2000,train/Fight/rwf_train_fight_0396.avi,f56a120be29209bf87346e16bd04b3d4909d007d138708a51b06d7c782ddfbd8,0.65,5,27,1,4,40,1.600000,0.878441644
gru_augmented_grouped,RWF-2000,train/Fight/rwf_train_fight_0396.avi,f56a120be29209bf87346e16bd04b3d4909d007d138708a51b06d7c782ddfbd8,0.65,10,27,1,9,65,2.600000,0.835899180
lstm_original_grouped,RWF-2000,train/Fight/rwf_train_fight_0705.avi,de5b85949b21330a641a56da8e2f50dc99e7e5c3265914a5e1207763495f1234,0.7,5,27,1,4,40,1.600000,0.983354187
lstm_augmented_grouped,RWF-2000,train/Fight/rwf_train_fight_0705.avi,de5b85949b21330a641a56da8e2f50dc99e7e5c3265914a5e1207763495f1234,0.7,7,27,1,6,50,2.000000,0.961670067
gru_original_grouped,RWF-2000,train/Fight/rwf_train_fight_0705.avi,de5b85949b21330a641a56da8e2f50dc99e7e5c3265914a5e1207763495f1234,0.65,5,27,1,4,40,1.600000,0.908641160
gru_augmented_grouped,RWF-2000,train/Fight/rwf_train_fight_0705.avi,de5b85949b21330a641a56da8e2f50dc99e7e5c3265914a5e1207763495f1234,0.65,10,27,1,9,65,2.600000,0.890118730
lstm_original_grouped,RLVS,Violence/V_657.mp4,eb970426f887d3305bf6c871846f67bcbea6570657e382e5e3eac0b1a5ce6adf,0.7,5,22,1,4,40,1.600000,0.981942785
lstm_augmented_grouped,RLVS,Violence/V_657.mp4,eb970426f887d3305bf6c871846f67bcbea6570657e382e5e3eac0b1a5ce6adf,0.7,7,22,1,6,50,2.000000,0.969567350
gru_original_grouped,RLVS,Violence/V_657.mp4,eb970426f887d3305bf6c871846f67bcbea6570657e382e5e3eac0b1a5ce6adf,0.65,5,22,1,4,40,1.600000,0.997353554
gru_augmented_grouped,RLVS,Violence/V_657.mp4,eb970426f887d3305bf6c871846f67bcbea6570657e382e5e3eac0b1a5ce6adf,0.65,10,22,1,9,65,2.600000,0.996622074
lstm_original_grouped,RWF-2000,train/Fight/rwf_train_fight_0368.avi,58c7ce07ba88c7d1cbae970d16e270f5ad76293d52e933d25a90eb2e56fdfe5c,0.7,5,27,1,4,40,1.600000,0.754194868
lstm_augmented_grouped,RWF-2000,train/Fight/rwf_train_fight_0368.avi,58c7ce07ba88c7d1cbae970d16e270f5ad76293d52e933d25a90eb2e56fdfe5c,0.7,7,27,1,6,50,2.000000,0.793191092
gru_original_grouped,RWF-2000,train/Fight/rwf_train_fight_0368.avi,58c7ce07ba88c7d1cbae970d16e270f5ad76293d52e933d25a90eb2e56fdfe5c,0.65,5,27,1,4,40,1.600000,0.888744307
gru_augmented_grouped,RWF-2000,train/Fight/rwf_train_fight_0368.avi,58c7ce07ba88c7d1cbae970d16e270f5ad76293d52e933d25a90eb2e56fdfe5c,0.65,10,27,1,9,65,2.600000,0.958723032
lstm_original_grouped,RLVS,Violence/V_612.mp4,91bfa0e3320b9810b3d423721838affe5ef505cc995bdbfb5305a36790907f1c,0.7,5,34,1,4,40,1.600000,0.971701598
lstm_augmented_grouped,RLVS,Violence/V_612.mp4,91bfa0e3320b9810b3d423721838affe5ef505cc995bdbfb5305a36790907f1c,0.7,7,34,1,6,50,2.000000,0.980266230
gru_original_grouped,RLVS,Violence/V_612.mp4,91bfa0e3320b9810b3d423721838affe5ef505cc995bdbfb5305a36790907f1c,0.65,5,34,1,4,40,1.600000,0.965103269
gru_augmented_grouped,RLVS,Violence/V_612.mp4,91bfa0e3320b9810b3d423721838affe5ef505cc995bdbfb5305a36790907f1c,0.65,10,34,1,9,65,2.600000,0.971625745
lstm_original_grouped,RWF-2000,train/Fight/rwf_train_fight_0371.avi,0b098233b66685fc1e14db5c307604e60ccc1698852cd51885d104494783c229,0.7,5,27,1,4,40,1.600000,0.952337873
lstm_augmented_grouped,RWF-2000,train/Fight/rwf_train_fight_0371.avi,0b098233b66685fc1e14db5c307604e60ccc1698852cd51885d104494783c229,0.7,7,27,1,6,50,2.000000,0.938934999
gru_original_grouped,RWF-2000,train/Fight/rwf_train_fight_0371.avi,0b098233b66685fc1e14db5c307604e60ccc1698852cd51885d104494783c229,0.65,5,27,1,4,40,1.600000,0.945034134
gru_augmented_grouped,RWF-2000,train/Fight/rwf_train_fight_0371.avi,0b098233b66685fc1e14db5c307604e60ccc1698852cd51885d104494783c229,0.65,10,27,1,9,65,2.600000,0.960938883
lstm_original_grouped,RLVS,Violence/V_53.mp4,97ec60d1e6358cc3f7f7ce3e0ebc6abea8700537e21faef84c689c380b1742f7,0.7,5,19,1,4,40,1.600000,0.901316583
lstm_augmented_grouped,RLVS,Violence/V_53.mp4,97ec60d1e6358cc3f7f7ce3e0ebc6abea8700537e21faef84c689c380b1742f7,0.7,7,19,1,6,50,2.000000,0.963684286
gru_original_grouped,RLVS,Violence/V_53.mp4,97ec60d1e6358cc3f7f7ce3e0ebc6abea8700537e21faef84c689c380b1742f7,0.65,5,19,1,4,40,1.600000,0.950722992
gru_augmented_grouped,RLVS,Violence/V_53.mp4,97ec60d1e6358cc3f7f7ce3e0ebc6abea8700537e21faef84c689c380b1742f7,0.65,10,19,1,9,65,2.600000,0.934810978
lstm_original_grouped,RWF-2000,train/Fight/rwf_train_fight_0752.avi,ae4ed8c3b707afc88167e0a5236dab5c999b15a3a42e0dee1cdc9353ecc6b1c0,0.7,5,27,1,4,40,1.600000,0.772560430
lstm_augmented_grouped,RWF-2000,train/Fight/rwf_train_fight_0752.avi,ae4ed8c3b707afc88167e0a5236dab5c999b15a3a42e0dee1cdc9353ecc6b1c0,0.7,7,27,1,10,70,2.800000,0.700784879
gru_original_grouped,RWF-2000,train/Fight/rwf_train_fight_0752.avi,ae4ed8c3b707afc88167e0a5236dab5c999b15a3a42e0dee1cdc9353ecc6b1c0,0.65,5,27,0,,,,
gru_augmented_grouped,RWF-2000,train/Fight/rwf_train_fight_0752.avi,ae4ed8c3b707afc88167e0a5236dab5c999b15a3a42e0dee1cdc9353ecc6b1c0,0.65,10,27,0,,,,
lstm_original_grouped,RWF-2000,val/Fight/rwf_val_fight_0066.avi,1a9c78f04745ca40ead40922db882cec38ab87e429b1f3628fe83d895ffa7c81,0.7,5,27,1,10,70,2.800000,0.720482934
lstm_augmented_grouped,RWF-2000,val/Fight/rwf_val_fight_0066.avi,1a9c78f04745ca40ead40922db882cec38ab87e429b1f3628fe83d895ffa7c81,0.7,7,27,1,6,50,2.000000,0.832696651
gru_original_grouped,RWF-2000,val/Fight/rwf_val_fight_0066.avi,1a9c78f04745ca40ead40922db882cec38ab87e429b1f3628fe83d895ffa7c81,0.65,5,27,0,,,,
gru_augmented_grouped,RWF-2000,val/Fight/rwf_val_fight_0066.avi,1a9c78f04745ca40ead40922db882cec38ab87e429b1f3628fe83d895ffa7c81,0.65,10,27,1,12,80,3.200000,0.651593703
lstm_original_grouped,RLVS,Violence/V_787.mp4,30494c9a731581cf8d441143c187605f535e9a21ec8173ba102235793176cb32,0.7,5,28,1,4,40,1.600000,0.997614419
lstm_augmented_grouped,RLVS,Violence/V_787.mp4,30494c9a731581cf8d441143c187605f535e9a21ec8173ba102235793176cb32,0.7,7,28,1,6,50,2.000000,0.995192051
gru_original_grouped,RLVS,Violence/V_787.mp4,30494c9a731581cf8d441143c187605f535e9a21ec8173ba102235793176cb32,0.65,5,28,1,4,40,1.600000,0.999086308
gru_augmented_grouped,RLVS,Violence/V_787.mp4,30494c9a731581cf8d441143c187605f535e9a21ec8173ba102235793176cb32,0.65,10,28,1,9,65,2.600000,0.997929204
lstm_original_grouped,RLVS,Violence/V_596.mp4,12d43365748a8968f0db54e2c28ce80772a46a49197e6bdb48f27cc8b2eab40e,0.7,5,34,1,4,40,1.600000,0.868240321
lstm_augmented_grouped,RLVS,Violence/V_596.mp4,12d43365748a8968f0db54e2c28ce80772a46a49197e6bdb48f27cc8b2eab40e,0.7,7,34,1,6,50,2.000000,0.928874152
gru_original_grouped,RLVS,Violence/V_596.mp4,12d43365748a8968f0db54e2c28ce80772a46a49197e6bdb48f27cc8b2eab40e,0.65,5,34,1,4,40,1.600000,0.712703925
gru_augmented_grouped,RLVS,Violence/V_596.mp4,12d43365748a8968f0db54e2c28ce80772a46a49197e6bdb48f27cc8b2eab40e,0.65,10,34,1,9,65,2.600000,0.934535509
lstm_original_grouped,RLVS,Violence/V_634.mp4,61d6f3f4ca09172ecc5c5f186502a244bf71972bd0d9f54a9e4750637b6c154d,0.7,5,27,1,4,40,1.600000,0.985412109
lstm_augmented_grouped,RLVS,Violence/V_634.mp4,61d6f3f4ca09172ecc5c5f186502a244bf71972bd0d9f54a9e4750637b6c154d,0.7,7,27,1,6,50,2.000000,0.923893860
gru_original_grouped,RLVS,Violence/V_634.mp4,61d6f3f4ca09172ecc5c5f186502a244bf71972bd0d9f54a9e4750637b6c154d,0.65,5,27,1,4,40,1.600000,0.986396801
gru_augmented_grouped,RLVS,Violence/V_634.mp4,61d6f3f4ca09172ecc5c5f186502a244bf71972bd0d9f54a9e4750637b6c154d,0.65,10,27,0,,,,
lstm_original_grouped,RWF-2000,train/Fight/rwf_train_fight_0470.avi,7aea2dcd95cf6e1280fec9d2f8d4dd2e0d2c82f5e4ae9dac817aa135d546d4e6,0.7,5,27,0,,,,
lstm_augmented_grouped,RWF-2000,train/Fight/rwf_train_fight_0470.avi,7aea2dcd95cf6e1280fec9d2f8d4dd2e0d2c82f5e4ae9dac817aa135d546d4e6,0.7,7,27,1,6,50,2.000000,0.719532643
gru_original_grouped,RWF-2000,train/Fight/rwf_train_fight_0470.avi,7aea2dcd95cf6e1280fec9d2f8d4dd2e0d2c82f5e4ae9dac817aa135d546d4e6,0.65,5,27,0,,,,
gru_augmented_grouped,RWF-2000,train/Fight/rwf_train_fight_0470.avi,7aea2dcd95cf6e1280fec9d2f8d4dd2e0d2c82f5e4ae9dac817aa135d546d4e6,0.65,10,27,1,9,65,2.600000,0.774533999
lstm_original_grouped,RLVS,Violence/V_214.mp4,345aafd01d4297acc00b8d0d49c691311a3c199d1ca2966c153ec990328fb783,0.7,5,28,1,6,50,2.000000,0.704909241
lstm_augmented_grouped,RLVS,Violence/V_214.mp4,345aafd01d4297acc00b8d0d49c691311a3c199d1ca2966c153ec990328fb783,0.7,7,28,1,18,110,4.400000,0.704326681
gru_original_grouped,RLVS,Violence/V_214.mp4,345aafd01d4297acc00b8d0d49c691311a3c199d1ca2966c153ec990328fb783,0.65,5,28,1,4,40,1.600000,0.782106817
gru_augmented_grouped,RLVS,Violence/V_214.mp4,345aafd01d4297acc00b8d0d49c691311a3c199d1ca2966c153ec990328fb783,0.65,10,28,1,9,65,2.600000,0.673347116
lstm_original_grouped,RWF-2000,train/Fight/rwf_train_fight_0707.avi,77a44b5ea471555bd58975274b6fcd2c7c9558cb27d66d24371837e337a75f5e,0.7,5,27,1,4,40,1.600000,0.973564744
lstm_augmented_grouped,RWF-2000,train/Fight/rwf_train_fight_0707.avi,77a44b5ea471555bd58975274b6fcd2c7c9558cb27d66d24371837e337a75f5e,0.7,7,27,1,6,50,2.000000,0.960418871
gru_original_grouped,RWF-2000,train/Fight/rwf_train_fight_0707.avi,77a44b5ea471555bd58975274b6fcd2c7c9558cb27d66d24371837e337a75f5e,0.65,5,27,1,4,40,1.600000,0.945307791
gru_augmented_grouped,RWF-2000,train/Fight/rwf_train_fight_0707.avi,77a44b5ea471555bd58975274b6fcd2c7c9558cb27d66d24371837e337a75f5e,0.65,10,27,1,9,65,2.600000,0.951195723
lstm_original_grouped,RLVS,Violence/V_685.mp4,008652ebf4a0db6216e5c64fc8cecd49e10280d4a6335d9f5a6fd76fff91f07e,0.7,5,22,1,4,40,1.600000,0.970760810
lstm_augmented_grouped,RLVS,Violence/V_685.mp4,008652ebf4a0db6216e5c64fc8cecd49e10280d4a6335d9f5a6fd76fff91f07e,0.7,7,22,1,6,50,2.000000,0.865424395
gru_original_grouped,RLVS,Violence/V_685.mp4,008652ebf4a0db6216e5c64fc8cecd49e10280d4a6335d9f5a6fd76fff91f07e,0.65,5,22,1,4,40,1.600000,0.966404974
gru_augmented_grouped,RLVS,Violence/V_685.mp4,008652ebf4a0db6216e5c64fc8cecd49e10280d4a6335d9f5a6fd76fff91f07e,0.65,10,22,1,9,65,2.600000,0.963624370
lstm_original_grouped,RLVS,Violence/V_958.mp4,2da10b3241187452885b36044e65dbf713c25f0b3a63107652e9bedfeecd2081,0.7,5,22,1,4,40,1.600000,0.960570765
lstm_augmented_grouped,RLVS,Violence/V_958.mp4,2da10b3241187452885b36044e65dbf713c25f0b3a63107652e9bedfeecd2081,0.7,7,22,1,6,50,2.000000,0.976219995
gru_original_grouped,RLVS,Violence/V_958.mp4,2da10b3241187452885b36044e65dbf713c25f0b3a63107652e9bedfeecd2081,0.65,5,22,1,4,40,1.600000,0.964990532
gru_augmented_grouped,RLVS,Violence/V_958.mp4,2da10b3241187452885b36044e65dbf713c25f0b3a63107652e9bedfeecd2081,0.65,10,22,1,9,65,2.600000,0.960206413
lstm_original_grouped,RLVS,Violence/V_771.mp4,99c8a863c2cf6161d6408ecf5c09b5f9960ee4db7392ee748048c633c9424152,0.7,5,29,1,4,40,1.600000,0.950524008
lstm_augmented_grouped,RLVS,Violence/V_771.mp4,99c8a863c2cf6161d6408ecf5c09b5f9960ee4db7392ee748048c633c9424152,0.7,7,29,1,6,50,2.000000,0.982790521
gru_original_grouped,RLVS,Violence/V_771.mp4,99c8a863c2cf6161d6408ecf5c09b5f9960ee4db7392ee748048c633c9424152,0.65,5,29,1,4,40,1.600000,0.880409539
gru_augmented_grouped,RLVS,Violence/V_771.mp4,99c8a863c2cf6161d6408ecf5c09b5f9960ee4db7392ee748048c633c9424152,0.65,10,29,1,9,65,2.600000,0.937745154
lstm_original_grouped,RWF-2000,train/Fight/rwf_train_fight_0058.avi,81c8816d5b491b0d3996ac036891cdb1493b5efc5afac7a59546c5bb4caacd47,0.7,5,27,1,4,40,1.600000,0.879752409
lstm_augmented_grouped,RWF-2000,train/Fight/rwf_train_fight_0058.avi,81c8816d5b491b0d3996ac036891cdb1493b5efc5afac7a59546c5bb4caacd47,0.7,7,27,1,6,50,2.000000,0.849549200
gru_original_grouped,RWF-2000,train/Fight/rwf_train_fight_0058.avi,81c8816d5b491b0d3996ac036891cdb1493b5efc5afac7a59546c5bb4caacd47,0.65,5,27,1,4,40,1.600000,0.889023805
gru_augmented_grouped,RWF-2000,train/Fight/rwf_train_fight_0058.avi,81c8816d5b491b0d3996ac036891cdb1493b5efc5afac7a59546c5bb4caacd47,0.65,10,27,1,9,65,2.600000,0.848574173
lstm_original_grouped,RWF-2000,train/Fight/rwf_train_fight_0225.avi,ec2ced1d59c0da16d3d8094daf56a77a4f797264dffa45282f30ff487ae4aac0,0.7,5,27,1,4,40,1.600000,0.979134619
lstm_augmented_grouped,RWF-2000,train/Fight/rwf_train_fight_0225.avi,ec2ced1d59c0da16d3d8094daf56a77a4f797264dffa45282f30ff487ae4aac0,0.7,7,27,1,6,50,2.000000,0.964659350
gru_original_grouped,RWF-2000,train/Fight/rwf_train_fight_0225.avi,ec2ced1d59c0da16d3d8094daf56a77a4f797264dffa45282f30ff487ae4aac0,0.65,5,27,1,4,40,1.600000,0.928517771
gru_augmented_grouped,RWF-2000,train/Fight/rwf_train_fight_0225.avi,ec2ced1d59c0da16d3d8094daf56a77a4f797264dffa45282f30ff487ae4aac0,0.65,10,27,1,9,65,2.600000,0.938125622
lstm_original_grouped,RLVS,Violence/V_897.mp4,e9e18a23d0f4ea68e19ea1a2947ceb2474089b88d7b900ae597aa623734a272a,0.7,5,21,1,4,40,1.600000,0.891032350
lstm_augmented_grouped,RLVS,Violence/V_897.mp4,e9e18a23d0f4ea68e19ea1a2947ceb2474089b88d7b900ae597aa623734a272a,0.7,7,21,1,6,50,2.000000,0.939724624
gru_original_grouped,RLVS,Violence/V_897.mp4,e9e18a23d0f4ea68e19ea1a2947ceb2474089b88d7b900ae597aa623734a272a,0.65,5,21,1,4,40,1.600000,0.994391453
gru_augmented_grouped,RLVS,Violence/V_897.mp4,e9e18a23d0f4ea68e19ea1a2947ceb2474089b88d7b900ae597aa623734a272a,0.65,10,21,1,9,65,2.600000,0.989675480
lstm_original_grouped,RLVS,Violence/V_951.mp4,de3a77dc4cbc3c893e16bb01454c7a370eed07f9e7b50bc865add90be3705cb8,0.7,5,26,1,4,40,1.600000,0.981544960
lstm_augmented_grouped,RLVS,Violence/V_951.mp4,de3a77dc4cbc3c893e16bb01454c7a370eed07f9e7b50bc865add90be3705cb8,0.7,7,26,1,6,50,2.000000,0.977785085
gru_original_grouped,RLVS,Violence/V_951.mp4,de3a77dc4cbc3c893e16bb01454c7a370eed07f9e7b50bc865add90be3705cb8,0.65,5,26,1,4,40,1.600000,0.984201586
gru_augmented_grouped,RLVS,Violence/V_951.mp4,de3a77dc4cbc3c893e16bb01454c7a370eed07f9e7b50bc865add90be3705cb8,0.65,10,26,1,9,65,2.600000,0.983622348
lstm_original_grouped,RWF-2000,train/Fight/rwf_train_fight_0623.avi,162202bbb9d29f3fd28a45bf8b8aa8778bf1f4f282c0323ebd4b785b060af1d4,0.7,5,27,0,,,,
lstm_augmented_grouped,RWF-2000,train/Fight/rwf_train_fight_0623.avi,162202bbb9d29f3fd28a45bf8b8aa8778bf1f4f282c0323ebd4b785b060af1d4,0.7,7,27,0,,,,
gru_original_grouped,RWF-2000,train/Fight/rwf_train_fight_0623.avi,162202bbb9d29f3fd28a45bf8b8aa8778bf1f4f282c0323ebd4b785b060af1d4,0.65,5,27,0,,,,
gru_augmented_grouped,RWF-2000,train/Fight/rwf_train_fight_0623.avi,162202bbb9d29f3fd28a45bf8b8aa8778bf1f4f282c0323ebd4b785b060af1d4,0.65,10,27,0,,,,
lstm_original_grouped,RLVS,Violence/V_468.mp4,481171ce269aac25c3b53ea6472621b39893c5100302f78e4789f12ff2b5c09f,0.7,5,27,1,4,40,1.600000,0.984785151
lstm_augmented_grouped,RLVS,Violence/V_468.mp4,481171ce269aac25c3b53ea6472621b39893c5100302f78e4789f12ff2b5c09f,0.7,7,27,1,6,50,2.000000,0.977239694
gru_original_grouped,RLVS,Violence/V_468.mp4,481171ce269aac25c3b53ea6472621b39893c5100302f78e4789f12ff2b5c09f,0.65,5,27,1,4,40,1.600000,0.986931312
gru_augmented_grouped,RLVS,Violence/V_468.mp4,481171ce269aac25c3b53ea6472621b39893c5100302f78e4789f12ff2b5c09f,0.65,10,27,1,9,65,2.600000,0.979820555
lstm_original_grouped,RLVS,Violence/V_427.mp4,4224b95dc74e14465f52b3784dfb8eddc758698291c0d3c2dfe1b5efaa11bf8e,0.7,5,25,1,4,40,1.600000,0.961986148
lstm_augmented_grouped,RLVS,Violence/V_427.mp4,4224b95dc74e14465f52b3784dfb8eddc758698291c0d3c2dfe1b5efaa11bf8e,0.7,7,25,1,6,50,2.000000,0.926414260
gru_original_grouped,RLVS,Violence/V_427.mp4,4224b95dc74e14465f52b3784dfb8eddc758698291c0d3c2dfe1b5efaa11bf8e,0.65,5,25,1,4,40,1.600000,0.947478652
gru_augmented_grouped,RLVS,Violence/V_427.mp4,4224b95dc74e14465f52b3784dfb8eddc758698291c0d3c2dfe1b5efaa11bf8e,0.65,10,25,1,9,65,2.600000,0.948811364
lstm_original_grouped,RWF-2000,train/Fight/rwf_train_fight_0242.avi,0c2855441b082c81dfed6849804cf68666932a2f914b05d1588617102cfbf28c,0.7,5,27,1,4,40,1.600000,0.948596418
lstm_augmented_grouped,RWF-2000,train/Fight/rwf_train_fight_0242.avi,0c2855441b082c81dfed6849804cf68666932a2f914b05d1588617102cfbf28c,0.7,7,27,1,6,50,2.000000,0.929057845
gru_original_grouped,RWF-2000,train/Fight/rwf_train_fight_0242.avi,0c2855441b082c81dfed6849804cf68666932a2f914b05d1588617102cfbf28c,0.65,5,27,1,4,40,1.600000,0.842597830
gru_augmented_grouped,RWF-2000,train/Fight/rwf_train_fight_0242.avi,0c2855441b082c81dfed6849804cf68666932a2f914b05d1588617102cfbf28c,0.65,10,27,1,9,65,2.600000,0.696595740
lstm_original_grouped,RWF-2000,train/Fight/rwf_train_fight_0086.avi,15429da03cc36fd352295163c1a58e1389e1b4fc4e452554dc3e111d70447d1b,0.7,5,27,1,4,40,1.600000,0.908304060
lstm_augmented_grouped,RWF-2000,train/Fight/rwf_train_fight_0086.avi,15429da03cc36fd352295163c1a58e1389e1b4fc4e452554dc3e111d70447d1b,0.7,7,27,1,11,75,3.000000,0.713517215
gru_original_grouped,RWF-2000,train/Fight/rwf_train_fight_0086.avi,15429da03cc36fd352295163c1a58e1389e1b4fc4e452554dc3e111d70447d1b,0.65,5,27,1,4,40,1.600000,0.885087073
gru_augmented_grouped,RWF-2000,train/Fight/rwf_train_fight_0086.avi,15429da03cc36fd352295163c1a58e1389e1b4fc4e452554dc3e111d70447d1b,0.65,10,27,1,9,65,2.600000,0.766189069
lstm_original_grouped,RLVS,Violence/V_584.mp4,62e65b2ec40a0f4940ee9152eebc03405e6f7c7c608397a831058b240b24918f,0.7,5,34,1,4,40,1.600000,0.993376362
lstm_augmented_grouped,RLVS,Violence/V_584.mp4,62e65b2ec40a0f4940ee9152eebc03405e6f7c7c608397a831058b240b24918f,0.7,7,34,1,6,50,2.000000,0.976310917
gru_original_grouped,RLVS,Violence/V_584.mp4,62e65b2ec40a0f4940ee9152eebc03405e6f7c7c608397a831058b240b24918f,0.65,5,34,1,4,40,1.600000,0.992238247
gru_augmented_grouped,RLVS,Violence/V_584.mp4,62e65b2ec40a0f4940ee9152eebc03405e6f7c7c608397a831058b240b24918f,0.65,10,34,1,9,65,2.600000,0.990578973
lstm_original_grouped,RWF-2000,val/Fight/rwf_val_fight_0148.avi,2c418592c3cf34e61b371ce4e9da41799ee422e96c81618e54ea14f3e2e9af59,0.7,5,27,1,4,40,1.600000,0.977674115
lstm_augmented_grouped,RWF-2000,val/Fight/rwf_val_fight_0148.avi,2c418592c3cf34e61b371ce4e9da41799ee422e96c81618e54ea14f3e2e9af59,0.7,7,27,1,6,50,2.000000,0.962003546
gru_original_grouped,RWF-2000,val/Fight/rwf_val_fight_0148.avi,2c418592c3cf34e61b371ce4e9da41799ee422e96c81618e54ea14f3e2e9af59,0.65,5,27,1,4,40,1.600000,0.882852173
gru_augmented_grouped,RWF-2000,val/Fight/rwf_val_fight_0148.avi,2c418592c3cf34e61b371ce4e9da41799ee422e96c81618e54ea14f3e2e9af59,0.65,10,27,1,9,65,2.600000,0.876361096
lstm_original_grouped,RWF-2000,val/Fight/rwf_val_fight_0169.avi,dcae560faef2143271bc80c308cab117c5dda30d6107612295995f6139df97e2,0.7,5,27,1,4,40,1.600000,0.964373243
lstm_augmented_grouped,RWF-2000,val/Fight/rwf_val_fight_0169.avi,dcae560faef2143271bc80c308cab117c5dda30d6107612295995f6139df97e2,0.7,7,27,1,6,50,2.000000,0.872044929
gru_original_grouped,RWF-2000,val/Fight/rwf_val_fight_0169.avi,dcae560faef2143271bc80c308cab117c5dda30d6107612295995f6139df97e2,0.65,5,27,1,4,40,1.600000,0.882076323
gru_augmented_grouped,RWF-2000,val/Fight/rwf_val_fight_0169.avi,dcae560faef2143271bc80c308cab117c5dda30d6107612295995f6139df97e2,0.65,10,27,1,9,65,2.600000,0.736531729
lstm_original_grouped,RLVS,Violence/V_426.mp4,3c0593c6576e33b069400fbd1d606996e37cebad0c82e9d2a8592bd10d341f69,0.7,5,23,1,4,40,1.600000,0.975831473
lstm_augmented_grouped,RLVS,Violence/V_426.mp4,3c0593c6576e33b069400fbd1d606996e37cebad0c82e9d2a8592bd10d341f69,0.7,7,23,1,6,50,2.000000,0.974518572
gru_original_grouped,RLVS,Violence/V_426.mp4,3c0593c6576e33b069400fbd1d606996e37cebad0c82e9d2a8592bd10d341f69,0.65,5,23,1,4,40,1.600000,0.984066141
gru_augmented_grouped,RLVS,Violence/V_426.mp4,3c0593c6576e33b069400fbd1d606996e37cebad0c82e9d2a8592bd10d341f69,0.65,10,23,1,9,65,2.600000,0.980908847
lstm_original_grouped,RLVS,Violence/V_138.mp4,964e3d5b0043e9bb38af96492d10dd9eeb43e87b6b6ace7474d3a5e914951acd,0.7,5,32,1,4,40,1.600000,0.959799778
lstm_augmented_grouped,RLVS,Violence/V_138.mp4,964e3d5b0043e9bb38af96492d10dd9eeb43e87b6b6ace7474d3a5e914951acd,0.7,7,32,1,6,50,2.000000,0.939924334
gru_original_grouped,RLVS,Violence/V_138.mp4,964e3d5b0043e9bb38af96492d10dd9eeb43e87b6b6ace7474d3a5e914951acd,0.65,5,32,1,4,40,1.600000,0.931867206
gru_augmented_grouped,RLVS,Violence/V_138.mp4,964e3d5b0043e9bb38af96492d10dd9eeb43e87b6b6ace7474d3a5e914951acd,0.65,10,32,1,9,65,2.600000,0.943359143
lstm_original_grouped,RWF-2000,val/Fight/rwf_val_fight_0144.avi,36589c1342bfbd509482dcd8c469573797ac21b4a463731f1dced0dd02b13ef4,0.7,5,27,1,4,40,1.600000,0.885532463
lstm_augmented_grouped,RWF-2000,val/Fight/rwf_val_fight_0144.avi,36589c1342bfbd509482dcd8c469573797ac21b4a463731f1dced0dd02b13ef4,0.7,7,27,1,6,50,2.000000,0.906392642
gru_original_grouped,RWF-2000,val/Fight/rwf_val_fight_0144.avi,36589c1342bfbd509482dcd8c469573797ac21b4a463731f1dced0dd02b13ef4,0.65,5,27,1,4,40,1.600000,0.694106889
gru_augmented_grouped,RWF-2000,val/Fight/rwf_val_fight_0144.avi,36589c1342bfbd509482dcd8c469573797ac21b4a463731f1dced0dd02b13ef4,0.65,10,27,1,9,65,2.600000,0.752593887
lstm_original_grouped,RWF-2000,train/Fight/rwf_train_fight_0471.avi,82973ab4178f9a31617a222ea47064c3ec804f0ede3dda14845efc6dce1fd45f,0.7,5,27,1,7,55,2.200000,0.706287384
lstm_augmented_grouped,RWF-2000,train/Fight/rwf_train_fight_0471.avi,82973ab4178f9a31617a222ea47064c3ec804f0ede3dda14845efc6dce1fd45f,0.7,7,27,1,6,50,2.000000,0.858279475
gru_original_grouped,RWF-2000,train/Fight/rwf_train_fight_0471.avi,82973ab4178f9a31617a222ea47064c3ec804f0ede3dda14845efc6dce1fd45f,0.65,5,27,1,4,40,1.600000,0.661052537
gru_augmented_grouped,RWF-2000,train/Fight/rwf_train_fight_0471.avi,82973ab4178f9a31617a222ea47064c3ec804f0ede3dda14845efc6dce1fd45f,0.65,10,27,1,9,65,2.600000,0.831914800
lstm_original_grouped,RLVS,Violence/V_443.mp4,20508043c9228be2ac71d13882ee7837782de3501d75cd5380bd9816d6b4a53b,0.7,5,25,1,4,40,1.600000,0.988333178
lstm_augmented_grouped,RLVS,Violence/V_443.mp4,20508043c9228be2ac71d13882ee7837782de3501d75cd5380bd9816d6b4a53b,0.7,7,25,1,6,50,2.000000,0.981447603
gru_original_grouped,RLVS,Violence/V_443.mp4,20508043c9228be2ac71d13882ee7837782de3501d75cd5380bd9816d6b4a53b,0.65,5,25,1,4,40,1.600000,0.988438487
gru_augmented_grouped,RLVS,Violence/V_443.mp4,20508043c9228be2ac71d13882ee7837782de3501d75cd5380bd9816d6b4a53b,0.65,10,25,1,9,65,2.600000,0.985673362
lstm_original_grouped,RLVS,Violence/V_263.mp4,20ccf8a7898df923d998028f908183997ce62689061f8e37eacb85581a1ad2f0,0.7,5,26,1,4,40,1.600000,0.732598448
lstm_augmented_grouped,RLVS,Violence/V_263.mp4,20ccf8a7898df923d998028f908183997ce62689061f8e37eacb85581a1ad2f0,0.7,7,26,1,15,95,3.800000,0.716091062
gru_original_grouped,RLVS,Violence/V_263.mp4,20ccf8a7898df923d998028f908183997ce62689061f8e37eacb85581a1ad2f0,0.65,5,26,1,13,85,3.400000,0.672311497
gru_augmented_grouped,RLVS,Violence/V_263.mp4,20ccf8a7898df923d998028f908183997ce62689061f8e37eacb85581a1ad2f0,0.65,10,26,0,,,,
lstm_original_grouped,RLVS,Violence/V_5.mp4,0aed05c12a7c06a3af2b408e49edb7ead118dba224fa03ea0d4762a03fe648b2,0.7,5,19,1,4,40,1.600000,0.986274862
lstm_augmented_grouped,RLVS,Violence/V_5.mp4,0aed05c12a7c06a3af2b408e49edb7ead118dba224fa03ea0d4762a03fe648b2,0.7,7,19,1,6,50,2.000000,0.979976143
gru_original_grouped,RLVS,Violence/V_5.mp4,0aed05c12a7c06a3af2b408e49edb7ead118dba224fa03ea0d4762a03fe648b2,0.65,5,19,1,4,40,1.600000,0.994519627
gru_augmented_grouped,RLVS,Violence/V_5.mp4,0aed05c12a7c06a3af2b408e49edb7ead118dba224fa03ea0d4762a03fe648b2,0.65,10,19,1,9,65,2.600000,0.986017752
lstm_original_grouped,RWF-2000,train/Fight/rwf_train_fight_0754.avi,d7128ed1dbc2cb22c7bfb60740d8a967443824412b706c3d57043ad1c1a5397e,0.7,5,27,1,4,40,1.600000,0.879276800
lstm_augmented_grouped,RWF-2000,train/Fight/rwf_train_fight_0754.avi,d7128ed1dbc2cb22c7bfb60740d8a967443824412b706c3d57043ad1c1a5397e,0.7,7,27,1,6,50,2.000000,0.898510890
gru_original_grouped,RWF-2000,train/Fight/rwf_train_fight_0754.avi,d7128ed1dbc2cb22c7bfb60740d8a967443824412b706c3d57043ad1c1a5397e,0.65,5,27,1,4,40,1.600000,0.945165884
gru_augmented_grouped,RWF-2000,train/Fight/rwf_train_fight_0754.avi,d7128ed1dbc2cb22c7bfb60740d8a967443824412b706c3d57043ad1c1a5397e,0.65,10,27,1,9,65,2.600000,0.970777106
lstm_original_grouped,RWF-2000,train/Fight/rwf_train_fight_0163.avi,49bea4e76f38b841fd6c939d4c6fe06a2aaf324a76df34355948967212bf5617,0.7,5,27,0,,,,
lstm_augmented_grouped,RWF-2000,train/Fight/rwf_train_fight_0163.avi,49bea4e76f38b841fd6c939d4c6fe06a2aaf324a76df34355948967212bf5617,0.7,7,27,1,6,50,2.000000,0.701815171
gru_original_grouped,RWF-2000,train/Fight/rwf_train_fight_0163.avi,49bea4e76f38b841fd6c939d4c6fe06a2aaf324a76df34355948967212bf5617,0.65,5,27,1,10,70,2.800000,0.658482337
gru_augmented_grouped,RWF-2000,train/Fight/rwf_train_fight_0163.avi,49bea4e76f38b841fd6c939d4c6fe06a2aaf324a76df34355948967212bf5617,0.65,10,27,1,9,65,2.600000,0.757451302
lstm_original_grouped,RWF-2000,val/Fight/rwf_val_fight_0063.avi,c71399a1d057071b7f063c5ffb96a0465e08c0874c53264e3e55905c9f1f6bba,0.7,5,27,1,4,40,1.600000,0.973405933
lstm_augmented_grouped,RWF-2000,val/Fight/rwf_val_fight_0063.avi,c71399a1d057071b7f063c5ffb96a0465e08c0874c53264e3e55905c9f1f6bba,0.7,7,27,1,6,50,2.000000,0.961209425
gru_original_grouped,RWF-2000,val/Fight/rwf_val_fight_0063.avi,c71399a1d057071b7f063c5ffb96a0465e08c0874c53264e3e55905c9f1f6bba,0.65,5,27,1,4,40,1.600000,0.725639933
gru_augmented_grouped,RWF-2000,val/Fight/rwf_val_fight_0063.avi,c71399a1d057071b7f063c5ffb96a0465e08c0874c53264e3e55905c9f1f6bba,0.65,10,27,1,9,65,2.600000,0.815630031
lstm_original_grouped,RWF-2000,train/Fight/rwf_train_fight_0114.avi,616018b736573d70d0ebbe9f185952b72bd390d693f463f6dc363536bfe35e2f,0.7,5,27,0,,,,
lstm_augmented_grouped,RWF-2000,train/Fight/rwf_train_fight_0114.avi,616018b736573d70d0ebbe9f185952b72bd390d693f463f6dc363536bfe35e2f,0.7,7,27,1,6,50,2.000000,0.802442755
gru_original_grouped,RWF-2000,train/Fight/rwf_train_fight_0114.avi,616018b736573d70d0ebbe9f185952b72bd390d693f463f6dc363536bfe35e2f,0.65,5,27,1,4,40,1.600000,0.676874650
gru_augmented_grouped,RWF-2000,train/Fight/rwf_train_fight_0114.avi,616018b736573d70d0ebbe9f185952b72bd390d693f463f6dc363536bfe35e2f,0.65,10,27,0,,,,
lstm_original_grouped,RLVS,Violence/V_132.mp4,9a4b0a1a9f6f23238c0d2f671211913a23e4f5eb1da06eca45bb6f0988521f92,0.7,5,32,1,4,40,1.600000,0.977664113
lstm_augmented_grouped,RLVS,Violence/V_132.mp4,9a4b0a1a9f6f23238c0d2f671211913a23e4f5eb1da06eca45bb6f0988521f92,0.7,7,32,1,6,50,2.000000,0.974748407
gru_original_grouped,RLVS,Violence/V_132.mp4,9a4b0a1a9f6f23238c0d2f671211913a23e4f5eb1da06eca45bb6f0988521f92,0.65,5,32,1,4,40,1.600000,0.991126561
gru_augmented_grouped,RLVS,Violence/V_132.mp4,9a4b0a1a9f6f23238c0d2f671211913a23e4f5eb1da06eca45bb6f0988521f92,0.65,10,32,1,9,65,2.600000,0.989077735
lstm_original_grouped,RLVS,Violence/V_466.mp4,5fe0b14f785ba9cc3703fc1e862478b345d8bf0f09413d9c99707413384d7fda,0.7,5,30,1,4,40,1.600000,0.972936714
lstm_augmented_grouped,RLVS,Violence/V_466.mp4,5fe0b14f785ba9cc3703fc1e862478b345d8bf0f09413d9c99707413384d7fda,0.7,7,30,1,6,50,2.000000,0.967468177
gru_original_grouped,RLVS,Violence/V_466.mp4,5fe0b14f785ba9cc3703fc1e862478b345d8bf0f09413d9c99707413384d7fda,0.65,5,30,1,4,40,1.600000,0.972020268
gru_augmented_grouped,RLVS,Violence/V_466.mp4,5fe0b14f785ba9cc3703fc1e862478b345d8bf0f09413d9c99707413384d7fda,0.65,10,30,1,9,65,2.600000,0.968623102
lstm_original_grouped,RWF-2000,train/Fight/rwf_train_fight_0083.avi,60591ba1c0b2424e0460cea2ca19de40c445cf80ac8bca1668c77d8b16ccf3df,0.7,5,27,1,4,40,1.600000,0.792736578
lstm_augmented_grouped,RWF-2000,train/Fight/rwf_train_fight_0083.avi,60591ba1c0b2424e0460cea2ca19de40c445cf80ac8bca1668c77d8b16ccf3df,0.7,7,27,1,6,50,2.000000,0.944730214
gru_original_grouped,RWF-2000,train/Fight/rwf_train_fight_0083.avi,60591ba1c0b2424e0460cea2ca19de40c445cf80ac8bca1668c77d8b16ccf3df,0.65,5,27,1,4,40,1.600000,0.769091797
gru_augmented_grouped,RWF-2000,train/Fight/rwf_train_fight_0083.avi,60591ba1c0b2424e0460cea2ca19de40c445cf80ac8bca1668c77d8b16ccf3df,0.65,10,27,1,9,65,2.600000,0.686319041
lstm_original_grouped,RLVS,Violence/V_790.mp4,351f18a0f89e287ba9ff8a7b7981fc8b3c89f8804736e407d42e2acc5a6e4984,0.7,5,24,1,4,40,1.600000,0.977195430
lstm_augmented_grouped,RLVS,Violence/V_790.mp4,351f18a0f89e287ba9ff8a7b7981fc8b3c89f8804736e407d42e2acc5a6e4984,0.7,7,24,1,6,50,2.000000,0.981912460
gru_original_grouped,RLVS,Violence/V_790.mp4,351f18a0f89e287ba9ff8a7b7981fc8b3c89f8804736e407d42e2acc5a6e4984,0.65,5,24,1,4,40,1.600000,0.951748395
gru_augmented_grouped,RLVS,Violence/V_790.mp4,351f18a0f89e287ba9ff8a7b7981fc8b3c89f8804736e407d42e2acc5a6e4984,0.65,10,24,1,9,65,2.600000,0.957581049
lstm_original_grouped,RLVS,Violence/V_601.mp4,5741695b1f316e99813776a784d5cdfc797102f255a7bb8e5e059a54e1749982,0.7,5,34,1,4,40,1.600000,0.975503159
lstm_augmented_grouped,RLVS,Violence/V_601.mp4,5741695b1f316e99813776a784d5cdfc797102f255a7bb8e5e059a54e1749982,0.7,7,34,1,6,50,2.000000,0.950742389
gru_original_grouped,RLVS,Violence/V_601.mp4,5741695b1f316e99813776a784d5cdfc797102f255a7bb8e5e059a54e1749982,0.65,5,34,1,4,40,1.600000,0.993780959
gru_augmented_grouped,RLVS,Violence/V_601.mp4,5741695b1f316e99813776a784d5cdfc797102f255a7bb8e5e059a54e1749982,0.65,10,34,1,9,65,2.600000,0.995291799
lstm_original_grouped,RLVS,Violence/V_758.mp4,314c802441f7251a334d6610f0ee0459a146e21d90ee524379d07fa8f091da8d,0.7,5,23,1,4,40,1.600000,0.926864827
lstm_augmented_grouped,RLVS,Violence/V_758.mp4,314c802441f7251a334d6610f0ee0459a146e21d90ee524379d07fa8f091da8d,0.7,7,23,1,6,50,2.000000,0.848981193
gru_original_grouped,RLVS,Violence/V_758.mp4,314c802441f7251a334d6610f0ee0459a146e21d90ee524379d07fa8f091da8d,0.65,5,23,1,15,95,3.800000,0.703181636
gru_augmented_grouped,RLVS,Violence/V_758.mp4,314c802441f7251a334d6610f0ee0459a146e21d90ee524379d07fa8f091da8d,0.65,10,23,1,18,110,4.400000,0.728607544
lstm_original_grouped,RLVS,Violence/V_675.mp4,8b008e3d8fb929e080fdba711ed44f97d11b7ecb12cc34b169a19b39b9eca82d,0.7,5,22,1,4,40,1.600000,0.926331735
lstm_augmented_grouped,RLVS,Violence/V_675.mp4,8b008e3d8fb929e080fdba711ed44f97d11b7ecb12cc34b169a19b39b9eca82d,0.7,7,22,1,6,50,2.000000,0.787086104
gru_original_grouped,RLVS,Violence/V_675.mp4,8b008e3d8fb929e080fdba711ed44f97d11b7ecb12cc34b169a19b39b9eca82d,0.65,5,22,1,4,40,1.600000,0.875449967
gru_augmented_grouped,RLVS,Violence/V_675.mp4,8b008e3d8fb929e080fdba711ed44f97d11b7ecb12cc34b169a19b39b9eca82d,0.65,10,22,1,9,65,2.600000,0.949651283
lstm_original_grouped,RWF-2000,val/Fight/rwf_val_fight_0163.avi,bf04c8e9898cb4fee4c636621ee191de7212c8d229a87933ce4c82608b972e6c,0.7,5,27,1,4,40,1.600000,0.952382898
lstm_augmented_grouped,RWF-2000,val/Fight/rwf_val_fight_0163.avi,bf04c8e9898cb4fee4c636621ee191de7212c8d229a87933ce4c82608b972e6c,0.7,7,27,1,6,50,2.000000,0.954396256
gru_original_grouped,RWF-2000,val/Fight/rwf_val_fight_0163.avi,bf04c8e9898cb4fee4c636621ee191de7212c8d229a87933ce4c82608b972e6c,0.65,5,27,1,4,40,1.600000,0.916687787
gru_augmented_grouped,RWF-2000,val/Fight/rwf_val_fight_0163.avi,bf04c8e9898cb4fee4c636621ee191de7212c8d229a87933ce4c82608b972e6c,0.65,10,27,1,9,65,2.600000,0.949520433
lstm_original_grouped,RWF-2000,train/Fight/rwf_train_fight_0167.avi,80ee92a8e3021f63e797c70b1bbbb11bc98194ebf196491b74e6fd7feea8d6db,0.7,5,27,1,4,40,1.600000,0.915203750
lstm_augmented_grouped,RWF-2000,train/Fight/rwf_train_fight_0167.avi,80ee92a8e3021f63e797c70b1bbbb11bc98194ebf196491b74e6fd7feea8d6db,0.7,7,27,1,6,50,2.000000,0.947885505
gru_original_grouped,RWF-2000,train/Fight/rwf_train_fight_0167.avi,80ee92a8e3021f63e797c70b1bbbb11bc98194ebf196491b74e6fd7feea8d6db,0.65,5,27,1,4,40,1.600000,0.914850008
gru_augmented_grouped,RWF-2000,train/Fight/rwf_train_fight_0167.avi,80ee92a8e3021f63e797c70b1bbbb11bc98194ebf196491b74e6fd7feea8d6db,0.65,10,27,1,9,65,2.600000,0.935859245
lstm_original_grouped,RWF-2000,train/Fight/rwf_train_fight_0472.avi,eacf70cd5ef4e99bd2c1db6f6fc1ce1d2e4a60e9c0530460303f4dc7cb82edc4,0.7,5,27,1,8,60,2.400000,0.707429385
lstm_augmented_grouped,RWF-2000,train/Fight/rwf_train_fight_0472.avi,eacf70cd5ef4e99bd2c1db6f6fc1ce1d2e4a60e9c0530460303f4dc7cb82edc4,0.7,7,27,1,6,50,2.000000,0.738245700
gru_original_grouped,RWF-2000,train/Fight/rwf_train_fight_0472.avi,eacf70cd5ef4e99bd2c1db6f6fc1ce1d2e4a60e9c0530460303f4dc7cb82edc4,0.65,5,27,1,7,55,2.200000,0.674985957
gru_augmented_grouped,RWF-2000,train/Fight/rwf_train_fight_0472.avi,eacf70cd5ef4e99bd2c1db6f6fc1ce1d2e4a60e9c0530460303f4dc7cb82edc4,0.65,10,27,1,9,65,2.600000,0.828582901
lstm_original_grouped,RLVS,Violence/V_108.mp4,6b02930394f63e82863ef882782a7d1e0a97900bbdd6edbc0c453eab59164bfa,0.7,5,21,1,4,40,1.600000,0.986319387
lstm_augmented_grouped,RLVS,Violence/V_108.mp4,6b02930394f63e82863ef882782a7d1e0a97900bbdd6edbc0c453eab59164bfa,0.7,7,21,1,6,50,2.000000,0.976893502
gru_original_grouped,RLVS,Violence/V_108.mp4,6b02930394f63e82863ef882782a7d1e0a97900bbdd6edbc0c453eab59164bfa,0.65,5,21,1,4,40,1.600000,0.983425093
gru_augmented_grouped,RLVS,Violence/V_108.mp4,6b02930394f63e82863ef882782a7d1e0a97900bbdd6edbc0c453eab59164bfa,0.65,10,21,1,9,65,2.600000,0.976539856
lstm_original_grouped,RWF-2000,val/Fight/rwf_val_fight_0165.avi,242aa37fbdc6e40166ebf3bb172ec038bf5ba04372641139d3e57cc340f28f57,0.7,5,27,1,4,40,1.600000,0.959829617
lstm_augmented_grouped,RWF-2000,val/Fight/rwf_val_fight_0165.avi,242aa37fbdc6e40166ebf3bb172ec038bf5ba04372641139d3e57cc340f28f57,0.7,7,27,1,6,50,2.000000,0.958523946
gru_original_grouped,RWF-2000,val/Fight/rwf_val_fight_0165.avi,242aa37fbdc6e40166ebf3bb172ec038bf5ba04372641139d3e57cc340f28f57,0.65,5,27,1,4,40,1.600000,0.902347088
gru_augmented_grouped,RWF-2000,val/Fight/rwf_val_fight_0165.avi,242aa37fbdc6e40166ebf3bb172ec038bf5ba04372641139d3e57cc340f28f57,0.65,10,27,1,9,65,2.600000,0.905224860
lstm_original_grouped,RWF-2000,train/Fight/rwf_train_fight_0525.avi,0d8813281b2783aeea1cbe06da7fafe87ce540a03b44b613640e5bf578101307,0.7,5,27,1,4,40,1.600000,0.925627124
lstm_augmented_grouped,RWF-2000,train/Fight/rwf_train_fight_0525.avi,0d8813281b2783aeea1cbe06da7fafe87ce540a03b44b613640e5bf578101307,0.7,7,27,1,6,50,2.000000,0.960806634
gru_original_grouped,RWF-2000,train/Fight/rwf_train_fight_0525.avi,0d8813281b2783aeea1cbe06da7fafe87ce540a03b44b613640e5bf578101307,0.65,5,27,1,4,40,1.600000,0.926810789
gru_augmented_grouped,RWF-2000,train/Fight/rwf_train_fight_0525.avi,0d8813281b2783aeea1cbe06da7fafe87ce540a03b44b613640e5bf578101307,0.65,10,27,1,9,65,2.600000,0.877874690
lstm_original_grouped,RWF-2000,train/Fight/rwf_train_fight_0122.avi,5343d6f905828df0113a1a5750a60fda3961b0d7c7398aff974187e34177de1c,0.7,5,27,1,4,40,1.600000,0.902191794
lstm_augmented_grouped,RWF-2000,train/Fight/rwf_train_fight_0122.avi,5343d6f905828df0113a1a5750a60fda3961b0d7c7398aff974187e34177de1c,0.7,7,27,1,6,50,2.000000,0.919279746
gru_original_grouped,RWF-2000,train/Fight/rwf_train_fight_0122.avi,5343d6f905828df0113a1a5750a60fda3961b0d7c7398aff974187e34177de1c,0.65,5,27,1,4,40,1.600000,0.904425061
gru_augmented_grouped,RWF-2000,train/Fight/rwf_train_fight_0122.avi,5343d6f905828df0113a1a5750a60fda3961b0d7c7398aff974187e34177de1c,0.65,10,27,1,9,65,2.600000,0.864365685
lstm_original_grouped,RWF-2000,train/Fight/rwf_train_fight_0339.avi,4c055af5d0844d6493cce1cdd2d6ce7c0a3b3c716807087ccad1f7f91d0ad516,0.7,5,27,0,,,,
lstm_augmented_grouped,RWF-2000,train/Fight/rwf_train_fight_0339.avi,4c055af5d0844d6493cce1cdd2d6ce7c0a3b3c716807087ccad1f7f91d0ad516,0.7,7,27,0,,,,
gru_original_grouped,RWF-2000,train/Fight/rwf_train_fight_0339.avi,4c055af5d0844d6493cce1cdd2d6ce7c0a3b3c716807087ccad1f7f91d0ad516,0.65,5,27,0,,,,
gru_augmented_grouped,RWF-2000,train/Fight/rwf_train_fight_0339.avi,4c055af5d0844d6493cce1cdd2d6ce7c0a3b3c716807087ccad1f7f91d0ad516,0.65,10,27,0,,,,
lstm_original_grouped,RWF-2000,train/Fight/rwf_train_fight_0559.avi,ee245de15b2d748c0c277fc82590759de64dd9d5d7043e44d085ac3c60db6277,0.7,5,27,1,4,40,1.600000,0.969048381
lstm_augmented_grouped,RWF-2000,train/Fight/rwf_train_fight_0559.avi,ee245de15b2d748c0c277fc82590759de64dd9d5d7043e44d085ac3c60db6277,0.7,7,27,1,6,50,2.000000,0.981855111
gru_original_grouped,RWF-2000,train/Fight/rwf_train_fight_0559.avi,ee245de15b2d748c0c277fc82590759de64dd9d5d7043e44d085ac3c60db6277,0.65,5,27,1,4,40,1.600000,0.976368272
gru_augmented_grouped,RWF-2000,train/Fight/rwf_train_fight_0559.avi,ee245de15b2d748c0c277fc82590759de64dd9d5d7043e44d085ac3c60db6277,0.65,10,27,1,9,65,2.600000,0.926347399
lstm_original_grouped,RLVS,Violence/V_69.mp4,0db3b3cc8c2218bcc2543f9c531bce00b4573c849f4c59ca970b1afaf27fe6e7,0.7,5,18,1,4,40,1.600000,0.986524010
lstm_augmented_grouped,RLVS,Violence/V_69.mp4,0db3b3cc8c2218bcc2543f9c531bce00b4573c849f4c59ca970b1afaf27fe6e7,0.7,7,18,1,6,50,2.000000,0.983983644
gru_original_grouped,RLVS,Violence/V_69.mp4,0db3b3cc8c2218bcc2543f9c531bce00b4573c849f4c59ca970b1afaf27fe6e7,0.65,5,18,1,4,40,1.600000,0.982862449
gru_augmented_grouped,RLVS,Violence/V_69.mp4,0db3b3cc8c2218bcc2543f9c531bce00b4573c849f4c59ca970b1afaf27fe6e7,0.65,10,18,1,9,65,2.600000,0.966124851
lstm_original_grouped,RLVS,Violence/V_674.mp4,76b9f183440b428c716cb864be394bb8208ee1618f0c9294e3da7aec198d26f7,0.7,5,22,1,4,40,1.600000,0.917412710
lstm_augmented_grouped,RLVS,Violence/V_674.mp4,76b9f183440b428c716cb864be394bb8208ee1618f0c9294e3da7aec198d26f7,0.7,7,22,1,7,55,2.200000,0.733445495
gru_original_grouped,RLVS,Violence/V_674.mp4,76b9f183440b428c716cb864be394bb8208ee1618f0c9294e3da7aec198d26f7,0.65,5,22,1,5,45,1.800000,0.662910998
gru_augmented_grouped,RLVS,Violence/V_674.mp4,76b9f183440b428c716cb864be394bb8208ee1618f0c9294e3da7aec198d26f7,0.65,10,22,1,9,65,2.600000,0.876810420
lstm_original_grouped,RLVS,Violence/V_971.mp4,253d3525c240aed208bb513cb8c96f0a2791b2ab188f6aec1cf54e2eb58462a0,0.7,5,28,1,4,40,1.600000,0.993011808
lstm_augmented_grouped,RLVS,Violence/V_971.mp4,253d3525c240aed208bb513cb8c96f0a2791b2ab188f6aec1cf54e2eb58462a0,0.7,7,28,1,6,50,2.000000,0.984735268
gru_original_grouped,RLVS,Violence/V_971.mp4,253d3525c240aed208bb513cb8c96f0a2791b2ab188f6aec1cf54e2eb58462a0,0.65,5,28,1,4,40,1.600000,0.994737792
gru_augmented_grouped,RLVS,Violence/V_971.mp4,253d3525c240aed208bb513cb8c96f0a2791b2ab188f6aec1cf54e2eb58462a0,0.65,10,28,1,9,65,2.600000,0.994391620
lstm_original_grouped,RWF-2000,train/Fight/rwf_train_fight_0680.avi,44b436ecc8418a20ad36c8b16da08974f691131a4a7a95d82e0112d3d16b423f,0.7,5,27,1,4,40,1.600000,0.952639341
lstm_augmented_grouped,RWF-2000,train/Fight/rwf_train_fight_0680.avi,44b436ecc8418a20ad36c8b16da08974f691131a4a7a95d82e0112d3d16b423f,0.7,7,27,1,6,50,2.000000,0.880192935
gru_original_grouped,RWF-2000,train/Fight/rwf_train_fight_0680.avi,44b436ecc8418a20ad36c8b16da08974f691131a4a7a95d82e0112d3d16b423f,0.65,5,27,1,4,40,1.600000,0.897869623
gru_augmented_grouped,RWF-2000,train/Fight/rwf_train_fight_0680.avi,44b436ecc8418a20ad36c8b16da08974f691131a4a7a95d82e0112d3d16b423f,0.65,10,27,1,9,65,2.600000,0.728627658
lstm_original_grouped,RLVS,Violence/V_486.mp4,5a769a31ddf02773218fa929ebfe17428636702facdeeed475090b1629ef6d05,0.7,5,27,1,4,40,1.600000,0.997637546
lstm_augmented_grouped,RLVS,Violence/V_486.mp4,5a769a31ddf02773218fa929ebfe17428636702facdeeed475090b1629ef6d05,0.7,7,27,1,6,50,2.000000,0.995787416
gru_original_grouped,RLVS,Violence/V_486.mp4,5a769a31ddf02773218fa929ebfe17428636702facdeeed475090b1629ef6d05,0.65,5,27,1,4,40,1.600000,0.999246550
gru_augmented_grouped,RLVS,Violence/V_486.mp4,5a769a31ddf02773218fa929ebfe17428636702facdeeed475090b1629ef6d05,0.65,10,27,1,9,65,2.600000,0.998833477
lstm_original_grouped,RLVS,Violence/V_230.mp4,b83aa0026d412b9364b95406e53ad8730c0e1ae8aafe72513def2e9865a0608b,0.7,5,27,1,4,40,1.600000,0.992027426
lstm_augmented_grouped,RLVS,Violence/V_230.mp4,b83aa0026d412b9364b95406e53ad8730c0e1ae8aafe72513def2e9865a0608b,0.7,7,27,1,6,50,2.000000,0.992358540
gru_original_grouped,RLVS,Violence/V_230.mp4,b83aa0026d412b9364b95406e53ad8730c0e1ae8aafe72513def2e9865a0608b,0.65,5,27,1,4,40,1.600000,0.995567799
gru_augmented_grouped,RLVS,Violence/V_230.mp4,b83aa0026d412b9364b95406e53ad8730c0e1ae8aafe72513def2e9865a0608b,0.65,10,27,1,9,65,2.600000,0.989055103
lstm_original_grouped,RWF-2000,train/Fight/rwf_train_fight_0293.avi,e5ebe2b8210761a91528fb4cb45cf4b542378fb109ed3e6943d883b4ad895d36,0.7,5,27,1,8,60,2.400000,0.744115376
lstm_augmented_grouped,RWF-2000,train/Fight/rwf_train_fight_0293.avi,e5ebe2b8210761a91528fb4cb45cf4b542378fb109ed3e6943d883b4ad895d36,0.7,7,27,1,22,130,5.200000,0.734822810
gru_original_grouped,RWF-2000,train/Fight/rwf_train_fight_0293.avi,e5ebe2b8210761a91528fb4cb45cf4b542378fb109ed3e6943d883b4ad895d36,0.65,5,27,1,18,110,4.400000,0.678257978
gru_augmented_grouped,RWF-2000,train/Fight/rwf_train_fight_0293.avi,e5ebe2b8210761a91528fb4cb45cf4b542378fb109ed3e6943d883b4ad895d36,0.65,10,27,1,26,150,6.000000,0.660905226
lstm_original_grouped,RWF-2000,train/Fight/rwf_train_fight_0552.avi,59c846af7f4d0db3ca3890c8cc701c74350f86ab16c06a0146c5d6f7b957c69b,0.7,5,27,1,4,40,1.600000,0.882751071
lstm_augmented_grouped,RWF-2000,train/Fight/rwf_train_fight_0552.avi,59c846af7f4d0db3ca3890c8cc701c74350f86ab16c06a0146c5d6f7b957c69b,0.7,7,27,1,6,50,2.000000,0.821152525
gru_original_grouped,RWF-2000,train/Fight/rwf_train_fight_0552.avi,59c846af7f4d0db3ca3890c8cc701c74350f86ab16c06a0146c5d6f7b957c69b,0.65,5,27,1,4,40,1.600000,0.753716385
gru_augmented_grouped,RWF-2000,train/Fight/rwf_train_fight_0552.avi,59c846af7f4d0db3ca3890c8cc701c74350f86ab16c06a0146c5d6f7b957c69b,0.65,10,27,1,10,70,2.800000,0.660973352
lstm_original_grouped,RWF-2000,val/Fight/rwf_val_fight_0082.avi,9539219cd7325816ea1ee54db16428fc63bda36e9f679b3319050bae69b990cd,0.7,5,27,1,4,40,1.600000,0.852742589
lstm_augmented_grouped,RWF-2000,val/Fight/rwf_val_fight_0082.avi,9539219cd7325816ea1ee54db16428fc63bda36e9f679b3319050bae69b990cd,0.7,7,27,0,,,,
gru_original_grouped,RWF-2000,val/Fight/rwf_val_fight_0082.avi,9539219cd7325816ea1ee54db16428fc63bda36e9f679b3319050bae69b990cd,0.65,5,27,1,4,40,1.600000,0.730574703
gru_augmented_grouped,RWF-2000,val/Fight/rwf_val_fight_0082.avi,9539219cd7325816ea1ee54db16428fc63bda36e9f679b3319050bae69b990cd,0.65,10,27,0,,,,
lstm_original_grouped,RWF-2000,val/Fight/rwf_val_fight_0109.avi,a4064a1b9862635d7be7213a674d7bf4fbcb53205e2da4af00e75cc76bf6a323,0.7,5,27,1,4,40,1.600000,0.947714269
lstm_augmented_grouped,RWF-2000,val/Fight/rwf_val_fight_0109.avi,a4064a1b9862635d7be7213a674d7bf4fbcb53205e2da4af00e75cc76bf6a323,0.7,7,27,1,6,50,2.000000,0.912663860
gru_original_grouped,RWF-2000,val/Fight/rwf_val_fight_0109.avi,a4064a1b9862635d7be7213a674d7bf4fbcb53205e2da4af00e75cc76bf6a323,0.65,5,27,1,4,40,1.600000,0.736889195
gru_augmented_grouped,RWF-2000,val/Fight/rwf_val_fight_0109.avi,a4064a1b9862635d7be7213a674d7bf4fbcb53205e2da4af00e75cc76bf6a323,0.65,10,27,0,,,,
lstm_original_grouped,RLVS,Violence/V_608.mp4,46cd49c46e1db344e8a3e49b972bb95d58cbe421df63d23adeb0bdcc6c854515,0.7,5,34,1,4,40,1.600000,0.707341444
lstm_augmented_grouped,RLVS,Violence/V_608.mp4,46cd49c46e1db344e8a3e49b972bb95d58cbe421df63d23adeb0bdcc6c854515,0.7,7,34,0,,,,
gru_original_grouped,RLVS,Violence/V_608.mp4,46cd49c46e1db344e8a3e49b972bb95d58cbe421df63d23adeb0bdcc6c854515,0.65,5,34,1,12,80,3.200000,0.741629830
gru_augmented_grouped,RLVS,Violence/V_608.mp4,46cd49c46e1db344e8a3e49b972bb95d58cbe421df63d23adeb0bdcc6c854515,0.65,10,34,1,9,65,2.600000,0.745637459
lstm_original_grouped,RWF-2000,val/Fight/rwf_val_fight_0013.avi,4566372d5f76c194e2ff098838c2736c2ff6d9895d43a668e47033c3765de8e7,0.7,5,27,1,4,40,1.600000,0.935978067
lstm_augmented_grouped,RWF-2000,val/Fight/rwf_val_fight_0013.avi,4566372d5f76c194e2ff098838c2736c2ff6d9895d43a668e47033c3765de8e7,0.7,7,27,1,6,50,2.000000,0.940017223
gru_original_grouped,RWF-2000,val/Fight/rwf_val_fight_0013.avi,4566372d5f76c194e2ff098838c2736c2ff6d9895d43a668e47033c3765de8e7,0.65,5,27,1,4,40,1.600000,0.829851782
gru_augmented_grouped,RWF-2000,val/Fight/rwf_val_fight_0013.avi,4566372d5f76c194e2ff098838c2736c2ff6d9895d43a668e47033c3765de8e7,0.65,10,27,1,9,65,2.600000,0.850050384
lstm_original_grouped,RLVS,Violence/V_139.mp4,bfd15347d0f64fa7ae451f3e39ab98e62660acd9cf687e29e454b9a3e62640f6,0.7,5,32,1,4,40,1.600000,0.991284502
lstm_augmented_grouped,RLVS,Violence/V_139.mp4,bfd15347d0f64fa7ae451f3e39ab98e62660acd9cf687e29e454b9a3e62640f6,0.7,7,32,1,6,50,2.000000,0.985217418
gru_original_grouped,RLVS,Violence/V_139.mp4,bfd15347d0f64fa7ae451f3e39ab98e62660acd9cf687e29e454b9a3e62640f6,0.65,5,32,1,4,40,1.600000,0.992437363
gru_augmented_grouped,RLVS,Violence/V_139.mp4,bfd15347d0f64fa7ae451f3e39ab98e62660acd9cf687e29e454b9a3e62640f6,0.65,10,32,1,9,65,2.600000,0.993119299
lstm_original_grouped,RWF-2000,train/Fight/rwf_train_fight_0212.avi,5125ae14639a94823457d5702a955594482f5f64852e19908a39f20344626b7f,0.7,5,27,1,4,40,1.600000,0.733945477
lstm_augmented_grouped,RWF-2000,train/Fight/rwf_train_fight_0212.avi,5125ae14639a94823457d5702a955594482f5f64852e19908a39f20344626b7f,0.7,7,27,1,6,50,2.000000,0.845414434
gru_original_grouped,RWF-2000,train/Fight/rwf_train_fight_0212.avi,5125ae14639a94823457d5702a955594482f5f64852e19908a39f20344626b7f,0.65,5,27,1,9,65,2.600000,0.661014831
gru_augmented_grouped,RWF-2000,train/Fight/rwf_train_fight_0212.avi,5125ae14639a94823457d5702a955594482f5f64852e19908a39f20344626b7f,0.65,10,27,1,13,85,3.400000,0.663351375
lstm_original_grouped,RWF-2000,train/Fight/rwf_train_fight_0021.avi,3cdb5cb02143beaf049263e4ddaaaedf83e62cafcf463abf6b3e12e193d2876f,0.7,5,27,1,4,40,1.600000,0.979673827
lstm_augmented_grouped,RWF-2000,train/Fight/rwf_train_fight_0021.avi,3cdb5cb02143beaf049263e4ddaaaedf83e62cafcf463abf6b3e12e193d2876f,0.7,7,27,1,6,50,2.000000,0.940397756
gru_original_grouped,RWF-2000,train/Fight/rwf_train_fight_0021.avi,3cdb5cb02143beaf049263e4ddaaaedf83e62cafcf463abf6b3e12e193d2876f,0.65,5,27,1,4,40,1.600000,0.986752450
gru_augmented_grouped,RWF-2000,train/Fight/rwf_train_fight_0021.avi,3cdb5cb02143beaf049263e4ddaaaedf83e62cafcf463abf6b3e12e193d2876f,0.65,10,27,1,9,65,2.600000,0.966043687
lstm_original_grouped,RWF-2000,train/Fight/rwf_train_fight_0624.avi,f34ac87b6a0488f6124c1c716e8ee361d34a0b7f6c5ff515286eac7517417bc3,0.7,5,27,0,,,,
lstm_augmented_grouped,RWF-2000,train/Fight/rwf_train_fight_0624.avi,f34ac87b6a0488f6124c1c716e8ee361d34a0b7f6c5ff515286eac7517417bc3,0.7,7,27,0,,,,
gru_original_grouped,RWF-2000,train/Fight/rwf_train_fight_0624.avi,f34ac87b6a0488f6124c1c716e8ee361d34a0b7f6c5ff515286eac7517417bc3,0.65,5,27,0,,,,
gru_augmented_grouped,RWF-2000,train/Fight/rwf_train_fight_0624.avi,f34ac87b6a0488f6124c1c716e8ee361d34a0b7f6c5ff515286eac7517417bc3,0.65,10,27,0,,,,
lstm_original_grouped,RWF-2000,train/Fight/rwf_train_fight_0241.avi,66d92840083d61d534af54822a1de504d5cdca9bad0bcddfb53d77c4d69249a8,0.7,5,27,1,4,40,1.600000,0.815219164
lstm_augmented_grouped,RWF-2000,train/Fight/rwf_train_fight_0241.avi,66d92840083d61d534af54822a1de504d5cdca9bad0bcddfb53d77c4d69249a8,0.7,7,27,1,6,50,2.000000,0.892653942
gru_original_grouped,RWF-2000,train/Fight/rwf_train_fight_0241.avi,66d92840083d61d534af54822a1de504d5cdca9bad0bcddfb53d77c4d69249a8,0.65,5,27,1,6,50,2.000000,0.669948488
gru_augmented_grouped,RWF-2000,train/Fight/rwf_train_fight_0241.avi,66d92840083d61d534af54822a1de504d5cdca9bad0bcddfb53d77c4d69249a8,0.65,10,27,1,10,70,2.800000,0.660953408
lstm_original_grouped,RWF-2000,val/Fight/rwf_val_fight_0097.avi,fb42a016db7146b9ce2f553c6f9f6f2f4c022a09a14c7b9cc7bbea63e213119b,0.7,5,27,1,4,40,1.600000,0.977728927
lstm_augmented_grouped,RWF-2000,val/Fight/rwf_val_fight_0097.avi,fb42a016db7146b9ce2f553c6f9f6f2f4c022a09a14c7b9cc7bbea63e213119b,0.7,7,27,1,6,50,2.000000,0.970573945
gru_original_grouped,RWF-2000,val/Fight/rwf_val_fight_0097.avi,fb42a016db7146b9ce2f553c6f9f6f2f4c022a09a14c7b9cc7bbea63e213119b,0.65,5,27,1,4,40,1.600000,0.942869508
gru_augmented_grouped,RWF-2000,val/Fight/rwf_val_fight_0097.avi,fb42a016db7146b9ce2f553c6f9f6f2f4c022a09a14c7b9cc7bbea63e213119b,0.65,10,27,1,9,65,2.600000,0.937231535
lstm_original_grouped,RWF-2000,train/Fight/rwf_train_fight_0166.avi,84b9069a2975c525fc3f4d3ffb5c291a1156a2c45d9e792a78c472c5f4ca89de,0.7,5,27,1,11,75,3.000000,0.707159376
lstm_augmented_grouped,RWF-2000,train/Fight/rwf_train_fight_0166.avi,84b9069a2975c525fc3f4d3ffb5c291a1156a2c45d9e792a78c472c5f4ca89de,0.7,7,27,1,6,50,2.000000,0.715161443
gru_original_grouped,RWF-2000,train/Fight/rwf_train_fight_0166.avi,84b9069a2975c525fc3f4d3ffb5c291a1156a2c45d9e792a78c472c5f4ca89de,0.65,5,27,1,4,40,1.600000,0.707948291
gru_augmented_grouped,RWF-2000,train/Fight/rwf_train_fight_0166.avi,84b9069a2975c525fc3f4d3ffb5c291a1156a2c45d9e792a78c472c5f4ca89de,0.65,10,27,1,9,65,2.600000,0.788454628
lstm_original_grouped,RWF-2000,train/Fight/rwf_train_fight_0142.avi,771dce27fdebb520ba88f92e1e0727538eb529772a2a7facc13ec6f830a5b23c,0.7,5,27,1,4,40,1.600000,0.972757649
lstm_augmented_grouped,RWF-2000,train/Fight/rwf_train_fight_0142.avi,771dce27fdebb520ba88f92e1e0727538eb529772a2a7facc13ec6f830a5b23c,0.7,7,27,1,6,50,2.000000,0.966049407
gru_original_grouped,RWF-2000,train/Fight/rwf_train_fight_0142.avi,771dce27fdebb520ba88f92e1e0727538eb529772a2a7facc13ec6f830a5b23c,0.65,5,27,1,4,40,1.600000,0.963489306
gru_augmented_grouped,RWF-2000,train/Fight/rwf_train_fight_0142.avi,771dce27fdebb520ba88f92e1e0727538eb529772a2a7facc13ec6f830a5b23c,0.65,10,27,1,9,65,2.600000,0.957238334
lstm_original_grouped,RLVS,Violence/V_115.mp4,d26fdce8835dff2a471cff7d9effdf2dafa81b3b457ae2a5881558a4dd5d8fc3,0.7,5,27,1,10,70,2.800000,0.773807836
lstm_augmented_grouped,RLVS,Violence/V_115.mp4,d26fdce8835dff2a471cff7d9effdf2dafa81b3b457ae2a5881558a4dd5d8fc3,0.7,7,27,1,9,65,2.600000,0.764378616
gru_original_grouped,RLVS,Violence/V_115.mp4,d26fdce8835dff2a471cff7d9effdf2dafa81b3b457ae2a5881558a4dd5d8fc3,0.65,5,27,1,4,40,1.600000,0.658061540
gru_augmented_grouped,RLVS,Violence/V_115.mp4,d26fdce8835dff2a471cff7d9effdf2dafa81b3b457ae2a5881558a4dd5d8fc3,0.65,10,27,1,9,65,2.600000,0.935661888
lstm_original_grouped,RLVS,Violence/V_704.mp4,2a7dc583c4759b4e352c61bec495e12ad833320596394754b7d02a61aafba311,0.7,5,22,1,4,40,1.600000,0.967617655
lstm_augmented_grouped,RLVS,Violence/V_704.mp4,2a7dc583c4759b4e352c61bec495e12ad833320596394754b7d02a61aafba311,0.7,7,22,1,6,50,2.000000,0.847087298
gru_original_grouped,RLVS,Violence/V_704.mp4,2a7dc583c4759b4e352c61bec495e12ad833320596394754b7d02a61aafba311,0.65,5,22,1,4,40,1.600000,0.966498089
gru_augmented_grouped,RLVS,Violence/V_704.mp4,2a7dc583c4759b4e352c61bec495e12ad833320596394754b7d02a61aafba311,0.65,10,22,1,9,65,2.600000,0.978846067
lstm_original_grouped,RWF-2000,val/Fight/rwf_val_fight_0151.avi,2327862244d5b97544304ecda760991fdc0f4f2b848fa40e24bc13143e1c8868,0.7,5,27,1,4,40,1.600000,0.982537365
lstm_augmented_grouped,RWF-2000,val/Fight/rwf_val_fight_0151.avi,2327862244d5b97544304ecda760991fdc0f4f2b848fa40e24bc13143e1c8868,0.7,7,27,1,6,50,2.000000,0.956035503
gru_original_grouped,RWF-2000,val/Fight/rwf_val_fight_0151.avi,2327862244d5b97544304ecda760991fdc0f4f2b848fa40e24bc13143e1c8868,0.65,5,27,1,4,40,1.600000,0.908227098
gru_augmented_grouped,RWF-2000,val/Fight/rwf_val_fight_0151.avi,2327862244d5b97544304ecda760991fdc0f4f2b848fa40e24bc13143e1c8868,0.65,10,27,1,9,65,2.600000,0.849567938
lstm_original_grouped,RWF-2000,train/Fight/rwf_train_fight_0631.avi,9babca8b8c6c440445a2969575f9d39c9c437c8eb33b101fce395365d159dea9,0.7,5,27,1,4,40,1.600000,0.953072870
lstm_augmented_grouped,RWF-2000,train/Fight/rwf_train_fight_0631.avi,9babca8b8c6c440445a2969575f9d39c9c437c8eb33b101fce395365d159dea9,0.7,7,27,1,6,50,2.000000,0.912934422
gru_original_grouped,RWF-2000,train/Fight/rwf_train_fight_0631.avi,9babca8b8c6c440445a2969575f9d39c9c437c8eb33b101fce395365d159dea9,0.65,5,27,1,4,40,1.600000,0.863051343
gru_augmented_grouped,RWF-2000,train/Fight/rwf_train_fight_0631.avi,9babca8b8c6c440445a2969575f9d39c9c437c8eb33b101fce395365d159dea9,0.65,10,27,1,9,65,2.600000,0.859451991
lstm_original_grouped,RLVS,Violence/V_487.mp4,49e3b5e6bd2d5454056fe21fd3a6934452a4bfb2a9b676f9b01e43fca6672a23,0.7,5,19,1,4,40,1.600000,0.995006585
lstm_augmented_grouped,RLVS,Violence/V_487.mp4,49e3b5e6bd2d5454056fe21fd3a6934452a4bfb2a9b676f9b01e43fca6672a23,0.7,7,19,1,6,50,2.000000,0.991615142
gru_original_grouped,RLVS,Violence/V_487.mp4,49e3b5e6bd2d5454056fe21fd3a6934452a4bfb2a9b676f9b01e43fca6672a23,0.65,5,19,1,4,40,1.600000,0.997394085
gru_augmented_grouped,RLVS,Violence/V_487.mp4,49e3b5e6bd2d5454056fe21fd3a6934452a4bfb2a9b676f9b01e43fca6672a23,0.65,10,19,1,9,65,2.600000,0.987013769
lstm_original_grouped,RLVS,Violence/V_419.mp4,305dff58dfc7694a04615dc408203e2cccf9d95735653fada7bc8670acf1ba7f,0.7,5,17,1,4,40,1.600000,0.986419833
lstm_augmented_grouped,RLVS,Violence/V_419.mp4,305dff58dfc7694a04615dc408203e2cccf9d95735653fada7bc8670acf1ba7f,0.7,7,17,1,6,50,2.000000,0.975486551
gru_original_grouped,RLVS,Violence/V_419.mp4,305dff58dfc7694a04615dc408203e2cccf9d95735653fada7bc8670acf1ba7f,0.65,5,17,1,4,40,1.600000,0.991168928
gru_augmented_grouped,RLVS,Violence/V_419.mp4,305dff58dfc7694a04615dc408203e2cccf9d95735653fada7bc8670acf1ba7f,0.65,10,17,1,9,65,2.600000,0.978022236
lstm_original_grouped,RWF-2000,train/Fight/rwf_train_fight_0445.avi,068ce4805a3638a6276334c7cfe092b431e53f0c5dc21d2c8964e6a368129b46,0.7,5,27,0,,,,
lstm_augmented_grouped,RWF-2000,train/Fight/rwf_train_fight_0445.avi,068ce4805a3638a6276334c7cfe092b431e53f0c5dc21d2c8964e6a368129b46,0.7,7,27,0,,,,
gru_original_grouped,RWF-2000,train/Fight/rwf_train_fight_0445.avi,068ce4805a3638a6276334c7cfe092b431e53f0c5dc21d2c8964e6a368129b46,0.65,5,27,0,,,,
gru_augmented_grouped,RWF-2000,train/Fight/rwf_train_fight_0445.avi,068ce4805a3638a6276334c7cfe092b431e53f0c5dc21d2c8964e6a368129b46,0.65,10,27,0,,,,
lstm_original_grouped,RLVS,Violence/V_233.mp4,91ec49cd0c50ec5d227003096ee6839e35293904ce65532ad7207722fca2561f,0.7,5,27,0,,,,
lstm_augmented_grouped,RLVS,Violence/V_233.mp4,91ec49cd0c50ec5d227003096ee6839e35293904ce65532ad7207722fca2561f,0.7,7,27,1,23,135,5.400000,0.724939474
gru_original_grouped,RLVS,Violence/V_233.mp4,91ec49cd0c50ec5d227003096ee6839e35293904ce65532ad7207722fca2561f,0.65,5,27,1,23,135,5.400000,0.717063838
gru_augmented_grouped,RLVS,Violence/V_233.mp4,91ec49cd0c50ec5d227003096ee6839e35293904ce65532ad7207722fca2561f,0.65,10,27,1,26,150,6.000000,0.661950743
lstm_original_grouped,RLVS,Violence/V_165.mp4,7b8ce65708dfc41c286dbea20549b5fcb27de802959d90255ed95caae4e73785,0.7,5,17,1,4,40,1.600000,0.995414102
lstm_augmented_grouped,RLVS,Violence/V_165.mp4,7b8ce65708dfc41c286dbea20549b5fcb27de802959d90255ed95caae4e73785,0.7,7,17,1,6,50,2.000000,0.993094240
gru_original_grouped,RLVS,Violence/V_165.mp4,7b8ce65708dfc41c286dbea20549b5fcb27de802959d90255ed95caae4e73785,0.65,5,17,1,4,40,1.600000,0.997548258
gru_augmented_grouped,RLVS,Violence/V_165.mp4,7b8ce65708dfc41c286dbea20549b5fcb27de802959d90255ed95caae4e73785,0.65,10,17,1,9,65,2.600000,0.995679480
lstm_original_grouped,RLVS,Violence/V_754.mp4,348a56c815e1342cff767302e4ca52217f1d0d2b6e6115477219b7543ea240bf,0.7,5,22,1,4,40,1.600000,0.955649400
lstm_augmented_grouped,RLVS,Violence/V_754.mp4,348a56c815e1342cff767302e4ca52217f1d0d2b6e6115477219b7543ea240bf,0.7,7,22,1,6,50,2.000000,0.736929936
gru_original_grouped,RLVS,Violence/V_754.mp4,348a56c815e1342cff767302e4ca52217f1d0d2b6e6115477219b7543ea240bf,0.65,5,22,1,4,40,1.600000,0.783715129
gru_augmented_grouped,RLVS,Violence/V_754.mp4,348a56c815e1342cff767302e4ca52217f1d0d2b6e6115477219b7543ea240bf,0.65,10,22,1,9,65,2.600000,0.781684476
lstm_original_grouped,RLVS,Violence/V_128.mp4,cf10a14b4539e9ce6b6fa30985d3c349552b4b3094a69c81b3ac215cb7aa391c,0.7,5,32,1,4,40,1.600000,0.988973689
lstm_augmented_grouped,RLVS,Violence/V_128.mp4,cf10a14b4539e9ce6b6fa30985d3c349552b4b3094a69c81b3ac215cb7aa391c,0.7,7,32,1,6,50,2.000000,0.984461205
gru_original_grouped,RLVS,Violence/V_128.mp4,cf10a14b4539e9ce6b6fa30985d3c349552b4b3094a69c81b3ac215cb7aa391c,0.65,5,32,1,4,40,1.600000,0.988504553
gru_augmented_grouped,RLVS,Violence/V_128.mp4,cf10a14b4539e9ce6b6fa30985d3c349552b4b3094a69c81b3ac215cb7aa391c,0.65,10,32,1,9,65,2.600000,0.988695741
lstm_original_grouped,RLVS,Violence/V_637.mp4,a033d7c76ac8c97a36b44fa1588015aa779a9d32e4806f3915e64c0e0acbff3b,0.7,5,27,1,8,60,2.400000,0.711404443
lstm_augmented_grouped,RLVS,Violence/V_637.mp4,a033d7c76ac8c97a36b44fa1588015aa779a9d32e4806f3915e64c0e0acbff3b,0.7,7,27,1,11,75,3.000000,0.709031790
gru_original_grouped,RLVS,Violence/V_637.mp4,a033d7c76ac8c97a36b44fa1588015aa779a9d32e4806f3915e64c0e0acbff3b,0.65,5,27,1,5,45,1.800000,0.691655028
gru_augmented_grouped,RLVS,Violence/V_637.mp4,a033d7c76ac8c97a36b44fa1588015aa779a9d32e4806f3915e64c0e0acbff3b,0.65,10,27,1,12,80,3.200000,0.667772886
lstm_original_grouped,RLVS,Violence/V_154.mp4,a7b4cbd4ece7f7a53fee56a580235e3b4d58805eaec169612cc4deee317c3523,0.7,5,32,1,4,40,1.600000,0.990616703
lstm_augmented_grouped,RLVS,Violence/V_154.mp4,a7b4cbd4ece7f7a53fee56a580235e3b4d58805eaec169612cc4deee317c3523,0.7,7,32,1,6,50,2.000000,0.988378729
gru_original_grouped,RLVS,Violence/V_154.mp4,a7b4cbd4ece7f7a53fee56a580235e3b4d58805eaec169612cc4deee317c3523,0.65,5,32,1,4,40,1.600000,0.994893098
gru_augmented_grouped,RLVS,Violence/V_154.mp4,a7b4cbd4ece7f7a53fee56a580235e3b4d58805eaec169612cc4deee317c3523,0.65,10,32,1,9,65,2.600000,0.995732492
lstm_original_grouped,RLVS,Violence/V_885.mp4,9c53cc0612c332f65accc15d9aa4d54c7a699c6a0404941f28bae2db93eb2680,0.7,5,27,1,4,40,1.600000,0.993546104
lstm_augmented_grouped,RLVS,Violence/V_885.mp4,9c53cc0612c332f65accc15d9aa4d54c7a699c6a0404941f28bae2db93eb2680,0.7,7,27,1,6,50,2.000000,0.992999477
gru_original_grouped,RLVS,Violence/V_885.mp4,9c53cc0612c332f65accc15d9aa4d54c7a699c6a0404941f28bae2db93eb2680,0.65,5,27,1,4,40,1.600000,0.995939565
gru_augmented_grouped,RLVS,Violence/V_885.mp4,9c53cc0612c332f65accc15d9aa4d54c7a699c6a0404941f28bae2db93eb2680,0.65,10,27,1,9,65,2.600000,0.991358608
lstm_original_grouped,RLVS,Violence/V_863.mp4,a857f38ad696b940d5ebcf6d830e70cdb9407a08a2132dd7e0bf1ded2d35156d,0.7,5,20,1,4,40,1.600000,0.991688442
lstm_augmented_grouped,RLVS,Violence/V_863.mp4,a857f38ad696b940d5ebcf6d830e70cdb9407a08a2132dd7e0bf1ded2d35156d,0.7,7,20,1,6,50,2.000000,0.984991499
gru_original_grouped,RLVS,Violence/V_863.mp4,a857f38ad696b940d5ebcf6d830e70cdb9407a08a2132dd7e0bf1ded2d35156d,0.65,5,20,1,4,40,1.600000,0.993740702
gru_augmented_grouped,RLVS,Violence/V_863.mp4,a857f38ad696b940d5ebcf6d830e70cdb9407a08a2132dd7e0bf1ded2d35156d,0.65,10,20,1,9,65,2.600000,0.984030110
lstm_original_grouped,RLVS,Violence/V_783.mp4,7e58615e4d3636ece80d91972f70b5a869d3db7787ffd52d98d5fcd0a0d2c740,0.7,5,24,1,4,40,1.600000,0.996215045
lstm_augmented_grouped,RLVS,Violence/V_783.mp4,7e58615e4d3636ece80d91972f70b5a869d3db7787ffd52d98d5fcd0a0d2c740,0.7,7,24,1,6,50,2.000000,0.993510178
gru_original_grouped,RLVS,Violence/V_783.mp4,7e58615e4d3636ece80d91972f70b5a869d3db7787ffd52d98d5fcd0a0d2c740,0.65,5,24,1,4,40,1.600000,0.998163152
gru_augmented_grouped,RLVS,Violence/V_783.mp4,7e58615e4d3636ece80d91972f70b5a869d3db7787ffd52d98d5fcd0a0d2c740,0.65,10,24,1,9,65,2.600000,0.995596075
lstm_original_grouped,RWF-2000,train/Fight/rwf_train_fight_0393.avi,2552251be9aa2a7e8267a6f64d34c1b02cbc3e3bf9a09cec06de49fdd87b4e17,0.7,5,27,1,4,40,1.600000,0.785797048
lstm_augmented_grouped,RWF-2000,train/Fight/rwf_train_fight_0393.avi,2552251be9aa2a7e8267a6f64d34c1b02cbc3e3bf9a09cec06de49fdd87b4e17,0.7,7,27,1,6,50,2.000000,0.747497516
gru_original_grouped,RWF-2000,train/Fight/rwf_train_fight_0393.avi,2552251be9aa2a7e8267a6f64d34c1b02cbc3e3bf9a09cec06de49fdd87b4e17,0.65,5,27,1,13,85,3.400000,0.652328372
gru_augmented_grouped,RWF-2000,train/Fight/rwf_train_fight_0393.avi,2552251be9aa2a7e8267a6f64d34c1b02cbc3e3bf9a09cec06de49fdd87b4e17,0.65,10,27,1,9,65,2.600000,0.758489579
lstm_original_grouped,RWF-2000,val/Fight/rwf_val_fight_0167.avi,bd4b6579d6ca1f7c723628382952aa8584866a0d17663761657bec9c06e20938,0.7,5,27,1,4,40,1.600000,0.782319784
lstm_augmented_grouped,RWF-2000,val/Fight/rwf_val_fight_0167.avi,bd4b6579d6ca1f7c723628382952aa8584866a0d17663761657bec9c06e20938,0.7,7,27,1,6,50,2.000000,0.755541246
gru_original_grouped,RWF-2000,val/Fight/rwf_val_fight_0167.avi,bd4b6579d6ca1f7c723628382952aa8584866a0d17663761657bec9c06e20938,0.65,5,27,1,6,50,2.000000,0.715409994
gru_augmented_grouped,RWF-2000,val/Fight/rwf_val_fight_0167.avi,bd4b6579d6ca1f7c723628382952aa8584866a0d17663761657bec9c06e20938,0.65,10,27,1,9,65,2.600000,0.720752460
lstm_original_grouped,RWF-2000,train/Fight/rwf_train_fight_0570.avi,6ec2ef4f51a8dd59de9fbbc21d1e4cbc79da859a3b982f94307c04355ca64e74,0.7,5,27,1,4,40,1.600000,0.982383513
lstm_augmented_grouped,RWF-2000,train/Fight/rwf_train_fight_0570.avi,6ec2ef4f51a8dd59de9fbbc21d1e4cbc79da859a3b982f94307c04355ca64e74,0.7,7,27,1,6,50,2.000000,0.976015500
gru_original_grouped,RWF-2000,train/Fight/rwf_train_fight_0570.avi,6ec2ef4f51a8dd59de9fbbc21d1e4cbc79da859a3b982f94307c04355ca64e74,0.65,5,27,1,4,40,1.600000,0.944150233
gru_augmented_grouped,RWF-2000,train/Fight/rwf_train_fight_0570.avi,6ec2ef4f51a8dd59de9fbbc21d1e4cbc79da859a3b982f94307c04355ca64e74,0.65,10,27,1,9,65,2.600000,0.942691654
lstm_original_grouped,RWF-2000,val/Fight/rwf_val_fight_0028.avi,5e7c04b3fd54648320258385b37f126944fc98d110fdd44cd59ba9c8448613d8,0.7,5,27,1,4,40,1.600000,0.807955575
lstm_augmented_grouped,RWF-2000,val/Fight/rwf_val_fight_0028.avi,5e7c04b3fd54648320258385b37f126944fc98d110fdd44cd59ba9c8448613d8,0.7,7,27,1,6,50,2.000000,0.955551386
gru_original_grouped,RWF-2000,val/Fight/rwf_val_fight_0028.avi,5e7c04b3fd54648320258385b37f126944fc98d110fdd44cd59ba9c8448613d8,0.65,5,27,1,6,50,2.000000,0.695837760
gru_augmented_grouped,RWF-2000,val/Fight/rwf_val_fight_0028.avi,5e7c04b3fd54648320258385b37f126944fc98d110fdd44cd59ba9c8448613d8,0.65,10,27,1,9,65,2.600000,0.950692421
lstm_original_grouped,RLVS,Violence/V_570.mp4,41b6c5b589b6c5cc9e60b48522456b271f8b26e364be91ded179cc08d1b3742c,0.7,5,34,1,4,40,1.600000,0.976549828
lstm_augmented_grouped,RLVS,Violence/V_570.mp4,41b6c5b589b6c5cc9e60b48522456b271f8b26e364be91ded179cc08d1b3742c,0.7,7,34,1,6,50,2.000000,0.966287451
gru_original_grouped,RLVS,Violence/V_570.mp4,41b6c5b589b6c5cc9e60b48522456b271f8b26e364be91ded179cc08d1b3742c,0.65,5,34,1,4,40,1.600000,0.964491343
gru_augmented_grouped,RLVS,Violence/V_570.mp4,41b6c5b589b6c5cc9e60b48522456b271f8b26e364be91ded179cc08d1b3742c,0.65,10,34,1,9,65,2.600000,0.983769077
lstm_original_grouped,RLVS,Violence/V_910.mp4,ee525af114705d14ec1f236a6b0b218a91caa71e1dd67a63cf998066da065637,0.7,5,23,1,4,40,1.600000,0.985048640
lstm_augmented_grouped,RLVS,Violence/V_910.mp4,ee525af114705d14ec1f236a6b0b218a91caa71e1dd67a63cf998066da065637,0.7,7,23,1,6,50,2.000000,0.978716833
gru_original_grouped,RLVS,Violence/V_910.mp4,ee525af114705d14ec1f236a6b0b218a91caa71e1dd67a63cf998066da065637,0.65,5,23,1,4,40,1.600000,0.994443583
gru_augmented_grouped,RLVS,Violence/V_910.mp4,ee525af114705d14ec1f236a6b0b218a91caa71e1dd67a63cf998066da065637,0.65,10,23,1,9,65,2.600000,0.991705912
lstm_original_grouped,RWF-2000,train/Fight/rwf_train_fight_0230.avi,14b6d99ed12ff288bbaffcd984f728feb2e7095f7e63aad15b4d725547aec408,0.7,5,27,1,4,40,1.600000,0.974984658
lstm_augmented_grouped,RWF-2000,train/Fight/rwf_train_fight_0230.avi,14b6d99ed12ff288bbaffcd984f728feb2e7095f7e63aad15b4d725547aec408,0.7,7,27,1,6,50,2.000000,0.982900126
gru_original_grouped,RWF-2000,train/Fight/rwf_train_fight_0230.avi,14b6d99ed12ff288bbaffcd984f728feb2e7095f7e63aad15b4d725547aec408,0.65,5,27,1,4,40,1.600000,0.992514777
gru_augmented_grouped,RWF-2000,train/Fight/rwf_train_fight_0230.avi,14b6d99ed12ff288bbaffcd984f728feb2e7095f7e63aad15b4d725547aec408,0.65,10,27,1,9,65,2.600000,0.981616771
lstm_original_grouped,RLVS,Violence/V_49.mp4,0e4e736165605b2bac8f037fac68aed08368726233713ece52a85cfffb78ddfd,0.7,5,21,1,4,40,1.600000,0.995049894
lstm_augmented_grouped,RLVS,Violence/V_49.mp4,0e4e736165605b2bac8f037fac68aed08368726233713ece52a85cfffb78ddfd,0.7,7,21,1,6,50,2.000000,0.991829744
gru_original_grouped,RLVS,Violence/V_49.mp4,0e4e736165605b2bac8f037fac68aed08368726233713ece52a85cfffb78ddfd,0.65,5,21,1,4,40,1.600000,0.997602868
gru_augmented_grouped,RLVS,Violence/V_49.mp4,0e4e736165605b2bac8f037fac68aed08368726233713ece52a85cfffb78ddfd,0.65,10,21,1,9,65,2.600000,0.994377732
lstm_original_grouped,RLVS,Violence/V_757.mp4,b0f2b267d278b37a2517c4e5e80dc503a7977aae6ca0181c1947ac319d7b8bb5,0.7,5,19,1,4,40,1.600000,0.973480630
lstm_augmented_grouped,RLVS,Violence/V_757.mp4,b0f2b267d278b37a2517c4e5e80dc503a7977aae6ca0181c1947ac319d7b8bb5,0.7,7,19,1,6,50,2.000000,0.919416496
gru_original_grouped,RLVS,Violence/V_757.mp4,b0f2b267d278b37a2517c4e5e80dc503a7977aae6ca0181c1947ac319d7b8bb5,0.65,5,19,1,5,45,1.800000,0.693459600
gru_augmented_grouped,RLVS,Violence/V_757.mp4,b0f2b267d278b37a2517c4e5e80dc503a7977aae6ca0181c1947ac319d7b8bb5,0.65,10,19,1,9,65,2.600000,0.716566363
lstm_original_grouped,RLVS,Violence/V_871.mp4,304d712fdbbc5be34bdde75f7299129e63807ec128565393c2e58898f3047e3d,0.7,5,28,1,4,40,1.600000,0.994066739
lstm_augmented_grouped,RLVS,Violence/V_871.mp4,304d712fdbbc5be34bdde75f7299129e63807ec128565393c2e58898f3047e3d,0.7,7,28,1,6,50,2.000000,0.991347509
gru_original_grouped,RLVS,Violence/V_871.mp4,304d712fdbbc5be34bdde75f7299129e63807ec128565393c2e58898f3047e3d,0.65,5,28,1,4,40,1.600000,0.996911263
gru_augmented_grouped,RLVS,Violence/V_871.mp4,304d712fdbbc5be34bdde75f7299129e63807ec128565393c2e58898f3047e3d,0.65,10,28,1,9,65,2.600000,0.995748782
lstm_original_grouped,RWF-2000,train/Fight/rwf_train_fight_0512.avi,4a7ba9a352a2e33ac283749cf05b299174c7b4ed829a1718108dd727351a65b0,0.7,5,27,1,4,40,1.600000,0.979508078
lstm_augmented_grouped,RWF-2000,train/Fight/rwf_train_fight_0512.avi,4a7ba9a352a2e33ac283749cf05b299174c7b4ed829a1718108dd727351a65b0,0.7,7,27,1,6,50,2.000000,0.974173657
gru_original_grouped,RWF-2000,train/Fight/rwf_train_fight_0512.avi,4a7ba9a352a2e33ac283749cf05b299174c7b4ed829a1718108dd727351a65b0,0.65,5,27,1,4,40,1.600000,0.943468368
gru_augmented_grouped,RWF-2000,train/Fight/rwf_train_fight_0512.avi,4a7ba9a352a2e33ac283749cf05b299174c7b4ed829a1718108dd727351a65b0,0.65,10,27,1,9,65,2.600000,0.927892596
lstm_original_grouped,RWF-2000,train/Fight/rwf_train_fight_0446.avi,6f68ec88781599e2264009b54d75466cb524acabae513ed794b274f73eefc9da,0.7,5,27,0,,,,
lstm_augmented_grouped,RWF-2000,train/Fight/rwf_train_fight_0446.avi,6f68ec88781599e2264009b54d75466cb524acabae513ed794b274f73eefc9da,0.7,7,27,0,,,,
gru_original_grouped,RWF-2000,train/Fight/rwf_train_fight_0446.avi,6f68ec88781599e2264009b54d75466cb524acabae513ed794b274f73eefc9da,0.65,5,27,0,,,,
gru_augmented_grouped,RWF-2000,train/Fight/rwf_train_fight_0446.avi,6f68ec88781599e2264009b54d75466cb524acabae513ed794b274f73eefc9da,0.65,10,27,0,,,,
lstm_original_grouped,RWF-2000,val/Fight/rwf_val_fight_0164.avi,33f219cff53feb6a9a92bb75134816d7dbb3124df11f6a98a987cde3f37f6bca,0.7,5,27,1,4,40,1.600000,0.957312584
lstm_augmented_grouped,RWF-2000,val/Fight/rwf_val_fight_0164.avi,33f219cff53feb6a9a92bb75134816d7dbb3124df11f6a98a987cde3f37f6bca,0.7,7,27,1,6,50,2.000000,0.959263878
gru_original_grouped,RWF-2000,val/Fight/rwf_val_fight_0164.avi,33f219cff53feb6a9a92bb75134816d7dbb3124df11f6a98a987cde3f37f6bca,0.65,5,27,1,4,40,1.600000,0.956370246
gru_augmented_grouped,RWF-2000,val/Fight/rwf_val_fight_0164.avi,33f219cff53feb6a9a92bb75134816d7dbb3124df11f6a98a987cde3f37f6bca,0.65,10,27,1,9,65,2.600000,0.958492965
lstm_original_grouped,RLVS,Violence/V_98.mp4,834c0eaa0a91fd2629f3172baa2e0600d4ed7a90041e388a210c67f913fe1fc6,0.7,5,27,1,4,40,1.600000,0.994171369
lstm_augmented_grouped,RLVS,Violence/V_98.mp4,834c0eaa0a91fd2629f3172baa2e0600d4ed7a90041e388a210c67f913fe1fc6,0.7,7,27,1,6,50,2.000000,0.987572304
gru_original_grouped,RLVS,Violence/V_98.mp4,834c0eaa0a91fd2629f3172baa2e0600d4ed7a90041e388a210c67f913fe1fc6,0.65,5,27,1,4,40,1.600000,0.994107771
gru_augmented_grouped,RLVS,Violence/V_98.mp4,834c0eaa0a91fd2629f3172baa2e0600d4ed7a90041e388a210c67f913fe1fc6,0.65,10,27,1,9,65,2.600000,0.991506571
lstm_original_grouped,RWF-2000,train/Fight/rwf_train_fight_0719.avi,60a037e763903c26beecfa794e0cb8aae28cdf25d363f8eb7b7f755d9074f970,0.7,5,27,1,11,75,3.000000,0.747318232
lstm_augmented_grouped,RWF-2000,train/Fight/rwf_train_fight_0719.avi,60a037e763903c26beecfa794e0cb8aae28cdf25d363f8eb7b7f755d9074f970,0.7,7,27,1,10,70,2.800000,0.708024757
gru_original_grouped,RWF-2000,train/Fight/rwf_train_fight_0719.avi,60a037e763903c26beecfa794e0cb8aae28cdf25d363f8eb7b7f755d9074f970,0.65,5,27,1,4,40,1.600000,0.781205225
gru_augmented_grouped,RWF-2000,train/Fight/rwf_train_fight_0719.avi,60a037e763903c26beecfa794e0cb8aae28cdf25d363f8eb7b7f755d9074f970,0.65,10,27,1,9,65,2.600000,0.809577149
lstm_original_grouped,RWF-2000,train/Fight/rwf_train_fight_0162.avi,85f57b67abbabeb75bf1d9e5505e18b3577538db9293b80ebbcef533f4a2c743,0.7,5,27,1,10,70,2.800000,0.705931950
lstm_augmented_grouped,RWF-2000,train/Fight/rwf_train_fight_0162.avi,85f57b67abbabeb75bf1d9e5505e18b3577538db9293b80ebbcef533f4a2c743,0.7,7,27,1,6,50,2.000000,0.854683970
gru_original_grouped,RWF-2000,train/Fight/rwf_train_fight_0162.avi,85f57b67abbabeb75bf1d9e5505e18b3577538db9293b80ebbcef533f4a2c743,0.65,5,27,1,12,80,3.200000,0.697946513
gru_augmented_grouped,RWF-2000,train/Fight/rwf_train_fight_0162.avi,85f57b67abbabeb75bf1d9e5505e18b3577538db9293b80ebbcef533f4a2c743,0.65,10,27,1,9,65,2.600000,0.779266948
lstm_original_grouped,RWF-2000,train/Fight/rwf_train_fight_0295.avi,fb6a086238b042849933232108de79911c98bb95340efd8aff71b59a9cb88594,0.7,5,27,1,20,120,4.800000,0.721159029
lstm_augmented_grouped,RWF-2000,train/Fight/rwf_train_fight_0295.avi,fb6a086238b042849933232108de79911c98bb95340efd8aff71b59a9cb88594,0.7,7,27,0,,,,
gru_original_grouped,RWF-2000,train/Fight/rwf_train_fight_0295.avi,fb6a086238b042849933232108de79911c98bb95340efd8aff71b59a9cb88594,0.65,5,27,0,,,,
gru_augmented_grouped,RWF-2000,train/Fight/rwf_train_fight_0295.avi,fb6a086238b042849933232108de79911c98bb95340efd8aff71b59a9cb88594,0.65,10,27,0,,,,
lstm_original_grouped,RLVS,Violence/V_950.mp4,6034e20cee4f81afb0bec31423920bcad6eb1de892ffbbf7fd1322581e415189,0.7,5,22,1,4,40,1.600000,0.925251555
lstm_augmented_grouped,RLVS,Violence/V_950.mp4,6034e20cee4f81afb0bec31423920bcad6eb1de892ffbbf7fd1322581e415189,0.7,7,22,1,6,50,2.000000,0.898358635
gru_original_grouped,RLVS,Violence/V_950.mp4,6034e20cee4f81afb0bec31423920bcad6eb1de892ffbbf7fd1322581e415189,0.65,5,22,1,4,40,1.600000,0.897333074
gru_augmented_grouped,RLVS,Violence/V_950.mp4,6034e20cee4f81afb0bec31423920bcad6eb1de892ffbbf7fd1322581e415189,0.65,10,22,1,9,65,2.600000,0.921439934
lstm_original_grouped,RLVS,Violence/V_632.mp4,9e3001ab312f2415e467620bf69f7fd318b3ded12464136af87da7d61a92e547,0.7,5,27,1,4,40,1.600000,0.990557337
lstm_augmented_grouped,RLVS,Violence/V_632.mp4,9e3001ab312f2415e467620bf69f7fd318b3ded12464136af87da7d61a92e547,0.7,7,27,1,6,50,2.000000,0.979938422
gru_original_grouped,RLVS,Violence/V_632.mp4,9e3001ab312f2415e467620bf69f7fd318b3ded12464136af87da7d61a92e547,0.65,5,27,1,4,40,1.600000,0.983800530
gru_augmented_grouped,RLVS,Violence/V_632.mp4,9e3001ab312f2415e467620bf69f7fd318b3ded12464136af87da7d61a92e547,0.65,10,27,1,9,65,2.600000,0.988528299
lstm_original_grouped,RWF-2000,train/Fight/rwf_train_fight_0291.avi,ac498c34f8998f6ff4d6e42b6fd9876826146f0d9deaf2fe46a04677cd9ef952,0.7,5,27,1,14,90,3.600000,0.705106103
lstm_augmented_grouped,RWF-2000,train/Fight/rwf_train_fight_0291.avi,ac498c34f8998f6ff4d6e42b6fd9876826146f0d9deaf2fe46a04677cd9ef952,0.7,7,27,0,,,,
gru_original_grouped,RWF-2000,train/Fight/rwf_train_fight_0291.avi,ac498c34f8998f6ff4d6e42b6fd9876826146f0d9deaf2fe46a04677cd9ef952,0.65,5,27,1,12,80,3.200000,0.680189407
gru_augmented_grouped,RWF-2000,train/Fight/rwf_train_fight_0291.avi,ac498c34f8998f6ff4d6e42b6fd9876826146f0d9deaf2fe46a04677cd9ef952,0.65,10,27,1,14,90,3.600000,0.654572886
lstm_original_grouped,RWF-2000,train/Fight/rwf_train_fight_0475.avi,68f2e7772d709a12dab4c9b0b1cf51513dda5f3d0a741aef8db43fdb3a54f7e6,0.7,5,27,1,4,40,1.600000,0.985025847
lstm_augmented_grouped,RWF-2000,train/Fight/rwf_train_fight_0475.avi,68f2e7772d709a12dab4c9b0b1cf51513dda5f3d0a741aef8db43fdb3a54f7e6,0.7,7,27,1,6,50,2.000000,0.984134895
gru_original_grouped,RWF-2000,train/Fight/rwf_train_fight_0475.avi,68f2e7772d709a12dab4c9b0b1cf51513dda5f3d0a741aef8db43fdb3a54f7e6,0.65,5,27,1,4,40,1.600000,0.978248012
gru_augmented_grouped,RWF-2000,train/Fight/rwf_train_fight_0475.avi,68f2e7772d709a12dab4c9b0b1cf51513dda5f3d0a741aef8db43fdb3a54f7e6,0.65,10,27,1,9,65,2.600000,0.959088629
lstm_original_grouped,RWF-2000,train/Fight/rwf_train_fight_0443.avi,bf3d37634464a55d45bbe3803b041c33c79c4d14a5705ca87a42515e5d760016,0.7,5,27,0,,,,
lstm_augmented_grouped,RWF-2000,train/Fight/rwf_train_fight_0443.avi,bf3d37634464a55d45bbe3803b041c33c79c4d14a5705ca87a42515e5d760016,0.7,7,27,0,,,,
gru_original_grouped,RWF-2000,train/Fight/rwf_train_fight_0443.avi,bf3d37634464a55d45bbe3803b041c33c79c4d14a5705ca87a42515e5d760016,0.65,5,27,0,,,,
gru_augmented_grouped,RWF-2000,train/Fight/rwf_train_fight_0443.avi,bf3d37634464a55d45bbe3803b041c33c79c4d14a5705ca87a42515e5d760016,0.65,10,27,0,,,,
lstm_original_grouped,RWF-2000,train/Fight/rwf_train_fight_0413.avi,11c5cbaa32f6743a6ce90756d5cbc6291433ef5ea42adc00a10237f03930cb52,0.7,5,27,1,4,40,1.600000,0.811074901
lstm_augmented_grouped,RWF-2000,train/Fight/rwf_train_fight_0413.avi,11c5cbaa32f6743a6ce90756d5cbc6291433ef5ea42adc00a10237f03930cb52,0.7,7,27,1,6,50,2.000000,0.822241247
gru_original_grouped,RWF-2000,train/Fight/rwf_train_fight_0413.avi,11c5cbaa32f6743a6ce90756d5cbc6291433ef5ea42adc00a10237f03930cb52,0.65,5,27,1,4,40,1.600000,0.775539148
gru_augmented_grouped,RWF-2000,train/Fight/rwf_train_fight_0413.avi,11c5cbaa32f6743a6ce90756d5cbc6291433ef5ea42adc00a10237f03930cb52,0.65,10,27,1,9,65,2.600000,0.715136915
lstm_original_grouped,RLVS,Violence/V_970.mp4,3dfc9af060c97e4be13d8a04e910c28153aa0dd688d00c2d837b5299dd35e3db,0.7,5,28,1,4,40,1.600000,0.984241080
lstm_augmented_grouped,RLVS,Violence/V_970.mp4,3dfc9af060c97e4be13d8a04e910c28153aa0dd688d00c2d837b5299dd35e3db,0.7,7,28,1,6,50,2.000000,0.979935118
gru_original_grouped,RLVS,Violence/V_970.mp4,3dfc9af060c97e4be13d8a04e910c28153aa0dd688d00c2d837b5299dd35e3db,0.65,5,28,1,4,40,1.600000,0.993745339
gru_augmented_grouped,RLVS,Violence/V_970.mp4,3dfc9af060c97e4be13d8a04e910c28153aa0dd688d00c2d837b5299dd35e3db,0.65,10,28,1,9,65,2.600000,0.973463386
lstm_original_grouped,RWF-2000,train/Fight/rwf_train_fight_0215.avi,10ad2448aed583bca18b77f1df2ea9ad2cd24f668296d6074fd67665e453d094,0.7,5,27,1,4,40,1.600000,0.955075097
lstm_augmented_grouped,RWF-2000,train/Fight/rwf_train_fight_0215.avi,10ad2448aed583bca18b77f1df2ea9ad2cd24f668296d6074fd67665e453d094,0.7,7,27,1,6,50,2.000000,0.942906925
gru_original_grouped,RWF-2000,train/Fight/rwf_train_fight_0215.avi,10ad2448aed583bca18b77f1df2ea9ad2cd24f668296d6074fd67665e453d094,0.65,5,27,1,4,40,1.600000,0.889585209
gru_augmented_grouped,RWF-2000,train/Fight/rwf_train_fight_0215.avi,10ad2448aed583bca18b77f1df2ea9ad2cd24f668296d6074fd67665e453d094,0.65,10,27,1,9,65,2.600000,0.835841852
lstm_original_grouped,RLVS,Violence/V_812.mp4,827a95a0968a6abc49d9d07070ff0d9ebc3e7046173643d6d1c9305ef2b5aed1,0.7,5,23,1,4,40,1.600000,0.981912351
lstm_augmented_grouped,RLVS,Violence/V_812.mp4,827a95a0968a6abc49d9d07070ff0d9ebc3e7046173643d6d1c9305ef2b5aed1,0.7,7,23,1,6,50,2.000000,0.968541018
gru_original_grouped,RLVS,Violence/V_812.mp4,827a95a0968a6abc49d9d07070ff0d9ebc3e7046173643d6d1c9305ef2b5aed1,0.65,5,23,1,4,40,1.600000,0.984763861
gru_augmented_grouped,RLVS,Violence/V_812.mp4,827a95a0968a6abc49d9d07070ff0d9ebc3e7046173643d6d1c9305ef2b5aed1,0.65,10,23,1,9,65,2.600000,0.954569536
lstm_original_grouped,RWF-2000,val/Fight/rwf_val_fight_0068.avi,ad7c8c20bc940f14746b3b91b69a78f24d91881fd86d36e6122ceec04c9cf2f4,0.7,5,27,1,4,40,1.600000,0.964747941
lstm_augmented_grouped,RWF-2000,val/Fight/rwf_val_fight_0068.avi,ad7c8c20bc940f14746b3b91b69a78f24d91881fd86d36e6122ceec04c9cf2f4,0.7,7,27,1,6,50,2.000000,0.950762996
gru_original_grouped,RWF-2000,val/Fight/rwf_val_fight_0068.avi,ad7c8c20bc940f14746b3b91b69a78f24d91881fd86d36e6122ceec04c9cf2f4,0.65,5,27,1,4,40,1.600000,0.850971234
gru_augmented_grouped,RWF-2000,val/Fight/rwf_val_fight_0068.avi,ad7c8c20bc940f14746b3b91b69a78f24d91881fd86d36e6122ceec04c9cf2f4,0.65,10,27,1,9,65,2.600000,0.882611632
lstm_original_grouped,RWF-2000,val/Fight/rwf_val_fight_0023.avi,c240b82abe47c41c986506bf1c230fa12ddddd877139484fb33a6d350cb1aa43,0.7,5,27,1,4,40,1.600000,0.978186953
lstm_augmented_grouped,RWF-2000,val/Fight/rwf_val_fight_0023.avi,c240b82abe47c41c986506bf1c230fa12ddddd877139484fb33a6d350cb1aa43,0.7,7,27,1,6,50,2.000000,0.961546932
gru_original_grouped,RWF-2000,val/Fight/rwf_val_fight_0023.avi,c240b82abe47c41c986506bf1c230fa12ddddd877139484fb33a6d350cb1aa43,0.65,5,27,1,4,40,1.600000,0.959150815
gru_augmented_grouped,RWF-2000,val/Fight/rwf_val_fight_0023.avi,c240b82abe47c41c986506bf1c230fa12ddddd877139484fb33a6d350cb1aa43,0.65,10,27,1,9,65,2.600000,0.915633923
lstm_original_grouped,RLVS,Violence/V_116.mp4,a4694e0a9fb999171a2c9ce51fa8216318b1be9214970bf80f047cbeaf699ee3,0.7,5,27,1,4,40,1.600000,0.868609166
lstm_augmented_grouped,RLVS,Violence/V_116.mp4,a4694e0a9fb999171a2c9ce51fa8216318b1be9214970bf80f047cbeaf699ee3,0.7,7,27,1,6,50,2.000000,0.895841752
gru_original_grouped,RLVS,Violence/V_116.mp4,a4694e0a9fb999171a2c9ce51fa8216318b1be9214970bf80f047cbeaf699ee3,0.65,5,27,1,4,40,1.600000,0.958969867
gru_augmented_grouped,RLVS,Violence/V_116.mp4,a4694e0a9fb999171a2c9ce51fa8216318b1be9214970bf80f047cbeaf699ee3,0.65,10,27,1,9,65,2.600000,0.972777218
lstm_original_grouped,RWF-2000,train/Fight/rwf_train_fight_0211.avi,83d6da933610e5dd592d34cbe58a6c691c9f0f8c531a67ce4cc7e0f00e5c54c2,0.7,5,27,1,4,40,1.600000,0.767262423
lstm_augmented_grouped,RWF-2000,train/Fight/rwf_train_fight_0211.avi,83d6da933610e5dd592d34cbe58a6c691c9f0f8c531a67ce4cc7e0f00e5c54c2,0.7,7,27,1,6,50,2.000000,0.829187325
gru_original_grouped,RWF-2000,train/Fight/rwf_train_fight_0211.avi,83d6da933610e5dd592d34cbe58a6c691c9f0f8c531a67ce4cc7e0f00e5c54c2,0.65,5,27,1,7,55,2.200000,0.668602502
gru_augmented_grouped,RWF-2000,train/Fight/rwf_train_fight_0211.avi,83d6da933610e5dd592d34cbe58a6c691c9f0f8c531a67ce4cc7e0f00e5c54c2,0.65,10,27,1,11,75,3.000000,0.667331988
lstm_original_grouped,RWF-2000,train/Fight/rwf_train_fight_0143.avi,013a9b88cd531abb0bafa3a5b1c4405dc11b9bcc16b3cc145a57f099fb075aa1,0.7,5,27,1,4,40,1.600000,0.988039458
lstm_augmented_grouped,RWF-2000,train/Fight/rwf_train_fight_0143.avi,013a9b88cd531abb0bafa3a5b1c4405dc11b9bcc16b3cc145a57f099fb075aa1,0.7,7,27,1,6,50,2.000000,0.981586235
gru_original_grouped,RWF-2000,train/Fight/rwf_train_fight_0143.avi,013a9b88cd531abb0bafa3a5b1c4405dc11b9bcc16b3cc145a57f099fb075aa1,0.65,5,27,1,4,40,1.600000,0.992406380
gru_augmented_grouped,RWF-2000,train/Fight/rwf_train_fight_0143.avi,013a9b88cd531abb0bafa3a5b1c4405dc11b9bcc16b3cc145a57f099fb075aa1,0.65,10,27,1,9,65,2.600000,0.981545740
lstm_original_grouped,RWF-2000,train/Fight/rwf_train_fight_0223.avi,c091764c0976ffcc70ff42fb98f9410fac70bc331c4b5fefef4bca6b28422585,0.7,5,27,1,4,40,1.600000,0.979115474
lstm_augmented_grouped,RWF-2000,train/Fight/rwf_train_fight_0223.avi,c091764c0976ffcc70ff42fb98f9410fac70bc331c4b5fefef4bca6b28422585,0.7,7,27,1,6,50,2.000000,0.982070182
gru_original_grouped,RWF-2000,train/Fight/rwf_train_fight_0223.avi,c091764c0976ffcc70ff42fb98f9410fac70bc331c4b5fefef4bca6b28422585,0.65,5,27,1,4,40,1.600000,0.917033648
gru_augmented_grouped,RWF-2000,train/Fight/rwf_train_fight_0223.avi,c091764c0976ffcc70ff42fb98f9410fac70bc331c4b5fefef4bca6b28422585,0.65,10,27,1,9,65,2.600000,0.909587580
lstm_original_grouped,RWF-2000,train/Fight/rwf_train_fight_0580.avi,deb3fbb1cc3861b0c625ced0994bb5a387be8e0f507aef1f938c0a2d170cbf37,0.7,5,27,1,4,40,1.600000,0.924500859
lstm_augmented_grouped,RWF-2000,train/Fight/rwf_train_fight_0580.avi,deb3fbb1cc3861b0c625ced0994bb5a387be8e0f507aef1f938c0a2d170cbf37,0.7,7,27,1,6,50,2.000000,0.939387611
gru_original_grouped,RWF-2000,train/Fight/rwf_train_fight_0580.avi,deb3fbb1cc3861b0c625ced0994bb5a387be8e0f507aef1f938c0a2d170cbf37,0.65,5,27,1,4,40,1.600000,0.966659808
gru_augmented_grouped,RWF-2000,train/Fight/rwf_train_fight_0580.avi,deb3fbb1cc3861b0c625ced0994bb5a387be8e0f507aef1f938c0a2d170cbf37,0.65,10,27,1,9,65,2.600000,0.940133280
lstm_original_grouped,RWF-2000,train/Fight/rwf_train_fight_0301.avi,1d33793b409098f8a6ef13b29f89913666733fb8a1aa6b213e7ae3d9ec935e1f,0.7,5,27,1,4,40,1.600000,0.965126288
lstm_augmented_grouped,RWF-2000,train/Fight/rwf_train_fight_0301.avi,1d33793b409098f8a6ef13b29f89913666733fb8a1aa6b213e7ae3d9ec935e1f,0.7,7,27,1,6,50,2.000000,0.946338756
gru_original_grouped,RWF-2000,train/Fight/rwf_train_fight_0301.avi,1d33793b409098f8a6ef13b29f89913666733fb8a1aa6b213e7ae3d9ec935e1f,0.65,5,27,1,4,40,1.600000,0.860871458
gru_augmented_grouped,RWF-2000,train/Fight/rwf_train_fight_0301.avi,1d33793b409098f8a6ef13b29f89913666733fb8a1aa6b213e7ae3d9ec935e1f,0.65,10,27,1,9,65,2.600000,0.878731823
lstm_original_grouped,RWF-2000,train/Fight/rwf_train_fight_0303.avi,d2af067d3772904318fc9523aea8076065cea8b0f8dffefe91c9947f532822dc,0.7,5,27,1,4,40,1.600000,0.899517429
lstm_augmented_grouped,RWF-2000,train/Fight/rwf_train_fight_0303.avi,d2af067d3772904318fc9523aea8076065cea8b0f8dffefe91c9947f532822dc,0.7,7,27,1,6,50,2.000000,0.734517055
gru_original_grouped,RWF-2000,train/Fight/rwf_train_fight_0303.avi,d2af067d3772904318fc9523aea8076065cea8b0f8dffefe91c9947f532822dc,0.65,5,27,1,4,40,1.600000,0.755377162
gru_augmented_grouped,RWF-2000,train/Fight/rwf_train_fight_0303.avi,d2af067d3772904318fc9523aea8076065cea8b0f8dffefe91c9947f532822dc,0.65,10,27,1,20,120,4.800000,0.691896203
lstm_original_grouped,RWF-2000,train/Fight/rwf_train_fight_0785.avi,ed2d76c6cac9133e3efe0f025324b5342ca7a5be21bfb3812c48326a052ec363,0.7,5,27,1,4,40,1.600000,0.977590942
lstm_augmented_grouped,RWF-2000,train/Fight/rwf_train_fight_0785.avi,ed2d76c6cac9133e3efe0f025324b5342ca7a5be21bfb3812c48326a052ec363,0.7,7,27,1,6,50,2.000000,0.970958488
gru_original_grouped,RWF-2000,train/Fight/rwf_train_fight_0785.avi,ed2d76c6cac9133e3efe0f025324b5342ca7a5be21bfb3812c48326a052ec363,0.65,5,27,1,4,40,1.600000,0.973177230
gru_augmented_grouped,RWF-2000,train/Fight/rwf_train_fight_0785.avi,ed2d76c6cac9133e3efe0f025324b5342ca7a5be21bfb3812c48326a052ec363,0.65,10,27,1,9,65,2.600000,0.971508479
lstm_original_grouped,RLVS,Violence/V_877.mp4,fe8e3bd5e9b867b534b7133ccbbfe01c5e778cd01a58bea5f37a68613064117a,0.7,5,27,1,4,40,1.600000,0.824748039
lstm_augmented_grouped,RLVS,Violence/V_877.mp4,fe8e3bd5e9b867b534b7133ccbbfe01c5e778cd01a58bea5f37a68613064117a,0.7,7,27,1,6,50,2.000000,0.836659934
gru_original_grouped,RLVS,Violence/V_877.mp4,fe8e3bd5e9b867b534b7133ccbbfe01c5e778cd01a58bea5f37a68613064117a,0.65,5,27,1,4,40,1.600000,0.771674633
gru_augmented_grouped,RLVS,Violence/V_877.mp4,fe8e3bd5e9b867b534b7133ccbbfe01c5e778cd01a58bea5f37a68613064117a,0.65,10,27,1,9,65,2.600000,0.718492448
lstm_original_grouped,RLVS,Violence/V_575.mp4,f7b9c6949992174be59eb67c392e06161dfa4a903194e2c3590281f633b9f61a,0.7,5,34,1,4,40,1.600000,0.993462396
lstm_augmented_grouped,RLVS,Violence/V_575.mp4,f7b9c6949992174be59eb67c392e06161dfa4a903194e2c3590281f633b9f61a,0.7,7,34,1,6,50,2.000000,0.977767587
gru_original_grouped,RLVS,Violence/V_575.mp4,f7b9c6949992174be59eb67c392e06161dfa4a903194e2c3590281f633b9f61a,0.65,5,34,1,4,40,1.600000,0.995619392
gru_augmented_grouped,RLVS,Violence/V_575.mp4,f7b9c6949992174be59eb67c392e06161dfa4a903194e2c3590281f633b9f61a,0.65,10,34,1,9,65,2.600000,0.993153793
lstm_original_grouped,RLVS,Violence/V_398.mp4,1cde2dd1e3798a417bebf1f046a91e710f2d976b452aa79ca7cca27bbf5fbc1a,0.7,5,818,1,73,385,15.400000,0.714830971
lstm_augmented_grouped,RLVS,Violence/V_398.mp4,1cde2dd1e3798a417bebf1f046a91e710f2d976b452aa79ca7cca27bbf5fbc1a,0.7,7,818,1,27,155,6.200000,0.732921600
gru_original_grouped,RLVS,Violence/V_398.mp4,1cde2dd1e3798a417bebf1f046a91e710f2d976b452aa79ca7cca27bbf5fbc1a,0.65,5,818,1,76,400,16.000000,0.686350787
gru_augmented_grouped,RLVS,Violence/V_398.mp4,1cde2dd1e3798a417bebf1f046a91e710f2d976b452aa79ca7cca27bbf5fbc1a,0.65,10,818,1,140,720,28.800000,0.700349081
lstm_original_grouped,RWF-2000,train/Fight/rwf_train_fight_0285.avi,f43bcaf85ac3e3249e53705c333d78091fd2de2e921b993b0853a95d105a5233,0.7,5,27,0,,,,
lstm_augmented_grouped,RWF-2000,train/Fight/rwf_train_fight_0285.avi,f43bcaf85ac3e3249e53705c333d78091fd2de2e921b993b0853a95d105a5233,0.7,7,27,0,,,,
gru_original_grouped,RWF-2000,train/Fight/rwf_train_fight_0285.avi,f43bcaf85ac3e3249e53705c333d78091fd2de2e921b993b0853a95d105a5233,0.65,5,27,0,,,,
gru_augmented_grouped,RWF-2000,train/Fight/rwf_train_fight_0285.avi,f43bcaf85ac3e3249e53705c333d78091fd2de2e921b993b0853a95d105a5233,0.65,10,27,0,,,,
lstm_original_grouped,RWF-2000,train/Fight/rwf_train_fight_0056.avi,23b21c48de48d813c651f794867f81f1c31e115294ad2c2f6665e59b86b86403,0.7,5,27,1,4,40,1.600000,0.907168889
lstm_augmented_grouped,RWF-2000,train/Fight/rwf_train_fight_0056.avi,23b21c48de48d813c651f794867f81f1c31e115294ad2c2f6665e59b86b86403,0.7,7,27,1,6,50,2.000000,0.929578824
gru_original_grouped,RWF-2000,train/Fight/rwf_train_fight_0056.avi,23b21c48de48d813c651f794867f81f1c31e115294ad2c2f6665e59b86b86403,0.65,5,27,1,4,40,1.600000,0.675199127
gru_augmented_grouped,RWF-2000,train/Fight/rwf_train_fight_0056.avi,23b21c48de48d813c651f794867f81f1c31e115294ad2c2f6665e59b86b86403,0.65,10,27,0,,,,
lstm_original_grouped,RLVS,Violence/V_403.mp4,b5145c3800949f8edbe9a4d16a95abec17739ef1a7c2823997850648817fb005,0.7,5,17,1,4,40,1.600000,0.991286206
lstm_augmented_grouped,RLVS,Violence/V_403.mp4,b5145c3800949f8edbe9a4d16a95abec17739ef1a7c2823997850648817fb005,0.7,7,17,1,6,50,2.000000,0.990634731
gru_original_grouped,RLVS,Violence/V_403.mp4,b5145c3800949f8edbe9a4d16a95abec17739ef1a7c2823997850648817fb005,0.65,5,17,1,4,40,1.600000,0.991652310
gru_augmented_grouped,RLVS,Violence/V_403.mp4,b5145c3800949f8edbe9a4d16a95abec17739ef1a7c2823997850648817fb005,0.65,10,17,1,9,65,2.600000,0.993894404
lstm_original_grouped,RWF-2000,train/Fight/rwf_train_fight_0534.avi,740a290b8b6001beec375dfec569742638f8927ebebbe1c3e3f34583ed91284f,0.7,5,27,1,4,40,1.600000,0.918076038
lstm_augmented_grouped,RWF-2000,train/Fight/rwf_train_fight_0534.avi,740a290b8b6001beec375dfec569742638f8927ebebbe1c3e3f34583ed91284f,0.7,7,27,1,6,50,2.000000,0.849429284
gru_original_grouped,RWF-2000,train/Fight/rwf_train_fight_0534.avi,740a290b8b6001beec375dfec569742638f8927ebebbe1c3e3f34583ed91284f,0.65,5,27,1,4,40,1.600000,0.832606840
gru_augmented_grouped,RWF-2000,train/Fight/rwf_train_fight_0534.avi,740a290b8b6001beec375dfec569742638f8927ebebbe1c3e3f34583ed91284f,0.65,10,27,1,9,65,2.600000,0.876346993
lstm_original_grouped,RLVS,Violence/V_825.mp4,98fd8c5d7e45ad35dd9cfc5742d99b66300cd7b0ac7f36a0a2087fbabb6cbe12,0.7,5,33,1,4,40,1.600000,0.993403721
lstm_augmented_grouped,RLVS,Violence/V_825.mp4,98fd8c5d7e45ad35dd9cfc5742d99b66300cd7b0ac7f36a0a2087fbabb6cbe12,0.7,7,33,1,6,50,2.000000,0.991006766
gru_original_grouped,RLVS,Violence/V_825.mp4,98fd8c5d7e45ad35dd9cfc5742d99b66300cd7b0ac7f36a0a2087fbabb6cbe12,0.65,5,33,1,4,40,1.600000,0.997006238
gru_augmented_grouped,RLVS,Violence/V_825.mp4,98fd8c5d7e45ad35dd9cfc5742d99b66300cd7b0ac7f36a0a2087fbabb6cbe12,0.65,10,33,1,9,65,2.600000,0.994289917
lstm_original_grouped,RWF-2000,train/Fight/rwf_train_fight_0469.avi,cca27958ece8b0f2b0f3e4c6efb0cbdef74c1ab39152041e6333304ab5e8a0ad,0.7,5,27,1,4,40,1.600000,0.757780874
lstm_augmented_grouped,RWF-2000,train/Fight/rwf_train_fight_0469.avi,cca27958ece8b0f2b0f3e4c6efb0cbdef74c1ab39152041e6333304ab5e8a0ad,0.7,7,27,1,6,50,2.000000,0.901839674
gru_original_grouped,RWF-2000,train/Fight/rwf_train_fight_0469.avi,cca27958ece8b0f2b0f3e4c6efb0cbdef74c1ab39152041e6333304ab5e8a0ad,0.65,5,27,1,5,45,1.800000,0.678804922
gru_augmented_grouped,RWF-2000,train/Fight/rwf_train_fight_0469.avi,cca27958ece8b0f2b0f3e4c6efb0cbdef74c1ab39152041e6333304ab5e8a0ad,0.65,10,27,1,9,65,2.600000,0.853682846
lstm_original_grouped,RWF-2000,train/Fight/rwf_train_fight_0237.avi,d07edb6b0b36354ccefff299adac1126794fa31408892142a6fd2a781c5e29c4,0.7,5,27,0,,,,
lstm_augmented_grouped,RWF-2000,train/Fight/rwf_train_fight_0237.avi,d07edb6b0b36354ccefff299adac1126794fa31408892142a6fd2a781c5e29c4,0.7,7,27,0,,,,
gru_original_grouped,RWF-2000,train/Fight/rwf_train_fight_0237.avi,d07edb6b0b36354ccefff299adac1126794fa31408892142a6fd2a781c5e29c4,0.65,5,27,0,,,,
gru_augmented_grouped,RWF-2000,train/Fight/rwf_train_fight_0237.avi,d07edb6b0b36354ccefff299adac1126794fa31408892142a6fd2a781c5e29c4,0.65,10,27,0,,,,
lstm_original_grouped,RWF-2000,train/Fight/rwf_train_fight_0490.avi,da20ce5f5daf944c1717808bf5dceddb8f83d6fc55c19296d379880d6fbd4a9a,0.7,5,27,1,4,40,1.600000,0.829524839
lstm_augmented_grouped,RWF-2000,train/Fight/rwf_train_fight_0490.avi,da20ce5f5daf944c1717808bf5dceddb8f83d6fc55c19296d379880d6fbd4a9a,0.7,7,27,1,6,50,2.000000,0.877494821
gru_original_grouped,RWF-2000,train/Fight/rwf_train_fight_0490.avi,da20ce5f5daf944c1717808bf5dceddb8f83d6fc55c19296d379880d6fbd4a9a,0.65,5,27,1,4,40,1.600000,0.963873184
gru_augmented_grouped,RWF-2000,train/Fight/rwf_train_fight_0490.avi,da20ce5f5daf944c1717808bf5dceddb8f83d6fc55c19296d379880d6fbd4a9a,0.65,10,27,1,9,65,2.600000,0.943891555
lstm_original_grouped,RWF-2000,train/Fight/rwf_train_fight_0052.avi,7ff0971fea943b539cf57181b2fc8e8502f93552674493db98942095386c6d79,0.7,5,27,1,4,40,1.600000,0.945425999
lstm_augmented_grouped,RWF-2000,train/Fight/rwf_train_fight_0052.avi,7ff0971fea943b539cf57181b2fc8e8502f93552674493db98942095386c6d79,0.7,7,27,1,6,50,2.000000,0.914242225
gru_original_grouped,RWF-2000,train/Fight/rwf_train_fight_0052.avi,7ff0971fea943b539cf57181b2fc8e8502f93552674493db98942095386c6d79,0.65,5,27,1,4,40,1.600000,0.827615047
gru_augmented_grouped,RWF-2000,train/Fight/rwf_train_fight_0052.avi,7ff0971fea943b539cf57181b2fc8e8502f93552674493db98942095386c6d79,0.65,10,27,1,9,65,2.600000,0.730952698
lstm_original_grouped,RLVS,Violence/V_587.mp4,e5be00f3b738ad14af89deb6bf48f85f7e7e68f00341bd9c34a3836efff1a815,0.7,5,34,1,11,75,3.000000,0.700796402
lstm_augmented_grouped,RLVS,Violence/V_587.mp4,e5be00f3b738ad14af89deb6bf48f85f7e7e68f00341bd9c34a3836efff1a815,0.7,7,34,1,6,50,2.000000,0.893149061
gru_original_grouped,RLVS,Violence/V_587.mp4,e5be00f3b738ad14af89deb6bf48f85f7e7e68f00341bd9c34a3836efff1a815,0.65,5,34,1,12,80,3.200000,0.674702954
gru_augmented_grouped,RLVS,Violence/V_587.mp4,e5be00f3b738ad14af89deb6bf48f85f7e7e68f00341bd9c34a3836efff1a815,0.65,10,34,1,9,65,2.600000,0.740549475
lstm_original_grouped,RWF-2000,train/Fight/rwf_train_fight_0746.avi,3f78e394116369dc7a7bffaf9f910d2084070c08b3f96ba933d2ee87e8ed79f9,0.7,5,27,1,4,40,1.600000,0.968762422
lstm_augmented_grouped,RWF-2000,train/Fight/rwf_train_fight_0746.avi,3f78e394116369dc7a7bffaf9f910d2084070c08b3f96ba933d2ee87e8ed79f9,0.7,7,27,1,6,50,2.000000,0.964696186
gru_original_grouped,RWF-2000,train/Fight/rwf_train_fight_0746.avi,3f78e394116369dc7a7bffaf9f910d2084070c08b3f96ba933d2ee87e8ed79f9,0.65,5,27,1,4,40,1.600000,0.966859734
gru_augmented_grouped,RWF-2000,train/Fight/rwf_train_fight_0746.avi,3f78e394116369dc7a7bffaf9f910d2084070c08b3f96ba933d2ee87e8ed79f9,0.65,10,27,1,9,65,2.600000,0.947981006
