scene_group_id,group_origin,dataset,relative_path,sha256,label,original_label,label_corrected,previous_split,new_split,split_changed
singleton_0001,singleton,RLVS,NonViolence/NV_1.mp4,dc12a32b655938561b38f0bae13bc45921322d6a03d8bd57764c085814e037b7,0,0,0,train,train,0
singleton_0002,singleton,RLVS,NonViolence/NV_10.mp4,cc2c82215458bb6e45aea47de2711f68d2b9c9e63a5814ca24b09a7392e5e763,0,0,0,test,test,0
singleton_0003,singleton,RLVS,NonViolence/NV_100.mp4,10d0fde2197315feb13157197d90f59ad99f966d5f8e259d3d0a71c1fff4d165,0,0,0,train,train,0
cluster_0064,perceptual_near_duplicate,RLVS,NonViolence/NV_1000.mp4,9e2634193ffe1f674dcb24da2e4ff1920f625e068075ecba6447a0d6bc593042,0,0,0,train,train,0
singleton_0004,singleton,RLVS,NonViolence/NV_101.mp4,286477f34d6fbf2529f5fea0bfb9b5bf6d559bb1e9bb2af974ce78a35a03fe60,0,0,0,train,train,0
singleton_0005,singleton,RLVS,NonViolence/NV_102.mp4,ff1a37867a26ef9a5c24214ae3a83a3ab37e7340c20917d1c49c9e4d5fe1c702,0,0,0,train,train,0
cluster_0003,perceptual_near_duplicate,RLVS,NonViolence/NV_103.mp4,fe91c812adf91eb8ee366f347ec096f737b9ec39711a45041c0961b89fa7ccbf,0,0,0,test,train,1
singleton_0006,singleton,RLVS,NonViolence/NV_104.mp4,91071a9984e741cb9bcf7575a3594be1e968bf4a9788ad3c0915b78b637f41d3,0,0,0,train,train,0
singleton_0007,singleton,RLVS,NonViolence/NV_105.mp4,f84f2e51381a3ddd55f3494144657f0b6751ff16c50cbd8b7abdf55db1c25a3d,0,0,0,train,train,0
singleton_0008,singleton,RLVS,NonViolence/NV_106.mp4,cb858decbbf88881abe8802f206726574a2aadf729646ac14a9ac9072c82cbca,0,0,0,train,train,0
singleton_0009,singleton,RLVS,NonViolence/NV_107.mp4,149c7e1856e0673a684c463aa4c2262e3b31f2e94586c324e926aed0f3354cd9,0,0,0,test,test,0
singleton_0010,singleton,RLVS,NonViolence/NV_108.mp4,0ff09a0684487731e956174a29dbacfb8cd7bc4d89b8e9da3f9dbdcefba973d5,0,0,0,validation,validation,0
singleton_0011,singleton,RLVS,NonViolence/NV_109.mp4,b22b734265432baf1ae4d3dc73f8070bf0f134499a841a30a739e40901210b97,0,0,0,test,test,0
singleton_0012,singleton,RLVS,NonViolence/NV_11.mp4,18b26dffa924186e0786009a14f792aee7747de9bf6ce96b0643e08415323c8b,0,0,0,train,train,0
singleton_0013,singleton,RLVS,NonViolence/NV_110.mp4,79864df1a7bb8bec32b35561ba597a1e99598401d2eca9305c33a432811c7b9e,0,0,0,test,test,0
singleton_0014,singleton,RLVS,NonViolence/NV_111.mp4,94cf4a359148f1b3aaac3ded37b04a5d1add4abf85f251f26d9219734ca38f7c,0,0,0,train,train,0
singleton_0015,singleton,RLVS,NonViolence/NV_112.mp4,3cc250a6b99fe783b653faf9edacc2ae52fcaafc5d4c1b438af6ab3adaa3490c,0,0,0,train,train,0
singleton_0016,singleton,RLVS,NonViolence/NV_113.mp4,b306e92923cf1915c5db0ea2ce70fb2853cffc5350e6ff68419c395351bb05d7,0,0,0,train,train,0
singleton_0017,singleton,RLVS,NonViolence/NV_114.mp4,2b552e81591e68860721aa69452d2dcaff8ee1c6eb1ef9d5c1d3addcc508e407,0,0,0,train,train,0
singleton_0018,singleton,RLVS,NonViolence/NV_115.mp4,79be656a14f7ea2656c4ac8df8463423cd05c85824bb3877081d9dc86b24da13,0,0,0,train,train,0
singleton_0019,singleton,RLVS,NonViolence/NV_116.mp4,0e506af4910cbcbe61af11ee559eb901f8e890d3bb062f68a645f466b7d19e53,0,0,0,test,test,0
singleton_0020,singleton,RLVS,NonViolence/NV_117.mp4,0b17a95e253eb493e7302bbc0b62c2c8a1c2aac5f24103a9820c9b90ab97d892,0,0,0,test,test,0
singleton_0021,singleton,RLVS,NonViolence/NV_118.mp4,730e949a695f4f059ba103ce632274961b9d979495798b93edbdc9ef2e22d246,0,0,0,train,train,0
singleton_0022,singleton,RLVS,NonViolence/NV_119.mp4,fe59071baa247b60e989a471183afda497c17dbce9d9d89f112efc5ad50b227f,0,0,0,train,train,0
singleton_0023,singleton,RLVS,NonViolence/NV_12.mp4,f7bd31cfdb5eff1b8bfe9b3811a45a066a3ddfc587a35d5779a7ed89aff3c1e5,0,0,0,train,train,0
singleton_0024,singleton,RLVS,NonViolence/NV_120.mp4,2115c3e1f7a4dddf622ff9bd12a70318ad2636791e4277808d482b60bbec0c87,0,0,0,test,test,0
singleton_0025,singleton,RLVS,NonViolence/NV_121.mp4,7e7d7a714c1d14ee4b09ab12edb14a80593e3078180df623bc7be88bd1780771,0,0,0,train,train,0
singleton_0026,singleton,RLVS,NonViolence/NV_122.mp4,51c1e1992e9682eb2aeee845f786c19714c0590b55e70857132311b0004e820f,0,0,0,test,test,0
singleton_0027,singleton,RLVS,NonViolence/NV_123.mp4,ef181bae15ed15154d7084117bbfee3fb16fbca5b87026c5ce5bb472dd293f78,0,0,0,test,test,0
singleton_0028,singleton,RLVS,NonViolence/NV_124.mp4,eaae4e2f80a0105a44b7be352b6c7e29cbbc5663bf1d9f3e99e9060bff395e06,0,0,0,train,train,0
singleton_0029,singleton,RLVS,NonViolence/NV_125.mp4,36503bf33b65c554e280a618fe2d288d0183d552525e25dbb020a9d2443e6b99,0,0,0,train,train,0
singleton_0030,singleton,RLVS,NonViolence/NV_126.mp4,cbf12a8fefaed0a66d6839971880da29bc451b1da735dbe6b66439b8782f920e,0,0,0,train,train,0
singleton_0031,singleton,RLVS,NonViolence/NV_127.mp4,effb3b01011d136130336d132b7f49e5d590a8c0b783b5f93822df390003fd41,0,0,0,train,train,0
singleton_0032,singleton,RLVS,NonViolence/NV_128.mp4,61cd0eedee1ffaa57f260ae72e820dc9cf7721ac63dab4f420872ae00374fb5b,0,0,0,validation,validation,0
singleton_0033,singleton,RLVS,NonViolence/NV_129.mp4,5d9513825464d3c6e5029f2c3fd39dc8e801e0574e75d2961252d3de6b1c1ab6,0,0,0,validation,validation,0
singleton_0034,singleton,RLVS,NonViolence/NV_13.mp4,789ae1f2047cb5edecc674cabfbcdc9169421accb65b1a3a8d01870baec85819,0,0,0,train,train,0
singleton_0035,singleton,RLVS,NonViolence/NV_130.mp4,5ea2202203e7e265f75e74c74e996ad042d8b046b92c47c9a8f1473047d2df23,0,0,0,train,train,0
singleton_0036,singleton,RLVS,NonViolence/NV_131.mp4,742a3b299c1b136eb35d47605ac0f291be725606003d1e49f926fbf16b6d99f8,0,0,0,validation,validation,0
singleton_0037,singleton,RLVS,NonViolence/NV_132.mp4,65fe610523c150984f8a4197f4ea46ce44895409bd1fc8610d6b7c77ba5aa14a,0,0,0,train,train,0
singleton_0038,singleton,RLVS,NonViolence/NV_133.mp4,b18cdb7933f4037bc28882edc2ed882b56836b6410970f923ec677c3e7df9936,0,0,0,validation,validation,0
singleton_0039,singleton,RLVS,NonViolence/NV_134.mp4,65cc09dd213d961079ece542ecbf4d583ca984d58e12a2321c1256aa0e9f1677,0,0,0,validation,validation,0
singleton_0040,singleton,RLVS,NonViolence/NV_135.mp4,d606afd67c751fb51fd726dea8e331a14b5e9778d0cc63282b23eed4f968e605,0,0,0,train,train,0
singleton_0041,singleton,RLVS,NonViolence/NV_136.mp4,85319bca305a2b2fb512726edbd1fe0b227943dce10471f1b579e398a908081d,0,0,0,train,train,0
singleton_0042,singleton,RLVS,NonViolence/NV_137.mp4,0b893ffcb564d3f11badd8c6ed3263798d92dfe353e69665d1e6c59531dd4e31,0,0,0,test,test,0
singleton_0043,singleton,RLVS,NonViolence/NV_138.mp4,8ce4ef71e5aa2c02e9890912659ff2adcf15b23dc33e4654658c2e95a8b03cfd,0,0,0,train,train,0
singleton_0044,singleton,RLVS,NonViolence/NV_139.mp4,0c80b233e10b55f9fc4b83691ce20888a4fe827ee7485c63164248bc5b656a88,0,0,0,train,train,0
singleton_0045,singleton,RLVS,NonViolence/NV_14.mp4,6fecd99cf9e8028ced6c9ed42e85bb2f2f07f8ec2ebb2331c33b2115089e3fd6,0,0,0,test,test,0
singleton_0046,singleton,RLVS,NonViolence/NV_140.mp4,83e8f1c74b62369404b824fc5dc9adf8d1477fe7e01012f857939362d76fa836,0,0,0,train,train,0
singleton_0047,singleton,RLVS,NonViolence/NV_141.mp4,80b87d299d8d1c0ab379d2a59cc4c70dd55cd1ba7205761ca4f2b82af3f940d6,0,0,0,train,train,0
singleton_0048,singleton,RLVS,NonViolence/NV_142.mp4,846412d7a6f0530cdf3aae3beab341b65b1084c7488803ae27e04b0ddb73a944,0,0,0,train,train,0
singleton_0049,singleton,RLVS,NonViolence/NV_143.mp4,8e971c26fb3d2ba3d0e2bfd3fc034851ed60cdcbc0c3759e7e012d3986ac16b0,0,0,0,train,train,0
singleton_0050,singleton,RLVS,NonViolence/NV_144.mp4,ab2b7109bdc0d37fa771ea067845b20a665c08f751c0497f5f4183dbaa1f7bce,0,0,0,validation,validation,0
singleton_0051,singleton,RLVS,NonViolence/NV_145.mp4,f502b47187097fbde59c761fde022b11b2f36cad05e19b9052b58c2e0500e3b0,0,0,0,train,train,0
singleton_0052,singleton,RLVS,NonViolence/NV_146.mp4,b5dfc327a53fcf8151f822608a1fda6f41a7c3b4f427998a9c4893b601ce0229,0,0,0,train,train,0
singleton_0053,singleton,RLVS,NonViolence/NV_147.mp4,73742bab7ea651ae5260096b1bcba9d60768e7b21d128e999c54cbcac68c89af,0,0,0,train,train,0
singleton_0054,singleton,RLVS,NonViolence/NV_148.mp4,8a4d8eebd05fe2f4f1f549f6861b9f0e1f02014d0db7fc7b7066fb76c8a230c6,0,0,0,train,train,0
cluster_0003,perceptual_near_duplicate,RLVS,NonViolence/NV_149.mp4,7522fad279e5a57c0fce3a30a94de281312a7fc61b5e57c4d81719a1d32b17cf,0,0,0,train,train,0
singleton_0055,singleton,RLVS,NonViolence/NV_15.mp4,afa41beee1177a7716b4ba98ae3084381a9f431885e1aed4ed42168d1bdd8c90,0,0,0,train,train,0
singleton_0056,singleton,RLVS,NonViolence/NV_150.mp4,45d1e9f377ceba7bed5fce17a4d062ab7f95b680d07f1a9d2b1fdaa110378999,0,0,0,train,train,0
singleton_0057,singleton,RLVS,NonViolence/NV_151.mp4,d8903fd9c54b5b9caaf958a0365b62be6fccd60fe182c5853ab6b60b0e8ab84b,0,0,0,train,train,0
singleton_0058,singleton,RLVS,NonViolence/NV_152.mp4,601b05df439a6200a38afd4b1de480af0a17de0e907494d7effca49d62a6912c,0,0,0,test,test,0
singleton_0059,singleton,RLVS,NonViolence/NV_153.mp4,951c95cc8d15284d280872dec5ab6f33b4288224be3e297be75866fd57e5f578,0,0,0,train,train,0
cluster_0104,perceptual_near_duplicate,RLVS,NonViolence/NV_154.mp4,92fec964d679af176979200107652940b09b4824227ee510d98dd938b871468c,0,0,0,test,test,0
cluster_0104,perceptual_near_duplicate,RLVS,NonViolence/NV_155.mp4,27c9e89eff53352f855c11564e01207c443881594c7d662f9f66cc892d911b3f,0,0,0,train,test,1
singleton_0060,singleton,RLVS,NonViolence/NV_156.mp4,ae763fa88e70a3a24915596c7a1ffeb7fc4bf0a9ef48ad12bff92ae86138c410,0,0,0,test,test,0
singleton_0061,singleton,RLVS,NonViolence/NV_157.mp4,99dff2c83fd06b43ac44739760f2331fbcda3b56b8b2fe65a300a13686966c4c,0,0,0,train,train,0
cluster_0105,perceptual_near_duplicate,RLVS,NonViolence/NV_158.mp4,ade2b4e8806af6d76e7fe1c7843f5f0441a5e6bf0a6499f1dcfe3dd3eaf28d35,0,0,0,test,train,1
singleton_0062,singleton,RLVS,NonViolence/NV_159.mp4,407430966f1d50195badb13e03aacdd6769f0d94122b35d7934e4f48a6376859,0,0,0,train,train,0
singleton_0063,singleton,RLVS,NonViolence/NV_16.mp4,b97497d1aeb51fd87da5cccd5678120b694582e80ca255e34a5eadc249da69bf,0,0,0,train,train,0
singleton_0064,singleton,RLVS,NonViolence/NV_160.mp4,2d512a2b3ebf7716dfdfc25715cf97baea09e2467691f5b23e7ebd451b66a93e,0,0,0,train,train,0
singleton_0065,singleton,RLVS,NonViolence/NV_161.mp4,1e54e59e767d2b771b586e6bf97c3395e385e3008631908acf24cc398f423aff,0,0,0,test,test,0
singleton_0066,singleton,RLVS,NonViolence/NV_162.mp4,af30d599a669f8b08615dbfad88e21dda4a47acba4bb1b7ea70299aa860b0636,0,0,0,train,train,0
singleton_0067,singleton,RLVS,NonViolence/NV_163.mp4,e924843ec4b9bd4f32195fba31f4bcd59c2f6149d2bddee64d1a75d4de8cac00,0,0,0,train,train,0
singleton_0068,singleton,RLVS,NonViolence/NV_164.mp4,6a63ea2f9e27debc69bc98c2d3c19a743bd43fa1a3e802ac9487a0962703235f,0,0,0,train,train,0
singleton_0069,singleton,RLVS,NonViolence/NV_165.mp4,4f1f004d8736f14a4873d2ae7d278a9feee2f11ff1c68f52fd08248a4d3f1346,0,0,0,validation,validation,0
cluster_0105,perceptual_near_duplicate,RLVS,NonViolence/NV_166.mp4,c81c3e9f00d6c1af9a12fe224c905a7858c3e06b5b448c62cd7bce6c107c4bf4,0,0,0,train,train,0
singleton_0070,singleton,RLVS,NonViolence/NV_167.mp4,4e51a05f7af821463587ad97f8a651bc3779d352da1985af51a6ae0fbc2a3330,0,0,0,test,test,0
singleton_0071,singleton,RLVS,NonViolence/NV_168.mp4,11abaf97eaec1d1fbf5c569e02d24bfa9f414769df9446322a3fed5dc0f07fd1,0,0,0,train,train,0
singleton_0072,singleton,RLVS,NonViolence/NV_169.mp4,fc8d6f8cf61c0bd1714049c6a2e8fe8979133027483e8566c453a72173fffca5,0,0,0,train,train,0
singleton_0073,singleton,RLVS,NonViolence/NV_17.mp4,d210c96586c40d0264c3f947cd0b31e9c2e1f517933cb52fd4ee8d3f4ae77576,0,0,0,train,train,0
singleton_0074,singleton,RLVS,NonViolence/NV_170.mp4,0a8ab35b867e065fd68d2284c833a8545294fdee498fdf4abc4c699f835e7cc0,0,0,0,train,train,0
singleton_0075,singleton,RLVS,NonViolence/NV_171.mp4,f775639394860a0167f38225b8ccc6484c99f283a016d340191b37dee369ce1e,0,0,0,train,train,0
singleton_0076,singleton,RLVS,NonViolence/NV_172.mp4,874a6a1aa2c9f768864bfae14ad83327a7c7c3ecbdf7c078281275fb86354763,0,0,0,test,test,0
singleton_0077,singleton,RLVS,NonViolence/NV_173.mp4,ccff25cb52748b8344d2463228d3472d76a5145d575aa7956e26206712b1c0a1,0,0,0,train,train,0
singleton_0078,singleton,RLVS,NonViolence/NV_174.mp4,f57f8eb26ffd785b8d4f55a1943a54ce4c8707feee256037a92fbf12568ec030,0,0,0,train,train,0
singleton_0079,singleton,RLVS,NonViolence/NV_175.mp4,0a592b9583210b0432eb7b32e2943e295daefc7c5df8857d8baba96f09fe6b4c,0,0,0,train,train,0
singleton_0080,singleton,RLVS,NonViolence/NV_176.mp4,fbfdf01fa2907951409f92da2effa9edb25cc7f85de07a57271a7753e34484d3,0,0,0,train,train,0
singleton_0081,singleton,RLVS,NonViolence/NV_177.mp4,2207b49d37eafef898ae4664bc6a0da9ebb34cb836eeeb60ffb06c28244fe703,0,0,0,test,test,0
singleton_0082,singleton,RLVS,NonViolence/NV_178.mp4,bfc309d96a895c0eee8bf263d27c0f3cba48ad33185bbce24ea52502a1734ae4,0,0,0,train,train,0
singleton_0083,singleton,RLVS,NonViolence/NV_179.mp4,992450acad6486cd7efa395745aa2abe7c0845eb6207f8d7ae4e7b32fa7a4d86,0,0,0,train,train,0
exact_sha_group_0001,exact_sha256,RLVS,NonViolence/NV_18.mp4,0768f2ee60addd51eff1ada83d25b989d37a73bda938ece83e0f183ddf45f759,0,0,0,train,train,0
singleton_0084,singleton,RLVS,NonViolence/NV_180.mp4,7d06b39e910252f0097200a059ea71babeb52680e3d4ca6c12eafff6e3a35d53,0,0,0,train,train,0
singleton_0085,singleton,RLVS,NonViolence/NV_181.mp4,2d9489d279f5acafddcf86ff89aab5b2bc76bf93c6a1636eaa7c962ed89af550,0,0,0,validation,validation,0
cluster_0003,perceptual_near_duplicate,RLVS,NonViolence/NV_182.mp4,0b826e04f0d9e5df3a48a1d5028595b0d9abe587db2154418e05cbe78d7db684,0,0,0,train,train,0
cluster_0003,perceptual_near_duplicate,RLVS,NonViolence/NV_183.mp4,d8c1535a73d8a5670b8cfbfcf79b22398f84c04d9c8920e7f3457d7c38ad7836,0,0,0,validation,train,1
singleton_0086,singleton,RLVS,NonViolence/NV_184.mp4,7f5a01bed2a6f195126bca689b64cbaf13b1e4329ce00d9e8ee84286f409c423,0,0,0,test,test,0
cluster_0003,perceptual_near_duplicate,RLVS,NonViolence/NV_185.mp4,0053630f06a0e57dbbe4d6fcccabff8dfeec7fa0b2e7eaa04b361637625bce8a,0,0,0,train,train,0
cluster_0003,perceptual_near_duplicate,RLVS,NonViolence/NV_186.mp4,50e8fd5e01fea4c1414292df7e8f501bafda24d02ebb62a9466c829143706966,0,0,0,train,train,0
cluster_0003,perceptual_near_duplicate,RLVS,NonViolence/NV_187.mp4,b338440706c2b38a5a9c50c3d010a55eaeaf1e254bb5941bb6a590608ac7d6dd,0,0,0,train,train,0
cluster_0003,perceptual_near_duplicate,RLVS,NonViolence/NV_188.mp4,fb9cbc032df6aab02f32f7808d6c6a288c304f4336bce7c6ffa4a6e7fd89856c,0,0,0,train,train,0
cluster_0003,perceptual_near_duplicate,RLVS,NonViolence/NV_189.mp4,5962b889b9357f871f6f0dfff4a7a9899076a770cc1d111ffebc6e4764378643,0,0,0,test,train,1
exact_sha_group_0001,exact_sha256,RLVS,NonViolence/NV_19.mp4,0768f2ee60addd51eff1ada83d25b989d37a73bda938ece83e0f183ddf45f759,0,0,0,train,train,0
singleton_0087,singleton,RLVS,NonViolence/NV_190.mp4,538d953daa13cde0917d11e479eaad287b31fb348542ec60a54bea33dc42cd55,0,0,0,train,train,0
cluster_0106,perceptual_near_duplicate,RLVS,NonViolence/NV_191.mp4,fe4a912045c676b97ff55058d124eed297a2537f0b7e39ca9ef8c529847f5ddd,0,0,0,test,test,0
singleton_0088,singleton,RLVS,NonViolence/NV_192.mp4,2cb2c24e86aa121aef51781e8fc99101c24cbe881eafbf3ed5001400831d94bb,0,0,0,test,test,0
singleton_0089,singleton,RLVS,NonViolence/NV_193.mp4,eb4f4e903bdcebe2397b4d754ff3c56619293459c759cea79a2188d6fe001d62,0,0,0,train,train,0
singleton_0090,singleton,RLVS,NonViolence/NV_194.mp4,0aca1441d4e3c8b37020ef6fc8f68223bc8ac82449afbc6a9ef2ea0c221f65c4,0,0,0,train,train,0
singleton_0091,singleton,RLVS,NonViolence/NV_195.mp4,5aded0714912f69d013a9c398308c9bb65fb48ee14f77289197e8e82e941a5e1,0,0,0,train,train,0
singleton_0092,singleton,RLVS,NonViolence/NV_196.mp4,3f23b89449b6a57237849d118972176dac1ff9da6115bff879289bd81fe477d7,0,0,0,train,train,0
cluster_0106,perceptual_near_duplicate,RLVS,NonViolence/NV_197.mp4,355cf2ef06ce95d5af8dc5c3fa48a2976ab9b04642e8947b02d01e817891e0d8,0,0,0,train,test,1
singleton_0093,singleton,RLVS,NonViolence/NV_198.mp4,64dc94edc791c17642442e70d43dcd9b907407db9cde6ae019a4b4d0db9e4950,0,0,0,validation,validation,0
singleton_0094,singleton,RLVS,NonViolence/NV_199.mp4,27f30788428ebb88d1cfeafc665172f3f78ef3e55dc7be5d58de91b01a196ed0,0,0,0,test,test,0
singleton_0095,singleton,RLVS,NonViolence/NV_2.mp4,8e9b624eb8820ad3aac5341f891f98e63e12d88e65f0fd6486162e18f800f7a6,0,0,0,train,train,0
singleton_0096,singleton,RLVS,NonViolence/NV_200.mp4,22350850d1a25b5ec8c4ed57ec29932c78fe5959c4ca30b4ee2d053f827683bc,0,0,0,train,train,0
singleton_0097,singleton,RLVS,NonViolence/NV_201.mp4,241d65e2d9604d54ded3da71ffad2a109b30ad35c381aec5a019644c94374d77,0,0,0,validation,validation,0
singleton_0098,singleton,RLVS,NonViolence/NV_202.mp4,eee9455f97c602195d4ac88bf04308430d5b62a48b7fd6d06192ee9c30ce4464,0,0,0,train,train,0
singleton_0099,singleton,RLVS,NonViolence/NV_203.mp4,fb5386d294622cf99b542dadb7794a76b672858ce21bed1229c4463987939783,0,0,0,train,train,0
singleton_0100,singleton,RLVS,NonViolence/NV_204.mp4,c73905b9ec5699b89646c21d87366f8e80565ea4c950ed6f9cedcd4ea9392706,0,0,0,train,train,0
singleton_0101,singleton,RLVS,NonViolence/NV_205.mp4,38f874dfb19423b338427759cca58f41967ddf8ab551226f2f02bac3f84ede6b,0,0,0,train,train,0
singleton_0102,singleton,RLVS,NonViolence/NV_206.mp4,c53af12bf8b5123a2d4c247c7a70c0d5e75b093697f4517175ed484cae388ed7,0,0,0,train,train,0
singleton_0103,singleton,RLVS,NonViolence/NV_207.mp4,7edd65efc7f4b73d37e58cbeeb7e4cf6e14e951c07a3c52e7e3155a2d314cc2b,0,0,0,train,train,0
singleton_0104,singleton,RLVS,NonViolence/NV_208.mp4,7898e2d0491dc5c423420dbb5f48c94f826f9b875ceedcdf453584439212aebd,0,0,0,test,test,0
singleton_0105,singleton,RLVS,NonViolence/NV_209.mp4,a185e3d687322e76c1171a1f213c4640267c820d07714e1545a601dede89ca45,0,0,0,train,train,0
singleton_0106,singleton,RLVS,NonViolence/NV_21.mp4,397bf8a021298864bfae779054a5216113dfabe2ff220cf319dcfc53314ed2bf,0,0,0,train,train,0
singleton_0107,singleton,RLVS,NonViolence/NV_210.mp4,952ac4fbdfe29694ef7e7e3854c326c3700d5b0d884a4667eba983aba8f77feb,0,0,0,test,test,0
singleton_0108,singleton,RLVS,NonViolence/NV_211.mp4,151ade3d6e0a46497d9d1c1359ed6317c97417e07ab8b61db4e7b9eda4b5ac3c,0,0,0,train,train,0
singleton_0109,singleton,RLVS,NonViolence/NV_212.mp4,fe279486911b713335d2cc737082e3d73cab33a7b0f7e2a329de049f2f821aee,0,0,0,validation,validation,0
singleton_0110,singleton,RLVS,NonViolence/NV_213.mp4,3d6d17abb96dc00e8e39024a918835c34cc584aca8d4d07276b9c6beddbbda18,0,0,0,train,train,0
singleton_0111,singleton,RLVS,NonViolence/NV_214.mp4,332bda6b83c9fd7cb45295eaed3666714c84a125a4a78c1f19bb0d104c435193,0,0,0,test,test,0
cluster_0107,perceptual_near_duplicate,RLVS,NonViolence/NV_215.mp4,641bb3591fe7cd5552cff81770d76d601c4adeb211f6434dd2e7142ca10fed6f,0,0,0,test,test,0
singleton_0112,singleton,RLVS,NonViolence/NV_216.mp4,3fa52a0b96e9428d905477ff9c0e297dba833eb8d0a5c27b24b451ea03d67885,0,0,0,test,test,0
singleton_0113,singleton,RLVS,NonViolence/NV_217.mp4,5b298a641991b20283c4b0cc2c725425ebd89f3cacfbf208aba92dfc0927558a,0,0,0,train,train,0
cluster_0107,perceptual_near_duplicate,RLVS,NonViolence/NV_218.mp4,5ef606a8de514e556ae01832c0c76cb885eab135227f3bd875434782b3a8bd4c,0,0,0,train,test,1
singleton_0114,singleton,RLVS,NonViolence/NV_219.mp4,4a4e2f22eaca05da40ee5dc5e218950dd8a979432f22375cd7f018aad8ff0eea,0,0,0,validation,validation,0
singleton_0115,singleton,RLVS,NonViolence/NV_22.mp4,f62fdad02ecac95ac6c0c3a22d54d735ad39982fcde8355e2a3a1af95ea6fe54,0,0,0,train,train,0
singleton_0116,singleton,RLVS,NonViolence/NV_220.mp4,ad74fbc7d1a53f1838e43d326acabaf44b82ad4eba00da6916a758003a91e947,0,0,0,train,train,0
singleton_0117,singleton,RLVS,NonViolence/NV_221.mp4,568479d57111a0fec2ef2cb56d4827355c96a499f1a8c2781a17d99fc90cee4b,0,0,0,train,train,0
singleton_0118,singleton,RLVS,NonViolence/NV_222.mp4,0e085960fea3c66079c94b4ee0cf1f511e77a0ebdc5e7d68066ac142f4fe418c,0,0,0,validation,validation,0
singleton_0119,singleton,RLVS,NonViolence/NV_223.mp4,a346129ae5275f93ee36fdd1fc99f1f00c7f1a859fdc2741faba341e91c53412,0,0,0,train,train,0
singleton_0120,singleton,RLVS,NonViolence/NV_224.mp4,40aec33e7810fe0c4ee102356cf99aa99e8af0e2a7977ff61975223cf90590de,0,0,0,train,train,0
cluster_0108,perceptual_near_duplicate,RLVS,NonViolence/NV_225.mp4,69d720bdfd19fb042b3dfe678887a00b2d50b06eaca11c9d2bea51c798bb29cf,0,0,0,train,test,1
singleton_0121,singleton,RLVS,NonViolence/NV_227.mp4,e12548dc120fbc48259b4eefa71317d97463a385092a35d68a6ed29a0de54a5e,0,0,0,train,train,0
cluster_0108,perceptual_near_duplicate,RLVS,NonViolence/NV_228.mp4,fa128d7fca7ac90832da2e9d0a9968d9b4285b5224b1dfa49ae4951efc975c57,0,0,0,test,test,0
singleton_0122,singleton,RLVS,NonViolence/NV_229.mp4,8368284fee1930f0cf7f0dd4fbd7a0f218a003d8b7df40cbf16d8a81f9985a71,0,0,0,validation,validation,0
singleton_0123,singleton,RLVS,NonViolence/NV_23.mp4,38ad3cf72d2efab688c448a8e6b97ed33b960daf445f4f76738df88a360c6877,0,0,0,train,train,0
singleton_0124,singleton,RLVS,NonViolence/NV_230.mp4,448aad8470e41beb25774ae5d72b255fa6c5abdc739a92b5aa097d1785c71715,0,0,0,train,train,0
singleton_0125,singleton,RLVS,NonViolence/NV_231.mp4,c81545d4e2a0fb6518a58c6927a7d5981e039ce64ada0d2fb766e9d48254692a,0,0,0,train,train,0
singleton_0126,singleton,RLVS,NonViolence/NV_232.mp4,e4b0077b558ca4d432c850db4707d00aaf55068e307c247393b236933c0b1b07,0,0,0,train,train,0
singleton_0127,singleton,RLVS,NonViolence/NV_233.mp4,f7b964e6b53e23bdffa3d025e1df87157e2558d707bd35ac60d98ca42e40c72c,0,0,0,validation,validation,0
cluster_0109,perceptual_near_duplicate,RLVS,NonViolence/NV_234.mp4,1742a20062dfd9c075a1dc86a0f0fd32429a369e81470affa8e4c4169ae756f3,0,0,0,train,test,1
cluster_0109,perceptual_near_duplicate,RLVS,NonViolence/NV_235.mp4,88af8eab69be48103ac2f11ff50e69456629f228a38c5abdd7937a76d7b17dd4,0,0,0,test,test,0
singleton_0128,singleton,RLVS,NonViolence/NV_236.mp4,9b28d867c0dd9b767175aa8406cc45d4cf415ca3e03c46a63bdd35d4f388dbfc,0,0,0,test,test,0
cluster_0153,perceptual_near_duplicate,RLVS,NonViolence/NV_237.mp4,a7f53b67b64e8cadb863f09d8e98e654f6b9d67415773d65c395c390c6c5229b,0,0,0,validation,validation,0
singleton_0129,singleton,RLVS,NonViolence/NV_238.mp4,890ee29e0cd2cecb43f3017cfcf210ae2cb4484b1af07cf14e2f0abe314d9d3a,0,0,0,test,test,0
singleton_0130,singleton,RLVS,NonViolence/NV_239.mp4,fd2657c40b1f3c30a413acf96d20eadc5e09d172eaf3d53879502c6920027967,0,0,0,train,train,0
singleton_0131,singleton,RLVS,NonViolence/NV_24.mp4,106592b75ae88f595c518362f98caf477c3615c09d9c9ac9dcf7e00a865ca118,0,0,0,train,train,0
singleton_0132,singleton,RLVS,NonViolence/NV_240.mp4,163cce1747af84e862b1357e106bb5bac72b125501ae0db248f972f13a052f7c,0,0,0,test,test,0
singleton_0133,singleton,RLVS,NonViolence/NV_241.mp4,aff5888f3da0244cdbe42e81ad80569e6493dc2472908ca7c153b2b7657feea2,0,0,0,train,train,0
singleton_0134,singleton,RLVS,NonViolence/NV_242.mp4,cd5d294c97ceb378235b5b39acc2cfef9b8dfda3a8517e3a08a9b4f81ad445a0,0,0,0,train,train,0
singleton_0135,singleton,RLVS,NonViolence/NV_243.mp4,8c1077925d4d8afc7f5e6a6d4772a1293980d93b43908dbb366c2a7618af6110,0,0,0,train,train,0
singleton_0136,singleton,RLVS,NonViolence/NV_244.mp4,ce98cf0e2e72c892862fb479ce55926665e4f31cf211b6abe65689f6c8b01cac,0,0,0,train,train,0
cluster_0043,perceptual_near_duplicate,RLVS,NonViolence/NV_245.mp4,568c0b31fe6c0de569cf967be7aee014475e6eea6efc15683b58e81365085a28,0,0,0,train,train,0
cluster_0043,perceptual_near_duplicate,RLVS,NonViolence/NV_246.mp4,d0d6012f2940d549ce02c3348007d9ea58810002ee9925edac81504ae945799d,0,0,0,train,train,0
cluster_0153,perceptual_near_duplicate,RLVS,NonViolence/NV_247.mp4,9920b51a4a6fd04d7da560ecc9568a6a995c90d4dce6ecd4b8799931340bbbeb,0,0,0,train,validation,1
cluster_0043,perceptual_near_duplicate,RLVS,NonViolence/NV_248.mp4,1e097ff193cdb91e016243b778ea414511c82a2555001d1628d85ba7baec43d3,0,0,0,test,train,1
singleton_0137,singleton,RLVS,NonViolence/NV_249.mp4,c1e0451cc534b797bd04733fb82704560aa52477add7c60833f6c0088982a95b,0,0,0,validation,validation,0
singleton_0138,singleton,RLVS,NonViolence/NV_25.mp4,b4899c39e0d4575dbb277f3cab6a56937c57b72503b7c06278b7203105592de2,0,0,0,train,train,0
singleton_0139,singleton,RLVS,NonViolence/NV_250.mp4,d6b49ef22f0c7dedf3c92af08184b237c94a81d8c26231527e183df2f3f2d5e1,0,0,0,validation,validation,0
cluster_0043,perceptual_near_duplicate,RLVS,NonViolence/NV_251.mp4,fabbe0a3d609acb6c512e1c1f95882a8e4f896e95d6a0841d79b932b1d880253,0,0,0,train,train,0
singleton_0140,singleton,RLVS,NonViolence/NV_252.mp4,cc44d28dd7e7416663a27be76ed577f737d02fd34a727ea92a411b973eaab75d,0,0,0,test,test,0
singleton_0141,singleton,RLVS,NonViolence/NV_253.mp4,02ef60b28ac367b89a9b7ff62cab9b35097f12953ad3519ea1ae00f3e3481d40,0,0,0,train,train,0
singleton_0142,singleton,RLVS,NonViolence/NV_254.mp4,e0a48464584bac4b299dabef57e6cb264bd8628e128e954a45152a8c6f9085a9,0,0,0,validation,validation,0
singleton_0143,singleton,RLVS,NonViolence/NV_255.mp4,7cf146dc66bc64c32082f10d842ffaad2ed283e1b9f11137683281bb5d3bb21f,0,0,0,train,train,0
singleton_0144,singleton,RLVS,NonViolence/NV_256.mp4,a8e4de5a6b96ed410e6ad972dabd044e4e4cb22c2034f606ac916a1f7a1271f5,0,0,0,train,train,0
singleton_0145,singleton,RLVS,NonViolence/NV_257.mp4,30409230883cbf6c64d01ae59978a141cefc6325d0c384e824753b0563892843,0,0,0,train,train,0
cluster_0025,perceptual_near_duplicate,RLVS,NonViolence/NV_258.mp4,5727e7b453188628fb5d5e214b91d591db2dac99811324608bfe543b1a556357,0,0,0,train,train,0
cluster_0025,perceptual_near_duplicate,RLVS,NonViolence/NV_259.mp4,06b4b428a105f87af4f651b637528c11067bc958d22ae44508778063249fdbf7,0,0,0,test,train,1
singleton_0146,singleton,RLVS,NonViolence/NV_260.mp4,8e0e2b4dc358eff7cc9adfe5f4c3bd02075c138472a5054e49c391beba6413e0,0,0,0,train,train,0
cluster_0025,perceptual_near_duplicate,RLVS,NonViolence/NV_261.mp4,98efa73a24a6ff1c81d38c9b0358f6272ba61645fbed6c6b66f9e03f611f42cd,0,0,0,train,train,0
cluster_0025,perceptual_near_duplicate,RLVS,NonViolence/NV_262.mp4,129e81ca013552ce2b76f436445cd7cd3b4a3f1531528f2b194a4812c5fd49fe,0,0,0,train,train,0
cluster_0025,perceptual_near_duplicate,RLVS,NonViolence/NV_263.mp4,eca23ccce1abcda3fd74a0dff40997500502aaacf30149947f6917e72106f314,0,0,0,test,train,1
singleton_0147,singleton,RLVS,NonViolence/NV_264.mp4,b8edeb98e818bac0c73dd4c030183d19d8e031c21911969ed6d9bfeb97fcc6cb,0,0,0,validation,validation,0
singleton_0148,singleton,RLVS,NonViolence/NV_265.mp4,9249f83662a7bd90745ce775ff4217b4a69e92fa27f70ddb5bbbba4864911acb,0,0,0,train,train,0
singleton_0149,singleton,RLVS,NonViolence/NV_266.mp4,68b9f3af36347af0ac633b054b75e7690e6cecbbb2fccdf9ecf5cc6e74f9e77a,0,0,0,train,train,0
singleton_0150,singleton,RLVS,NonViolence/NV_267.mp4,87875939a9e6e9ef9c5227258fcfb3a2f9078b3763b6bf74c71af116e0d903e3,0,0,0,train,train,0
singleton_0151,singleton,RLVS,NonViolence/NV_268.mp4,8fb11faa3bc081d1b6038228867446065c6461a5cd97b515f03a353db53c9c7e,0,0,0,train,train,0
singleton_0152,singleton,RLVS,NonViolence/NV_269.mp4,b960846005e1ba7026ac400c8412cfc4b7089c7cf9cc3186f9f9bda11a600a33,0,0,0,train,train,0
singleton_0153,singleton,RLVS,NonViolence/NV_27.mp4,992382c47f49ffe960ab3f609d48d4e2049490e44c048b4ef6c10f843e8fefaf,0,0,0,train,train,0
singleton_0154,singleton,RLVS,NonViolence/NV_270.mp4,683fe0565979b644cbfddeabb9b7ebc9d6c0a484018ec6e8fc5007aaea8ac9e0,0,0,0,validation,validation,0
singleton_0155,singleton,RLVS,NonViolence/NV_271.mp4,f2c63a71dca0eefb965df3428d7c37bdda5c552779fc85a40aa41489141fdd2c,0,0,0,train,train,0
singleton_0156,singleton,RLVS,NonViolence/NV_272.mp4,b75c68bd766f776429e8edf3c97a9f86224cf5b4d5c25b6f66db39d0f6deabcd,0,0,0,train,train,0
singleton_0157,singleton,RLVS,NonViolence/NV_273.mp4,e61b74d4cc6b1f054ad4ba8bdfc02051f72f7233d583e036a3576cbff14db0b0,0,0,0,train,train,0
singleton_0158,singleton,RLVS,NonViolence/NV_274.mp4,e9883db8bbc6770917b1e69113ed2c9481030813c91a8ac08c89535d806452a8,0,0,0,validation,validation,0
singleton_0159,singleton,RLVS,NonViolence/NV_275.mp4,79422863e8925dc00493cad7632d39f2eb4a85ab8f0ca9dc4a5ddf81a13a75ef,0,0,0,train,train,0
singleton_0160,singleton,RLVS,NonViolence/NV_276.mp4,a8ee12dbb62bb289579665d3314a8caf417534bfaaeb26845e115c90a515c0d3,0,0,0,train,train,0
singleton_0161,singleton,RLVS,NonViolence/NV_277.mp4,a4e97a79e37c611430a02418a0bc46be432759071b08a6801df34620dbf16bf8,0,0,0,test,test,0
singleton_0162,singleton,RLVS,NonViolence/NV_278.mp4,855d53e61f6d4bd57b84739a10f5358b095120be7d3101318c4e5199b6a1c3e9,0,0,0,train,train,0
cluster_0069,perceptual_near_duplicate,RLVS,NonViolence/NV_279.mp4,f1bcd0ba758ae5705dc03b6be843b63566a216d27f702e7158e4472ffb3c88c2,0,0,0,test,train,1
singleton_0163,singleton,RLVS,NonViolence/NV_28.mp4,843b52e4ec219cd74695d08812e86e810d0fd22bb08706423931f9e03cef828e,0,0,0,train,train,0
singleton_0164,singleton,RLVS,NonViolence/NV_280.mp4,56cf6f750bdd6072c1e8c1a899a47dcc6c307ff001b9c334b6acb5144a63d1cd,0,0,0,validation,validation,0
singleton_0165,singleton,RLVS,NonViolence/NV_281.mp4,fa44d5b097fec174bcd112a7c6347dba6694af489af1f70b026d3a51771fbfe8,0,0,0,train,train,0
cluster_0069,perceptual_near_duplicate,RLVS,NonViolence/NV_282.mp4,a69a93b753d63a00acd2865d6c2229f0de0a039b9c864415c7ac8afcd6fefc83,0,0,0,train,train,0
cluster_0069,perceptual_near_duplicate,RLVS,NonViolence/NV_283.mp4,566a0ecbc26380d1b4e0b46643ba50041897b01a933b3f56276e2c0d4764f23a,0,0,0,train,train,0
singleton_0166,singleton,RLVS,NonViolence/NV_284.mp4,9ed462ab78ba5cc410126dd0344cb30a6ab5069329a80a6cb23c1f6f78a0efcf,0,0,0,train,train,0
singleton_0167,singleton,RLVS,NonViolence/NV_285.mp4,89a7a6ee37e2438b4011d4a45a2a9f35af83f1008baf2f0b3d7158dc38edaac9,0,0,0,train,train,0
cluster_0090,perceptual_near_duplicate,RLVS,NonViolence/NV_286.mp4,36395213c7450d0ec13579b6b00e70a695f1ed1ef28880a51d298d42b856907b,0,0,0,train,train,0
singleton_0168,singleton,RLVS,NonViolence/NV_287.mp4,28d93aede11b204639e1725bb9ab228ed414547c12c76e3c253504ae61ab7ba8,0,0,0,train,train,0
cluster_0090,perceptual_near_duplicate,RLVS,NonViolence/NV_288.mp4,b7a9c9af9316b0650a580cb8494511d9942419b90856e4f407b346878d94f129,0,0,0,validation,train,1
singleton_0169,singleton,RLVS,NonViolence/NV_289.mp4,8daade891fbf50ea11975ac61f046ac8a5d70fe416a09213793f80748ca7276b,0,0,0,train,train,0
singleton_0170,singleton,RLVS,NonViolence/NV_29.mp4,056385dcd74a52c6a29ff95bcdbc6b4a7ede048b002bf91768d72e0e4bb9fc89,0,0,0,train,train,0
singleton_0171,singleton,RLVS,NonViolence/NV_290.mp4,6405f34184ce7384b45c91a8fca3d2f9ad53b908e7c46acd777b9f92092ea270,0,0,0,train,train,0
singleton_0172,singleton,RLVS,NonViolence/NV_291.mp4,b2d5e004f27ca2273d70a1ea458f4876d9cbd64a8b2dc55ccd4e54402f123ad6,0,0,0,train,train,0
singleton_0173,singleton,RLVS,NonViolence/NV_292.mp4,a77db4f014274fea5e5d95ab40e544d7b53c3dbdb6b07cbd28ee0563279b7001,0,0,0,train,train,0
singleton_0174,singleton,RLVS,NonViolence/NV_293.mp4,369655ec6ba69ada6f638004be1fa1d96bd0b4218d5c9c2da337c6ae5084b5fe,0,0,0,train,train,0
singleton_0175,singleton,RLVS,NonViolence/NV_294.mp4,a5640018452758c48904f29b3001fb870e350847df6a0a9a8ba8bbda1125bfab,0,0,0,train,train,0
singleton_0176,singleton,RLVS,NonViolence/NV_295.mp4,ce78a4411d7e26e3ee22fba2c4717a9442eaec59bceebed6f24398f1bee4427b,0,0,0,train,train,0
singleton_0177,singleton,RLVS,NonViolence/NV_296.mp4,09c3700a2438a27011456c97231088f66f2576edbd33d100a1814d55de2239ba,0,0,0,train,train,0
singleton_0178,singleton,RLVS,NonViolence/NV_297.mp4,a85a93055d0601cf6ab7dfd9dd8e6eb5e701b65baa7deb3bcaaaf56cdf1d04e4,0,0,0,train,train,0
singleton_0179,singleton,RLVS,NonViolence/NV_299.mp4,fbd3d984678a73439ccb148614f9231d0f99fe555e72168bf521e365b73e3b79,0,0,0,train,train,0
singleton_0180,singleton,RLVS,NonViolence/NV_3.mp4,eeb9f88476a50d7203b3cf8654abf3b454d53a6502d9b87f7d529fb98dc70036,0,0,0,test,test,0
singleton_0181,singleton,RLVS,NonViolence/NV_30.mp4,e0458f61d747a2d7f360c06186c2d4900d65135bfc8652d3acec1b14addcd515,0,0,0,train,train,0
singleton_0182,singleton,RLVS,NonViolence/NV_300.mp4,6313cbcf7d2c7d094718c33e767c94b4dbd5ce8c76aa1e27cca6b83639caf14b,0,0,0,train,train,0
cluster_0044,perceptual_near_duplicate,RLVS,NonViolence/NV_301.mp4,a599a29a73e941debfcc8d852f77480646d3520df3b1d4a6a1d785d6941a0aac,0,0,0,train,train,0
singleton_0183,singleton,RLVS,NonViolence/NV_302.mp4,f57866e3db19a11a20e6a7feca4dd8ed26893fda35a39991b6b640d0bc5f04ee,0,0,0,train,train,0
singleton_0184,singleton,RLVS,NonViolence/NV_303.mp4,62d0d4adf0a15a1e5a4bce17ba0e7d3e323736eb9fbfc9a89b5567a7c420ecd3,0,0,0,train,train,0
singleton_0185,singleton,RLVS,NonViolence/NV_304.mp4,51686ddbae59953c2f8d1e5b6fc56979e6801490802338a41409c394085bac58,0,0,0,train,train,0
singleton_0186,singleton,RLVS,NonViolence/NV_305.mp4,9b866d261db1d4a3c839a8504dbc578fde8d663b0f01fb701bfba338c948aaff,0,0,0,validation,validation,0
singleton_0187,singleton,RLVS,NonViolence/NV_306.mp4,e7e232db2c23fb4fd8ac93e5d155c568890845d1f911ad765e3580e514ff5ced,0,0,0,train,train,0
singleton_0188,singleton,RLVS,NonViolence/NV_307.mp4,a8edb9e60cb35b047de0583a67f1854dd91a02fe80d588745ff53cd0c606ae23,0,0,0,train,train,0
singleton_0189,singleton,RLVS,NonViolence/NV_308.mp4,18a7186fe2741aa4b4b860cb60c9baf093fe394c5b6429a188519c051f8a726f,0,0,0,train,train,0
singleton_0190,singleton,RLVS,NonViolence/NV_309.mp4,08f1de67a65062fd77e0ded174aed2b89863a11165576213cd9055943869aac8,0,0,0,validation,validation,0
singleton_0191,singleton,RLVS,NonViolence/NV_31.mp4,a498452c8a2356a1dadbb0f9879bd864f1f3c6f37f45279b604148d71bba33bd,0,0,0,train,train,0
singleton_0192,singleton,RLVS,NonViolence/NV_310.mp4,bb35896fe31a399b9c167693d48fcfbe260d1bdae190794066708a39d068a418,0,0,0,train,train,0
singleton_0193,singleton,RLVS,NonViolence/NV_311.mp4,54f41b031a0f5550712760a1817e5eb6ffecc2bb48e768489927a514b3012e39,0,0,0,train,train,0
singleton_0194,singleton,RLVS,NonViolence/NV_312.mp4,79e0512f6ef7246b6794f76d63f88ab3bfcc9c765c0de8414b179a9c543bb651,0,0,0,train,train,0
singleton_0195,singleton,RLVS,NonViolence/NV_313.mp4,c9e20d28d7b49f5e997436027115a9f3ade3b645e2c9d786cc9349eb6a6f3683,0,0,0,train,train,0
singleton_0196,singleton,RLVS,NonViolence/NV_314.mp4,76b85fd8d92b35593010bdec2f1faa49b635c5fdb14fa9e46fc5414d9e40f68c,0,0,0,train,train,0
singleton_0197,singleton,RLVS,NonViolence/NV_315.mp4,30b63344aa8645526e38c8d49cf356cba0425a7fa2852a197db1b01f8533c5fa,0,0,0,train,train,0
singleton_0198,singleton,RLVS,NonViolence/NV_316.mp4,0522c6020b4241a0e08d9a72b1d9dd848a9c15a2f8a72ac2d8b9cc1fdde6ab0a,0,0,0,train,train,0
singleton_0199,singleton,RLVS,NonViolence/NV_317.mp4,46c52120d8f86cd9342bd7ec14adbe72344c30dc1a994fd90d03b5c9771157b3,0,0,0,test,test,0
singleton_0200,singleton,RLVS,NonViolence/NV_318.mp4,72812bbdc8d91bf84cb1c99a1c1b8cc0cdb37816344cb014cc315a7c7007ea6d,0,0,0,train,train,0
singleton_0201,singleton,RLVS,NonViolence/NV_319.mp4,21671d3a7b8a1c05e6d86a85346ce1315f9dd52029d6ccd102c2fd62da531eaf,0,0,0,test,test,0
singleton_0202,singleton,RLVS,NonViolence/NV_32.mp4,fc7e62b9a708facf8648b2187a2cf0bbaabc1eb9b5fab240e966d0a1d1e425e8,0,0,0,train,train,0
singleton_0203,singleton,RLVS,NonViolence/NV_320.mp4,5e05b577752a5431faf5c2a8092c0735d11f32850162b76a9f74bf834b9a0621,0,0,0,train,train,0
singleton_0204,singleton,RLVS,NonViolence/NV_321.mp4,0cc15bf72444704ed9322d3284ca87dbfb44dac6886dd8cf7e89ab797e7a3a18,0,0,0,train,train,0
singleton_0205,singleton,RLVS,NonViolence/NV_322.mp4,3b2bb0d7c51fa37cdd20ba63e865b2c0debef33ff712d570ccf1a4b84d8b2c7c,0,0,0,test,test,0
singleton_0206,singleton,RLVS,NonViolence/NV_323.mp4,5075c67c35fb53478ca123e4b70a5df20c9c1728dcef221abae9f8cd7489fb16,0,0,0,train,train,0
singleton_0207,singleton,RLVS,NonViolence/NV_324.mp4,36d18b002c1719e12d7933159241018ef6279a23d72975636621e8ac9890e5b8,0,0,0,train,train,0
singleton_0208,singleton,RLVS,NonViolence/NV_325.mp4,94e06de5aff7b2c521433d404c331cfeff874f878f79b96feccac9bdf6c6b42f,0,0,0,train,train,0
singleton_0209,singleton,RLVS,NonViolence/NV_326.mp4,40e77ed2a3715221bafb6161c3cabc1f8128b8ac509b835f7128cbc150dfd452,0,0,0,train,train,0
singleton_0210,singleton,RLVS,NonViolence/NV_327.mp4,864f4eeff5d480cc151b593aa960cd2ebc8a0083e6cf2614d9d15ecd608e0863,0,0,0,test,test,0
singleton_0211,singleton,RLVS,NonViolence/NV_328.mp4,4fd46cb8262013965c1655be7b966ca11b1720855dab41d504dbbd594b7a772f,0,0,0,train,train,0
singleton_0212,singleton,RLVS,NonViolence/NV_329.mp4,713e638edd9a13c89bb5e5550c57a54f6f222f0f0d4286b03b9e81b97d898bdf,0,0,0,test,test,0
singleton_0213,singleton,RLVS,NonViolence/NV_33.mp4,19f93946de642aa8a7ca118c570bca37d3ac7849eee4475bfbf2775424bd37b5,0,0,0,train,train,0
singleton_0214,singleton,RLVS,NonViolence/NV_330.mp4,28286fd0bbe60386557e0e4434e11120dd29e36f90fc2117819038119cf172d5,0,0,0,train,train,0
singleton_0215,singleton,RLVS,NonViolence/NV_331.mp4,5a013676e8d0c8ed332538c2fdcc9638e0eab9c6cd38616b06b5afce0347b099,0,0,0,validation,validation,0
singleton_0216,singleton,RLVS,NonViolence/NV_332.mp4,a259953c7608bc9fbecad1e7666fd06682f8f67a7bc2be475728e2e39857920b,0,0,0,train,train,0
singleton_0217,singleton,RLVS,NonViolence/NV_333.mp4,f2cdef6b7df70796384fb920b917e0922d1c19b795e275a917f559543e9b2519,0,0,0,test,test,0
singleton_0218,singleton,RLVS,NonViolence/NV_334.mp4,8128de709b26fb199b694554fb0d34c5fbac8198add749b12d2b58c404d9f1bf,0,0,0,validation,validation,0
cluster_0090,perceptual_near_duplicate,RLVS,NonViolence/NV_335.mp4,5c141bc59a3e5edfb8989c55a2d07173437404c4cf0f6bee31af1925474b58aa,0,0,0,train,train,0
singleton_0219,singleton,RLVS,NonViolence/NV_336.mp4,921620e80a975114d9bdeab9ab774be9353fb5ecdee5d04ecfec8b4ad9689807,0,0,0,train,train,0
singleton_0220,singleton,RLVS,NonViolence/NV_337.mp4,784fa06fc8b83eb68f97b15a204a272e33f63e73dbb644e4c36c2008f5e133c6,0,0,0,train,train,0
singleton_0221,singleton,RLVS,NonViolence/NV_338.mp4,9a4df07c955d700bb3d0673414d355162ae96ca14b91c4db7db606cce6921aad,0,0,0,validation,validation,0
singleton_0222,singleton,RLVS,NonViolence/NV_339.mp4,b7e8b2ce1fc92232635ad0a81c4bdfe2f02c05643f3cc31d16a289ec4338b7e4,0,0,0,train,train,0
singleton_0223,singleton,RLVS,NonViolence/NV_34.mp4,e621975df2cd605d06bfd3febb1168c3815b3956420df272ff2c283e593c8a38,0,0,0,train,train,0
singleton_0224,singleton,RLVS,NonViolence/NV_340.mp4,919071c1ccc785929d747d23bfd7d8c302a38357dce42eb7074bf4ccde26ec7b,0,0,0,validation,validation,0
cluster_0154,perceptual_near_duplicate,RLVS,NonViolence/NV_341.mp4,40b2190f6d7919eaf730ba6032ffab3855fd8fbbffc4e2e72035eac38ab1e369,0,0,0,validation,validation,0
singleton_0225,singleton,RLVS,NonViolence/NV_342.mp4,acd41361704c1742794fb6430ed3c041d804917980794369b9379ef11bd744ac,0,0,0,train,train,0
singleton_0226,singleton,RLVS,NonViolence/NV_343.mp4,e37d57b520043568b65966bb21bc93692b6a18464034b42b8d45ebe64a2d44a2,0,0,0,train,train,0
singleton_0227,singleton,RLVS,NonViolence/NV_344.mp4,ca9cb4938f1077fedafdb1725d8432a87a33f08fa5d178c332de757053c1ef9e,0,0,0,train,train,0
singleton_0228,singleton,RLVS,NonViolence/NV_345.mp4,3dce1cd3cda6b5e53ea98b2888cd6a55272b882921d4924c6177679e6b5f0526,0,0,0,test,test,0
singleton_0229,singleton,RLVS,NonViolence/NV_346.mp4,1c15793ae1bc691e4e8b088ec107fd4fc645976d028feaad416941cd0189d97d,0,0,0,train,train,0
singleton_0230,singleton,RLVS,NonViolence/NV_347.mp4,906a60a04b3e5df0c0bc817076f1ad5d9ba4c98590ebfceab13a45ce7b74ab0e,0,0,0,train,train,0
singleton_0231,singleton,RLVS,NonViolence/NV_348.mp4,05264e3702a0c26585fff51ff6ca50887a739a3935ddec3fedf2af7137d688fc,0,0,0,validation,validation,0
singleton_0232,singleton,RLVS,NonViolence/NV_349.mp4,a866d534d0979c8e881db1b788fb2e2c8092c72a36d2a02cb1aa682599757ebc,0,0,0,validation,validation,0
cluster_0044,perceptual_near_duplicate,RLVS,NonViolence/NV_35.mp4,6555001c7ca4f1b72297a7bc701ef284e79fa9112130fd950b25ae2ac4170aea,0,0,0,train,train,0
singleton_0233,singleton,RLVS,NonViolence/NV_350.mp4,21127610d165d60f956781ce7a21aae0312821c766c3bb4e93ae78b010e00179,0,0,0,train,train,0
singleton_0234,singleton,RLVS,NonViolence/NV_351.mp4,d246bc44110616d4cb2dd614ef139e81bbfc1d7f0ebfa61946bc0b7d22d46349,0,0,0,validation,validation,0
cluster_0154,perceptual_near_duplicate,RLVS,NonViolence/NV_352.mp4,995f44009d616f3bac6f800ebd6debdc40d323a6dd72716f482cdf23932f4738,0,0,0,train,validation,1
singleton_0235,singleton,RLVS,NonViolence/NV_353.mp4,3abe4134f80a9a26da31c30270eb7c53d3289bf82b133fb64dfaf9bbc4514e04,0,0,0,test,test,0
singleton_0236,singleton,RLVS,NonViolence/NV_354.mp4,574de8d6017dbbf1d737b5e6e73d6415a29f2e500b8509ee027c12f46e3e3661,0,0,0,train,train,0
singleton_0237,singleton,RLVS,NonViolence/NV_355.mp4,bc3988efa22074ad47b94d41e7a5dce7831b9cc50aa694f7084f124b20d7ffe7,0,0,0,train,train,0
singleton_0238,singleton,RLVS,NonViolence/NV_356.mp4,1c37c40b0b7b36a4ccfb114fe8827f0eddeb49409285d05f022cbcc6c5c6c5b3,0,0,0,test,test,0
singleton_0239,singleton,RLVS,NonViolence/NV_357.mp4,a70cf89037d3241b23b526f79e4ad508d5a08a26b67af044acd12210ae0d3642,0,0,0,train,train,0
singleton_0240,singleton,RLVS,NonViolence/NV_358.mp4,2851a286a6c0065cb11cf0949ce15ad50564c46911b9151066bfb0327a8fee30,0,0,0,validation,validation,0
singleton_0241,singleton,RLVS,NonViolence/NV_359.mp4,0b2bb04a896ac3fb3df4dc81844ec51af510974d2c2d26fea857209a2c6c8cc9,0,0,0,test,test,0
singleton_0242,singleton,RLVS,NonViolence/NV_36.mp4,84c12f615ac56583e66a5a2ff4efa304c91a61ef204f322c5d82cc096f02da3a,0,0,0,train,train,0
singleton_0243,singleton,RLVS,NonViolence/NV_360.mp4,6547caae4cc109031d2cad405d57ccce45fb616f214db85c828f3c40f2733d6c,0,0,0,train,train,0
singleton_0244,singleton,RLVS,NonViolence/NV_361.mp4,95c7ab1f7f0c9d80305dfde870da2c912c72b5465470383afe3aec051bab7365,0,0,0,train,train,0
singleton_0245,singleton,RLVS,NonViolence/NV_362.mp4,dfb47dc741249fe185e60d58cb7492247c658e4dc96cf481c3366d49408b24eb,0,0,0,train,train,0
singleton_0246,singleton,RLVS,NonViolence/NV_363.mp4,cd0fe26da2f7143d5e88f60ce98b7302e8b23decd960c4d22690fbc7f0c83477,0,0,0,train,train,0
cluster_0002,perceptual_near_duplicate,RLVS,NonViolence/NV_364.mp4,a9cdce9797509e4c16b31fe6571fbb19c6aa5e175394f959b075cc8e858151a8,0,0,0,validation,train,1
singleton_0247,singleton,RLVS,NonViolence/NV_365.mp4,8f6ba9f4b3cbc296ead6e65b1c7fa852a244e72c3fea58b44614f9f60206a06d,0,0,0,train,train,0
cluster_0070,perceptual_near_duplicate,RLVS,NonViolence/NV_366.mp4,e6df26cc20e60c089048e7156246ac98d21686b5ab3793940f7dbd2ca7d8e6a2,0,0,0,test,train,1
singleton_0248,singleton,RLVS,NonViolence/NV_367.mp4,0a1f41c1cf4ba6f059682fe16c8ba2bde35a3b6e58767da2b93b94ba6f55593e,0,0,0,train,train,0
singleton_0249,singleton,RLVS,NonViolence/NV_368.mp4,20e8e7b8b2db1dc385b1c1cbf2b8dbe3c203028365afe4645adfb0aeda65f617,0,0,0,validation,validation,0
singleton_0250,singleton,RLVS,NonViolence/NV_369.mp4,ff7b8e2f8ef29b07ae2889ccf93e458087daa3774b3edb9bd4bfde583b9fc6d9,0,0,0,train,train,0
singleton_0251,singleton,RLVS,NonViolence/NV_37.mp4,acac32264d3bf12906f2b6816f0e1c98d9c62abd2c1c84613bb0c324de53927f,0,0,0,train,train,0
singleton_0252,singleton,RLVS,NonViolence/NV_370.mp4,eb79b62d515059bc105402927f34152e36194aa97ce4bfcf4c0af64df68b404c,0,0,0,train,train,0
singleton_0253,singleton,RLVS,NonViolence/NV_371.mp4,32cbf2254cf27bcb7b12531c0080135f84a9bb4e46040c2ec5f7a4120339650a,0,0,0,train,train,0
cluster_0002,perceptual_near_duplicate,RLVS,NonViolence/NV_372.mp4,bdd6e4759827880b2e4ac61e4e0721c84f008e71a52b5bf51bb5a4c2a4f465e5,0,0,0,train,train,0
cluster_0002,perceptual_near_duplicate,RLVS,NonViolence/NV_373.mp4,76c4df6393f7cc250ceec92eb72b2baf92cc41de9d4591a00988e24f7a7d0ad3,0,0,0,validation,train,1
cluster_0002,perceptual_near_duplicate,RLVS,NonViolence/NV_374.mp4,f3f9292203ffec607ee0a86074af5113032e774adfdeae2a00249320bf5ed431,0,0,0,test,train,1
cluster_0002,perceptual_near_duplicate,RLVS,NonViolence/NV_375.mp4,39f6441e3715ed327046edb043fb3939e42c8f3e6b1ae6e274d75bf8a1a35dab,0,0,0,test,train,1
cluster_0002,perceptual_near_duplicate,RLVS,NonViolence/NV_376.mp4,35f190c0f1684a5bbd427daae594c194f1e4950103e21c7432dd5eea95b7c57e,0,0,0,train,train,0
cluster_0002,perceptual_near_duplicate,RLVS,NonViolence/NV_377.mp4,6fef31928b99b6ecd38b476e06e294c152c8c942117f6b364e786a568ee63500,0,0,0,train,train,0
cluster_0002,perceptual_near_duplicate,RLVS,NonViolence/NV_378.mp4,df7b2534d382cbd4bdd3d209b055b93ce3651133158a3ad17d6218cc0af3060c,0,0,0,train,train,0
cluster_0002,perceptual_near_duplicate,RLVS,NonViolence/NV_379.mp4,21a9664c47a43823975e914fe1aeba86378fd5782a45754c42ff8dac369d5bc8,0,0,0,test,train,1
cluster_0044,perceptual_near_duplicate,RLVS,NonViolence/NV_38.mp4,f1b438c78b3f5cecf8d543bef0e62b76e63a83fe1bd795bbf4d9f19893dd9089,0,0,0,test,train,1
singleton_0254,singleton,RLVS,NonViolence/NV_380.mp4,2215edbcb952a6874af1f0d767ae0f26f70bbaa4a7d3e02abb5ff8ffa80b6e96,0,0,0,validation,validation,0
singleton_0255,singleton,RLVS,NonViolence/NV_381.mp4,fe177aa84882119295afa62ba4763c5f7890e8ed5591e51c73b3205be36dbaca,0,0,0,train,train,0
cluster_0002,perceptual_near_duplicate,RLVS,NonViolence/NV_382.mp4,f01a15e99958e2b6463417ea79b7c3b5cd5701bd23302d387366ff2f8da14e93,0,0,0,train,train,0
cluster_0002,perceptual_near_duplicate,RLVS,NonViolence/NV_383.mp4,8f79d2b8955a13007d277dcd6123860b42996739f11a0d8de63dba006790cef2,0,0,0,train,train,0
cluster_0002,perceptual_near_duplicate,RLVS,NonViolence/NV_384.mp4,0a718e47808a9756c20efaffb6f02b1dd2e0703eca11bf2c4b49d2f72f23fb24,0,0,0,validation,train,1
cluster_0045,perceptual_near_duplicate,RLVS,NonViolence/NV_385.mp4,1addf6cfd1e51e909d9ccad200a6cadc6c35da81fca7f9b12a6f715a81e853df,0,0,0,test,train,1
cluster_0005,perceptual_near_duplicate,RLVS,NonViolence/NV_386.mp4,9a11248c6bb6b4f44a0be9ef6d61384765c4acd27c451b6b20ee1a70fc623a48,0,0,0,validation,train,1
cluster_0005,perceptual_near_duplicate,RLVS,NonViolence/NV_387.mp4,626b489e6227de1618847a5eb11afb0aaeff246813a4690f960411fa1443641d,0,0,0,train,train,0
cluster_0005,perceptual_near_duplicate,RLVS,NonViolence/NV_388.mp4,b68d8f735f44273d3852f9f33f4a478e3d254dff0164425b119fd4864db2ea83,0,0,0,train,train,0
cluster_0005,perceptual_near_duplicate,RLVS,NonViolence/NV_389.mp4,b5811c1bbc73d63126accc92c2cba600340f71442f428f4e572e0f168a958734,0,0,0,train,train,0
singleton_0256,singleton,RLVS,NonViolence/NV_39.mp4,d0e5038040c03e90006ddbc395016943b2fe1ba7bb66eacb91344a4a62d5eea8,0,0,0,train,train,0
cluster_0005,perceptual_near_duplicate,RLVS,NonViolence/NV_390.mp4,917f28a9c3dbb13499a0c7ae662b03e4b054d9f22e94df39ef6c307dc967c280,0,0,0,train,train,0
cluster_0005,perceptual_near_duplicate,RLVS,NonViolence/NV_391.mp4,6f7eac696f86b25bcd46e0785b0eb614453c286a48ad7eab6737396e47cf663c,0,0,0,validation,train,1
cluster_0005,perceptual_near_duplicate,RLVS,NonViolence/NV_392.mp4,8aa83a80889eafdcf49bb15791e0116ebbe8b8317923970cf9311bf7c9c00a59,0,0,0,train,train,0
cluster_0005,perceptual_near_duplicate,RLVS,NonViolence/NV_393.mp4,4ac72bae4311899b370a76cc60f1410ba7e7c04f0cd4425a18caabd65b2208b2,0,0,0,validation,train,1
cluster_0005,perceptual_near_duplicate,RLVS,NonViolence/NV_394.mp4,63c3d7f8c6432b4a179a0e5b33a42b8ea4e3186aeb5b14294534eecf59b3b5b6,0,0,0,train,train,0
singleton_0257,singleton,RLVS,NonViolence/NV_395.mp4,6235660611a274607a68fe7afb7c85e4414a33ba693e044abf2402c9a70fedc8,0,0,0,train,train,0
cluster_0045,perceptual_near_duplicate,RLVS,NonViolence/NV_396.mp4,dadc2637c6dfc996dca0f2a109f289fe6db710542f7b2ca734a164d48b2d254d,0,0,0,train,train,0
singleton_0258,singleton,RLVS,NonViolence/NV_397.mp4,ab0a7fc8b272b4684aa7dc2803e02ae1b1eb1d806d885e1a7ebffc40eaf90234,0,0,0,train,train,0
singleton_0259,singleton,RLVS,NonViolence/NV_398.mp4,def2e8d8d6e33760c814c4d86e59f7c2e87b0e5ebd819e0eb58d6092881d31c7,0,0,0,validation,validation,0
singleton_0260,singleton,RLVS,NonViolence/NV_399.mp4,9ac94830c25ff743b99f6861dc90abee910ff27db16210bf59185f94aa209d05,0,0,0,train,train,0
exact_sha_group_0002,exact_sha256,RLVS,NonViolence/NV_4.mp4,fbcc259d385381c3fab143c93238f2d9443baafc9093205189e2b844f91e3b7f,0,0,0,train,train,0
singleton_0261,singleton,RLVS,NonViolence/NV_40.mp4,3b5f8f932def707656fca0eb6bbe2f768740904ad4621604347b5b40a5c7d69b,0,0,0,test,test,0
singleton_0262,singleton,RLVS,NonViolence/NV_400.mp4,e0411ffaf403e54712b7e48ec80e39e7dd841f5bc3479156e9cf179b6beeba72,0,0,0,train,train,0
singleton_0263,singleton,RLVS,NonViolence/NV_401.mp4,eb974b7ea50a37cd105230a3b52bbf88693f3748ecb5dec8d564e1edb1d8f4b1,0,0,0,train,train,0
singleton_0264,singleton,RLVS,NonViolence/NV_402.mp4,e56f216882aaef24fb77167cb8cb88cefef0163ca4c71fc38b749290d2283f08,0,0,0,train,train,0
singleton_0265,singleton,RLVS,NonViolence/NV_403.mp4,88498a3687129323c3f8418d1bb6915d131f64698e48ec170b6b9b56616c909a,0,0,0,train,train,0
singleton_0266,singleton,RLVS,NonViolence/NV_404.mp4,675fec1271e2c756642f51f04666efa0a5dcb87da14ab77fb0c65c5188a01844,0,0,0,test,test,0
singleton_0267,singleton,RLVS,NonViolence/NV_405.mp4,7587a2ad4583dd371f0fc86db8eee9053fe4ff63fe3a32a8828b8726f948a40d,0,0,0,train,train,0
cluster_0045,perceptual_near_duplicate,RLVS,NonViolence/NV_406.mp4,2e01dbc32fcf4e37ae9391d31bb4e2ac9e0e9d68443ae4a0eec1d4135f646c08,0,0,0,train,train,0
singleton_0268,singleton,RLVS,NonViolence/NV_407.mp4,c1b570435185aca72873ea081d819c0cbc666db0a95663cbf786cdb6d1f95d67,0,0,0,train,train,0
singleton_0269,singleton,RLVS,NonViolence/NV_408.mp4,a0fe1168925ef884740f8aaae29b2b5f083a043208811e6e52938fc826361ea9,0,0,0,train,train,0
singleton_0270,singleton,RLVS,NonViolence/NV_409.mp4,e960a6f564530f4df45df89724b474baf316f002a06fef419e071587c2c8eaa4,0,0,0,train,train,0
singleton_0271,singleton,RLVS,NonViolence/NV_41.mp4,ac3a68ad6c9d257d3ffb7f909e33a0561b613f96fa3e8ebc36a2027702c920ae,0,0,0,train,train,0
singleton_0272,singleton,RLVS,NonViolence/NV_410.mp4,a2fa6b677363e224e01aa1f7dac7c21a3f4aa010029b91c72cd171b2a6ac07de,0,0,0,train,train,0
singleton_0273,singleton,RLVS,NonViolence/NV_411.mp4,b8b2d0b5666cce539e3a57b55d0f7439168788701945f4df34236d82e44e88f5,0,0,0,validation,validation,0
singleton_0274,singleton,RLVS,NonViolence/NV_412.mp4,9c13f0f591b5641dcd993ea9971d73352cc9990cc80b3a2bb17f4a4468000524,0,0,0,train,train,0
singleton_0275,singleton,RLVS,NonViolence/NV_413.mp4,b0f75682bae983fed7f6fd05bdbf0c83549a448bc2e4739a2417595420a26662,0,0,0,validation,validation,0
singleton_0276,singleton,RLVS,NonViolence/NV_414.mp4,a209a2d540ead0d929fc7d70bfbcf806fea21a16c3c6fcdf755cb66bc9bd7277,0,0,0,test,test,0
cluster_0110,perceptual_near_duplicate,RLVS,NonViolence/NV_415.mp4,aee3cb5e9b4ad621f3f02ad43d6c0559cb6122704a2b315c8a829cb8e9355ef4,0,0,0,validation,test,1
cluster_0110,perceptual_near_duplicate,RLVS,NonViolence/NV_416.mp4,f45b77d7ac45cab2b6cd4aee5ce1acc4e78741af6d43976335f3e822c275c749,0,0,0,test,test,0
cluster_0045,perceptual_near_duplicate,RLVS,NonViolence/NV_417.mp4,1b227d9ec738690e624b90fbe3411671c8ce0d190f6171d211dca2f7523ed864,0,0,0,train,train,0
singleton_0277,singleton,RLVS,NonViolence/NV_418.mp4,39d639c11ebfea69e6a75ddad74e1ba04d4c9428af4fd72e6590d3ad9d1bcefe,0,0,0,train,train,0
singleton_0278,singleton,RLVS,NonViolence/NV_419.mp4,9c70cc1285d32a8ef00a22a914b7f1f0fc38827b82c9c8a6b7a2a4364c9f9f1b,0,0,0,train,train,0
cluster_0044,perceptual_near_duplicate,RLVS,NonViolence/NV_42.mp4,4b5fe6962ca9c9dde749029a8b4300995ebed55d74d4dbb30b74abbb5139341b,0,0,0,train,train,0
singleton_0279,singleton,RLVS,NonViolence/NV_420.mp4,231183ba0fa2334ca7a9d19247fe6ee3dfb2a101c9abce2f4276c997350737d1,0,0,0,train,train,0
singleton_0280,singleton,RLVS,NonViolence/NV_421.mp4,224f2432867fee10138a1632af603a3e10c64aa01a53a1a5c98c9ea5bceb8de5,0,0,0,train,train,0
cluster_0070,perceptual_near_duplicate,RLVS,NonViolence/NV_422.mp4,6a591ce0d32a5ee11bc39cfc7b763260895de88b6cb6d17167eed82b30e2f6c6,0,0,0,train,train,0
cluster_0070,perceptual_near_duplicate,RLVS,NonViolence/NV_423.mp4,57b9bb5e68cd7d1b62a5a30e8ccb57545be1c1ac44c3d3dbffad166f876f9eed,0,0,0,train,train,0
singleton_0281,singleton,RLVS,NonViolence/NV_424.mp4,11be817e6913233ccb4d34b814f32541028c4144229b863654ddb3233f0ed426,0,0,0,train,train,0
singleton_0282,singleton,RLVS,NonViolence/NV_425.mp4,f16ad41748a231542458e32b46d215af291646500b99253ef81f72d8e45e57a4,0,0,0,train,train,0
singleton_0283,singleton,RLVS,NonViolence/NV_426.mp4,b6e970b880715a779c0588b0b91a30602637e33e8a243b41bad1256c3e277462,0,0,0,train,train,0
singleton_0284,singleton,RLVS,NonViolence/NV_427.mp4,110eb309bf50a6e1781d3c956e51e6b89d9ee4184ba616753130c644c1fec8e1,0,0,0,train,train,0
singleton_0285,singleton,RLVS,NonViolence/NV_428.mp4,98f5dbf95286018db9e3834c6389861a2f84d6d110add4abc2402c7b81b27690,0,0,0,train,train,0
singleton_0286,singleton,RLVS,NonViolence/NV_429.mp4,682acb8724d62d18d17b46bcf661b831bfb34bb72a6f0732393a37e26835d0b8,0,0,0,train,train,0
singleton_0287,singleton,RLVS,NonViolence/NV_43.mp4,59ef3a7e55829cdf8ae424f4ede48628e5a4a428518831c732ffb35e791f5123,0,0,0,validation,validation,0
singleton_0288,singleton,RLVS,NonViolence/NV_430.mp4,f4d4078993770da1f5e62eb948aff88070caf7b7e118a5b830bd9bcb7eb75607,0,0,0,train,train,0
singleton_0289,singleton,RLVS,NonViolence/NV_431.mp4,9b8fbc81f48d382657e01a0c80f6a7c867a7f27121eadeec33ca152bc0cbdafe,0,0,0,train,train,0
singleton_0290,singleton,RLVS,NonViolence/NV_432.mp4,cde4e2dd515dbce5089deb5266718536738cba12a609b1d3447553ef9e40389c,0,0,0,train,train,0
singleton_0291,singleton,RLVS,NonViolence/NV_433.mp4,591359a9a9950c4cafbe943b812aefef67ce929d21f734c38c0183d0ec16e93c,0,0,0,train,train,0
singleton_0292,singleton,RLVS,NonViolence/NV_434.mp4,0da795859bd00992e65da19efcbd500d3127f94c09ba116639cf4884ab8b1b4d,0,0,0,train,train,0
singleton_0293,singleton,RLVS,NonViolence/NV_435.mp4,c7810fb9ae6ee4aa43a0b65c65bdaf6a71eeb89127a61c27b3c411f0c297e5e5,0,0,0,train,train,0
singleton_0294,singleton,RLVS,NonViolence/NV_436.mp4,e6fa9d7442badc44aea80ff10aa2e175e6dbb4ef4e3f5b8f0654a5984fbe41da,0,0,0,train,train,0
singleton_0295,singleton,RLVS,NonViolence/NV_437.mp4,9a1c4361c30d90a3485faa66b14aaddf632a376938e0e87f57541457fb8f8e32,0,0,0,train,train,0
singleton_0296,singleton,RLVS,NonViolence/NV_438.mp4,6aa4a9dfbcbe9333b34a4eef43fc41e74b8f0b19ebe3fe20655a81fc44e1785d,0,0,0,train,train,0
singleton_0297,singleton,RLVS,NonViolence/NV_439.mp4,8533c905a867da20dbb5076f2fe8ecd72718a0bec044c5945eaa7ecf82c785fd,0,0,0,train,train,0
singleton_0298,singleton,RLVS,NonViolence/NV_44.mp4,c30d55f5c573fb62c928e2109d3daa1f5d0de56cec1205a4fd37612807c8a483,0,0,0,train,train,0
singleton_0299,singleton,RLVS,NonViolence/NV_440.mp4,5211058c8fb43a08d6bd9c4d16128129693958737dc1c480cbdaacd8766dbe24,0,0,0,train,train,0
singleton_0300,singleton,RLVS,NonViolence/NV_441.mp4,4b12a655e85726be15267d1fbe5888443ff60bd71bac04ebe7f43b93e91433e0,0,0,0,train,train,0
singleton_0301,singleton,RLVS,NonViolence/NV_442.mp4,ee848eb9bf9219cfb7d900a06c0d136e7bbed89d1ecccb1a246591d1d4e987df,0,0,0,train,train,0
singleton_0302,singleton,RLVS,NonViolence/NV_443.mp4,4795b0e01181a128828aeb7df3696eb3b7b3926e3cebcd2bf58dbd54e1bf3446,0,0,0,train,train,0
cluster_0111,perceptual_near_duplicate,RLVS,NonViolence/NV_444.mp4,cee7930e72b5a5926735c1f0f9b031de65836604ff08aca43a98222f35bc7f35,0,0,0,train,test,1
cluster_0111,perceptual_near_duplicate,RLVS,NonViolence/NV_445.mp4,11abf0015ff8afd04284676c6c9c332e2bc55ca3d54c8204dbf65d961e94cc31,0,0,0,test,test,0
singleton_0303,singleton,RLVS,NonViolence/NV_446.mp4,9646ca2aefcb9f8df412886064971ff8f821bda5371c313647c533950dcbc0ae,0,0,0,train,train,0
singleton_0304,singleton,RLVS,NonViolence/NV_447.mp4,2a01150268ac20be2b19ca03549e0db64f1b59dba37334cc82034df5798e4cdf,0,0,0,train,train,0
singleton_0305,singleton,RLVS,NonViolence/NV_448.mp4,554fa8c0fbc171dd760353cdc6a68859352e4b247b12e58ca0000e2f38e5b337,0,0,0,train,train,0
singleton_0306,singleton,RLVS,NonViolence/NV_449.mp4,5e86664df8349c59952570e6c09f04e84ce2cb3656783fe68b3f9f393a253c5c,0,0,0,train,train,0
cluster_0112,perceptual_near_duplicate,RLVS,NonViolence/NV_45.mp4,8590b3d63a8bc6bc74e1ea4e47bded1ea50fcb8430f6248a065648c81f8f0b98,0,0,0,test,test,0
singleton_0307,singleton,RLVS,NonViolence/NV_450.mp4,a4eb9c29a0778d99554ca93566d0dedf6d6a39701a185aefd0a0eb59f68a0167,0,0,0,test,test,0
singleton_0308,singleton,RLVS,NonViolence/NV_451.mp4,85d1e0e199afc65a4d371327b072499d736446da502d1c849a1c8348626dfb2e,0,0,0,train,train,0
cluster_0113,perceptual_near_duplicate,RLVS,NonViolence/NV_452.mp4,0004ad382bbad65c6efb5901c4eb629e3b7e9b3b37417cd99e5175774ab0f9f0,0,0,0,test,test,0
cluster_0113,perceptual_near_duplicate,RLVS,NonViolence/NV_453.mp4,e4f468cc0da5f19ac0266dfca118f3b7926f691853767812431c5a13deedbbd6,0,0,0,train,test,1
singleton_0309,singleton,RLVS,NonViolence/NV_454.mp4,a6c8d3497336fbe2703248268e63ed06fef693b83995b12b0d791111d3d7f042,0,0,0,train,train,0
singleton_0310,singleton,RLVS,NonViolence/NV_455.mp4,99756db11d92125976541aa8940722aeb1dd0a14e0bfcafaf577c0be3bbca6ff,0,0,0,train,train,0
cluster_0155,perceptual_near_duplicate,RLVS,NonViolence/NV_456.mp4,3da38d7184d59be866bae93fca91d7251f3fe66438f1226f1d41159098da0801,0,0,0,validation,validation,0
cluster_0155,perceptual_near_duplicate,RLVS,NonViolence/NV_457.mp4,31eb5e52b347920b32936d9d7cd4424196e05beae0b22a08572bfa5165679026,0,0,0,train,validation,1
singleton_0311,singleton,RLVS,NonViolence/NV_458.mp4,13dd1431e238a63f40fc2983d95558fb6ba6ef44bc3f2dd3a1eb9de4696e915a,0,0,0,train,train,0
cluster_0156,perceptual_near_duplicate,RLVS,NonViolence/NV_459.mp4,027f00f4865d7f45f3870ca8e20b89a96c59ad6480029a933eaddb5ac205b764,0,0,0,validation,validation,0
singleton_0312,singleton,RLVS,NonViolence/NV_46.mp4,a306b8726cdd20a8ae72eeb0c047f7aa858d84939fd708da61c3c809a481656e,0,0,0,train,train,0
cluster_0156,perceptual_near_duplicate,RLVS,NonViolence/NV_460.mp4,5910bc4cf6d77319ad62513ab3e0f195dded0c0f82eddf99d86fcfa0807ea281,0,0,0,train,validation,1
singleton_0313,singleton,RLVS,NonViolence/NV_461.mp4,2fc7763a04723178a1beeef0e4803f24c2536a784da82729acfcc8ecc64866dc,0,0,0,train,train,0
singleton_0314,singleton,RLVS,NonViolence/NV_462.mp4,e3affdcc2aaad8c336570aa4f1bc1bef6b93a48018b4e699b8477c9e91ac4b6a,0,0,0,train,train,0
singleton_0315,singleton,RLVS,NonViolence/NV_463.mp4,1c5af195b74fb0b18e3d6173a0193f4423ac45961fee24cc16a240987866535f,0,0,0,train,train,0
singleton_0316,singleton,RLVS,NonViolence/NV_464.mp4,1e195e773e775261fea75ef1f85d952db3bf7b19900cb4193c8d2386aefa3a6b,0,0,0,train,train,0
singleton_0317,singleton,RLVS,NonViolence/NV_465.mp4,aeadc0ed7f249d3df5f3cdb9173cb93f5201375c25d265133af7170ea00262c4,0,0,0,train,train,0
singleton_0318,singleton,RLVS,NonViolence/NV_466.mp4,95803a309c4f08c7e0feefe4433d2d3f965b68b02e53b46d3b5d1247b21369d9,0,0,0,train,train,0
singleton_0319,singleton,RLVS,NonViolence/NV_467.mp4,43f5fddd3203d1031ce5800a1ac2105fea6b07e1305939a538ca835c8acbb9b9,0,0,0,train,train,0
singleton_0320,singleton,RLVS,NonViolence/NV_468.mp4,3441b9622501caad1116aed685662c9219bb7679ac294a13d53fd9b81de097c3,0,0,0,train,train,0
singleton_0321,singleton,RLVS,NonViolence/NV_469.mp4,4ebffeb4fb8399aad6571019a8b2a26f1b98e1a9f2f047890b1f0d571b7e9870,0,0,0,validation,validation,0
singleton_0322,singleton,RLVS,NonViolence/NV_47.mp4,f3279918a8bfaefd4d43836d94e2deb02523c93d801044a69878404283835105,0,0,0,train,train,0
singleton_0323,singleton,RLVS,NonViolence/NV_470.mp4,dcb85cdb0fb53b37548352525bf9612e3ed6a4ed8bd6373997425ef0ba9b90d9,0,0,0,validation,validation,0
singleton_0324,singleton,RLVS,NonViolence/NV_471.mp4,c2be8b1535ec0d1350722efcada2548644218a366c85fc3c127a026f1662cff2,0,0,0,train,train,0
singleton_0325,singleton,RLVS,NonViolence/NV_472.mp4,3aedcf1a2d12ac1e4a09ab62361f2c2afd69e0668aa74248187cfc69bcfe2556,0,0,0,test,test,0
singleton_0326,singleton,RLVS,NonViolence/NV_473.mp4,dd358d8fcc9518542a3fe737341df3e114bfcc2781fc725103370ce5ea7dc1ad,0,0,0,train,train,0
singleton_0327,singleton,RLVS,NonViolence/NV_474.mp4,a820d43a2ebb089a16970afe1ff8e9d9452a9ce2690435366c40fa797aa85f62,0,0,0,train,train,0
singleton_0328,singleton,RLVS,NonViolence/NV_475.mp4,c17620c3cbd9a89a4f74a2ab438f6a105fe25f479e7d8335dbc109dc8450614c,0,0,0,test,test,0
singleton_0329,singleton,RLVS,NonViolence/NV_476.mp4,4382e22a174b8b7b6084a3bceb9e61c170bb4f6350fb43b8f8aed83ed1ffc458,0,0,0,validation,validation,0
singleton_0330,singleton,RLVS,NonViolence/NV_477.mp4,3126a06c59166f55361fc1e888746a3aa67b58a850d594face19ad6e11311573,0,0,0,train,train,0
singleton_0331,singleton,RLVS,NonViolence/NV_478.mp4,d9661c9b6596e6783112fa1b09cb41f1ed168efd23dad022533482aea2feb226,0,0,0,validation,validation,0
singleton_0332,singleton,RLVS,NonViolence/NV_479.mp4,5a60a06c7b9dfab8448a0867759662eeaa81cfc2b377f225014e9a62b2a7c6ac,0,0,0,train,train,0
singleton_0333,singleton,RLVS,NonViolence/NV_48.mp4,35b2538caea154767f494163f8136e9bd8669fa7973d099bf0a189760e847f8e,0,0,0,train,train,0
singleton_0334,singleton,RLVS,NonViolence/NV_480.mp4,83063054f8aa52d648fe2f9aec62b3667baa6ddf56379f38250beceecaa0999c,0,0,0,train,train,0
cluster_0157,perceptual_near_duplicate,RLVS,NonViolence/NV_481.mp4,0868fd120526b7de1cfc213da72ddaf87affdc35a132862547bac3dfb1bd5e70,0,0,0,train,validation,1
cluster_0157,perceptual_near_duplicate,RLVS,NonViolence/NV_482.mp4,5f490ef4881ac2f95a36d9ba87da5b34ddae01117ece7425700e47f63cfdaed3,0,0,0,validation,validation,0
singleton_0335,singleton,RLVS,NonViolence/NV_483.mp4,50dde51f28bf0d96cae81b977a68b440c9db80659202421f2eba1e79ed23dd2f,0,0,0,train,train,0
singleton_0336,singleton,RLVS,NonViolence/NV_484.mp4,97f9bd24d10e6bb89783bea5274cb9c2380dbb48bf3ff48f4b095dbd5d2fed90,0,0,0,train,train,0
singleton_0337,singleton,RLVS,NonViolence/NV_485.mp4,15e967d7b9c9f243610a9263a8606cccaded81ea8cb01e1a0adbd3d3659c2834,0,0,0,train,train,0
singleton_0338,singleton,RLVS,NonViolence/NV_486.mp4,ef63145c22c07d8deca4c1052d71e8b3bd14ff804b568e07623a1067d4979a50,0,0,0,train,train,0
singleton_0339,singleton,RLVS,NonViolence/NV_487.mp4,6c3bdec209ed015402c676f17e9da47c7d67b802dbfbd0b5aaac913c348ef5d2,0,0,0,train,train,0
singleton_0340,singleton,RLVS,NonViolence/NV_488.mp4,9c22f0d15f30eeadce39388cadbf8e856a3505df3e0b288fc68cf97b3a75deec,0,0,0,validation,validation,0
singleton_0341,singleton,RLVS,NonViolence/NV_489.mp4,557c989bfc988b51b60c2e562b7aada46e5e0cc00d56ab96c47dfc93f4dada13,0,0,0,train,train,0
singleton_0342,singleton,RLVS,NonViolence/NV_49.mp4,16aaac00fe7bb27b29346abcdaa5af25e47639d88ad579a858c74fc25b9f58f3,0,0,0,train,train,0
singleton_0343,singleton,RLVS,NonViolence/NV_490.mp4,302237786ee6286ed4d635118d4e1ee32f84e19f7b1b1d35578f26cb5600682c,0,0,0,train,train,0
singleton_0344,singleton,RLVS,NonViolence/NV_491.mp4,a1c27b8cb975f5e720ebc7eef5c149da26b5c005a5df8d893f6e66cea793309c,0,0,0,train,train,0
singleton_0345,singleton,RLVS,NonViolence/NV_492.mp4,f6831f24eea147318a75c576f9b1e770dd1654b277d47918e673920bf12c6bf0,0,0,0,train,train,0
cluster_0071,perceptual_near_duplicate,RLVS,NonViolence/NV_493.mp4,9c727a5c1d414ef9af46902f8857f4411bb69b5d6065565a8a43d2e60b2f5b03,0,0,0,validation,test,1
cluster_0071,perceptual_near_duplicate,RLVS,NonViolence/NV_494.mp4,2a62334e6f85d5876184d223e638e765828bac3136a21dbd3c42083cf47bb25d,0,0,0,test,test,0
cluster_0071,perceptual_near_duplicate,RLVS,NonViolence/NV_495.mp4,06d8ad296b3a2e182b0ba74420932aa5a4cb277287100cf2e033f4713edaa42d,0,0,0,train,test,1
singleton_0346,singleton,RLVS,NonViolence/NV_496.mp4,a88c5dcf5661a0f15e4e7aed74049cbe9a6fafefc098ce69efd85aacf707780d,0,0,0,train,train,0
singleton_0347,singleton,RLVS,NonViolence/NV_497.mp4,31466ccb41c1e1ca093cf42deee7d80c0d2768876b2502f91b1a5ee11aadff29,0,0,0,train,train,0
singleton_0348,singleton,RLVS,NonViolence/NV_498.mp4,ba9eec39ab96580d00fb0957f9ba6156b137b4ee05fda086c095810b7dbc2d0f,0,0,0,train,train,0
singleton_0349,singleton,RLVS,NonViolence/NV_499.mp4,500c6900ca887dbcbb0069f69ff053c1b9545179ad022b9b4a0f6c9f87ddb74c,0,0,0,test,test,0
exact_sha_group_0002,exact_sha256,RLVS,NonViolence/NV_5.mp4,fbcc259d385381c3fab143c93238f2d9443baafc9093205189e2b844f91e3b7f,0,0,0,train,train,0
singleton_0350,singleton,RLVS,NonViolence/NV_50.mp4,62a25d6ca3d51d422ec050b03418d4c945c1f78abcab46802d6769a33f8e95bf,0,0,0,train,train,0
singleton_0351,singleton,RLVS,NonViolence/NV_500.mp4,6dd42652d5946e05eae3351c061bd80ced27a40111bdd3e30daccb7c15fffce7,0,0,0,train,train,0
singleton_0352,singleton,RLVS,NonViolence/NV_501.mp4,8c4bdd16682e0f46747d12883a54227cd1dec02396606e010e5a554212bf0e8d,0,0,0,train,train,0
singleton_0353,singleton,RLVS,NonViolence/NV_502.mp4,5db3338add83b804c7c6821861fe7d07d0ea969b3804d3831336fc88ecedef41,0,0,0,train,train,0
singleton_0354,singleton,RLVS,NonViolence/NV_503.mp4,5ad47b2dba57e77170d6019cb03bd3e270bd12c18bf7d260c040f34f1344ca31,0,0,0,train,train,0
singleton_0355,singleton,RLVS,NonViolence/NV_504.mp4,bfb199e041c8198b5b375091f047b51370dbcdb1ef97b1982d0d42bf4332b26d,0,0,0,validation,validation,0
singleton_0356,singleton,RLVS,NonViolence/NV_505.mp4,4478e8257dc12c0bc5d4c4de8b3f56243f5068d664d4576734ca8e8010f70587,0,0,0,train,train,0
cluster_0114,perceptual_near_duplicate,RLVS,NonViolence/NV_506.mp4,307d8d0296b111e1360a0eb0737813b92a29ccca0730fdb060c97782ea4a4a0b,0,0,0,test,test,0
cluster_0114,perceptual_near_duplicate,RLVS,NonViolence/NV_507.mp4,74fb5bef5e40c8da43e852c3db4b81c9783c7c8f01af84139d1a08da0cc9e685,0,0,0,train,test,1
singleton_0357,singleton,RLVS,NonViolence/NV_508.mp4,6a18a584840e8263cea1c330e2965964b505e2fba9c32aa91b44855b62d6611c,0,0,0,train,train,0
singleton_0358,singleton,RLVS,NonViolence/NV_509.mp4,57addd5eae22a5de75502482205f337b89098badbff542afbe72b603aa64d74e,0,0,0,train,train,0
singleton_0359,singleton,RLVS,NonViolence/NV_51.mp4,899cebf0acc3bd748c7080f9adf184382cb0839044a00db68e5c00d944ac0076,0,0,0,validation,validation,0
cluster_0158,perceptual_near_duplicate,RLVS,NonViolence/NV_510.mp4,715bf05e54ea430b3bd1da054fb58ef6a9884343d55f5000916458d578b16425,0,0,0,train,validation,1
cluster_0158,perceptual_near_duplicate,RLVS,NonViolence/NV_511.mp4,da961b572e5b30b326bf0b357cb6023c05575a51f48b21bd2ffc266bfcf4359f,0,0,0,validation,validation,0
singleton_0360,singleton,RLVS,NonViolence/NV_512.mp4,39380676fc0c9bb7a926bbfc05959e92962b4b065700fcc676320576b920cd60,0,0,0,validation,validation,0
singleton_0361,singleton,RLVS,NonViolence/NV_513.mp4,50403ff62f1ce6cbf730020d6149b9981eb5ca55bcb7ccc540499b783c80ac84,0,0,0,train,train,0
singleton_0362,singleton,RLVS,NonViolence/NV_514.mp4,daa1ad18dacfce32936044a165ef0cb3c2bb5809f9e5f5d5fd3a40d7e97ba2ae,0,0,0,validation,validation,0
singleton_0363,singleton,RLVS,NonViolence/NV_515.mp4,5eb4fc605b8dd1132a86f7b192bfd189426dca15ce8fa2e1a4634ebd87b930f2,0,0,0,train,train,0
singleton_0364,singleton,RLVS,NonViolence/NV_516.mp4,9a2aa9c028628174b7ebfb008cdc21c9dcf404424c96c331dd6ddecad295c884,0,0,0,train,train,0
cluster_0046,perceptual_near_duplicate,RLVS,NonViolence/NV_517.mp4,03e94f6b06894045b5c1e28dab0e8ed1ac2bb0cf3a2894f04410500f9f9de7d2,0,0,0,train,test,1
cluster_0046,perceptual_near_duplicate,RLVS,NonViolence/NV_518.mp4,53ca93e090aa372219028ac80ffea750508474c107f7cc347f05aec2a8753193,0,0,0,test,test,0
singleton_0365,singleton,RLVS,NonViolence/NV_519.mp4,0ae972333448278e93b3621cb2708237dbb6f7c521172598a4411ff4617e7570,0,0,0,train,train,0
singleton_0366,singleton,RLVS,NonViolence/NV_52.mp4,26151dc734dc76228ae2e100595946e660f4074753a602f4e769e1207c087a07,0,0,0,train,train,0
cluster_0046,perceptual_near_duplicate,RLVS,NonViolence/NV_520.mp4,d58df100eebd189b6ce6645ed33d9253a15dc4b4527a1c620c91feb8a12c2d9d,0,0,0,test,test,0
singleton_0367,singleton,RLVS,NonViolence/NV_521.mp4,9a635d37f5384779103e25d8674a5496b6af665bb19f464bf76c38d9a9fd3424,0,0,0,train,train,0
singleton_0368,singleton,RLVS,NonViolence/NV_522.mp4,f54bcb4919b543479a735270ecc8a570250c939638926f3e61a28dfc7e9d1a09,0,0,0,train,train,0
singleton_0369,singleton,RLVS,NonViolence/NV_523.mp4,ffa38ef2a9c18d9025e1f91da1b4d9210de9e58011e63a3b1f2e88d8478510ea,0,0,0,train,train,0
cluster_0091,perceptual_near_duplicate,RLVS,NonViolence/NV_524.mp4,cc0580b39b206ebae8b03ba8441d2c9dfc60b7d412bd5c8fb4d59dfea3ebf41b,0,0,0,train,train,0
cluster_0091,perceptual_near_duplicate,RLVS,NonViolence/NV_525.mp4,f08484f6b8f1c9fef0aadb372392fd82f8be3b3a605916510777466c0375506f,0,0,0,validation,train,1
cluster_0091,perceptual_near_duplicate,RLVS,NonViolence/NV_526.mp4,774271e435b8abc3d33da0918d4ab87f10d2fa0fc9d266ea1250431665254171,0,0,0,train,train,0
singleton_0370,singleton,RLVS,NonViolence/NV_527.mp4,a7fa485fea2dd7907c27401e18d43adf9626e09d482277a01707ea5c6179e94c,0,0,0,train,train,0
singleton_0371,singleton,RLVS,NonViolence/NV_528.mp4,e3f78d31546853f638ab8b0381343d685bf9adedda3cb228d956c3102298295d,0,0,0,test,test,0
singleton_0372,singleton,RLVS,NonViolence/NV_529.mp4,af9fd97bb996c0cc85f4ef9a4eb62647d8e6ddee099cc7d953a0b858d5da2858,0,0,0,train,train,0
singleton_0373,singleton,RLVS,NonViolence/NV_53.mp4,282932428c38a90a933245a8733437d5b2eae8bd5449e5af37c6df880b4baf51,0,0,0,train,train,0
singleton_0374,singleton,RLVS,NonViolence/NV_530.mp4,df7d2493257e9b70d8c6a88f063626f96d1bf7e1b17feb9596f33475add8c77a,0,0,0,train,train,0
singleton_0375,singleton,RLVS,NonViolence/NV_531.mp4,95a7248cc478133fe367e20b2b6ed988b3d49d18c8b8fa9981626d39545d6428,0,0,0,validation,validation,0
singleton_0376,singleton,RLVS,NonViolence/NV_532.mp4,54e5ebe08c75d8dd2e1b448e93cbf835c1db5129a268eff105c2ccf3604007d3,0,0,0,train,train,0
singleton_0377,singleton,RLVS,NonViolence/NV_533.mp4,0ff07f0a60350cbca550287c29b07e1ca4fd7e88dea99c084a284658cf51db28,0,0,0,train,train,0
cluster_0159,perceptual_near_duplicate,RLVS,NonViolence/NV_534.mp4,bee739f065024ec7a51840d489b2a940ddc21ad93e2d88eaa2fe9fb4071b4d46,0,0,0,train,validation,1
cluster_0159,perceptual_near_duplicate,RLVS,NonViolence/NV_535.mp4,ddbc74ec896c15f860a7b96d08113de8eb5737a48ad3cfac0a55adca59d2d094,0,0,0,validation,validation,0
singleton_0378,singleton,RLVS,NonViolence/NV_536.mp4,58ef6c89370c75f12616ab0f16fa22ead8e20370b570b6fd3623e07cb61214a1,0,0,0,validation,validation,0
singleton_0379,singleton,RLVS,NonViolence/NV_537.mp4,997e8840599ba3ca0cfd5f92de45840cf9c4c959876dbbb81ccd5d81cde46200,0,0,0,train,train,0
singleton_0380,singleton,RLVS,NonViolence/NV_538.mp4,66893693370b6bccefc69dbc9a85465eef568da15756dc4ba5b8563ef6e1b640,0,0,0,train,train,0
singleton_0381,singleton,RLVS,NonViolence/NV_539.mp4,011fcb251cbe2b7a02431d9e6893ce76742cafeec52f08bb7bb91b37eb0235b9,0,0,0,train,train,0
singleton_0382,singleton,RLVS,NonViolence/NV_54.mp4,a323e8117d8de26b263e50baf48c3070545baafb49355d65768edda3439d4a2e,0,0,0,train,train,0
singleton_0383,singleton,RLVS,NonViolence/NV_540.mp4,3c897ceae1fddc0c43d6e9066adff3771c2ae72f5127519f019a0757f8e95538,0,0,0,train,train,0
cluster_0046,perceptual_near_duplicate,RLVS,NonViolence/NV_541.mp4,f3cba95e6b95b39fdebdd752afca1a6392fe533c17c02153286b055fcb9255f6,0,0,0,train,test,1
singleton_0384,singleton,RLVS,NonViolence/NV_542.mp4,a2c4dceaaff0703ce8838e37135472ac8564c745f92e9617dd76bb76ec73e039,0,0,0,validation,validation,0
singleton_0385,singleton,RLVS,NonViolence/NV_543.mp4,cb83e9cfa668f7f36294bb81afcaf98f37b2e9b25eecb4c3148e944345b5085d,0,0,0,validation,validation,0
singleton_0386,singleton,RLVS,NonViolence/NV_544.mp4,9de4f6ca55b7c997dcad68df16963ca3ba033df398f527b008683852a4c48049,0,0,0,train,train,0
singleton_0387,singleton,RLVS,NonViolence/NV_545.mp4,b1acccbdcc89001bbf429e532d3010c85c313551cb2c54c059a2b1704bc3251a,0,0,0,train,train,0
singleton_0388,singleton,RLVS,NonViolence/NV_546.mp4,c091f3f86cbcdd2ba21d7db5da2e01d930c383cd5cd4f63a29b21d4f94077910,0,0,0,train,train,0
singleton_0389,singleton,RLVS,NonViolence/NV_547.mp4,bb1ccc537e120916e7701ee10a30be6179677f85aeb61347080bc513716f7cdf,0,0,0,train,train,0
singleton_0390,singleton,RLVS,NonViolence/NV_548.mp4,716464bf79df6fa053d430ac3ca273230b56435b284fa9c98ae2d50b9497a8f5,0,0,0,train,train,0
singleton_0391,singleton,RLVS,NonViolence/NV_549.mp4,df23d9ccfd1c31dd0e3c51221c4a813c83d4d96df23a5c01f634ed10d08912cb,0,0,0,train,train,0
singleton_0392,singleton,RLVS,NonViolence/NV_55.mp4,17addeffba62d317114a68cd24918e1ea210bba821cf5b1cca1cae94010b94f8,0,0,0,train,train,0
singleton_0393,singleton,RLVS,NonViolence/NV_550.mp4,9683adba05ed02d6d6b4d35f9207383d8eacd2cae65b118f0ae136291382e314,0,0,0,test,test,0
singleton_0394,singleton,RLVS,NonViolence/NV_551.mp4,f29ec249f3456673fe1bbe5c655e064813a5e9006da5a4e00877fab056dc666f,0,0,0,train,train,0
singleton_0395,singleton,RLVS,NonViolence/NV_552.mp4,5a14f4f3466fc778ad76279aed3919c0c834de20e1170c7ab099065a1c8b6e51,0,0,0,train,train,0
singleton_0396,singleton,RLVS,NonViolence/NV_553.mp4,5cf3f05697ec88662e45b96049a4f42639aaf2cbf681973123bba635068d4c35,0,0,0,validation,validation,0
singleton_0397,singleton,RLVS,NonViolence/NV_554.mp4,fa86e6f95fc7edc95fdd1ce1459d4fb34ad2f86d7b9d5df8a594f3c69e92cb53,0,0,0,train,train,0
singleton_0398,singleton,RLVS,NonViolence/NV_555.mp4,e496734b80c47e1a42147e559eed5304f803bfb8953cfe34b117295273f13516,0,0,0,train,train,0
singleton_0399,singleton,RLVS,NonViolence/NV_556.mp4,7013ed3e575730852f0ae5baa98f263f989e4b495a0f084af8f17e200ea71220,0,0,0,train,train,0
singleton_0400,singleton,RLVS,NonViolence/NV_557.mp4,d166eb8b48aa51bfe0d526a357ff4f0931f2f8cf1d6eebd09081ebe32c19f9ea,0,0,0,train,train,0
singleton_0401,singleton,RLVS,NonViolence/NV_558.mp4,b2c839a55212de1ea97ebc5a02ec1f332a8853b7167bec76166c322b2c2b49c9,0,0,0,train,train,0
singleton_0402,singleton,RLVS,NonViolence/NV_559.mp4,5b037c38605e85a997dbba52419145b92818fd3cec5dd04c32b1f0a82e763da2,0,0,0,test,test,0
singleton_0403,singleton,RLVS,NonViolence/NV_56.mp4,ade532e1b81470a2fe03843a9a32e41f048ed16422cbfcfddb68601c97bd8e43,0,0,0,train,train,0
singleton_0404,singleton,RLVS,NonViolence/NV_560.mp4,1a0f85ee178ba15acb9cf1ecf4f6d1d0aeba9dac751ad814e035350d7b5ddcfa,0,0,0,train,train,0
singleton_0405,singleton,RLVS,NonViolence/NV_561.mp4,9fd78b04478e5c31c3ab62081c39623d8e5dbadef7a5e9afbcf264ac2bf425ee,0,0,0,validation,validation,0
singleton_0406,singleton,RLVS,NonViolence/NV_562.mp4,846c5f23674600e7e79aa593108d304128115769fcf37df3f99e8a52032ebfa8,0,0,0,train,train,0
singleton_0407,singleton,RLVS,NonViolence/NV_563.mp4,ad83995009ffb36cfdd533379c3414b7cde0d0d1fbc6be9c11c53ae79a4bd972,0,0,0,train,train,0
singleton_0408,singleton,RLVS,NonViolence/NV_564.mp4,c954d07922e2cc204ed433a8e8323aa2086d790467ac608cfdd181c86af51fcb,0,0,0,train,train,0
singleton_0409,singleton,RLVS,NonViolence/NV_565.mp4,8e38136e876a9c49756ef69b9be6de55cd293b45127286296176f488f37d341a,0,0,0,test,test,0
singleton_0410,singleton,RLVS,NonViolence/NV_566.mp4,693b4222db8071bf7a5ca3ae14cd79a117d83f1f60c07c355801fb8f1337ea1d,0,0,0,validation,validation,0
singleton_0411,singleton,RLVS,NonViolence/NV_567.mp4,edb5bba5822ddd0709bd37ce11f316e03feabfb9c728591ad221e660efd91b3f,0,0,0,train,train,0
singleton_0412,singleton,RLVS,NonViolence/NV_568.mp4,c2f7a9e5a047c690efdce57beafe49ceab2bf238bdccb42eaaf45ab4496ea3ca,0,0,0,train,train,0
singleton_0413,singleton,RLVS,NonViolence/NV_569.mp4,086e0bc6af31015aad9d362c669fd076f449b727f4c5d6e0e828aa816ccf37f6,0,0,0,train,train,0
singleton_0414,singleton,RLVS,NonViolence/NV_57.mp4,955641288b487e837769e9f0651e950245c75d5ad6893f4dee7109a91c894756,0,0,0,train,train,0
singleton_0415,singleton,RLVS,NonViolence/NV_570.mp4,50d6d2b0dfd2256aba64362532fa9aae32864b15f75eeafe2242686096c0bb64,0,0,0,train,train,0
singleton_0416,singleton,RLVS,NonViolence/NV_571.mp4,79f8f5b2d58998b98e2769b10bf4598f0f65127a5297649da48d882b26900d08,0,0,0,train,train,0
singleton_0417,singleton,RLVS,NonViolence/NV_572.mp4,7fdd32d2c1fd4bc177c6e6ac2857ee55a74c84b7038021bcf09fb45cf9d7b98f,0,0,0,test,test,0
singleton_0418,singleton,RLVS,NonViolence/NV_573.mp4,042a63ea0f70c3bf96a73bcbff64df323f4de295332c60992a8ed8271e66e575,0,0,0,train,train,0
singleton_0419,singleton,RLVS,NonViolence/NV_574.mp4,6dc49d6f38da3ed0547192365301244b7e836e2245aa565913c9d2574bbde35e,0,0,0,test,test,0
singleton_0420,singleton,RLVS,NonViolence/NV_575.mp4,32637b244b769e1eef976ae2a224befee02ffe787ec261b8158b054aa497526f,0,0,0,validation,validation,0
singleton_0421,singleton,RLVS,NonViolence/NV_576.mp4,cc9b67433d5f03e9d305c8f54b79c88823e038c56e560292f1349145dbc2ffe0,0,0,0,train,train,0
singleton_0422,singleton,RLVS,NonViolence/NV_577.mp4,e7a45cbedfe6f53de9e597b929343aaea5404b8f0d447c2dbcedcf2b9ba93656,0,0,0,train,train,0
singleton_0423,singleton,RLVS,NonViolence/NV_578.mp4,5d59ab8b687dd1792e07ff4052865991dd9f34adec50f9cb8943662532c73f92,0,0,0,validation,validation,0
cluster_0160,perceptual_near_duplicate,RLVS,NonViolence/NV_579.mp4,aa743079b647eea0c7eaa0567f080027bcb399177f7db480f045a287362776e8,0,0,0,train,validation,1
singleton_0424,singleton,RLVS,NonViolence/NV_58.mp4,5001e7a7a851a232e3324adff7f0a9efcedc00793f130e5532e4b42586f85de6,0,0,0,train,train,0
cluster_0160,perceptual_near_duplicate,RLVS,NonViolence/NV_580.mp4,3a0ff77c53fe01f306aee63ac598d6157fadf3b32e1ccda0afaa81b9e1635f55,0,0,0,validation,validation,0
singleton_0425,singleton,RLVS,NonViolence/NV_581.mp4,fcd188d4911c07a54808b910329552319b09798d52d3f282db7879259c397605,0,0,0,train,train,0
singleton_0426,singleton,RLVS,NonViolence/NV_582.mp4,771bdb79503b44337f46303da1db4a26e9aa0df339cbdbd7a01d189741f0b26b,0,0,0,train,train,0
singleton_0427,singleton,RLVS,NonViolence/NV_583.mp4,36bdf2ffa24966aee126e504d8f19c4781f4e96ac077284c5e5e18ebee7c99c7,0,0,0,test,test,0
singleton_0428,singleton,RLVS,NonViolence/NV_584.mp4,41079df75c40fdb0570703648c720abbca0888ba72bd024a923469d0b2c169ec,0,0,0,train,train,0
singleton_0429,singleton,RLVS,NonViolence/NV_585.mp4,77bac8c923c8d77f63e2e145f5f766c96a873f9bfe33d85a5615a2a860c59193,0,0,0,validation,validation,0
singleton_0430,singleton,RLVS,NonViolence/NV_586.mp4,d5890ece6a3d7b45b0cb3b188c85b403e34bba6fd880da16d935fcb1ad9e4174,0,0,0,train,train,0
singleton_0431,singleton,RLVS,NonViolence/NV_587.mp4,63d6f01b8c1d190f3b123e328d115e1f849f8226c5d06a7efabb2685f7b4b6ed,0,0,0,train,train,0
singleton_0432,singleton,RLVS,NonViolence/NV_588.mp4,debb9b9d7d6801564fc341b8d1fb83ef344849830a745d53fe7f6bf98d3433da,0,0,0,test,test,0
singleton_0433,singleton,RLVS,NonViolence/NV_589.mp4,62ffbd6be2b23d43d4ea5db681cded5489b31535e09cf5ae2d7121e7ac90b557,0,0,0,train,train,0
singleton_0434,singleton,RLVS,NonViolence/NV_59.mp4,29897fe22d94420901ea6b5366f4a9b69186d957445e913c27adadf228b011c3,0,0,0,test,test,0
singleton_0435,singleton,RLVS,NonViolence/NV_590.mp4,928282ca917db3fdd0801651d608d4a27deb5e587f7a8cfe834cb27f6a5fddac,0,0,0,train,train,0
singleton_0436,singleton,RLVS,NonViolence/NV_591.mp4,22b41412878ba03c1009602f435a242697f78907a1c11362ea8a6b1b4aeb5507,0,0,0,test,test,0
singleton_0437,singleton,RLVS,NonViolence/NV_592.mp4,84408e59b316c64e1d5422fb793880de6266fab0770e955acd4d17428f0f2f18,0,0,0,test,test,0
singleton_0438,singleton,RLVS,NonViolence/NV_593.mp4,d0dfd3385acc43a58ff390612b766d805a663edcad368a6e4d0d8d87cf5e4c48,0,0,0,train,train,0
singleton_0439,singleton,RLVS,NonViolence/NV_594.mp4,720c2e58e623ec285292f71321cb8748ebe710a2f90d4a0420ceb1caa4188236,0,0,0,train,train,0
singleton_0440,singleton,RLVS,NonViolence/NV_595.mp4,4056fe5753ed2659a4ccf86019fd6839f7d3d2c931fa6fc453fce13e5cdd61b6,0,0,0,validation,validation,0
singleton_0441,singleton,RLVS,NonViolence/NV_596.mp4,7ff9e0edba37edddc7784487c90578b5e007395a28c76bbcdaeebbef15d2130f,0,0,0,train,train,0
singleton_0442,singleton,RLVS,NonViolence/NV_597.mp4,42265bc12a3475c11aef53be8ac0a31d2ca3925b77a8678b02483260d8ca2c56,0,0,0,train,train,0
singleton_0443,singleton,RLVS,NonViolence/NV_598.mp4,bc603ad5e1508bdba65271c7f64d837518be8ea2141c53cc0ebd1dfce25d7dc6,0,0,0,train,train,0
singleton_0444,singleton,RLVS,NonViolence/NV_599.mp4,08199c916a362edb4964bdef1fee6b1f950690ad486781faf377fd623a4c16cb,0,0,0,train,train,0
singleton_0445,singleton,RLVS,NonViolence/NV_6.mp4,3d054705c076dc9b80189878d17cb6752912e61a3e445fa36e82867261e61485,0,0,0,train,train,0
singleton_0446,singleton,RLVS,NonViolence/NV_60.mp4,4b126a5a44e54bc161827dbf4598698a90abcb4bb63db61afe39eda085d4fab4,0,0,0,train,train,0
singleton_0447,singleton,RLVS,NonViolence/NV_600.mp4,acd608c89e9ede3da77ce66268d4695a144df80b08d55991557b4b3be233dda2,0,0,0,train,train,0
singleton_0448,singleton,RLVS,NonViolence/NV_601.mp4,eee9ce55c53b09f925027b0db8c32b0c078e53653bab9d28f511af11300dea6e,0,0,0,validation,validation,0
singleton_0449,singleton,RLVS,NonViolence/NV_602.avi,321d0c061168706de4f7adc21b54b18b579403030bd97daf68fd8dfe16238587,0,0,0,train,train,0
singleton_0450,singleton,RLVS,NonViolence/NV_603.mp4,1fc373f6f7db5368e9340e7b0d684a01e9a4cc0c503d8a9d59057fb451babb05,0,0,0,validation,validation,0
singleton_0451,singleton,RLVS,NonViolence/NV_604.mp4,9727a676e4f4089f2cee402e02f5a522b1c01ae44e83fcbf51188aaf9f65be24,0,0,0,train,train,0
singleton_0452,singleton,RLVS,NonViolence/NV_605.mp4,d849c85ebb459b044b78d74e7dccf8a808a359d728b948cbf16e00bbeba60af9,0,0,0,test,test,0
singleton_0453,singleton,RLVS,NonViolence/NV_606.mp4,9fd9361ca7c7bd461828a0d04e51c8e78181f8bb5e8bbbe9fe0fca406c16e105,0,0,0,train,train,0
singleton_0454,singleton,RLVS,NonViolence/NV_607.mp4,17d72e9ad4cb7a6c54cc4b23dbf846ec093d870f0f99c399b830f28202eb763f,0,0,0,test,test,0
singleton_0455,singleton,RLVS,NonViolence/NV_608.mp4,29a38d8a60355e37355b687689ee1f406a5c4705e0cbf90b9e170ee9832d0b83,0,0,0,test,test,0
singleton_0456,singleton,RLVS,NonViolence/NV_609.mp4,c2abfc3f578ba72f8e99b804722d05b110ea0481d3d901119897e368af57baa1,0,0,0,train,train,0
singleton_0457,singleton,RLVS,NonViolence/NV_61.mp4,a3e15bdae6ca7fb55bf9c7f353f7e1459bac7334c9152e1010293375b1cd7e40,0,0,0,train,train,0
singleton_0458,singleton,RLVS,NonViolence/NV_610.mp4,44381e318101b0763dcd67818fc453bf2d5dc90d388a9001f2a45974c41fef0b,0,0,0,train,train,0
singleton_0459,singleton,RLVS,NonViolence/NV_611.mp4,acfaf8bb09e7744c946062232536ef4bf1774976995423c2069863c8c0a9e71a,0,0,0,train,train,0
singleton_0460,singleton,RLVS,NonViolence/NV_612.mp4,bad7a359fc516123747a02503f8ccbf1cfb3c654d3c42ca4046c941e249b6dcb,0,0,0,train,train,0
singleton_0461,singleton,RLVS,NonViolence/NV_613.mp4,36a0efba0241077c4fd3c65d476f8e97a30dd090b1bf3bf500efaa1c0bae776e,0,0,0,train,train,0
singleton_0462,singleton,RLVS,NonViolence/NV_614.mp4,4a6dc627fd485a88a2af3d35b31a81767815d203455597db92c6c1f607c5869a,0,0,0,train,train,0
singleton_0463,singleton,RLVS,NonViolence/NV_615.mp4,61ad97f660276c75dbf2bbc7fd7f5c2691fcdd2a210df2156cc7eb087107d32a,0,0,0,train,train,0
singleton_0464,singleton,RLVS,NonViolence/NV_616.mp4,2c97fc5bd69aabf30c165c78820909db51d8913808b5f83d76d35537ce307a2d,0,0,0,test,test,0
singleton_0465,singleton,RLVS,NonViolence/NV_617.mp4,81a5d5e8f07872a3e4f925c44106010263f62222aa71aaa840a7314404f04d48,0,0,0,test,test,0
singleton_0466,singleton,RLVS,NonViolence/NV_618.mp4,1646ade16937719a63e30166a06bdc5a5c39f87d0eaf4c7b674014c75587d84a,0,0,0,train,train,0
singleton_0467,singleton,RLVS,NonViolence/NV_619.mp4,15fcaf056cd1d59c1d6984dc32ea627cf103d918ec31af5d1a139b87721ec518,0,0,0,test,test,0
singleton_0468,singleton,RLVS,NonViolence/NV_62.mp4,2f7c0f5d4548fa028696c35a943c81cd00d66c27420f6fb0ad136de3b83e52a9,0,0,0,train,train,0
singleton_0469,singleton,RLVS,NonViolence/NV_620.mp4,025b19300b0268789639dd781660acd5e2f64e3648cb4eb30c3925be981e58d2,0,0,0,train,train,0
singleton_0470,singleton,RLVS,NonViolence/NV_621.mp4,c40d31ab794bbd06d5756ff6147a65c551a8b9cb2ab415b7f66ffb0f1a0cf9a7,0,0,0,train,train,0
singleton_0471,singleton,RLVS,NonViolence/NV_622.mp4,17004c249d74e518d686de0266077bfc82e8d61a3d76c16c7730f2b1fadddbbd,0,0,0,validation,validation,0
singleton_0472,singleton,RLVS,NonViolence/NV_623.mp4,fd3d89e163dd02a48b7fea158f35ad3a4f04dd5373e3025e131738d49425240c,0,0,0,train,train,0
cluster_0161,perceptual_near_duplicate,RLVS,NonViolence/NV_624.mp4,15775b7d8187d4afbf387b281fd40c84729685162a6ad30a5de42d7b668b7eaf,0,0,0,train,validation,1
singleton_0473,singleton,RLVS,NonViolence/NV_625.mp4,76245128c4c91441cac66135f6820facfe2a198d9fa47eec90159f685654b2d1,0,0,0,validation,validation,0
cluster_0161,perceptual_near_duplicate,RLVS,NonViolence/NV_626.mp4,635a7b5d32167825cad1ff3d5b52bf7f7b4717ddd7a74c9293f4ad5e4c3eb454,0,0,0,validation,validation,0
singleton_0474,singleton,RLVS,NonViolence/NV_627.mp4,fa154350fa69e175f31a9fbc7df3ed086dfa0f1c72831b537a75b739eadb3a86,0,0,0,test,test,0
singleton_0475,singleton,RLVS,NonViolence/NV_628.mp4,4b6006f8c243cae4b82e8cb751f38f995b2e2001e5a5f3824f016fd900b71ff6,0,0,0,train,train,0
singleton_0476,singleton,RLVS,NonViolence/NV_629.mp4,855b30258d6cb444bd073a929d9bb27ab0733857c878d4c7b1d3b33fd11b1938,0,0,0,train,train,0
singleton_0477,singleton,RLVS,NonViolence/NV_63.mp4,43e33f47c83c9ff026666c39d64303ce4c16184ec861431227ab1becdca59016,0,0,0,train,train,0
singleton_0478,singleton,RLVS,NonViolence/NV_630.mp4,4cb19c4ad87d3573a8d4161f6459c747c30c362e22532c6d0c7a5c611c994243,0,0,0,train,train,0
singleton_0479,singleton,RLVS,NonViolence/NV_631.mp4,3fd021836242f27542f1b56d2d44ba2eac3ad1b11869c4676cfdf520d3c80a91,0,0,0,train,train,0
singleton_0480,singleton,RLVS,NonViolence/NV_632.mp4,b8dba847d8a4c04d6a1508ab9744c078664cd9f828f0f2da3321cc0122d15802,0,0,0,train,train,0
singleton_0481,singleton,RLVS,NonViolence/NV_633.mp4,259eee14cf0b1453e63cbffa86aec0de50f7b7b3aa688659f2ec13ff951ff133,0,0,0,train,train,0
singleton_0482,singleton,RLVS,NonViolence/NV_634.mp4,9aa148574d17fdea2edf5ee2f2ed5c3e15baf8f186a1230b288330de60242dfa,0,0,0,train,train,0
singleton_0483,singleton,RLVS,NonViolence/NV_635.mp4,050d03f69fab408aedae8d84487b1aeba41f2b6607f07f36dc60cf2b5e924820,0,0,0,validation,validation,0
singleton_0484,singleton,RLVS,NonViolence/NV_636.mp4,84163b585ae05084ef2c8aaa8f7e67b1ea5c16344a20c4038c519a168c6810dc,0,0,0,train,train,0
cluster_0115,perceptual_near_duplicate,RLVS,NonViolence/NV_637.mp4,79f36f46ec35582d7dd379a695754090f96bed156d821eebc2afef3c41aaf3ca,0,0,0,test,test,0
cluster_0115,perceptual_near_duplicate,RLVS,NonViolence/NV_638.mp4,c69ca211383f3baff956b8da2d51c03cd8b14f8ad4a4b52c3f739ecb3aa6f564,0,0,0,train,test,1
singleton_0485,singleton,RLVS,NonViolence/NV_639.mp4,757d1e5f150e68ddf213b3bf1fb7388fa9769088e6479b3051ee1b7d68e9fb78,0,0,0,train,train,0
singleton_0486,singleton,RLVS,NonViolence/NV_64.mp4,2b78995b3238ba4c6c5f031618c4e4fcc245b0d65da3b265029d4b408f539a95,0,0,0,train,train,0
singleton_0487,singleton,RLVS,NonViolence/NV_640.mp4,c9ff5355180096f1daee0c0d7c3aef64cf432a333247e092245f5305afbec0d3,0,0,0,test,test,0
singleton_0488,singleton,RLVS,NonViolence/NV_641.mp4,28cedd62aef159730c16cc4b1ed3fe9c769178f449e6e4f21d00229f9d10e4ea,0,0,0,train,train,0
singleton_0489,singleton,RLVS,NonViolence/NV_642.mp4,fc488baf1198f8c5b0dde10d8a392459e2958ffb4be170fb65cd3e5dca17b7c9,0,0,0,train,train,0
singleton_0490,singleton,RLVS,NonViolence/NV_643.mp4,11826e197bfa32b426d1d3d360ae761e9b17ed28e22f778ce7f1c49bd06c7224,0,0,0,validation,validation,0
singleton_0491,singleton,RLVS,NonViolence/NV_644.mp4,49efc5f1ceee9940322e7af724b549dfad4a3f20447934a53c7b5f34eb41f1f6,0,0,0,train,train,0
singleton_0492,singleton,RLVS,NonViolence/NV_645.mp4,16fca758750f0b5f49716f3d6e302f834c13ea0bcd5312f790bed43a548e88dc,0,0,0,train,train,0
singleton_0493,singleton,RLVS,NonViolence/NV_646.mp4,7db5e30760702682d0133606ebeaddae3092f4286d1dc7ed2c6433496cf78eba,0,0,0,train,train,0
singleton_0494,singleton,RLVS,NonViolence/NV_647.mp4,997de0b51c1486d72a064064ced0c103fb3cedf3523f16d2f1a5c09b1bba6d49,0,0,0,test,test,0
singleton_0495,singleton,RLVS,NonViolence/NV_648.mp4,bc5119793f9975529b8924b6fe0cdfb16cbc1a9f72c03e9caf3b007b7493c133,0,0,0,validation,validation,0
singleton_0496,singleton,RLVS,NonViolence/NV_649.mp4,d57b08cff0845d2ea5d415c5889e3c95363a5842a9bdf51c035e794cd60ddbc3,0,0,0,train,train,0
singleton_0497,singleton,RLVS,NonViolence/NV_65.mp4,c97b6f0a917a13c6b55316e032df1df12093dc4e2ce1116be0a1ab31dfcb9533,0,0,0,train,train,0
singleton_0498,singleton,RLVS,NonViolence/NV_650.mp4,b4f207440b0d315df26ac01a135d6aaa7745eeb72c4fa8c743daf89a505966e7,0,0,0,train,train,0
singleton_0499,singleton,RLVS,NonViolence/NV_651.mp4,9fd6f07033807e9a111136d51c3111c4bdc5641c075572cb10661aab3e78b7c7,0,0,0,train,train,0
singleton_0500,singleton,RLVS,NonViolence/NV_652.mp4,dcebebb103c8f05f0aa90ba905cc2051432ce8f18ffc7e7364246ec49ee24871,0,0,0,train,train,0
singleton_0501,singleton,RLVS,NonViolence/NV_653.mp4,106d4cbb3f066c1de20074eb0061318687a2e6b8f57495c97a379876260a5671,0,0,0,validation,validation,0
singleton_0502,singleton,RLVS,NonViolence/NV_654.mp4,aab78953a4ba8607973c0359e7032b446f62bf84289f82793e7bd561f064bb07,0,0,0,validation,validation,0
cluster_0162,perceptual_near_duplicate,RLVS,NonViolence/NV_655.mp4,e16d54b05769e4a7732489a0da5e4c5645b6bbce94cd093e800e87c43920b61b,0,0,0,train,validation,1
singleton_0503,singleton,RLVS,NonViolence/NV_656.mp4,91eb1a5962b5a89f8fd581a11cfaef14123e26e5af99257ce1a195e01233074b,0,0,0,validation,validation,0
singleton_0504,singleton,RLVS,NonViolence/NV_657.mp4,25c9b707961140f962b2c0e013ba0e4891b05e3e83d78884c458c55f1955bb05,0,0,0,train,train,0
cluster_0162,perceptual_near_duplicate,RLVS,NonViolence/NV_658.mp4,d42f156b2005609ef4ed3e5ae7d4475bec5131ffdbfa2320b4cceeaecfa77a2d,0,0,0,validation,validation,0
singleton_0505,singleton,RLVS,NonViolence/NV_659.mp4,b0556f90af3e4912c4f51e57582eec563f230c7e036f84490121f983243023b4,0,0,0,train,train,0
singleton_0506,singleton,RLVS,NonViolence/NV_66.mp4,b65d46820b2731dd5efe030f04a728baa5948ba7cc0f4ce501ce20a9a1a1f5b0,0,0,0,train,train,0
singleton_0507,singleton,RLVS,NonViolence/NV_660.mp4,b773068addc32f0bc7d94b03a79746f8a1a26c636212ae5399df7f2947b05495,0,0,0,train,train,0
singleton_0508,singleton,RLVS,NonViolence/NV_661.mp4,3dad869e774e90f3b591097a0a6c63ccab17ff240054337c8f70c54d7c6b6b32,0,0,0,train,train,0
singleton_0509,singleton,RLVS,NonViolence/NV_662.mp4,4cd915d1128dbf975beef338bd04ce0420cf98763f7c5fb56421367d02084395,0,0,0,train,train,0
singleton_0510,singleton,RLVS,NonViolence/NV_663.mp4,3ea0919fac7523bf1f4775771c7a7c758cf1ccb4b5fab8fcf9ca8ac1e6c9f8b8,0,0,0,train,train,0
singleton_0511,singleton,RLVS,NonViolence/NV_664.mp4,bb6a7e0af98d11df62f80677d8b03f23b36332bbac7c8c4355d150031ba723ee,0,0,0,validation,validation,0
singleton_0512,singleton,RLVS,NonViolence/NV_665.mp4,2eb31944038021c2f61c8c41e8deb188727077c75ee1ed44fe458db7d8af67cd,0,0,0,train,train,0
singleton_0513,singleton,RLVS,NonViolence/NV_666.mp4,65afe561f9b59febbc58c002f9fb8ac0a1433f25975116cd319b926ca95cd983,0,0,0,train,train,0
singleton_0514,singleton,RLVS,NonViolence/NV_667.mp4,7a317643dafba51f262745926229654980e92178007ddc8e03e0fe46b8f687dc,0,0,0,train,train,0
singleton_0515,singleton,RLVS,NonViolence/NV_668.mp4,8245b143f8e601b4a00e50b541be40bfd4dcb1aef049c6b6aff811f59e9a961a,0,0,0,test,test,0
singleton_0516,singleton,RLVS,NonViolence/NV_669.mp4,d773d2c70e4d5b7cd00a0b24c1fa7f46416974db6fa7a4a58cda5dfb5056b380,0,0,0,train,train,0
singleton_0517,singleton,RLVS,NonViolence/NV_67.mp4,9d778c5c8ecd6c1c50236b74bba1dd0f36818bdc2f0220aa54ad2d6d5c06f989,0,0,0,train,train,0
singleton_0518,singleton,RLVS,NonViolence/NV_670.mp4,e99142e540fa9dafdc8295d83dda1e5c00c829c1ede57d6d3ac2be14b9c28a05,0,0,0,validation,validation,0
singleton_0519,singleton,RLVS,NonViolence/NV_671.mp4,f7f37ee174bf03ee39af8c162815a6f70e13b1c1415380e2572b8f5db6060925,0,0,0,test,test,0
singleton_0520,singleton,RLVS,NonViolence/NV_672.mp4,c10ab623ccbe7281b4d81f9c96c8659bc1791c695cfcf0d277569a8956609781,0,0,0,validation,validation,0
singleton_0521,singleton,RLVS,NonViolence/NV_673.mp4,987cbaa1a194816c85b62eb62b04ba74953ad052c80db8da80ba58270635e468,0,0,0,train,train,0
singleton_0522,singleton,RLVS,NonViolence/NV_674.mp4,c49bba2dfce619e41d4fbef5755bbf9103b3f58675687b95425fa28b0bd5d2f5,0,0,0,test,test,0
singleton_0523,singleton,RLVS,NonViolence/NV_675.mp4,8f7a410e01ab65e514524448a2086d2190027445b76d39fbbd9d499063990a35,0,0,0,train,train,0
singleton_0524,singleton,RLVS,NonViolence/NV_676.mp4,70da0d937e160ac8541f875b1be35f895826c3ffaaef93caba2744d07e61130f,0,0,0,train,train,0
singleton_0525,singleton,RLVS,NonViolence/NV_677.mp4,1e5eb4bc0fa1009fb7257e6da03c5e46e05d8fe7c745883ee9de877dd3ddb088,0,0,0,train,train,0
singleton_0526,singleton,RLVS,NonViolence/NV_678.mp4,79721493f2e407fe6e2e8806b431af59cbf302c68ebd66550b233212759e0ece,0,0,0,train,train,0
singleton_0527,singleton,RLVS,NonViolence/NV_679.mp4,98a4edf8b3934f0e88ea8081fea91258264ca21d8a2490a73cfa69e0f5f2dc06,0,0,0,validation,validation,0
singleton_0528,singleton,RLVS,NonViolence/NV_68.mp4,4f5aede8117d4c2b28df5ad7f8649fe9bd8c9b1e84775c6f1cc96e843dd2dcf2,0,0,0,train,train,0
singleton_0529,singleton,RLVS,NonViolence/NV_680.mp4,4082b59befc9a4084f5dd2e93909e81fea682a92bbed3357966a6c2926bdcd5e,0,0,0,test,test,0
singleton_0530,singleton,RLVS,NonViolence/NV_681.mp4,98fa6d69e5b3f6e29eecc1fd50f4d7da189bcccac1415e8f98803409c51fc697,0,0,0,train,train,0
singleton_0531,singleton,RLVS,NonViolence/NV_682.mp4,96d6d0785115ccebc566e20503ae8b38060ecc127fea87886b5f8f5023ad9e9e,0,0,0,train,train,0
cluster_0163,perceptual_near_duplicate,RLVS,NonViolence/NV_683.mp4,f8f8b475407290912e2bbaac2c2b56054230fb9cc9a4a5443b2ce8d226205520,0,0,0,validation,train,1
cluster_0163,perceptual_near_duplicate,RLVS,NonViolence/NV_684.mp4,a0231c2d9bbf180d6cb328d341be1631dc7b24c8bc8a1d5461c0f06b3419b0d7,0,0,0,train,train,0
singleton_0532,singleton,RLVS,NonViolence/NV_685.mp4,e0b45b413bde395e13e18c5a64a90b7930f38a944c48104992b6c34472337fc0,0,0,0,validation,validation,0
singleton_0533,singleton,RLVS,NonViolence/NV_686.mp4,2ce1081b8d40303d8f173c0fc050d35b2a718c5973d2552ba2b8866f34a331b1,0,0,0,train,train,0
singleton_0534,singleton,RLVS,NonViolence/NV_687.mp4,62bc8d594935d402fb6e7447f5188ede849ec911d17afc5ef1aba9ca153e2f9f,0,0,0,train,train,0
cluster_0164,perceptual_near_duplicate,RLVS,NonViolence/NV_688.mp4,fe7691bb3d8ecccc64c6271eccd1fd3cc6f4c1bc239b23e5c6b30445b21e96cb,0,0,0,validation,train,1
singleton_0535,singleton,RLVS,NonViolence/NV_689.mp4,0b3940600bd86980791bdb5eaa228d8a3180799f79410fe1d2be54ae744cb323,0,0,0,train,train,0
singleton_0536,singleton,RLVS,NonViolence/NV_69.mp4,2db7a5cc76705ae9d59091238c339ae9e9bd37ecde06f9ae0ea740d0a047d9ca,0,0,0,train,train,0
singleton_0537,singleton,RLVS,NonViolence/NV_690.mp4,d1444b1cc79b66548b9f82031a0facfdc81435c61e462b74cb3196575e57f613,0,0,0,train,train,0
singleton_0538,singleton,RLVS,NonViolence/NV_691.mp4,419e86d0dd07494bbe67ea0b11e30699fb8f0bc13adb8688de313fe6bfcadf4d,0,0,0,train,train,0
cluster_0116,perceptual_near_duplicate,RLVS,NonViolence/NV_692.mp4,b9859f4c7c95b6f04fa1404b8dfb7ae5700c69fb62afcf4aa75f52bbfdcf346a,0,0,0,train,test,1
singleton_0539,singleton,RLVS,NonViolence/NV_693.mp4,d7fb05befd6ccd1343039982b468ccb6cae1ba40d2dac12f5a68e53601a81372,0,0,0,train,train,0
cluster_0116,perceptual_near_duplicate,RLVS,NonViolence/NV_694.mp4,d21132157dbd6c1415ce72a2e3d34627db03dc0c286fa713be8ca83603bcc7d2,0,0,0,test,test,0
singleton_0540,singleton,RLVS,NonViolence/NV_695.mp4,2461e760124cf404a0bcf809831d21e505b258f894cf990ff6c2ab9372b85f66,0,0,0,train,train,0
singleton_0541,singleton,RLVS,NonViolence/NV_696.mp4,626fbdf7cb0e97c6bab5303b9f1f612c917ae53546b3f74609efe92025dc0d13,0,0,0,validation,validation,0
singleton_0542,singleton,RLVS,NonViolence/NV_697.mp4,57691146d0a9f4cb80587dbcb6f18d109afcf4f834d38fc0664e460334f01414,0,0,0,train,train,0
singleton_0543,singleton,RLVS,NonViolence/NV_698.mp4,d33210cfafa518bbffa3e18ae5b6a4832066249eadfbc01c1c256200f7906b41,0,0,0,train,train,0
singleton_0544,singleton,RLVS,NonViolence/NV_699.mp4,1df8b91751309777b494566f553eb9d5f5dad69bb1b772e024d9057b4ec6de10,0,0,0,validation,validation,0
singleton_0545,singleton,RLVS,NonViolence/NV_7.mp4,a62d1c4e7b8db033fd8afc690c647893cd60463ef973bea1e88d9b6ea5c5c6ad,0,0,0,train,train,0
singleton_0546,singleton,RLVS,NonViolence/NV_70.mp4,5397fda34fe8a20274a8d1dd702f180d1d34694a040e4c023fc12d471d8227e1,0,0,0,train,train,0
singleton_0547,singleton,RLVS,NonViolence/NV_700.mp4,ce783e245ea5399773949ba9e87746cfa09abc8c6892985cd2ec47f82132bb47,0,0,0,train,train,0
cluster_0164,perceptual_near_duplicate,RLVS,NonViolence/NV_701.mp4,013338a2e541cec0bab4ccd29accba131089e8432c723d55f5cf58f8b80f104d,0,0,0,train,train,0
singleton_0548,singleton,RLVS,NonViolence/NV_702.mp4,f652b491bdd19838f1abfa05a49b8bfa59aa95e1a7dd167b2b422a7aa983125b,0,0,0,validation,validation,0
singleton_0549,singleton,RLVS,NonViolence/NV_703.mp4,fba9867bbda2870b95bd161c95aee9bbd7e00ac526b030d4d690acff35f62abd,0,0,0,train,train,0
cluster_0072,perceptual_near_duplicate,RLVS,NonViolence/NV_704.mp4,d91234ee78b063cdd8ac10ef92220653dcfa87a56868764da8eb5acba07a573f,0,0,0,train,train,0
cluster_0072,perceptual_near_duplicate,RLVS,NonViolence/NV_705.mp4,7520933da54707bcb49ede66ce0ec77b745ad2635af2f34b6f38e868d2c94b6f,0,0,0,test,train,1
cluster_0072,perceptual_near_duplicate,RLVS,NonViolence/NV_706.mp4,7ea5da87d6cda1a1c368e75662c450d0520b7827f91b6e0752d0e59c12126a90,0,0,0,train,train,0
singleton_0550,singleton,RLVS,NonViolence/NV_707.mp4,f0dce7dd5fb156bf104f50d25f1912dd14cfdbd716551489b2a51ea99308549f,0,0,0,train,train,0
singleton_0551,singleton,RLVS,NonViolence/NV_708.mp4,fe7f1abcd5559d8f7db4b28b527f0e4b4b3360e354d6f35534a7ee73eaee0dcf,0,0,0,train,train,0
cluster_0165,perceptual_near_duplicate,RLVS,NonViolence/NV_709.mp4,759aa2fbc35aec4fb815e1468bd39f7c34c5a2ea6cbd986ce8dbc3b2d9c0a007,0,0,0,validation,validation,0
singleton_0552,singleton,RLVS,NonViolence/NV_71.mp4,0df2b8b6301d5f2b750695f1bfc3960ec9656092a6b33358e847c14fedd95702,0,0,0,train,train,0
cluster_0165,perceptual_near_duplicate,RLVS,NonViolence/NV_710.mp4,1badb5d1fe77217082420ff9164f5345db6c1f58f4fcf67fbda20b3a1697284e,0,0,0,train,validation,1
singleton_0553,singleton,RLVS,NonViolence/NV_711.mp4,35e56d793f877b9a02c35370358a4ce543701c9a9d7518d5f15cd66159a409c7,0,0,0,train,train,0
singleton_0554,singleton,RLVS,NonViolence/NV_712.mp4,4ef907a858bd60b81f31e36ead536898a0e9635c9f5df3efe549a829578403d3,0,0,0,test,test,0
singleton_0555,singleton,RLVS,NonViolence/NV_713.mp4,12c501c91cc8bf560a0c7b910ff701e991397c6855c6305777ef257c1f367617,0,0,0,train,train,0
singleton_0556,singleton,RLVS,NonViolence/NV_714.mp4,caf3a2b84b72c1a1aa72a8ecd1c8458d50966cfc4607f0779ab4ef94da75a07a,0,0,0,validation,validation,0
singleton_0557,singleton,RLVS,NonViolence/NV_715.mp4,d48f500173d7a4528a3db5c0c40eb426f584e23e85cead540aaf6521292296b3,0,0,0,train,train,0
singleton_0558,singleton,RLVS,NonViolence/NV_716.mp4,efe2b74801b39324bb89d824a7350c521a86a77574bf7e3d0a9f05df58baf576,0,0,0,train,train,0
singleton_0559,singleton,RLVS,NonViolence/NV_717.mp4,927ac0b6b94a50dbb639bcb673ffe47202af621c7306976b1f71912adff95335,0,0,0,train,train,0
singleton_0560,singleton,RLVS,NonViolence/NV_718.mp4,69fcbb5d86c1bdab762e79fa76bd7a0ff1e9291dec9a62b18f234ce2b64d7472,0,0,0,validation,validation,0
singleton_0561,singleton,RLVS,NonViolence/NV_719.mp4,780d98b4143bcd5d3923ca9c07e82914c585b9b46f71a6a817ff8a52f130fe63,0,0,0,train,train,0
singleton_0562,singleton,RLVS,NonViolence/NV_72.mp4,47cb7f02f2ee361a515aa80caff712aeda8c251aef54a5a24917d1bb8a8a38c8,0,0,0,train,train,0
singleton_0563,singleton,RLVS,NonViolence/NV_720.mp4,69bed0f2d4b6b6ecc4aab2feff6ec6e6473c7c7cf9ba07ee16a82db9c9a03696,0,0,0,train,train,0
singleton_0564,singleton,RLVS,NonViolence/NV_721.mp4,474c39d6994073dff9547aa4fa337d0f61c5d930d8e445f5ce0a4fe25f59106f,0,0,0,train,train,0
singleton_0565,singleton,RLVS,NonViolence/NV_722.mp4,85fda7f1685e095c4e2c255008c0d0f9d5cb6498c078435d13c6aefae095beaa,0,0,0,train,train,0
singleton_0566,singleton,RLVS,NonViolence/NV_723.mp4,1f87d4953deae7676c6ebac7e4cecb978972875a8dcedf8be20c2649a16be09d,0,0,0,train,train,0
singleton_0567,singleton,RLVS,NonViolence/NV_724.mp4,f4d1638fc935ebef800c1bb94dc1ba9481dcd1a565030ad5083af06ab016d190,0,0,0,train,train,0
singleton_0568,singleton,RLVS,NonViolence/NV_725.mp4,0333f74846c1a5b8efa62abdd301a57667697c614a3f67d3c26019fb4b89d714,0,0,0,train,train,0
singleton_0569,singleton,RLVS,NonViolence/NV_726.mp4,fe4fe36249801a040dfdf454de940fc7036f14d264127f97d737b3de1cd7ee6e,0,0,0,train,train,0
singleton_0570,singleton,RLVS,NonViolence/NV_727.mp4,a7d34fefb48503ab2bf1342cf6aa6a2794e267a9fe183f476e491761f278ec33,0,0,0,train,train,0
singleton_0571,singleton,RLVS,NonViolence/NV_728.mp4,08bd5c6be3af92945c2868f82dc2dc93ad78c62c514f66746540e8e19f6ed2c7,0,0,0,train,train,0
singleton_0572,singleton,RLVS,NonViolence/NV_729.mp4,09d5352ce6bf8507b76954459bc42c2b4caf7067a80b4dbfe39732c016f130eb,0,0,0,train,train,0
singleton_0573,singleton,RLVS,NonViolence/NV_73.mp4,282398dacc832e772cdee6f8b14a03a8150900cb1d48ba714dbc6e606a0f96e6,0,0,0,train,train,0
singleton_0574,singleton,RLVS,NonViolence/NV_730.mp4,cc0ba048022cd3f8cceb2e20fdaa894b84a985fe784c9e9ae83fc151c0997ea2,0,0,0,train,train,0
cluster_0047,perceptual_near_duplicate,RLVS,NonViolence/NV_731.mp4,889d66f825dd78c0780073b9a167072f777855d9e55c999c12d8cc2c07b669ff,0,0,0,train,test,1
cluster_0047,perceptual_near_duplicate,RLVS,NonViolence/NV_732.mp4,cc64f762c6745958e659f17f7451f42e40d1f1c4c963ce766bec69cb7b46162e,0,0,0,test,test,0
singleton_0575,singleton,RLVS,NonViolence/NV_733.mp4,c46c7d470aa442e36e845584bd47596cb3e865400cf88bc78d6ee4100685c715,0,0,0,train,train,0
singleton_0576,singleton,RLVS,NonViolence/NV_734.mp4,62732012dec740e2ed1f726b44ed05ed58b8940cc7d837c0bb3d2b310dc7c98f,0,0,0,train,train,0
cluster_0047,perceptual_near_duplicate,RLVS,NonViolence/NV_735.mp4,eb70e1130161821ca2da05b7654210f56977a9ec50bed9da9a45958740abeb31,0,0,0,test,test,0
singleton_0577,singleton,RLVS,NonViolence/NV_736.mp4,1106b3fcdd2d72ce8d1bdefff5df544afad7d63dcabab4e327ab9a7e3a3d9ea3,0,0,0,train,train,0
cluster_0047,perceptual_near_duplicate,RLVS,NonViolence/NV_737.mp4,dc13fb0936aa9daee8aa531bda1a4f71185037f802ed0779fed5e3ddd5cdb891,0,0,0,train,test,1
singleton_0578,singleton,RLVS,NonViolence/NV_738.mp4,2d935add3ef15cb74566326c5d4ba125ceb97e3ddd117fe0b7d38811f890599e,0,0,0,train,train,0
singleton_0579,singleton,RLVS,NonViolence/NV_739.mp4,78d8edf8d49e1e09dab813f398154676557dc9da407ac554109c9e706696b152,0,0,0,train,train,0
singleton_0580,singleton,RLVS,NonViolence/NV_74.mp4,4f7079ba687da803e841de258cc156ceb94776291387b353fc6f96a9c435f959,0,0,0,train,train,0
singleton_0581,singleton,RLVS,NonViolence/NV_740.mp4,3e6efe1904ff8fbd37bb8459119ff1bb4ce23d8905957bdf1da0218d98c54395,0,0,0,train,train,0
singleton_0582,singleton,RLVS,NonViolence/NV_741.mp4,5e369a4643f8fdc6254ac963dacb31340a08e9934d852e08a1d7e87bf62484b3,0,0,0,test,test,0
singleton_0583,singleton,RLVS,NonViolence/NV_742.mp4,88d9c5a1bd8c6dab548f6b3311627204c8331081e2e99e1df4a0d7a1eb32a086,0,0,0,train,train,0
singleton_0584,singleton,RLVS,NonViolence/NV_743.mp4,69ededfc6568058792db13819fdf9bec1be8165265f77e6df3339e5e0befade3,0,0,0,train,train,0
singleton_0585,singleton,RLVS,NonViolence/NV_744.mp4,a11326f4bab4b4fcfd84e75697a077dfd6100e80deda7715cd68d1b9c0235685,0,0,0,validation,validation,0
singleton_0586,singleton,RLVS,NonViolence/NV_745.mp4,8737bf43d01006e47cb47a09e57a2f28bd58c693d5b73e0deb19a4d17900a1a9,0,0,0,validation,validation,0
singleton_0587,singleton,RLVS,NonViolence/NV_746.mp4,4f4a1e3db5108eaade94378af890826500d3f494bac7ffa39e4a36b164375904,0,0,0,validation,validation,0
singleton_0588,singleton,RLVS,NonViolence/NV_747.mp4,53a673c771cf0a8ed5ee504936e1745bf247cb96cea5f99a6b7ec8fc671ca762,0,0,0,train,train,0
singleton_0589,singleton,RLVS,NonViolence/NV_748.mp4,a475ade68bd12868042f009b36f103d02c4d175a437f0758b9ffc64fb001fcfd,0,0,0,train,train,0
singleton_0590,singleton,RLVS,NonViolence/NV_749.mp4,52cd74930826f7ee77c09b5e4c3fd6a37717b3e1ebdcdc08f2485f684713f5f3,0,0,0,train,train,0
singleton_0591,singleton,RLVS,NonViolence/NV_75.mp4,8e272b114a001a1fc5a963b7d72c5cbd335c95e716c6d876bee242345126319f,0,0,0,train,train,0
singleton_0592,singleton,RLVS,NonViolence/NV_750.mp4,a687bc61c117b7ce73a9ce61fc2362cd962c6f76105ef9446430cfbb7f21143a,0,0,0,train,train,0
cluster_0117,perceptual_near_duplicate,RLVS,NonViolence/NV_751.mp4,a7881d015902337a42bddde70deee6b69b42134a0c5603ffb208749c814426c0,0,0,0,test,test,0
singleton_0593,singleton,RLVS,NonViolence/NV_752.mp4,75d7eb314699d7e007a5ccb9f50c3acd11763f4dbc53214da4234285ddcb807b,0,0,0,train,train,0
singleton_0594,singleton,RLVS,NonViolence/NV_753.mp4,39ce72892c74a68f46f2ec4f88d6f2cc3024248866c4b44427806a2c2107d9a6,0,0,0,validation,validation,0
singleton_0595,singleton,RLVS,NonViolence/NV_754.mp4,67cc9628e16da8603fded1ff861d6ce9a363a70d567a73f596ec82e337f9c9d0,0,0,0,train,train,0
singleton_0596,singleton,RLVS,NonViolence/NV_755.mp4,8885430a5fded2c1551ea46f27f8ad5ba9251e41b55b4852b1ccc77c0f72b99b,0,0,0,train,train,0
singleton_0597,singleton,RLVS,NonViolence/NV_756.mp4,64fa2f7b16f534cc2a6eca6fcdacd623437369e7d5b306d03e01d31a2e58321d,0,0,0,train,train,0
singleton_0598,singleton,RLVS,NonViolence/NV_757.mp4,6e7d9a8236db3c8f1a9f6425f1b360fc7e5db5b4253e8f3784d51a62a93bf4e1,0,0,0,train,train,0
cluster_0117,perceptual_near_duplicate,RLVS,NonViolence/NV_758.mp4,281872a00c1e86f8dc089d5e6c7ddb56471ec50a335b23d182e131bb9d1b1d21,0,0,0,train,test,1
singleton_0599,singleton,RLVS,NonViolence/NV_759.mp4,03dd7e98dc49f032c9ca1ae0c4ea3e27d7621bed245ca133bca7af5b27ab8098,0,0,0,train,train,0
singleton_0600,singleton,RLVS,NonViolence/NV_76.mp4,b5f00abec0819f16d06cb3a3162e601e93bb4ab784b7159d956f4858ee42cc6c,0,0,0,train,train,0
singleton_0601,singleton,RLVS,NonViolence/NV_760.mp4,ed91e6c1346b0049a6cb83c48f640ea84ff2e21eaa9c7bd2b0608f469dfa4c42,0,0,0,train,train,0
singleton_0602,singleton,RLVS,NonViolence/NV_761.mp4,cab672da2412348faee887672b33b3fe39babe7873f6ff094a9ca1689b90c328,0,0,0,train,train,0
singleton_0603,singleton,RLVS,NonViolence/NV_762.mp4,ebad01700f84725ed8bcc4017b65cc3c4758c7079fff86d4498bd06b8e42e661,0,0,0,train,train,0
singleton_0604,singleton,RLVS,NonViolence/NV_763.mp4,f4086b4f13caa6c74442fa3d7b72422075e8d386c68a8ad6838e110fd6b190f1,0,0,0,train,train,0
singleton_0605,singleton,RLVS,NonViolence/NV_764.mp4,25485b1dd6a5c384762c099c0ca4d8984f30a55f45ed0f93af95c7fb4518c59f,0,0,0,train,train,0
singleton_0606,singleton,RLVS,NonViolence/NV_765.mp4,e2d0f3eca61cd0e07eca5b6cb6a9aeef4d7613284fa80dca9a181bb6853a63ff,0,0,0,train,train,0
singleton_0607,singleton,RLVS,NonViolence/NV_766.mp4,fb4f33abc6b84086912534b29ea71961a2943ef30e34ac283a8b4048f74e6c0b,0,0,0,train,train,0
singleton_0608,singleton,RLVS,NonViolence/NV_767.mp4,b3758d6f50bc41295349c8d0c17f66027e000bcb359c031c0c346cca37fcdabb,0,0,0,train,train,0
singleton_0609,singleton,RLVS,NonViolence/NV_768.mp4,40fdaa0af875f1b059db5296db33a7bbe3db6dd91c380ef80b7333cc60dc8d0c,0,0,0,train,train,0
singleton_0610,singleton,RLVS,NonViolence/NV_769.mp4,477a88605bd465e31f37644eb9a09639a56ade1b455330ca6d24388a9c3f2093,0,0,0,validation,validation,0
singleton_0611,singleton,RLVS,NonViolence/NV_77.mp4,db98a2a8135e3c29f0c580069aa490e3da781ac23405254558950628ee6ab623,0,0,0,train,train,0
singleton_0612,singleton,RLVS,NonViolence/NV_770.mp4,0c5c5bb3eb07a9fae8fd974fb1291361863916ab2f415dc8efb61ff19b2541be,0,0,0,train,train,0
singleton_0613,singleton,RLVS,NonViolence/NV_771.mp4,86f597d589f400b0bc034f943a62f98603749744a512c80f61376ecc718bd7f2,0,0,0,test,test,0
singleton_0614,singleton,RLVS,NonViolence/NV_772.mp4,4b5444c6ded9c606541456c2dda240a590a3259abaff27c506af80527a426490,0,0,0,test,test,0
singleton_0615,singleton,RLVS,NonViolence/NV_773.mp4,75fabf1f2c9148db6f5973a54f2b5fbf70814942be90f7aea5605db89ec14ab2,0,0,0,train,train,0
singleton_0616,singleton,RLVS,NonViolence/NV_774.mp4,cd7babdc1b3ffe56abe15d42072c4c149210f0f1432036202dfc7abd194fa74f,0,0,0,train,train,0
singleton_0617,singleton,RLVS,NonViolence/NV_775.mp4,bc73f5f4b36cfdacb14a63758a004e81714e95cf9375e0715ef670afb2629c5f,0,0,0,train,train,0
singleton_0618,singleton,RLVS,NonViolence/NV_776.mp4,020fd35562dae243711559231a3cbb862dace610533cd8ed1184c5c132c31e03,0,0,0,train,train,0
singleton_0619,singleton,RLVS,NonViolence/NV_777.mp4,b69d84ae0c2800bd23ff874d80c23d0950bdcb6338da066667903837dc2615b9,0,0,0,train,train,0
singleton_0620,singleton,RLVS,NonViolence/NV_778.mp4,2fbfb478b96d4513c74b893b15120eb47a7e481b17d4b9479474bda85d899b2e,0,0,0,train,train,0
singleton_0621,singleton,RLVS,NonViolence/NV_779.mp4,fc62d6f81699b630031a8c7d88f74fba9bff9b7d7b83b6c58982046a8dd9698f,0,0,0,train,train,0
singleton_0622,singleton,RLVS,NonViolence/NV_78.mp4,bb8314946eb808c2ae56181edb6711ed87b8e7985b188445fb5e58198461c030,0,0,0,train,train,0
singleton_0623,singleton,RLVS,NonViolence/NV_780.mp4,9df18ff54d581e21a47a26711b466c95474addb82605a956f25a54db452a8a9e,0,0,0,train,train,0
singleton_0624,singleton,RLVS,NonViolence/NV_781.mp4,8b48a93f8b90e01a580122eefacca1fae66eeb6bafe484606c4a076204eb95ab,0,0,0,train,train,0
singleton_0625,singleton,RLVS,NonViolence/NV_782.mp4,6d917c8f8a2c4a98572df27ad66a94d0557937c5c44f18f5116801d1e6f853c0,0,0,0,validation,validation,0
singleton_0626,singleton,RLVS,NonViolence/NV_783.mp4,045a9b01cf69aa4b8d474170668df7a628ed199f84bea6e13efc95756a5fa3fd,0,0,0,train,train,0
singleton_0627,singleton,RLVS,NonViolence/NV_784.mp4,e6df53a22b7df3ed6d2147b07398355d0bd79abcb07981a15966ea655a4fca95,0,0,0,test,test,0
singleton_0628,singleton,RLVS,NonViolence/NV_785.mp4,9ce3f8fdf59a4af103ed63a5b37863c46ef4d669fb8599650a585466fdd189c2,0,0,0,train,train,0
singleton_0629,singleton,RLVS,NonViolence/NV_786.mp4,e2469b044c2598c59b154e72ca1f2fb120bab8595c4f88dec3cb5399957963db,0,0,0,train,train,0
singleton_0630,singleton,RLVS,NonViolence/NV_787.mp4,e1249f0f441e490afcf6cf3864b70d4d86661767fc2158394580117da55254bb,0,0,0,train,train,0
singleton_0631,singleton,RLVS,NonViolence/NV_788.mp4,b73c2c4768e7ca16316a4159d41314f6bd827935e750767c3736222bb4073676,0,0,0,test,test,0
singleton_0632,singleton,RLVS,NonViolence/NV_789.mp4,4123f852aa1ab0541d526388a31ea4038441af4b324509d76fe0a64ec8653142,0,0,0,train,train,0
singleton_0633,singleton,RLVS,NonViolence/NV_79.mp4,54aac1108e8650d602982ccf4988a7a5369cf2d895354fafd10eb29bc3d1d855,0,0,0,test,test,0
singleton_0634,singleton,RLVS,NonViolence/NV_790.mp4,555c62e0d3c9a3413e2d1e64e316c0b0e2845ff9f0713298011d8ff0bed57073,0,0,0,test,test,0
singleton_0635,singleton,RLVS,NonViolence/NV_791.mp4,f4b5fe2a41861204dc623d388f5acc2b4de41ce3516dd1df44b8d70ce6f38703,0,0,0,validation,validation,0
singleton_0636,singleton,RLVS,NonViolence/NV_792.mp4,1541d013c0749a0641623ebd61f85a4cbcf01669573d49d98b97b5a7ccbfc49b,0,0,0,train,train,0
singleton_0637,singleton,RLVS,NonViolence/NV_793.mp4,3bb9a14b8620566416ba7a790bc05d4ade21d93d458d1e1ebaaae83fd25893c1,0,0,0,train,train,0
singleton_0638,singleton,RLVS,NonViolence/NV_794.mp4,d992917d384bf946d22d4cd5629118298e471240372a4b8e0f4eba29d39e7a78,0,0,0,test,test,0
singleton_0639,singleton,RLVS,NonViolence/NV_795.mp4,c29eebbfd0191a8b627f79b17e11e1800ddcd8fad7eb2ec61c5a647b023c7f1c,0,0,0,validation,validation,0
singleton_0640,singleton,RLVS,NonViolence/NV_796.mp4,183958027c72c1ae081be90536cf503ca36648a9114577edb1415795fcccca21,0,0,0,train,train,0
cluster_0166,perceptual_near_duplicate,RLVS,NonViolence/NV_797.mp4,a840a10137d1edd067adbf634d38b76998d1d4196c85120b789a49876a631159,0,0,0,train,validation,1
singleton_0641,singleton,RLVS,NonViolence/NV_798.mp4,10158e89c71f7e2eeee17e163d727133a3684f4e8f3b943f4cc36ef6bad576ff,0,0,0,train,train,0
singleton_0642,singleton,RLVS,NonViolence/NV_799.mp4,df00d6c7ddb4045469e71786b11f07be0312f79abaa3b9aed7d8e92dbe398bd4,0,0,0,train,train,0
singleton_0643,singleton,RLVS,NonViolence/NV_8.mp4,51ad9d5eb9712402c03f489156817f34b766020220c3bec0c7673ee9ed57bb8c,0,0,0,test,test,0
singleton_0644,singleton,RLVS,NonViolence/NV_80.mp4,6140e318e5f8ccf624f398390c238cf479b38f855eb46a45929f7e2117983ccf,0,0,0,train,train,0
singleton_0645,singleton,RLVS,NonViolence/NV_800.mp4,cb0f826eb02f29ea42b3a2f75e6770552037535f4c52014ba3cce558c18a4994,0,0,0,train,train,0
singleton_0646,singleton,RLVS,NonViolence/NV_801.mp4,2bffcd5e92d9ca28fb6257ab9e1283ad45785e751bcbf916b4bec309dc561eca,0,0,0,test,test,0
singleton_0647,singleton,RLVS,NonViolence/NV_802.mp4,604da13a8093ef2d49fd50e8983b25dd19f8a05d031c1ae134414bd6f87a5475,0,0,0,test,test,0
singleton_0648,singleton,RLVS,NonViolence/NV_803.mp4,65f0bddf51d4b35c561ba5bf625714f30bcfcf08a110b6711bad9ba84a4db63b,0,0,0,train,train,0
singleton_0649,singleton,RLVS,NonViolence/NV_804.mp4,4b524f03be57d7bf491d543fbc29aac40b7518c67b9fdc0bf799b951ecf4b03b,0,0,0,train,train,0
singleton_0650,singleton,RLVS,NonViolence/NV_805.mp4,564e452d1153ad18662847763407335d9a4318d68de4c535e79090c5584ba664,0,0,0,test,test,0
singleton_0651,singleton,RLVS,NonViolence/NV_806.mp4,083366d3cab15bd679dea4b6806bb97ffc9eff939555487fb3e08d28f6bc789e,0,0,0,train,train,0
singleton_0652,singleton,RLVS,NonViolence/NV_807.mp4,fbaded6f23188acfe0940f1a64856facf4807101dd326a0aa0cf5065c9bf2cbc,0,0,0,train,train,0
singleton_0653,singleton,RLVS,NonViolence/NV_808.mp4,0d204c6bf20dade06a13a1ada405c4bf438145b084397e52426ecf00aac40d68,0,0,0,train,train,0
singleton_0654,singleton,RLVS,NonViolence/NV_809.mp4,4143eb9e30fc0a3f77810ce99530dddd5890f970bea7430c9ae94451b0d4ec55,0,0,0,train,train,0
singleton_0655,singleton,RLVS,NonViolence/NV_81.mp4,5c74ac5d1889395af5fe62adb0b95f159b72ca02418f7bb8c72ebb6469aff0cc,0,0,0,train,train,0
singleton_0656,singleton,RLVS,NonViolence/NV_810.mp4,717c8ead06c3e2ebfbdf458735acae2a5c8b6c99209820814c9cdd396c320f0a,0,0,0,train,train,0
cluster_0166,perceptual_near_duplicate,RLVS,NonViolence/NV_811.mp4,54b224152e5fcc309c9c868ffbf0b5f61b89ad950e3e37cb70665ea1dcab9b98,0,0,0,validation,validation,0
singleton_0657,singleton,RLVS,NonViolence/NV_812.mp4,3e09a863cc6964af2d979db94d85ef4498dd6f094f7d41a1ee77ed011c688442,0,0,0,train,train,0
singleton_0658,singleton,RLVS,NonViolence/NV_813.mp4,2712206d60d0c8a8c9f552e4e4f39672953f1a6c63c274d9e910f28f57fef9b0,0,0,0,validation,validation,0
singleton_0659,singleton,RLVS,NonViolence/NV_814.mp4,d7678fe7a01d0c442afd5b62272c9b2530a4f55102d75d530538c2cce7138605,0,0,0,validation,validation,0
singleton_0660,singleton,RLVS,NonViolence/NV_815.mp4,5faf89d5214cae7ffe654a0902c4e5fd794eb73bdbbb8de1b1e73e4d5c95715c,0,0,0,validation,validation,0
singleton_0661,singleton,RLVS,NonViolence/NV_816.mp4,b53e160525dee18c5df3856e97d4c923b0bd87417416b589073543a5ce94ee73,0,0,0,train,train,0
singleton_0662,singleton,RLVS,NonViolence/NV_817.mp4,a989924e4564f2d13c33a8921706f5298c1858a06bb66ba01d86abe01b2da0ff,0,0,0,validation,validation,0
singleton_0663,singleton,RLVS,NonViolence/NV_818.mp4,2672db066597b0ef72690180ab840089d9f7359f7b6f7017fbde8f58b4992d1d,0,0,0,train,train,0
singleton_0664,singleton,RLVS,NonViolence/NV_819.mp4,8b7303a22858fa9ec8ac48e4e4e7f8f22eaa9b276ffa633a9d251138432d70c8,0,0,0,test,test,0
singleton_0665,singleton,RLVS,NonViolence/NV_82.mp4,50475e3d072170cdab2170be36ffafdda2fd36b25f60ca1b41ae667b7c3fb879,0,0,0,test,test,0
singleton_0666,singleton,RLVS,NonViolence/NV_820.mp4,32c40cb80ad674472b7994bace6692a73d8d7958f1c9063734be49c848d169f7,0,0,0,train,train,0
singleton_0667,singleton,RLVS,NonViolence/NV_821.mp4,9c6616fabd03ab9ee91c72ea6b48ff99c5993bd86ded148c8adce1f790eff0c2,0,0,0,validation,validation,0
singleton_0668,singleton,RLVS,NonViolence/NV_822.mp4,ef9c09d5210c70e5721d64ffe2700c3408ed3def78e54862eef3258d92cbe6a0,0,0,0,validation,validation,0
singleton_0669,singleton,RLVS,NonViolence/NV_823.mp4,ef47e693978cd8c0bf243cf63eba93d956b55023f43667f37926ccde04793e42,0,0,0,train,train,0
singleton_0670,singleton,RLVS,NonViolence/NV_824.mp4,36f09572f73a1ca75a2e5f6f242b9c07652218318a56e6842e43cd477d081b7f,0,0,0,train,train,0
singleton_0671,singleton,RLVS,NonViolence/NV_825.mp4,4ae4c8956d8b665151051bc633b95f5539fe427e0a4fb1de13d435b1a199a9d1,0,0,0,train,train,0
singleton_0672,singleton,RLVS,NonViolence/NV_826.mp4,f3f9e4258e1d05fdae7e95c5e4f576bab2a15eede550e104f600a05d2508871a,0,0,0,train,train,0
singleton_0673,singleton,RLVS,NonViolence/NV_827.mp4,ee95694f803272037df6b6b5e1b8f379a1ef40a531aca3930d1665b1a7fcdbd6,0,0,0,train,train,0
singleton_0674,singleton,RLVS,NonViolence/NV_828.mp4,13a5ee4f8235879f20f5beb862849ad77a56a3b349860dbb1808ae5ac8f3e062,0,0,0,validation,validation,0
singleton_0675,singleton,RLVS,NonViolence/NV_829.mp4,1bfda470b044fce0631f59f52d53ec0194efc0631341956c36a360874ca47e4e,0,0,0,validation,validation,0
singleton_0676,singleton,RLVS,NonViolence/NV_83.mp4,ce87b6d06ce2b0461f5e34abcd2a750ed79bcbf69773802f82c8418f41c110c2,0,0,0,train,train,0
singleton_0677,singleton,RLVS,NonViolence/NV_830.mp4,e90eefd57748210ff7f3c014d70cd5361b4ac07fe94daeb6acbec8f62c380e65,0,0,0,train,train,0
singleton_0678,singleton,RLVS,NonViolence/NV_831.mp4,56d7a207f821829a16f669052ecd1c0fd6f987935193710f364cda4d14b982a4,0,0,0,test,test,0
singleton_0679,singleton,RLVS,NonViolence/NV_832.mp4,97538c8d95677838a45d3ea9e57c2766992d50b9f90209469d9dacb0d518fa8a,0,0,0,train,train,0
singleton_0680,singleton,RLVS,NonViolence/NV_833.mp4,cc807f007fce67ff4d3358ffb76dafc6f738151a1f8ad7a93c8f1e849ccaf61a,0,0,0,train,train,0
singleton_0681,singleton,RLVS,NonViolence/NV_834.mp4,f479eb4cc00637b745c067671e8ead93178679e4f9f783c8fd559e15b937d576,0,0,0,train,train,0
singleton_0682,singleton,RLVS,NonViolence/NV_835.mp4,764c5a897c725f1d0513a257395323144a2ac5fa34a312751138ebad98adc646,0,0,0,train,train,0
singleton_0683,singleton,RLVS,NonViolence/NV_836.mp4,be0639e6e74170bc4ee057ea64d830c2e6113ee2216d297105946a7992588eb7,0,0,0,train,train,0
singleton_0684,singleton,RLVS,NonViolence/NV_837.mp4,fb1a676eeefed1172665fe445049ab58a3bc9edb7a22272a8126ad7e0ca0693c,0,0,0,validation,validation,0
singleton_0685,singleton,RLVS,NonViolence/NV_838.mp4,a25efbbbb36834f2e93bb2f134ec0d34371faae6fbfa9fd59607eb49a8de3f5b,0,0,0,train,train,0
singleton_0686,singleton,RLVS,NonViolence/NV_839.mp4,6496e8e9b0484f9d6e715b2972648842ff0b91baec56469fe5a34f68b8ec7c22,0,0,0,train,train,0
singleton_0687,singleton,RLVS,NonViolence/NV_84.mp4,fe1903f2088dcad5d8ab4cab75b82b85ae1216e8a0c26a45b406f69116c429be,0,0,0,test,test,0
singleton_0688,singleton,RLVS,NonViolence/NV_840.mp4,e3871c28eac24128010886db8f813aba619a47a5e4e6f13f9a3390aa472837db,0,0,0,train,train,0
singleton_0689,singleton,RLVS,NonViolence/NV_841.mp4,410de905660a88713514d95a64c9d2a9ea41f6de24b6b13f8aecf4ba27ba5db2,0,0,0,validation,validation,0
singleton_0690,singleton,RLVS,NonViolence/NV_842.mp4,395ee59fc880d5eadc44971ad08d0c25f0ca7879e2e322dd2a982803c907e297,0,0,0,train,train,0
singleton_0691,singleton,RLVS,NonViolence/NV_843.mp4,88490a105215d7561770413916324ea9b07d39d3df0df023ddd6d0344630a5fe,0,0,0,test,test,0
singleton_0692,singleton,RLVS,NonViolence/NV_844.mp4,246db2096e9958593abc2d141dae2b0e3da133a4f39fbf3dee1dd4d542bcd4ec,0,0,0,train,train,0
singleton_0693,singleton,RLVS,NonViolence/NV_845.mp4,c692778d2ef94c502b741caff8f16d053940b6f2d7be518135c7600e10e0279b,0,0,0,train,train,0
singleton_0694,singleton,RLVS,NonViolence/NV_846.mp4,7a1de8478f9ea53b9318b6c8392534ec3451008af5ae4984557aa7571050065b,0,0,0,train,train,0
singleton_0695,singleton,RLVS,NonViolence/NV_847.mp4,a5470bf8d71a4c6cf798fc852e7200af380278ebadd81f161b24070d00444005,0,0,0,test,test,0
singleton_0696,singleton,RLVS,NonViolence/NV_848.mp4,6312c1ae85f5e0240b59487e73a18120134364a5e303724aaf0b85a3f510919f,0,0,0,train,train,0
singleton_0697,singleton,RLVS,NonViolence/NV_849.mp4,4e27e114fbe8ec24178108c0f30095a48bca70ea95f3102d6b88c9923bcb8614,0,0,0,train,train,0
singleton_0698,singleton,RLVS,NonViolence/NV_85.mp4,b71706d43d27cf75f0e40f949495b0cc396c6e83805b2777036ef8ea4844240d,0,0,0,train,train,0
singleton_0699,singleton,RLVS,NonViolence/NV_850.mp4,372037f3afddb16d41c8127f7720ae8f7dd44657844de37347600caa9101461b,0,0,0,train,train,0
singleton_0700,singleton,RLVS,NonViolence/NV_851.mp4,0d1fa80a049576ffc90dc8451dec6dbc468ce31c157d951e1b38e8f31721959c,0,0,0,train,train,0
singleton_0701,singleton,RLVS,NonViolence/NV_853.mp4,524d31e12b2a4ddec8bf5a4728008768db94578525ab0ca54a1afea69a4f9752,0,0,0,train,train,0
singleton_0702,singleton,RLVS,NonViolence/NV_854.mp4,66969a585e9e160816da14b1b66cbcfb0ebc27cd804fd52222a72de8e7e8ec02,0,0,0,train,train,0
singleton_0703,singleton,RLVS,NonViolence/NV_855.mp4,3451235fb3aaab9832dd0080dd1a4c34d4394a2b29c7abd65dfdc35a6b816be8,0,0,0,train,train,0
singleton_0704,singleton,RLVS,NonViolence/NV_856.mp4,c3159b92b19d633997c02b7be4fc49b2cb9f8ec620a338ab4ac72e1a9387f97c,0,0,0,train,train,0
singleton_0705,singleton,RLVS,NonViolence/NV_857.mp4,064391d3c26e93ac63faa00ed4d7cc4833fd1e8402953a6dda16f97c2cb19f52,0,0,0,test,test,0
singleton_0706,singleton,RLVS,NonViolence/NV_858.mp4,43575a433c05f248e5be647e793df0c3d6fe95dfc30453061dfdf1bec3758b45,0,0,0,train,train,0
singleton_0707,singleton,RLVS,NonViolence/NV_859.mp4,672beee23737d34a2e56b40035e2d20b32fd9cdfe914a23c83e05ee7d0af6735,0,0,0,test,test,0
singleton_0708,singleton,RLVS,NonViolence/NV_86.mp4,3e8bdd6414cadff22c9a32540e7a66279fde2fac55ea2e3020b74a00f8b6ff75,0,0,0,train,train,0
singleton_0709,singleton,RLVS,NonViolence/NV_860.mp4,19f54ac2214a606e23e4f7965dfbcdde58311bdf2b8ebc23716abaa776a5c873,0,0,0,train,train,0
singleton_0710,singleton,RLVS,NonViolence/NV_861.mp4,dff38d98d563043122e31d50ab1ac72ca80909e2d881fad010d225b670dd7785,0,0,0,train,train,0
singleton_0711,singleton,RLVS,NonViolence/NV_862.mp4,41a62781e1690d5bbeea4a0d56454d3381c3c1b6f0518f1d79d0b136f88ece4a,0,0,0,train,train,0
singleton_0712,singleton,RLVS,NonViolence/NV_863.avi,45b16e9c29ee2162d16dab29974b8e92decf270846c10a8080b66f21b15bff4b,0,0,0,train,train,0
singleton_0713,singleton,RLVS,NonViolence/NV_864.avi,105b6827c22325c45868887218ebd4376dcbcebf6002c368ac98a9f0740f648a,0,0,0,train,train,0
cluster_0092,perceptual_near_duplicate,RLVS,NonViolence/NV_865.avi,4917221b155490887b5722273d47680e79ea39eb63e5c70f8b518bf0aa1fb789,0,0,0,train,train,0
cluster_0092,perceptual_near_duplicate,RLVS,NonViolence/NV_866.avi,3ed741febe2a88c0ff1a5d083498bf3add47a5cafd5c39ad81fdf216f5d65d23,0,0,0,validation,train,1
singleton_0714,singleton,RLVS,NonViolence/NV_867.avi,29eb37cb4664fb590eb1129468b0caf5b4ca1bc0c920a59a2327ad1bc7c6348b,0,0,0,validation,validation,0
cluster_0092,perceptual_near_duplicate,RLVS,NonViolence/NV_868.avi,c70330427f5776f6a260ed06073a194a03ac1256a9fa56f3434138716765468e,0,0,0,train,train,0
cluster_0009,perceptual_near_duplicate,RLVS,NonViolence/NV_869.avi,082f6a12e83ccfa26677ff20855e6b420250601beac71d3ccdef764a249e29d6,0,0,0,test,train,1
cluster_0112,perceptual_near_duplicate,RLVS,NonViolence/NV_87.mp4,e76035288bd959548309809b0cf370f4c1c83a72c54c2eae298e0973af89d317,0,0,0,train,test,1
cluster_0009,perceptual_near_duplicate,RLVS,NonViolence/NV_870.avi,404589426a1b0458da617d01b54ec10f90c1123b1a6f4adcd3eca97c56b42a2e,0,0,0,train,train,0
singleton_0715,singleton,RLVS,NonViolence/NV_871.avi,81b355d82e7dc4905955d2bbc46adbe8226c2b52e0bed2b0dbcfad885c405ccc,0,0,0,train,train,0
cluster_0009,perceptual_near_duplicate,RLVS,NonViolence/NV_872.avi,d34d150ef9d3ab3053e179d63d75ca6bbee2e3455a3d2fc9c412659bf97df30f,0,0,0,test,train,1
cluster_0009,perceptual_near_duplicate,RLVS,NonViolence/NV_873.avi,15a6d0a47d9f0bb247d1597f51153a86906b99f87900210ddbf82f55b5b7ab92,0,0,0,train,train,0
cluster_0009,perceptual_near_duplicate,RLVS,NonViolence/NV_874.avi,2d391fcafb596b16582077c8dae80a62ca684ca210660dd9b098154707bfb2fc,0,0,0,train,train,0
singleton_0716,singleton,RLVS,NonViolence/NV_875.avi,dc303595cda27727002218ab861b1330afe265750eafeac63ecd788a0ee7bd6d,0,0,0,train,train,0
cluster_0009,perceptual_near_duplicate,RLVS,NonViolence/NV_876.avi,fec5408b781dc56c3edbc177524e940e30cdbb672232c74447e4a69208aca431,0,0,0,train,train,0
cluster_0009,perceptual_near_duplicate,RLVS,NonViolence/NV_877.avi,7cda97749fa81e27ac7a679d07e727f23d3b1da8c37d0ea4922e2c68a1483b3a,0,0,0,test,train,1
singleton_0717,singleton,RLVS,NonViolence/NV_878.avi,f7d2ac89cc7b0ede9627c281bda90ec1a635266d3b9b76562fb726246470ebde,0,0,0,validation,validation,0
singleton_0718,singleton,RLVS,NonViolence/NV_879.avi,6b1ec45abb4177cc51cbd5baac0829e7646993b1196027b08ca0350fe6924200,0,0,0,test,test,0
singleton_0719,singleton,RLVS,NonViolence/NV_88.mp4,2fc6cc565a6a59cfb8f8ac54589896da6117e28c49c19c7424b923808580b9a2,0,0,0,train,train,0
singleton_0720,singleton,RLVS,NonViolence/NV_880.avi,f59e2469f502fcc98a636c3c7d8012fdae07e80c61443c0af2cf81c791207629,0,0,0,train,train,0
cluster_0013,perceptual_near_duplicate,RLVS,NonViolence/NV_881.avi,a9150c55ad75dbbc29182a046413c3ac37415e02afdc5678ea8dfb1cf95d8234,0,0,0,test,train,1
cluster_0013,perceptual_near_duplicate,RLVS,NonViolence/NV_882.avi,97bae6b8bee1eadf916a60c8d55aa6133e7e35202bebf0a72df3a271ed903632,0,0,0,train,train,0
cluster_0013,perceptual_near_duplicate,RLVS,NonViolence/NV_883.avi,6746ccc28355ffd03cad8e093b6ede302027bc6370385e745012f485c999c8e4,0,0,0,train,train,0
cluster_0013,perceptual_near_duplicate,RLVS,NonViolence/NV_884.avi,d975b5c63ab3be1f9e39ca856d8645dc9e22ed6e97cd42135680e9168e30afa2,0,0,0,test,train,1
cluster_0013,perceptual_near_duplicate,RLVS,NonViolence/NV_885.avi,cd79ab4c3986c449c06acfe0857bb0a2ac307a0d6b5c41b95e1a4b47f877eabb,0,0,0,train,train,0
cluster_0013,perceptual_near_duplicate,RLVS,NonViolence/NV_886.avi,b5493bb3bb265e415b8484f2d7ef50e75b3c88738d9f347b09da4132cf9d6b24,0,0,0,train,train,0
singleton_0721,singleton,RLVS,NonViolence/NV_887.avi,364223c24ba6393a07b40a80d39c49581ae564f242310c3aaf7ac760657d42c8,0,0,0,train,train,0
singleton_0722,singleton,RLVS,NonViolence/NV_888.avi,34dc5a3835e9ae12040e98369b69749fd63ecc52215d4ad53b43faeadf5b64e5,0,0,0,train,train,0
singleton_0723,singleton,RLVS,NonViolence/NV_889.avi,d93b4824f0b8b80350d69c7cb429babd89595cfced53977c87dee60233d8a11e,0,0,0,train,train,0
cluster_0119,perceptual_near_duplicate,RLVS,NonViolence/NV_89.mp4,883fec6c7409e45c9c8952dd124244f644c0f999c5eab4cd6d6ef982623bf11e,0,0,0,train,train,0
cluster_0118,perceptual_near_duplicate,RLVS,NonViolence/NV_890.avi,bd0ed0b26a3630ee3ca713b907134af8aa2c53d2e415d79ca0e9aa9e20fd556c,0,0,0,train,test,1
cluster_0118,perceptual_near_duplicate,RLVS,NonViolence/NV_891.avi,4e4b17794c3495739f92497c573562f5c6dfaed7e8ceeb64f30f093d931a9109,0,0,0,test,test,0
singleton_0724,singleton,RLVS,NonViolence/NV_892.avi,9db8a797e462e640c9212c9c20d68d8ae673c9ad5e2dae5e63d4a82008390de6,0,0,0,validation,validation,0
singleton_0725,singleton,RLVS,NonViolence/NV_893.avi,bb025cdb8bb19eb41480d23ec18b5d2a756a0b0fcd755698195e19ee4ef68eb0,0,0,0,train,train,0
singleton_0726,singleton,RLVS,NonViolence/NV_894.avi,eed28b9d35fd05cabbe7c569ef2177e2e322b509b3f63557409d4a1f493b80ec,0,0,0,train,train,0
singleton_0727,singleton,RLVS,NonViolence/NV_895.avi,9aa8ae86db0c60a2be1e956c1fde61857a49e6e3213f5cfab4aef9368819183b,0,0,0,train,train,0
singleton_0728,singleton,RLVS,NonViolence/NV_896.avi,d8cc667f50709da77953cbf2e3bac680c1d50921781e357fc52cb864ecd416fc,0,0,0,test,test,0
singleton_0729,singleton,RLVS,NonViolence/NV_897.avi,3e95a6c02f25cf004123450a4127e272b1f61dedbf2c09db10abc11da3a3414b,0,0,0,validation,validation,0
singleton_0730,singleton,RLVS,NonViolence/NV_898.avi,e0f77dc1e002b633bcbff7e715d00f96716eac15a0d2d2ea7f47364375217153,0,0,0,train,train,0
singleton_0731,singleton,RLVS,NonViolence/NV_899.avi,8ef479b6ae69b2e662a3e05a0fe1af333693155f1ed2c4a4b720daad396dc55d,0,0,0,train,train,0
singleton_0732,singleton,RLVS,NonViolence/NV_9.mp4,0ac679d3a298e4fd52d131ceca1fb29281bc9dcffc281820bfb472e3ba82a155,0,0,0,train,train,0
cluster_0119,perceptual_near_duplicate,RLVS,NonViolence/NV_90.mp4,e967401c07df68d3fb4b4fc4b4059d832436ec838de72ba442fe86ba6745aed8,0,0,0,test,train,1
singleton_0733,singleton,RLVS,NonViolence/NV_900.avi,fb4bf872e8d9432b8d73d200f0c176c167150214e46fa79c290afb5e94918c55,0,0,0,train,train,0
singleton_0734,singleton,RLVS,NonViolence/NV_901.avi,5e696a8c2ad3ac8ce69798c089456b70d7f013372cbdaf848eaa059b330a86da,0,0,0,train,train,0
singleton_0735,singleton,RLVS,NonViolence/NV_902.avi,5df91dd03196bc8e2f05271e8eb67f286fe2c167bb62696dbc5ed3aaecdaeab5,0,0,0,train,train,0
singleton_0736,singleton,RLVS,NonViolence/NV_903.avi,dfb54f1c984cc0668c0dff68f2baacdc32e2c777db3b84944d0d0823cb2525af,0,0,0,train,train,0
singleton_0737,singleton,RLVS,NonViolence/NV_904.avi,01c1038ce8d11f640b72cda003496f3952e155777959567896a6b355057cb4ac,0,0,0,train,train,0
singleton_0738,singleton,RLVS,NonViolence/NV_905.avi,b3545c6e4b6cd2e4c32c9b9d433bd936e20c7b69951e56d1b74b6f25c97fe401,0,0,0,train,train,0
singleton_0739,singleton,RLVS,NonViolence/NV_906.avi,189f7b76e29a65fb798bff50104d31af5667a4bfea603e6ae1de25f621c85018,0,0,0,train,train,0
singleton_0740,singleton,RLVS,NonViolence/NV_907.avi,80c342475aced11c0e6a34a0b5c079269b381019971ec440d5d6b1e625c7d394,0,0,0,train,train,0
singleton_0741,singleton,RLVS,NonViolence/NV_908.avi,c331648e15a9414a6d6fe4635d20be1ac78e4074f1c4f588b32b1e1e997dc3e6,0,0,0,train,train,0
singleton_0742,singleton,RLVS,NonViolence/NV_909.avi,6b548da3249fade98d3966833ac3879a4e3cd9c67efd7d168a149e26ba9f555b,0,0,0,test,test,0
singleton_0743,singleton,RLVS,NonViolence/NV_91.mp4,3f9f98dcfd00e37b2b63cde238fb8211989ddaf6508f7adc9d43b9c81fb19a52,0,0,0,train,train,0
singleton_0744,singleton,RLVS,NonViolence/NV_910.avi,8e56b39d4dc62179237b68af57e61c6648560455da3019f9a8c4f261838bd78c,0,0,0,train,train,0
singleton_0745,singleton,RLVS,NonViolence/NV_911.mp4,66c1021fcc250d2d70a8a76c6129ab4df7fc69cb0c0a51d05e60c6704746d6ed,0,0,0,train,train,0
singleton_0746,singleton,RLVS,NonViolence/NV_912.mp4,b66bcfda506a5c39da92387f57b24fa559a63a795b23161808623347172735c9,0,0,0,train,train,0
singleton_0747,singleton,RLVS,NonViolence/NV_913.mp4,678425b98fe221e905018868df5aaa4373b0fdadca20b7d5f0b1c01fb5d3e814,0,0,0,validation,validation,0
singleton_0748,singleton,RLVS,NonViolence/NV_914.mp4,33f6cda68cd0068eff3b5cc40cb5cc700c14fe8244f5cb424da604fb080c8545,0,0,0,train,train,0
singleton_0749,singleton,RLVS,NonViolence/NV_915.mp4,ae5a4d76ad767062082c5a4fead315833d060aa9f38acd75fc374cd7df99aed7,0,0,0,train,train,0
singleton_0750,singleton,RLVS,NonViolence/NV_916.mp4,7de80626afd9dc0637efd28c38c9c5df94b365a1eeb7a6e10efad18a3ecde849,0,0,0,train,train,0
singleton_0751,singleton,RLVS,NonViolence/NV_917.mp4,d7eb61da2bf3659baef2e494f1ac255106ce0e0cbcb8bf12219bd039beb60de0,0,0,0,train,train,0
singleton_0752,singleton,RLVS,NonViolence/NV_918.mp4,ed42a40115b9ad0ba4aa90f450ddcf26bbd095f09dc8ea20d157c12f06c5a07d,0,0,0,train,train,0
singleton_0753,singleton,RLVS,NonViolence/NV_919.mp4,3ba8a0cc82674e96439cbdfba373b0f90b756089e8d649a1dcea02f5ac44c80a,0,0,0,test,test,0
singleton_0754,singleton,RLVS,NonViolence/NV_92.mp4,6f66bc431e80af1577c2d13865e23e9456f1f74fc17d8fadba48cec308476d2b,0,0,0,train,train,0
singleton_0755,singleton,RLVS,NonViolence/NV_920.mp4,c1e8e25c0a9b567d5913ce89cec14b161976772dd00a0db4aa01ad1ed2638262,0,0,0,train,train,0
singleton_0756,singleton,RLVS,NonViolence/NV_921.mp4,5592e531aa2ee4bf828834fa5f26fcdc464ea549173ff91d81850490c35ab1cc,0,0,0,train,train,0
singleton_0757,singleton,RLVS,NonViolence/NV_922.mp4,8e0404be52674748a0eb31d1c3b63b7363660d30ab4b6eced05ab5c3d894efd0,0,0,0,train,train,0
singleton_0758,singleton,RLVS,NonViolence/NV_923.mp4,993629aa7b8a7d134573d2618f5025253a0d11b5535e10f877edebed608ce112,0,0,0,train,train,0
singleton_0759,singleton,RLVS,NonViolence/NV_924.mp4,f4c97feea6932a170c762337511493b8cea0e6f7726731cca3a44584bd7cc6dd,0,0,0,train,train,0
singleton_0760,singleton,RLVS,NonViolence/NV_925.mp4,42092a87f246e5e8f664c52bbe07a0df5d0a4eb1cbca400b967a87f2fd030d58,0,0,0,train,train,0
singleton_0761,singleton,RLVS,NonViolence/NV_926.mp4,5f3af8d109d13447f6d199c8ad78cb35f57e7eb4a893e053af5d5af2b3c4c51f,0,0,0,train,train,0
singleton_0762,singleton,RLVS,NonViolence/NV_927.mp4,bf1fd135d6b84c97d7887b155ee8bba1b9999b91b6173c3c77c1276aa4332e5b,0,0,0,test,test,0
singleton_0763,singleton,RLVS,NonViolence/NV_928.mp4,e59711f0e40d9c4e0a767bb72342452d0774b608c284d62462deb94eabb59368,0,0,0,validation,validation,0
singleton_0764,singleton,RLVS,NonViolence/NV_929.mp4,bc0e6931d48021fa242c12ed8dfbe1642bef2f0985cddf6fc5455d66771141a8,0,0,0,test,test,0
singleton_0765,singleton,RLVS,NonViolence/NV_93.mp4,31bf1cb5590ef3551b8ded5d0f1dba42573560ddf8d227eb71d50347d668192e,0,0,0,train,train,0
singleton_0766,singleton,RLVS,NonViolence/NV_930.mp4,ba9c89f4bf47b8c2399545311d4b78f1603917b084181d8c345bdcef234789c3,0,0,0,train,train,0
singleton_0767,singleton,RLVS,NonViolence/NV_931.mp4,94c0f1145709fc8561119274cf143f8dd250024e4ed7bdb672d83bf1668810c8,0,0,0,train,train,0
singleton_0768,singleton,RLVS,NonViolence/NV_932.mp4,5c1b81b79f627110e48fe7c35ca9e2be065950da5a2bc9406964a7eb69c0d4e0,0,0,0,validation,validation,0
singleton_0769,singleton,RLVS,NonViolence/NV_933.mp4,6d7eb31d358acc8ee4c4a0e8ee7604492f6fe06db0e5a2144d184167d61f4422,0,0,0,train,train,0
singleton_0770,singleton,RLVS,NonViolence/NV_934.mp4,207f1fb173fd5dafd3f59c71b508084a9ca9b5b59a9059ab47418e89fb289b14,0,0,0,train,train,0
singleton_0771,singleton,RLVS,NonViolence/NV_935.mp4,545f00dd013ff9f1ce6b83e1717dc545f9bcf0fb5473d46ff2abd74862624cf9,0,0,0,train,train,0
singleton_0772,singleton,RLVS,NonViolence/NV_936.mp4,d39221a0ea54b0e64419f1de95c5e8bf72460d6efd7c10a59bb4265cfb0360c7,0,0,0,test,test,0
cluster_0037,perceptual_near_duplicate,RLVS,NonViolence/NV_937.mp4,ce5d87aab1f91294b717de4b8b316bfbdc4cfced646322ca13bd03df1c01473e,0,0,0,train,train,0
cluster_0037,perceptual_near_duplicate,RLVS,NonViolence/NV_938.mp4,a7507de2b5629cb32cefda8dc025ce5cb263f7f50f82e878776bad3c1e0079af,0,0,0,train,train,0
cluster_0037,perceptual_near_duplicate,RLVS,NonViolence/NV_939.mp4,1982b73d82157d1d1db8620b0dc87336f15482ff4ce15510abe7aac90d6786b6,0,0,0,validation,train,1
singleton_0773,singleton,RLVS,NonViolence/NV_94.mp4,53ac09f6596bd4796cceab1d9393d302f544865c48b2cb638a1b5dc47af6ad0d,0,0,0,train,train,0
cluster_0037,perceptual_near_duplicate,RLVS,NonViolence/NV_940.mp4,1a4d8f3909ca6e99fcb7719909a39d1c848a9de274e89b3c244a62a26dc56541,0,0,0,train,train,0
singleton_0774,singleton,RLVS,NonViolence/NV_941.mp4,902c40a0a014785199774dd80bf5b09cf4af0b801dd955ee8c35aebb98fda164,0,0,0,validation,validation,0
singleton_0775,singleton,RLVS,NonViolence/NV_942.mp4,00bfb2f81c5a465d96514365d0bc788fd4b1afb71cb7dd8f599413270972434a,0,0,0,test,test,0
singleton_0776,singleton,RLVS,NonViolence/NV_943.mp4,027f9ed19708e326b2c453ab1100c64caad4d806769164724be8e752255efe17,0,0,0,train,train,0
singleton_0777,singleton,RLVS,NonViolence/NV_944.mp4,f9cb892662174db5475de35d5da8a69948d2a87fdd6f1ce1cb490e0c76f131a4,0,0,0,test,test,0
singleton_0778,singleton,RLVS,NonViolence/NV_945.mp4,7e9e34e104f74e35e527ed030229284f6bc30553756ec0703d881032295262de,0,0,0,train,train,0
singleton_0779,singleton,RLVS,NonViolence/NV_946.mp4,b9fc1ff25f1b8ec3f77d3cbe103d618a308db6058729e8e7d67d0b1790796a20,0,0,0,train,train,0
singleton_0780,singleton,RLVS,NonViolence/NV_947.mp4,7a00f7cf3d1d5fdc3bbf6eab0cf2066fc8b6543099dca3f0752b9fd37f9eadb6,0,0,0,train,train,0
singleton_0781,singleton,RLVS,NonViolence/NV_948.mp4,8335727084f3c9ad4180e3e40b0eac81ab4644a184ee41e7aac3ce1ec7f8fe00,0,0,0,train,train,0
singleton_0782,singleton,RLVS,NonViolence/NV_949.mp4,a948ff5c7762e1c1cdf8d4117f55b3f19053063c2cdf989d54703e411b173415,0,0,0,train,train,0
singleton_0783,singleton,RLVS,NonViolence/NV_95.mp4,e6d3fa2fcd67c0bcf1f101c8bd5824ae104d17b9c536077940698f217e19938c,0,0,0,train,train,0
singleton_0784,singleton,RLVS,NonViolence/NV_950.mp4,bdd57259ae625fca754e62b32e93d64315eca617ad04820c8cedb4cc1c65e1eb,0,0,0,train,train,0
singleton_0785,singleton,RLVS,NonViolence/NV_951.mp4,3c203ae90fb86df8b25765f6f58575980afbc8df7d8f68d08abaf42443aee28a,0,0,0,validation,validation,0
cluster_0037,perceptual_near_duplicate,RLVS,NonViolence/NV_952.mp4,24c5975667d168350378867a5da592005e9c113a877d33f4a71e992821e3bc3e,0,0,0,validation,train,1
singleton_0786,singleton,RLVS,NonViolence/NV_953.mp4,26d4ecdd07205a7797934be233989a407866770c6699ade128ab81fd52d6593b,0,0,0,train,train,0
singleton_0787,singleton,RLVS,NonViolence/NV_954.mp4,892445734512742cfc6ae8280c97e71045374ae9996aa78188c5a3fe23b29f8a,0,0,0,train,train,0
singleton_0788,singleton,RLVS,NonViolence/NV_955.mp4,f8d7e2f8866e8c2f01f85e27d382c84bd5aac97c6dfabe3b93a3e9e5d23487c7,0,0,0,train,train,0
singleton_0789,singleton,RLVS,NonViolence/NV_956.mp4,fa75dd496cb1e4814c9244ae00e82fb8c1e166efea9eef580d50d43b52ac0f72,0,0,0,train,train,0
singleton_0790,singleton,RLVS,NonViolence/NV_957.mp4,60d86adf640eeb35efe3f97b1c66ac0ffcfd5244e7e6508c220a4f71a3e2fe70,0,0,0,train,train,0
singleton_0791,singleton,RLVS,NonViolence/NV_958.mp4,4350aff949588e15db02d8530ad0fcb68da719a423dd296ec315df90299e915f,0,0,0,train,train,0
singleton_0792,singleton,RLVS,NonViolence/NV_959.mp4,3ce691d50bd78fb4023a0ae33099f80eac56c2f00fd440a04f2ffb1e38d0ced6,0,0,0,train,train,0
singleton_0793,singleton,RLVS,NonViolence/NV_96.mp4,19090b81f26d35bd1fc6710222839f4b312fd8bbd06b24a33a7fd37b6f2fb61d,0,0,0,train,train,0
singleton_0794,singleton,RLVS,NonViolence/NV_960.mp4,1283dd0b8f8b8321f3f226acb6a2e93a6eebebf028981c55e8450b58ff9fc450,0,0,0,train,train,0
singleton_0795,singleton,RLVS,NonViolence/NV_961.mp4,8df01229abf6d4058db0e08d55e2d59c299055a28114123dd8908c15cb388b08,0,0,0,train,train,0
singleton_0796,singleton,RLVS,NonViolence/NV_962.mp4,e286ec71cf2d3f8506ce6bcf54e03c85bc6e8ef71ff329d4e241e06bdbc27be0,0,0,0,train,train,0
cluster_0167,perceptual_near_duplicate,RLVS,NonViolence/NV_963.mp4,91e6be304b705136289d8b701f6e8aea0cc00d9333de85883f2a87bf7d3f37cb,0,0,0,validation,validation,0
cluster_0167,perceptual_near_duplicate,RLVS,NonViolence/NV_964.mp4,beecda8d08c23a881f810189a8e5ac1458ef691fa2dc361826b52efd7b60cd54,0,0,0,train,validation,1
singleton_0797,singleton,RLVS,NonViolence/NV_965.mp4,4d7ba2818039cc9b5268a19eba7caa27b6b431d41ba7d73524ac31dc57f6e829,0,0,0,train,train,0
singleton_0798,singleton,RLVS,NonViolence/NV_966.mp4,290107656a40bbe6132ba530cb9b1b6f437e8af261d1366b48fcd68af8f7e1fc,0,0,0,validation,validation,0
singleton_0799,singleton,RLVS,NonViolence/NV_967.mp4,3e29dcb0512f9761fe5b68ec7a17a206b0e67a089c2bd3a1577879de89a3038f,0,0,0,train,train,0
singleton_0800,singleton,RLVS,NonViolence/NV_968.mp4,30ce39824183dd7100caf330b5a6283266c8d98ae0e322b2b3e19a8345a664ac,0,0,0,train,train,0
singleton_0801,singleton,RLVS,NonViolence/NV_969.mp4,95a2048b613b67396d3cf35ddc50d9b73337ae5571abaed85d760bbbce092a85,0,0,0,train,train,0
singleton_0802,singleton,RLVS,NonViolence/NV_97.mp4,e29ed4ad0f76c839330ca7ed87f68b72318ba4f6e0550c68502e60563cec7c91,0,0,0,train,train,0
singleton_0803,singleton,RLVS,NonViolence/NV_970.mp4,e9bc045ed2b480d78aaec416a8045d7f26bffb4ffca75c5402068bfb964b350d,0,0,0,train,train,0
singleton_0804,singleton,RLVS,NonViolence/NV_971.mp4,ae47b18276c52b6a458d211d1d28a595bb15f9ba350a0f8608d16a5c0522990e,0,0,0,train,train,0
singleton_0805,singleton,RLVS,NonViolence/NV_972.mp4,1d2729a4059ecc14fc891ab29ddd6ef92b830f4fd3e44b162b82d4a56138c8c1,0,0,0,train,train,0
singleton_0806,singleton,RLVS,NonViolence/NV_973.mp4,df8f740a866545b542ccfb6d22a3215471a88dc5eff2ad34bc34f86f786f7155,0,0,0,test,test,0
singleton_0807,singleton,RLVS,NonViolence/NV_974.mp4,c530414527a38aa1b5546732d0ff9d68de6fffee7194ee52b2e35f704e6dad43,0,0,0,train,train,0
singleton_0808,singleton,RLVS,NonViolence/NV_975.mp4,b32e1d39618ddfd86dab79ec47606a1d2a052ab3a903550edb7fcb74ca56b54a,0,0,0,train,train,0
singleton_0809,singleton,RLVS,NonViolence/NV_976.mp4,ae1cd6f553db7fba415e8a5db94257510a92488ea11c32a592dffd08c4c5dbb3,0,0,0,train,train,0
singleton_0810,singleton,RLVS,NonViolence/NV_977.mp4,1c3933c0269c91d2ddf9f6294a32befa12599a9e59425e71531c8cd513f7d6e6,0,0,0,train,train,0
singleton_0811,singleton,RLVS,NonViolence/NV_978.mp4,1f3ebfb9ec43c2d2ad8a9eebeb5cba735d6a79f855fa4039e6f12d1e5c49b66d,0,0,0,train,train,0
singleton_0812,singleton,RLVS,NonViolence/NV_979.mp4,b50c1b7360360c80c17ca67097ae7053f08b48776ec7af17463957e924e44ff3,0,0,0,train,train,0
singleton_0813,singleton,RLVS,NonViolence/NV_98.mp4,f123896fb85cf0bec8bbc578e647743c06d6a97cb119272ba89b65512dd36f87,0,0,0,test,test,0
singleton_0814,singleton,RLVS,NonViolence/NV_980.mp4,dad473c94bc369fc301fb584aec2d840bcf4d3b96824ee01aac83447a9a6499d,0,0,0,train,train,0
singleton_0815,singleton,RLVS,NonViolence/NV_981.mp4,32ae198218e378eff4e250a4685336d98b0888062c144d433e7c81388bed786c,0,0,0,test,test,0
singleton_0816,singleton,RLVS,NonViolence/NV_982.mp4,e234eca52af159bd8946c9635e4bce6bf26d20fc48c6897c0c1c5f7ba586178a,0,0,0,train,train,0
singleton_0817,singleton,RLVS,NonViolence/NV_983.mp4,3a54d5c65602005fa101933deb26776173c14781fcd3e5572e72c3dda1c64c4c,0,0,0,train,train,0
singleton_0818,singleton,RLVS,NonViolence/NV_984.mp4,e5a7f08e265af63856b452631f8e210e27118788d046ae3498da27bd363a8311,0,0,0,train,train,0
singleton_0819,singleton,RLVS,NonViolence/NV_985.mp4,062b72c19d1e18291027a8fb67ef5ad175a3cdd1337d5f8dd5932ec9fe8b6961,0,0,0,validation,validation,0
singleton_0820,singleton,RLVS,NonViolence/NV_986.mp4,15f53dffe624e415c99a1e030c7e59962d89df46ae16a11cfe21262cceba5b2a,0,0,0,test,test,0
singleton_0821,singleton,RLVS,NonViolence/NV_987.mp4,32e9a506f0172c1cdf9560d7c02ecf3c3c95694801cc4363011b3c6420b18cf7,0,0,0,train,train,0
singleton_0822,singleton,RLVS,NonViolence/NV_988.mp4,80b3b2661a3475ce2e430dcd2b6f7b05a8b9d004600d27e440326b8eb5b2ece7,0,0,0,train,train,0
singleton_0823,singleton,RLVS,NonViolence/NV_989.mp4,9586aa1746034a058ac952461348234db8af961f70d7eea2fdf515bab11ef9c0,0,0,0,train,train,0
singleton_0824,singleton,RLVS,NonViolence/NV_99.mp4,ad4024b3913b7917f811f19d67f86d22d4d0a1a8684468197a1d1f1f9d6562b5,0,0,0,test,test,0
singleton_0825,singleton,RLVS,NonViolence/NV_990.mp4,d4df3d6ccc444803ad40c5147e2df4c599cc4b03f2a3e964b245cd96ec7b60c4,0,0,0,test,test,0
singleton_0826,singleton,RLVS,NonViolence/NV_991.mp4,b24068ea287cb7d8f08c690cd59df2d0ae637d1ccf1270a5e3d6dad28911f849,0,0,0,train,train,0
singleton_0827,singleton,RLVS,NonViolence/NV_992.mp4,2626cf9d83d1ca104999839e50a9edc44d319196797902deebb3b17d3b6f56a2,0,0,0,train,train,0
cluster_0168,perceptual_near_duplicate,RLVS,NonViolence/NV_993.mp4,0f3e37ab800c79b6a41ce673382c4acc2f65afd60ecff18b95aa4e70f650dfd7,0,0,0,validation,validation,0
cluster_0168,perceptual_near_duplicate,RLVS,NonViolence/NV_994.mp4,c7b709e0bfcc18bdfbbe1d60c7327dc6c00d1272aad8bc5914105dbedfa5b522,0,0,0,train,validation,1
cluster_0064,perceptual_near_duplicate,RLVS,NonViolence/NV_995.mp4,c5035202acb686b79b7d23d60f342c65aac73819ff427e0f0d8a910ac89a9404,0,0,0,train,train,0
singleton_0828,singleton,RLVS,NonViolence/NV_996.mp4,24d3f031d6fe4e218402fd6a092e6fcb41e4b6ce520231d80aa6461cf46d8312,0,0,0,train,train,0
cluster_0064,perceptual_near_duplicate,RLVS,NonViolence/NV_997.mp4,be9597c01ce4a21cbf59f4719ac3ab87b9b6389bae1dc4811e673f4a2e48f5c8,0,0,0,train,train,0
cluster_0064,perceptual_near_duplicate,RLVS,NonViolence/NV_998.mp4,9cbbbd7bb6ddc23bf3b1d3aa6350ce82f1d237ff9b26cf806f8209ecd0a1fa43,0,0,0,validation,train,1
singleton_0829,singleton,RLVS,NonViolence/NV_999.mp4,0b867b8b2a34ca591f879c01af23b0c8894081657559be0eebaeb2338609c082,0,0,0,validation,validation,0
singleton_0830,singleton,RLVS,Violence/V_1.mp4,a75a8c99de27cb447c0d9cfafc6172f155631f31eb49565620185ad87542bc97,1,1,0,validation,validation,0
singleton_0831,singleton,RLVS,Violence/V_10.mp4,2534aba2587a6b0bde8ce1d8756c5a7891bc51a0dfdf4c22c1f6115f71b790d9,1,1,0,train,train,0
singleton_0832,singleton,RLVS,Violence/V_100.mp4,396196c1afc5c6055d07073ef0dc5ec3294eceace6f4813058694b2c7d5119be,1,1,0,train,train,0
singleton_0833,singleton,RLVS,Violence/V_1000.mp4,41142ab86a7e0d07be1af1a9d359430d1eb4f4cd7e968811ea02f2d4ffd78526,1,1,0,train,train,0
singleton_0834,singleton,RLVS,Violence/V_101.mp4,71efc82fa6ea0483f4410efd3040462e67a91e51c2e170793c89542a69e93be9,1,1,0,train,train,0
singleton_0835,singleton,RLVS,Violence/V_102.mp4,6f661a0b0b2de8aebb060f487b7b2f00fe415e02086cff6e1fe85713cb7de40b,1,1,0,train,train,0
singleton_0836,singleton,RLVS,Violence/V_103.mp4,f9affb7ff646c66ee54ce5584d90c44f2255758c1e4ca5ba81748995f00ffab3,1,1,0,test,test,0
singleton_0837,singleton,RLVS,Violence/V_104.mp4,4b3006687ac414641fe4a04fce0ee78049101934c871ed9627762dfb3db7cd01,1,1,0,train,train,0
singleton_0838,singleton,RLVS,Violence/V_105.mp4,2b39606cd7b510ce18eaebad38ded39753dffadbd3ea501ce465c691b80b315e,1,1,0,validation,validation,0
singleton_0839,singleton,RLVS,Violence/V_106.mp4,953da36ce84576b9047082a2446ed2eb96417014cbfc4619f6d65f6b1fa38c29,1,1,0,validation,validation,0
singleton_0840,singleton,RLVS,Violence/V_107.mp4,977fb9cce3942ae7a95168a1fe69ffd46f75ed75a84ee88006ee9a84b33e9d46,1,1,0,train,train,0
singleton_0841,singleton,RLVS,Violence/V_108.mp4,6b02930394f63e82863ef882782a7d1e0a97900bbdd6edbc0c453eab59164bfa,1,1,0,test,test,0
singleton_0842,singleton,RLVS,Violence/V_109.mp4,daa89098104d4968b66f82fc44fb26fff61ce409f5b34194c0be95dfe0ce6fdf,1,1,0,train,train,0
singleton_0843,singleton,RLVS,Violence/V_11.mp4,07f4a29a6b99829373ccc222a5232a4c248c019119393a332ba39c06dfe7ca84,1,1,0,train,train,0
singleton_0844,singleton,RLVS,Violence/V_110.mp4,6bda2dbf027d9cfaf81552d35500114cb7ff12f94a93fce5974c31c237f209ee,1,1,0,train,train,0
singleton_0845,singleton,RLVS,Violence/V_111.mp4,b34b31d9bd53b001ae13610d68f230fa372048d766488108be853493b86e8edc,1,1,0,train,train,0
singleton_0846,singleton,RLVS,Violence/V_112.mp4,6911bb8de17e5293a2ec3217ed668a597ad777b4480e44e9084d032efb5380c0,1,1,0,train,train,0
singleton_0847,singleton,RLVS,Violence/V_113.mp4,4f27a4a17c55fcc812fccb78ee5cde3c61512cbb5706ccd17932c186e7683d86,1,1,0,validation,validation,0
singleton_0848,singleton,RLVS,Violence/V_114.mp4,55b619f6536418d89dbdea19a7b4804347d7fd469462ef05c453dcd17488cff0,1,1,0,validation,validation,0
cluster_0120,perceptual_near_duplicate,RLVS,Violence/V_115.mp4,d26fdce8835dff2a471cff7d9effdf2dafa81b3b457ae2a5881558a4dd5d8fc3,1,1,0,test,test,0
cluster_0120,perceptual_near_duplicate,RLVS,Violence/V_116.mp4,a4694e0a9fb999171a2c9ce51fa8216318b1be9214970bf80f047cbeaf699ee3,1,1,0,train,test,1
singleton_0849,singleton,RLVS,Violence/V_117.mp4,3e1a88a09f03f5c761b6e5bc47f264a3df3862e9daf07c02fe12682a1ff421ce,1,1,0,validation,validation,0
singleton_0850,singleton,RLVS,Violence/V_118.mp4,414dbb8bf8eff4bda74fee41250d4b2c500f0f464b0fe0353fa5a4993f663837,1,1,0,train,train,0
singleton_0851,singleton,RLVS,Violence/V_119.mp4,963e364ae302aec9cc6bb2fa0ad3fd0a7465098192b613fe92a1ebfefe35fda1,1,1,0,train,train,0
singleton_0852,singleton,RLVS,Violence/V_12.mp4,547bac71ade0e7f79573fa9b9df1de9b909ba5619ebc38d103cc37864cf1f062,1,1,0,train,train,0
singleton_0853,singleton,RLVS,Violence/V_120.mp4,9bb7f118fa2ca27da7d17bf109869f269553b03d3bef57f15772a9af1c82e4da,1,1,0,train,train,0
singleton_0854,singleton,RLVS,Violence/V_121.mp4,a305c7df0d06dfa65ec582d39d2f5d05f33742a247867949d81528a222da86f2,1,1,0,validation,validation,0
singleton_0855,singleton,RLVS,Violence/V_122.mp4,0a7691a7a314056eb961cac5114c85f8a9d735d3034e9a05ed35945c720fc67d,1,1,0,test,test,0
singleton_0856,singleton,RLVS,Violence/V_123.mp4,df29e10f486060a4f9099dfb59c8274c91ac79e5c9595c4e25c95ec02d6b54b3,1,1,0,train,train,0
singleton_0857,singleton,RLVS,Violence/V_124.mp4,89f3ff5db3c9d7a70436de519c37cf032a89b438bae6783d67acb77810f7c65a,1,1,0,train,train,0
singleton_0858,singleton,RLVS,Violence/V_125.mp4,33dd2c21c99c1c6d9941331feccd28927869dfddcb7c58d0a9eecb03bb26125e,1,1,0,train,train,0
singleton_0859,singleton,RLVS,Violence/V_126.mp4,42bd37725b58b75ebb83c029d0337ab58aff0f3174fd0e50df7bb9afc654bee2,1,1,0,train,train,0
singleton_0860,singleton,RLVS,Violence/V_127.mp4,daaaec9425c93c747def3f74a56cadb873bd957a11b39cb4daf20aba18a012d9,1,1,0,validation,validation,0
singleton_0861,singleton,RLVS,Violence/V_128.mp4,cf10a14b4539e9ce6b6fa30985d3c349552b4b3094a69c81b3ac215cb7aa391c,1,1,0,test,test,0
singleton_0862,singleton,RLVS,Violence/V_129.mp4,1e2b31999942fd9726e43a437b37b1f4771893d33c67e3a8ce70e11d47b6b034,1,1,0,train,train,0
singleton_0863,singleton,RLVS,Violence/V_13.mp4,e5fefedd2a0ff663e52a4a3ea59ad291175bab557be63c1b88fb8445dfffbf9f,1,1,0,validation,validation,0
singleton_0864,singleton,RLVS,Violence/V_130.mp4,a87d4dfef6bd0190498e15fb4497ad96c9c53a9e884d6f9120192614a6340943,1,1,0,train,train,0
singleton_0865,singleton,RLVS,Violence/V_131.mp4,522aad2d3b8ab427fe6215e3fdda53b21028aeff481640aa17871467b6001346,1,1,0,validation,validation,0
singleton_0866,singleton,RLVS,Violence/V_132.mp4,9a4b0a1a9f6f23238c0d2f671211913a23e4f5eb1da06eca45bb6f0988521f92,1,1,0,test,test,0
singleton_0867,singleton,RLVS,Violence/V_133.mp4,e1ecddaa0dc5118ddebe12a0252975c7881ce866d123a79e57cf74ec97fc7f60,1,1,0,validation,validation,0
singleton_0868,singleton,RLVS,Violence/V_134.mp4,7deb7f2c24601cc556f7073e5d2cd68c7f8302f0b9199c66e6e525d5a179dab6,1,1,0,validation,validation,0
singleton_0869,singleton,RLVS,Violence/V_135.mp4,8e03fc36bf98e9e38f9c3694ced5b0390938e4ea2ed1e112d78831f932949b56,1,1,0,validation,validation,0
singleton_0870,singleton,RLVS,Violence/V_136.mp4,b0224cb01f90b15b555c60eda9d0ab1e33d78337b37b2f0f778ce063e2ed6eb0,1,1,0,train,train,0
singleton_0871,singleton,RLVS,Violence/V_137.mp4,72f16238d36197ebd07f829899c5e5d309fedb11c1139586efa040b1aa0092a9,1,1,0,train,train,0
singleton_0872,singleton,RLVS,Violence/V_138.mp4,964e3d5b0043e9bb38af96492d10dd9eeb43e87b6b6ace7474d3a5e914951acd,1,1,0,test,test,0
singleton_0873,singleton,RLVS,Violence/V_139.mp4,bfd15347d0f64fa7ae451f3e39ab98e62660acd9cf687e29e454b9a3e62640f6,1,1,0,test,test,0
singleton_0874,singleton,RLVS,Violence/V_14.mp4,5d41daaa8c55e6afd5453ab296cf71f7696a54a46ba1bfed2377a0358f3d30c8,1,1,0,train,train,0
singleton_0875,singleton,RLVS,Violence/V_140.mp4,153e4d7907e0bb7531754381f8452565b8c11bd064ff04a1dc9673fd6819d05d,1,1,0,train,train,0
singleton_0876,singleton,RLVS,Violence/V_141.mp4,dc46ad44b855009408a0ee4db1596907f94c1cd701532995d76260a6af7b8741,1,1,0,train,train,0
singleton_0877,singleton,RLVS,Violence/V_142.mp4,d4026b59ae8b70b05278bfb294f34ce2d4e59f725d4c2efeabf5a2a3d1cc68b4,1,1,0,train,train,0
singleton_0878,singleton,RLVS,Violence/V_143.mp4,f11ae77b6a5e76a1c7e26940cb92be72c1f254582be04da1db98452228b2b05d,1,1,0,train,train,0
singleton_0879,singleton,RLVS,Violence/V_144.mp4,ed9bb5afed7c03cc619a1431c6f88a55bf3a461915e8c718317250159e70b7a5,1,1,0,train,train,0
singleton_0880,singleton,RLVS,Violence/V_145.mp4,46873ec77875695d9ade0cfa92a5724859731885db47b06ddae7ab9cf7d5b801,1,1,0,train,train,0
singleton_0881,singleton,RLVS,Violence/V_146.mp4,133d6d6717b3291af7ef05caaa8fdffb97522915dc090d9679ee7259258a4836,1,1,0,train,train,0
singleton_0882,singleton,RLVS,Violence/V_147.mp4,828d0ebfa952453a080b669cc59f82b5132182ece99b845c93dc7c5eb17eddbe,1,1,0,train,train,0
singleton_0883,singleton,RLVS,Violence/V_148.mp4,72125250aed9ce7b2c245688a2b4ab0bb5614ced6cbf0f560d29a331a6150461,1,1,0,train,train,0
singleton_0884,singleton,RLVS,Violence/V_149.mp4,5aec61416cd315264408d9f52fb25e14bdfc9885b61eae39b59cfdfa00ae080e,1,1,0,train,train,0
singleton_0885,singleton,RLVS,Violence/V_15.mp4,0826d2f1484fd21c0ee57dcefd5c83097d69d3cb8409f39daf93fffa5ed5d16f,1,1,0,train,train,0
singleton_0886,singleton,RLVS,Violence/V_150.mp4,591f0fb045ce8866b6c4a0fb57ab79b0e72b87a6de29415ec2e97f8502edcd7d,1,1,0,validation,validation,0
singleton_0887,singleton,RLVS,Violence/V_151.mp4,aed026daec43834b40f6828a31100449b7af998bd7ddd5a3659982df3c3d3234,1,1,0,validation,validation,0
singleton_0888,singleton,RLVS,Violence/V_152.mp4,adb555b9a6f8ef5786dabbdd1e865431a7e9d1d3065625060ff3b9a7e6fc22ba,1,1,0,train,train,0
singleton_0889,singleton,RLVS,Violence/V_153.mp4,6e5df00186923938048226434ee365c4fd61fff9341acdab2d597b694f1b6be2,1,1,0,test,test,0
singleton_0890,singleton,RLVS,Violence/V_154.mp4,a7b4cbd4ece7f7a53fee56a580235e3b4d58805eaec169612cc4deee317c3523,1,1,0,test,test,0
singleton_0891,singleton,RLVS,Violence/V_155.mp4,17a57a0019f433684596bf75e8395c594b7888ea48e5f8e1eb84c7df1d7def58,1,1,0,validation,validation,0
singleton_0892,singleton,RLVS,Violence/V_156.mp4,07ab80c8ce37a7da0db64d40acd2c9ed5687c134fe46d26105cfa930b671f3ee,1,1,0,train,train,0
singleton_0893,singleton,RLVS,Violence/V_157.mp4,01fd84071a9e892c4ede94fe78d3e4f62d02067f77168f3dddfc814c23103b40,1,1,0,train,train,0
singleton_0894,singleton,RLVS,Violence/V_158.mp4,3c60a6f3d36c9a198905c8257ec118838494f7f7d83b4473b88604bd82fd78a8,1,1,0,validation,validation,0
singleton_0895,singleton,RLVS,Violence/V_159.mp4,f0cc98b3f8d868ed6af8e0c78bf650d7332baac5c1bb93ddca8d9ea6f6d9c079,1,1,0,test,test,0
singleton_0896,singleton,RLVS,Violence/V_16.mp4,d1a269272c03a9185cd81f5f4e20fc0c5d70fb5618f55753ec2ebca8bdf9255d,1,1,0,train,train,0
singleton_0897,singleton,RLVS,Violence/V_160.mp4,6347a4cbe4dcc44c9377d6039a493cd1e0ec5c727ed47c50d60b1117a9a1f97e,1,1,0,test,test,0
singleton_0898,singleton,RLVS,Violence/V_161.mp4,e3a730ae4279e380286e935428604ee8e5c665f571e935180f45c2d09b6c34f3,1,1,0,train,train,0
singleton_0899,singleton,RLVS,Violence/V_162.mp4,ee1d0831df8f904c642bb9496ab8787704f75f4a02dc3986ed843d441a282f2a,1,1,0,train,train,0
singleton_0900,singleton,RLVS,Violence/V_163.mp4,fcff55a63ffb5f6908aa18db2afe3c44cc6b0f62d010c585b698f54373c2f5a8,1,1,0,train,train,0
singleton_0901,singleton,RLVS,Violence/V_164.mp4,ebd9d8071b1f1d41b2a701dd91f7359363c4830771f02de72d52c7a448e8ec8e,1,1,0,test,test,0
singleton_0902,singleton,RLVS,Violence/V_165.mp4,7b8ce65708dfc41c286dbea20549b5fcb27de802959d90255ed95caae4e73785,1,1,0,test,test,0
singleton_0903,singleton,RLVS,Violence/V_166.mp4,76269140f93ef5a316d9c7e4c2f7e5c282be4a2f1995aaee195d927ae3ec18b1,1,1,0,test,test,0
singleton_0904,singleton,RLVS,Violence/V_167.mp4,b0a2c517a3422149bee00a802d1b7eebe97b5c91690aded6e48e3da85cfa46e6,1,1,0,train,train,0
singleton_0905,singleton,RLVS,Violence/V_168.mp4,cf8b04265e9876f1e545988ea9fa1466f78c5bf6800646ee01bce30748f5c198,1,1,0,train,train,0
singleton_0906,singleton,RLVS,Violence/V_17.mp4,c29e41ac8228d2d30ffd289d25b67434449d1e7bd79065d2b650b03ffbb014a0,1,1,0,train,train,0
singleton_0907,singleton,RLVS,Violence/V_170.mp4,5db82078b4704021947d353536d74e5f4fcc80246bf5607094803e4e615997c3,1,1,0,train,train,0
singleton_0908,singleton,RLVS,Violence/V_171.mp4,ae20c9261ddf1200e34c7e99867448ae09dc3320fad4efee4edeb1afd77b2e84,1,1,0,train,train,0
singleton_0909,singleton,RLVS,Violence/V_172.mp4,23fb4b8e7d0c4b501949bbd17650a7ce344ea178f368318ac9a5b102b1d19010,1,1,0,train,train,0
singleton_0910,singleton,RLVS,Violence/V_173.mp4,200bf423400511191b290e8afca76653de3253934a0b309af285ef9f1a156b87,1,1,0,train,train,0
singleton_0911,singleton,RLVS,Violence/V_174.mp4,c412c75d8b319ab1dbe2f73c607e9d298d33d196c608d602d1ac3c49279efe5d,1,1,0,train,train,0
singleton_0912,singleton,RLVS,Violence/V_175.mp4,c1a6bd7cbfacee52a0e8bc3a8710f0ada5a599be9cbbb78bedb57ac692fd44b7,1,1,0,test,test,0
singleton_0913,singleton,RLVS,Violence/V_176.mp4,61c38b11a9425c313e8508157d7816d020ea5a7af0ebf371b1cf201e51d2f82c,1,1,0,train,train,0
singleton_0914,singleton,RLVS,Violence/V_177.mp4,ab83d3000c482763d6d5874780a9ea7f36122b6eeccd33befe2a9e3e866c95ce,1,1,0,train,train,0
singleton_0915,singleton,RLVS,Violence/V_178.mp4,4f9dfd951c69fc54f11cb00d607da46fa019e192f7bfecbfba439d136432f61e,1,1,0,train,train,0
singleton_0916,singleton,RLVS,Violence/V_179.mp4,170d444adbdd89e655c5e68e34b5095f18256f07b038813af362f8064d6f7622,1,1,0,test,test,0
singleton_0917,singleton,RLVS,Violence/V_18.mp4,375953e92793c51647f6201f9a133e8110d6a5811a4646669733d2ad96160c86,1,1,0,validation,validation,0
singleton_0918,singleton,RLVS,Violence/V_180.mp4,57cf419036a3823b6d599d8f546cccda29c223abea03b2e1ed3f607b25a38117,1,1,0,train,train,0
singleton_0919,singleton,RLVS,Violence/V_181.mp4,cf94663336f49e366cb6672d28ec4c5d707e390c0d9ae2125a46bc217592461f,1,1,0,train,train,0
singleton_0920,singleton,RLVS,Violence/V_182.mp4,eacf671726323182399b3a861deb746299b2fb98cd918cbb4a182196e2c88a20,1,1,0,train,train,0
singleton_0921,singleton,RLVS,Violence/V_183.mp4,3a9e7aa7eedf7dea2c4e2de9d6a80006f2fd5c2307b74b87106a5041d0c39ac5,1,1,0,train,train,0
singleton_0922,singleton,RLVS,Violence/V_184.mp4,fd343be87259c0b405168275edb60fa8eff78f95a6ea023b69580df10aa774a2,1,1,0,test,test,0
singleton_0923,singleton,RLVS,Violence/V_185.mp4,cdd0ec83cd9a19dc0aa79c8e2e314ecf1e69e7349cc287d15e04ac56f9514850,1,1,0,train,train,0
singleton_0924,singleton,RLVS,Violence/V_186.mp4,1d0e33d32e6a61112af2b762d833b0e61199b7acbe1b9b9d7984845eaed03f8b,1,1,0,train,train,0
singleton_0925,singleton,RLVS,Violence/V_187.mp4,697adf8c1542a01273217d8ef41f576c5798713544a59ac7cf03126049294ac0,1,1,0,train,train,0
singleton_0926,singleton,RLVS,Violence/V_188.mp4,a63769fc24c92f5950c4c4be0c95222e728bf789c039d5b538fef9d859eaa8e5,1,1,0,train,train,0
singleton_0927,singleton,RLVS,Violence/V_189.mp4,f2b73002853d4bebf21f114c6d00fb2bab479a73281035c064a7b8072084aa2c,1,1,0,test,test,0
singleton_0928,singleton,RLVS,Violence/V_19.mp4,f1ce232200268ea8ec6ff2b5eda9d23a66b8e16f4d2ed738150433bfb03ea903,1,1,0,train,train,0
singleton_0929,singleton,RLVS,Violence/V_190.mp4,96980de42112b2cda5edf663f78b427a871bf41ee56b490a63c3689218c180c0,1,1,0,test,test,0
singleton_0930,singleton,RLVS,Violence/V_191.mp4,0956b3c5683927b000bd580d6961fac7bd7f90f5acc3db24dc0c5539ed809a5a,1,1,0,train,train,0
singleton_0931,singleton,RLVS,Violence/V_192.mp4,210078aeba9b4a5d3599b32d02d89739e0c869599ff56d9ae67ea62b5f880d8c,1,1,0,train,train,0
singleton_0932,singleton,RLVS,Violence/V_193.mp4,7c62d6b39fca7541b51d02b5665a2a4c6bcbecaddffc091b9ff882e4eeeb29d2,1,1,0,train,train,0
singleton_0933,singleton,RLVS,Violence/V_194.mp4,614b09583ac5bf4fa2f6aef6c2daf08678e90a6604acaade5f2f363b9bb6091d,1,1,0,train,train,0
singleton_0934,singleton,RLVS,Violence/V_195.mp4,9cc2b7b0cafef32dde07b39b88e08a1f08a623375536e92ceda0f269af33e372,1,1,0,train,train,0
singleton_0935,singleton,RLVS,Violence/V_196.mp4,ac51a84388a734d7723a108fd106057da8025f0144d0efc25a1562849ca02ceb,1,1,0,test,test,0
exact_sha_group_0003,exact_sha256,RLVS,Violence/V_197.mp4,cbee54f8cbcc7111e84702089e5a33f82fddc9d854a52b767b5374bffb878273,1,1,0,train,train,0
exact_sha_group_0003,exact_sha256,RLVS,Violence/V_198.mp4,cbee54f8cbcc7111e84702089e5a33f82fddc9d854a52b767b5374bffb878273,1,1,0,train,train,0
singleton_0936,singleton,RLVS,Violence/V_199.mp4,26ed5565f9e6f383fcce80f7686688666a5399af5a04200da049b7de516d9ac8,1,1,0,train,train,0
singleton_0937,singleton,RLVS,Violence/V_2.mp4,a3c02d9edb9f0f877900bfffb4195990fed6e689f847e403308f1024986e7c1b,1,1,0,train,train,0
singleton_0938,singleton,RLVS,Violence/V_20.mp4,0322b85a501a0f4cdc8a9531f6c6cf8f29e8470c97b0a5624bee3092151e9b1c,1,1,0,train,train,0
singleton_0939,singleton,RLVS,Violence/V_200.mp4,b4337cb714065bc7dcd88b7e0aea425d16c529fdf4ac1758d6067d57fcbdf626,1,1,0,train,train,0
singleton_0940,singleton,RLVS,Violence/V_201.mp4,47012802b1a97f47742efd61ab0a2601e6f79e2a776184bd16a9a2f605cd13ef,1,1,0,train,train,0
singleton_0941,singleton,RLVS,Violence/V_202.mp4,6da287c4db8e75b8b1745e6d029445817343c832159b8f0bcbf543d3073a6a73,1,1,0,train,train,0
singleton_0942,singleton,RLVS,Violence/V_203.mp4,720b0bb2127bf8baca14d4316c96f7abc7abe0dfc8cbc49d29660782b18ca04b,1,1,0,test,test,0
singleton_0943,singleton,RLVS,Violence/V_204.mp4,62afedf1388c0a270f9f30ab192d6440285f18d423e0e2407be96a38d4498f21,1,1,0,train,train,0
singleton_0944,singleton,RLVS,Violence/V_205.mp4,94739f99130b64687b931d455c827d88e8a6ecd1aa96451864999c27a77861c0,1,1,0,train,train,0
singleton_0945,singleton,RLVS,Violence/V_206.mp4,44bda7e3052c4ccf70a10df0cb090150b769393c070271a385f1108622b88463,1,1,0,validation,validation,0
singleton_0946,singleton,RLVS,Violence/V_207.mp4,d60b2f834a662c1a86edcba02aa07e64f4a9d958aca45c10d06d7be8a7e8d4c9,1,1,0,train,train,0
singleton_0947,singleton,RLVS,Violence/V_208.mp4,5576afaa9d544fa05570e17ba15ce43f69d34a7e0868c296cbbb0b6fa7abed10,1,1,0,train,train,0
singleton_0948,singleton,RLVS,Violence/V_209.mp4,951dc89e0ebbb14c87318df17d22d2b72b4fb0e96e96c0de238690c023c67470,1,1,0,train,train,0
singleton_0949,singleton,RLVS,Violence/V_21.mp4,58e639729ee609468a5ea1509d2ca15689a6ef9d582b0c9f78b87017cd7b617c,1,1,0,train,train,0
singleton_0950,singleton,RLVS,Violence/V_210.mp4,53957bba1a4989098fe04410093daa6c07d82b8410c60d43b76702fad2d315c9,1,1,0,train,train,0
singleton_0951,singleton,RLVS,Violence/V_211.mp4,de5c0d025f28122c051d95db603b962e545c5ab0c5ee7ffa69b6b516a2f2c291,1,1,0,train,train,0
singleton_0952,singleton,RLVS,Violence/V_212.mp4,73bbe53a4188257174401deb4e33090a6dbc99efa9958e1bd687842e1efd3396,1,1,0,train,train,0
singleton_0953,singleton,RLVS,Violence/V_213.mp4,e12fb68771d3be5cbb5d2d65c8d3c2dde816673a2febf2ca4203c2afacc23b9e,1,1,0,train,train,0
singleton_0954,singleton,RLVS,Violence/V_214.mp4,345aafd01d4297acc00b8d0d49c691311a3c199d1ca2966c153ec990328fb783,1,1,0,test,test,0
singleton_0955,singleton,RLVS,Violence/V_215.mp4,56c55be2d3f5d37b49a500c3775d88e9de4b5d9c6e4f2a80368c1ae09d179fca,1,1,0,train,train,0
singleton_0956,singleton,RLVS,Violence/V_216.mp4,0d68459720bea88c734201585828d190819002d4c3240f10c090df4ebdd1eb9c,1,1,0,validation,validation,0
singleton_0957,singleton,RLVS,Violence/V_217.mp4,63406f6117058f597f3885c5ab6036dbf97afb88b12a98efce7293bbc5f6754d,1,1,0,train,train,0
singleton_0958,singleton,RLVS,Violence/V_218.mp4,78d365ad50d1075617b553f052fc68be14f1ae0a4575c18a1c8858c4082ae433,1,1,0,validation,validation,0
singleton_0959,singleton,RLVS,Violence/V_219.mp4,bef1253730cff582a15b38b3012d1fc22f7d2d0a111e89daeecbb5cc6d64f1be,1,1,0,validation,validation,0
singleton_0960,singleton,RLVS,Violence/V_22.mp4,d1a007b5e1644dce4ec50ae497d0ef7fb0985b370614c89c157220770f974903,1,1,0,train,train,0
singleton_0961,singleton,RLVS,Violence/V_220.mp4,0caf4b4c61e9fe6486fe08e8b259f188742377e2dd2b0dfb65dea70e109af7b9,1,1,0,train,train,0
singleton_0962,singleton,RLVS,Violence/V_221.mp4,48e8b1e159d14796160c4a3fc06669f85b1b617b5b8171850403d10643d2793e,1,1,0,train,train,0
singleton_0963,singleton,RLVS,Violence/V_222.mp4,401c305f1aa3bfb7f0769f62870e3f551dc702a9d0e89b3d09fd5004e3aca47d,1,1,0,test,test,0
singleton_0964,singleton,RLVS,Violence/V_223.mp4,bfde8abfdf46368832e15ac492442fab720af596563e064aeaa2a4434ff8e322,1,1,0,train,train,0
singleton_0965,singleton,RLVS,Violence/V_224.mp4,d74a628cf7dfad4d19b9ad69fbb2adb50197d6a90dae7c04963bfcd11ce6fce6,1,1,0,train,train,0
singleton_0966,singleton,RLVS,Violence/V_225.mp4,842505da5189acb6c418fb2bb66cdbdffa55be68b433b5df4384338ba855c427,1,1,0,train,train,0
singleton_0967,singleton,RLVS,Violence/V_226.mp4,766fbdecb3d19885846afab51f9442a3bae67e288bfa6c9a87364f38251b7235,1,1,0,train,train,0
singleton_0968,singleton,RLVS,Violence/V_227.mp4,15e440ab112763d4ec005353644fe6fc4d28ccc4e42798847daa905b9aaea3b0,1,1,0,train,train,0
singleton_0969,singleton,RLVS,Violence/V_228.mp4,b407f6ae76a235749c2f3b89e8304c8bd05de04ce0493c7339b0bb6e0cbd65aa,1,1,0,validation,validation,0
singleton_0970,singleton,RLVS,Violence/V_229.mp4,fd68a399137aec8f78b8fbdf311d1913461fdb1fc1a171b2e7be4497e71fa939,1,1,0,train,train,0
singleton_0971,singleton,RLVS,Violence/V_23.mp4,ddd852b89a132dfb92a2f0b1248ac47fe9c841e28bff1cd45b326287fabcafcd,1,1,0,train,train,0
singleton_0972,singleton,RLVS,Violence/V_230.mp4,b83aa0026d412b9364b95406e53ad8730c0e1ae8aafe72513def2e9865a0608b,1,1,0,test,test,0
singleton_0973,singleton,RLVS,Violence/V_231.mp4,6201a5d69e75442a1b41e6dd5623d988b275997e7f5a9ba003d0382edc725241,1,1,0,validation,validation,0
singleton_0974,singleton,RLVS,Violence/V_232.mp4,31d87b06b9af10230cb660357000c3e0335046affe7e105211c3522fb975d46a,1,1,0,validation,validation,0
singleton_0975,singleton,RLVS,Violence/V_233.mp4,91ec49cd0c50ec5d227003096ee6839e35293904ce65532ad7207722fca2561f,1,1,0,test,test,0
singleton_0976,singleton,RLVS,Violence/V_234.mp4,0f262058670b475c6689fb60c0abd1314696013a9abd034d5ab5d7a274a6210f,1,1,0,validation,validation,0
singleton_0977,singleton,RLVS,Violence/V_235.mp4,6e0e650f65b0d9bd615c747af09da1fc39a909d675189b5fdb1891e03697742a,1,1,0,train,train,0
singleton_0978,singleton,RLVS,Violence/V_236.mp4,f09f96a5758717f4c328952c55a9bb8c523215464a631b8b7b977647aab57b9f,1,1,0,train,train,0
singleton_0979,singleton,RLVS,Violence/V_237.mp4,0c43696d699993382910ee9aa2f0080cc673dab64421a00161abd20c2a542c5f,1,1,0,train,train,0
singleton_0980,singleton,RLVS,Violence/V_238.mp4,958f83270d8a7a877b8d97ddc2a112b40fdbaa3ae1e77811ab146891c6f57cfa,1,1,0,train,train,0
singleton_0981,singleton,RLVS,Violence/V_239.mp4,a123bcedb5052a52be2cda74b07bddec8499c7d95b2cb92f8bbc2515834dbb02,1,1,0,train,train,0
singleton_0982,singleton,RLVS,Violence/V_24.mp4,2dcd0a8b4d49f10717d1d220c5df7d80c29254c1bfa4f39928a16b86f8349588,1,1,0,train,train,0
singleton_0983,singleton,RLVS,Violence/V_240.mp4,ccf99f693084fb1da92800b12b486419ea2a7f778956a6d3f2cf683f069d645a,1,1,0,train,train,0
singleton_0984,singleton,RLVS,Violence/V_241.mp4,4f21809787cbcee7ef813b60ff464ffd72317091eee847d8c50dc8775d359e66,1,1,0,validation,validation,0
singleton_0985,singleton,RLVS,Violence/V_242.mp4,50f2fc912683ed5d40daf12de39a582505b4937aad8dfd88e707ccbb85430fe8,1,1,0,test,test,0
singleton_0986,singleton,RLVS,Violence/V_243.mp4,478f0354a780e89df7e4a356d84b10fac037d7d53ab18496eaf4599203cb4f19,1,1,0,validation,validation,0
singleton_0987,singleton,RLVS,Violence/V_244.mp4,55710eca12bac630ebca9a154a93b32c70dc3523ee6279b627c05347929a221e,1,1,0,train,train,0
singleton_0988,singleton,RLVS,Violence/V_245.mp4,db734c7e489fdadb1df154d76a04f2d524baf410f79f896327eb865b95d4d733,1,1,0,train,train,0
singleton_0989,singleton,RLVS,Violence/V_246.mp4,7cf0dbf6ace642a0587a60d344b28907a986116cebad51237aa4a4abc52c8306,1,1,0,train,train,0
singleton_0990,singleton,RLVS,Violence/V_247.mp4,81a3976c11b4695da6ea6d05d3a27d022588972d3b37962b9b4c63d2eef63491,1,1,0,validation,validation,0
singleton_0991,singleton,RLVS,Violence/V_248.mp4,39c93a56eb613703a904a1a874598b8c1fce1a3bf8151ab791f3520b278015da,1,1,0,train,train,0
singleton_0992,singleton,RLVS,Violence/V_249.mp4,d9f81c8b5c774982eab82afa76ee0464d6c75bd3c165367d1558568daeb54e13,1,1,0,test,test,0
singleton_0993,singleton,RLVS,Violence/V_25.mp4,9c8eb30401e8a448be8f75b38e2268b73d0d89be42552e642a9299943db8c284,1,1,0,train,train,0
singleton_0994,singleton,RLVS,Violence/V_250.mp4,4ab15241f4dcf92878465c13113a55fca995a08b0229129dc7c4b8db85dc748b,1,1,0,test,test,0
singleton_0995,singleton,RLVS,Violence/V_251.mp4,cd4a653d22bfdc3941ccfd5477313bac5ba68522c2b9a915fc22493f935a2fdb,1,1,0,validation,validation,0
singleton_0996,singleton,RLVS,Violence/V_252.mp4,e1244bec31c94ef047bd2f093789ac47b135846d935a1c436415e8e93382e045,1,1,0,train,train,0
exact_sha_group_0004,exact_sha256,RLVS,Violence/V_253.mp4,1b66b9fde599f15cd0f438fa4f859c48f1ce46e6c5e370206a9002ab59bb0914,1,1,0,train,train,0
exact_sha_group_0004,exact_sha256,RLVS,Violence/V_254.mp4,1b66b9fde599f15cd0f438fa4f859c48f1ce46e6c5e370206a9002ab59bb0914,1,1,0,train,train,0
singleton_0997,singleton,RLVS,Violence/V_255.mp4,ba500c98fa4ebcb324df2229ef81f3a63fc8a9fd06607930e5bfc35df11a4fd1,1,1,0,train,train,0
singleton_0998,singleton,RLVS,Violence/V_256.mp4,0d41819590a36d7a8c8cf0b26525ce52b5b48e8d47802bab6fef98018bbb94d6,1,1,0,validation,validation,0
singleton_0999,singleton,RLVS,Violence/V_257.mp4,b57044640ee8f5f32095429f5f18e02196b16a2508bfd2658b6854173fb87932,1,1,0,train,train,0
singleton_1000,singleton,RLVS,Violence/V_258.mp4,5cd345abc576393aa9b267dba7634676b61d147335ac488aceacecd3a6061d5f,1,1,0,test,test,0
singleton_1001,singleton,RLVS,Violence/V_259.mp4,99b500db2d17c8fb8ede4218812290586951d4dbcd89362f48980dff3e04e92f,1,1,0,test,test,0
singleton_1002,singleton,RLVS,Violence/V_26.mp4,cd2f39afc5d88ea4b5c2795bc8c09f28f07d0854daf886a0897e4e46046ecbbc,1,1,0,train,train,0
singleton_1003,singleton,RLVS,Violence/V_260.mp4,863d89360bd3014faa04f641d42de352a9e07bf4cb166eaa4c038e160fbdc7d6,1,1,0,train,train,0
singleton_1004,singleton,RLVS,Violence/V_261.mp4,ef6c956d12dbe4b9041366e081df28857e046319257d83509c2cca1844a518a8,1,1,0,train,train,0
singleton_1005,singleton,RLVS,Violence/V_262.mp4,363d77f775c4d1b7ee2049304098b8bc49ede06ea2f416118ecff555b859e8cd,1,1,0,train,train,0
singleton_1006,singleton,RLVS,Violence/V_263.mp4,20ccf8a7898df923d998028f908183997ce62689061f8e37eacb85581a1ad2f0,1,1,0,test,test,0
singleton_1007,singleton,RLVS,Violence/V_264.mp4,8c8885353f5ffeb5e7c9dd161c05f9cd73a26a78875560acb1e1440cdf23539c,1,1,0,train,train,0
singleton_1008,singleton,RLVS,Violence/V_265.mp4,31483f4a2313fbc1a6b8bc24836d073391e18e4a40b09dc2c9409a7c8acc819d,1,1,0,train,train,0
singleton_1009,singleton,RLVS,Violence/V_266.mp4,9b3e4ed7b641c6a86416e750010d52c3e4b5cac5514b35d1dcf11a44657a4e31,1,1,0,train,train,0
singleton_1010,singleton,RLVS,Violence/V_267.mp4,c18b8610d66cb1880c9f1391c07ea4c99b03b3428afc80ded633612dbfe02d9d,1,1,0,test,test,0
singleton_1011,singleton,RLVS,Violence/V_268.mp4,e01d52437a0f150ad7a010c5648173e3feff73eea0c420ac188e06afa36802ab,1,1,0,train,train,0
singleton_1012,singleton,RLVS,Violence/V_269.mp4,2da1c63853a0acb4568d8fb8ff93e9610aef5a43168cc99b2abcb1be25cd76cf,1,1,0,test,test,0
singleton_1013,singleton,RLVS,Violence/V_27.mp4,877a1a75ad7e37a38eeb4919ca80937790ef64f0ebffd0246f783e6cf3785c70,1,1,0,train,train,0
singleton_1014,singleton,RLVS,Violence/V_270.mp4,ed4c2cc87292d8bc1d46a00f37fbbcaaa8fa4161ac7bae120fd61ff94be50088,1,1,0,train,train,0
singleton_1015,singleton,RLVS,Violence/V_271.mp4,c138591c5134bd9ee912bfbcd548c68ebb23f6d248db73de6f9dbe1c69d1c713,1,1,0,train,train,0
singleton_1016,singleton,RLVS,Violence/V_272.mp4,f15ee8f473f1147a377cf51d58cb5410ef3eb1a5540b4027da343a42cd231a35,1,1,0,validation,validation,0
singleton_1017,singleton,RLVS,Violence/V_273.mp4,c3f5bcad1b187934c26c08c1c653625e718d54ed91d75d72e443f31bdd8965de,1,1,0,train,train,0
singleton_1018,singleton,RLVS,Violence/V_274.mp4,41c4179e2b9881e4c00c5cc057eca5d6162fd986d67421ab3884934d93234571,1,1,0,train,train,0
singleton_1019,singleton,RLVS,Violence/V_275.mp4,beb3d2bcc1d5acdfbc2b776d9ca88cfd3d83d06574829c9692525208e97a05f0,1,1,0,train,train,0
singleton_1020,singleton,RLVS,Violence/V_276.mp4,1eab4d97c9f9f181da2e0938ec1633c29ba520ec075018cf23c53b6ce6afe5e1,1,1,0,train,train,0
singleton_1021,singleton,RLVS,Violence/V_277.mp4,d99a70b6fdc3805d959f3a2be5ce522e46288edcd9d96a15ff062f173ec7f0d2,1,1,0,train,train,0
singleton_1022,singleton,RLVS,Violence/V_278.mp4,7ea8dba80bd5e9d99baee1490d3a79f5c6d1f4372cb59d724472f5a1d43f938b,1,1,0,train,train,0
singleton_1023,singleton,RLVS,Violence/V_279.mp4,6562f108210fdc33a63e9eb63e7ae001353b375e83299c04cab1e8091d945fd3,1,1,0,train,train,0
singleton_1024,singleton,RLVS,Violence/V_28.mp4,9156f71f7a712e28d3cbfa864822792626f04afcf7b77401846c6718229d3c7d,1,1,0,train,train,0
singleton_1025,singleton,RLVS,Violence/V_280.mp4,ed8dec3cf0647ac2fdd4e9d8386ed66d77d9e87d9385d11772fd004d68b0aa8f,1,1,0,validation,validation,0
singleton_1026,singleton,RLVS,Violence/V_281.mp4,5b8dd7aa1768c0401cd26e3f44916f5c93e147271b9c2b708f8597203c8ebd19,1,1,0,train,train,0
singleton_1027,singleton,RLVS,Violence/V_282.mp4,18b87c23edf538fc3bcc9d001529d7861945a77173bb0c84231feaf695592364,1,1,0,train,train,0
singleton_1028,singleton,RLVS,Violence/V_283.mp4,0316125ed8380b16efdc3447f267c9e18f505a46c9694f0d414cea7d6f93a400,1,1,0,train,train,0
singleton_1029,singleton,RLVS,Violence/V_284.mp4,aff3b900dbdf278d370599e65b876844cae785f7bd278cbdb5be37d204a0c2c5,1,1,0,train,train,0
exact_sha_group_0005,exact_sha256,RLVS,Violence/V_285.mp4,22e55aa81502b21c7be9c71a01d70cfcdd0120eccbbea61106b4f8be71c83aa5,1,1,0,train,train,0
singleton_1030,singleton,RLVS,Violence/V_286.mp4,964d1d662b31c783f2a49a7b27dfc91665362bfacd55a004e06edfedf28f2d2c,1,1,0,train,train,0
singleton_1031,singleton,RLVS,Violence/V_287.mp4,aee1be41b2bc30a584029513c7e39f6bcfa92938a2df1db77f9d05700f92776d,1,1,0,train,train,0
singleton_1032,singleton,RLVS,Violence/V_288.mp4,56ad7af1b9a4c38d445e0fd59031104b05c2ccc6396fc1335046024cb2c185ca,1,1,0,train,train,0
singleton_1033,singleton,RLVS,Violence/V_289.mp4,c473404274111bcfadea096654c58b6f21bdd47fbe5632b9e6dc5449d8577db2,1,1,0,train,train,0
singleton_1034,singleton,RLVS,Violence/V_29.mp4,394d61a282ce0a5c2bd7fc3c761f33d1060d4ddb488696efb32ce46ad831a024,1,1,0,train,train,0
singleton_1035,singleton,RLVS,Violence/V_290.mp4,9c57bc20945af07e95fa8cde88f54c8c9d1122bef21772592b70949ff96edf1d,1,1,0,train,train,0
singleton_1036,singleton,RLVS,Violence/V_291.mp4,94f104fc78de8e81c4acd6932580437091056ccee8a2444fa45031a7303afb65,1,1,0,train,train,0
exact_sha_group_0005,exact_sha256,RLVS,Violence/V_292.mp4,22e55aa81502b21c7be9c71a01d70cfcdd0120eccbbea61106b4f8be71c83aa5,1,1,0,train,train,0
singleton_1037,singleton,RLVS,Violence/V_293.mp4,c7bd830de03bd3adb74deb6a64db8ce988750a4a3ea66545022e127b35f974bd,1,1,0,test,test,0
singleton_1038,singleton,RLVS,Violence/V_294.mp4,1a4a31252a24d2a1152b53f354346913ba929aaefbe628a30b433544f46be0c2,1,1,0,train,train,0
singleton_1039,singleton,RLVS,Violence/V_295.mp4,96f5a4d2177fd35cd96da33a60495b490861602051fb02d2d1c13d9b8c990a68,1,1,0,test,test,0
singleton_1040,singleton,RLVS,Violence/V_296.mp4,be80a70565d9917bf8148dde226b91544ff2dfeebb7a6687617ef139d1159eb9,1,1,0,train,train,0
singleton_1041,singleton,RLVS,Violence/V_297.mp4,3985cbf5804ae64d82ab5cabe03a77a45783091a6146220d3bcf0fd319b0d5b8,1,1,0,train,train,0
singleton_1042,singleton,RLVS,Violence/V_298.mp4,571c2b499b7171d8d0c07254d2f1ac9fdbb811d36e9b7b7e1a74a89f985e7b3e,1,1,0,train,train,0
singleton_1043,singleton,RLVS,Violence/V_299.mp4,55c25db57e93abd860d2a1e867edc7412685091ec8faa27518b0f181c09a57fd,1,1,0,train,train,0
singleton_1044,singleton,RLVS,Violence/V_3.mp4,d83407671ab3d89c2369d4c24cc2551bd1f461f8c16eb2dded6fca6b52d7534b,1,1,0,test,test,0
singleton_1045,singleton,RLVS,Violence/V_30.mp4,2f9ad0f7ddbf5689b1a2a9ba92c8f68bffe43790a32684494de12b96fc575a07,1,1,0,train,train,0
singleton_1046,singleton,RLVS,Violence/V_300.mp4,ffab78d3f292df85df067ab2d80367fddfef9e1b67af25d5bea7b927ea45c650,1,1,0,test,test,0
singleton_1047,singleton,RLVS,Violence/V_301.mp4,ad34736d773e335b560b319862a5dec75959c95cba1dd9c83ffb96bb2a52e3bf,1,1,0,train,train,0
singleton_1048,singleton,RLVS,Violence/V_302.mp4,fc7405ce6a4e7602d2f77b298955348ec96ad98215d6fa616d60eb441fd44bae,1,1,0,validation,validation,0
singleton_1049,singleton,RLVS,Violence/V_303.mp4,9dcf27e4a11e50fec663706ebb8b54f86938e5015c1468d8271117bac700a65e,1,1,0,train,train,0
singleton_1050,singleton,RLVS,Violence/V_304.mp4,6674edd8e20f69b2ca6505329c0eafe00804ed880ea5206d390891ceae9820a2,1,1,0,train,train,0
singleton_1051,singleton,RLVS,Violence/V_305.mp4,6c0fb58cb297d18c3876d38f1ae91671172eea0f28d25f86b9e65d71b755d9de,1,1,0,train,train,0
singleton_1052,singleton,RLVS,Violence/V_306.mp4,6432e1de5d2bc24a5339ce0ee15820f3b4fbbd8f7a32cad1c2b022573f8e9e9c,1,1,0,validation,validation,0
singleton_1053,singleton,RLVS,Violence/V_307.mp4,dfd45fc7d72bb339c5ba0a54b27b5e0f057145d059ca19fc0ac58a6ade980066,1,1,0,train,train,0
singleton_1054,singleton,RLVS,Violence/V_308.mp4,8f7215d6998db7d0a6976c457fa61faca9b6e3cf307add2740ef40f739d81629,1,1,0,train,train,0
singleton_1055,singleton,RLVS,Violence/V_309.mp4,05b569d5469e776d32368405757bb61ff51d3d575c5efa40736b956b57673d9d,1,1,0,train,train,0
singleton_1056,singleton,RLVS,Violence/V_31.mp4,c0b2ab7b7cb0dbb806ee2540a114ff3cb7afb5cd9196f3994d691401aac122fc,1,1,0,validation,validation,0
singleton_1057,singleton,RLVS,Violence/V_310.mp4,a1e7a5667b05808957fa603535056839b9de173ef9dfa2f90954017fe96a2155,1,1,0,train,train,0
singleton_1058,singleton,RLVS,Violence/V_311.mp4,f701e97e1ab8f0ee4285c06233faa0193f29b4ebdae7dcb4ab49fc481690bfb8,1,1,0,validation,validation,0
singleton_1059,singleton,RLVS,Violence/V_312.mp4,f9601524ce5aab4fec4c56353f90ff17da882fae4a500b24056e04635654af5e,1,1,0,validation,validation,0
singleton_1060,singleton,RLVS,Violence/V_313.mp4,a397ee45538d45cf76cf8fba98262913b8be5670012d3395645b24fc6a862d75,1,1,0,train,train,0
singleton_1061,singleton,RLVS,Violence/V_314.mp4,483d910a63ae4446d10706ce1ed8e87127f6cdc68adc252696982fe66be25ac6,1,1,0,train,train,0
singleton_1062,singleton,RLVS,Violence/V_315.mp4,cd126ce8e346126b4987a449522dfc40d26531c7bf39d144d92c69680036face,1,1,0,train,train,0
singleton_1063,singleton,RLVS,Violence/V_316.mp4,0743781dbb52820746a9d50c14f9d2248aa5a2e23ac2ed8b24d266c890e0f75a,1,1,0,train,train,0
singleton_1064,singleton,RLVS,Violence/V_317.mp4,51f8cea221c5d031eb643daf3f00bf99d4f2d9acaaf0a1505a858c4b8165000e,1,1,0,train,train,0
singleton_1065,singleton,RLVS,Violence/V_318.mp4,a6a3727912e059d2bf95d477dae5208b9ed630ec837d02736f8d380d9fb4a0c3,1,1,0,train,train,0
singleton_1066,singleton,RLVS,Violence/V_319.mp4,9b6e62d0b9ce1b2ec453e2e73c71dbe89b07a551888f2e19fa22e4d0a2854480,1,1,0,train,train,0
singleton_1067,singleton,RLVS,Violence/V_32.mp4,e5fbbadef1596db7e0b5ff2020b64b58614388ddb4c04ab42cf7dcef027210bd,1,1,0,train,train,0
singleton_1068,singleton,RLVS,Violence/V_320.mp4,597a8c825858002c601dc2df90c504f97b835a69d9c67b54147a2f0c1d350022,1,1,0,train,train,0
singleton_1069,singleton,RLVS,Violence/V_321.mp4,1bc162810a9673aaa9e56f6674eb3c6d960eae3d7ac933a16edd3b89d2f9f119,1,1,0,validation,validation,0
singleton_1070,singleton,RLVS,Violence/V_322.mp4,f796bf4eed93c1ffd901618b961dea014eace96cf88cc4ed79f12e7d356c5591,1,1,0,train,train,0
singleton_1071,singleton,RLVS,Violence/V_323.mp4,ee49a28a97a9f2f63d99958cc1ac0c543dd793b6a4cf3942673d341b0304f1ed,1,1,0,validation,validation,0
singleton_1072,singleton,RLVS,Violence/V_324.mp4,0e19247177c2749d4fd6f1cf08a71738b75fd6b7e97ad41e93dc066c5f3a8436,1,1,0,train,train,0
singleton_1073,singleton,RLVS,Violence/V_325.mp4,956aef7d90d275261ffa132ea8f24701f4e7f1dcdb84313b46345f645e925552,1,1,0,test,test,0
exact_sha_group_0006,exact_sha256,RLVS,Violence/V_326.mp4,7546d6a66e0f75dc3011af3b61ad30bf071dca25b58f25d0ad31156b9f7d9266,1,1,0,train,train,0
singleton_1074,singleton,RLVS,Violence/V_327.mp4,4154bab2d942ac14f96004f15c651498c32e7c45a1a030a17fb0509cf6f8b61e,1,1,0,train,train,0
singleton_1075,singleton,RLVS,Violence/V_328.mp4,5402ffed1596fd9007a58a622aee111b0202c7e86146c3a6021604cff7a076f7,1,1,0,train,train,0
exact_sha_group_0006,exact_sha256,RLVS,Violence/V_329.mp4,7546d6a66e0f75dc3011af3b61ad30bf071dca25b58f25d0ad31156b9f7d9266,1,1,0,train,train,0
singleton_1076,singleton,RLVS,Violence/V_33.mp4,5368c2a3feaef3d3f41d34bd0b02801e8ee1174f19c57479dad7c9429e2e2e3f,1,1,0,train,train,0
singleton_1077,singleton,RLVS,Violence/V_330.mp4,f05ffe489a24ec95fb5b9be8ba68a834afeec30ac5b401370467218fd7122afc,1,1,0,train,train,0
singleton_1078,singleton,RLVS,Violence/V_331.mp4,9729c37cc9773583765a8b9a26f2d3ddec695a5f44c2a4f4f148c36573306098,1,1,0,train,train,0
singleton_1079,singleton,RLVS,Violence/V_332.mp4,148f01482efaedca685099baf3a18be7c963da1e6c47d27883684215ff4558f0,1,1,0,train,train,0
singleton_1080,singleton,RLVS,Violence/V_333.mp4,5d4c6fe5420a89a82e6af61873186f78a7db8ceee5d8e6c5f30be9f80ba33a81,1,1,0,train,train,0
singleton_1081,singleton,RLVS,Violence/V_334.mp4,901b57e6e93d7fa34a2650307ea54bf8a881905ef30f8a44d8adf028de6166c6,1,1,0,test,test,0
singleton_1082,singleton,RLVS,Violence/V_335.mp4,22986dfdb25a4d5bfad73ea5aeaf2170d788e20dd719f04a21b67ddcaf0b27bf,1,1,0,validation,validation,0
singleton_1083,singleton,RLVS,Violence/V_336.mp4,70020b208027f377ec02b0f356501c2d06e8246ebcd5e092d1078e4cd21447f2,1,1,0,train,train,0
singleton_1084,singleton,RLVS,Violence/V_337.mp4,e455d708a965907bfca4fb64790f991a8c8812308a403bdf6385217fc37ba6be,1,1,0,test,test,0
singleton_1085,singleton,RLVS,Violence/V_338.mp4,a08e5d3d6ba2fd07b82b012c77e4a433d88edb8f392fdf7c13f926dfcca0988e,1,1,0,validation,validation,0
singleton_1086,singleton,RLVS,Violence/V_339.mp4,37cd690996ffacd2c37d678d3b0a4135c2504b02d9fa4fb4775246ee3066e632,1,1,0,train,train,0
singleton_1087,singleton,RLVS,Violence/V_34.mp4,c431a95c4a3eaff9c0b51a4130f6fd647353c90b0b45242ad45e3a10b6e6d271,1,1,0,test,test,0
singleton_1088,singleton,RLVS,Violence/V_340.mp4,1d5bca43a6aa0fe5546fa47857f7a500857dc0590d74f7987e1666d5c7c87070,1,1,0,train,train,0
singleton_1089,singleton,RLVS,Violence/V_341.mp4,3ea1839c984730d7f3e9cda05731b7f376c7a4b8296ac5b3fe70f3af66cd856a,1,1,0,train,train,0
singleton_1090,singleton,RLVS,Violence/V_342.mp4,9c4aea7a341cb63f0a036b02f34470b08195f2401e654253eb1a299359ffdb63,1,1,0,train,train,0
singleton_1091,singleton,RLVS,Violence/V_343.mp4,8f4489b3fc3bab1699e1ca3a2c1c2fe473b3dcf7676c3c361df89a659e2ecfa0,1,1,0,train,train,0
singleton_1092,singleton,RLVS,Violence/V_344.mp4,ee5c6e37c454f9c602794ff6daf077e0b5027d20dcceb5929b4841a580a488b9,1,1,0,train,train,0
singleton_1093,singleton,RLVS,Violence/V_345.mp4,dfb04ca902aa150aa1792d563a8435867d1009bf8c493f19172e12106554008f,1,1,0,train,train,0
singleton_1094,singleton,RLVS,Violence/V_346.mp4,9a63be41adfe19d60d33f70215d4deeb43e226c2184354fddac5c19baba1056d,1,1,0,train,train,0
singleton_1095,singleton,RLVS,Violence/V_347.mp4,65cb0a92b4df2e24f7ebdd3c310a884c7d5f10c2b60abc9cc51d35566187ecc9,1,1,0,train,train,0
singleton_1096,singleton,RLVS,Violence/V_348.mp4,ff732541e6d730a969929bfa4256f293532baf2c62243b9bb6dc2cb688505ff5,1,1,0,test,test,0
singleton_1097,singleton,RLVS,Violence/V_349.mp4,152d06304eac6458edeb2e74640e3c276401b65e8479a2bbc4ff33ddc7b3a1c6,1,1,0,train,train,0
singleton_1098,singleton,RLVS,Violence/V_35.mp4,070dcdaa3febd0ba57ece7671c7571a4f581f1610ee7f97e2cdc0d691f490d06,1,1,0,train,train,0
singleton_1099,singleton,RLVS,Violence/V_350.mp4,2193398134deeac6ab2df427c33d5602f974d86f6db9ef8acf5afb0c78312806,1,1,0,train,train,0
singleton_1100,singleton,RLVS,Violence/V_351.mp4,eebb4120f227451d5120df1b43084c13c57f0bac4a74f556e04d83cee6b2176f,1,1,0,train,train,0
singleton_1101,singleton,RLVS,Violence/V_352.mp4,42d294fc020be2e4bb38b10d5d4af5b53596017ea6fa5a91d76143b95ec3b00c,1,1,0,train,train,0
singleton_1102,singleton,RLVS,Violence/V_353.mp4,af595e69def80beb40fd9bb60c7f7980966f557ea580fa502652a8337c65ad80,1,1,0,train,train,0
singleton_1103,singleton,RLVS,Violence/V_354.mp4,0bae4526497006f2b1076cbaa33bfaef6896caa83582969e371db80520b864c2,1,1,0,train,train,0
singleton_1104,singleton,RLVS,Violence/V_355.mp4,b46678785e11128ba1007a87c14cd1a30054b29e30804271b7db57497e7760f9,1,1,0,train,train,0
singleton_1105,singleton,RLVS,Violence/V_356.mp4,cdbba3dc387a76270ce1663e9c3832a7e496bf088b88dc9fdfb96aef9cc842f4,1,1,0,train,train,0
singleton_1106,singleton,RLVS,Violence/V_357.mp4,e556b6b94446b3d1f69db36e39ae4189709da6c291ed52eb646765bbae762366,1,1,0,test,test,0
singleton_1107,singleton,RLVS,Violence/V_358.mp4,0566b89d06553cc97cd61d8d9066a800aea6bec560e2a99c4c38bb5b098510f2,1,1,0,test,test,0
singleton_1108,singleton,RLVS,Violence/V_359.mp4,d4363ff1b53fce4b72ac0f03e5484b6cc84970e38e6aebd46e726af8c529c240,1,1,0,validation,validation,0
singleton_1109,singleton,RLVS,Violence/V_36.mp4,a4504719593ca80ce23f4afbe2882fec9d184e1b9fdf27479d3b8feec848fd07,1,1,0,train,train,0
singleton_1110,singleton,RLVS,Violence/V_360.mp4,0c7c3d1e0a98c81373b502d77aa67baae7d80d697f7a83092896e5c5013f094d,1,1,0,train,train,0
singleton_1111,singleton,RLVS,Violence/V_361.mp4,49260f06a230340e37f20b8a42779a6095a9bc42a21fa1f172840189d13d2c1f,1,1,0,validation,validation,0
singleton_1112,singleton,RLVS,Violence/V_362.mp4,dd8025edbb0acb971d09cf966b01d9b1cd7a176ecefae2cbc54de61b16ebd405,1,1,0,train,train,0
singleton_1113,singleton,RLVS,Violence/V_363.mp4,69e148c6dbed36453b3506b1f22264842b587aeb29da75c4c1bc6f4807f2b295,1,1,0,train,train,0
singleton_1114,singleton,RLVS,Violence/V_364.mp4,5e1ab08d930a4405259a54c526b7c8a4e92f3c8e1736c9878de8f7373f5e2346,1,1,0,train,train,0
singleton_1115,singleton,RLVS,Violence/V_365.mp4,e8e8db9920142fa3c09e200c5d373bcb43ef9a070c21e28e8f769383246e05a4,1,1,0,validation,validation,0
singleton_1116,singleton,RLVS,Violence/V_366.mp4,047b66906871d8cc6129bef353e61c465b79fa6ca2210d91dc68e8f70eefea5b,1,1,0,train,train,0
singleton_1117,singleton,RLVS,Violence/V_367.mp4,2d29fd7035ecf820ac0ab6ad4cf053a4d70e7086a32d581d1662b89123985d8c,1,1,0,train,train,0
singleton_1118,singleton,RLVS,Violence/V_368.mp4,85aabd6d5e104128977596349a915b5c05142c6fcb969807a2a7529a6f26f916,1,1,0,validation,validation,0
singleton_1119,singleton,RLVS,Violence/V_369.mp4,44b483f496dadd10e22ecbfc5ccb72163598f2f656ddc5fbfc0013e40ed1802c,1,1,0,train,train,0
singleton_1120,singleton,RLVS,Violence/V_37.mp4,99270b6c4bf2cebed88a8a4e1afa2dbc939ff2430c30ae8a7a8dabffedb74f6a,1,1,0,train,train,0
singleton_1121,singleton,RLVS,Violence/V_370.mp4,b6bfc2d14718c5c8f206d64f6efc180e408adeeb70df17b9b025e2e22aefb0da,1,1,0,train,train,0
singleton_1122,singleton,RLVS,Violence/V_371.mp4,4cf17f3e9a1cb83c6e025cc54fdc614491e909293557c92a9692ad6e0417725f,1,1,0,train,train,0
singleton_1123,singleton,RLVS,Violence/V_372.mp4,5a3b6bdb38b01b7dfcdcd291192e8632c973bae021488b9f9b7ecf970a77b322,1,1,0,train,train,0
singleton_1124,singleton,RLVS,Violence/V_373.mp4,cc8923d66ab7de8d27a3e20834b4395c3fd8302fc092159ddfb73713bbb59bb4,1,1,0,train,train,0
singleton_1125,singleton,RLVS,Violence/V_374.mp4,a37084055a942ad5504c41ba7170494a58ffe1da0eb96e7e18fecc08c001d0a6,1,1,0,train,train,0
singleton_1126,singleton,RLVS,Violence/V_375.mp4,0c10f650229f9a65a4826b117349ba26a617ddc94def37098b9ee81c1d3e94f9,1,1,0,train,train,0
singleton_1127,singleton,RLVS,Violence/V_376.mp4,01718bae9ae189b58110c5f2cbcd69718924b01edd8f584b4526f13fbebe5de3,1,1,0,train,train,0
singleton_1128,singleton,RLVS,Violence/V_377.mp4,79a2b732a9096b068b11cf30b7eb5eb42424c612e348a4dad5d8ffb1789ccffa,1,1,0,test,test,0
singleton_1129,singleton,RLVS,Violence/V_378.mp4,138eb5aa44f1dc3b5997c0198604cca61112f3b9d438f0476c821b9efc4b77a8,1,1,0,validation,validation,0
singleton_1130,singleton,RLVS,Violence/V_379.mp4,7bbadaed0a7f15fd263e81c3ca483d709be941dcec7052f4c3715fc7cd4c024b,1,1,0,train,train,0
singleton_1131,singleton,RLVS,Violence/V_38.mp4,78edd39ffec39e45935d28e70bf6cc6331168f90f65cb3d6146478f734ecc434,1,1,0,validation,validation,0
singleton_1132,singleton,RLVS,Violence/V_380.mp4,33dc71074d1ecd0909715f6a8591c62d71d95a97692c7b2720322c3207430427,1,1,0,train,train,0
singleton_1133,singleton,RLVS,Violence/V_381.mp4,713bbe4f4cb8e0eabf89d911955586727e274c2978986a309506e851b2f0cbc2,1,1,0,train,train,0
singleton_1134,singleton,RLVS,Violence/V_382.mp4,6925245333efbc120d39ef9ece16716adaeb8905f5c6f9d8f4e9547d66b131b4,1,1,0,train,train,0
singleton_1135,singleton,RLVS,Violence/V_383.mp4,d03f8f18135c7ec09b8b6127b006e6da9a501daafde76161a170055bc71a7b25,1,1,0,train,train,0
singleton_1136,singleton,RLVS,Violence/V_384.mp4,00e11b21f26c4fb1581eeccba5fb47c26e4dac947c6c646c478968d0ccb1de7f,1,1,0,train,train,0
singleton_1137,singleton,RLVS,Violence/V_385.mp4,614e012a9b31a003501b29ad7fe4dec970d1a91134a165885ed2f0c0631760a0,1,1,0,train,train,0
singleton_1138,singleton,RLVS,Violence/V_386.mp4,64f528a9dbd0e1f0ccf8d5fd205ac11ab049c7b55c761898a43278ef96614864,1,1,0,train,train,0
singleton_1139,singleton,RLVS,Violence/V_387.mp4,fd10c40c7e9666adc169bd775378a052e88d9968e512fec40a54bc7450eb2e6e,1,1,0,train,train,0
singleton_1140,singleton,RLVS,Violence/V_388.mp4,d13390f0c5e06287a4c1e0601248391ab79f1ec5ccf29842c1ca05041bfd463c,1,1,0,train,train,0
singleton_1141,singleton,RLVS,Violence/V_389.mp4,e4ab4c900da03fd8859957e70c5a50cdca7574a40468343ded0b44226dc55aaf,1,1,0,train,train,0
singleton_1142,singleton,RLVS,Violence/V_39.mp4,bb1fad60e6373bfca96ad1a90b23dd08d5f9bae4b3d3907bcbb9ed6a44fac3d0,1,1,0,train,train,0
singleton_1143,singleton,RLVS,Violence/V_390.mp4,0a57bb38141ea27df868cff6a9d72aebf5faf2b0e25714ec650fdc477881b09e,1,1,0,test,test,0
singleton_1144,singleton,RLVS,Violence/V_391.mp4,4934b952df6656b4ac44afaa9b5ba84022a25ecc190c9bba0f836de825fa6847,1,1,0,train,train,0
singleton_1145,singleton,RLVS,Violence/V_392.mp4,a1e9d7937f4000372f80044995b797b99b332dd9a95e1c76cfbf304e8a2ffe2a,1,1,0,train,train,0
singleton_1146,singleton,RLVS,Violence/V_393.mp4,279c64782cfeee67298fa6a78ec5b05d0608cf1a0145399f6eb20f543d7f4eaa,1,1,0,train,train,0
singleton_1147,singleton,RLVS,Violence/V_394.mp4,d7997b446370bde7fa7ce127926239b420a5adfeb325530db00e2ec457a2563d,1,1,0,train,train,0
singleton_1148,singleton,RLVS,Violence/V_395.mp4,7289ea73849ab97d7109e479d8a3f72b716d5b034d2302564e1d60dd45655e36,1,1,0,train,train,0
singleton_1149,singleton,RLVS,Violence/V_396.mp4,6ce2427924767db26e40189a6135c511d7e823554d35eb53f26842ac02266404,1,1,0,train,train,0
singleton_1150,singleton,RLVS,Violence/V_397.mp4,ed9268584ef4654c3338758e40f9755cebfeb480872065b38f28890c7622f018,1,1,0,train,train,0
singleton_1151,singleton,RLVS,Violence/V_398.mp4,1cde2dd1e3798a417bebf1f046a91e710f2d976b452aa79ca7cca27bbf5fbc1a,1,1,0,test,test,0
singleton_1152,singleton,RLVS,Violence/V_399.mp4,5e68d2edf808f3ae029ce7290f2c4b4284f41e0c9f2201cb476673e2bf2e67e2,1,1,0,train,train,0
singleton_1153,singleton,RLVS,Violence/V_4.mp4,f1ca382fb7175eadf26fa7b05f0f6cf49899e00b341583391827ccfc773f0833,1,1,0,validation,validation,0
singleton_1154,singleton,RLVS,Violence/V_40.mp4,72ba166316accbbe02f3895b539a777077fc5c0648e959bded55523799e34361,1,1,0,validation,validation,0
singleton_1155,singleton,RLVS,Violence/V_400.mp4,605df1947e9859a25096d9c5a73da433940c4771ef109cc18c997258d7a71e33,1,1,0,train,train,0
singleton_1156,singleton,RLVS,Violence/V_401.mp4,fa391e1c953111389c39731d0919cc5c481cdadfbb3eb35a888aec575331dc0b,1,1,0,test,test,0
singleton_1157,singleton,RLVS,Violence/V_402.mp4,6614cb02d87ef695fd0ab4dc147ab342a17d992e0564e375c79b6507040981fd,1,1,0,train,train,0
singleton_1158,singleton,RLVS,Violence/V_403.mp4,b5145c3800949f8edbe9a4d16a95abec17739ef1a7c2823997850648817fb005,1,1,0,test,test,0
singleton_1159,singleton,RLVS,Violence/V_404.mp4,72ca31e0b76a18512920f83fa02954e18563a043d163fce6be0618c399a85c4c,1,1,0,train,train,0
singleton_1160,singleton,RLVS,Violence/V_405.mp4,07a71a08d00a0477aa9c1fa5c9746794590656ca2dabc71151aa46d3e283647a,1,1,0,train,train,0
singleton_1161,singleton,RLVS,Violence/V_406.mp4,286fcdad8f9c96a2fab8446b7d1553ea3d77841fc6b7d447cfb37bc8ca91798a,1,1,0,train,train,0
singleton_1162,singleton,RLVS,Violence/V_407.mp4,e851aba4f7356e84c2130d53c87c345bbe86064c8c0af853de3604e6d3bbdfff,1,1,0,train,train,0
singleton_1163,singleton,RLVS,Violence/V_408.mp4,e368bf58c0c0a2144e8818f3568dc9d58f6cc0926cfcb6476ada23975bb3d52b,1,1,0,validation,validation,0
singleton_1164,singleton,RLVS,Violence/V_409.mp4,190787ff225a4df331d43b5016e6ceb9ba7a3fdffd53143a3191ee8d064c0c40,1,1,0,validation,validation,0
singleton_1165,singleton,RLVS,Violence/V_41.mp4,95b11e12518f7b7655cbff4c37752b32ebcc306c103d9fd071a63b8a6a89a1bf,1,1,0,train,train,0
singleton_1166,singleton,RLVS,Violence/V_410.mp4,16f7c291dae3bb3d424e1d523043ee03b2efbf37a19beb422583619bb6fe6b67,1,1,0,train,train,0
singleton_1167,singleton,RLVS,Violence/V_411.mp4,0bd597879f6d149c2477e63d423e98a5e25284f2d4dcf61a7be8f3b2dd5dd5c9,1,1,0,train,train,0
singleton_1168,singleton,RLVS,Violence/V_412.mp4,a916c843c151ef1b63fb8045fca49a6206a0ceeb73c13bcf7d5ac3a56c7d2be8,1,1,0,validation,validation,0
singleton_1169,singleton,RLVS,Violence/V_413.mp4,ccf8cc0ef699c9f5111ac055dcae7ebeda687e227f046af7a894df183750f627,1,1,0,train,train,0
singleton_1170,singleton,RLVS,Violence/V_414.mp4,656c4afa529f8a8eeefc9b93c3d838f6af4a9aedf7896b60f7a9def87167eb04,1,1,0,train,train,0
singleton_1171,singleton,RLVS,Violence/V_415.mp4,fd09d1e9fe01b25657dd1d1cfcce5c94ae5c5a674eb5a0df11284f3086a869cd,1,1,0,train,train,0
singleton_1172,singleton,RLVS,Violence/V_416.mp4,18cdb7acc225ca6b2335bba0ff8791f652bb4eda1f49e352293b81dd4da8ad8f,1,1,0,train,train,0
singleton_1173,singleton,RLVS,Violence/V_417.mp4,700e80d87e29edca5e28eac8e5f5e250c1d36ae37ddca3018b5b93d186e270b9,1,1,0,test,test,0
singleton_1174,singleton,RLVS,Violence/V_418.mp4,3cd2f6ef2905739a5a736848784f937cc9a49655afe4f35f34a93f2aa9636a0e,1,1,0,train,train,0
singleton_1175,singleton,RLVS,Violence/V_419.mp4,305dff58dfc7694a04615dc408203e2cccf9d95735653fada7bc8670acf1ba7f,1,1,0,test,test,0
singleton_1176,singleton,RLVS,Violence/V_42.mp4,4b8171fae91bf6951428b8006fb34bf09c81f4112db8a4eded4840a6d7eae5ed,1,1,0,validation,validation,0
singleton_1177,singleton,RLVS,Violence/V_420.mp4,6bb413293106d02ba6d66255ba91bd7ff345b5271b2cf08f00973439e7b73153,1,1,0,test,test,0
singleton_1178,singleton,RLVS,Violence/V_421.mp4,2ffc49e1048648dbb75a0e78f7afe88ef02cc35dafde755705b1a69aef564543,1,1,0,train,train,0
singleton_1179,singleton,RLVS,Violence/V_422.mp4,f5a80a15975c11696e3e4ec934c23c149e5735d7208411d93caa8495f961f322,1,1,0,train,train,0
singleton_1180,singleton,RLVS,Violence/V_423.mp4,4c7069cb246186f98b6eeaf61bf144a08ad5b9836b546547613ee48761dd9ef0,1,1,0,test,test,0
singleton_1181,singleton,RLVS,Violence/V_424.mp4,6ff81a953683dec554a67f3bb1e30f5fd7eb6c39977f010df585069df3974a23,1,1,0,train,train,0
singleton_1182,singleton,RLVS,Violence/V_425.mp4,31c26dd8e017e9dc15caf5fe1357f07b42ea8c00b1754ea4836ade322dd0b585,1,1,0,train,train,0
singleton_1183,singleton,RLVS,Violence/V_426.mp4,3c0593c6576e33b069400fbd1d606996e37cebad0c82e9d2a8592bd10d341f69,1,1,0,test,test,0
singleton_1184,singleton,RLVS,Violence/V_427.mp4,4224b95dc74e14465f52b3784dfb8eddc758698291c0d3c2dfe1b5efaa11bf8e,1,1,0,test,test,0
singleton_1185,singleton,RLVS,Violence/V_428.mp4,7df5a75fed5cdadb85c67cce50e28196bdc3034330312a8b14c41d31c60036f2,1,1,0,validation,validation,0
singleton_1186,singleton,RLVS,Violence/V_429.mp4,c015aa76ea5cc7d43ef3265567277433cf5194694fb406b7fd89fd4a2328e802,1,1,0,train,train,0
singleton_1187,singleton,RLVS,Violence/V_43.mp4,f4b542d7f1bdcc07047af3d95860f085fce2f2713fd2c5af63aeae670ec57a76,1,1,0,train,train,0
singleton_1188,singleton,RLVS,Violence/V_430.mp4,ae520261165956c3eaa9ce976b98657b0e919b88c294bd7c9b4d9b28a23e8610,1,1,0,train,train,0
singleton_1189,singleton,RLVS,Violence/V_432.mp4,0a1a2881bbfdf58debfade2ea0e4cab65332cd053ffccd149ff3df8597880ce4,1,1,0,train,train,0
singleton_1190,singleton,RLVS,Violence/V_433.mp4,ef6bd9a438ff9138998be0f6b3ffe30b55c2df006a350a3409d840f0012a63ca,1,1,0,validation,validation,0
singleton_1191,singleton,RLVS,Violence/V_434.mp4,a35c6f71df756661a2cc1d449015b6852817f5ce6f600a1507a3c8a192b2ed01,1,1,0,train,train,0
singleton_1192,singleton,RLVS,Violence/V_435.mp4,deed55b91ca5cb8a758f53bd01d159c6cffb862982039579dcf1d0a776a0fa55,1,1,0,train,train,0
singleton_1193,singleton,RLVS,Violence/V_436.mp4,64db657595868381e4d9e9197d54b4ef1e7001562a376e5fe15ed05de7b3a471,1,1,0,train,train,0
singleton_1194,singleton,RLVS,Violence/V_437.mp4,95bc91c01d8f3fdad0bee773343df6a35f850efc01e01d4363d49af2028092a1,1,1,0,train,train,0
singleton_1195,singleton,RLVS,Violence/V_438.mp4,518bab501f9b9f09d3139ca5486a316855a78f687c78fff4f85d24490e9f3402,1,1,0,train,train,0
singleton_1196,singleton,RLVS,Violence/V_439.mp4,0ad9687a22f43054e7103c7170b38119c2d08d15066de74bf8960b6fa0b65a71,1,1,0,train,train,0
singleton_1197,singleton,RLVS,Violence/V_44.mp4,5e0790eeb1f8a8ba114c988f17ac5e0fcac02ef34e961e4c1f18549f507fd1d5,1,1,0,train,train,0
singleton_1198,singleton,RLVS,Violence/V_440.mp4,e19e4a6f4a1ca4ac8c20c24e8ecfff7aa2296d92a07d82c559556dcd49e045ce,1,1,0,train,train,0
singleton_1199,singleton,RLVS,Violence/V_441.mp4,bbc5def87e492b85f97173b9f82f30fe553f3a09b6e7e9dd75915c36f22b870a,1,1,0,validation,validation,0
singleton_1200,singleton,RLVS,Violence/V_442.mp4,0884e6078470f80e3eab3e03f6f64c3b7bc493ed282b5b1f6c4e33e823ee486c,1,1,0,train,train,0
singleton_1201,singleton,RLVS,Violence/V_443.mp4,20508043c9228be2ac71d13882ee7837782de3501d75cd5380bd9816d6b4a53b,1,1,0,test,test,0
singleton_1202,singleton,RLVS,Violence/V_444.mp4,1da5beb8ae7021d7983e43fbc2892e2e9b8a190aa321a9fe6ac1bc4e4484a96b,1,1,0,validation,validation,0
singleton_1203,singleton,RLVS,Violence/V_445.mp4,387e932f7a3889d52b10547bdd56e12cd3ba8f17941efacea89480765e7074e3,1,1,0,train,train,0
singleton_1204,singleton,RLVS,Violence/V_446.mp4,5bc31d138b309f0f4032cf4d615cf425939f6868a06e8fe10f8e2b03ed917914,1,1,0,validation,validation,0
singleton_1205,singleton,RLVS,Violence/V_447.mp4,a267d4f80b188d8bf175a61e1699f28733c4c180be8f9c0411d273e2e1454f6b,1,1,0,validation,validation,0
singleton_1206,singleton,RLVS,Violence/V_448.mp4,e9c241138a861085e90a9886f498c32091bea9d4e6b7f770da6c635349a8dfdc,1,1,0,train,train,0
singleton_1207,singleton,RLVS,Violence/V_449.mp4,1ec50eee56d0d2ebf2b09926a2ff1fd2d1be0c577a6042fd13541676da053882,1,1,0,train,train,0
singleton_1208,singleton,RLVS,Violence/V_45.mp4,88c21f5a7e8688b3f15521d4604fd4cf52ca6671d838d367d7f74c9d1f76b05f,1,1,0,test,test,0
singleton_1209,singleton,RLVS,Violence/V_450.mp4,0b629a1bea75625d166d5e081f8bb8fc28e7c96d86e924605218c4b13df53617,1,1,0,validation,validation,0
singleton_1210,singleton,RLVS,Violence/V_451.mp4,b3591d341e30c50446843851362d9de26ba626e3e9b94a0ff40a35f9c0d6cca4,1,1,0,train,train,0
singleton_1211,singleton,RLVS,Violence/V_452.mp4,8ab9fbc2ecf04871e617c1a6ef8fdbda77a22297ecc5cfe1fdd89f1604b2704a,1,1,0,validation,validation,0
singleton_1212,singleton,RLVS,Violence/V_453.mp4,05ec51659b1e79a5e333423a758119260f57ee92826f20af4d79ee8aabc25b86,1,1,0,train,train,0
singleton_1213,singleton,RLVS,Violence/V_454.mp4,702c1b25629b4ed691a69d29808859e6d6e79d8c9e80f36475eed8ecaf80bd1d,1,1,0,train,train,0
singleton_1214,singleton,RLVS,Violence/V_455.mp4,b36d31a2d06c0fdc25fd6c9b6c4f35e366318f68b9b4f349fa5c50ca968dd2ef,1,1,0,train,train,0
singleton_1215,singleton,RLVS,Violence/V_456.mp4,df7eace1a36de0d70488125f0acf9c7960194f271b4aa951e72a74d9930acace,1,1,0,train,train,0
singleton_1216,singleton,RLVS,Violence/V_457.mp4,1c345fe58d9eed3c9d04b68fd19b8523c7c03babdf93be081cf3a819eaeb1afe,1,1,0,train,train,0
singleton_1217,singleton,RLVS,Violence/V_458.mp4,325f336ffdc83600c67bf2efbd2c9787620565e47793e58cbd7f1ff62104501f,1,1,0,train,train,0
singleton_1218,singleton,RLVS,Violence/V_459.mp4,26e1baf66798d484835d9ef89a0decbba25e4acf5d42d93caf61ad182cfa384b,1,1,0,train,train,0
singleton_1219,singleton,RLVS,Violence/V_46.mp4,68fb4c7fff42ca8893cbd2c6daa707b32874f02f6ab7e1c9192e19d9dfa9067b,1,1,0,validation,validation,0
singleton_1220,singleton,RLVS,Violence/V_460.mp4,3354cc5423ca5ceb105f08b88e62a215b893112c6c1dfe1e309a6f131c0db468,1,1,0,train,train,0
singleton_1221,singleton,RLVS,Violence/V_461.mp4,d714ade1090bd3b8b3ea0f8989a5bac48386fd441e058d6d425b5d5127815587,1,1,0,train,train,0
singleton_1222,singleton,RLVS,Violence/V_462.mp4,4709f5972fe2025e57ae849beac647c7aa9e69bc891c6d2f557bf934502df4af,1,1,0,test,test,0
singleton_1223,singleton,RLVS,Violence/V_463.mp4,ef71b5f364e60ffd1654a7ffa58a08a5e4291d91e3adcd5be2bc8f517f17917c,1,1,0,train,train,0
singleton_1224,singleton,RLVS,Violence/V_464.mp4,660ecf8d9c5581e068de1f9a0f90f6057c5e277f64be81237a19c609c37335f9,1,1,0,validation,validation,0
singleton_1225,singleton,RLVS,Violence/V_465.mp4,1ad7db2fbbc5ea29fe44270164e190c4f655b1d5328d3cbf42a63cfbba6b3440,1,1,0,validation,validation,0
singleton_1226,singleton,RLVS,Violence/V_466.mp4,5fe0b14f785ba9cc3703fc1e862478b345d8bf0f09413d9c99707413384d7fda,1,1,0,test,test,0
singleton_1227,singleton,RLVS,Violence/V_467.mp4,ade7354ad9c22f532f3aa39de677c659a66d7934ab059ffb05599b912c61d116,1,1,0,validation,validation,0
singleton_1228,singleton,RLVS,Violence/V_468.mp4,481171ce269aac25c3b53ea6472621b39893c5100302f78e4789f12ff2b5c09f,1,1,0,test,test,0
singleton_1229,singleton,RLVS,Violence/V_469.mp4,6f95d438ba4270d6d53b7caeb63752c6690cb9cb4f622317215d7488389e0a88,1,1,0,train,train,0
singleton_1230,singleton,RLVS,Violence/V_47.mp4,4edc043c5255a1509e37f1e3b93a0c6275a30255bb2be0cfc36f77e71a1714ac,1,1,0,validation,validation,0
singleton_1231,singleton,RLVS,Violence/V_470.mp4,d777eb203c4fc6e670865e5a393eb91edb56bf3050e0f28780101958c680f645,1,1,0,train,train,0
singleton_1232,singleton,RLVS,Violence/V_471.mp4,e05a0ec90cb5002742fcf17156305cdb1b6f3ca8d8c4bb630618c6e97a5e612c,1,1,0,train,train,0
singleton_1233,singleton,RLVS,Violence/V_472.mp4,7edb656d35cec8e0bbc5cc77d090d76f594b4ca70f2d6075857c0a905ebeec54,1,1,0,train,train,0
singleton_1234,singleton,RLVS,Violence/V_473.mp4,2d3fe4a7ee6891186974263ac7d99449db858ff273fcc35734c845585854fdb4,1,1,0,train,train,0
singleton_1235,singleton,RLVS,Violence/V_474.mp4,8ad59b8ac5b26fba9ae1edbf1ddb60d507b882980e81d012c3b926ab79cb1c18,1,1,0,train,train,0
singleton_1236,singleton,RLVS,Violence/V_475.mp4,8247004a8f22de3b605be38d20b9a5cb7848d87d170f97bb48eb6fb62e3f0d2d,1,1,0,validation,validation,0
singleton_1237,singleton,RLVS,Violence/V_476.mp4,4d38837c9368e2115fca0ba43e805d8a0d95ad500a1ea3873933a30a43138d7c,1,1,0,train,train,0
singleton_1238,singleton,RLVS,Violence/V_477.mp4,d00cb03aed625483daf2f924cc7ee4907cccf83c4dc65adb114f84b3c8faca86,1,1,0,train,train,0
singleton_1239,singleton,RLVS,Violence/V_478.mp4,b108b8a28eb8ed90e228640c01ad166a370a52b0f0e34f764284b8e36647a367,1,1,0,train,train,0
singleton_1240,singleton,RLVS,Violence/V_479.mp4,4cfb7c5e2bc158b5ffe84e2b1b49049a5ae3ec1aec5fc74fe3005092869f4778,1,1,0,validation,validation,0
singleton_1241,singleton,RLVS,Violence/V_48.mp4,fed88e1d8f76a7f7c1ce28b558899a4c1b14c5bf92c6451fed11560037c7030b,1,1,0,validation,validation,0
singleton_1242,singleton,RLVS,Violence/V_480.mp4,ebc786416031fc0a344e151aee04759d666f088f187361d80f822021272de9dd,1,1,0,train,train,0
singleton_1243,singleton,RLVS,Violence/V_481.mp4,4c7f5b73c1105bea659f6a63fc2b9367701cf1df2a1279568cb970f6fb1eb1b3,1,1,0,train,train,0
singleton_1244,singleton,RLVS,Violence/V_482.mp4,815b87864c0ff824b45f102121e7c02bfd8f315d748040a10b691d5b81659d3f,1,1,0,train,train,0
singleton_1245,singleton,RLVS,Violence/V_483.mp4,9c2f3575619beeddd363ac74228acb9d4a7f02b29bbe33508fad2e6417ab6f7f,1,1,0,test,test,0
singleton_1246,singleton,RLVS,Violence/V_484.mp4,580d7c979594584ed60c1fd1041ede21b0c69aaf08a1de2afdf00a0a52100978,1,1,0,train,train,0
singleton_1247,singleton,RLVS,Violence/V_485.mp4,02b4be4a1baf86d6dd65432fc55de8534ce39c43141b6832ffb1deb34dceac15,1,1,0,train,train,0
singleton_1248,singleton,RLVS,Violence/V_486.mp4,5a769a31ddf02773218fa929ebfe17428636702facdeeed475090b1629ef6d05,1,1,0,test,test,0
singleton_1249,singleton,RLVS,Violence/V_487.mp4,49e3b5e6bd2d5454056fe21fd3a6934452a4bfb2a9b676f9b01e43fca6672a23,1,1,0,test,test,0
singleton_1250,singleton,RLVS,Violence/V_488.mp4,22f91e183ed6b885b1e7a84569db1f48e65578a45c256ce927e4672f3a2a77c6,1,1,0,train,train,0
singleton_1251,singleton,RLVS,Violence/V_489.mp4,f13c1774b77807eecb5748bfa2107377d7436f047333e1a5504fe47d8860136b,1,1,0,train,train,0
singleton_1252,singleton,RLVS,Violence/V_49.mp4,0e4e736165605b2bac8f037fac68aed08368726233713ece52a85cfffb78ddfd,1,1,0,test,test,0
singleton_1253,singleton,RLVS,Violence/V_490.mp4,c6d018694ab82e7e3f9b4788b604e10019b89074ce93713a3039b514974e146c,1,1,0,validation,validation,0
singleton_1254,singleton,RLVS,Violence/V_491.mp4,cda7591b7c23e11fb64c12e683212f76ff1bbfd79c63dc366f70a146d80ac285,1,1,0,train,train,0
singleton_1255,singleton,RLVS,Violence/V_492.mp4,01730fe582e8f8cca6a9d6661e48c3c8f6cd3478d2bfcca680bd2df044f7cef9,1,1,0,validation,validation,0
singleton_1256,singleton,RLVS,Violence/V_493.mp4,4a36bad6edf4609e1a884302b1a6df0caa9a074e92fe8ba9e18e9587c710af1c,1,1,0,validation,validation,0
singleton_1257,singleton,RLVS,Violence/V_494.mp4,813b7757586f7aaaec3c735a8823a313cebeac68abff1218c8a3f8a51e64bd1b,1,1,0,train,train,0
singleton_1258,singleton,RLVS,Violence/V_495.mp4,657e00141e07f2b17b855be3aab02a3a75463964d5e7509f961bc87577861670,1,1,0,train,train,0
singleton_1259,singleton,RLVS,Violence/V_496.mp4,cee1990dca6a25dae331edec0fe65c447c0d88416ff9397c50c0974e1b2d8156,1,1,0,train,train,0
singleton_1260,singleton,RLVS,Violence/V_497.mp4,004d417a5d14d28e15032e5a66e902a47566641c0582805c51446f98d3b980c2,1,1,0,train,train,0
singleton_1261,singleton,RLVS,Violence/V_498.mp4,996460367b064795896362caa5fef651fba69dd432db0edbe49a958d907690a0,1,1,0,train,train,0
singleton_1262,singleton,RLVS,Violence/V_499.mp4,632146a832e3eaeca0f6bdbf18a13138b8e53508035e7af509765ccc98cd7cc3,1,1,0,train,train,0
singleton_1263,singleton,RLVS,Violence/V_5.mp4,0aed05c12a7c06a3af2b408e49edb7ead118dba224fa03ea0d4762a03fe648b2,1,1,0,test,test,0
singleton_1264,singleton,RLVS,Violence/V_50.mp4,dca6d3195ca841e289758f93ab88e69483267c5f10cc0d9acca555976cf88d4c,1,1,0,validation,validation,0
singleton_1265,singleton,RLVS,Violence/V_500.mp4,4dc63765fa631d28874463aa312b80bc53bcc9be5ce12e622d4d125251a66b04,1,1,0,train,train,0
singleton_1266,singleton,RLVS,Violence/V_501.mp4,859f749642c0d3574256b22b674ed7115ddaa22bfd059233674f15ff93084e75,1,1,0,train,train,0
singleton_1267,singleton,RLVS,Violence/V_502.mp4,61ffde2f262c06cb75ed9d56b1cba9dd83b6109d4d8397a3595c0511d0c9acbd,1,1,0,train,train,0
singleton_1268,singleton,RLVS,Violence/V_503.mp4,5d96f8ac3cf8a5dea647a3492dcdd8d8bf118f16bde00f287028b910b2f0f6a2,1,1,0,train,train,0
singleton_1269,singleton,RLVS,Violence/V_504.mp4,824edfa52b7b6fecd85754be7f841cdd5cecb7519103623d4c17f2a325039612,0,0,0,train,train,0
singleton_1270,singleton,RLVS,Violence/V_505.mp4,d26e0789ee2e8b90caef63701530ddcef4c6e6a83ecd52721ce98b8f95abe76a,1,1,0,validation,validation,0
singleton_1271,singleton,RLVS,Violence/V_506.mp4,6286a665b0d29baee0df031109fa1cc2465b64ef7e3bb25c06f9e398e1f65e7c,1,1,0,train,train,0
singleton_1272,singleton,RLVS,Violence/V_507.mp4,7e5bd32075140aa5eba39176a81082634c46dc335b65e818ce64832e40ec52e5,1,1,0,train,train,0
singleton_1273,singleton,RLVS,Violence/V_508.mp4,3686fa173f97eae46a6b084ccdc089ef60551839b07d40cdb0ae226f33c45a08,1,1,0,train,train,0
singleton_1274,singleton,RLVS,Violence/V_509.mp4,45cc4ca94deee1cc9afe6866d923256a6deee76e791c9d154851e672023f5451,1,1,0,train,train,0
singleton_1275,singleton,RLVS,Violence/V_51.mp4,895a3464c181abe0c06f958cf856c0375271484a2135b48ac55d438ba93fda7d,1,1,0,validation,validation,0
singleton_1276,singleton,RLVS,Violence/V_510.mp4,ad5f1759ef5e99302f0a1177f63e2c88ed9d4078c6bd097e33e6d79408a86b9c,1,1,0,train,train,0
singleton_1277,singleton,RLVS,Violence/V_511.mp4,58d8b019ee04576f1831274a593eaf4a0c6688d31bd3d207b26970de7f65c5c4,1,1,0,train,train,0
singleton_1278,singleton,RLVS,Violence/V_512.mp4,d217f62ea386c62399a3c4565a214de05e6912c2c9a6380768e9925ee00abc63,1,1,0,train,train,0
singleton_1279,singleton,RLVS,Violence/V_513.mp4,65c80c96d1e24b85671e90a7743b86b25a4bbd6a98c4e5677f75efbaaadf2e7e,1,1,0,train,train,0
singleton_1280,singleton,RLVS,Violence/V_514.mp4,5254bf67824a71b8b28d246a5c3c089d77b58155a878846e826d16b2857c5070,1,1,0,validation,validation,0
singleton_1281,singleton,RLVS,Violence/V_515.mp4,fc09ebb8f2f53f7e0fe7b3308ab5c8467abdd463d5a5e2a794a99542324c77f8,1,1,0,train,train,0
singleton_1282,singleton,RLVS,Violence/V_516.mp4,92b1fdf9608dd13a2a26a12575bc78afc1662c8c2f6236c14757eedfc07411e2,1,1,0,train,train,0
singleton_1283,singleton,RLVS,Violence/V_517.mp4,4407fb03d0d64a202efde325fddfa819d2d1aa8300b9edc9b8e99e3b8a9c4531,1,1,0,train,train,0
singleton_1284,singleton,RLVS,Violence/V_518.mp4,ebd59ebd8a5f866d15c3cc4e8651e04edbdeaa3da5222b65c470d997ff075219,1,1,0,train,train,0
singleton_1285,singleton,RLVS,Violence/V_519.mp4,38dc0d161d2e70680ef9bb8e8fb91d045aa0a2c1cc148dc31fe8aca8a8770bca,1,1,0,train,train,0
singleton_1286,singleton,RLVS,Violence/V_52.mp4,4359b42ffb185f86ffb97a71b63e0b473597f1daa86f6f18b03d53034a952d1c,1,1,0,train,train,0
singleton_1287,singleton,RLVS,Violence/V_520.mp4,80b0dede774f8ce5ccb2cf1c495c3ec898b13f734c81f11f4a26e2ce0934e221,1,1,0,train,train,0
singleton_1288,singleton,RLVS,Violence/V_521.mp4,418cb0899d5c75edd3844afa60c9ae8a73898d87486749e4037386f2a4db3f26,1,1,0,train,train,0
singleton_1289,singleton,RLVS,Violence/V_522.mp4,b69e533329cf5b43d8d82091e4132110e86bbc3bad8323e6966279ded368f31d,1,1,0,train,train,0
singleton_1290,singleton,RLVS,Violence/V_523.mp4,c06659e979e658e93c556e2df3d3e14821f4a89661610ca11e397e1cfcef03f1,1,1,0,validation,validation,0
singleton_1291,singleton,RLVS,Violence/V_524.mp4,b1c1f35c970c5f710657e5be6e87b6d7c10d035eeadb9d2cad49f9d560a00448,1,1,0,validation,validation,0
singleton_1292,singleton,RLVS,Violence/V_525.mp4,4e203e2447e329758cee10a2848f08585d7719ddf467ed314f8395f6f9346763,1,1,0,train,train,0
singleton_1293,singleton,RLVS,Violence/V_526.mp4,039de4a6406cc110e7265b9f1e821807d1f2397207c777f8c40892f95e9b3ef3,1,1,0,train,train,0
singleton_1294,singleton,RLVS,Violence/V_527.mp4,74880fe76aa7f9fa1d1802d3d2542dd8fba5e63f81aa7f551d0f54c35207cd3e,1,1,0,train,train,0
singleton_1295,singleton,RLVS,Violence/V_528.mp4,5d9fb2e6287f64c4fbfd60e43451d1efc274fbd1136e50c4e9595b062eb3e681,1,1,0,train,train,0
singleton_1296,singleton,RLVS,Violence/V_529.mp4,ad7cd9efb43a0ebcc52c2493053074491a36f733707d78c91636bd96000509e3,1,1,0,train,train,0
singleton_1297,singleton,RLVS,Violence/V_53.mp4,97ec60d1e6358cc3f7f7ce3e0ebc6abea8700537e21faef84c689c380b1742f7,1,1,0,test,test,0
singleton_1298,singleton,RLVS,Violence/V_530.mp4,0773687c3abea11ef015518f278f447be1aeb7c061ebc6ac9601496801cae547,1,1,0,train,train,0
singleton_1299,singleton,RLVS,Violence/V_531.mp4,62f361e876042f76a236df3cd212b781972f9a611a2c1adb9eff6ccc17ef0775,1,1,0,train,train,0
singleton_1300,singleton,RLVS,Violence/V_532.mp4,3cb6b04e43d5c4b203a9504fc352bde55bc1a5319d0c8d5d630c2d9cefac1962,1,1,0,train,train,0
singleton_1301,singleton,RLVS,Violence/V_533.mp4,66a29aa9c7e5a84516aaf831373ac6aa7f67dbbb905cc3e1d78f064e87dbbb4f,1,1,0,test,test,0
singleton_1302,singleton,RLVS,Violence/V_534.mp4,f4b094f0a55f2d0ea483735cfe58c91035cf284d843ffeefbc05861a32a1e6d1,1,1,0,validation,validation,0
singleton_1303,singleton,RLVS,Violence/V_535.mp4,db051a88d960269ec8d6fe5920a04bafc77d3fce8a96c170674345cb50b5e494,1,1,0,train,train,0
singleton_1304,singleton,RLVS,Violence/V_536.mp4,f6dda0abd403033866ec770fff44f227f8e781f76f89376b38262f27e1ce3abd,1,1,0,train,train,0
singleton_1305,singleton,RLVS,Violence/V_537.mp4,0af384553929bda76b0047ac5acecfb1d9281f386b9388df694ffe179ece2c9a,1,1,0,train,train,0
singleton_1306,singleton,RLVS,Violence/V_538.mp4,82fc80bf0eeb35cf1498d87aeb75293e47594c2aac1cc2545e11a51c279b7752,1,1,0,validation,validation,0
singleton_1307,singleton,RLVS,Violence/V_539.mp4,4f3cbf5dc381e64560a8af1f2ed58d58a929ffa6d4e8e1989a5788eab739c9d4,1,1,0,train,train,0
singleton_1308,singleton,RLVS,Violence/V_54.mp4,db0adcfdec405e6006e1bc698c75e6c69bac3ae2608b09734c0a9826d598140c,1,1,0,train,train,0
singleton_1309,singleton,RLVS,Violence/V_540.mp4,2bbde943a6f07dd2033db01b1b27c20fe03fa057fff073b240ea53beac5d8ee8,1,1,0,train,train,0
singleton_1310,singleton,RLVS,Violence/V_541.mp4,2aa1e3a4984c25fbf3f3578dca429a895217d1803538e9b8d041fb1fd7128212,1,1,0,train,train,0
singleton_1311,singleton,RLVS,Violence/V_542.mp4,c61db7886ee0cf4132f9c8961d1c7704464cc2f68316a050f7fb669e4297ac87,1,1,0,train,train,0
singleton_1312,singleton,RLVS,Violence/V_543.mp4,98d61267ff140c197d86261e08263b954e5a1cce507b565abae48ad5cf840cfd,1,1,0,train,train,0
singleton_1313,singleton,RLVS,Violence/V_544.mp4,d28183f0a92683c4e72988ebee4a8435393c030d3692b1cac18c1f9e50c29c56,1,1,0,train,train,0
singleton_1314,singleton,RLVS,Violence/V_545.mp4,c0387022bfdcf529fe87c013deb598372ec8c47ec0b970a567ecc7dde1a9f277,1,1,0,train,train,0
singleton_1315,singleton,RLVS,Violence/V_546.mp4,49c02f379d76f922cd1c68a72249f250b7d318113b6360b11adc245811741d9d,1,1,0,test,test,0
singleton_1316,singleton,RLVS,Violence/V_547.mp4,9614136047a5e28038b5443ac6e7a75931a3a20d3120dd390d7b9d47a012142c,1,1,0,validation,validation,0
singleton_1317,singleton,RLVS,Violence/V_548.mp4,f96078d51d25994e4c148d82ebbf6bb2450d5531b99016b402d00eca9baa3b52,1,1,0,train,train,0
singleton_1318,singleton,RLVS,Violence/V_549.mp4,9d6c571cfe6193f9cf95fc78e5ee0b9d3138a27f7a68b127223a69ca10f9a218,1,1,0,train,train,0
singleton_1319,singleton,RLVS,Violence/V_55.mp4,07751ebdeafb555406338477f9b02687835fef6d461d026f78c8ada34fe4a75d,1,1,0,validation,validation,0
singleton_1320,singleton,RLVS,Violence/V_550.mp4,edf3a886d9208de6ffd658e49369d86bb3b8d51904209acc1fe2857b01627ba1,1,1,0,validation,validation,0
singleton_1321,singleton,RLVS,Violence/V_551.mp4,342dcafc239daaf2c4eff65755b651d413db2c5df95f403a4c6c25dda9e1845f,1,1,0,validation,validation,0
singleton_1322,singleton,RLVS,Violence/V_552.mp4,87ca574e50464b4307cd410bb4a23c56d6d316fb39aa5ef06a4890a874d5b577,1,1,0,train,train,0
singleton_1323,singleton,RLVS,Violence/V_553.mp4,c321c8c5d94ff73a8cd9310bf6457e2426faa5b1d95ccf63f923922a9d26b868,1,1,0,train,train,0
singleton_1324,singleton,RLVS,Violence/V_554.mp4,3526de3f6a2632f98c0fd6b71eb4bce5c45c817a0579cba454b39fb097281cc0,1,1,0,train,train,0
singleton_1325,singleton,RLVS,Violence/V_555.mp4,f7d1012f7fb71548a037f610f83722db7332bbb67fef0332f70b1a80f24e10de,1,1,0,train,train,0
singleton_1326,singleton,RLVS,Violence/V_556.mp4,78ba9a6ad4a3051ec01c098bbc1bbf1f982f4839218a5fbe32508cfd0b1246ab,1,1,0,train,train,0
singleton_1327,singleton,RLVS,Violence/V_557.mp4,7c4304af7fd5b49d9396375032cbc087a9959e2cc3ad27ac5c6bfc59521274eb,1,1,0,train,train,0
singleton_1328,singleton,RLVS,Violence/V_558.mp4,b950f3161a9439a8d3bcda7bdb91b859f28a70cf01f88145d048eda48cb84cec,1,1,0,train,train,0
singleton_1329,singleton,RLVS,Violence/V_559.mp4,b2bc6d6562365a880a6f79e0f1414dff806004a23833ade6219fee693f4abcc7,1,1,0,validation,validation,0
singleton_1330,singleton,RLVS,Violence/V_56.mp4,fa4407362436a31a6beb1e13745a12c6b4639810a01006ac7cef6f1c23017924,1,1,0,train,train,0
singleton_1331,singleton,RLVS,Violence/V_560.mp4,c8a9d5bbf2db7c64e2fb8b9119268e4eb1339ff99821bf9a1e08fdeaf6989496,1,1,0,train,train,0
singleton_1332,singleton,RLVS,Violence/V_561.mp4,4a11e3a6da78bc787ea3efb7a0bf7e9fd572cd9991677017338a252756ec706e,1,1,0,train,train,0
singleton_1333,singleton,RLVS,Violence/V_562.mp4,9d40222ec1b5471fedeb28bdc56c2e7e85c71fcf110aca7dfe561188c5df875b,1,1,0,train,train,0
singleton_1334,singleton,RLVS,Violence/V_563.mp4,e79543897b6aef3567349e7091ea5a2deb2f5d7c61666bf562a3aadfc3bb2fc2,1,1,0,train,train,0
singleton_1335,singleton,RLVS,Violence/V_564.mp4,f49adde5b83835cd8efa22da4141c8916f676c1f42faae374cd6dd74f59519c1,1,1,0,train,train,0
singleton_1336,singleton,RLVS,Violence/V_565.mp4,138505ab5c80b45134fd9eed1d0d95d1ece36fbce26424833e6e6514df82a9a7,1,1,0,test,test,0
singleton_1337,singleton,RLVS,Violence/V_566.mp4,4af9909ecfb3c25474a9a6b6d2bcb101e65a9a50252f5ad05836190a218c1fa7,1,1,0,train,train,0
singleton_1338,singleton,RLVS,Violence/V_567.mp4,667aad6b6e61b78493db809996197eeb049f51f33239fcb26cdef79cf7b8e77e,1,1,0,validation,validation,0
singleton_1339,singleton,RLVS,Violence/V_568.mp4,4ab99fd176c4ea36a7f856894f3f445408a06c1bae01d6cec5d00c9acdae3cb2,1,1,0,test,test,0
singleton_1340,singleton,RLVS,Violence/V_569.mp4,55f24b4aaa85549080f06e7c659bde7d728a9165655461964066860ec1db7fe7,1,1,0,train,train,0
singleton_1341,singleton,RLVS,Violence/V_57.mp4,0fb3d859715c62e7d120aa6490a08f8bd1cb96a31af0eaff014d192a194a7740,1,1,0,train,train,0
singleton_1342,singleton,RLVS,Violence/V_570.mp4,41b6c5b589b6c5cc9e60b48522456b271f8b26e364be91ded179cc08d1b3742c,1,1,0,test,test,0
singleton_1343,singleton,RLVS,Violence/V_571.mp4,3359a1afd6483e60dd1b67fe796f35cf2cbbd524a2c2f809d5e1e0f99009a6c2,1,1,0,train,train,0
singleton_1344,singleton,RLVS,Violence/V_572.mp4,c7c7387401c7eedc96b4c02933f75cab509e72ad9104871ad9f5632e9de3014a,1,1,0,train,train,0
singleton_1345,singleton,RLVS,Violence/V_573.mp4,b445ddfa95e624f5735d405c068c9e2130e99635f88676c2c16a75e38bb28f47,1,1,0,train,train,0
singleton_1346,singleton,RLVS,Violence/V_574.mp4,dc37d0ff18b15365683a2ae63b59fad86cc11da93537e9024f55dc061a85e570,1,1,0,train,train,0
singleton_1347,singleton,RLVS,Violence/V_575.mp4,f7b9c6949992174be59eb67c392e06161dfa4a903194e2c3590281f633b9f61a,1,1,0,test,test,0
singleton_1348,singleton,RLVS,Violence/V_576.mp4,a9172252a51e6b9780445a4decc3b4b23cf63fe2723c605acbc389242112e477,1,1,0,train,train,0
singleton_1349,singleton,RLVS,Violence/V_577.mp4,77ddee2a17abbf5f3cac7c7f20ee947c8bfb238e3cfd97cf8e5e4006717546ab,1,1,0,train,train,0
singleton_1350,singleton,RLVS,Violence/V_578.mp4,2f7d8b6e730b9455c586592921ad0c79bb9c4dc6e84ba3f00d72c54e2e8b7f40,1,1,0,train,train,0
singleton_1351,singleton,RLVS,Violence/V_579.mp4,6bc1c7d4cd06f26347b89c3342eab07c8ef0243dde44e678b0170d60575b6a4a,1,1,0,train,train,0
singleton_1352,singleton,RLVS,Violence/V_58.mp4,001538033cfd10bbf239a76c1a8318ed293a0da5bb3acb03bf6f02c5ab4911f8,1,1,0,validation,validation,0
singleton_1353,singleton,RLVS,Violence/V_580.mp4,3e4cd6bc781a47bd18b3dc9dc3c7c30552f654c8332bb5da29b3609cc86c2b96,1,1,0,train,train,0
singleton_1354,singleton,RLVS,Violence/V_581.mp4,d59d51fa51cf334106dc4944d4de55588fa6277df90d48c467c5f4c1d6739a11,1,1,0,train,train,0
singleton_1355,singleton,RLVS,Violence/V_582.mp4,8a49657160d6548189c8ab8c88e9923946989d289a6e7fc3b10c793a27c8df14,1,1,0,train,train,0
singleton_1356,singleton,RLVS,Violence/V_583.mp4,23d0458885a3e04ebdd281190e6636e33337f02071f188e06340c503a629650a,1,1,0,train,train,0
singleton_1357,singleton,RLVS,Violence/V_584.mp4,62e65b2ec40a0f4940ee9152eebc03405e6f7c7c608397a831058b240b24918f,1,1,0,test,test,0
singleton_1358,singleton,RLVS,Violence/V_585.mp4,6b239fb5f31e9f1d3e1022f71704122dc31f4f556e4b77c76cf8417c284443a8,1,1,0,train,train,0
singleton_1359,singleton,RLVS,Violence/V_586.mp4,90e8925ebafa11e3d305be49b773070983eac2de2635fd416690f7e037c09173,1,1,0,train,train,0
singleton_1360,singleton,RLVS,Violence/V_587.mp4,e5be00f3b738ad14af89deb6bf48f85f7e7e68f00341bd9c34a3836efff1a815,1,1,0,test,test,0
singleton_1361,singleton,RLVS,Violence/V_588.mp4,577562055ccddf7cd887955a22a126274fb79643156034ac0582a646e9b8eb7a,1,1,0,train,train,0
singleton_1362,singleton,RLVS,Violence/V_589.mp4,ed491b5d7fe79283952f3640b2c7ef12597f6f5494bb78e4ec871c8bfc81fbd9,1,1,0,test,test,0
singleton_1363,singleton,RLVS,Violence/V_59.mp4,741f5cd6a291dd2397ef083c813072fc5eaa4df5e1bf6eee775cfb5ffeb28c66,1,1,0,validation,validation,0
singleton_1364,singleton,RLVS,Violence/V_590.mp4,bd59b2fc16d4bb518ed6a263cccab3ccbee5a09c6b68d1b3358f6fdf9863bdf1,1,1,0,train,train,0
singleton_1365,singleton,RLVS,Violence/V_591.mp4,1a2696ef21388e796a3e95a6fd7c2cfe17ee11edeaa109014c90a7d3521c8d9e,1,1,0,train,train,0
singleton_1366,singleton,RLVS,Violence/V_592.mp4,e547ad5e2cdfa6c6960bba4400778fda382c24999119c76fd088795002822be4,1,1,0,train,train,0
singleton_1367,singleton,RLVS,Violence/V_593.mp4,a69e37ff85ce5f3c6191c15be0ae5d35c6cb3fe1a7ff2532917937887932f53a,1,1,0,train,train,0
singleton_1368,singleton,RLVS,Violence/V_594.mp4,c675b36c9c7ec95cb0924e0b55b5f0404add0f7864ca3736db3492c83b9616b3,1,1,0,validation,validation,0
singleton_1369,singleton,RLVS,Violence/V_595.mp4,5b6a8fc4f911989dda9c8af1ad6b8e2174a8fef160e1314040c29d233f5525eb,1,1,0,train,train,0
singleton_1370,singleton,RLVS,Violence/V_596.mp4,12d43365748a8968f0db54e2c28ce80772a46a49197e6bdb48f27cc8b2eab40e,1,1,0,test,test,0
singleton_1371,singleton,RLVS,Violence/V_597.mp4,b02123596b6d8b61a61eee2aebbd9bdccbafc305d414f30e78069a227f7cd6c3,1,1,0,validation,validation,0
singleton_1372,singleton,RLVS,Violence/V_598.mp4,7b702267e512aaa65a0683e2c12098a5ca5eb488ee971b4ab825284fbecd526d,1,1,0,train,train,0
singleton_1373,singleton,RLVS,Violence/V_599.mp4,c34e344ed7ee89db0cb283fe80fe587ed4a6469eb634f9954a966ff120808108,1,1,0,validation,validation,0
singleton_1374,singleton,RLVS,Violence/V_6.mp4,eac2c55e28167fcbda7d161168c9cf511ce373cf7bb0b1a20e85d85e1ae9ce85,1,1,0,validation,validation,0
singleton_1375,singleton,RLVS,Violence/V_60.mp4,e98bd23b16e8dc66673eb3349dab6e454073c2b6733f6bc14f0c078e012588fa,1,1,0,train,train,0
singleton_1376,singleton,RLVS,Violence/V_600.mp4,805506d4ade1f2b8727332986c7ee2ee1c33937bef1605d155776fceeb83efba,1,1,0,train,train,0
singleton_1377,singleton,RLVS,Violence/V_601.mp4,5741695b1f316e99813776a784d5cdfc797102f255a7bb8e5e059a54e1749982,1,1,0,test,test,0
singleton_1378,singleton,RLVS,Violence/V_602.mp4,0279d7221a22279a9f348284673b0d1844fa6e8df09b0bbe8e145278b49d7305,1,1,0,train,train,0
singleton_1379,singleton,RLVS,Violence/V_603.mp4,ad5bae9c34a8b495c1840add46af149257098adedba14205a1fe9d79551b2109,1,1,0,train,train,0
singleton_1380,singleton,RLVS,Violence/V_604.mp4,070487b4ca0cfec35541000238689d9491f3d45cbe28e8baef19c893c5234bca,1,1,0,train,train,0
singleton_1381,singleton,RLVS,Violence/V_605.mp4,a940dbb5329d733c5999ab74ad2457e8f281ba9ce204388b1fa7e60e80a976a6,1,1,0,train,train,0
singleton_1382,singleton,RLVS,Violence/V_606.mp4,f43caa9ae2a2cea7758282147cf7c95e68376d2fd30f0dd792abb4c44c27bb60,1,1,0,test,test,0
singleton_1383,singleton,RLVS,Violence/V_607.mp4,d53b2b7868bd0003d47bd70cfa65dc64958c70d0d92b30defe9d12a0b7b937dc,1,1,0,train,train,0
singleton_1384,singleton,RLVS,Violence/V_608.mp4,46cd49c46e1db344e8a3e49b972bb95d58cbe421df63d23adeb0bdcc6c854515,1,1,0,test,test,0
singleton_1385,singleton,RLVS,Violence/V_609.mp4,97115bb080ca3344a31c60e274affeb79ddfa3757ca950547466052d1c7a5399,1,1,0,train,train,0
singleton_1386,singleton,RLVS,Violence/V_61.mp4,381be4e08c02d3e1a72fcbdaebea6bc54a6fc7157fc38b077b632d7928c4d313,1,1,0,train,train,0
singleton_1387,singleton,RLVS,Violence/V_610.mp4,35564273ec9087fbf8ea72e642fdaeb032abd32ee43af52ecf01a3c0103a3be5,1,1,0,train,train,0
singleton_1388,singleton,RLVS,Violence/V_611.mp4,6904285fe2fdcd0d6c9c12cd4335ca9d9a6fbc6fe37ece8635ab1eadb4972e90,1,1,0,train,train,0
singleton_1389,singleton,RLVS,Violence/V_612.mp4,91bfa0e3320b9810b3d423721838affe5ef505cc995bdbfb5305a36790907f1c,1,1,0,test,test,0
singleton_1390,singleton,RLVS,Violence/V_613.mp4,b19de36a565aa41f06378237986d7ff0a550038bf75072585b023575569a690d,1,1,0,train,train,0
singleton_1391,singleton,RLVS,Violence/V_614.mp4,7fe2282d6bbb12c2d05ed74f6f9ecdfd973b518c44607e18e221a13320b6646f,1,1,0,validation,validation,0
singleton_1392,singleton,RLVS,Violence/V_615.mp4,3e2440b20617d108614617ba838bb0de135201e9898e5fe6c3cf0bf2dc4b6400,1,1,0,train,train,0
cluster_0169,perceptual_near_duplicate,RLVS,Violence/V_616.mp4,45f0f2ab22170671c9249589143d8971d7244094ccff389d07f700277c4059fc,1,1,0,train,validation,1
cluster_0169,perceptual_near_duplicate,RLVS,Violence/V_617.mp4,fcebc863da0af473726a9dc5a57c359a98c9bafea952906afce20647a4a4d0fd,1,1,0,validation,validation,0
singleton_1393,singleton,RLVS,Violence/V_618.mp4,a514f22e74c954b0ba15c02c53d43b8d003d5f88e6714022e6534b971bd6e0e6,1,1,0,train,train,0
singleton_1394,singleton,RLVS,Violence/V_619.mp4,918b9d86b0f298b7e111114bc2bcec1eaded0a022c5d626ced0694bb5508f5e8,1,1,0,test,test,0
singleton_1395,singleton,RLVS,Violence/V_62.mp4,4b58311de387a16a8afc15d4ef79cf3dca715922a4500e4b267074b362061e78,1,1,0,train,train,0
singleton_1396,singleton,RLVS,Violence/V_620.mp4,48598fb4395cca8fe934db5e004726521a74c5b5ea19e5fbfe4b32ba184dd968,1,1,0,test,test,0
singleton_1397,singleton,RLVS,Violence/V_621.mp4,f8b5a48171cb452623dbb0fc472f5d27add13c44e0e656d1c4c1df480664f7f5,1,1,0,train,train,0
singleton_1398,singleton,RLVS,Violence/V_622.mp4,3c2cd1e6b78efbf54477f662d122a9d9e39d98edef6afd4b33b9efb370aad648,1,1,0,train,train,0
singleton_1399,singleton,RLVS,Violence/V_623.mp4,fb96c2909fb2d076bf35d796c0b4c35b5deb427cb01653520b4ecd1008ec6641,1,1,0,train,train,0
singleton_1400,singleton,RLVS,Violence/V_624.mp4,9631656998d3323074369fd56654a743ddc9c2be8f8b05b850e9ec6d2f246f51,1,1,0,validation,validation,0
singleton_1401,singleton,RLVS,Violence/V_625.mp4,5ef98e84741089d6a29434a114f60216550e0a9bb56dafd94cf07330c3c18aa8,1,1,0,validation,validation,0
singleton_1402,singleton,RLVS,Violence/V_626.mp4,258ce79eba594140ea457b476ddb79aa6eae3de9d57b93d750d4f4143d74c477,1,1,0,validation,validation,0
singleton_1403,singleton,RLVS,Violence/V_627.mp4,70a27726d45851141b9965eded9961abbd73b4337f40818d4a03232620473beb,1,1,0,train,train,0
singleton_1404,singleton,RLVS,Violence/V_628.mp4,1fae361876b3949bfd70527869bb8973298c43f6dc05fca66ba52385d177f3f1,1,1,0,validation,validation,0
singleton_1405,singleton,RLVS,Violence/V_629.mp4,c72a35d0958d8773d77116d01c858905385d46955a467a80166fa400ffb87700,1,1,0,train,train,0
singleton_1406,singleton,RLVS,Violence/V_63.mp4,c2c5593bbdd29bec2538dd25fc756497b7bd847908f2cc0a28cc6c1ac1a26702,1,1,0,train,train,0
singleton_1407,singleton,RLVS,Violence/V_630.mp4,0bba64d8b8feb24a94830e95013cb9fb5c82c3b7ac4ceb7b4feb1baeff37813a,1,1,0,test,test,0
singleton_1408,singleton,RLVS,Violence/V_631.mp4,988f7085fa48dae8eb733db8a73e74062d6fa421013074126af4b02587611a4f,1,1,0,train,train,0
singleton_1409,singleton,RLVS,Violence/V_632.mp4,9e3001ab312f2415e467620bf69f7fd318b3ded12464136af87da7d61a92e547,1,1,0,test,test,0
singleton_1410,singleton,RLVS,Violence/V_633.mp4,fa74308a9bbb82ffa1aa6622c84556786fd2a2cbf529ccf56ba98ccc6279e8e3,1,1,0,train,train,0
singleton_1411,singleton,RLVS,Violence/V_634.mp4,61d6f3f4ca09172ecc5c5f186502a244bf71972bd0d9f54a9e4750637b6c154d,1,1,0,test,test,0
singleton_1412,singleton,RLVS,Violence/V_635.mp4,3aff2bcb132c0f6e8b559b030518a151c7b6de2a73c600ec92104377683a1c98,1,1,0,train,train,0
singleton_1413,singleton,RLVS,Violence/V_636.mp4,1062e5de541fe8111fbb177690fc5a8d1e48a1e0ddc4760bb1941551c494bac5,1,1,0,train,train,0
singleton_1414,singleton,RLVS,Violence/V_637.mp4,a033d7c76ac8c97a36b44fa1588015aa779a9d32e4806f3915e64c0e0acbff3b,1,1,0,test,test,0
singleton_1415,singleton,RLVS,Violence/V_638.mp4,d3baa4f52941952601a140b1201158d88a6b1be59da3a915a6ee296ba6b0150b,1,1,0,train,train,0
singleton_1416,singleton,RLVS,Violence/V_639.mp4,00fa482a72136b2eebf51b4696b7974f6364d48174aa36063185be8f9533386c,1,1,0,train,train,0
singleton_1417,singleton,RLVS,Violence/V_64.mp4,5e363e4a4c1a43975e925d74ce20efe1278282961da5be73986c0c6f99a5febf,1,1,0,train,train,0
singleton_1418,singleton,RLVS,Violence/V_640.mp4,62cac744874edb289fce6ede27b50e7df25dd377402cf0fc472d86800a2d0440,1,1,0,train,train,0
singleton_1419,singleton,RLVS,Violence/V_641.mp4,498a84ffdd4022838ebe5546ffc89d8098d7d40f76319472922d200f5eb444c2,1,1,0,train,train,0
singleton_1420,singleton,RLVS,Violence/V_642.mp4,589d481c5368971be846464912847861227d25f05d9c250d5de646e73d37c260,1,1,0,train,train,0
exact_sha_group_0007,exact_sha256,RLVS,Violence/V_643.mp4,7d1630491e547895274e47184d666a496cf8a58330d9b47092c4be3c194d72a2,1,1,0,train,train,0
exact_sha_group_0007,exact_sha256,RLVS,Violence/V_644.mp4,7d1630491e547895274e47184d666a496cf8a58330d9b47092c4be3c194d72a2,1,1,0,train,train,0
singleton_1421,singleton,RLVS,Violence/V_645.mp4,f8dc6f1ceff67a317db93964bce87d9c80138a57128189dd19960d9cd1d05ad4,1,1,0,train,train,0
singleton_1422,singleton,RLVS,Violence/V_646.mp4,faa5b0908a06073c42139a14c6e2f10eb6c20ff72c1c22a746cc1aaa05aed7f5,1,1,0,train,train,0
singleton_1423,singleton,RLVS,Violence/V_647.mp4,7b2f95739291668acf20e60d37ccb0ddb133a7fb7100a937a16ac6670dc95283,1,1,0,train,train,0
singleton_1424,singleton,RLVS,Violence/V_648.mp4,4f553d1a83922e50271fa805bf1a003adeb52c380144f4e108569bce60851fcc,1,1,0,train,train,0
singleton_1425,singleton,RLVS,Violence/V_649.mp4,8d8f36427aef98f831d6a7963fad26b9a58cc7c6e8a2ae75944f8487f794b72a,1,1,0,train,train,0
singleton_1426,singleton,RLVS,Violence/V_65.mp4,d5bf48adc88ed67ea352e39dd8ae8429aa6731e1216849728733aca627dc7683,1,1,0,train,train,0
singleton_1427,singleton,RLVS,Violence/V_650.mp4,2172834d7cb19db42f54256f07b38c3b7603b9489f0f3d4fb4e9efd5d85c8b11,1,1,0,validation,validation,0
singleton_1428,singleton,RLVS,Violence/V_651.mp4,22e21272c7e9f6204b5be0b6170bc8a7093edc9993d097348be1eb6bf2e61481,1,1,0,train,train,0
singleton_1429,singleton,RLVS,Violence/V_652.mp4,80a1c1613e53871efeff289067fa4dd10e9215d520218a5c20364d5e304bd37e,1,1,0,test,test,0
singleton_1430,singleton,RLVS,Violence/V_653.mp4,bc71daff4c9133122c811215fce1ff7f5a9293ac9ef8b21b0f995cbf87510c8a,1,1,0,validation,validation,0
singleton_1431,singleton,RLVS,Violence/V_654.mp4,61c219fe3cda519b613abbf6a5fa4c1d4c2c86c70f5f9462864e7d0a03bedcb3,1,1,0,train,train,0
singleton_1432,singleton,RLVS,Violence/V_655.mp4,e4278fe168c55d50eea45a801227d2fde18bd05171abba012602ac9a998f4799,1,1,0,train,train,0
singleton_1433,singleton,RLVS,Violence/V_656.mp4,b8ea61b881bbaeb608941855b214f86385bf05b6af96634d9594f3aa3f8bfba8,1,1,0,validation,validation,0
singleton_1434,singleton,RLVS,Violence/V_657.mp4,eb970426f887d3305bf6c871846f67bcbea6570657e382e5e3eac0b1a5ce6adf,1,1,0,test,test,0
singleton_1435,singleton,RLVS,Violence/V_658.mp4,fdae1863929bbf1bee1e9b610bf40ddc2d1ecb41e8b59bef321dd9432132ddca,1,1,0,train,train,0
singleton_1436,singleton,RLVS,Violence/V_659.mp4,9e69f7a9918a997b51592b4ce172cc84220389a281506710f75181e63e027ed6,1,1,0,train,train,0
singleton_1437,singleton,RLVS,Violence/V_66.mp4,1dae36bba23cb50c26ffb2cd3fceb63f15b707b1896e3fb505adae10057bea5b,1,1,0,validation,validation,0
singleton_1438,singleton,RLVS,Violence/V_660.mp4,c947cf6a3d0b2b727f5f572f69629bc9c5e3afd51aa35962ebd1d7dee15a69e2,1,1,0,train,train,0
singleton_1439,singleton,RLVS,Violence/V_661.mp4,c6c5425b5204f5d406220fb5198e7f19f2de0369c1c7d7bb14b5b6408b2e629e,1,1,0,train,train,0
singleton_1440,singleton,RLVS,Violence/V_662.mp4,94be0cd137eb628bd5a9dafc7c8fa1988230797204be6d5bfe78c243c52f64a3,1,1,0,validation,validation,0
singleton_1441,singleton,RLVS,Violence/V_663.mp4,8d87be478f02bde36e58452105021f75900a92ef42f37323e69688ea0fba5830,1,1,0,train,train,0
singleton_1442,singleton,RLVS,Violence/V_664.mp4,9272a12fdc7acc16816de0708e5158e55915353677bf1c4c3ba8d80230f6c85b,1,1,0,train,train,0
singleton_1443,singleton,RLVS,Violence/V_665.mp4,03bdecaeee7bd11810619e88d195e703da09e97fdccf057916071244a5372c76,1,1,0,train,train,0
singleton_1444,singleton,RLVS,Violence/V_666.mp4,4491db1bc2adaf754c8f9cd377ef3b91326f3758afc6ba0e81bf71464ea616dc,1,1,0,train,train,0
singleton_1445,singleton,RLVS,Violence/V_667.mp4,39f75a69758243cd16e8fa38379f39e71f9d4bfacce22dd1bd417a14a64442eb,1,1,0,train,train,0
singleton_1446,singleton,RLVS,Violence/V_668.mp4,40ab45b351ed7c0ba16832f00af921867eb229e7074cb4919e955f0d12d6d0cf,1,1,0,train,train,0
singleton_1447,singleton,RLVS,Violence/V_669.mp4,2f9afba89656a26aa2b850ef571fbd8c12d9e3d4899e9ab12529452df761ec98,1,1,0,train,train,0
singleton_1448,singleton,RLVS,Violence/V_67.mp4,056d5f2f78ed28966681517d9674c2b280d7fa4c9a2a42db9f9ab9baadb11959,1,1,0,train,train,0
singleton_1449,singleton,RLVS,Violence/V_670.mp4,6d7fc9afb40871c336bd7537b0a9c129d5e80afab3866049ce4cc0950214c7e2,1,1,0,train,train,0
singleton_1450,singleton,RLVS,Violence/V_671.mp4,e3db54abdbf3fa357246df6378ad4c90cfc624f8c2314cf0d15476e1e829d7c8,1,1,0,test,test,0
singleton_1451,singleton,RLVS,Violence/V_672.mp4,cf21963c0198df2aed7cc4a295ba4f8ac6982ef67389763bb2ad0d7de9ad64fa,1,1,0,train,train,0
singleton_1452,singleton,RLVS,Violence/V_673.mp4,8ce049e76b04e67ad4f11c69aa062601ac7818ef4009e2cd2883dab75266f26e,1,1,0,train,train,0
singleton_1453,singleton,RLVS,Violence/V_674.mp4,76b9f183440b428c716cb864be394bb8208ee1618f0c9294e3da7aec198d26f7,1,1,0,test,test,0
singleton_1454,singleton,RLVS,Violence/V_675.mp4,8b008e3d8fb929e080fdba711ed44f97d11b7ecb12cc34b169a19b39b9eca82d,1,1,0,test,test,0
singleton_1455,singleton,RLVS,Violence/V_676.mp4,60fc07cb66e90900a4356903c1c92cfba15ad7d992e28cd7c1c60d79e2fcf256,1,1,0,train,train,0
singleton_1456,singleton,RLVS,Violence/V_677.mp4,5eb22afa6fd40983691faf9ff0e5c7659c1d107a994eccc1035cf2113e5aad3b,1,1,0,train,train,0
singleton_1457,singleton,RLVS,Violence/V_678.mp4,ed1debdf3c3068e9c9316eca0200a45f74850a469fe6648de1b1fbf8f4d69ac0,1,1,0,train,train,0
singleton_1458,singleton,RLVS,Violence/V_679.mp4,d1dd4c62601f480073a6786ee80a86eb2cd3e3826fa872479d9c2ee7905bbd03,1,1,0,test,test,0
singleton_1459,singleton,RLVS,Violence/V_68.mp4,0c88545af0d073d055be82a98c71bdac4dbc9e374126083fe08aa1e7044735a2,1,1,0,train,train,0
singleton_1460,singleton,RLVS,Violence/V_680.mp4,ba797c2f13d8b92af005bf58c9b623478f67cb34f733a76a76f95af406d3532d,1,1,0,train,train,0
singleton_1461,singleton,RLVS,Violence/V_681.mp4,d5e633165314552f5dc849a4e08f73d3ce41509c53210103ac716ff6fca6e2bc,1,1,0,train,train,0
singleton_1462,singleton,RLVS,Violence/V_682.mp4,39a65fba6abe59896b7949ae3034b2b8af4c63dc6df11b9207f87ffd9443594c,1,1,0,train,train,0
singleton_1463,singleton,RLVS,Violence/V_683.mp4,09c262a6c9a48b6d6b9014c54f80bb94403b1fbe9b0fd301fa4fcb1afadf1ff5,1,1,0,test,test,0
singleton_1464,singleton,RLVS,Violence/V_684.mp4,4d3f124c9084372fe8a56f3c24da695a8a826985c1575b9e20281f64f123fa33,1,1,0,train,train,0
singleton_1465,singleton,RLVS,Violence/V_685.mp4,008652ebf4a0db6216e5c64fc8cecd49e10280d4a6335d9f5a6fd76fff91f07e,1,1,0,test,test,0
singleton_1466,singleton,RLVS,Violence/V_686.mp4,e4a771bf888179dec779cb3b23f8c70c4e34129bcba8f7af4f6823e791f3cbef,1,1,0,train,train,0
singleton_1467,singleton,RLVS,Violence/V_687.mp4,f23bab3d1f3746d6bd42b334598a2ec21350c2dc84b10d46dbc3403c9343fd8b,1,1,0,train,train,0
singleton_1468,singleton,RLVS,Violence/V_688.mp4,65b63b7e52763fda3310cfe1cbc355c372e944ae7cc9359033158f483ac31f08,1,1,0,train,train,0
singleton_1469,singleton,RLVS,Violence/V_689.mp4,3b124f2e8da42b55f4c41e7c7454fb7f45ddd9a2c2330aac846014b588c0dd83,1,1,0,train,train,0
singleton_1470,singleton,RLVS,Violence/V_69.mp4,0db3b3cc8c2218bcc2543f9c531bce00b4573c849f4c59ca970b1afaf27fe6e7,1,1,0,test,test,0
singleton_1471,singleton,RLVS,Violence/V_690.mp4,781e7dd80bf0c32ca92fa86bb740e09933bf924d537971f95c9941ae0d31b7fb,1,1,0,train,train,0
singleton_1472,singleton,RLVS,Violence/V_691.mp4,1bdeb3198d4c84cacbd44b5daa4d09d0821868b6f358bc46f8e48726e1aa9296,1,1,0,train,train,0
singleton_1473,singleton,RLVS,Violence/V_692.mp4,c1082a774f1ac08aa885ec290f9bd5b5e9481d64b7f975936af32ae79081e734,1,1,0,train,train,0
singleton_1474,singleton,RLVS,Violence/V_693.mp4,544e3a1b3ec5b4824c8ecad0bb669daebb7263fad461ae004199e43facca29c6,1,1,0,train,train,0
singleton_1475,singleton,RLVS,Violence/V_694.mp4,f15b79ec49759c4d3fa74fde7c5d4c47d54845fafebda6957035900b23c2414b,1,1,0,train,train,0
singleton_1476,singleton,RLVS,Violence/V_695.mp4,bf9e791a9e96f06d14caa9599a964c1fcf3315fc77803e39dead8724427d2247,1,1,0,train,train,0
singleton_1477,singleton,RLVS,Violence/V_696.mp4,9136b62ca74d7c9d62b46e894992bbfc43cf767b2403ca4f302d86fda1c08503,1,1,0,train,train,0
singleton_1478,singleton,RLVS,Violence/V_697.mp4,c75ef28288472dbee674ddc18fc2243280766221d77eeda9e55342fa35f49917,1,1,0,train,train,0
singleton_1479,singleton,RLVS,Violence/V_698.mp4,76a298a245749ad81ac1f17d88a925218dd0bba514e666451b1fec49b274314f,1,1,0,train,train,0
singleton_1480,singleton,RLVS,Violence/V_699.mp4,932c8cac95e8c7cce3698eb7ac0785191dfa6d021df323ef2707e5c1249fc373,1,1,0,train,train,0
singleton_1481,singleton,RLVS,Violence/V_7.mp4,63d70f5143828b53b40364ad5d72014a956f50a437ff43abaa40e4aea94324d1,1,1,0,test,test,0
singleton_1482,singleton,RLVS,Violence/V_70.mp4,167bd52ecc4e4b34dfc064d2b53c35426ff74a9fa5c5d2c8429e5233ac05b214,1,1,0,train,train,0
singleton_1483,singleton,RLVS,Violence/V_700.mp4,ddf068b2bae50235e7f040f1f620a76532d7b5fc55abb6bcc1d8daf67447fd3a,1,1,0,train,train,0
singleton_1484,singleton,RLVS,Violence/V_701.mp4,bf06c8bc644a16bea06fe2034cc9749e9d6386b50fb61de4f3513c8655bcd9df,1,1,0,train,train,0
singleton_1485,singleton,RLVS,Violence/V_702.mp4,bdc5a3b0eebcf8535a4b857e448fac975a60d7410e2528c7309b97942862711f,1,1,0,validation,validation,0
cluster_0121,perceptual_near_duplicate,RLVS,Violence/V_703.mp4,d66db3869b7076c350065b3d8fa2417cefbd1c29854cc48ed636faa7eb979aea,1,1,0,test,test,0
cluster_0121,perceptual_near_duplicate,RLVS,Violence/V_704.mp4,2a7dc583c4759b4e352c61bec495e12ad833320596394754b7d02a61aafba311,1,1,0,train,test,1
singleton_1486,singleton,RLVS,Violence/V_705.mp4,75cedfd73dd95e292008ef25ae991c0ad3c7f60af48c064a29afce3367280277,1,1,0,train,train,0
singleton_1487,singleton,RLVS,Violence/V_706.mp4,9d7f466ec4faa81d8d7c50db26f065aa4b2fc6cd5b6b8afe2a67fcf9e0b3fae1,1,1,0,train,train,0
singleton_1488,singleton,RLVS,Violence/V_707.mp4,f59484f3f18ca05e07cfd50371a0ddf61d974cb639b5ab4a83fe773ab16464ee,1,1,0,train,train,0
singleton_1489,singleton,RLVS,Violence/V_708.mp4,cdaed3f5ab0f2753ac12626eab11212e42f51beb00d1ce1fbfa70840d456a4f6,1,1,0,validation,validation,0
singleton_1490,singleton,RLVS,Violence/V_709.mp4,3b560abe55e5bb8db66df4b2d905d263102ad7232ad273e70068b6acc254a4f3,1,1,0,train,train,0
singleton_1491,singleton,RLVS,Violence/V_71.mp4,1499ea89c0d91df850606ee5b2981f039113761480b303953d1db2ba18afa5b0,1,1,0,train,train,0
singleton_1492,singleton,RLVS,Violence/V_710.mp4,aedb342e1229fd242ed4c3ee653ef3d79e5d1a1a077d64b6a953ae3b340b1cd4,1,1,0,train,train,0
singleton_1493,singleton,RLVS,Violence/V_711.mp4,8d4390b0574694edb7306493b6eddc7c9a5e15adf9728e83f9f76da9b9e5cb15,1,1,0,validation,validation,0
singleton_1494,singleton,RLVS,Violence/V_712.mp4,9d9c6e4b9f2add011367db915a687f7bd0af00c162707cb57f2ae253aa4bb1a5,1,1,0,train,train,0
singleton_1495,singleton,RLVS,Violence/V_713.mp4,22e3c833557f809ed9faadc5c6aac1991236a6d4ce2ce865a2f562fc31fc44a0,1,1,0,train,train,0
singleton_1496,singleton,RLVS,Violence/V_714.mp4,7a47d462ad071e1aa8573c07871bd402958b9878db148ca299d2abbec59b843c,1,1,0,train,train,0
singleton_1497,singleton,RLVS,Violence/V_715.mp4,5fcb39981826db159ff1d00f0692fc97a3847d7aaf94248d76d0ee0635dec1dd,1,1,0,train,train,0
singleton_1498,singleton,RLVS,Violence/V_716.mp4,ccb17fdb1907471d80a7dd4500bc72041c8799e8c66dd820dacfc17b9f0838ce,1,1,0,train,train,0
singleton_1499,singleton,RLVS,Violence/V_717.mp4,9a0440dcf5c1730df38c3f0d451b139c1181a8a19386782987e0df5bbf09e4bd,1,1,0,train,train,0
singleton_1500,singleton,RLVS,Violence/V_718.mp4,2f787825c1a6dfce2bc5d63827e612068a5d32bc2fb65e2d7443b1ab54f2623c,1,1,0,train,train,0
singleton_1501,singleton,RLVS,Violence/V_719.mp4,1fd5258f072118b4f36e242ff5f5910ec5a6504b48b37816993989ce5ff916a2,1,1,0,train,train,0
singleton_1502,singleton,RLVS,Violence/V_72.mp4,0ccf53b0cf71ae04e8d894deddb28a9c0490983d202999d33808265605f1cc25,1,1,0,train,train,0
singleton_1503,singleton,RLVS,Violence/V_720.mp4,7ea49e778094e13f8ecccffd8dfa44579debd834443310056e938f8327610bc9,1,1,0,train,train,0
singleton_1504,singleton,RLVS,Violence/V_721.mp4,13f6a9a4de1cf45abe5854b7ce5941fa1cce830cf6416274ce0d471b58f85f27,1,1,0,train,train,0
singleton_1505,singleton,RLVS,Violence/V_722.mp4,3d108be05df799b75fae283f9d02a429c589ff1dc8aaf067e966d644d2d15dcd,1,1,0,train,train,0
singleton_1506,singleton,RLVS,Violence/V_723.mp4,15c5fed2243a59b57d45c9e80f7ceaa5ead98a47aadce0eefb321ae382218363,1,1,0,validation,validation,0
singleton_1507,singleton,RLVS,Violence/V_724.mp4,34bb57d9be61595bcbee141c341af341ac43c1dd79bee4774e48c0b3a869773b,1,1,0,test,test,0
singleton_1508,singleton,RLVS,Violence/V_725.mp4,338161cfb2cee6ea6af98968b2829b5dfd02d554c26344d03e14c3bc93341eca,1,1,0,train,train,0
singleton_1509,singleton,RLVS,Violence/V_726.mp4,a5a6cebc3868f56990b89f1fde7b11456452acecea62ba6afc26793357ccafaf,1,1,0,train,train,0
singleton_1510,singleton,RLVS,Violence/V_727.mp4,0edbba731ef4a78ca8912eb1275e82a3a15b05f9dada10d558cbdd6dbdb24e5d,1,1,0,train,train,0
singleton_1511,singleton,RLVS,Violence/V_728.mp4,b08ffbeedb86af890df2fcb4547e33b6a21cc4b9f93e49fab9fa03023fa04fd6,1,1,0,train,train,0
singleton_1512,singleton,RLVS,Violence/V_729.mp4,7ef5d393b88754975c105464fc455930cdc63d2f66aa369707070080c16e467a,1,1,0,train,train,0
singleton_1513,singleton,RLVS,Violence/V_73.mp4,4e4e355e204213296140a9845a8a389472f27a2e1536c626f861a0ee964b2adf,1,1,0,train,train,0
singleton_1514,singleton,RLVS,Violence/V_730.mp4,a90892d3baba9be208ee99ef93f46bf9ee3416e05312fb321211c18f84c2cd42,1,1,0,validation,validation,0
singleton_1515,singleton,RLVS,Violence/V_731.mp4,ebf712040107063caf6b5e0f77087aaa0aaee7d6cf1d25cdcdbc6b4290b1b1b5,1,1,0,train,train,0
singleton_1516,singleton,RLVS,Violence/V_732.mp4,ef9a4ecb380e1d745ff8fc956eb7106c19ae129f39880214f04e103694d15702,1,1,0,train,train,0
singleton_1517,singleton,RLVS,Violence/V_733.mp4,993ff11263a71edce0fe688093d1f4a5854fa180a77c2aa283f2f1a9849e71bb,1,1,0,validation,validation,0
singleton_1518,singleton,RLVS,Violence/V_734.mp4,ad625aeaac0dd0f092b6a52a01b14547e9d28c202da964539ad84d5213417c9d,1,1,0,train,train,0
singleton_1519,singleton,RLVS,Violence/V_735.mp4,7c6a424920c83c58ad7fb047e497a95842ec5f637155d3879d95a39dd967585a,1,1,0,train,train,0
singleton_1520,singleton,RLVS,Violence/V_736.mp4,98e4a3431b6b62c9cb3e2df365d65435dee120e53d665b2bb43b23367b190ed6,1,1,0,validation,validation,0
singleton_1521,singleton,RLVS,Violence/V_737.mp4,1e23bcee64b4c3d95c8254cf52a020ebc97d6302759c1d4672802db17bddb364,1,1,0,train,train,0
singleton_1522,singleton,RLVS,Violence/V_738.mp4,f213424843fe8098746728ac0f52427485bbfd0f6feb91da7949bafa89550d7b,1,1,0,train,train,0
singleton_1523,singleton,RLVS,Violence/V_739.mp4,5def042467b90fc9e912719b839253edc4cadb642cea1ecffd4940b62475c157,1,1,0,train,train,0
singleton_1524,singleton,RLVS,Violence/V_74.mp4,a528ac708b8df7e1e03b947225927d8c5782ebf31ff2abadab1ca61871b930cb,1,1,0,validation,validation,0
singleton_1525,singleton,RLVS,Violence/V_740.mp4,0226e8a316271a039f4947e5e3486bb17c1092979620c8e7a4fb5078b776ca3d,1,1,0,test,test,0
singleton_1526,singleton,RLVS,Violence/V_741.mp4,3ee59df79b57d24de671be28c34b89d5cd9c65fcb73d2acf6d48726efabd99f1,1,1,0,train,train,0
singleton_1527,singleton,RLVS,Violence/V_742.mp4,5381833c5c7ca947df472bab17a6c816901e534d543fa56854af93f2aacdf9e0,1,1,0,train,train,0
singleton_1528,singleton,RLVS,Violence/V_743.mp4,bccb595b68188fb59bd39481b03a3569eb48ef37cf5065c5c2c3e06cbea000c5,1,1,0,train,train,0
singleton_1529,singleton,RLVS,Violence/V_744.mp4,9d03b79987e2c7690ab6376afece4335764f27120efc11ef93c811b3035bda6c,1,1,0,test,test,0
singleton_1530,singleton,RLVS,Violence/V_745.mp4,fd7cf5cdfbf0f6cbb9f5900d47af18413ca2aece258fb8c0afb8097fde4a01c3,1,1,0,train,train,0
singleton_1531,singleton,RLVS,Violence/V_746.mp4,60efa9c9e74c533e7148406f49dcb2e0db7fcfa87fcddff5b42dafb060ffc1d3,1,1,0,train,train,0
singleton_1532,singleton,RLVS,Violence/V_747.mp4,e4c86f8ca7998599c8ba1060a34444c3faa55d9b6986ea9675fd2c98f93a89e5,1,1,0,train,train,0
singleton_1533,singleton,RLVS,Violence/V_748.mp4,d7df535f43e5a9325b5d07855bbb402778aa487230c9524d517b1c9c0f9bfd4a,1,1,0,train,train,0
singleton_1534,singleton,RLVS,Violence/V_749.mp4,cc0789af36a525e09566c0827f232b1a6b7a8aefa4abf4f099daa35e92f65503,1,1,0,validation,validation,0
singleton_1535,singleton,RLVS,Violence/V_75.mp4,f31d636f02ea2fba810b2531771118a8588881f6a97749a37c142404a24f4227,1,1,0,validation,validation,0
singleton_1536,singleton,RLVS,Violence/V_750.mp4,04659c09be959c6d2bf1e7cf420aa0349e858046395b12cc74e0320c3e743e9f,1,1,0,train,train,0
singleton_1537,singleton,RLVS,Violence/V_751.mp4,aed68174614f37dacd18068f44497401a554adaa6ecd17d2aa35dc29e2bdc755,1,1,0,train,train,0
singleton_1538,singleton,RLVS,Violence/V_752.mp4,3173e726d0f2a7658510ea7a76cd949d2d371fa2128938aea3d479035503f35a,1,1,0,train,train,0
singleton_1539,singleton,RLVS,Violence/V_753.mp4,7898fa6f5d26a99e4dd98fb854ab74e46c8fca217ac5e8a2316e952d4e2a08de,1,1,0,train,train,0
singleton_1540,singleton,RLVS,Violence/V_754.mp4,348a56c815e1342cff767302e4ca52217f1d0d2b6e6115477219b7543ea240bf,1,1,0,test,test,0
singleton_1541,singleton,RLVS,Violence/V_755.mp4,e035a385cc46c9d7899ebc0bee7190f7a4cccb727d253505f9a69725c8196862,1,1,0,train,train,0
singleton_1542,singleton,RLVS,Violence/V_756.mp4,48a7f7ee7f9d7e4ba98a3ef16c64b3e7dfe4b9dcb286980bed5c4b7703735ec2,1,1,0,train,train,0
singleton_1543,singleton,RLVS,Violence/V_757.mp4,b0f2b267d278b37a2517c4e5e80dc503a7977aae6ca0181c1947ac319d7b8bb5,1,1,0,test,test,0
singleton_1544,singleton,RLVS,Violence/V_758.mp4,314c802441f7251a334d6610f0ee0459a146e21d90ee524379d07fa8f091da8d,1,1,0,test,test,0
singleton_1545,singleton,RLVS,Violence/V_759.mp4,055eada363e2bb0df863829dcd45716fa15a684a2c2787043a37dcb7043f9349,1,1,0,train,train,0
singleton_1546,singleton,RLVS,Violence/V_76.mp4,d78389ecd585d9d25467a9b21ab0de24031ea9561ba670b19d5618d3e53711df,1,1,0,train,train,0
singleton_1547,singleton,RLVS,Violence/V_760.mp4,70b0e9c3f8da9c35931fbe31bd08a4cc19f9b1be16e9cbc3fad8e18c8a42e033,1,1,0,train,train,0
singleton_1548,singleton,RLVS,Violence/V_761.mp4,2b5f21652c265b7c8bb71f6751693f3ccd1d03b8b4bc2ffe0a0d83f6b177b941,1,1,0,test,test,0
singleton_1549,singleton,RLVS,Violence/V_762.mp4,f081eddd14931c6db03398030321c5236189acd073f78aeb3b7ee9703e7ddac8,1,1,0,validation,validation,0
singleton_1550,singleton,RLVS,Violence/V_763.mp4,612bbaa314c952438c6b0bbceb2c0ce5b90dde471302851b4cd169bde35b94a1,1,1,0,test,test,0
singleton_1551,singleton,RLVS,Violence/V_764.mp4,7662a690be61b4094f83c01d6f9dd44a145995a253abdad434d5cabb7dd8b76a,1,1,0,train,train,0
singleton_1552,singleton,RLVS,Violence/V_765.mp4,c25bce81a1fb749e2e156fb4a6f5f4568c29de340cd36d6f135923b55bc05feb,1,1,0,train,train,0
singleton_1553,singleton,RLVS,Violence/V_766.mp4,67cbcba3ed3c69d036223ddac8865aea7cf81c27ea8c1fed1b2c67ca17431c3f,1,1,0,train,train,0
singleton_1554,singleton,RLVS,Violence/V_767.mp4,87fc5804a8e4016db8381f14bd8053ec2aaa640a1859f8a01d3052b9b8f5ca88,1,1,0,train,train,0
singleton_1555,singleton,RLVS,Violence/V_768.mp4,571591894f0b400e084f636db1f00389cf614034dc26e8e713b8cdbf44f46186,1,1,0,train,train,0
singleton_1556,singleton,RLVS,Violence/V_769.mp4,d4cdfd784a92d7bb1a727a427b4a180e480f51b925d9ba4ff7e583279c8c6553,1,1,0,train,train,0
singleton_1557,singleton,RLVS,Violence/V_77.mp4,8ae4fd311adcf6f1b82cad146418d14cd4981f134199b49c6dc21a49cf7ab9f1,1,1,0,test,test,0
singleton_1558,singleton,RLVS,Violence/V_770.mp4,4e903db2bb33ed89c7e2215823c94f6d9acbc9996706af7670f0ad21db179e3a,1,1,0,train,train,0
singleton_1559,singleton,RLVS,Violence/V_771.mp4,99c8a863c2cf6161d6408ecf5c09b5f9960ee4db7392ee748048c633c9424152,1,1,0,test,test,0
singleton_1560,singleton,RLVS,Violence/V_772.mp4,c7c21b97b07fd7e4ec873e08f8eb411b173fa18e4188285e1d1170bb13ab4d4f,1,1,0,train,train,0
singleton_1561,singleton,RLVS,Violence/V_773.mp4,75fbe3c52fb96ee010af58227aba96734896c4a0d1a6b954d338fd7fec47bc4a,1,1,0,train,train,0
singleton_1562,singleton,RLVS,Violence/V_774.mp4,b4907b25f47886d96c23f4312217e334cacc72c8edf08806b415a1e36b314300,1,1,0,train,train,0
singleton_1563,singleton,RLVS,Violence/V_775.mp4,957787dcae023e27c5e2ff0395e32969c933b6b5beeffa363f3fa6000cd5d702,1,1,0,train,train,0
singleton_1564,singleton,RLVS,Violence/V_776.mp4,4b77b688d9f6c3c0e81cc925fa0a809da8f1b879f74e7e2181314116927e5c0f,1,1,0,train,train,0
singleton_1565,singleton,RLVS,Violence/V_777.mp4,77ec18987d97f2e35b9cf7dbc9c10e3bb0ca5cb649d606c20fb35d089ae16ef9,1,1,0,train,train,0
singleton_1566,singleton,RLVS,Violence/V_778.mp4,355de4671fa81f6520795f51e89c0595c12894cba651ee12f364b05213381017,1,1,0,validation,validation,0
singleton_1567,singleton,RLVS,Violence/V_779.mp4,db6e7b22782453b94517e32f64168bad5b957ef622c61cdd71618a4dfc4c9d5c,1,1,0,train,train,0
singleton_1568,singleton,RLVS,Violence/V_78.mp4,3466da75c4463b2f196055dd171e14e118e6c04ddfe3094bf5fcf6285d88700d,1,1,0,train,train,0
singleton_1569,singleton,RLVS,Violence/V_780.mp4,c9788eda04d7e51dd9023eb9041eff4b60ded5c72ea939a8c3a237b6d9fe2344,1,1,0,train,train,0
singleton_1570,singleton,RLVS,Violence/V_781.mp4,9b76354a83563a0405c19cde152dedaf1b84f45f9af9cd53e87d37b31a26f603,1,1,0,train,train,0
singleton_1571,singleton,RLVS,Violence/V_782.mp4,bea009c228e0bd613a0cf41117958f828047c6ce433baa06fe847297defc92a1,1,1,0,train,train,0
singleton_1572,singleton,RLVS,Violence/V_783.mp4,7e58615e4d3636ece80d91972f70b5a869d3db7787ffd52d98d5fcd0a0d2c740,1,1,0,test,test,0
singleton_1573,singleton,RLVS,Violence/V_784.mp4,58a2466fbfb086aa11d491fd35b1d892a630a73e4f6385a198cf871f2db38cad,1,1,0,train,train,0
singleton_1574,singleton,RLVS,Violence/V_785.mp4,d96c456c14c4c8e1fb10f610988c7e1683fcfba1d1f2348c12208bc04b1cd88a,1,1,0,train,train,0
singleton_1575,singleton,RLVS,Violence/V_786.mp4,06468a7a0a3b514e8f0d0ac40aa43bf177ea4093370dc4843f78e6a4f2cb6a62,1,1,0,validation,validation,0
singleton_1576,singleton,RLVS,Violence/V_787.mp4,30494c9a731581cf8d441143c187605f535e9a21ec8173ba102235793176cb32,1,1,0,test,test,0
singleton_1577,singleton,RLVS,Violence/V_788.mp4,146f278b9d0b43c717811a7398f8025da25e0d2a61683c686a7c96be4b383c41,1,1,0,train,train,0
singleton_1578,singleton,RLVS,Violence/V_789.mp4,381ef77badd66fdfd6574c4a942f4e7e7a367ba5dc058b63b61376055cfe6cc3,1,1,0,train,train,0
singleton_1579,singleton,RLVS,Violence/V_79.mp4,a399d0226761a21d2b3abaafa72553aadbc75a7b7337ed793bdca85423fd5159,1,1,0,train,train,0
singleton_1580,singleton,RLVS,Violence/V_790.mp4,351f18a0f89e287ba9ff8a7b7981fc8b3c89f8804736e407d42e2acc5a6e4984,1,1,0,test,test,0
singleton_1581,singleton,RLVS,Violence/V_791.mp4,aba28434256a86a178c3b07bfafa53296d38585637d52e231e07b69aa8aa19dd,1,1,0,validation,validation,0
singleton_1582,singleton,RLVS,Violence/V_792.mp4,6ba22500e37f405ae6dd3662d96a44d192904481f6a0cfe8ec4f042fd3f9957c,1,1,0,train,train,0
singleton_1583,singleton,RLVS,Violence/V_793.mp4,9decde52490f8a4e6608798d3bcd4df58216c52f2a02a15872c96123b0984804,1,1,0,train,train,0
singleton_1584,singleton,RLVS,Violence/V_794.mp4,2a7e8cbc980c47ddf77168cb648ad4abc319af4602221ddb0b73469273b6e482,1,1,0,train,train,0
singleton_1585,singleton,RLVS,Violence/V_795.mp4,ebb0c9783da6b9b24468b56a0a57d79e312f12acb5bbae21e85be592e8ae7cca,1,1,0,train,train,0
singleton_1586,singleton,RLVS,Violence/V_796.mp4,a0223763a21c8da022f385e5559f192469f036d7bc00763916ce5192a5f38bc7,1,1,0,validation,validation,0
singleton_1587,singleton,RLVS,Violence/V_797.mp4,99d27db6d773da8b9d2ad271647c74785501d76e064828a2181be08635dc8e2a,1,1,0,validation,validation,0
singleton_1588,singleton,RLVS,Violence/V_798.mp4,18caad4bfa0494da5d3860c054a87e3fd1b7325ff0d531c4121ec8d0cbd89ac0,1,1,0,test,test,0
singleton_1589,singleton,RLVS,Violence/V_799.mp4,5c346a8740665bf107ea7c4b65cb92b8af4e9f6247274aeb388f89aecdb0bb8d,1,1,0,train,train,0
singleton_1590,singleton,RLVS,Violence/V_8.mp4,6e73b75c79d2b51f410ada6eb65f186bdd5162bafac5d6e5a8d49bad6e1079df,1,1,0,train,train,0
singleton_1591,singleton,RLVS,Violence/V_80.mp4,467cb2ddc76d02b057db4b2133312e9cc5f99efcd3b81d3553cd3050c20f557b,1,1,0,train,train,0
singleton_1592,singleton,RLVS,Violence/V_800.mp4,49119ba36248c1fee7496870d7e023de77db0bccabf478d68216b18193d7c2df,1,1,0,train,train,0
singleton_1593,singleton,RLVS,Violence/V_801.mp4,d940f3b0024e359a4a20bebeb842f4fdaa47c275dbcbba94047e11e2ed599d45,1,1,0,validation,validation,0
singleton_1594,singleton,RLVS,Violence/V_802.mp4,2a06684c0a2db119c4402ed728c0a88ba7872a47f0c333207e6052b1cc15ea2e,1,1,0,train,train,0
singleton_1595,singleton,RLVS,Violence/V_803.mp4,c5db8be6b3bb1e972ddc4cb8bbf061c305bfd41221be9e8e7d70a96b2b9f11cf,1,1,0,train,train,0
singleton_1596,singleton,RLVS,Violence/V_804.mp4,f3fe887b7224a5e1f334351a478eae4fb4c1d46aecf4444154e229b703a85ab0,1,1,0,train,train,0
singleton_1597,singleton,RLVS,Violence/V_805.mp4,6edeb83b1606b11a18cb10d879a3bf440d82a942f641228a81e67bb523bb6872,1,1,0,validation,validation,0
singleton_1598,singleton,RLVS,Violence/V_806.mp4,be3974725ac38ec4b756b971ccad13ff7b733714a933a0351ccff800907c94bd,1,1,0,test,test,0
singleton_1599,singleton,RLVS,Violence/V_807.mp4,276f7190eb8dbaffe6da8ea3d653125ea064b322612f206e104daec66372fedc,1,1,0,train,train,0
singleton_1600,singleton,RLVS,Violence/V_808.mp4,3cf6f71ed7f42e3a39634f92bb6693bcc7d41bd2fe8c7ee521a4d404e4483468,1,1,0,train,train,0
singleton_1601,singleton,RLVS,Violence/V_809.mp4,203c1d5b9fd6b20d9ffc8ac9634fa03a9e6ccab82170293dec3318815e2a2b90,1,1,0,train,train,0
singleton_1602,singleton,RLVS,Violence/V_81.mp4,cbcf53a074515dac2c4d99a305be03fb1a12b647a012979df838c7f2cb8ed6ce,1,1,0,train,train,0
singleton_1603,singleton,RLVS,Violence/V_810.mp4,448e7332fa133136ab5f0aeffe2590d4c8c721feba936cb9f745a536fcee1b7b,1,1,0,train,train,0
singleton_1604,singleton,RLVS,Violence/V_811.mp4,89157909ad881e53fcfdaa32a8ed8b0bd33d5b2c137ff69072c584a86fec4a37,1,1,0,train,train,0
singleton_1605,singleton,RLVS,Violence/V_812.mp4,827a95a0968a6abc49d9d07070ff0d9ebc3e7046173643d6d1c9305ef2b5aed1,1,1,0,test,test,0
singleton_1606,singleton,RLVS,Violence/V_813.mp4,a00400af3a631667a677487741fd05d2c7af7bfc45004ca1702b21ba04170270,1,1,0,train,train,0
singleton_1607,singleton,RLVS,Violence/V_814.mp4,9d060f69890f4d568350742f332707bab52f7c96010230d8ac2d1d20cbdbc1d9,1,1,0,train,train,0
singleton_1608,singleton,RLVS,Violence/V_815.mp4,38b64df2d542b3c0c6aa8e41e567c37fce5677bd29369a2f92175df15557a366,1,1,0,train,train,0
singleton_1609,singleton,RLVS,Violence/V_816.mp4,18636598080bf553036425fc06dc63c3467d54aeec156fb3bc8ec3461ac31a18,1,1,0,validation,validation,0
singleton_1610,singleton,RLVS,Violence/V_817.mp4,5e3545b8c7ddfdd5a80d58e42ab23533e0f5c4ebde25b6be957161466d4ccff6,1,1,0,train,train,0
singleton_1611,singleton,RLVS,Violence/V_818.mp4,f1108ac29f04ad20e497c41d9b354d61e035f498b0c8eb3fcd32829b612283f8,1,1,0,train,train,0
singleton_1612,singleton,RLVS,Violence/V_819.mp4,709f06dec6c19647aeaa99beb07588e0e5a4f7e1b0282ce9a27a40239a2eb434,1,1,0,train,train,0
singleton_1613,singleton,RLVS,Violence/V_82.mp4,35abe575e4f759a4aee782351859407b06e2dd0e9a94a635319e555d1b96dac5,1,1,0,train,train,0
singleton_1614,singleton,RLVS,Violence/V_820.mp4,1c3331661ed7c63306856f33553e47f108af903e42150523c1c122d6151183af,1,1,0,train,train,0
singleton_1615,singleton,RLVS,Violence/V_821.mp4,9327a8000f3cae2f1b4a3de7cd19c29f17a4fb3db9998fc8532f946fabc1fb3b,1,1,0,train,train,0
singleton_1616,singleton,RLVS,Violence/V_822.mp4,b34ef5b63ddd4e6f9b91820b60b9e7195ef1471e43db60bfcd62d2558993ced4,1,1,0,test,test,0
singleton_1617,singleton,RLVS,Violence/V_823.mp4,778bb193aeeac96b4be0b8c84f0c8575e2fdeeef7a2ff3614ade079dbf0f7016,1,1,0,train,train,0
singleton_1618,singleton,RLVS,Violence/V_824.mp4,500f235600aae32a434e7f4c16c51a40cc9daa94a8d69182ff74c0d227fec7df,1,1,0,train,train,0
singleton_1619,singleton,RLVS,Violence/V_825.mp4,98fd8c5d7e45ad35dd9cfc5742d99b66300cd7b0ac7f36a0a2087fbabb6cbe12,1,1,0,test,test,0
singleton_1620,singleton,RLVS,Violence/V_826.mp4,91d384785a08972245fbb9a465e64aa4cbaba86c77583240af5b4f6da3acb860,1,1,0,train,train,0
singleton_1621,singleton,RLVS,Violence/V_827.mp4,1bf07cf4d46a92248310aa2311271ebd2e9aee13197689c3f5cfcb3a3b4607f3,1,1,0,train,train,0
singleton_1622,singleton,RLVS,Violence/V_828.mp4,9fcc3e031a828c06cb31aa2338d6a553e700fc9f1c088fefd88bffb942041a12,1,1,0,train,train,0
singleton_1623,singleton,RLVS,Violence/V_829.mp4,abcc1e332a8bea65afc96e6893461f3b42d91f7f75607e064c929452d31b48d0,1,1,0,train,train,0
singleton_1624,singleton,RLVS,Violence/V_83.mp4,1a362cf32489f08623cab56a22ccdcdc7ea229f3e2d8e670bd074ec3320d3c84,1,1,0,train,train,0
singleton_1625,singleton,RLVS,Violence/V_830.mp4,f3dd969643979221ea81353c2c41bf9a5831718343b3025ff6303555579b1ea6,1,1,0,validation,validation,0
singleton_1626,singleton,RLVS,Violence/V_831.mp4,c3e797458f4952ace0341b23d57362f016550c272ff893eaaa10e76d2da8c133,1,1,0,train,train,0
singleton_1627,singleton,RLVS,Violence/V_832.mp4,5346dd9095c5da1c8723a65e33730fdc8edb9d40261a9126fee98cf08936cb38,1,1,0,train,train,0
singleton_1628,singleton,RLVS,Violence/V_833.mp4,11c74b8906c729c5d7ed47d231da2d3377f578ac0313529af03e5177d66f7ea3,1,1,0,train,train,0
singleton_1629,singleton,RLVS,Violence/V_834.mp4,aee91860231debe1f658687b070bc4ab1d460c31e854299fcd2ecf4e0ee077c8,1,1,0,validation,validation,0
singleton_1630,singleton,RLVS,Violence/V_835.mp4,140d11f10bd56bcf111cc7565e12fe966d7cc1483f3fff2d58cfdb1e13839473,1,1,0,test,test,0
singleton_1631,singleton,RLVS,Violence/V_836.mp4,935bc8a5e6b2bf4c9807a9d61885a63ce7b35579d025bfffae4f2ea338a2744a,1,1,0,validation,validation,0
singleton_1632,singleton,RLVS,Violence/V_837.mp4,1e1f52db06142c2fd432ac48532acc03d1b0e63d2a7a0fc480cc5e19f3638efc,1,1,0,test,test,0
singleton_1633,singleton,RLVS,Violence/V_838.mp4,3cb53487ad9165a0140f81a18f4a47bb6fbd07c7dc3177059c994dab28758153,1,1,0,train,train,0
singleton_1634,singleton,RLVS,Violence/V_839.mp4,e2c9bbedaa25c5e005fba1b2e133629cb09ac6c8af0daa57061f6ad91ce276d5,1,1,0,train,train,0
singleton_1635,singleton,RLVS,Violence/V_84.mp4,d16954c46a4b16afc1af9f4bd0669d5ff146ca388a3f2a9096373ed77e7d53de,1,1,0,train,train,0
singleton_1636,singleton,RLVS,Violence/V_840.mp4,e776f5c6943c7b2278ce8ca7157edddbedcfe05eb24450aa95591503170b47b1,1,1,0,train,train,0
singleton_1637,singleton,RLVS,Violence/V_841.mp4,6f2bb49e7cce481f8f2edf2cdd419208824ffbbdd7bed2498dee293e57efa499,1,1,0,test,test,0
singleton_1638,singleton,RLVS,Violence/V_842.mp4,941a1bb3b7577dd5bf53084110c2a710a99dc39ccc7065d2107e5e2ba6244488,1,1,0,train,train,0
singleton_1639,singleton,RLVS,Violence/V_843.mp4,09d08c07d1c546a33f9b00b31b801c8c818277b2b899dad0a2879d17d0163487,1,1,0,test,test,0
singleton_1640,singleton,RLVS,Violence/V_844.mp4,409457b89485fd88affaa9d290ff05274690b0d420ca2dd8874f3c9f762abca6,1,1,0,train,train,0
singleton_1641,singleton,RLVS,Violence/V_845.mp4,72b39e24025808a24c2e5fb2815fbab11319485d1dc43eadec53178d5cfecdbd,1,1,0,train,train,0
singleton_1642,singleton,RLVS,Violence/V_846.mp4,657fcc414132b9753e5ab641db42d4147478228dc51f0560c9a20bd5b33083bd,1,1,0,train,train,0
singleton_1643,singleton,RLVS,Violence/V_847.mp4,2fb92a763215e2dac1cefef7ce3e6837ac37d08dc6d5c05a9a24f8d34b11c91a,1,1,0,train,train,0
singleton_1644,singleton,RLVS,Violence/V_848.mp4,a41b9067e82d1a4797b1396027a0f4f8edf327b3015ad3dfda2928fd51c76400,1,1,0,train,train,0
singleton_1645,singleton,RLVS,Violence/V_849.mp4,6f516371329d9575c131867ff5c8031070ce2f6c0d5ef40e00b0e2b7d6e63533,1,1,0,train,train,0
singleton_1646,singleton,RLVS,Violence/V_85.mp4,e8c1500b3034b1e2a93cc0166982453f0642882129133a91068b765f23ed1943,1,1,0,train,train,0
singleton_1647,singleton,RLVS,Violence/V_850.mp4,a64daa3cb7ec8df5fc7bc6f727c81233a0f03efcf3d4439aff0f76b75aebc133,1,1,0,train,train,0
singleton_1648,singleton,RLVS,Violence/V_851.mp4,cc2ab9a45e9d0fde8806c55e8dd2a1b9ea22dea085958ef0350ef8087737db11,1,1,0,train,train,0
singleton_1649,singleton,RLVS,Violence/V_852.mp4,55621e7b2424dbe0b51fdec2e1cde6524f9b73890d9530385afae14c57c88bc4,1,1,0,train,train,0
singleton_1650,singleton,RLVS,Violence/V_853.mp4,efb9769f3b92a960169ac3f53239192606c0e9ea9bba1b86f1cf9b07ac50db0c,1,1,0,train,train,0
singleton_1651,singleton,RLVS,Violence/V_854.mp4,0fab254c52716a682b21dc6a87eedbb4ef4b0e93469a907655dba49a75c55fae,1,1,0,validation,validation,0
singleton_1652,singleton,RLVS,Violence/V_855.mp4,e16d7140593a3627e1ff5b20e50a3f79fe7882aa248e22dc8e415012931ac05d,1,1,0,train,train,0
singleton_1653,singleton,RLVS,Violence/V_856.mp4,6c7e53abbb02662f0358ee27548b4d0494635d3d3e8e8d036a766fa88af30670,1,1,0,train,train,0
singleton_1654,singleton,RLVS,Violence/V_857.mp4,0cff23c9aa248254764199a7fd74deb55801defa7c92b4b918c8fc63dcb1d8fc,1,1,0,validation,validation,0
singleton_1655,singleton,RLVS,Violence/V_858.mp4,d516d8a12da5301f57f6ad4a986dd4d54e4cb1a289c2c9185e78eba8a67295ab,1,1,0,train,train,0
singleton_1656,singleton,RLVS,Violence/V_859.mp4,8932a0f74dd76390d9e9813c78534218d099fc507303b1ab616dbf54d7d11377,1,1,0,train,train,0
singleton_1657,singleton,RLVS,Violence/V_86.mp4,4284063d4ea405a59f02ca6f2cdd922419fe1c910187e7f41ebbf5dc57fc5960,1,1,0,train,train,0
singleton_1658,singleton,RLVS,Violence/V_860.mp4,a7aba7a6197f5905f7b52ee2f0b217401aeefb9b15c43edbb1a8d5ad815c2d7b,1,1,0,validation,validation,0
singleton_1659,singleton,RLVS,Violence/V_861.mp4,440961e992874c0254806f0d192126693ffbd9ed6a36000796b27125e68aac05,1,1,0,train,train,0
singleton_1660,singleton,RLVS,Violence/V_862.mp4,6f565b171999db23bb429b0a4c69b6d99e07f38d26e535ceb51c7868571af0b4,1,1,0,train,train,0
singleton_1661,singleton,RLVS,Violence/V_863.mp4,a857f38ad696b940d5ebcf6d830e70cdb9407a08a2132dd7e0bf1ded2d35156d,1,1,0,test,test,0
singleton_1662,singleton,RLVS,Violence/V_864.mp4,2bbf9564552c1a250ce926fd654d20f7937d0c060c8b09c5db52f12df8d9298f,1,1,0,validation,validation,0
singleton_1663,singleton,RLVS,Violence/V_865.mp4,bf5a0a1c119fa4963882f0cfdd9080e2185db2cc6acbc97293ebae8529a5fd1b,1,1,0,train,train,0
singleton_1664,singleton,RLVS,Violence/V_866.mp4,2659f7e9aa05ee01d107b23285f20651a5836361a927fbe578b4c7131e201b95,1,1,0,train,train,0
singleton_1665,singleton,RLVS,Violence/V_867.mp4,03c56b4c3397ac7094e558af9e4a68f356ae6a70c432657592c30ddd0ac1697d,1,1,0,train,train,0
singleton_1666,singleton,RLVS,Violence/V_868.mp4,048f594c0056f95bfd69a9140bbe0886eac165ce0ba9a45a2b45e364bba0ecbf,1,1,0,validation,validation,0
singleton_1667,singleton,RLVS,Violence/V_869.mp4,b7ed836f008216cf8c0de246488e4b2f9241c6b660dc13f1dda15c73528667cf,1,1,0,train,train,0
singleton_1668,singleton,RLVS,Violence/V_87.mp4,f7f3f974cfc927e6a3093948e8ee4ad831a52e531859934eeb104b7728358f71,1,1,0,train,train,0
singleton_1669,singleton,RLVS,Violence/V_870.mp4,96921105dd8aa92c32c624325d86c8b07388f82a1eecff71466711e5666dc854,1,1,0,validation,validation,0
singleton_1670,singleton,RLVS,Violence/V_871.mp4,304d712fdbbc5be34bdde75f7299129e63807ec128565393c2e58898f3047e3d,1,1,0,test,test,0
singleton_1671,singleton,RLVS,Violence/V_872.mp4,d37b5f161368d079ad71fd73aab9b4713fb468dde676a7f344118d1d78e54f7e,1,1,0,train,train,0
singleton_1672,singleton,RLVS,Violence/V_873.mp4,b79723afbb4fb2c440a34d4243d676f265d6d66dabe680d169e688464ad80714,1,1,0,train,train,0
singleton_1673,singleton,RLVS,Violence/V_874.mp4,9ef1a35d991c91e1907c00eee894787a3d81f167c22127cc55d7e890ca18087d,1,1,0,train,train,0
singleton_1674,singleton,RLVS,Violence/V_875.mp4,017345166883421ce136d9fc4756c2b05b5ce9095a9aa47c7c905873cd88bfd8,1,1,0,train,train,0
singleton_1675,singleton,RLVS,Violence/V_876.mp4,541e6ffb876c37a1d854e14eb97fbd54ae0bc90449b795ba3e0b4ef7854d2cf3,1,1,0,train,train,0
singleton_1676,singleton,RLVS,Violence/V_877.mp4,fe8e3bd5e9b867b534b7133ccbbfe01c5e778cd01a58bea5f37a68613064117a,1,1,0,test,test,0
singleton_1677,singleton,RLVS,Violence/V_878.mp4,8b2cd688a398b6a452fe2d99e6a023de3ae5e07504e42b302b5e1c95bd79f097,1,1,0,train,train,0
singleton_1678,singleton,RLVS,Violence/V_879.mp4,a5787abbbcfadca9ec60795d2a7abad1003e7a34ab9ff59181ce03403a5393b6,1,1,0,train,train,0
singleton_1679,singleton,RLVS,Violence/V_88.mp4,338b4342a3b92b10119551926ec31fd5867977e11701c3d9e00dc4e55732c30b,1,1,0,validation,validation,0
singleton_1680,singleton,RLVS,Violence/V_880.mp4,1fda4973ef2af7e02bc62743c30c7d5a2e3177d1a1f820f3aa21240fb5dd0ea5,1,1,0,train,train,0
singleton_1681,singleton,RLVS,Violence/V_881.mp4,5af53ad17250bbd2ad90017a0a5a0823f47cff948f596a79f3f53386146f8e73,1,1,0,train,train,0
singleton_1682,singleton,RLVS,Violence/V_882.mp4,d4a049d3606aaabd83be4c231098705d0d041d40102f6a9ecf1a0277ca2e6535,1,1,0,train,train,0
singleton_1683,singleton,RLVS,Violence/V_883.mp4,505f60289fd37478b9f7abd307f9f1a2264173ea09ebf7d46cc10c9ed395c8c4,1,1,0,train,train,0
singleton_1684,singleton,RLVS,Violence/V_884.mp4,30c89933bb7aee258d6d953b3b6dcc7ac421de3dd7179146c2e454fd80d2140a,1,1,0,test,test,0
singleton_1685,singleton,RLVS,Violence/V_885.mp4,9c53cc0612c332f65accc15d9aa4d54c7a699c6a0404941f28bae2db93eb2680,1,1,0,test,test,0
singleton_1686,singleton,RLVS,Violence/V_886.mp4,226e89d6c1e73656acc29c64722136cecbb10d01a6ae870c480ec6058a988d7c,1,1,0,train,train,0
singleton_1687,singleton,RLVS,Violence/V_887.mp4,3dd680280ebbb6e7ae48c76da0959793ea0d4595a6d64a7ab08571acce4c8caf,1,1,0,train,train,0
singleton_1688,singleton,RLVS,Violence/V_888.mp4,5e86d7ee9b3c5d5288c33c7aba2fd86567d2fb1de032a42cebd9021d2966e3c2,1,1,0,validation,validation,0
singleton_1689,singleton,RLVS,Violence/V_889.mp4,8647fe094f8669a311d413bd8a78edc452d21995f8a083384cf1a45705f88b59,1,1,0,train,train,0
singleton_1690,singleton,RLVS,Violence/V_89.mp4,7e8f27ece4c151265763c5c545fc7d53ad2a6356e81f9c07f98ffbc471db36d0,1,1,0,train,train,0
singleton_1691,singleton,RLVS,Violence/V_890.mp4,416833cdfa9127214e8b20ba04f9d969a6ee452d2cb9485d35fff9e1d2ca51f8,1,1,0,train,train,0
singleton_1692,singleton,RLVS,Violence/V_891.mp4,c5bcb050fce10346a112b7978961bf2c8d2ac47cac910e5f617735c253fdc7fb,1,1,0,train,train,0
singleton_1693,singleton,RLVS,Violence/V_892.mp4,0a2ee0c92307ce6baf3da0942085a8877025d6f6dadf8bc51b59d699fa1a187b,1,1,0,train,train,0
singleton_1694,singleton,RLVS,Violence/V_893.mp4,9a09a0d983a1078a957c0d701a72b2de432475161acb450c3c4079c7fef82177,1,1,0,train,train,0
singleton_1695,singleton,RLVS,Violence/V_894.mp4,e2f61d339c1b2bd98044e062d87db6e18797b4bf42a900fbb4a8ef105bac27c2,1,1,0,train,train,0
singleton_1696,singleton,RLVS,Violence/V_895.mp4,a2d1aea088270c4a198d388fccef521389d23e0d75f596b45b64435168a6d827,1,1,0,train,train,0
singleton_1697,singleton,RLVS,Violence/V_896.mp4,cd0384d0d93da7c1a436758ed542e4b445bb5f8a594dde63502c60684eb6df50,1,1,0,train,train,0
singleton_1698,singleton,RLVS,Violence/V_897.mp4,e9e18a23d0f4ea68e19ea1a2947ceb2474089b88d7b900ae597aa623734a272a,1,1,0,test,test,0
singleton_1699,singleton,RLVS,Violence/V_898.mp4,825e51c078fc4d896e190fca0cb26474824b1f03be4cb25ffe4b3a9daa245237,1,1,0,train,train,0
singleton_1700,singleton,RLVS,Violence/V_899.mp4,3520cc755a5738496be7594780f2c03f8bcd00ba21f144a3d2ae7caec74e4cde,1,1,0,train,train,0
singleton_1701,singleton,RLVS,Violence/V_9.mp4,80e2b48dfdc543d65af201c19c0afc634fa7f5688eaf70fdb5d217ee18dbbeef,1,1,0,validation,validation,0
singleton_1702,singleton,RLVS,Violence/V_90.mp4,481b6636e0e042470ec741bc81bac31e359856a3476f4cc36d3991e7199978e1,1,1,0,validation,validation,0
singleton_1703,singleton,RLVS,Violence/V_900.mp4,a32bebf5ad1e8d2e9ff4a13636f5f85d11b202a3ec9222d19998e893fdceaa2d,1,1,0,test,test,0
singleton_1704,singleton,RLVS,Violence/V_901.mp4,76b8171133c2d98251ee73b7fd42a4066a86156b88af8160a42bf68dd6752302,1,1,0,train,train,0
singleton_1705,singleton,RLVS,Violence/V_902.mp4,122990d8367eace00e1fbe912f9acfcdce69a9aa034744b64e01c9dace445331,1,1,0,train,train,0
singleton_1706,singleton,RLVS,Violence/V_903.mp4,646c2b98d0a8a357a43769f9dd5435c9589ed4d3c38147e33a73c286c652de93,1,1,0,train,train,0
singleton_1707,singleton,RLVS,Violence/V_904.mp4,21e59ad68e914f2cadb73cd84afdd5fce409b0792746ab2ac0683704a5b2932e,1,1,0,train,train,0
singleton_1708,singleton,RLVS,Violence/V_905.mp4,3c9ff145354873fa3f6993b628ac9e5b0b9028b36fa392fb70cef0d9ef7f8407,1,1,0,validation,validation,0
singleton_1709,singleton,RLVS,Violence/V_906.mp4,bc5346253a49df434025685105f6dc36085f14cebcef8bc39bff005f382b0016,1,1,0,train,train,0
singleton_1710,singleton,RLVS,Violence/V_907.mp4,81fa0cf1390063bb6beca84b5fae44f7629f7e76465d126eaa8edd3418bc86a5,1,1,0,test,test,0
singleton_1711,singleton,RLVS,Violence/V_908.mp4,a4a0c6c4a1fbc3d65946175ccb8ee34679a26cc0bec02aef0c74d9ec416fdec8,1,1,0,validation,validation,0
singleton_1712,singleton,RLVS,Violence/V_909.mp4,1ca84ff48e4e495f6e20128f31f737035ce198cd12ab98d09d1c6ad91f727925,1,1,0,train,train,0
singleton_1713,singleton,RLVS,Violence/V_91.mp4,0f2ef945ba69f8152b0ecd8c3120d8b894e1863be7048931b956f0b8c423fa80,1,1,0,train,train,0
singleton_1714,singleton,RLVS,Violence/V_910.mp4,ee525af114705d14ec1f236a6b0b218a91caa71e1dd67a63cf998066da065637,1,1,0,test,test,0
singleton_1715,singleton,RLVS,Violence/V_911.mp4,1e0bf50b55d80a6fa5244b73901d3f158b472eb1b8f71fd9c1f9e3d2067f0990,1,1,0,train,train,0
singleton_1716,singleton,RLVS,Violence/V_912.mp4,94e1a85dde7f8bebe792db1dda1af3bbe1e378889eb03ff6c6464deeff60da10,1,1,0,validation,validation,0
singleton_1717,singleton,RLVS,Violence/V_913.mp4,a79b2335fb74840e9d55ad2648f108ec4b5e9aae35aab78b51a79de84c2499a2,1,1,0,train,train,0
singleton_1718,singleton,RLVS,Violence/V_914.mp4,35563399e3dcd1160c5b11d664448f089eed11956deaeb598145dd045ca36e70,1,1,0,test,test,0
singleton_1719,singleton,RLVS,Violence/V_915.mp4,0e6a28a6985bcfed80386088b117b8016616ad3c519beced29ac2f6d6cee7cfa,1,1,0,validation,validation,0
singleton_1720,singleton,RLVS,Violence/V_916.mp4,d212860631b5398176656ad6642e33dcfbbb4565e8b2b3ddbcc859bf81501838,1,1,0,train,train,0
singleton_1721,singleton,RLVS,Violence/V_917.mp4,1f01d08845bb4386689777c4a4f66f04a93c4abf356c4062c57ab71eeca2e642,1,1,0,train,train,0
singleton_1722,singleton,RLVS,Violence/V_918.mp4,ecf4d4ac98c152241fef1d18e52e7e2d5906a4df8d1d941687ef1a3d555d2745,1,1,0,train,train,0
singleton_1723,singleton,RLVS,Violence/V_919.mp4,2e272c1bd898191134415d14e6dc932d8327a40ddfb8240e765f15d75f89d093,1,1,0,validation,validation,0
singleton_1724,singleton,RLVS,Violence/V_92.mp4,7999766b2879f42629e1c03c730d0e0ab2a0859933dc769a6234e71eb22ebd4e,1,1,0,train,train,0
singleton_1725,singleton,RLVS,Violence/V_920.mp4,60e5269ee603d9f60ec8cd49013f22f799461ed512b24d4197bb34c78eb96503,1,1,0,train,train,0
singleton_1726,singleton,RLVS,Violence/V_921.mp4,c2ae1504a024016acc830f387b8f4d00e5ba0c3adfc2805a61b144928ca1a1e7,1,1,0,train,train,0
singleton_1727,singleton,RLVS,Violence/V_922.mp4,49fdca28e379f07591e78939586cc3e6a10eaa6d1ae08222ac665f7da5865c66,1,1,0,train,train,0
singleton_1728,singleton,RLVS,Violence/V_923.mp4,4d64d7a7ca22e73a74cebfd62a5afd322c264e00e61b4bce34abcc6d6ca3d773,1,1,0,train,train,0
singleton_1729,singleton,RLVS,Violence/V_924.mp4,29d3fd22c4164adc1771d38dc47fcea678b0e6a246dd3d2193f8d661f168dcc3,1,1,0,test,test,0
singleton_1730,singleton,RLVS,Violence/V_925.mp4,13b9805bab40fe6578f412792e32fce8792372beed5c442faa4881a147929d36,1,1,0,train,train,0
singleton_1731,singleton,RLVS,Violence/V_926.mp4,1922aa7fbb25231f74c7750194a780042f0d5eac216690f4fc377d6cf1138e33,1,1,0,train,train,0
singleton_1732,singleton,RLVS,Violence/V_927.mp4,12276920981c0eaea6bbe202678e15ecff2a248344f6d55e27e5308b3994a5eb,1,1,0,train,train,0
singleton_1733,singleton,RLVS,Violence/V_928.mp4,d92d7f559defc5c5ea443a14d120936085516d1d7308f083e71d35015afe1162,1,1,0,test,test,0
singleton_1734,singleton,RLVS,Violence/V_929.mp4,a14424c4a6f5f07ed5b6bb83092e424df310a1f2ceb82c917124eec342bc7e95,1,1,0,train,train,0
singleton_1735,singleton,RLVS,Violence/V_93.mp4,82bc1c33f7dee60b8257ac8089af24a74c096cbf40222777d84b7823900c1889,1,1,0,train,train,0
singleton_1736,singleton,RLVS,Violence/V_930.mp4,9eefd76e6af23f7170fe645392ccc5cfc9cf8756ce0cf1f4aa8d2ec386dae9d0,1,1,0,train,train,0
singleton_1737,singleton,RLVS,Violence/V_931.mp4,161c5e58da3a81f66a7749219d4dd8859e900bc790ffe329e29c33d5625916a7,1,1,0,train,train,0
singleton_1738,singleton,RLVS,Violence/V_932.mp4,7acdaaf1b691ba433492a3b196349d84a71091966e6c5a391aaeea3b988a4457,1,1,0,train,train,0
singleton_1739,singleton,RLVS,Violence/V_933.mp4,b2f72fed2529b476704b85ce516d4e71d65f3466a58a52c1f1892c136c8df21b,1,1,0,validation,validation,0
singleton_1740,singleton,RLVS,Violence/V_934.mp4,40be2c6ab6928337561529a0d9fab6f0b6c4d8fa16f5401c20934d6614e6b219,1,1,0,test,test,0
singleton_1741,singleton,RLVS,Violence/V_935.mp4,2e4c0e2e288b490edb864f4a154054b519954d53be5b9106661012c2f57acf15,1,1,0,test,test,0
singleton_1742,singleton,RLVS,Violence/V_936.mp4,ec43b9f6d9c457460bca2f85dd543bbd82eaaed3d11c3407871b6a8d514e3293,1,1,0,train,train,0
singleton_1743,singleton,RLVS,Violence/V_937.mp4,7aece68e5f20f53c0f6dcd4ca2e12395c0289e308eeef06e03575e53fd363ffa,1,1,0,train,train,0
singleton_1744,singleton,RLVS,Violence/V_938.mp4,e2cd0752fafbeb238a9de83da41f5c2aa151406d66dd67871563baa1a980a72b,1,1,0,train,train,0
singleton_1745,singleton,RLVS,Violence/V_939.mp4,87a78f78aa8e1b2d8d87b13209f4eac213be80832b646d3f4b881655f81e56c8,1,1,0,train,train,0
singleton_1746,singleton,RLVS,Violence/V_94.mp4,72bebed758594f293d8908ac752e99fc5e485326ab620d355c43235f93be1091,1,1,0,train,train,0
singleton_1747,singleton,RLVS,Violence/V_940.mp4,4bfd9be18380756a8a3f3d154a36084d9c6b756789db415ef6dfc5d1ba90cbb3,1,1,0,train,train,0
singleton_1748,singleton,RLVS,Violence/V_941.mp4,17ff75138b5154ef572470f697721bd014e764bf9452a1647207bdf79a1623c0,1,1,0,train,train,0
singleton_1749,singleton,RLVS,Violence/V_942.mp4,b1a15a2a21d29830dd1902ea7f41e1ed33fe71a0399bfbd1988acd0b3ce47336,1,1,0,validation,validation,0
singleton_1750,singleton,RLVS,Violence/V_943.mp4,fd203dc8ab39a779b8261779a898938ea058f8a5dee4badceeb381e51d9353a7,1,1,0,train,train,0
singleton_1751,singleton,RLVS,Violence/V_944.mp4,d3f7c3d63abc4dab5487742ecdeafe99878b43ff43c0d04b2a1c1a684eafd2cc,1,1,0,train,train,0
singleton_1752,singleton,RLVS,Violence/V_945.mp4,84d03724ca2bbc6a741e7eda80e394ab36c98107db9df7d9ef6b015ed2034236,1,1,0,train,train,0
singleton_1753,singleton,RLVS,Violence/V_946.mp4,38feba629be3736f6a5d51cbee81d313650d61f91c96854ab2d442f9064bbafa,1,1,0,train,train,0
singleton_1754,singleton,RLVS,Violence/V_947.mp4,94b21309fefbc8fbfd2810a74b1494b619d8424d4a03e543830ffcf29cafc64d,1,1,0,train,train,0
singleton_1755,singleton,RLVS,Violence/V_948.mp4,3656eeeae2b38dac417901653b9d92b04601c7e986ff4bc3096467107ac2307e,1,1,0,train,train,0
singleton_1756,singleton,RLVS,Violence/V_949.mp4,e7fb33b9c35dc85caf546989761e846dcd7856eef5e6195298dbd24692a945c9,1,1,0,train,train,0
singleton_1757,singleton,RLVS,Violence/V_95.mp4,d40cac726fbccd816a70b64ff9755ee8d090be7074d8cd4506a3ab05a80a490c,1,1,0,train,train,0
singleton_1758,singleton,RLVS,Violence/V_950.mp4,6034e20cee4f81afb0bec31423920bcad6eb1de892ffbbf7fd1322581e415189,1,1,0,test,test,0
singleton_1759,singleton,RLVS,Violence/V_951.mp4,de3a77dc4cbc3c893e16bb01454c7a370eed07f9e7b50bc865add90be3705cb8,1,1,0,test,test,0
singleton_1760,singleton,RLVS,Violence/V_952.mp4,9fc7959bbc8a5d237c5f9bd01e74f9b67ba65e353d806f13906d092fa083d4f8,1,1,0,validation,validation,0
singleton_1761,singleton,RLVS,Violence/V_953.mp4,71c3bf5beb0c538a9bc5ad14a596c842155b1a86c42680e7a3b3a428b9f15b16,1,1,0,train,train,0
singleton_1762,singleton,RLVS,Violence/V_954.mp4,708385b0928aebabdc0c806b853327b05f050545bbc5c786f5a701001f0b3708,1,1,0,validation,validation,0
singleton_1763,singleton,RLVS,Violence/V_955.mp4,3c1d9fa9a48f1ac728830115237dc559d6e0a4284ecf5c2c9745178428dccbed,1,1,0,train,train,0
singleton_1764,singleton,RLVS,Violence/V_956.mp4,a16db8c89cf860b743d9e40402376beffc5d18a2da1bba3c027f281898735322,1,1,0,test,test,0
singleton_1765,singleton,RLVS,Violence/V_957.mp4,d8c12bc236344bf28a80cd8f974f20c47ff08cc3a732fb44d894f79660596438,1,1,0,train,train,0
singleton_1766,singleton,RLVS,Violence/V_958.mp4,2da10b3241187452885b36044e65dbf713c25f0b3a63107652e9bedfeecd2081,1,1,0,test,test,0
singleton_1767,singleton,RLVS,Violence/V_959.mp4,3357216e9132cb9ca23a04b35e4758304f4662dcc61c4a403de5cceb0b0691ed,1,1,0,train,train,0
singleton_1768,singleton,RLVS,Violence/V_96.mp4,0446c670d040a2089490a8f5cf158d3027dc70f43c36d9c204c8862be608dbcc,1,1,0,train,train,0
singleton_1769,singleton,RLVS,Violence/V_960.mp4,bbe0cfc9ae00d651c7d945b08e6b67ec6d86157dd79bcf69975d06a2d5544f86,1,1,0,train,train,0
singleton_1770,singleton,RLVS,Violence/V_961.mp4,d25d6abc15989872f3e632f903cc67b411f5c63772ff703714551382d3ddbc33,1,1,0,train,train,0
singleton_1771,singleton,RLVS,Violence/V_962.mp4,62c5650b3f4c5471dda45ff8baa7aac2ac0d07cf1c3bacae2ede9af1a13885a2,1,1,0,validation,validation,0
singleton_1772,singleton,RLVS,Violence/V_963.mp4,0469e88e6dbad69122d34133315a80b70ee1d460591c236b884fecab23b0923c,1,1,0,validation,validation,0
singleton_1773,singleton,RLVS,Violence/V_964.mp4,e88204b402a1aca753da69202a286dae8019765be91dd6ef7836c96cfdf3bf85,1,1,0,train,train,0
singleton_1774,singleton,RLVS,Violence/V_965.mp4,627053f489a7425c1a11665cb42f184a0356bed2491bf7077fa31b5ddc0e622e,1,1,0,test,test,0
singleton_1775,singleton,RLVS,Violence/V_966.mp4,a7932af7d879b95aec3dd54b554cd64704cfee06089aa03e0415a090be955a94,1,1,0,train,train,0
singleton_1776,singleton,RLVS,Violence/V_967.mp4,e17fa16ff43dd95c6b3ab629dbec0424f30008c70add667af8abd881b2a5cad4,1,1,0,train,train,0
singleton_1777,singleton,RLVS,Violence/V_968.mp4,f33d601196aa510c83fd87c764b397ff1e4839f87de8af3c25ee501a893ed8ba,1,1,0,test,test,0
singleton_1778,singleton,RLVS,Violence/V_969.mp4,15d724988204705fe35560e8bd1cdbe7a342c5a9d0910e279e778664c1a6358f,1,1,0,train,train,0
singleton_1779,singleton,RLVS,Violence/V_97.mp4,167e63447d7c35b2946de8c3c36525595e6ca28bdffc09ec29b2a8050ec41f4d,1,1,0,train,train,0
singleton_1780,singleton,RLVS,Violence/V_970.mp4,3dfc9af060c97e4be13d8a04e910c28153aa0dd688d00c2d837b5299dd35e3db,1,1,0,test,test,0
singleton_1781,singleton,RLVS,Violence/V_971.mp4,253d3525c240aed208bb513cb8c96f0a2791b2ab188f6aec1cf54e2eb58462a0,1,1,0,test,test,0
singleton_1782,singleton,RLVS,Violence/V_972.mp4,15150c91491fb850055a0cc406341aca27d42494828ce3855cb6dd1972233ba0,1,1,0,train,train,0
singleton_1783,singleton,RLVS,Violence/V_973.mp4,5b431fa0ede8a793f8564cc663cf9d9014cd69415ed0b3285b8380ab581471d0,1,1,0,test,test,0
singleton_1784,singleton,RLVS,Violence/V_974.mp4,00865b5dcccc500c64d9aff7579c11fc5b3a6496036faeeeb860ce7d5ee1bef2,1,1,0,train,train,0
singleton_1785,singleton,RLVS,Violence/V_975.mp4,68fea8b640d29b56ed917b8b53f21136a7799f46f49c02abe866b684323ef7e9,1,1,0,train,train,0
singleton_1786,singleton,RLVS,Violence/V_976.mp4,bec55bbcd8dee9e21e0d2b5fd1c740997aedb31ae2145cd873f6fb78b4f9c5e2,1,1,0,train,train,0
singleton_1787,singleton,RLVS,Violence/V_977.mp4,a15f6dc282cf505b1e98170408a0acb989baf12792a15aa553fa670d6ad6222c,1,1,0,train,train,0
singleton_1788,singleton,RLVS,Violence/V_978.mp4,f4edfd924c9356b9f5f444415a393315bf943b3f77a19e3afd95e58ca80ce057,1,1,0,train,train,0
singleton_1789,singleton,RLVS,Violence/V_979.mp4,56ba4289cc429ecc65a3f9e17485a3f21b022eb05d22559d3b8bfcda5f54941d,1,1,0,train,train,0
singleton_1790,singleton,RLVS,Violence/V_98.mp4,834c0eaa0a91fd2629f3172baa2e0600d4ed7a90041e388a210c67f913fe1fc6,1,1,0,test,test,0
singleton_1791,singleton,RLVS,Violence/V_980.mp4,4adf3189baa40a5d1686f8e488bc1f937ec0b9ad06cbac30d017709db2a9efad,1,1,0,train,train,0
singleton_1792,singleton,RLVS,Violence/V_981.mp4,bd871397834fe6e1ebb449b89e33978ae28a61aec31e9337d5b69536d68502ea,1,1,0,validation,validation,0
singleton_1793,singleton,RLVS,Violence/V_982.mp4,6ca25ea89f11597cf0315d99c8e9d6135cbe6f287fbe37a604605a09b2bf64e3,1,1,0,validation,validation,0
singleton_1794,singleton,RLVS,Violence/V_983.mp4,dbaf959fac5281f4a18d22aaaa0a39a1018e2c14040156820cbf963374641136,1,1,0,train,train,0
singleton_1795,singleton,RLVS,Violence/V_984.mp4,1a0c3707a7d96e8466f3eb72301dcae6bd0b585f12911f0a8154a09b6d94ea3f,1,1,0,train,train,0
singleton_1796,singleton,RLVS,Violence/V_985.mp4,b410204d2fb1d2af11acccffa060f8e38580c84c13aeb1df2da2e09b3410acaf,1,1,0,validation,validation,0
singleton_1797,singleton,RLVS,Violence/V_986.mp4,f801ccb82f4499754897d1ffba7a0b85a7219172f90f6daae16493df20443158,1,1,0,train,train,0
singleton_1798,singleton,RLVS,Violence/V_987.mp4,f2d744177cc6e372672bf6f819e0f4f5dbcb51e124e29bafbf780dfc6a678f9c,1,1,0,train,train,0
singleton_1799,singleton,RLVS,Violence/V_988.mp4,978b61ba2ba41dc8831ef3ce33a316b87d463978c6fb9df997201bc72fab9ceb,1,1,0,train,train,0
singleton_1800,singleton,RLVS,Violence/V_989.mp4,b9b9458b08a7a9111a4dc119d447920d531cb950f06e109db28a28cf05b9eb5b,1,1,0,train,train,0
singleton_1801,singleton,RLVS,Violence/V_99.mp4,fbe840a6f067c68ef912f03c1a868a266fe89866ae9da214e73a56af4f0df8d0,1,1,0,train,train,0
singleton_1802,singleton,RLVS,Violence/V_990.mp4,99e1879459e58ed1a0e6b374dbaefd79ca2348a84a191a0c0b7ca7f417d555ef,1,1,0,train,train,0
singleton_1803,singleton,RLVS,Violence/V_991.mp4,5337ecf7375718f38539b00e32a5026f59cdd5d1b1f5409b38898b31152d52eb,1,1,0,train,train,0
singleton_1804,singleton,RLVS,Violence/V_992.mp4,cd8dc161b518ed399d081335f7acf8fb981792f0aaffbe79818159407896d603,1,1,0,train,train,0
singleton_1805,singleton,RLVS,Violence/V_993.mp4,94361e47d2f552ba081575789545ea84211db2c918a2c4d6be5b88faeb154cf9,1,1,0,validation,validation,0
singleton_1806,singleton,RLVS,Violence/V_994.mp4,6860609097069f06eb9cf5947365a684f7d7585813348282d8b2808716434ea3,1,1,0,train,train,0
singleton_1807,singleton,RLVS,Violence/V_995.mp4,034d5e5c7237a138ff59721a99458fabcab0c7a714ded175f6b0955c62424924,1,1,0,validation,validation,0
singleton_1808,singleton,RLVS,Violence/V_996.mp4,9a82f746639601b1240d12567af208aebd6ff1a717cb1a9336f16d8944e39a25,1,1,0,train,train,0
singleton_1809,singleton,RLVS,Violence/V_997.mp4,ceac05a296a5ca60d71a6696a32ee6d58f7947de1c1fd4ecbda5649cba05a391,1,1,0,train,train,0
singleton_1810,singleton,RLVS,Violence/V_998.mp4,b52008a42cf17b9f09059cfd9bf3e348b0c08cbe762fb793190682b31365fe12,1,1,0,train,train,0
singleton_1811,singleton,RLVS,Violence/V_999.mp4,dc7a320dba68023de1f0ad16939b327bbd79b1eac7c1db5bd31647280a8b7ef3,1,1,0,train,train,0
singleton_1812,singleton,RWF-2000,train/Fight/rwf_train_fight_0001.avi,c909d54724d255afb62e1069b91dceeabd9eb667dc8c3977cd1bc9b4cffe06ea,1,1,0,train,train,0
singleton_1813,singleton,RWF-2000,train/Fight/rwf_train_fight_0002.avi,171fe9be4363c8381c93f87cabc39c332029b684b24e084e822d0291b160a9af,1,1,0,train,train,0
singleton_1814,singleton,RWF-2000,train/Fight/rwf_train_fight_0003.avi,5f26ea912e0fc855ebf41d773b8b683ddda64cb7071baef1c6dd1404220e6683,1,1,0,train,train,0
singleton_1815,singleton,RWF-2000,train/Fight/rwf_train_fight_0004.avi,a0b729127ac1582a471aac915ab64fc2927ff68be30700f3448541e1f4450e34,1,1,0,train,train,0
singleton_1816,singleton,RWF-2000,train/Fight/rwf_train_fight_0005.avi,3bbbd4a244fb0d44c6e2971c75069ef1366291789df7d484a95ae0019c8c3813,1,1,0,train,train,0
singleton_1817,singleton,RWF-2000,train/Fight/rwf_train_fight_0006.avi,bfcfa865e2a9544bf1969198f50680cdc515a1c4afa6024ea49a53b2033131b8,1,1,0,train,train,0
singleton_1818,singleton,RWF-2000,train/Fight/rwf_train_fight_0007.avi,fbdea2993770c10347956909dc7aa3a0a52df1b518d2f6709c4cf411e019652d,1,1,0,validation,validation,0
singleton_1819,singleton,RWF-2000,train/Fight/rwf_train_fight_0008.avi,c5014b3a8d65505de79ec41cd20658666e6470c77b19772f4dac28eba473ee4b,1,1,0,test,test,0
singleton_1820,singleton,RWF-2000,train/Fight/rwf_train_fight_0009.avi,183760503b0e83e23fe4fdd75cf1f2c9e2a9920db551e69f30e50a3542ca17e2,1,1,0,train,train,0
singleton_1821,singleton,RWF-2000,train/Fight/rwf_train_fight_0010.avi,e3b9e9cf45ffacd86794835f9adabcafb952b5fa2df17424ae45238a2fa3e663,1,1,0,validation,validation,0
singleton_1822,singleton,RWF-2000,train/Fight/rwf_train_fight_0011.avi,c65dd173174e94cb5b1da93cc3de567eb36c361bd86d95399e5b72290c0ad815,1,1,0,train,train,0
singleton_1823,singleton,RWF-2000,train/Fight/rwf_train_fight_0012.avi,8dd96666641270968d296e70f9765f127f016e8e316230cd87a0e67d5760c573,1,1,0,train,train,0
cluster_0170,perceptual_near_duplicate,RWF-2000,train/Fight/rwf_train_fight_0013.avi,2d46e4aab308b8b89a49117bf308e71435c9f1eed7a650477245155b8830547b,1,1,0,train,validation,1
cluster_0170,perceptual_near_duplicate,RWF-2000,train/Fight/rwf_train_fight_0014.avi,072e691fcb16e54cbb5406d911b1265ed5365a5bd9eb736712489d096325cf9b,1,1,0,validation,validation,0
singleton_1824,singleton,RWF-2000,train/Fight/rwf_train_fight_0015.avi,a7633ed5f7c7e328e8e2d1dba8193f5be67a9422c9fdf9f8536ce86f7bea5d2a,1,1,0,train,train,0
cluster_0056,perceptual_near_duplicate,RWF-2000,train/Fight/rwf_train_fight_0016.avi,451210d04956ddd03c629ceb7d95f900ad79e114494f847757a3f70afcfd982f,1,1,0,train,train,0
singleton_1825,singleton,RWF-2000,train/Fight/rwf_train_fight_0017.avi,b14cbfae7b3ef4e6a05ed39e05124980f95a4711a75ddbd57fb96021293a12b9,1,1,0,train,train,0
singleton_1826,singleton,RWF-2000,train/Fight/rwf_train_fight_0018.avi,01098e0fc40e22542ca0858b30894c41f36a9b6cc99b0130101fa7cea3b56068,1,1,0,train,train,0
singleton_1827,singleton,RWF-2000,train/Fight/rwf_train_fight_0019.avi,994d68518f811aae924ef4789831a3752006ba9d028f783437fb6fe7488dfb68,1,1,0,train,train,0
singleton_1828,singleton,RWF-2000,train/Fight/rwf_train_fight_0020.avi,b968df5be620a441a9557aa217eead3052a2f7851b3b37a2f100e84eaba6acd4,1,1,0,train,train,0
singleton_1829,singleton,RWF-2000,train/Fight/rwf_train_fight_0021.avi,3cdb5cb02143beaf049263e4ddaaaedf83e62cafcf463abf6b3e12e193d2876f,1,1,0,test,test,0
singleton_1830,singleton,RWF-2000,train/Fight/rwf_train_fight_0022.avi,57a1b0537599c8ffb01a73baeeb0ff5c91028c6eb7a0e051055f61f4455debd8,1,1,0,train,train,0
singleton_1831,singleton,RWF-2000,train/Fight/rwf_train_fight_0023.avi,961c8db517617e2b92ac68c436ad5547b2252e2004af1792bed96040bc000c20,1,1,0,train,train,0
singleton_1832,singleton,RWF-2000,train/Fight/rwf_train_fight_0024.avi,3b1677016315e330c4c9573cc63bc0d406510d0ba918b8e939121da8c7a9ee1d,1,1,0,train,train,0
singleton_1833,singleton,RWF-2000,train/Fight/rwf_train_fight_0025.avi,a0f88caf83acfe4c551bead12e22ffaf471ccea51dfe5b078b2cd3cf8599e8d4,1,1,0,train,train,0
singleton_1834,singleton,RWF-2000,train/Fight/rwf_train_fight_0026.avi,439357890ad5d1f05c42cd0782c6b22331f93b9cc806f3427b4aeab748e757e8,1,1,0,train,train,0
singleton_1835,singleton,RWF-2000,train/Fight/rwf_train_fight_0027.avi,77a5adbec6c20f9463721e0d0dfe8a9d4a0b543cbe66a0310d83758c8d6871e8,1,1,0,train,train,0
cluster_0073,perceptual_near_duplicate,RWF-2000,train/Fight/rwf_train_fight_0028.avi,ea94652c64a8dcebbd0700bc958eac153c4fb3498b4ca9c807cd43550ae1caaf,1,1,0,train,train,0
cluster_0073,perceptual_near_duplicate,RWF-2000,train/Fight/rwf_train_fight_0029.avi,3b652a6d0c61714dfdf314d718a45e76c02d431137eec60b6cf6cb00569e7630,1,1,0,test,train,1
cluster_0073,perceptual_near_duplicate,RWF-2000,train/Fight/rwf_train_fight_0030.avi,6ce8964536f9e9b3176089500ce2d2c92aeaebd15bc7c2e08f03d5c4592fe0c0,1,1,0,train,train,0
singleton_1836,singleton,RWF-2000,train/Fight/rwf_train_fight_0031.avi,ef8c4dccaafdb1376abbf87fad7d94260bc6892c202f10303943bfe07483ffa0,1,1,0,train,train,0
singleton_1837,singleton,RWF-2000,train/Fight/rwf_train_fight_0032.avi,54b7fcd7aa06f9149a4b5c97f315ac3224b0283ede2bf5aae80ce703834296c6,1,1,0,train,train,0
singleton_1838,singleton,RWF-2000,train/Fight/rwf_train_fight_0033.avi,97798b3eef590be949b7964a482315a5ad730c18f5433f83d8aa1cefc321e40f,1,1,0,train,train,0
cluster_0048,perceptual_near_duplicate,RWF-2000,train/Fight/rwf_train_fight_0034.avi,31159d5c208dc6684bddf908bdca7b3312835d7f11b0fe3df12bc94bd4cb66a8,1,1,0,test,train,1
singleton_1839,singleton,RWF-2000,train/Fight/rwf_train_fight_0035.avi,aa04e317b6d64b3cdf3e27d6117598c35c730461bcb51cfe8c9ccf95c3d0184c,1,1,0,train,train,0
singleton_1840,singleton,RWF-2000,train/Fight/rwf_train_fight_0036.avi,02961cab3aadd542ec3dc88cf170493f01ead001de5103ca679b00e3977b5838,1,1,0,train,train,0
singleton_1841,singleton,RWF-2000,train/Fight/rwf_train_fight_0037.avi,3d87594baa8d19dbfb647aa845d9841cdf1cecc29ad16fe79e1556164faf3a90,1,1,0,validation,validation,0
singleton_1842,singleton,RWF-2000,train/Fight/rwf_train_fight_0038.avi,b3724ba45395996a6f28f1db929468a44b9f447b293e12c75e3d9ac964657747,1,1,0,test,test,0
singleton_1843,singleton,RWF-2000,train/Fight/rwf_train_fight_0039.avi,dd0ff78ea0cb7906037e50ee1143207ddef661aa1181c6626cb523b6adc68bd7,1,1,0,test,test,0
singleton_1844,singleton,RWF-2000,train/Fight/rwf_train_fight_0040.avi,3df83296c6a10c9e3f5c3aca35343e6bfd3b83a5af4083819c1b1ba109727d2f,1,1,0,train,train,0
singleton_1845,singleton,RWF-2000,train/Fight/rwf_train_fight_0041.avi,2928eaa7e54d80a7d80d5a9d000449a51371d7ae80c850b96ced2185bef30c88,1,1,0,train,train,0
singleton_1846,singleton,RWF-2000,train/Fight/rwf_train_fight_0042.avi,4905803ff400444f8b2d53bee246f464f8802d32b475fe0aa40297aa2a6e006e,1,1,0,train,train,0
singleton_1847,singleton,RWF-2000,train/Fight/rwf_train_fight_0043.avi,d6785b6786cf30ae8e7d38028a64a37acc4fab3ea52963224c7b97971d4f2735,1,1,0,train,train,0
singleton_1848,singleton,RWF-2000,train/Fight/rwf_train_fight_0044.avi,82c72e541b421d9d5ffa90377bdbff3871f5d3baf54652ec141d47894d064e05,1,1,0,train,train,0
singleton_1849,singleton,RWF-2000,train/Fight/rwf_train_fight_0045.avi,284278ed7927038a5f7f31bc1d32a3c8380b01d2b458fb3db7fa516d6a9e3eea,1,1,0,train,train,0
singleton_1850,singleton,RWF-2000,train/Fight/rwf_train_fight_0046.avi,260ffc628ecd98d971d702523482ffb28d6395be6f0b709ae3711702d84fdc62,1,1,0,train,train,0
cluster_0122,perceptual_near_duplicate,RWF-2000,train/Fight/rwf_train_fight_0047.avi,11b1236ef299b1a7d4c95b4da35a4db702897bc576f1a0f4ea5a12de92ae1997,1,1,0,test,validation,1
singleton_1851,singleton,RWF-2000,train/Fight/rwf_train_fight_0048.avi,726e52e3f4dbc5f3e5ac58fea68127b91496d850ebc026308a9512fff9c9d27c,1,1,0,train,train,0
singleton_1852,singleton,RWF-2000,train/Fight/rwf_train_fight_0049.avi,485e6ac426baa7a57d15b96768dcd21d2dfe9934e675763df605fdd0d2c80e9f,1,1,0,train,train,0
singleton_1853,singleton,RWF-2000,train/Fight/rwf_train_fight_0050.avi,7567111cca17bcc49d72df480f4a38d1f7c5640a2ab7184ae92964ee84ecbfd4,1,1,0,train,train,0
singleton_1854,singleton,RWF-2000,train/Fight/rwf_train_fight_0051.avi,f009da2da1d9c67ee102238ea25ca9701abf3ae1e3237ced103d7107fdcafb27,1,1,0,train,train,0
cluster_0014,perceptual_near_duplicate,RWF-2000,train/Fight/rwf_train_fight_0052.avi,7ff0971fea943b539cf57181b2fc8e8502f93552674493db98942095386c6d79,1,1,0,train,test,1
cluster_0014,perceptual_near_duplicate,RWF-2000,train/Fight/rwf_train_fight_0053.avi,44257b8b59f3b1c2539e48653143c4f7e83281f27512e05ca24ca803eeb947a3,1,1,0,test,test,0
cluster_0014,perceptual_near_duplicate,RWF-2000,train/Fight/rwf_train_fight_0054.avi,a90de783a8428483b7a955a27d74d58012c85d9c04d59173b9cf601cd0408eeb,1,1,0,train,test,1
cluster_0014,perceptual_near_duplicate,RWF-2000,train/Fight/rwf_train_fight_0055.avi,3e2ed1d727fdd3ba7f691c8661aea9062cb0ae5b9cf7c9b3b6453224da917e41,1,1,0,test,test,0
cluster_0014,perceptual_near_duplicate,RWF-2000,train/Fight/rwf_train_fight_0056.avi,23b21c48de48d813c651f794867f81f1c31e115294ad2c2f6665e59b86b86403,1,1,0,train,test,1
singleton_1855,singleton,RWF-2000,train/Fight/rwf_train_fight_0057.avi,3848c61891839430d1c0e0f5825c78579c3f8fcfab2bbc45bc829eecf9b28acd,1,1,0,train,train,0
singleton_1856,singleton,RWF-2000,train/Fight/rwf_train_fight_0058.avi,81c8816d5b491b0d3996ac036891cdb1493b5efc5afac7a59546c5bb4caacd47,1,1,0,test,test,0
singleton_1857,singleton,RWF-2000,train/Fight/rwf_train_fight_0059.avi,bc509867e2789a4895745f01545a08020f04f69867e26b4d29345d717bdc668f,1,1,0,train,train,0
singleton_1858,singleton,RWF-2000,train/Fight/rwf_train_fight_0060.avi,e40f7541270fbbb23e82a5ac2b97f771eea7b30b05241df1475773b58aad530a,1,1,0,train,train,0
singleton_1859,singleton,RWF-2000,train/Fight/rwf_train_fight_0061.avi,0dc4f0989d333a71926ca1445f325cfda8287ef98ddb6a77a7323afed5b31492,1,1,0,train,train,0
singleton_1860,singleton,RWF-2000,train/Fight/rwf_train_fight_0062.avi,64ca0535b33f386411bbab82d9daa76ede477d726c8af82c63d9e1dd3d4d31b2,1,1,0,train,train,0
singleton_1861,singleton,RWF-2000,train/Fight/rwf_train_fight_0063.avi,54c2261802dc98dd99d8d36c62db1479a35cc916f8ae8fbb1d85ddf2be879a6a,1,1,0,train,train,0
cluster_0171,perceptual_near_duplicate,RWF-2000,train/Fight/rwf_train_fight_0064.avi,34b641d5e7627f72aa45d7c5aa422566d174d549fdd1882aa55478a2d93e2f8c,1,1,0,train,validation,1
singleton_1862,singleton,RWF-2000,train/Fight/rwf_train_fight_0065.avi,924f0df971a05fc4966fd30363aa1992eeaa37a3c7a4ab5ae6012c7418928c4c,1,1,0,validation,validation,0
singleton_1863,singleton,RWF-2000,train/Fight/rwf_train_fight_0066.avi,589e9537fb2e8557a8656f33e83e10b0ccc427d365c117c0ba581a887ebb5ef1,1,1,0,train,train,0
singleton_1864,singleton,RWF-2000,train/Fight/rwf_train_fight_0067.avi,66ad8dc83f6f3a73eb600d4cd8a0ae8204e705be5a63ea46c91f28063c8a057d,1,1,0,train,train,0
singleton_1865,singleton,RWF-2000,train/Fight/rwf_train_fight_0068.avi,d4436d07a1c190d76a991833346cae69fd330fc955c10c9d067453094977655e,1,1,0,train,train,0
singleton_1866,singleton,RWF-2000,train/Fight/rwf_train_fight_0069.avi,8069de58e1e93c3ab1fc75fe3ed0b1e8af9bd437b7f5d81c9bc2c6177f57de9f,1,1,0,train,train,0
singleton_1867,singleton,RWF-2000,train/Fight/rwf_train_fight_0070.avi,c3676d7c0e439ebabe1444c188f0074d3cf278d5f38ab61bc5b77597ab1d2cd6,1,1,0,train,train,0
singleton_1868,singleton,RWF-2000,train/Fight/rwf_train_fight_0071.avi,e95c9b47c28867969e4e5bdcd32f8fdd6fd50a560a9957a9c7fbb52e8ffbec2b,1,1,0,train,train,0
singleton_1869,singleton,RWF-2000,train/Fight/rwf_train_fight_0072.avi,ad5d68f10afb6efdbd978482840669caa792129dbdd7bee2c7128850b837fd5d,1,1,0,train,train,0
singleton_1870,singleton,RWF-2000,train/Fight/rwf_train_fight_0073.avi,dd9897efdd778ef816f2441aeaf3e19a538652482c4dcb87b97968a45f1d323a,1,1,0,train,train,0
cluster_0172,perceptual_near_duplicate,RWF-2000,train/Fight/rwf_train_fight_0074.avi,28465af8dca0b718aff179ac07acfd13024c4ff02b518035bcb903616e172967,1,1,0,validation,validation,0
cluster_0172,perceptual_near_duplicate,RWF-2000,train/Fight/rwf_train_fight_0075.avi,5689ccf8caaf6588a40367daf6c92123b6f85e2758853436a0c31a0b44ed169a,1,1,0,train,validation,1
cluster_0006,perceptual_near_duplicate,RWF-2000,train/Fight/rwf_train_fight_0076.avi,8d38902dee5f0220825da70cba00d044f507b78bab8fe731e609c7459b71b46e,1,1,0,test,train,1
cluster_0006,perceptual_near_duplicate,RWF-2000,train/Fight/rwf_train_fight_0077.avi,d7e95c2754354e5beb388b25ec792958225aa63d7d818fa1a8242e7297640cfa,1,1,0,validation,train,1
cluster_0006,perceptual_near_duplicate,RWF-2000,train/Fight/rwf_train_fight_0078.avi,135d77c00a32d59fafb9c3b500dbe27f889651daeff0ba5e74458732c7841bba,1,1,0,train,train,0
cluster_0006,perceptual_near_duplicate,RWF-2000,train/Fight/rwf_train_fight_0079.avi,9a86168608c09d725f02b5fe3f9369964830e2071c933bd0390222bef73e8a25,1,1,0,train,train,0
cluster_0006,perceptual_near_duplicate,RWF-2000,train/Fight/rwf_train_fight_0080.avi,676efa8e2aac54856d5ac8ff45383321ded847b739fa73988d75090d687ded8a,1,1,0,test,train,1
cluster_0006,perceptual_near_duplicate,RWF-2000,train/Fight/rwf_train_fight_0081.avi,0b72a34eab8be8c170a2fddfa95def41d87fe82dc02d44ccaad87b75a89d22ee,1,1,0,train,train,0
singleton_1871,singleton,RWF-2000,train/Fight/rwf_train_fight_0082.avi,5b4de7d415634dc8218cdade58a519934f559d8b90dad8ebc9a0dea5f7fa3ed0,1,1,0,train,train,0
singleton_1872,singleton,RWF-2000,train/Fight/rwf_train_fight_0083.avi,60591ba1c0b2424e0460cea2ca19de40c445cf80ac8bca1668c77d8b16ccf3df,1,1,0,test,test,0
singleton_1873,singleton,RWF-2000,train/Fight/rwf_train_fight_0084.avi,8a94453d6c02175c5e3b88a2e78de73d237ca38ffbe3ee464a6cfef92a1f9d72,1,1,0,train,train,0
singleton_1874,singleton,RWF-2000,train/Fight/rwf_train_fight_0085.avi,f26a0ad92d41f2b3f69f9c46ec96fe1ba95963599e2576ce4324b6e71d01a369,1,1,0,test,test,0
cluster_0123,perceptual_near_duplicate,RWF-2000,train/Fight/rwf_train_fight_0086.avi,15429da03cc36fd352295163c1a58e1389e1b4fc4e452554dc3e111d70447d1b,1,1,0,test,test,0
singleton_1875,singleton,RWF-2000,train/Fight/rwf_train_fight_0087.avi,2b1ece335d42040f08d46638a0199e2abb5a53608a54b7c8c653d60a6aa0685b,1,1,0,validation,validation,0
cluster_0173,perceptual_near_duplicate,RWF-2000,train/Fight/rwf_train_fight_0088.avi,6cfd5b246b113569a3e71a956fbfe6a9d8a80e1750dab42feac989ea796102c0,1,1,0,train,validation,1
cluster_0173,perceptual_near_duplicate,RWF-2000,train/Fight/rwf_train_fight_0089.avi,f0ef03a1a7638cd6533fa18b57c4426beeab424ffb376330c2b9381ef4b1271f,1,1,0,validation,validation,0
singleton_1876,singleton,RWF-2000,train/Fight/rwf_train_fight_0090.avi,4af3f79b56ec3347a6e6f5f8ddf46ed2390527ce50cc5c57db0c095d198fde25,1,1,0,train,train,0
singleton_1877,singleton,RWF-2000,train/Fight/rwf_train_fight_0091.avi,60bf5a3d68b74bcb26c26149840ee48c4630d523db42f8f0a0920c8fe7945979,1,1,0,train,train,0
singleton_1878,singleton,RWF-2000,train/Fight/rwf_train_fight_0092.avi,1e046d34c4828e1540ad08cc5ba173a5a6ab2a396688e7c1b77d75852200a52f,1,1,0,train,train,0
singleton_1879,singleton,RWF-2000,train/Fight/rwf_train_fight_0093.avi,be7e1ab8823212c9d94f62bfa4ff721c22f40b602d6d5168cb9cbcf33c50aad5,1,1,0,train,train,0
singleton_1880,singleton,RWF-2000,train/Fight/rwf_train_fight_0094.avi,c18f697d097f9713ffe9ec9f6a95c2af5550ba32a3633dddbe0a7d31766504c2,1,1,0,train,train,0
singleton_1881,singleton,RWF-2000,train/Fight/rwf_train_fight_0095.avi,568c951b39ad041b9ea55a30aca0b3b8c82c13486fa02402304b5bfaeba06f51,1,1,0,train,train,0
singleton_1882,singleton,RWF-2000,train/Fight/rwf_train_fight_0096.avi,3bb050143388a4fb63d334f918b8fc0fc8d689e1fe483b2cd84caaa07a9158eb,1,1,0,validation,validation,0
singleton_1883,singleton,RWF-2000,train/Fight/rwf_train_fight_0097.avi,ed38f0185065f8f3c2dc74bdc55fa5c880138f856e39c3cf98da64eb113e0b1d,1,1,0,validation,validation,0
singleton_1884,singleton,RWF-2000,train/Fight/rwf_train_fight_0098.avi,592c7877b4d79b667b322acd6d673ab211dd8c509c5dbc0a6728d5316b4ab262,1,1,0,train,train,0
singleton_1885,singleton,RWF-2000,train/Fight/rwf_train_fight_0099.avi,80cbb2c7cfc1ce68e371c538a40133f0e8d3a71c02b56dd4dfdb11097d957548,1,1,0,train,train,0
cluster_0093,perceptual_near_duplicate,RWF-2000,train/Fight/rwf_train_fight_0100.avi,eb2669f6af156373d724fab3a732195f04456a76ae857cfa2e0a038223c7a8db,1,1,0,train,train,0
singleton_1886,singleton,RWF-2000,train/Fight/rwf_train_fight_0101.avi,0d854939f300caf2f58fc1dca2ccf30091a1bc8741c78cb76484bf6467febc41,1,1,0,train,train,0
singleton_1887,singleton,RWF-2000,train/Fight/rwf_train_fight_0102.avi,d0183f99a321cbaa027445942127e388377003aa7d8cc23f7be29f54b93bdfe4,1,1,0,train,train,0
singleton_1888,singleton,RWF-2000,train/Fight/rwf_train_fight_0103.avi,b3e5651b47e27a3b5bdc2b94dbeb4dcfafebf2e92e44d523a1ef36c4d2c905f0,1,1,0,train,train,0
singleton_1889,singleton,RWF-2000,train/Fight/rwf_train_fight_0104.avi,2356cd58c44c10d111df4d612c65e86bf47929d8d7600ff5d36915e121967e13,1,1,0,validation,validation,0
singleton_1890,singleton,RWF-2000,train/Fight/rwf_train_fight_0105.avi,1cc28d6e3a66af162c31817391ebca175aee646bb30c3f2054159ba858a5dfd4,1,1,0,train,train,0
singleton_1891,singleton,RWF-2000,train/Fight/rwf_train_fight_0106.avi,eb5a20612f90b1b6dd227885ab2717ab0a3341ae7b4d70509bd21714e5eaa8c4,1,1,0,train,train,0
singleton_1892,singleton,RWF-2000,train/Fight/rwf_train_fight_0107.avi,ca6274a2d00ebd148365e93efd5935e963bbb791f73632c67d4afc1ed51de44a,1,1,0,train,train,0
singleton_1893,singleton,RWF-2000,train/Fight/rwf_train_fight_0108.avi,67d0181ea38984172447ec2ae9db62fd5f04c5c5d0b88ea30b1e7247e453b591,1,1,0,train,train,0
singleton_1894,singleton,RWF-2000,train/Fight/rwf_train_fight_0109.avi,cfaa749dc08bf505d23071004f6904eaf1452beab6eb991b149e2c03359ba1ec,1,1,0,validation,validation,0
cluster_0049,perceptual_near_duplicate,RWF-2000,train/Fight/rwf_train_fight_0110.avi,8a46038afbf7a1af2f3b5e49fbae15ffb92529c90ee6d03c2d7b6b9f671d4c2b,1,1,0,validation,train,1
cluster_0049,perceptual_near_duplicate,RWF-2000,train/Fight/rwf_train_fight_0111.avi,117dcfc78fd70502e7d858104f698c5263a64d35960a9499193f906474d6407a,1,1,0,test,train,1
cluster_0049,perceptual_near_duplicate,RWF-2000,train/Fight/rwf_train_fight_0112.avi,8747d1b31bc76f9f4535948f8dca5e9d847ff2118b1f34f8d562759724cb895d,1,1,0,train,train,0
cluster_0026,perceptual_near_duplicate,RWF-2000,train/Fight/rwf_train_fight_0113.avi,fa7100bc301bedf1d0b241375abdd82e59e0d7943d365748d4c7181174c9573f,1,1,0,test,test,0
cluster_0026,perceptual_near_duplicate,RWF-2000,train/Fight/rwf_train_fight_0114.avi,616018b736573d70d0ebbe9f185952b72bd390d693f463f6dc363536bfe35e2f,1,1,0,test,test,0
singleton_1895,singleton,RWF-2000,train/Fight/rwf_train_fight_0115.avi,10647109df7debb6106747e611bf7f2c847f7f57c49b2566b8a9fd29129a81f3,1,1,0,train,train,0
singleton_1896,singleton,RWF-2000,train/Fight/rwf_train_fight_0116.avi,066d5229a29d9012b193d336f088ac44af0e3466d8c2ae88e20a80a54c1a498f,1,1,0,train,train,0
singleton_1897,singleton,RWF-2000,train/Fight/rwf_train_fight_0117.avi,fef14926de319dfeb7ac8c7b4ad40de8b5afc0a93e2de0808fc63557736c274b,1,1,0,train,train,0
singleton_1898,singleton,RWF-2000,train/Fight/rwf_train_fight_0118.avi,569a3b83dc401a675f7a4100275d0274bb3c38d758a810840013432780b5486b,1,1,0,train,train,0
singleton_1899,singleton,RWF-2000,train/Fight/rwf_train_fight_0119.avi,fc6bb3dedd412b29e63dc64b3cac877cfd750aca3d1b688e19de0ad803460d39,1,1,0,train,train,0
singleton_1900,singleton,RWF-2000,train/Fight/rwf_train_fight_0120.avi,7869f5f3dcd22ac9e8848a5fb86664d70fee2ce9bdff1a5db8605e67ce846e07,1,1,0,train,train,0
singleton_1901,singleton,RWF-2000,train/Fight/rwf_train_fight_0121.avi,1dbc4d1877b58aa0c76a204d8c09506b20912b5cdb8aa152e07b0d3cb50962f9,1,1,0,train,train,0
cluster_0074,perceptual_near_duplicate,RWF-2000,train/Fight/rwf_train_fight_0122.avi,5343d6f905828df0113a1a5750a60fda3961b0d7c7398aff974187e34177de1c,1,1,0,test,test,0
cluster_0074,perceptual_near_duplicate,RWF-2000,train/Fight/rwf_train_fight_0123.avi,2b8a4a089223ed2cb418a5f893d94f08873bec99edc241bd6844d9c3608780e5,1,1,0,train,test,1
singleton_1902,singleton,RWF-2000,train/Fight/rwf_train_fight_0124.avi,beb280857c4c99d02108f795e40b3c10e3ad4e06f7f94ab3a33898ebedba038d,1,1,0,train,train,0
singleton_1903,singleton,RWF-2000,train/Fight/rwf_train_fight_0125.avi,8de602b3e5f2aaef96f426f5133ae54f82a64e3c58daa4e7a49aa5440df301aa,1,1,0,test,test,0
singleton_1904,singleton,RWF-2000,train/Fight/rwf_train_fight_0126.avi,0aad8d1fc77ff6c4e74029aec06c7f052ee2776fbeee8b180b1745f8d0105471,1,1,0,train,train,0
singleton_1905,singleton,RWF-2000,train/Fight/rwf_train_fight_0127.avi,c0d0bb458305dd459a9e9da3d49aeb5fe64180aadf34cf2fdad154137dc89c7c,1,1,0,train,train,0
singleton_1906,singleton,RWF-2000,train/Fight/rwf_train_fight_0128.avi,41737013b7b496d537cd07dacd8456bd49e21014559ed318a74a8c4040149df1,1,1,0,train,train,0
singleton_1907,singleton,RWF-2000,train/Fight/rwf_train_fight_0129.avi,a4d8e07f112cc7304c3bb28bf19b56d36f2a7ca06fc4995fe5191ef06dc5c134,1,1,0,train,train,0
cluster_0015,perceptual_near_duplicate,RWF-2000,train/Fight/rwf_train_fight_0130.avi,f29ffd7335f0cb0b8ed07d103a4aa217c8c26c50b9780cff2f9c8cc0be9cdf12,1,1,0,test,validation,1
cluster_0015,perceptual_near_duplicate,RWF-2000,train/Fight/rwf_train_fight_0131.avi,235a2b8f7089fee9486187b0eff583496f993b88967a2348aad2ce3a10c99f4d,1,1,0,validation,validation,0
cluster_0015,perceptual_near_duplicate,RWF-2000,train/Fight/rwf_train_fight_0132.avi,74696e3e38ca52c6a579d5da5dcf252ada6adbf127177be0b83fbdd5415554cf,1,1,0,train,validation,1
cluster_0015,perceptual_near_duplicate,RWF-2000,train/Fight/rwf_train_fight_0133.avi,1ca7d188040566cd51b6623ab4c764d791e0f33d8e9c16d97672547b034e6b68,1,1,0,train,validation,1
cluster_0015,perceptual_near_duplicate,RWF-2000,train/Fight/rwf_train_fight_0134.avi,9eee44863f2659da245e5101af226cf830e69082cff6874236ba960aca73af55,1,1,0,train,validation,1
cluster_0015,perceptual_near_duplicate,RWF-2000,train/Fight/rwf_train_fight_0135.avi,0e5b5bc2125778febd96f86a99f16268b76741099f2f9943d5617900ed9acfa9,1,1,0,validation,validation,0
singleton_1908,singleton,RWF-2000,train/Fight/rwf_train_fight_0136.avi,39fd132a445a90d097704e1f4bc5c55e76f4fc2fbdddd95b868ba40d72ea4597,1,1,0,validation,validation,0
singleton_1909,singleton,RWF-2000,train/Fight/rwf_train_fight_0137.avi,74ef003d362ada76d7c92fadd249a73e2aad6b8cb8273931bff66f0d3910f5aa,1,1,0,train,train,0
singleton_1910,singleton,RWF-2000,train/Fight/rwf_train_fight_0138.avi,149cd290cdce421a35fe81af384dfe0f9d7721ee88b550bb34ca28eeebcfa6c4,1,1,0,train,train,0
singleton_1911,singleton,RWF-2000,train/Fight/rwf_train_fight_0139.avi,c748f44db2797a7a35a2fa0cd8c6a5cab76afe31e016386d712f9f77fb478d84,1,1,0,train,train,0
singleton_1912,singleton,RWF-2000,train/Fight/rwf_train_fight_0140.avi,a981dee67f509e0a8a3bab9aaf0787d96fb0c410f08fa6baeed7714f573228c3,1,1,0,train,train,0
singleton_1913,singleton,RWF-2000,train/Fight/rwf_train_fight_0141.avi,4e05e510f659c07bb7580e58e4f50157e2ad90d3e9ebbce8bc96e1922a0a513e,1,1,0,validation,validation,0
singleton_1914,singleton,RWF-2000,train/Fight/rwf_train_fight_0142.avi,771dce27fdebb520ba88f92e1e0727538eb529772a2a7facc13ec6f830a5b23c,1,1,0,test,test,0
singleton_1915,singleton,RWF-2000,train/Fight/rwf_train_fight_0143.avi,013a9b88cd531abb0bafa3a5b1c4405dc11b9bcc16b3cc145a57f099fb075aa1,1,1,0,test,test,0
singleton_1916,singleton,RWF-2000,train/Fight/rwf_train_fight_0144.avi,be1808515c12bb72267596c44b25c1b470b810b69a3266af28eeea18b6c99b99,1,1,0,train,train,0
singleton_1917,singleton,RWF-2000,train/Fight/rwf_train_fight_0145.avi,1f0bd567e4fc367483a1a23fda8c7c4fd302c7996bdcbe0e1e04e9a824959848,1,1,0,train,train,0
singleton_1918,singleton,RWF-2000,train/Fight/rwf_train_fight_0146.avi,cfbfe223c908d77c2c3e120639071cd7c9c6487ace93a8d1e88ca14cac619129,1,1,0,train,train,0
singleton_1919,singleton,RWF-2000,train/Fight/rwf_train_fight_0147.avi,8d58c46cc240fd0aaa5dc860bce8111b66986a59b23d70b7989f8f01c2bcef0f,1,1,0,train,train,0
singleton_1920,singleton,RWF-2000,train/Fight/rwf_train_fight_0148.avi,7fb83f02b77af73ac9a6be39a67a0d393c8d5a7aff79fcc2a2bf3302251966b6,1,1,0,train,train,0
singleton_1921,singleton,RWF-2000,train/Fight/rwf_train_fight_0149.avi,fe65d12a6c4992d8721afed802fc6c0bc1777e7e41656b7d0a82ee2f47f4b370,1,1,0,train,train,0
singleton_1922,singleton,RWF-2000,train/Fight/rwf_train_fight_0150.avi,b418934c24ba141ada5d939b49c2182a9a5624e5a0b8f1f67c557cff0b9bd761,1,1,0,train,train,0
singleton_1923,singleton,RWF-2000,train/Fight/rwf_train_fight_0151.avi,d170aeb4489c81ed4d64467fe3caedae1750c55173f84f7d78f2e308dfb1e4a5,1,1,0,train,train,0
singleton_1924,singleton,RWF-2000,train/Fight/rwf_train_fight_0152.avi,c7ab5a99818928bb9d3750685a7412330dcf2456cfedb59871cc2fbe14160555,1,1,0,train,train,0
singleton_1925,singleton,RWF-2000,train/Fight/rwf_train_fight_0153.avi,f15bbf59653387250c451aa10667ad3b73a5d62428b4e2a34619be6e012e0ff2,1,1,0,train,train,0
cluster_0174,perceptual_near_duplicate,RWF-2000,train/Fight/rwf_train_fight_0154.avi,ee59152bd9bf864e5d3447c3dcb62f6102d607b9e1e83c2b9c62a95e08043103,1,1,0,validation,validation,0
cluster_0174,perceptual_near_duplicate,RWF-2000,train/Fight/rwf_train_fight_0155.avi,bd60cc6dcfa7365bda54942add71cd78afd5e6b531b35fce6277d46c99123d56,1,1,0,train,validation,1
singleton_1926,singleton,RWF-2000,train/Fight/rwf_train_fight_0156.avi,222039c2903cad697d03398db209d19363afe77c36179f3d6011f4054a8b739b,1,1,0,train,train,0
singleton_1927,singleton,RWF-2000,train/Fight/rwf_train_fight_0157.avi,16c59c9355236efd841a7baed6e7940707e4ec4d0149cfcde4e0ed14518310b8,1,1,0,train,train,0
singleton_1928,singleton,RWF-2000,train/Fight/rwf_train_fight_0158.avi,6adbf310d16afe75cbd470f8b9c1f5d9de3cdafc3fe56df4575bee80c61ee87d,1,1,0,train,train,0
singleton_1929,singleton,RWF-2000,train/Fight/rwf_train_fight_0159.avi,5c8641acc6807c4ffa19703f4288aba86999a7aa366f152a0c9cb501df996e74,1,1,0,validation,validation,0
singleton_1930,singleton,RWF-2000,train/Fight/rwf_train_fight_0160.avi,d5a25d86c0bcb1d39b182982ab2956a85dbbf108753da4c3da28c2e838131d93,1,1,0,train,train,0
singleton_1931,singleton,RWF-2000,train/Fight/rwf_train_fight_0161.avi,9af88b7626d808bedfd397e393a51b7aa29e5901b440462c9df9e953ca8872ef,1,1,0,train,train,0
cluster_0010,perceptual_near_duplicate,RWF-2000,train/Fight/rwf_train_fight_0162.avi,85f57b67abbabeb75bf1d9e5505e18b3577538db9293b80ebbcef533f4a2c743,1,1,0,validation,test,1
cluster_0010,perceptual_near_duplicate,RWF-2000,train/Fight/rwf_train_fight_0163.avi,49bea4e76f38b841fd6c939d4c6fe06a2aaf324a76df34355948967212bf5617,1,1,0,train,test,1
cluster_0010,perceptual_near_duplicate,RWF-2000,train/Fight/rwf_train_fight_0164.avi,6f92d379635f3996d3e7230aacca7f842a7dbed8c381b3a9e2656ff1991f3810,1,1,0,train,test,1
cluster_0010,perceptual_near_duplicate,RWF-2000,train/Fight/rwf_train_fight_0165.avi,02f86008985a7d9d0fa2c4b35263096fb836b5100636622702bca4389a9d37f8,1,1,0,test,test,0
cluster_0010,perceptual_near_duplicate,RWF-2000,train/Fight/rwf_train_fight_0166.avi,84b9069a2975c525fc3f4d3ffb5c291a1156a2c45d9e792a78c472c5f4ca89de,1,1,0,validation,test,1
cluster_0010,perceptual_near_duplicate,RWF-2000,train/Fight/rwf_train_fight_0167.avi,80ee92a8e3021f63e797c70b1bbbb11bc98194ebf196491b74e6fd7feea8d6db,1,1,0,test,test,0
singleton_1932,singleton,RWF-2000,train/Fight/rwf_train_fight_0168.avi,63c2d1ec1300c7512f3afd4408603d2e18d9cfc1e6bc90f3486f37fc314cc835,1,1,0,train,train,0
singleton_1933,singleton,RWF-2000,train/Fight/rwf_train_fight_0169.avi,0a0c2c279d4fb36b3c8987df9f197d298b0d987ba5ef44c30c0071254d0464ee,1,1,0,train,train,0
singleton_1934,singleton,RWF-2000,train/Fight/rwf_train_fight_0170.avi,7f9fd2028bba7cb77e9706a60ea552adfc6b4bd7704b3734eaf4066f988ac86c,1,1,0,train,train,0
singleton_1935,singleton,RWF-2000,train/Fight/rwf_train_fight_0171.avi,ea20c8a831c8d2df4c4dc1ed6f43acd07033025a1b78ebd56f47d3cb2bc92edf,1,1,0,train,train,0
singleton_1936,singleton,RWF-2000,train/Fight/rwf_train_fight_0172.avi,bbdfb4b713149b361b33c70bd2815c50ba169c994773324e669c871e00e8d1e6,1,1,0,test,test,0
singleton_1937,singleton,RWF-2000,train/Fight/rwf_train_fight_0173.avi,fa01d8e78ef0a0eb8bc312051c427dbc13a76e7db46bc0a36eac3b8cd0047885,1,1,0,validation,validation,0
singleton_1938,singleton,RWF-2000,train/Fight/rwf_train_fight_0174.avi,ad777f323628581e006c04a01f3bf1c2f41cbddbd52c901cd74caf0ca8e07823,1,1,0,train,train,0
singleton_1939,singleton,RWF-2000,train/Fight/rwf_train_fight_0175.avi,2f7b6dacfe2335a2b260e555e0f57169c4d5277afd0f5e47af91314ff0378bc1,1,1,0,train,train,0
singleton_1940,singleton,RWF-2000,train/Fight/rwf_train_fight_0176.avi,6c3bfcc31051399d6be3e578cb421398d94f5a88d19b52e98549f21c05855bb0,1,1,0,train,train,0
cluster_0175,perceptual_near_duplicate,RWF-2000,train/Fight/rwf_train_fight_0177.avi,dd691ed8b0dd917c05537d661972d09d1b0e27c064889e7427d6689cbba8a6bc,1,1,0,train,validation,1
cluster_0175,perceptual_near_duplicate,RWF-2000,train/Fight/rwf_train_fight_0178.avi,8966c2b4fb80120290d0368a4861a2a6e7d6bea28b4e5958685337bb798dc094,1,1,0,validation,validation,0
singleton_1941,singleton,RWF-2000,train/Fight/rwf_train_fight_0179.avi,e403e327a5e0d8cda2fa30118a2fbb830a95cb0b9f8584b7cd325c927a0137a2,1,1,0,train,train,0
singleton_1942,singleton,RWF-2000,train/Fight/rwf_train_fight_0180.avi,4f87225a3899b2839b05e0351ff49a7447e0cc7f1ec57583af63b0d8716cb890,1,1,0,train,train,0
singleton_1943,singleton,RWF-2000,train/Fight/rwf_train_fight_0181.avi,75d7af41673a3af8ff2cf611f9df6e80f85d35e9ce59e6ec672742150a5eef3f,1,1,0,train,train,0
singleton_1944,singleton,RWF-2000,train/Fight/rwf_train_fight_0182.avi,f99d3e0c3a45ed0f79b2b4a02bd211cf39812ff1b848265e4362e2f1bfe7d683,1,1,0,train,train,0
cluster_0016,perceptual_near_duplicate,RWF-2000,train/Fight/rwf_train_fight_0183.avi,1561a80585f9c951fd71ce10e09e8aab08aa0824a89be6acebbc9a5ffde57e48,1,1,0,test,validation,1
cluster_0016,perceptual_near_duplicate,RWF-2000,train/Fight/rwf_train_fight_0184.avi,a3b935fa428736d141a883867cdbee007dc6bb92152ebc5a9b7f7b4e693644d0,1,1,0,test,validation,1
cluster_0016,perceptual_near_duplicate,RWF-2000,train/Fight/rwf_train_fight_0185.avi,a437c2eb02b4adf8d0821cd7eeea0ea12ca527c9f82156fd915c4e80c3ba2fff,1,1,0,validation,validation,0
cluster_0016,perceptual_near_duplicate,RWF-2000,train/Fight/rwf_train_fight_0186.avi,541bb318c403e20fe611a2928ba4d7c9096558c8da68e78583609972a2cde462,1,1,0,validation,validation,0
cluster_0016,perceptual_near_duplicate,RWF-2000,train/Fight/rwf_train_fight_0187.avi,c290ddcdd4db12f5cdecd91366010da76a08d60016690b02af429a46386e5ff4,1,1,0,validation,validation,0
cluster_0016,perceptual_near_duplicate,RWF-2000,train/Fight/rwf_train_fight_0188.avi,6bb44268d6e78b9a85a9362d698232158c57d50c3a7b37a0846e46f6dc20d13c,1,1,0,train,validation,1
singleton_1945,singleton,RWF-2000,train/Fight/rwf_train_fight_0189.avi,6741ac05fc55908c3e0beed70913b1ee2840c88ba9f6550b3b79e02ee48b38e5,1,1,0,validation,validation,0
singleton_1946,singleton,RWF-2000,train/Fight/rwf_train_fight_0190.avi,a2ae986c55a26d9fa8efeca376437990f1b68274eaf87b2d0112f3c297ece0c2,1,1,0,train,train,0
singleton_1947,singleton,RWF-2000,train/Fight/rwf_train_fight_0191.avi,708baf0d737705c9cbe09345f978d219c371ca0f3b805b1c6b5d40849f0d2a59,1,1,0,train,train,0
singleton_1948,singleton,RWF-2000,train/Fight/rwf_train_fight_0192.avi,88cb1a942062e7c9870775307abe4d14725c4d2a2bc7f745a5adc3dc9364912a,1,1,0,train,train,0
singleton_1949,singleton,RWF-2000,train/Fight/rwf_train_fight_0193.avi,1a84a56cd9e6bd44dcaa8f622b34778d38d20955e7fb8e4db4ed68db67ccea73,1,1,0,train,train,0
singleton_1950,singleton,RWF-2000,train/Fight/rwf_train_fight_0194.avi,87726780265ee7b2a32fb552b1416d163fc4fb2afbec3f5392fd7473934ccfbb,1,1,0,train,train,0
singleton_1951,singleton,RWF-2000,train/Fight/rwf_train_fight_0195.avi,84568103feef662eb33b94af1fab30fe9904432e3f30b7636d5926610e5fc61e,1,1,0,train,train,0
singleton_1952,singleton,RWF-2000,train/Fight/rwf_train_fight_0196.avi,087e7fe4c7f63a22bafaade3329704bc6c575ae72b426e42a4a7ba45d4d4562a,1,1,0,train,train,0
singleton_1953,singleton,RWF-2000,train/Fight/rwf_train_fight_0197.avi,63bf62c7a041037d7037de8badc018df44b14c2cd37f9898ab417d7a1be2dd99,1,1,0,train,train,0
cluster_0027,perceptual_near_duplicate,RWF-2000,train/Fight/rwf_train_fight_0198.avi,b324175103b6b94357462f32d293c4b185a1de56595a74d57054a01f2095c3a4,1,1,0,test,train,1
cluster_0027,perceptual_near_duplicate,RWF-2000,train/Fight/rwf_train_fight_0199.avi,5e3a5f62450148757c36b67b924d02e388d8e3e299dcbd49e89284afe6cc00fd,1,1,0,train,train,0
cluster_0027,perceptual_near_duplicate,RWF-2000,train/Fight/rwf_train_fight_0200.avi,488ca123c080e55a0ea4f706ef712d9ec88b7452c2fc3646876786a32de04797,1,1,0,test,train,1
cluster_0027,perceptual_near_duplicate,RWF-2000,train/Fight/rwf_train_fight_0201.avi,d5f6ab438764d040c1ff5c0b407f0a4d4be1c3f723c60a0cd9a28881bfc0b429,1,1,0,train,train,0
cluster_0027,perceptual_near_duplicate,RWF-2000,train/Fight/rwf_train_fight_0202.avi,6107b8435eaf0d3c46fa583e52d3c5a4160eb6ede863ccdd9090f36cd444de88,1,1,0,train,train,0
singleton_1954,singleton,RWF-2000,train/Fight/rwf_train_fight_0203.avi,a08ae9b5d09e7fc1a82f0d7d32871456979ca2a054fb83bc3c116c6d83f9a670,1,1,0,train,train,0
singleton_1955,singleton,RWF-2000,train/Fight/rwf_train_fight_0204.avi,1278e4c0833b496c995b75e30d811acd485fd879ed8d9e285aef3eb96d7c75f5,1,1,0,train,train,0
singleton_1956,singleton,RWF-2000,train/Fight/rwf_train_fight_0205.avi,01807c3e11da31aa493ea3b37046c1acbe8d18ad13c1bb466f5f2dbe6ef8acd2,1,1,0,validation,validation,0
singleton_1957,singleton,RWF-2000,train/Fight/rwf_train_fight_0206.avi,a7e43ff617c792c8ef3c9de1df3f3f1e572ca48e6c47af522b27e5531152383c,1,1,0,train,train,0
cluster_0019,perceptual_near_duplicate,RWF-2000,train/Fight/rwf_train_fight_0207.avi,6465b88fe6c4201a7ebadc2100592dc81d6d31b62d2d34bcfd60621a840038b2,1,1,0,train,train,0
cluster_0019,perceptual_near_duplicate,RWF-2000,train/Fight/rwf_train_fight_0208.avi,06048d1cc3dee14b48ca17f18fce7a1afaeffedffce9d38fbab20ff442ee25e6,1,1,0,train,train,0
singleton_1958,singleton,RWF-2000,train/Fight/rwf_train_fight_0209.avi,3feea87a1b5226b3ebb9d863d4076c475847fdc8c45e64e830ddeeff9ca4f4cd,1,1,0,train,train,0
cluster_0028,perceptual_near_duplicate,RWF-2000,train/Fight/rwf_train_fight_0210.avi,f2f275ea34421a8001872bc1410d12db7b06af2b5f1dfa23641de759787c8e75,1,1,0,validation,test,1
cluster_0028,perceptual_near_duplicate,RWF-2000,train/Fight/rwf_train_fight_0211.avi,83d6da933610e5dd592d34cbe58a6c691c9f0f8c531a67ce4cc7e0f00e5c54c2,1,1,0,test,test,0
cluster_0028,perceptual_near_duplicate,RWF-2000,train/Fight/rwf_train_fight_0212.avi,5125ae14639a94823457d5702a955594482f5f64852e19908a39f20344626b7f,1,1,0,train,test,1
cluster_0028,perceptual_near_duplicate,RWF-2000,train/Fight/rwf_train_fight_0213.avi,e533e9581ee19303dcbb85a993c39ae026206741c7c0ee2e7b5140201b9f5e26,1,1,0,validation,test,1
cluster_0028,perceptual_near_duplicate,RWF-2000,train/Fight/rwf_train_fight_0214.avi,1762cb0f8fa7cb4b26717b356532d0e1ba2f5252836e2b951413cf3fbbfa49ab,1,1,0,test,test,0
singleton_1959,singleton,RWF-2000,train/Fight/rwf_train_fight_0215.avi,10ad2448aed583bca18b77f1df2ea9ad2cd24f668296d6074fd67665e453d094,1,1,0,test,test,0
singleton_1960,singleton,RWF-2000,train/Fight/rwf_train_fight_0216.avi,89eb7a65fcc79c6ad4f4963f7b5343020780ea7029d91b5be1d04eea756edd02,1,1,0,train,train,0
singleton_1961,singleton,RWF-2000,train/Fight/rwf_train_fight_0217.avi,09c23802591353de2d7c4121248dde7001f55d5e769cbf5508def2ddc4395762,1,1,0,train,train,0
cluster_0075,perceptual_near_duplicate,RWF-2000,train/Fight/rwf_train_fight_0218.avi,d489766dc688a1180c5e358421e2b5dddecf3469c02ff7f52989dfe2e454ce51,1,1,0,train,train,0
cluster_0075,perceptual_near_duplicate,RWF-2000,train/Fight/rwf_train_fight_0219.avi,3d2642008b779115603e7832cfe9ebfaf34e0649a9cd428d53083f18d905f0ee,1,1,0,test,train,1
cluster_0075,perceptual_near_duplicate,RWF-2000,train/Fight/rwf_train_fight_0220.avi,4edba1c1294dcbf559cb56d776a7924b36484ca384a23043e60784b398cdb10e,1,1,0,train,train,0
singleton_1962,singleton,RWF-2000,train/Fight/rwf_train_fight_0221.avi,52c207378ea8f6b8a6a319a14c3f430a5d80b5caaf781613eaaa58dcb45886b5,1,1,0,train,train,0
singleton_1963,singleton,RWF-2000,train/Fight/rwf_train_fight_0222.avi,b774bf625534570a85571b7251333d98d9a9ecf69f5a2f61c215eb8d7577a2ef,1,1,0,validation,validation,0
singleton_1964,singleton,RWF-2000,train/Fight/rwf_train_fight_0223.avi,c091764c0976ffcc70ff42fb98f9410fac70bc331c4b5fefef4bca6b28422585,1,1,0,test,test,0
singleton_1965,singleton,RWF-2000,train/Fight/rwf_train_fight_0224.avi,3b220e4352b04a34b19aee6d5646937a64ae751b9cbdd97c9f8e130a41872d19,1,1,0,validation,validation,0
singleton_1966,singleton,RWF-2000,train/Fight/rwf_train_fight_0225.avi,ec2ced1d59c0da16d3d8094daf56a77a4f797264dffa45282f30ff487ae4aac0,1,1,0,test,test,0
singleton_1967,singleton,RWF-2000,train/Fight/rwf_train_fight_0226.avi,519c0ea5586f590028473434c537ad059861b5aa3c7d18e414effad6a66dedac,1,1,0,train,train,0
singleton_1968,singleton,RWF-2000,train/Fight/rwf_train_fight_0227.avi,d8671da67bfc0fde5f6cb2beb1d0e16e56bdb2bcd3290cfab0517b310ae3c4fa,1,1,0,validation,validation,0
singleton_1969,singleton,RWF-2000,train/Fight/rwf_train_fight_0228.avi,cc4428ffc72f1f7dfb521cb39e1d04fef006ce77dfe37bbb757e1f92180b542a,1,1,0,validation,validation,0
singleton_1970,singleton,RWF-2000,train/Fight/rwf_train_fight_0229.avi,67b0bc8077b4cd3b318eb92c5e81a63f598b6a55399e14c37c09cd79079b26b2,1,1,0,train,train,0
singleton_1971,singleton,RWF-2000,train/Fight/rwf_train_fight_0230.avi,14b6d99ed12ff288bbaffcd984f728feb2e7095f7e63aad15b4d725547aec408,1,1,0,test,test,0
cluster_0038,perceptual_near_duplicate,RWF-2000,train/Fight/rwf_train_fight_0231.avi,782b18835a20be798b6d3e971f9063355d8238da363f35952a20245ffc5a3265,1,1,0,train,train,0
singleton_1972,singleton,RWF-2000,train/Fight/rwf_train_fight_0232.avi,a73fd200690dc4bcdff3b17f986e8c001f99f904dea68407dd402ee24512afeb,1,1,0,train,train,0
singleton_1973,singleton,RWF-2000,train/Fight/rwf_train_fight_0233.avi,7eddd0b37cac74c3c7b5c4369618f368a2b2ebc8123c5362732428cf6e782846,1,1,0,train,train,0
cluster_0094,perceptual_near_duplicate,RWF-2000,train/Fight/rwf_train_fight_0234.avi,699fc283c996fb33edba232016d4771a97d55a24b9cbf71e8ebcc80619cdee21,1,1,0,validation,train,1
cluster_0094,perceptual_near_duplicate,RWF-2000,train/Fight/rwf_train_fight_0235.avi,f0209755d9899265f280917d1300b1bff0380f67fec24030e87d3b6e4eee804b,1,1,0,train,train,0
cluster_0124,perceptual_near_duplicate,RWF-2000,train/Fight/rwf_train_fight_0236.avi,6b8ddc71a335c0e54ccea6ff2f52cfa0a123b16855f9c5d4b88f46d552a1418e,1,1,0,test,test,0
cluster_0124,perceptual_near_duplicate,RWF-2000,train/Fight/rwf_train_fight_0237.avi,d07edb6b0b36354ccefff299adac1126794fa31408892142a6fd2a781c5e29c4,1,1,0,train,test,1
cluster_0176,perceptual_near_duplicate,RWF-2000,train/Fight/rwf_train_fight_0238.avi,3df8cd951ca6350db88cb81a34bd509e5e5565363de707340569b4aff57b3417,1,1,0,validation,validation,0
cluster_0176,perceptual_near_duplicate,RWF-2000,train/Fight/rwf_train_fight_0239.avi,bef8a1b11e4d286b2a93c09b04cb390a66c88515e8d7aeeb24c4335a4ac00fc0,1,1,0,train,validation,1
cluster_0050,perceptual_near_duplicate,RWF-2000,train/Fight/rwf_train_fight_0240.avi,400669da13d74b1548e673f5f93fa2839243bcb55be71b05a71565215f3c78e8,1,1,0,test,test,0
cluster_0050,perceptual_near_duplicate,RWF-2000,train/Fight/rwf_train_fight_0241.avi,66d92840083d61d534af54822a1de504d5cdca9bad0bcddfb53d77c4d69249a8,1,1,0,train,test,1
cluster_0050,perceptual_near_duplicate,RWF-2000,train/Fight/rwf_train_fight_0242.avi,0c2855441b082c81dfed6849804cf68666932a2f914b05d1588617102cfbf28c,1,1,0,test,test,0
cluster_0050,perceptual_near_duplicate,RWF-2000,train/Fight/rwf_train_fight_0243.avi,c62139ca58ea434f6a93bb8bc09f7f78efb49d14b41629492fc060454eac2ce9,1,1,0,train,test,1
singleton_1974,singleton,RWF-2000,train/Fight/rwf_train_fight_0244.avi,27e86eb8104169f68558ce5fa8ff9dc788ab4cd724c28b69bf0828d232a02844,1,1,0,train,train,0
singleton_1975,singleton,RWF-2000,train/Fight/rwf_train_fight_0245.avi,945346fd43a52093b66c186ff3eff2f162015502f36653235400c34b6d54d82c,1,1,0,train,train,0
singleton_1976,singleton,RWF-2000,train/Fight/rwf_train_fight_0246.avi,164e7f92512a83c9bd3350b6cfd931516cdb8fce2b86db309d073f25fa65bba6,1,1,0,train,train,0
cluster_0033,perceptual_near_duplicate,RWF-2000,train/Fight/rwf_train_fight_0247.avi,7be24cd434959ffbd17dc85e1376bb8309422f431b0242491a4c1466dc8fc5a5,1,1,0,train,train,0
cluster_0033,perceptual_near_duplicate,RWF-2000,train/Fight/rwf_train_fight_0248.avi,acd02a7ec909e6c211ffddb9b8c11381a106d7422cf4b24d4d06264f61cf7911,1,1,0,train,train,0
cluster_0065,perceptual_near_duplicate,RWF-2000,train/Fight/rwf_train_fight_0249.avi,1af2f0cef6f92377a64d8ef2a17e270dbeca98661dcb2b7ad2a342f613766f5f,0,1,1,train,validation,1
singleton_1977,singleton,RWF-2000,train/Fight/rwf_train_fight_0250.avi,0323974d22fbda18f66f7a604de9681525d42d84c8a39a5aab9e03107464434d,1,1,0,validation,validation,0
singleton_1978,singleton,RWF-2000,train/Fight/rwf_train_fight_0251.avi,62ea0efbfada80dba075771e8888b680f563f5015c4ae2d468ac1bd9349dd341,1,1,0,train,train,0
singleton_1979,singleton,RWF-2000,train/Fight/rwf_train_fight_0252.avi,47dad6a47edceea9a26b914779a5bcb1c7fba6eec911a0b987ea872d545fcb07,1,1,0,train,train,0
singleton_1980,singleton,RWF-2000,train/Fight/rwf_train_fight_0253.avi,b6ace139e8b3bf309d4f5ede63befb9ba03a529d879c0f6ae0987fb46cb23dc4,1,1,0,validation,validation,0
singleton_1981,singleton,RWF-2000,train/Fight/rwf_train_fight_0254.avi,598fbfe05985473e9fbaa3595e019d04af0ca7335f67947198e8ba5f88d89eb3,1,1,0,train,train,0
singleton_1982,singleton,RWF-2000,train/Fight/rwf_train_fight_0255.avi,e534bdb4a215cd85194c712701f36946350622244f700d57863f270533b02155,1,1,0,train,train,0
singleton_1983,singleton,RWF-2000,train/Fight/rwf_train_fight_0256.avi,ccc3bdd9b6cec5b1203937ee23b3e66e7799257cd1e961a1990ef82927966794,1,1,0,train,train,0
cluster_0177,perceptual_near_duplicate,RWF-2000,train/Fight/rwf_train_fight_0257.avi,dff1f63e53407ad44748fce6bd2d0ea41b9218dc7d1e01839771ed805ba2a1d1,1,1,0,validation,validation,0
cluster_0177,perceptual_near_duplicate,RWF-2000,train/Fight/rwf_train_fight_0258.avi,59da6c7b88fdc187dc43b550394458cfe44c704a701764c51c97ba88e1d0a466,1,1,0,train,validation,1
singleton_1984,singleton,RWF-2000,train/Fight/rwf_train_fight_0259.avi,58ba153723bac2758968668601df1edb314f9e0e2e2252ba39c21d90dbe255bb,1,1,0,train,train,0
singleton_1985,singleton,RWF-2000,train/Fight/rwf_train_fight_0260.avi,62e3d1255b2b728c94e03efdf8e157ed356090bcb348c6f95d67b55334332302,1,1,0,train,train,0
singleton_1986,singleton,RWF-2000,train/Fight/rwf_train_fight_0261.avi,e783c983e4b1e5602d244a8e9334e87d62dad52a62e689499e5aa17548f590a7,1,1,0,train,train,0
singleton_1987,singleton,RWF-2000,train/Fight/rwf_train_fight_0262.avi,39798cd6fbd1baade19a0f1d840dd0e19317de08e1fdaa8405bfcb90a0d16f2f,1,1,0,train,train,0
singleton_1988,singleton,RWF-2000,train/Fight/rwf_train_fight_0263.avi,7816e68feb761454eca0eb83303f8269413dd61a6f141115ca697492974f67e9,1,1,0,train,train,0
singleton_1989,singleton,RWF-2000,train/Fight/rwf_train_fight_0264.avi,f7219c0635cbe56dc1ea1dc8ffda35d3cc44b5a05887482fb5dc100f4cf8758f,1,1,0,train,train,0
singleton_1990,singleton,RWF-2000,train/Fight/rwf_train_fight_0265.avi,2373de481ae8f5c540313a05f160d9c91b0aed55a211d606123344d9cfe8748c,1,1,0,train,train,0
cluster_0001,perceptual_near_duplicate,RWF-2000,train/Fight/rwf_train_fight_0266.avi,657294dbb5d53cd365691fb2f7483123d47e0220c4bb5c283138965bbb75e671,1,1,0,train,train,0
cluster_0001,perceptual_near_duplicate,RWF-2000,train/Fight/rwf_train_fight_0267.avi,4ca3e8a7d972c9e3e972c6246ca5a4775d2842e41469e7a16a5d8e41f74b5330,1,1,0,train,train,0
cluster_0001,perceptual_near_duplicate,RWF-2000,train/Fight/rwf_train_fight_0268.avi,411494b92bc8f81850ff071789fe9494f9e3468aa62574b9c39baf181293733d,1,1,0,train,train,0
cluster_0001,perceptual_near_duplicate,RWF-2000,train/Fight/rwf_train_fight_0269.avi,d32b8f600b4f583108dd99e21aadc4bf163a3da1404301a5195d1cd80d68d6c8,1,1,0,train,train,0
cluster_0001,perceptual_near_duplicate,RWF-2000,train/Fight/rwf_train_fight_0270.avi,febda1518a536aafc28ec70cfe128ff22c72bfe4463fe7201e66c9098051ad2b,1,1,0,validation,train,1
cluster_0001,perceptual_near_duplicate,RWF-2000,train/Fight/rwf_train_fight_0271.avi,4f0d516f250a2eecb10b3884e1462ee6c245c40babeb419b0bfdfe26fcf05137,1,1,0,train,train,0
cluster_0001,perceptual_near_duplicate,RWF-2000,train/Fight/rwf_train_fight_0272.avi,c4588027bdc4564622316f8d987411aecebf5b43e34020a13f17712535362f8e,1,1,0,train,train,0
cluster_0001,perceptual_near_duplicate,RWF-2000,train/Fight/rwf_train_fight_0273.avi,078172332afa26e1668a25a033ed29d325050598c8d854537922a50375f1051f,1,1,0,validation,train,1
cluster_0001,perceptual_near_duplicate,RWF-2000,train/Fight/rwf_train_fight_0274.avi,71065c4b4a3a50c33a86aecbb5528a472ddcb2bb798667b65fa7b9b3314dcf5a,1,1,0,validation,train,1
cluster_0001,perceptual_near_duplicate,RWF-2000,train/Fight/rwf_train_fight_0275.avi,5e3356123499b12a4fc7187de49b6108558ed3c76099cc6a6d971ca35ebd67bd,1,1,0,validation,train,1
cluster_0001,perceptual_near_duplicate,RWF-2000,train/Fight/rwf_train_fight_0276.avi,56bb908d3810f171bfe6caff2fb4d547568a9f7c7bb010c85bb2423d82361380,1,1,0,train,train,0
cluster_0001,perceptual_near_duplicate,RWF-2000,train/Fight/rwf_train_fight_0277.avi,d24a31d300a73f10a29400bf4bba720e8a45bcb7b8ca9e292c7b450fa7d9633a,1,1,0,validation,train,1
cluster_0011,perceptual_near_duplicate,RWF-2000,train/Fight/rwf_train_fight_0278.avi,9bb2420c8b1ffe4ecac72b368e9b97bf3a52b6f957bcef73b393833850d92f0d,1,1,0,train,train,0
cluster_0011,perceptual_near_duplicate,RWF-2000,train/Fight/rwf_train_fight_0279.avi,0fa1d34f2ff90ea667a44782a35835003673c4d2abc7c5370604a2a99677bc01,1,1,0,test,train,1
cluster_0011,perceptual_near_duplicate,RWF-2000,train/Fight/rwf_train_fight_0280.avi,64a3f212c930fb26e6dc25820c0518fad1110a15c8812912b2182c80535c54ed,1,1,0,validation,train,1
cluster_0011,perceptual_near_duplicate,RWF-2000,train/Fight/rwf_train_fight_0281.avi,53b1823556402e558036848a0e8536781804f9f2fe57a03a9894cf424b16e936,1,1,0,train,train,0
cluster_0011,perceptual_near_duplicate,RWF-2000,train/Fight/rwf_train_fight_0282.avi,2c7b1fb6c5715cfd96f7b1865f8c87b9f1452fd0e260ec5126b9b674eb2a0185,1,1,0,test,train,1
cluster_0011,perceptual_near_duplicate,RWF-2000,train/Fight/rwf_train_fight_0283.avi,b11ad3e2cba8141d0e851d6fd6417b801e52a7271ca2703f069bf092ce922531,1,1,0,train,train,0
cluster_0011,perceptual_near_duplicate,RWF-2000,train/Fight/rwf_train_fight_0284.avi,8077cf486ac19c4f7638a96d80d717c2734897a0583118066e662d45bd517802,1,1,0,train,train,0
singleton_1991,singleton,RWF-2000,train/Fight/rwf_train_fight_0285.avi,f43bcaf85ac3e3249e53705c333d78091fd2de2e921b993b0853a95d105a5233,1,1,0,test,test,0
singleton_1992,singleton,RWF-2000,train/Fight/rwf_train_fight_0286.avi,18b2654674d50c38022a68815003bdc2cdd40660d24f8d9350be275f802faf83,1,1,0,train,train,0
singleton_1993,singleton,RWF-2000,train/Fight/rwf_train_fight_0287.avi,01e7b7b3e818cd2cb161369c5c6635d8a858a006dcfa48b6573a0626441c4e27,1,1,0,validation,validation,0
singleton_1994,singleton,RWF-2000,train/Fight/rwf_train_fight_0288.avi,aaab83db8e20dcc9f2835f2ada10f7eccf66608b1fb69982c53fccebbcf20514,1,1,0,train,train,0
singleton_1995,singleton,RWF-2000,train/Fight/rwf_train_fight_0289.avi,53db7a4f21974028580948d385490df6f9e78d5097d31df436da233d7b3e5ac4,1,1,0,validation,validation,0
singleton_1996,singleton,RWF-2000,train/Fight/rwf_train_fight_0290.avi,4bad0b22577ee3fb060f3d65a4350cb721b9f6f0852cdaa6c9d3f2fae2fb5c55,1,1,0,train,train,0
cluster_0125,perceptual_near_duplicate,RWF-2000,train/Fight/rwf_train_fight_0291.avi,ac498c34f8998f6ff4d6e42b6fd9876826146f0d9deaf2fe46a04677cd9ef952,1,1,0,test,test,0
cluster_0125,perceptual_near_duplicate,RWF-2000,train/Fight/rwf_train_fight_0292.avi,ae3d60098a74435030ef6672a019becec1bf9caefab6d671da2680ee7149461a,1,1,0,train,test,1
singleton_1997,singleton,RWF-2000,train/Fight/rwf_train_fight_0293.avi,e5ebe2b8210761a91528fb4cb45cf4b542378fb109ed3e6943d883b4ad895d36,1,1,0,test,test,0
singleton_1998,singleton,RWF-2000,train/Fight/rwf_train_fight_0294.avi,ef9234b232e12fb0dcf6566a54c07f9602e32ba3f1774a0a155fcf4381cb514b,1,1,0,train,train,0
singleton_1999,singleton,RWF-2000,train/Fight/rwf_train_fight_0295.avi,fb6a086238b042849933232108de79911c98bb95340efd8aff71b59a9cb88594,1,1,0,test,test,0
singleton_2000,singleton,RWF-2000,train/Fight/rwf_train_fight_0296.avi,f2a06b333e4620065f29c721c29e484b4609edc76a35c669d4d1ab8bac38c5c6,1,1,0,train,train,0
singleton_2001,singleton,RWF-2000,train/Fight/rwf_train_fight_0297.avi,00038ecc1b7a8a6e953100d03a77d093e0c72a8c5523bc6ae9204b712af61c47,1,1,0,validation,validation,0
singleton_2002,singleton,RWF-2000,train/Fight/rwf_train_fight_0298.avi,03de51e19b905414e179157508d546fdc4d8af049709ed4bcedb8e1febca2565,1,1,0,train,train,0
singleton_2003,singleton,RWF-2000,train/Fight/rwf_train_fight_0299.avi,35d54123732c05032ae63b0794452c35cb74d9b6625529c3335dc36235330983,1,1,0,train,train,0
singleton_2004,singleton,RWF-2000,train/Fight/rwf_train_fight_0300.avi,dc22fdac4bac72e961112d1dab6cd2d529f8a19eba893549302a998b1e25639c,1,1,0,train,train,0
singleton_2005,singleton,RWF-2000,train/Fight/rwf_train_fight_0301.avi,1d33793b409098f8a6ef13b29f89913666733fb8a1aa6b213e7ae3d9ec935e1f,1,1,0,test,test,0
singleton_2006,singleton,RWF-2000,train/Fight/rwf_train_fight_0302.avi,2ab6b8a3f846a8b67610008bc953a905fd5d40bb67dd9d360022436d0d7c1e5a,1,1,0,train,train,0
singleton_2007,singleton,RWF-2000,train/Fight/rwf_train_fight_0303.avi,d2af067d3772904318fc9523aea8076065cea8b0f8dffefe91c9947f532822dc,1,1,0,test,test,0
singleton_2008,singleton,RWF-2000,train/Fight/rwf_train_fight_0304.avi,9ac7a6c5668953956959f38b75a12fd07c3785da0a3c6b67b70a77add7a73322,1,1,0,validation,validation,0
singleton_2009,singleton,RWF-2000,train/Fight/rwf_train_fight_0305.avi,b3cd7adc34837b0bd55267921edac13d0bd615ed825c1c3e0e86bfb732d7a857,1,1,0,validation,validation,0
singleton_2010,singleton,RWF-2000,train/Fight/rwf_train_fight_0306.avi,b9d26e182e5132a3464a58ba2f11aa6cbea00a876869c39b4fa544cdbdd33b90,1,1,0,train,train,0
singleton_2011,singleton,RWF-2000,train/Fight/rwf_train_fight_0307.avi,a08d7474918124744a8e68a2ab38298df82c15544ae1d2130d051490c86c2fb3,1,1,0,train,train,0
singleton_2012,singleton,RWF-2000,train/Fight/rwf_train_fight_0308.avi,1d817554f94b7697ab96fcdd721cdb375f592edf8136993a4b074f06c8f882e4,1,1,0,train,train,0
singleton_2013,singleton,RWF-2000,train/Fight/rwf_train_fight_0309.avi,c8df278c02218597de8aa1ee12f21902e9369f1eb060bf2247ce49af8797cb94,1,1,0,train,train,0
cluster_0140,perceptual_near_duplicate,RWF-2000,train/Fight/rwf_train_fight_0310.avi,1764f7af1ffdc5138ccc15d62919f6a3b03ef49598bed71a6b2486cddbb4585e,1,1,0,train,test,1
singleton_2014,singleton,RWF-2000,train/Fight/rwf_train_fight_0311.avi,32705909a1fdedd6226602a25151ebe977c94ab1bb205fa791b53784f4714e0d,1,1,0,train,train,0
singleton_2015,singleton,RWF-2000,train/Fight/rwf_train_fight_0312.avi,2e72d98d7b9698f2ae0a20ccf8ca1b4532df26f229080a7dc5a5ab0762de7461,1,1,0,train,train,0
singleton_2016,singleton,RWF-2000,train/Fight/rwf_train_fight_0313.avi,1ad29963da3c296a5f7a83deff3abf40ca052b3a43103f6b6357620d8b18701a,1,1,0,train,train,0
singleton_2017,singleton,RWF-2000,train/Fight/rwf_train_fight_0314.avi,b57df7725668df2b40a4cf92f2d73824988adfa5809986011d369c1bd517294f,1,1,0,train,train,0
singleton_2018,singleton,RWF-2000,train/Fight/rwf_train_fight_0315.avi,d73db5cbfeaf085783e7aa39d82528a203659f7548ec81eac5f4eb40d0b0f0af,1,1,0,validation,validation,0
singleton_2019,singleton,RWF-2000,train/Fight/rwf_train_fight_0316.avi,76b54e5d7c55c3b01fd415dc3d247494bfb6fc162531090cdbb8bb47b0542d85,1,1,0,validation,validation,0
singleton_2020,singleton,RWF-2000,train/Fight/rwf_train_fight_0317.avi,01b4658ed59ee273fa455ef45237256f15b7f2c25eb39b10afdf69fb6feceb18,1,1,0,validation,validation,0
singleton_2021,singleton,RWF-2000,train/Fight/rwf_train_fight_0318.avi,ddb6493d0a151a249257d6e9781d9f8b5fb1021b53c639dcf0dc312e95ba9c0d,1,1,0,validation,validation,0
singleton_2022,singleton,RWF-2000,train/Fight/rwf_train_fight_0319.avi,123261ae9c24978b74d9fc84c50cfd131d9acc5df01a15a7e3098145f47aeb10,1,1,0,train,train,0
singleton_2023,singleton,RWF-2000,train/Fight/rwf_train_fight_0320.avi,1bba4a1609be56ee38c7ec5189dfd8a7cda110ce429554ff45fe6dc22e55f9e6,1,1,0,train,train,0
cluster_0095,perceptual_near_duplicate,RWF-2000,train/Fight/rwf_train_fight_0321.avi,b4d8caf75954ba0bfabaf1c3025fa85f9db3545fba5ec4566c6d614228f98138,1,1,0,train,train,0
cluster_0095,perceptual_near_duplicate,RWF-2000,train/Fight/rwf_train_fight_0322.avi,66acc3ce705c6fc3c71918444eba1765c54c81ab939db6a7943bf78fa24e0ef8,0,1,1,train,train,0
cluster_0185,perceptual_near_duplicate,RWF-2000,train/Fight/rwf_train_fight_0323.avi,62624acb624357925df21949967c070ddd0ac0451aa222a2a61756c22c15cbcc,1,1,0,validation,validation,0
singleton_2024,singleton,RWF-2000,train/Fight/rwf_train_fight_0324.avi,13826df8b0aebfba23c35782ed2ba09c50e455f80fb0047787c711811702c084,1,1,0,train,train,0
singleton_2025,singleton,RWF-2000,train/Fight/rwf_train_fight_0325.avi,cd08e52e4ac1f9d1719880861b74b57133e653281eff65165590a44a32dd4ea5,1,1,0,train,train,0
singleton_2026,singleton,RWF-2000,train/Fight/rwf_train_fight_0326.avi,fd8acf7e70d27ca19a45fa4622d955b8f522486c15a92a12f268235aad1dc5e9,1,1,0,train,train,0
singleton_2027,singleton,RWF-2000,train/Fight/rwf_train_fight_0327.avi,3b4139a5e99be470beec1afd643634b032e4c63defe8f7217b29dad8cae9d338,1,1,0,validation,validation,0
singleton_2028,singleton,RWF-2000,train/Fight/rwf_train_fight_0328.avi,58e6c2aacd7e039501d1c833416202e33f1af6a7a87a99272986507f5c7e6213,1,1,0,train,train,0
singleton_2029,singleton,RWF-2000,train/Fight/rwf_train_fight_0329.avi,ec1932dda92cfeaadfb6f147f9794aa40da1dcbbd5926015f9f2a0a9d1b22eae,1,1,0,train,train,0
singleton_2030,singleton,RWF-2000,train/Fight/rwf_train_fight_0330.avi,b20ca2df422d1524dcde0d421e5e4748be19db9495348e5c399675e819c69360,1,1,0,train,train,0
singleton_2031,singleton,RWF-2000,train/Fight/rwf_train_fight_0331.avi,7a0a3404d5f6020f85479be991bebe5dc9dddefa63f76b2a3cd6b0bebac6bebe,1,1,0,validation,validation,0
cluster_0096,perceptual_near_duplicate,RWF-2000,train/Fight/rwf_train_fight_0332.avi,95c03e59ef62bcc29778da6828c34eee06b52f056f1faae33f5ee51b4a96c532,1,1,0,validation,train,1
cluster_0096,perceptual_near_duplicate,RWF-2000,train/Fight/rwf_train_fight_0333.avi,e43b0161345eb4088573e850ce5a19c1067c05a223f1e13f4db0dd9355daf591,1,1,0,train,train,0
cluster_0096,perceptual_near_duplicate,RWF-2000,train/Fight/rwf_train_fight_0334.avi,a460e327f8db5eab1359bb9507182688f91743f754699d759e99efaca9775c87,1,1,0,train,train,0
singleton_2032,singleton,RWF-2000,train/Fight/rwf_train_fight_0335.avi,24c3b567658a4484b3efdbde76ac00a71a2ec61a30cc133055e5eabc3d372229,1,1,0,test,test,0
singleton_2033,singleton,RWF-2000,train/Fight/rwf_train_fight_0336.avi,832ab1c6365fa813e5ef612410a22ff171686f06a382aa3fb795ac231b47cd54,1,1,0,validation,validation,0
singleton_2034,singleton,RWF-2000,train/Fight/rwf_train_fight_0337.avi,2036d6e4e2f0cee1d404258ff057e6c5884bd9f6cdea404819e5d0f12a7967bd,1,1,0,train,train,0
cluster_0126,perceptual_near_duplicate,RWF-2000,train/Fight/rwf_train_fight_0338.avi,ca7bee6da3696373b57360b44cae0e5c678992ae35bb7afc49a653af7c15bccb,1,1,0,train,test,1
cluster_0126,perceptual_near_duplicate,RWF-2000,train/Fight/rwf_train_fight_0339.avi,4c055af5d0844d6493cce1cdd2d6ce7c0a3b3c716807087ccad1f7f91d0ad516,1,1,0,test,test,0
cluster_0051,perceptual_near_duplicate,RWF-2000,train/Fight/rwf_train_fight_0340.avi,43423056770958ae0044121434ab25c4392dd621d25cb2f0d8bc6125ec48698c,1,1,0,test,train,1
singleton_2035,singleton,RWF-2000,train/Fight/rwf_train_fight_0341.avi,2270fe5a157fb7c808a98a3eefacb80b6bf850482ea9455cb588332fcd5496de,1,1,0,train,train,0
cluster_0051,perceptual_near_duplicate,RWF-2000,train/Fight/rwf_train_fight_0342.avi,573960ae0180e5372b9cbe7b05bdfb45d982cdc1829c0306938820177d7e0a94,1,1,0,train,train,0
cluster_0051,perceptual_near_duplicate,RWF-2000,train/Fight/rwf_train_fight_0343.avi,f3a9b066cfc990c2614eb77d750f4368a01ac2c0bff6ec3e0809c22da050161e,1,1,0,train,train,0
cluster_0127,perceptual_near_duplicate,RWF-2000,train/Fight/rwf_train_fight_0344.avi,cacb953d5cc4154031d7b4ad97ea58ffe32961bb76907bd2bf7ce754d08ed340,1,1,0,train,test,1
cluster_0127,perceptual_near_duplicate,RWF-2000,train/Fight/rwf_train_fight_0345.avi,b23c2c37da9a8f0a1e21a8e87349d045dc0704ae63f4b0a9cdfa66c9174d1a82,1,1,0,test,test,0
singleton_2036,singleton,RWF-2000,train/Fight/rwf_train_fight_0346.avi,7d1221bf4474a6a6b54a8e0aef299c324d21e8c6b0a31c8c7342fa999a177824,1,1,0,train,train,0
singleton_2037,singleton,RWF-2000,train/Fight/rwf_train_fight_0347.avi,6bd8e9608663122089c71192c31c94d84d8d4919067dc44e11b33cfa0f143176,1,1,0,train,train,0
singleton_2038,singleton,RWF-2000,train/Fight/rwf_train_fight_0348.avi,9908541154170cd5df4c3552269effdacdbcb3720a9169a1082b2d3e9b09cd31,1,1,0,train,train,0
cluster_0008,perceptual_near_duplicate,RWF-2000,train/Fight/rwf_train_fight_0349.avi,b031b66d9209274048c1abd5bb3f302493fce2ded3eac0ac1c35d1a21c64ddbc,1,1,0,train,train,0
cluster_0008,perceptual_near_duplicate,RWF-2000,train/Fight/rwf_train_fight_0350.avi,e2135ba275ab0c5de3756756e147f6763125d86cccea1637aa49c0430f562088,1,1,0,validation,train,1
cluster_0008,perceptual_near_duplicate,RWF-2000,train/Fight/rwf_train_fight_0351.avi,34b3d424f79be3e9e620e8a8fb171c59276ac42a923867212ee8ebc7fdd1c670,1,1,0,train,train,0
cluster_0008,perceptual_near_duplicate,RWF-2000,train/Fight/rwf_train_fight_0352.avi,5c9b74bf2c64177b1b30c9ec84d7be27585798b9b0928fc3c94d6f8b92c4b4ea,1,1,0,train,train,0
cluster_0008,perceptual_near_duplicate,RWF-2000,train/Fight/rwf_train_fight_0353.avi,29262ffe2938b2660f2dff701526ca855dafc3b8dcb7eaa690abb1a08aa107a4,1,1,0,train,train,0
singleton_2039,singleton,RWF-2000,train/Fight/rwf_train_fight_0354.avi,3ff7fa2a9613217cc506ece712b384077a0a04ebb00b6f81e1e84fe44f35de6e,1,1,0,train,train,0
singleton_2040,singleton,RWF-2000,train/Fight/rwf_train_fight_0355.avi,1adf457173f6b5073619d1fe3b5a0de86fbee1efdc32356a84817d0ce7820175,1,1,0,train,train,0
singleton_2041,singleton,RWF-2000,train/Fight/rwf_train_fight_0356.avi,01eef4fbcddeeaf1564a73d969ae90e6a56231ec8fe523914adbb74779b9ee20,1,1,0,train,train,0
singleton_2042,singleton,RWF-2000,train/Fight/rwf_train_fight_0357.avi,f6263636b70d11237cfe889c501034b8a70603eccc5995ac5bdeb9138f62a854,1,1,0,validation,validation,0
singleton_2043,singleton,RWF-2000,train/Fight/rwf_train_fight_0358.avi,2eda22628d07e8ea73ed5bf1728b818c64d0019be33b36268d5612d433d0214a,1,1,0,train,train,0
singleton_2044,singleton,RWF-2000,train/Fight/rwf_train_fight_0359.avi,c6ac8a8cf52d28211d0e37ba823cd6a6c14fb83092c150e60a170f8125224bce,1,1,0,train,train,0
singleton_2045,singleton,RWF-2000,train/Fight/rwf_train_fight_0360.avi,4844285dba99689bca95504a7917ad52388cffcd3d10ff9bf135dda016f38fd1,1,1,0,train,train,0
singleton_2046,singleton,RWF-2000,train/Fight/rwf_train_fight_0361.avi,ef7a51b4f72dc152daf070a3f4106b7431ebd0f5c7a75893682327083be1a1e5,1,1,0,train,train,0
singleton_2047,singleton,RWF-2000,train/Fight/rwf_train_fight_0362.avi,2049687c7c3c03effc56bcce85a8f72ac96817c284c9f05ed552d479d9f4a499,1,1,0,train,train,0
singleton_2048,singleton,RWF-2000,train/Fight/rwf_train_fight_0363.avi,d2754966f43cdd9e044cc3abafd561c1d9f8b02864752fd16b9456fe921d9d39,1,1,0,train,train,0
singleton_2049,singleton,RWF-2000,train/Fight/rwf_train_fight_0364.avi,cebdc7ca828082265b927fa60738ecef1dc3a2eb238220b375e7021218a122cd,1,1,0,train,train,0
singleton_2050,singleton,RWF-2000,train/Fight/rwf_train_fight_0365.avi,e3fe944051a350c6122336e8ed70f0c8addd83f595bd8fd384fcd185c91330c8,1,1,0,validation,validation,0
singleton_2051,singleton,RWF-2000,train/Fight/rwf_train_fight_0366.avi,8d1dbba199b082bb9bf1437f78d7758b34f6c599887bbab122d99e3787c896ba,1,1,0,train,train,0
singleton_2052,singleton,RWF-2000,train/Fight/rwf_train_fight_0367.avi,885635cd09318832bafd47488d3a955a3b5b3a3cec9222011a69b4c0bd7ee0b9,1,1,0,train,train,0
singleton_2053,singleton,RWF-2000,train/Fight/rwf_train_fight_0368.avi,58c7ce07ba88c7d1cbae970d16e270f5ad76293d52e933d25a90eb2e56fdfe5c,1,1,0,test,test,0
cluster_0128,perceptual_near_duplicate,RWF-2000,train/Fight/rwf_train_fight_0369.avi,5365369272df4fe6075a8101cf9703ca2e9b8ce1e37e8a84ba23126f8ce72f44,0,1,1,test,test,0
singleton_2054,singleton,RWF-2000,train/Fight/rwf_train_fight_0370.avi,d5c60f0776e2ce2547c0fd6dbcb264250b684a7ea37d9cb9b542383fa295b4a7,1,1,0,train,train,0
singleton_2055,singleton,RWF-2000,train/Fight/rwf_train_fight_0371.avi,0b098233b66685fc1e14db5c307604e60ccc1698852cd51885d104494783c229,1,1,0,test,test,0
singleton_2056,singleton,RWF-2000,train/Fight/rwf_train_fight_0372.avi,a8b742c34592c70757a44ba6a4b1f80a327e61dc960137c5063d6959fed5f08c,1,1,0,train,train,0
singleton_2057,singleton,RWF-2000,train/Fight/rwf_train_fight_0373.avi,6427f4e4df0ffae11e54e105a8ec6415431dcf24b078eb6a401ea9b3a844edee,1,1,0,train,train,0
singleton_2058,singleton,RWF-2000,train/Fight/rwf_train_fight_0374.avi,bb8ba63dbc384cf74815e0cc77a458945c68d84b9dc1ca65e325703c1456cf66,1,1,0,train,train,0
singleton_2059,singleton,RWF-2000,train/Fight/rwf_train_fight_0375.avi,669c6d9b23c47f5218767db9b3ae26a9b6c04cb81581cee9bdfd684aa9066afe,1,1,0,train,train,0
singleton_2060,singleton,RWF-2000,train/Fight/rwf_train_fight_0376.avi,eaacb8f424876a7d3a6de26699f301dbfe1a52f8f73f57ab34d415f6783ba8a9,1,1,0,test,test,0
cluster_0097,perceptual_near_duplicate,RWF-2000,train/Fight/rwf_train_fight_0377.avi,abcd077fbaed44bf0086072aed41a99a65d84743404f6083d8a3e41db57d1ecd,1,1,0,train,train,0
singleton_2061,singleton,RWF-2000,train/Fight/rwf_train_fight_0378.avi,2a17cafed0acbb277834d98bb6de1290337ff753365dc71f20491252b5b3200e,1,1,0,train,train,0
singleton_2062,singleton,RWF-2000,train/Fight/rwf_train_fight_0379.avi,17db57ea7650066375eea79024381ea2bfcedd062da402cdb03596f9ce8f7dbd,1,1,0,train,train,0
singleton_2063,singleton,RWF-2000,train/Fight/rwf_train_fight_0380.avi,3d1fe556f42d740059a1aea96f64f02aee06f1b3b4173c53960c87553d814424,1,1,0,train,train,0
singleton_2064,singleton,RWF-2000,train/Fight/rwf_train_fight_0381.avi,aed13a1e233cf87b64d36061d741c9f1368916a8a0519a152b082800d9852cdc,1,1,0,train,train,0
singleton_2065,singleton,RWF-2000,train/Fight/rwf_train_fight_0382.avi,5d1af7d42bec679721fbc9b80f78048c759d1c55d9abdb5672fc246a0d1a1852,1,1,0,train,train,0
singleton_2066,singleton,RWF-2000,train/Fight/rwf_train_fight_0383.avi,c316d1b129ebc5161b943e35d3a6358509d38b1bb6ecc88b5d4c2af74f6a11fe,1,1,0,train,train,0
singleton_2067,singleton,RWF-2000,train/Fight/rwf_train_fight_0384.avi,ef23183e918c38c4f3fc1c3d3e370b2d23f2eaba2635ba8bfa5e72b675109ae9,1,1,0,train,train,0
singleton_2068,singleton,RWF-2000,train/Fight/rwf_train_fight_0385.avi,07dd70cbd9b377e86074347dd3be81aa1089ddd037684ebc9bc0757f1551ed8d,1,1,0,validation,validation,0
singleton_2069,singleton,RWF-2000,train/Fight/rwf_train_fight_0386.avi,e0c7ac39f87a362a42a1737ae6c50a264a317dc8a42ec4b781a9b607520f460d,1,1,0,train,train,0
singleton_2070,singleton,RWF-2000,train/Fight/rwf_train_fight_0387.avi,f0e154e1cf9b46d92bf5cf06983cb3190fe7cbf1b38de13fec5643bfc5f9a2d8,1,1,0,train,train,0
cluster_0129,perceptual_near_duplicate,RWF-2000,train/Fight/rwf_train_fight_0388.avi,31775ed989d206bbdaacf3429d2f5a0af2bad1536fa51a591dc719ed0e9151e5,1,1,0,validation,validation,0
cluster_0129,perceptual_near_duplicate,RWF-2000,train/Fight/rwf_train_fight_0389.avi,dcdf9fcca490921a9f7ab30c13848d53d0de7f2f618074ceacc7d2ff1f2f37c1,1,1,0,test,validation,1
singleton_2071,singleton,RWF-2000,train/Fight/rwf_train_fight_0390.avi,ce8977c0a5a7c96a3372f60f3039c0c812ca7cce44856aae87b5732700c1354f,1,1,0,train,train,0
singleton_2072,singleton,RWF-2000,train/Fight/rwf_train_fight_0391.avi,8ecc8707eb69cba8ee6f5a3075b101ff0c25fba9d1d5adb0de6ea7ed837a1ddb,1,1,0,validation,validation,0
singleton_2073,singleton,RWF-2000,train/Fight/rwf_train_fight_0392.avi,532495d3b95d357ad8c6f4ebc27428d79c941274ba9e4bd988e76b4bc6efa17c,1,1,0,train,train,0
singleton_2074,singleton,RWF-2000,train/Fight/rwf_train_fight_0393.avi,2552251be9aa2a7e8267a6f64d34c1b02cbc3e3bf9a09cec06de49fdd87b4e17,1,1,0,test,test,0
singleton_2075,singleton,RWF-2000,train/Fight/rwf_train_fight_0394.avi,7a9d8de6e8034bcce2a0a534527590b879ba3b7455e0468fe4dd9f9f01ca775d,1,1,0,train,train,0
singleton_2076,singleton,RWF-2000,train/Fight/rwf_train_fight_0395.avi,fd324ab0ec65fd7923fa9cb5eb985481bd370193618fc481919d919b0ced8507,1,1,0,train,train,0
cluster_0130,perceptual_near_duplicate,RWF-2000,train/Fight/rwf_train_fight_0396.avi,f56a120be29209bf87346e16bd04b3d4909d007d138708a51b06d7c782ddfbd8,1,1,0,test,test,0
singleton_2077,singleton,RWF-2000,train/Fight/rwf_train_fight_0397.avi,28f77b1753a8ae8a03904f1f7470a88c889b6b1b3eb637a578bcd4d1ecd0a002,1,1,0,train,train,0
singleton_2078,singleton,RWF-2000,train/Fight/rwf_train_fight_0398.avi,d520f9f735d258700aa875d63fbe7a33be41428035a366e56f913f158496d853,1,1,0,train,train,0
singleton_2079,singleton,RWF-2000,train/Fight/rwf_train_fight_0399.avi,f4c77d72c01ca3178424a0e06a2b04a00ddca9df77016665dd50b40cff6e580f,1,1,0,train,train,0
singleton_2080,singleton,RWF-2000,train/Fight/rwf_train_fight_0400.avi,c5c46f5f9750d04ef287fb051b377efa7f160c12128d6582b522efa775280441,1,1,0,train,train,0
singleton_2081,singleton,RWF-2000,train/Fight/rwf_train_fight_0401.avi,c3f562df2bf4ce61376f1b1d7351c1825d1f5a433774af32990e27693c2103a0,1,1,0,train,train,0
singleton_2082,singleton,RWF-2000,train/Fight/rwf_train_fight_0402.avi,3546cde77cd6c31644975faa46005736fbdddd638d104c470fd1168809570c16,1,1,0,train,train,0
singleton_2083,singleton,RWF-2000,train/Fight/rwf_train_fight_0403.avi,1e46527e9942bfb375f3db99c000a0506ff6513b7080f42f1fa131cd93fbf745,1,1,0,train,train,0
singleton_2084,singleton,RWF-2000,train/Fight/rwf_train_fight_0404.avi,beed5c7a8455996b4ef811e5bc328c60922b903363a00fb3c9e8ad93345d160e,1,1,0,train,train,0
singleton_2085,singleton,RWF-2000,train/Fight/rwf_train_fight_0405.avi,5798a6de6963eb93632713e71a0335257e4574dfbaf684812eeca2abc120f1e4,1,1,0,train,train,0
singleton_2086,singleton,RWF-2000,train/Fight/rwf_train_fight_0406.avi,c78f75817271e6104901904d94335e6dee3505135a14eabe54b6324d8ea171ce,1,1,0,train,train,0
singleton_2087,singleton,RWF-2000,train/Fight/rwf_train_fight_0407.avi,8c8e54ed0cf46f6ccbda933faf3de1235d6dd0c547e4e2c03a56722af787afe9,1,1,0,train,train,0
cluster_0029,perceptual_near_duplicate,RWF-2000,train/Fight/rwf_train_fight_0408.avi,6c16d729227e19559bd61d2bcaf32addc056b128f8146ac659e96e7db4fdd91b,1,1,0,test,train,1
cluster_0029,perceptual_near_duplicate,RWF-2000,train/Fight/rwf_train_fight_0409.avi,c9946429a00fe795b4ff19970f6691a194a4aa17cdaf2b8cf5e0b8b14664bada,1,1,0,train,train,0
cluster_0029,perceptual_near_duplicate,RWF-2000,train/Fight/rwf_train_fight_0410.avi,7e281ec388e0b1f2d23c655990b362e5ff2b19eb30b5f88c5d7da04ea5038648,1,1,0,train,train,0
cluster_0029,perceptual_near_duplicate,RWF-2000,train/Fight/rwf_train_fight_0411.avi,48f70fb7fbbb76170e3d5b43477a4f8373d6433c49fe87e5a955dd888b2549fb,1,1,0,train,train,0
singleton_2088,singleton,RWF-2000,train/Fight/rwf_train_fight_0412.avi,c31b608b53dafc03b8b1a1b53abc7b9d3aa37985b5bdf00bcdcf7eda080cdcd2,1,1,0,validation,validation,0
singleton_2089,singleton,RWF-2000,train/Fight/rwf_train_fight_0413.avi,11c5cbaa32f6743a6ce90756d5cbc6291433ef5ea42adc00a10237f03930cb52,1,1,0,test,test,0
singleton_2090,singleton,RWF-2000,train/Fight/rwf_train_fight_0414.avi,6f046fe713c49c967fa1ca2348c9b547db7dfc5f9b686c807d1866480ac4a1dc,1,1,0,train,train,0
singleton_2091,singleton,RWF-2000,train/Fight/rwf_train_fight_0415.avi,8e7e13af5a88aa4b70651e165a9403403fb17d09352affaf435147b8c79ae6ce,1,1,0,train,train,0
singleton_2092,singleton,RWF-2000,train/Fight/rwf_train_fight_0416.avi,450504c92fdc9f80570028fd08fe504e704568cf0182cd9a05b721b7faa0a173,1,1,0,train,train,0
singleton_2093,singleton,RWF-2000,train/Fight/rwf_train_fight_0417.avi,8e74988fe6f0cd0fbc0a269b4cf2f2e8e97d66bd506d54920ca74aa9bc562adf,1,1,0,train,train,0
singleton_2094,singleton,RWF-2000,train/Fight/rwf_train_fight_0418.avi,6ff6aecad80dbc572102af4e9d12d34121d6cf2a926cf9fe80b16ab0579fe049,1,1,0,train,train,0
singleton_2095,singleton,RWF-2000,train/Fight/rwf_train_fight_0419.avi,3a2fad889ab9e49839816a33f36a7db1453647a0e6fa5fa8099d07b7d60f31da,1,1,0,train,train,0
singleton_2096,singleton,RWF-2000,train/Fight/rwf_train_fight_0420.avi,8fc97d54a13c3f4601b501886a28a7df76cb885c3321a13901131ca9426a01f5,1,1,0,train,train,0
singleton_2097,singleton,RWF-2000,train/Fight/rwf_train_fight_0421.avi,6f09a93f201ae2c8ff4e6e60bf4001d4e74d4a34429043f055c3f1e1e0d2a2da,1,1,0,validation,validation,0
singleton_2098,singleton,RWF-2000,train/Fight/rwf_train_fight_0422.avi,17077faf6ccc669e8486bdff36cb9a960907f1c75f86e9b0b565bb339b377f6e,1,1,0,train,train,0
singleton_2099,singleton,RWF-2000,train/Fight/rwf_train_fight_0423.avi,3ad9fb4f820f423e5b63c5ab868312897cce4914c7f140ad5af24e6ddb1d5efb,1,1,0,train,train,0
singleton_2100,singleton,RWF-2000,train/Fight/rwf_train_fight_0424.avi,62dfdacdfc838b5b09eaea82c2182419e9e8389384de1a5dc09a7824950f34ff,1,1,0,train,train,0
singleton_2101,singleton,RWF-2000,train/Fight/rwf_train_fight_0425.avi,f7ac38c3f181d44a0c483794e65d7d6fbcc6b3c110cad80b5b75a37be23b14fe,1,1,0,train,train,0
singleton_2102,singleton,RWF-2000,train/Fight/rwf_train_fight_0426.avi,23a9969ca7c8e47137f0c1bb7344eabbb4bf711c9b6dd59055f4cd115d690372,1,1,0,train,train,0
singleton_2103,singleton,RWF-2000,train/Fight/rwf_train_fight_0427.avi,09c6679f689f4907f3829f39e17e3029e176b45a9f32e966509dff2bd4e105a8,1,1,0,train,train,0
cluster_0178,perceptual_near_duplicate,RWF-2000,train/Fight/rwf_train_fight_0428.avi,cd3a9606b6fa21a9e2549d26cfd9a42ab30ef6d7d34a59dac3fa99ae06083473,1,1,0,validation,validation,0
cluster_0178,perceptual_near_duplicate,RWF-2000,train/Fight/rwf_train_fight_0429.avi,1187ec8f26dc5c1c3285976b451b8a00cf3192cd4b2510078e3ec7480748673a,1,1,0,train,validation,1
singleton_2104,singleton,RWF-2000,train/Fight/rwf_train_fight_0430.avi,7286c04bf15e062840762ce129d61fd957acb052f42de5d350eda5cc6867258f,1,1,0,validation,validation,0
singleton_2105,singleton,RWF-2000,train/Fight/rwf_train_fight_0433.avi,3cd49ff4566ff15dc6d1082ffec7aa127aa558a44655f078d80bf74a31117f84,1,1,0,train,train,0
singleton_2106,singleton,RWF-2000,train/Fight/rwf_train_fight_0434.avi,a5af27e8e1530349293a42336dc8400fa1b1fa20015316b21089740b34241c02,1,1,0,train,train,0
singleton_2107,singleton,RWF-2000,train/Fight/rwf_train_fight_0435.avi,af8653d3eb47598d827fc4755bd4fbda7fba80946006d67fb69788b35d9dd442,1,1,0,train,train,0
cluster_0066,perceptual_near_duplicate,RWF-2000,train/Fight/rwf_train_fight_0436.avi,da2c8ed1fba7ab24cb81a7a0e215d17c8d854f97a5f6c359048df3ce1470ce6a,1,1,0,validation,train,1
cluster_0066,perceptual_near_duplicate,RWF-2000,train/Fight/rwf_train_fight_0437.avi,3f12e1a8be10daf9e7ebf85edd5b490d92d316978541a6ed6b5be9e82cc8e770,1,1,0,train,train,0
cluster_0066,perceptual_near_duplicate,RWF-2000,train/Fight/rwf_train_fight_0438.avi,b8491d83a3a877607e88772fd253fd02e96919532b98824d9680799f2bc5d8ef,1,1,0,train,train,0
singleton_2108,singleton,RWF-2000,train/Fight/rwf_train_fight_0439.avi,cb7473dd35fb1c03b50b09d7b8ffd523c9a6a9aa05a806c586e418d6b6d81f46,1,1,0,test,test,0
singleton_2109,singleton,RWF-2000,train/Fight/rwf_train_fight_0440.avi,aa15a5862224992865f4f509859e3cb574161967fbfd8ef4b8553512089062c1,1,1,0,train,train,0
singleton_2110,singleton,RWF-2000,train/Fight/rwf_train_fight_0441.avi,9669743dbd966fa4c43b96c83523c02f7b5ac21818c593008c64e4f558300ea6,1,1,0,train,train,0
singleton_2111,singleton,RWF-2000,train/Fight/rwf_train_fight_0442.avi,bb8933ebb62942b772b403e5f4c79aae30aa527d809192957b81ad8dcf739efa,1,1,0,test,test,0
singleton_2112,singleton,RWF-2000,train/Fight/rwf_train_fight_0443.avi,bf3d37634464a55d45bbe3803b041c33c79c4d14a5705ca87a42515e5d760016,1,1,0,test,test,0
cluster_0131,perceptual_near_duplicate,RWF-2000,train/Fight/rwf_train_fight_0444.avi,f59f705ebfbda5e02fc115209fdb780b13b7efbb389dc7a0fe5333a85d904134,1,1,0,test,test,0
cluster_0131,perceptual_near_duplicate,RWF-2000,train/Fight/rwf_train_fight_0445.avi,068ce4805a3638a6276334c7cfe092b431e53f0c5dc21d2c8964e6a368129b46,1,1,0,train,test,1
cluster_0030,perceptual_near_duplicate,RWF-2000,train/Fight/rwf_train_fight_0446.avi,6f68ec88781599e2264009b54d75466cb524acabae513ed794b274f73eefc9da,1,1,0,train,test,1
cluster_0030,perceptual_near_duplicate,RWF-2000,train/Fight/rwf_train_fight_0447.avi,07198312953fa8d7e6f49647d3ccbbabd3cf30e0b033bd70e0d78ce33f86ed7f,1,1,0,test,test,0
cluster_0030,perceptual_near_duplicate,RWF-2000,train/Fight/rwf_train_fight_0448.avi,e6dde7a5cec1d1ac6a3a4d4a38413abc70d0983c4afa49d30f439b941daf56e7,1,1,0,test,test,0
cluster_0030,perceptual_near_duplicate,RWF-2000,train/Fight/rwf_train_fight_0449.avi,ba4ee80c843dad1dce79d58a775ef08d844e17d62b08b02cabf3ac9513e95622,1,1,0,test,test,0
cluster_0030,perceptual_near_duplicate,RWF-2000,train/Fight/rwf_train_fight_0450.avi,248e8cbaf2c017e2003ea43655523454b432440fb9a075db79d0b86f713bc27b,1,1,0,train,test,1
singleton_2113,singleton,RWF-2000,train/Fight/rwf_train_fight_0451.avi,2fb215a696c7c355e19b9aeeba1a8f8428c39b2410ac92784bcc7e2878c3c902,1,1,0,train,train,0
singleton_2114,singleton,RWF-2000,train/Fight/rwf_train_fight_0452.avi,f0863ca9712f6dda0cb16d2d27d77d22282ce5424ad3142bb25162c5f429e99b,1,1,0,train,train,0
singleton_2115,singleton,RWF-2000,train/Fight/rwf_train_fight_0453.avi,0afa97cfa025ee6862157308057d8699bf16cfa30ced2019c84b15944f408ba6,1,1,0,train,train,0
singleton_2116,singleton,RWF-2000,train/Fight/rwf_train_fight_0454.avi,5ad3305c9bee4c262a4c3a810199939a0d2f64116193c6c872a48c5a6e119fec,1,1,0,train,train,0
singleton_2117,singleton,RWF-2000,train/Fight/rwf_train_fight_0455.avi,557ed74fb1e3e69fa0eed283cbfa140ae96b6441ea3e1c09d9e6634026f84e9b,1,1,0,train,train,0
cluster_0004,perceptual_near_duplicate,RWF-2000,train/Fight/rwf_train_fight_0456.avi,5e314e6360b8558f0f3bd580f6f7ed4c2fd5219b1cbc1be208898ed1232570f5,1,1,0,validation,train,1
cluster_0004,perceptual_near_duplicate,RWF-2000,train/Fight/rwf_train_fight_0457.avi,d46bad2f724a838234b6d76da66d0f3648e920bcf001c473155b3d4ffb48c7df,1,1,0,train,train,0
cluster_0004,perceptual_near_duplicate,RWF-2000,train/Fight/rwf_train_fight_0458.avi,973090ef0998eb5d6708e48bac39767227dbd6b51b47d75f159730c218138510,1,1,0,train,train,0
cluster_0004,perceptual_near_duplicate,RWF-2000,train/Fight/rwf_train_fight_0459.avi,e9fa5fe7f8085812b81d1a9ce1733ade050e6abb5bb897aa883f10298f078b60,1,1,0,train,train,0
singleton_2118,singleton,RWF-2000,train/Fight/rwf_train_fight_0460.avi,1b371906a86bae10cc92ab3adcdc6a9e1493f2a98cc59414a591f7ebadd925fe,1,1,0,train,train,0
singleton_2119,singleton,RWF-2000,train/Fight/rwf_train_fight_0461.avi,55760fe06096982cbdb956d0610197a167c19e4fd76cb055b1de441719e65ede,1,1,0,train,train,0
singleton_2120,singleton,RWF-2000,train/Fight/rwf_train_fight_0462.avi,b1f72c2518200d3c8dab28624544e396b1502fc91c6697f8d21e860d65cb216a,1,1,0,train,train,0
cluster_0142,perceptual_near_duplicate,RWF-2000,train/Fight/rwf_train_fight_0463.avi,a2c86509c54cae3a3d8401021f3f4d19ddc324accd47dd3977501630c2b6c1e9,1,1,0,train,train,0
cluster_0021,perceptual_near_duplicate,RWF-2000,train/Fight/rwf_train_fight_0464.avi,f6bb359d9690bf6c3085f67e622c0a2f2a66c5085fbc179871fb6157a6c5e194,1,1,0,train,validation,1
cluster_0021,perceptual_near_duplicate,RWF-2000,train/Fight/rwf_train_fight_0465.avi,eaacb39825d1ccd018cc5832f1057926fc3cac2d08183ab9d70057d75b80b1e7,1,1,0,validation,validation,0
cluster_0021,perceptual_near_duplicate,RWF-2000,train/Fight/rwf_train_fight_0466.avi,01c4046b7d4c5bbb81782e85efb5f64446d516cc728f0a009683a2ee1d4dfcac,1,1,0,train,validation,1
cluster_0021,perceptual_near_duplicate,RWF-2000,train/Fight/rwf_train_fight_0467.avi,262fd7d8a600ad885e4f98d280fcb6fdb5c23cef2327763d5cbe0939e6e985c0,1,1,0,validation,validation,0
cluster_0031,perceptual_near_duplicate,RWF-2000,train/Fight/rwf_train_fight_0468.avi,560694d2722d1cf0312e48029f696b280e0d021705966e0f695e5f3ae7986233,1,1,0,train,test,1
cluster_0031,perceptual_near_duplicate,RWF-2000,train/Fight/rwf_train_fight_0469.avi,cca27958ece8b0f2b0f3e4c6efb0cbdef74c1ab39152041e6333304ab5e8a0ad,1,1,0,train,test,1
cluster_0031,perceptual_near_duplicate,RWF-2000,train/Fight/rwf_train_fight_0470.avi,7aea2dcd95cf6e1280fec9d2f8d4dd2e0d2c82f5e4ae9dac817aa135d546d4e6,1,1,0,test,test,0
cluster_0031,perceptual_near_duplicate,RWF-2000,train/Fight/rwf_train_fight_0471.avi,82973ab4178f9a31617a222ea47064c3ec804f0ede3dda14845efc6dce1fd45f,1,1,0,test,test,0
cluster_0031,perceptual_near_duplicate,RWF-2000,train/Fight/rwf_train_fight_0472.avi,eacf70cd5ef4e99bd2c1db6f6fc1ce1d2e4a60e9c0530460303f4dc7cb82edc4,1,1,0,validation,test,1
cluster_0039,perceptual_near_duplicate,RWF-2000,train/Fight/rwf_train_fight_0473.avi,49aba6d034a6be89d54e4819de104893b3842101e98da49bdab46fbd4982d61e,1,1,0,train,train,0
cluster_0039,perceptual_near_duplicate,RWF-2000,train/Fight/rwf_train_fight_0474.avi,16e05acf728ea3ba248bd321ed2447813e7f9cbccf8623434a2cd994deb5b88f,1,1,0,validation,train,1
cluster_0132,perceptual_near_duplicate,RWF-2000,train/Fight/rwf_train_fight_0475.avi,68f2e7772d709a12dab4c9b0b1cf51513dda5f3d0a741aef8db43fdb3a54f7e6,1,1,0,train,test,1
cluster_0132,perceptual_near_duplicate,RWF-2000,train/Fight/rwf_train_fight_0476.avi,00921e9d4deee0d5a304ab6b48df00b4b709150f0245600956d49f7645a745c4,1,1,0,test,test,0
singleton_2121,singleton,RWF-2000,train/Fight/rwf_train_fight_0477.avi,4a5b3642f1cc39b147ac501c52a4b98712596927ca33b4ce0e8ad8907a02642e,1,1,0,validation,validation,0
singleton_2122,singleton,RWF-2000,train/Fight/rwf_train_fight_0478.avi,4a43bc048d8864b339c491ccf7404b1109b388d9856f89a30bfec6f23523952b,1,1,0,train,train,0
singleton_2123,singleton,RWF-2000,train/Fight/rwf_train_fight_0479.avi,73c5a6b8c83055c52d2d0bd4ec0df9708895dd0893f8963add9f65af4ecb9387,1,1,0,train,train,0
cluster_0133,perceptual_near_duplicate,RWF-2000,train/Fight/rwf_train_fight_0480.avi,7793fb508bd9619be68ae76e783fe98bd338b567f1c26726fcdda050bf40ba83,1,1,0,test,test,0
cluster_0133,perceptual_near_duplicate,RWF-2000,train/Fight/rwf_train_fight_0481.avi,39c249dc1b65d6a46d1ddc2b9fc879753d793e2551298cc7fa631aaa4b7ad160,1,1,0,train,test,1
singleton_2124,singleton,RWF-2000,train/Fight/rwf_train_fight_0482.avi,3e9f168856194429359aacb4f20c405db006bade3fab56e2b91b28d02c92d456,1,1,0,train,train,0
singleton_2125,singleton,RWF-2000,train/Fight/rwf_train_fight_0483.avi,5c9435d5ddad63b142987870ff24398ca27639692b6fe56490b2233ec8d7612b,1,1,0,train,train,0
cluster_0032,perceptual_near_duplicate,RWF-2000,train/Fight/rwf_train_fight_0484.avi,2196d8f6012f1bf7208f396318905c8d474fff059e311699dca329ce86687968,1,1,0,test,train,1
cluster_0032,perceptual_near_duplicate,RWF-2000,train/Fight/rwf_train_fight_0485.avi,b52c4d129fe6a4f04a326847fa80b7b686c2aab5d3843aa04fadcc931bde8d7f,1,1,0,train,train,0
cluster_0032,perceptual_near_duplicate,RWF-2000,train/Fight/rwf_train_fight_0486.avi,27cefeb82d86d5efb41e71a7fe5aa0832d9c0c7b08440bc6add0ad700aa05c0b,1,1,0,train,train,0
cluster_0122,perceptual_near_duplicate,RWF-2000,train/Fight/rwf_train_fight_0487.avi,5488e8016450db545e4aae7bb25fe1d24b3320d1dcab956da4cfe1a5d82b3eb0,1,1,0,validation,validation,0
singleton_2126,singleton,RWF-2000,train/Fight/rwf_train_fight_0488.avi,8a1e2f9e4bf5492f2a76f01bba608dc91508edbe81bcaeca4ec20fb066189205,1,1,0,test,test,0
singleton_2127,singleton,RWF-2000,train/Fight/rwf_train_fight_0489.avi,d0d44ae739cd5391a71e56529b1d17785bf2ba805a14ef56b1cbd0ce826c193c,1,1,0,train,train,0
cluster_0052,perceptual_near_duplicate,RWF-2000,train/Fight/rwf_train_fight_0490.avi,da20ce5f5daf944c1717808bf5dceddb8f83d6fc55c19296d379880d6fbd4a9a,1,1,0,test,test,0
singleton_2128,singleton,RWF-2000,train/Fight/rwf_train_fight_0491.avi,8db50f84efaffbe39ce34cb1c9d91a1ca8fde5d58acc209ebb2dd7ecd51829b2,1,1,0,train,train,0
singleton_2129,singleton,RWF-2000,train/Fight/rwf_train_fight_0492.avi,1e077f7d7963f6014f645e3d56be010fc863b936a666161688120cdc9eb1f356,1,1,0,train,train,0
cluster_0076,perceptual_near_duplicate,RWF-2000,train/Fight/rwf_train_fight_0493.avi,4a1836aad7ff25cdcef8be147fce519303a3413c937a6706ecb0a13418c14847,1,1,0,test,test,0
cluster_0076,perceptual_near_duplicate,RWF-2000,train/Fight/rwf_train_fight_0494.avi,cd3abeb93815cb0d34d8efd3b24ce2e4ac9a1894da3a550453a15d5f7ed11f82,1,1,0,train,test,1
cluster_0076,perceptual_near_duplicate,RWF-2000,train/Fight/rwf_train_fight_0495.avi,1224b3a5e276b971acc5d6e553781f5445fe27778618fbdc4a2bf5bbe1cc07f5,1,1,0,validation,test,1
singleton_2130,singleton,RWF-2000,train/Fight/rwf_train_fight_0496.avi,03fb6abedcdc9a915deba170f9e049abe238f4a0e44b2eb2a2ac75bac4a70f68,1,1,0,train,train,0
singleton_2131,singleton,RWF-2000,train/Fight/rwf_train_fight_0497.avi,23ace3befeec958aa91445ad287cc28eaf2366b5dbe69fcc39c5d6dfabcdf9b7,1,1,0,train,train,0
singleton_2132,singleton,RWF-2000,train/Fight/rwf_train_fight_0498.avi,9022620b8c6d44dae5138e4765c8069204c3a92efe483b17066ebc375f8b6dcb,1,1,0,train,train,0
singleton_2133,singleton,RWF-2000,train/Fight/rwf_train_fight_0499.avi,5c2f4c4cb370bf7e55bb8bfb3c3c1f98aaba3b008ea3c5d83322e6ba2c578520,1,1,0,train,train,0
singleton_2134,singleton,RWF-2000,train/Fight/rwf_train_fight_0500.avi,992f71817c5c2429c2ce886b64eb82613dcb831a30d60fcb901445ac10d3fa31,1,1,0,validation,validation,0
singleton_2135,singleton,RWF-2000,train/Fight/rwf_train_fight_0501.avi,2b10ef215a019f850eb3560cb6251351beeb7bded532f29462c9c39814d75cb7,1,1,0,test,test,0
singleton_2136,singleton,RWF-2000,train/Fight/rwf_train_fight_0502.avi,595544ffc129060f93d198ce2ac852b1081198c0260a5a73965c8efc8f60b0f2,1,1,0,train,train,0
singleton_2137,singleton,RWF-2000,train/Fight/rwf_train_fight_0503.avi,06f9a221e75bc5c9a58e34138506a3a77ce0c491bc32c0f15a79b8bd87eb14fc,1,1,0,validation,validation,0
singleton_2138,singleton,RWF-2000,train/Fight/rwf_train_fight_0504.avi,4fa0a65f7e744e9a250b27804abe0e00e12aca494ee4462ec217840a94ce82ab,1,1,0,validation,validation,0
cluster_0040,perceptual_near_duplicate,RWF-2000,train/Fight/rwf_train_fight_0505.avi,9239b64ba91c6a4e29eaa9c7dee2f07e3ef813fc8e01eb514be135749f09604a,1,1,0,validation,validation,0
cluster_0040,perceptual_near_duplicate,RWF-2000,train/Fight/rwf_train_fight_0506.avi,6da1d6a3b6f43eaddc6ab0596a2c2be38be2fd9dc326421be839d61c4fa914f8,1,1,0,validation,validation,0
cluster_0040,perceptual_near_duplicate,RWF-2000,train/Fight/rwf_train_fight_0507.avi,c795d26441e031c06edbaa25c9e6756bfaa49e141264af329d7a88e362275796,1,1,0,train,validation,1
cluster_0040,perceptual_near_duplicate,RWF-2000,train/Fight/rwf_train_fight_0508.avi,6cf4d3c41882dd74df528d20ca2a199ecf6f2dc4ac973e0e1ef708d640291fab,1,1,0,train,validation,1
cluster_0077,perceptual_near_duplicate,RWF-2000,train/Fight/rwf_train_fight_0509.avi,7a4b510be52f0d62aa8d1336dcc9c073c2b0b4ec22f0447232acefe698de6574,0,1,1,test,validation,1
cluster_0060,perceptual_near_duplicate,RWF-2000,train/Fight/rwf_train_fight_0510.avi,4c9b628893028bbb7a3a0ef89cbb02ef37d324ed88974ba8b785c6f6cc3f02d8,1,1,0,train,train,0
cluster_0060,perceptual_near_duplicate,RWF-2000,train/Fight/rwf_train_fight_0511.avi,3800a8b7c24541c25b21a8c9d73001395cc04e321c187debd02cb7014a5d1cca,1,1,0,validation,train,1
singleton_2139,singleton,RWF-2000,train/Fight/rwf_train_fight_0512.avi,4a7ba9a352a2e33ac283749cf05b299174c7b4ed829a1718108dd727351a65b0,1,1,0,test,test,0
cluster_0053,perceptual_near_duplicate,RWF-2000,train/Fight/rwf_train_fight_0513.avi,32da8e94e19a280fbd2e49e0d76540cbc988d7b647dd212f58b90e7fddf06ae7,1,1,0,validation,validation,0
cluster_0078,perceptual_near_duplicate,RWF-2000,train/Fight/rwf_train_fight_0514.avi,4da393116722bbe069f12df278620dd8aaeb439325f92374ed6fa4e9d18b80cc,1,1,0,test,train,1
cluster_0078,perceptual_near_duplicate,RWF-2000,train/Fight/rwf_train_fight_0515.avi,cda8323a5978498ad3c936866c33aea931a8397404a69daf424b1fdf28d1c983,1,1,0,train,train,0
cluster_0053,perceptual_near_duplicate,RWF-2000,train/Fight/rwf_train_fight_0516.avi,fab8d3f9acda7630d53eb483871bdc21dac4ada190f708690a8ed0c82fa5f1dd,1,1,0,train,validation,1
singleton_2140,singleton,RWF-2000,train/Fight/rwf_train_fight_0517.avi,e551a53b99e7a0a2b08a1dc7d173176236b1f3902b937c4103bf5935ad9b2465,1,1,0,train,train,0
singleton_2141,singleton,RWF-2000,train/Fight/rwf_train_fight_0518.avi,4e85adf079bdc80f421f53767de7b29e29d5dc94f21b11db5e61b5a9911c4d73,1,1,0,train,train,0
cluster_0078,perceptual_near_duplicate,RWF-2000,train/Fight/rwf_train_fight_0519.avi,e9cbaee1ab3ca95c1956c0edd1cdaedae458592a3e1c1bddb8c5094517f7385d,1,1,0,train,train,0
singleton_2142,singleton,RWF-2000,train/Fight/rwf_train_fight_0520.avi,441a263fa2769dfd76bb931e96b68ed51a63bd606f8a627af02feb1b24f88b2d,1,1,0,train,train,0
cluster_0053,perceptual_near_duplicate,RWF-2000,train/Fight/rwf_train_fight_0521.avi,23b2da4c38de51129a9cfc412a3d995107b946850e52fef43e4a278ea89a68b5,1,1,0,train,validation,1
cluster_0053,perceptual_near_duplicate,RWF-2000,train/Fight/rwf_train_fight_0522.avi,b786c29f018aeae162fd406537776276191e8a11009c1f638b519b875e3666e7,1,1,0,test,validation,1
singleton_2143,singleton,RWF-2000,train/Fight/rwf_train_fight_0523.avi,a44a0f3870432e8f981e4398c0eb791b97d6a122296672ddc1ebc6151c0b6948,1,1,0,train,train,0
singleton_2144,singleton,RWF-2000,train/Fight/rwf_train_fight_0524.avi,7b753bcfa472b20bdef2e5d6522b8a18b5e27d6dafb7ce1eb2763d5de22645ed,1,1,0,train,train,0
singleton_2145,singleton,RWF-2000,train/Fight/rwf_train_fight_0525.avi,0d8813281b2783aeea1cbe06da7fafe87ce540a03b44b613640e5bf578101307,1,1,0,test,test,0
singleton_2146,singleton,RWF-2000,train/Fight/rwf_train_fight_0526.avi,0da5404348deae850d08af217f18a34e0c5fe1111212b47934faf9abdf3b8f36,1,1,0,train,train,0
singleton_2147,singleton,RWF-2000,train/Fight/rwf_train_fight_0527.avi,e3e0fddb3bda73d6f69bcab5d2c14c9857b457b56f7fe82e43b4f8a2de0f6de9,1,1,0,train,train,0
singleton_2148,singleton,RWF-2000,train/Fight/rwf_train_fight_0528.avi,4a9217f43ff609858971244c07d6b96bd7c0c1005c69fd103361e65c3155b5bf,1,1,0,train,train,0
singleton_2149,singleton,RWF-2000,train/Fight/rwf_train_fight_0529.avi,335a3a45382bda462676ab23bbe4ab7e5c4d55a218dd151e6f191425059431ad,1,1,0,train,train,0
singleton_2150,singleton,RWF-2000,train/Fight/rwf_train_fight_0530.avi,b1c13e291c0772bdf40e711f3d9b433b0ce5fc971c467789facd580414f4a60e,1,1,0,train,train,0
singleton_2151,singleton,RWF-2000,train/Fight/rwf_train_fight_0531.avi,3f9cc7f69f5d74f305d3f56be41b0cb9b34e4a42b08c7ea8e5517f6cbdcaf054,1,1,0,train,train,0
singleton_2152,singleton,RWF-2000,train/Fight/rwf_train_fight_0532.avi,6dcca31f1b764aba418928b6b8744721e060adb0b36af54ad86e60aa2bfb9448,1,1,0,train,train,0
singleton_2153,singleton,RWF-2000,train/Fight/rwf_train_fight_0533.avi,846b4b2c15d0f8c403e46375d00b71e6f761ce271b66a891704e35c1658452db,1,1,0,train,train,0
cluster_0134,perceptual_near_duplicate,RWF-2000,train/Fight/rwf_train_fight_0534.avi,740a290b8b6001beec375dfec569742638f8927ebebbe1c3e3f34583ed91284f,1,1,0,train,test,1
cluster_0134,perceptual_near_duplicate,RWF-2000,train/Fight/rwf_train_fight_0535.avi,9888a2dc86c9d55a901b780afae481ca8503ca17421349c7cc3a38f23a231e26,1,1,0,test,test,0
cluster_0017,perceptual_near_duplicate,RWF-2000,train/Fight/rwf_train_fight_0536.avi,93e0bf47fbe10134634f8d7e884dc65df5beff0c56c5bfa623e834528d0af230,1,1,0,validation,train,1
cluster_0017,perceptual_near_duplicate,RWF-2000,train/Fight/rwf_train_fight_0537.avi,f9c6f6edc976c9ffde0546ee62f374df8a78f4d746b447373d9f44c634d8d058,1,1,0,validation,train,1
cluster_0017,perceptual_near_duplicate,RWF-2000,train/Fight/rwf_train_fight_0538.avi,3c92bdefe5bd3dc32e47ae9b8ea828ef7a67c4c58b8774318ed96864df0ca4ed,1,1,0,train,train,0
cluster_0017,perceptual_near_duplicate,RWF-2000,train/Fight/rwf_train_fight_0539.avi,88854f33fb2dbc794ce94983f840824790d13ee74a000ef5fbbd30998e596caa,1,1,0,test,train,1
singleton_2154,singleton,RWF-2000,train/Fight/rwf_train_fight_0540.avi,1b71d371ae40dcfef20947ba68733c5f775d3a42b9a67a9802df1ddc0e0eb48b,1,1,0,train,train,0
singleton_2155,singleton,RWF-2000,train/Fight/rwf_train_fight_0541.avi,7ec564d81cab73da28d512d2496792c07b2b25204d860eb7dd2823cdda59915b,1,1,0,train,train,0
cluster_0022,perceptual_near_duplicate,RWF-2000,train/Fight/rwf_train_fight_0542.avi,03c4b2582bbf880a591ea15f06f3c0cfe3321f7993f7008aa72300b4d768e231,1,1,0,train,train,0
cluster_0022,perceptual_near_duplicate,RWF-2000,train/Fight/rwf_train_fight_0543.avi,e3f9e74c57b9d59c4820e0c652a3f90ea4a6f6c6c6d2407ba9a322cf05e5186b,1,1,0,train,train,0
cluster_0022,perceptual_near_duplicate,RWF-2000,train/Fight/rwf_train_fight_0544.avi,e9f604d497e7172e9a99327137de07ad2668e8c920afd67e25305182b373da5c,1,1,0,train,train,0
singleton_2156,singleton,RWF-2000,train/Fight/rwf_train_fight_0545.avi,01e79dcecf438949a5630c1bb0bfb049639775d6e25c1393d5d86d7185b12ea8,1,1,0,train,train,0
singleton_2157,singleton,RWF-2000,train/Fight/rwf_train_fight_0546.avi,ec9acacb397a4f59c2d13f4f066716d541dd6d3b605cbda98b78600a9d7a0073,1,1,0,train,train,0
singleton_2158,singleton,RWF-2000,train/Fight/rwf_train_fight_0547.avi,71983aa6ff8028bab08470462cce41d1ad1db634247fb3ecc969a84d45f61c2b,1,1,0,train,train,0
singleton_2159,singleton,RWF-2000,train/Fight/rwf_train_fight_0548.avi,38841138e512887d0768787baf3dcb465c1f53da367d04925c8af27f26ec33ca,1,1,0,train,train,0
singleton_2160,singleton,RWF-2000,train/Fight/rwf_train_fight_0549.avi,1bddca0bf7e5152e16a83e7bc71dbba948571d7bfd71431fe9cbfb6f59961aa1,1,1,0,train,train,0
singleton_2161,singleton,RWF-2000,train/Fight/rwf_train_fight_0550.avi,4564abf0c0dc98651faf0cd1580f1f04e41831426aceaa390cba614881b5aff6,1,1,0,train,train,0
singleton_2162,singleton,RWF-2000,train/Fight/rwf_train_fight_0551.avi,2cb6b3c18ef84e01783f48d5d2e22f8f3637a503c20c18f7e98188d276385db3,1,1,0,train,train,0
singleton_2163,singleton,RWF-2000,train/Fight/rwf_train_fight_0552.avi,59c846af7f4d0db3ca3890c8cc701c74350f86ab16c06a0146c5d6f7b957c69b,1,1,0,test,test,0
singleton_2164,singleton,RWF-2000,train/Fight/rwf_train_fight_0553.avi,8f06b5a5a89ea233f6340610a5f40d463415abf152d1013b7ff0e7b8ebdea082,1,1,0,train,train,0
singleton_2165,singleton,RWF-2000,train/Fight/rwf_train_fight_0554.avi,c6bc26c7c579ae70d6c6b4d24e6e0de837617ae15655c16cff890ba597021e3f,1,1,0,test,test,0
singleton_2166,singleton,RWF-2000,train/Fight/rwf_train_fight_0555.avi,ada179550951b0abab803be658d4b487d680c625067ff8824a578d47abc34458,1,1,0,train,train,0
singleton_2167,singleton,RWF-2000,train/Fight/rwf_train_fight_0556.avi,7439af931fd830b1de164f368688f38bec83aaa8f670b2ebef03b7a4507f1d7f,1,1,0,train,train,0
singleton_2168,singleton,RWF-2000,train/Fight/rwf_train_fight_0557.avi,ae7c494e530f1b1c73cc02ff9aa9223377b68d98bb92ea91a122cc60fa552c1f,1,1,0,train,train,0
singleton_2169,singleton,RWF-2000,train/Fight/rwf_train_fight_0558.avi,6c81ee9c841fa5c1ec71845b4bf33342f32c0cb0d0e5bcfac5ac5a195380b621,1,1,0,train,train,0
singleton_2170,singleton,RWF-2000,train/Fight/rwf_train_fight_0559.avi,ee245de15b2d748c0c277fc82590759de64dd9d5d7043e44d085ac3c60db6277,1,1,0,test,test,0
singleton_2171,singleton,RWF-2000,train/Fight/rwf_train_fight_0560.avi,0ceac8a674210022a9ececceb4fb9d098ab76fabcbcf14b35dbebfd55467a411,1,1,0,train,train,0
cluster_0023,perceptual_near_duplicate,RWF-2000,train/Fight/rwf_train_fight_0561.avi,5d7869c68ad352542bcd2856521788564860ff35915c1b062b0ce1d87b456484,1,1,0,train,train,0
cluster_0023,perceptual_near_duplicate,RWF-2000,train/Fight/rwf_train_fight_0562.avi,a1a31e724d492de01f79b6a849a4ff0d746d03ec5ff31af34f8fe41546893c49,1,1,0,train,train,0
cluster_0023,perceptual_near_duplicate,RWF-2000,train/Fight/rwf_train_fight_0563.avi,31396faf39691df41bef9bb80d4547ab4c173252cb3cb90245100c7308a35325,1,1,0,train,train,0
singleton_2172,singleton,RWF-2000,train/Fight/rwf_train_fight_0564.avi,d69943e484c3918355217139eba60963842c1adab2daf16084a67aa0c14d61be,1,1,0,train,train,0
singleton_2173,singleton,RWF-2000,train/Fight/rwf_train_fight_0565.avi,ce7bba9f38b91927a3528825940ea07c47cdfc2050114b643d486cc5722cf4f9,1,1,0,train,train,0
singleton_2174,singleton,RWF-2000,train/Fight/rwf_train_fight_0566.avi,71089dcc037deef457a073229604dac237c205a3f30b221231ca534a1390470b,1,1,0,train,train,0
singleton_2175,singleton,RWF-2000,train/Fight/rwf_train_fight_0567.avi,d1b219258b3e259d803277a5ed68ec39ca0d6630f38276b39c9dd76ce63df3fc,1,1,0,validation,validation,0
singleton_2176,singleton,RWF-2000,train/Fight/rwf_train_fight_0568.avi,1e3541ea861a31dd91157ac72629752a4e30913a833c3da04b25ed0f2d7c5686,1,1,0,train,train,0
singleton_2177,singleton,RWF-2000,train/Fight/rwf_train_fight_0569.avi,6abcecb3280c9d40a1308a1be12e441c7155073e09bb74098a8a19e61acd0000,1,1,0,test,test,0
singleton_2178,singleton,RWF-2000,train/Fight/rwf_train_fight_0570.avi,6ec2ef4f51a8dd59de9fbbc21d1e4cbc79da859a3b982f94307c04355ca64e74,1,1,0,test,test,0
singleton_2179,singleton,RWF-2000,train/Fight/rwf_train_fight_0571.avi,4dc1cf7813f9da5b1c75a01b26d479b446dd2713921474a7f7ef2a6084cece61,1,1,0,train,train,0
singleton_2180,singleton,RWF-2000,train/Fight/rwf_train_fight_0572.avi,eb55d33af8d8ab6d23dba6b6761ad91f9065ba34fee20fba557ed8f6a44c56f6,1,1,0,test,test,0
singleton_2181,singleton,RWF-2000,train/Fight/rwf_train_fight_0573.avi,abd021b66c7440885d9ba969c9e51ddde8493b0d0ece39ef83355f6f6972cb70,1,1,0,train,train,0
singleton_2182,singleton,RWF-2000,train/Fight/rwf_train_fight_0574.avi,964741c9d3c00a34b7f56e637638f0c954a77b89a5c2b14112637396ce5c5f90,1,1,0,train,train,0
singleton_2183,singleton,RWF-2000,train/Fight/rwf_train_fight_0575.avi,9b903e7cffb458fdbab7d376374a09de08bc4a634e361c0c089fb9a253052a71,1,1,0,test,test,0
singleton_2184,singleton,RWF-2000,train/Fight/rwf_train_fight_0576.avi,d0c3b5d37a52b5f56e1c3faba99ab3bb1463fddc3b028267541ef20609d6482d,1,1,0,train,train,0
singleton_2185,singleton,RWF-2000,train/Fight/rwf_train_fight_0577.avi,1a71d9f261eff56dc370928afd6f3fd7b2d4f3cab7bf86f2b7ee10568b1659cf,1,1,0,train,train,0
singleton_2186,singleton,RWF-2000,train/Fight/rwf_train_fight_0578.avi,90bfd173b7e4d3100f9843cf804aa10cb10a1b3d244aa54c057975fc17f7d50c,1,1,0,train,train,0
singleton_2187,singleton,RWF-2000,train/Fight/rwf_train_fight_0579.avi,b78132c3171e45efe4cba4afdc66d297b07c4c3a029f402404b355d13519a5ca,1,1,0,validation,validation,0
singleton_2188,singleton,RWF-2000,train/Fight/rwf_train_fight_0580.avi,deb3fbb1cc3861b0c625ced0994bb5a387be8e0f507aef1f938c0a2d170cbf37,1,1,0,test,test,0
cluster_0061,perceptual_near_duplicate,RWF-2000,train/Fight/rwf_train_fight_0581.avi,9242c112bdfe5413c3fe104f9d97f382fc5d56ad24f19b6c75618c2f87ec8450,1,1,0,train,train,0
cluster_0061,perceptual_near_duplicate,RWF-2000,train/Fight/rwf_train_fight_0582.avi,ecf9f4440fc97326d2b2b7eb38067dd3141b527729b0fc9d0edeea755eafabaa,1,1,0,validation,train,1
cluster_0061,perceptual_near_duplicate,RWF-2000,train/Fight/rwf_train_fight_0583.avi,dde1c138812382325455d2b8ac9a15e3b656c508b5c6808319169e4880c76ace,1,1,0,train,train,0
singleton_2189,singleton,RWF-2000,train/Fight/rwf_train_fight_0584.avi,5147abcfe87a001d98d4d4165f52accc4da44fd5b77fdd1cae02a68f0b000d1f,1,1,0,train,train,0
singleton_2190,singleton,RWF-2000,train/Fight/rwf_train_fight_0585.avi,9080319c2616ec9394855ede6a6941d652ea7ebd9af0dbf15903babebd7748a2,1,1,0,train,train,0
singleton_2191,singleton,RWF-2000,train/Fight/rwf_train_fight_0586.avi,9872f811760375e717310170344d9e2ab7b57f34b933c79833ac9a480444a402,1,1,0,train,train,0
singleton_2192,singleton,RWF-2000,train/Fight/rwf_train_fight_0587.avi,5e1f15918eaaecb9409aee9253a449b93b2951360e51b45bec4b1a1674aa7478,1,1,0,train,train,0
singleton_2193,singleton,RWF-2000,train/Fight/rwf_train_fight_0588.avi,7aa2fe347ca44f09c6a4b89761b1889796c8c1a18d6240ba12fdd5299409a085,1,1,0,train,train,0
singleton_2194,singleton,RWF-2000,train/Fight/rwf_train_fight_0589.avi,5fac8ba14e07ef5916dda392b61ca793b443a7eab3b5689c0c8307001c3c44b6,1,1,0,train,train,0
singleton_2195,singleton,RWF-2000,train/Fight/rwf_train_fight_0590.avi,925659d392de292f6d06105e5d302deca25cc12e07442b9d572fca381cadf729,1,1,0,validation,validation,0
singleton_2196,singleton,RWF-2000,train/Fight/rwf_train_fight_0591.avi,e035eaedc9cb2e97d4b544bb7e28e8a1cc12a690fefa6ab0ed8afe00192949e4,1,1,0,validation,validation,0
singleton_2197,singleton,RWF-2000,train/Fight/rwf_train_fight_0592.avi,e2fa925a8e147ea197dcdeacc0c5bb43f1a0738e3dd116162b7f57c00eb5ee24,1,1,0,train,train,0
singleton_2198,singleton,RWF-2000,train/Fight/rwf_train_fight_0593.avi,f5b674d6075095482ae3c8d4b040f7deb29cda3053c62e6c9f7f4b3d379b0752,1,1,0,train,train,0
singleton_2199,singleton,RWF-2000,train/Fight/rwf_train_fight_0594.avi,1d18674e5c4da997e611bb1629f77b3d7ed32f2ac8d182510719656391429891,1,1,0,train,train,0
singleton_2200,singleton,RWF-2000,train/Fight/rwf_train_fight_0595.avi,0b4bf8473c108c99a2825000ae48419b89fcc6e055e69c907784863b93a677ec,1,1,0,train,train,0
singleton_2201,singleton,RWF-2000,train/Fight/rwf_train_fight_0596.avi,606b3e7118e482435dea58fd5579f3dc3397f6b02188c5203727c815e9fc0990,1,1,0,train,train,0
singleton_2202,singleton,RWF-2000,train/Fight/rwf_train_fight_0597.avi,6f1e25cbf654626a0478252c0b9bbbd32600b4c9dea872f9687f3a90d8ec0ab2,1,1,0,validation,validation,0
singleton_2203,singleton,RWF-2000,train/Fight/rwf_train_fight_0598.avi,4abe0e3309245eddc69a123211f0ae6794ad4c8b9640be9ae306dce69bfd513a,1,1,0,train,train,0
singleton_2204,singleton,RWF-2000,train/Fight/rwf_train_fight_0599.avi,0c6ae6ff108d0985806d9840f0c834e701a4c61bc5ed7f39def4e33990ef7b6b,1,1,0,train,train,0
singleton_2205,singleton,RWF-2000,train/Fight/rwf_train_fight_0600.avi,67a6fdf8b3a1ba3c247402fb7390391aaf41de21098a28992cae9acfcaac4b7a,1,1,0,train,train,0
singleton_2206,singleton,RWF-2000,train/Fight/rwf_train_fight_0601.avi,9bf9bfd22fb04005f0ca0c24058d6d903a6502fa8b04c27c849553745f410607,1,1,0,train,train,0
singleton_2207,singleton,RWF-2000,train/Fight/rwf_train_fight_0602.avi,bae21ec489fe91e87ac829921ae18f1ece4ab93cb97ddb0292421e7bc9e71952,1,1,0,train,train,0
singleton_2208,singleton,RWF-2000,train/Fight/rwf_train_fight_0603.avi,4141bf0166f9efacdd8c6074923ec1c79923c91d22a83d3413eaf0432df3bfb6,1,1,0,test,test,0
singleton_2209,singleton,RWF-2000,train/Fight/rwf_train_fight_0604.avi,d9b67545fb0d47ee06bd0c4576599620889f7396e756804ebc67449b3661c25c,1,1,0,train,train,0
singleton_2210,singleton,RWF-2000,train/Fight/rwf_train_fight_0605.avi,d7f5e5fcb0d04047e6232deeb7dc59fca0d293f5d804b644b308587e8b972f0c,1,1,0,train,train,0
singleton_2211,singleton,RWF-2000,train/Fight/rwf_train_fight_0606.avi,f50bdfd29d20833ac2d0c54375b96b682395f7c4fafc1321e1ec1cba692ed68b,1,1,0,train,train,0
singleton_2212,singleton,RWF-2000,train/Fight/rwf_train_fight_0607.avi,1a657c0d355e45643127d5d9cabcbf85646632aa962737c00ef44e7469cb826e,1,1,0,train,train,0
singleton_2213,singleton,RWF-2000,train/Fight/rwf_train_fight_0608.avi,4ec3173c453017f398d871eafb2f38b0dfb31b3fc7df8ac2c9d2ab3ed21dfe21,1,1,0,test,test,0
singleton_2214,singleton,RWF-2000,train/Fight/rwf_train_fight_0609.avi,7ff030bbcee624b6113494e75723de0135043fd965fafcaa91078b9af93dee62,1,1,0,train,train,0
cluster_0004,perceptual_near_duplicate,RWF-2000,train/Fight/rwf_train_fight_0610.avi,98890de3073c8556b6b400dce8b9e856a05a37a1ae927793d02a3b5f8e5774a3,1,1,0,validation,train,1
cluster_0004,perceptual_near_duplicate,RWF-2000,train/Fight/rwf_train_fight_0611.avi,211f9b5eae27af891c8c930005713360bd8944a63f415a6ed86d108c81565dcc,1,1,0,test,train,1
cluster_0004,perceptual_near_duplicate,RWF-2000,train/Fight/rwf_train_fight_0612.avi,a60758281446a8d47598a66d0d18a8817bf0666a6b0644e2b3185670d580a66b,1,1,0,test,train,1
cluster_0018,perceptual_near_duplicate,RWF-2000,train/Fight/rwf_train_fight_0613.avi,bd2e106f55bc8038cc0dcd6109e17d8c069788ac0965a8db07056562d2f98f54,1,1,0,test,train,1
cluster_0018,perceptual_near_duplicate,RWF-2000,train/Fight/rwf_train_fight_0614.avi,0752abf9de11afe5cff92c8b4f3e5f28997c04382b8cc84f295451ff29758d64,1,1,0,train,train,0
cluster_0018,perceptual_near_duplicate,RWF-2000,train/Fight/rwf_train_fight_0615.avi,1bfaa0d2111e9a2ff4824320f75b2f7cdcdadae6e2b90f3c5f60cc2c7366241f,1,1,0,train,train,0
cluster_0018,perceptual_near_duplicate,RWF-2000,train/Fight/rwf_train_fight_0616.avi,0803d48e9d5afeeae0c875064840713cf2b47de2c19d4dc10e54608c9ce4f06f,1,1,0,train,train,0
cluster_0018,perceptual_near_duplicate,RWF-2000,train/Fight/rwf_train_fight_0617.avi,d8f9912e195688c22fb0cc9d5db8f6315291439a1a9ead8279bba42b7d4bd763,1,1,0,validation,train,1
cluster_0018,perceptual_near_duplicate,RWF-2000,train/Fight/rwf_train_fight_0618.avi,564d4b908e525532d9a8f89e2d3a48165aeecc8a17c9a90d2a74b4c68a747c2c,1,1,0,train,train,0
singleton_2215,singleton,RWF-2000,train/Fight/rwf_train_fight_0619.avi,66471d2194faa30f4c720cb6440fa3f1e5981247304f3f0520e43b6e2da1956a,1,1,0,train,train,0
singleton_2216,singleton,RWF-2000,train/Fight/rwf_train_fight_0620.avi,5857897f0330a0f8858bdfc3d808dd22b153f6213e505eeb9f98a12df647a781,1,1,0,train,train,0
singleton_2217,singleton,RWF-2000,train/Fight/rwf_train_fight_0621.avi,ebde707a92fb81a043486ef8d1e964d7599b1d32eb19197167ac21d7efa68496,1,1,0,train,train,0
singleton_2218,singleton,RWF-2000,train/Fight/rwf_train_fight_0622.avi,0bdfec335fba4bfd814e28143e1f9cb076c54ce948d14fd30cb32f15f61b6cd0,1,1,0,train,train,0
cluster_0079,perceptual_near_duplicate,RWF-2000,train/Fight/rwf_train_fight_0623.avi,162202bbb9d29f3fd28a45bf8b8aa8778bf1f4f282c0323ebd4b785b060af1d4,1,1,0,test,test,0
cluster_0079,perceptual_near_duplicate,RWF-2000,train/Fight/rwf_train_fight_0624.avi,f34ac87b6a0488f6124c1c716e8ee361d34a0b7f6c5ff515286eac7517417bc3,1,1,0,test,test,0
cluster_0079,perceptual_near_duplicate,RWF-2000,train/Fight/rwf_train_fight_0625.avi,60a7586f76ec7580e1b66eef0d4eacfaa1215a8034324abb02ff6f1c0670804e,1,1,0,train,test,1
singleton_2219,singleton,RWF-2000,train/Fight/rwf_train_fight_0626.avi,4c42803c0d95f2bf7946639246acf3bcf115a529c78dbce7149409a7b86d7193,1,1,0,test,test,0
singleton_2220,singleton,RWF-2000,train/Fight/rwf_train_fight_0627.avi,33eea338a2e94b23df57e9198c8970c84a95130be13556c13ed0f43a27c00714,1,1,0,train,train,0
singleton_2221,singleton,RWF-2000,train/Fight/rwf_train_fight_0628.avi,6380fd8bbd120afddce479f4f56734a5310735a24426ad0acc7a39bded580b00,1,1,0,train,train,0
singleton_2222,singleton,RWF-2000,train/Fight/rwf_train_fight_0629.avi,153dc8778d6ecf610c590092abc42840e5cda9b8f6edf3d512aed785e6a4799f,1,1,0,train,train,0
singleton_2223,singleton,RWF-2000,train/Fight/rwf_train_fight_0630.avi,d0921f634600b371eee3c4b36251ed2e19be24106db8c0179c3a697730ab6d2b,1,1,0,train,train,0
singleton_2224,singleton,RWF-2000,train/Fight/rwf_train_fight_0631.avi,9babca8b8c6c440445a2969575f9d39c9c437c8eb33b101fce395365d159dea9,1,1,0,test,test,0
singleton_2225,singleton,RWF-2000,train/Fight/rwf_train_fight_0632.avi,52845cf5f8cf6604fb2739ecfd748a327b2e48567cab20274fad106f37adb2e6,1,1,0,train,train,0
singleton_2226,singleton,RWF-2000,train/Fight/rwf_train_fight_0633.avi,1e3f51bff4e29b38495e454c2ea4708733e2c17171c72a794a6682468a0f38ed,1,1,0,validation,validation,0
singleton_2227,singleton,RWF-2000,train/Fight/rwf_train_fight_0634.avi,acde9af60dbdf3df5fc6294245fede32860836dbeea99753edefdb80b4a6ec33,1,1,0,train,train,0
singleton_2228,singleton,RWF-2000,train/Fight/rwf_train_fight_0635.avi,710af62d24c0e602dc437da91d0e50a67339a7a19c21875dd2fa70a91f6c3421,1,1,0,train,train,0
singleton_2229,singleton,RWF-2000,train/Fight/rwf_train_fight_0636.avi,be36e8ed8fc985d7140e9ed5f62dbc083e1e1a314e5a5b1dcb2461bd25128cf2,1,1,0,train,train,0
singleton_2230,singleton,RWF-2000,train/Fight/rwf_train_fight_0637.avi,563edfe31a9fc9b5bb9d21bf304ee47620383b780309a3772ca3a3c084febdb1,1,1,0,train,train,0
singleton_2231,singleton,RWF-2000,train/Fight/rwf_train_fight_0638.avi,92169f2705659279b64092a7bc27e5f20203e14d2e5c85a28f649d659dd29726,1,1,0,train,train,0
singleton_2232,singleton,RWF-2000,train/Fight/rwf_train_fight_0639.avi,136ee65be4efba5b40e63f19735a6ee54a0c11b1a981b87d5c8f63992977dd10,1,1,0,train,train,0
singleton_2233,singleton,RWF-2000,train/Fight/rwf_train_fight_0640.avi,692d57d922528a617108ea1802ffbd3fb7b497e1204750f95028257425759543,1,1,0,test,test,0
singleton_2234,singleton,RWF-2000,train/Fight/rwf_train_fight_0641.avi,8292b33576a0396c821fa7327c9e7cc836d6742f09815a803a44b5d9f0fc99a3,1,1,0,train,train,0
singleton_2235,singleton,RWF-2000,train/Fight/rwf_train_fight_0642.avi,da204828f27e6a0a0367e8f382d49b55c5e03b4067349eada300a08b99470ca9,1,1,0,test,test,0
singleton_2236,singleton,RWF-2000,train/Fight/rwf_train_fight_0643.avi,bc918e9e7b78ba73120cce89979d5436182cab171b3b2369072d4d4da0b7cc87,1,1,0,train,train,0
cluster_0041,perceptual_near_duplicate,RWF-2000,train/Fight/rwf_train_fight_0644.avi,3b8c6f4b65ced9719a04d402240ae79a3a547c125b7bc264e703d086763ec819,1,1,0,train,train,0
cluster_0041,perceptual_near_duplicate,RWF-2000,train/Fight/rwf_train_fight_0645.avi,064fc4fba826f8f229d56fba6249818f2bea591b1840f6e55b28d015fc8f8b55,1,1,0,train,train,0
cluster_0041,perceptual_near_duplicate,RWF-2000,train/Fight/rwf_train_fight_0646.avi,174697d14029f9e36f7829d2ad00fd0e50c38c3aafb68c09a1c8e1053c1500d1,1,1,0,validation,train,1
cluster_0041,perceptual_near_duplicate,RWF-2000,train/Fight/rwf_train_fight_0647.avi,6a2bc1b4f2f5e22c09f29c8b8a693ad805cf880c0c5a7523a39f28c89059fd36,1,1,0,train,train,0
cluster_0041,perceptual_near_duplicate,RWF-2000,train/Fight/rwf_train_fight_0648.avi,4ff9f85243ecd30940d57e854d23c461bcb80e6bd3ed7455b6d2ba5fa989c214,1,1,0,train,train,0
cluster_0054,perceptual_near_duplicate,RWF-2000,train/Fight/rwf_train_fight_0649.avi,dfec35beed21952dec967d46a039085831957094e2a30588d44520a0378cbd95,1,1,0,train,train,0
cluster_0054,perceptual_near_duplicate,RWF-2000,train/Fight/rwf_train_fight_0650.avi,0f4db7da58695fbf9937b40212ad1d5d4d84f7e9f69b781389c2b7c156d64dc0,1,1,0,train,train,0
cluster_0054,perceptual_near_duplicate,RWF-2000,train/Fight/rwf_train_fight_0651.avi,7446929b02a4a87b030432ff014301b336806ddb1e005963f5e9366078a844c2,1,1,0,test,train,1
cluster_0054,perceptual_near_duplicate,RWF-2000,train/Fight/rwf_train_fight_0652.avi,42c7285e832d49c334c5ee1f4a50a0d405327b806a08e8000b7c0201a8586d55,1,1,0,train,train,0
singleton_2237,singleton,RWF-2000,train/Fight/rwf_train_fight_0653.avi,21fa1c2bb60e2702198daf82d7fa6a6c713677358737a089c51b85f2f3a0b51e,1,1,0,validation,validation,0
singleton_2238,singleton,RWF-2000,train/Fight/rwf_train_fight_0654.avi,1f15f379d43295dc71ce08cdf8b1ed9d00ffd47698f61af26e830e51a68f4f1c,1,1,0,train,train,0
singleton_2239,singleton,RWF-2000,train/Fight/rwf_train_fight_0655.avi,2221be69fcaf331dd52390b5d4ce734b7ef22fe916a543e404ca7383bad99f81,1,1,0,train,train,0
singleton_2240,singleton,RWF-2000,train/Fight/rwf_train_fight_0656.avi,e4ced4d1eb97207f120ca9ec323d5877d5f5db59dc5398723c7620a791f7c880,1,1,0,train,train,0
singleton_2241,singleton,RWF-2000,train/Fight/rwf_train_fight_0657.avi,ec085ff652fd22e7c34236ce67bbfb204c3b5d0549294a9aabde7a7e275f6e69,1,1,0,train,train,0
singleton_2242,singleton,RWF-2000,train/Fight/rwf_train_fight_0658.avi,1f4b126a269f9425cfb9ba582d885e5b2378d3034db86813c2ac91371942f841,1,1,0,train,train,0
singleton_2243,singleton,RWF-2000,train/Fight/rwf_train_fight_0659.avi,2b8447c65a3fce5d24226de16f2bd0a963055d90d8e2965e1957a64287561a85,1,1,0,train,train,0
singleton_2244,singleton,RWF-2000,train/Fight/rwf_train_fight_0660.avi,f3ee111e9aba0be5bdb0e5773660cbbf83e921835b75f512ea1d97eb9ad7471a,1,1,0,train,train,0
singleton_2245,singleton,RWF-2000,train/Fight/rwf_train_fight_0661.avi,6bb2a82cac95446da2a0cbb85a46a6e0f3ed49a6d1e5f18fad4633d3c0f5b0ca,1,1,0,train,train,0
singleton_2246,singleton,RWF-2000,train/Fight/rwf_train_fight_0662.avi,eaaa928b8e17bef2ac70addf3461ec66fd203f0215a06f99c3e3186e91091b7f,1,1,0,train,train,0
singleton_2247,singleton,RWF-2000,train/Fight/rwf_train_fight_0663.avi,a8a8a3b7c02e0ca4e2496cb3e9bf848c662a6f650430479b7f55cbbd2be7db43,1,1,0,train,train,0
singleton_2248,singleton,RWF-2000,train/Fight/rwf_train_fight_0664.avi,10177f67cfd3d10621d08f22be363a355cf65356a520fc3a695045c35c6262e3,1,1,0,test,test,0
singleton_2249,singleton,RWF-2000,train/Fight/rwf_train_fight_0665.avi,b5cc01c8212bff57995b8e5a666c26b6aa87cd0a46a8c330336e8ef1c3522dc4,1,1,0,train,train,0
singleton_2250,singleton,RWF-2000,train/Fight/rwf_train_fight_0666.avi,375b2b5ce096763adeb85018c6621b4df214463fda836d585093a5420ecbf84a,1,1,0,train,train,0
cluster_0135,perceptual_near_duplicate,RWF-2000,train/Fight/rwf_train_fight_0667.avi,a8f25fc819a080cffe1817b679620fa441c4c21b1cae1498047054f5baf73c87,1,1,0,test,validation,1
singleton_2251,singleton,RWF-2000,train/Fight/rwf_train_fight_0668.avi,e9ef2d20c71c0922e97bbb39ae0c5b774877b78e4f5f593631cdac9145c627fd,1,1,0,train,train,0
singleton_2252,singleton,RWF-2000,train/Fight/rwf_train_fight_0669.avi,d2d4f4226c6a51a46982f1789766a3f5bc36790b0e8c7eed9b2216422782a8c2,1,1,0,train,train,0
singleton_2253,singleton,RWF-2000,train/Fight/rwf_train_fight_0670.avi,d9e71d04951a00f1b30735a7d52bcc19666bdff5fefd4e9b59945ac1d3552099,1,1,0,train,train,0
singleton_2254,singleton,RWF-2000,train/Fight/rwf_train_fight_0671.avi,a6177553e4522c7dbb2abb647c7f00f809111028f680cb108e8c6488736c6398,1,1,0,train,train,0
singleton_2255,singleton,RWF-2000,train/Fight/rwf_train_fight_0672.avi,d681d43b1fbe9ceb30a9754cbda3e7d953e9d42592c09e2356eaf21f5d3d2a5e,1,1,0,train,train,0
singleton_2256,singleton,RWF-2000,train/Fight/rwf_train_fight_0673.avi,c9c4bbbecf2c71ec7cc8314d3a936d5b8795025f921618ae9b68fe6bbce7df5a,1,1,0,train,train,0
singleton_2257,singleton,RWF-2000,train/Fight/rwf_train_fight_0674.avi,b80cad90c5d257b9619a9d8b2c8349fe41105fb8c8bcae1ff7bc8d9ee5ac68f4,1,1,0,train,train,0
cluster_0098,perceptual_near_duplicate,RWF-2000,train/Fight/rwf_train_fight_0675.avi,1d870a096160a354a718d441290b0036b21ddd805c4d981653fc5bff7b967f33,1,1,0,train,train,0
cluster_0098,perceptual_near_duplicate,RWF-2000,train/Fight/rwf_train_fight_0676.avi,3b6eafee6acac08466028034e27c74984bd19da73e7fedab44aca09c3c80a36f,1,1,0,validation,train,1
cluster_0098,perceptual_near_duplicate,RWF-2000,train/Fight/rwf_train_fight_0677.avi,d63a1507d678e7e1b57795c675436f38b9b3d72cc10ef8ccceac092ff130037d,1,1,0,train,train,0
singleton_2258,singleton,RWF-2000,train/Fight/rwf_train_fight_0678.avi,de0978be447a8a1093cc5bd2de42c9175b0647ddc666831a54f646cc7108c654,1,1,0,validation,validation,0
singleton_2259,singleton,RWF-2000,train/Fight/rwf_train_fight_0679.avi,11d34d33d2b0b4df32f7a7ca933012ee1c6b3eb8c7b42e6554cfb512c5ac7a01,1,1,0,train,train,0
singleton_2260,singleton,RWF-2000,train/Fight/rwf_train_fight_0680.avi,44b436ecc8418a20ad36c8b16da08974f691131a4a7a95d82e0112d3d16b423f,1,1,0,test,test,0
singleton_2261,singleton,RWF-2000,train/Fight/rwf_train_fight_0681.avi,8c15915b0a6812605e9deb8b09e25fd318a72a124bfedd7da4c502daedc2b179,1,1,0,validation,validation,0
singleton_2262,singleton,RWF-2000,train/Fight/rwf_train_fight_0682.avi,708ebbf05457fa3675e77bed308a64e89256ac8bc647dc0ca76d31b4a4eacded,1,1,0,train,train,0
singleton_2263,singleton,RWF-2000,train/Fight/rwf_train_fight_0683.avi,108bb927923a00177f1c7c429f9a2904e46ffa04486d94e2c1efd5afbd099505,1,1,0,train,train,0
singleton_2264,singleton,RWF-2000,train/Fight/rwf_train_fight_0684.avi,05ec8142a808bfde8ec224635a969d6a10820c8186f344abe1007dd7e7b3c66e,1,1,0,train,train,0
singleton_2265,singleton,RWF-2000,train/Fight/rwf_train_fight_0685.avi,9977e9299ec996e405290dd6f3f70af8df6ce7927614e27ea31c4d7dc048c4f6,1,1,0,train,train,0
singleton_2266,singleton,RWF-2000,train/Fight/rwf_train_fight_0686.avi,5ae415d13f2b404e7409a125dd46e0091faa13bab1185d7908c6599c703218ae,1,1,0,train,train,0
singleton_2267,singleton,RWF-2000,train/Fight/rwf_train_fight_0687.avi,3b15be688d2d9d5883be4cb73e707d349790efcbfbc41724995a00668fe8b608,1,1,0,train,train,0
singleton_2268,singleton,RWF-2000,train/Fight/rwf_train_fight_0688.avi,4bbf866c23d45a92beb33fc5a7f299ac6da8b22423a46e2b6559a9220563779c,1,1,0,train,train,0
singleton_2269,singleton,RWF-2000,train/Fight/rwf_train_fight_0689.avi,2c52fce19c7ca204788b82049d65d9e0a3bccdc2e1f574b7df20bbfe9bc971b9,1,1,0,train,train,0
singleton_2270,singleton,RWF-2000,train/Fight/rwf_train_fight_0690.avi,ba1fa48ecc86a546c518b9555087dcf56d62c17e94ecb6e55c5d4df511505677,1,1,0,train,train,0
singleton_2271,singleton,RWF-2000,train/Fight/rwf_train_fight_0691.avi,42a3d7e74ead4ab843776902dc15a1839ffd5408f64ca5315aa431fce22eecf2,1,1,0,train,train,0
singleton_2272,singleton,RWF-2000,train/Fight/rwf_train_fight_0692.avi,a14a05bac373b85f828015d9510f7c966080517e9cdcbaff99bd9c6713183baf,1,1,0,train,train,0
singleton_2273,singleton,RWF-2000,train/Fight/rwf_train_fight_0693.avi,87c4a2208c24c864bf5d3a94e1cffc1edf0993860bcb6b6e73315b018b8af2eb,1,1,0,train,train,0
singleton_2274,singleton,RWF-2000,train/Fight/rwf_train_fight_0694.avi,be2e15d53d7403a9c452558d7354bae3fe8744a734243c9a38a6b067d9acce9d,1,1,0,validation,validation,0
singleton_2275,singleton,RWF-2000,train/Fight/rwf_train_fight_0695.avi,bcb55ac74a230ebb8b83c4a654ca17088435cae0476f5aa27ba45138fd52a869,1,1,0,train,train,0
cluster_0055,perceptual_near_duplicate,RWF-2000,train/Fight/rwf_train_fight_0696.avi,2e35dbfaa8be6f07d3ee798a0b778bf0ece0fa0b58cbfebe88b8d8b9204cf939,1,1,0,validation,validation,0
cluster_0055,perceptual_near_duplicate,RWF-2000,train/Fight/rwf_train_fight_0697.avi,87ea0aa6324838f9120e21673ba3534e5fe8c3c484cd7e522aab77f27fae2945,1,1,0,test,validation,1
cluster_0055,perceptual_near_duplicate,RWF-2000,train/Fight/rwf_train_fight_0698.avi,e4db1b671670e8e86de7d4107b456f943265785358824cca87610493aa7e5e43,1,1,0,validation,validation,0
cluster_0055,perceptual_near_duplicate,RWF-2000,train/Fight/rwf_train_fight_0699.avi,ceac731800094c6c4c560846996b176a17669eacb6985b133b2aedaaf6664f84,1,1,0,train,validation,1
singleton_2276,singleton,RWF-2000,train/Fight/rwf_train_fight_0700.avi,8f0c9834106aa19dde692f9b499bb38e494346fe315c62420fb0262585750924,1,1,0,train,train,0
singleton_2277,singleton,RWF-2000,train/Fight/rwf_train_fight_0701.avi,6200150488b8bfdf545b84d2b3b87e057518af4aef88db5d5a7b04a373f23764,1,1,0,train,train,0
cluster_0012,perceptual_near_duplicate,RWF-2000,train/Fight/rwf_train_fight_0702.avi,3fdf090beddaadaf9d7df22bee1efc043bcd189d90aaf6c2c26a6d3fccb910fb,1,1,0,train,validation,1
cluster_0012,perceptual_near_duplicate,RWF-2000,train/Fight/rwf_train_fight_0703.avi,f5e4b66d842a2af8ad1e201ce8a8b80124a50f334a02e32395815320925a3545,1,1,0,validation,validation,0
cluster_0012,perceptual_near_duplicate,RWF-2000,train/Fight/rwf_train_fight_0704.avi,3eec4b744795d4818f36e34da8d295d5c1240ba451fc9464f4a986f9b8e9f3ae,1,1,0,validation,validation,0
singleton_2278,singleton,RWF-2000,train/Fight/rwf_train_fight_0705.avi,de5b85949b21330a641a56da8e2f50dc99e7e5c3265914a5e1207763495f1234,1,1,0,test,test,0
singleton_2279,singleton,RWF-2000,train/Fight/rwf_train_fight_0706.avi,f0634172f89539017f1dbd77f27f0b40395202115218f451015f03315ef543a4,1,1,0,train,train,0
singleton_2280,singleton,RWF-2000,train/Fight/rwf_train_fight_0707.avi,77a44b5ea471555bd58975274b6fcd2c7c9558cb27d66d24371837e337a75f5e,1,1,0,test,test,0
singleton_2281,singleton,RWF-2000,train/Fight/rwf_train_fight_0708.avi,e23a57acd2e241e1a27e2d986eb7576851f8a6e024bc417fc5fda4f7b81f0729,1,1,0,validation,validation,0
singleton_2282,singleton,RWF-2000,train/Fight/rwf_train_fight_0709.avi,cc51575464c37162b96649715744805f940d6181e7b1ea84bfa909c4c0e3f4ec,1,1,0,train,train,0
singleton_2283,singleton,RWF-2000,train/Fight/rwf_train_fight_0710.avi,e70fa163eb07c40db8a980da331c6fdffba753e1a2c37b2bde95b25225748659,1,1,0,train,train,0
singleton_2284,singleton,RWF-2000,train/Fight/rwf_train_fight_0711.avi,1ae7cbb929269450303ac29cf0b26d1221f82ea687180a28a12819a502a04e0c,1,1,0,train,train,0
singleton_2285,singleton,RWF-2000,train/Fight/rwf_train_fight_0712.avi,93a0cadd3b5655e47e0eac94e535deffad9f2ea81ac27bf4c12002ba3ceda392,1,1,0,validation,validation,0
singleton_2286,singleton,RWF-2000,train/Fight/rwf_train_fight_0713.avi,1e4dee63f5506c7feab8a164cff744fc958047ca5ff900db0952423d265db545,1,1,0,validation,validation,0
singleton_2287,singleton,RWF-2000,train/Fight/rwf_train_fight_0714.avi,25863e98d2a5890f04883d09c482f11230aa116e45e787f184ce2c88a8d22217,1,1,0,validation,validation,0
singleton_2288,singleton,RWF-2000,train/Fight/rwf_train_fight_0715.avi,3f210702c50e26dd66ae0491d7e192b0e0a4265e475847c7d13cdfcbe475c741,1,1,0,train,train,0
singleton_2289,singleton,RWF-2000,train/Fight/rwf_train_fight_0716.avi,d1a3a2c9a4ccc7940f024fff1797792136837a9d5c2fca8d5d621433ba7a3290,1,1,0,test,test,0
singleton_2290,singleton,RWF-2000,train/Fight/rwf_train_fight_0717.avi,e1dbeff64700b872833e9d1ef0175c9488c36b09eaa1e089964d417cb30f8606,1,1,0,train,train,0
singleton_2291,singleton,RWF-2000,train/Fight/rwf_train_fight_0718.avi,a75a1bb73c799770f40aed1dc9d4c275a09d1316bf2d61e8c2e9dedf3e451d03,1,1,0,train,train,0
singleton_2292,singleton,RWF-2000,train/Fight/rwf_train_fight_0719.avi,60a037e763903c26beecfa794e0cb8aae28cdf25d363f8eb7b7f755d9074f970,1,1,0,test,test,0
singleton_2293,singleton,RWF-2000,train/Fight/rwf_train_fight_0720.avi,1ed4ab8ddc9b7a9169a6d270f5980fa8a83b453d1c598eccdc6a41126f2f94ea,1,1,0,train,train,0
singleton_2294,singleton,RWF-2000,train/Fight/rwf_train_fight_0721.avi,1359d1c8caec013d6991ba62d032dea9bf62dbf1042ccb52509b2a2d307edbec,1,1,0,train,train,0
singleton_2295,singleton,RWF-2000,train/Fight/rwf_train_fight_0722.avi,f03c26188095c0c07754fba16283b55dce7f79910cf4cd2b6a8274c68308fd8d,1,1,0,train,train,0
singleton_2296,singleton,RWF-2000,train/Fight/rwf_train_fight_0723.avi,793cfd63febbaa30bedab3928ce811b5124bea32010fd1bc0811f47032febb82,1,1,0,validation,validation,0
singleton_2297,singleton,RWF-2000,train/Fight/rwf_train_fight_0724.avi,da725cb030d7e91f678874e9a6c54ebd887314a733228f93ad576768d600705d,1,1,0,train,train,0
singleton_2298,singleton,RWF-2000,train/Fight/rwf_train_fight_0725.avi,fbeea8fc4eb12115e1b0570307b29ee7fa2da04f92f15e11780d01e9880f6e85,1,1,0,train,train,0
singleton_2299,singleton,RWF-2000,train/Fight/rwf_train_fight_0726.avi,893e8462ac64c798bb143d42e1305156b19e7e34f9ff997aca2d52f8f269d479,1,1,0,validation,validation,0
singleton_2300,singleton,RWF-2000,train/Fight/rwf_train_fight_0727.avi,32bff4ae66ac186913821493254dba2aad5ef0df00f79a6ad6f0b79fe39493c7,1,1,0,train,train,0
singleton_2301,singleton,RWF-2000,train/Fight/rwf_train_fight_0728.avi,69378f1f0fcc0181b2f7ffb37c7c1108fb1fed8aed25b3069f8bee09a2114577,1,1,0,validation,validation,0
singleton_2302,singleton,RWF-2000,train/Fight/rwf_train_fight_0729.avi,e6bb1d41beded89109d0d437825a552817bcd8140812beaa38e643524a15f50a,1,1,0,train,train,0
singleton_2303,singleton,RWF-2000,train/Fight/rwf_train_fight_0730.avi,7e3b7b4872e3820c534481fb53cc9d7ee3ea1ae40875ecbf031252da7fd423bc,1,1,0,train,train,0
singleton_2304,singleton,RWF-2000,train/Fight/rwf_train_fight_0731.avi,360d1bb958cf69a52d8c55d6dea2dd2a079a3fc3546aa632fd93d24eadcbdc53,1,1,0,train,train,0
singleton_2305,singleton,RWF-2000,train/Fight/rwf_train_fight_0732.avi,487fafe38158e0e9e1fed3922d068daee8cddec7aae7e460707c04f55f9f7f52,1,1,0,train,train,0
singleton_2306,singleton,RWF-2000,train/Fight/rwf_train_fight_0733.avi,9158fe807015e84c90719fa54063842fb510bad456bdd1d0596ab30ec7f01b27,1,1,0,validation,validation,0
cluster_0067,perceptual_near_duplicate,RWF-2000,train/Fight/rwf_train_fight_0734.avi,20a915911d89bd545d2a047e4e3d7a66d406630ec3c6ecd99b57caf4b4f59d50,1,1,0,train,train,0
cluster_0067,perceptual_near_duplicate,RWF-2000,train/Fight/rwf_train_fight_0735.avi,cd84007bb4ea4dbf339d8d162c018f2fe132abde28acb85a167dca82a885c070,1,1,0,train,train,0
cluster_0067,perceptual_near_duplicate,RWF-2000,train/Fight/rwf_train_fight_0736.avi,32d26c81f7aa6e7659cc7746dfaf2151575efb49a4ba7be0265c26473433ffee,1,1,0,train,train,0
cluster_0067,perceptual_near_duplicate,RWF-2000,train/Fight/rwf_train_fight_0737.avi,140d959d01ffdc8804d4a49da0601146552f50c31f208f492c5370c64feff56d,1,1,0,validation,train,1
singleton_2307,singleton,RWF-2000,train/Fight/rwf_train_fight_0738.avi,eab257c34a3735c31c2f6bedb698da80a2fb7ebb225b811e830269c372c42d62,1,1,0,train,train,0
singleton_2308,singleton,RWF-2000,train/Fight/rwf_train_fight_0739.avi,c684adb32c96f1103f9cb3418c5f6fcb364cd44a907033ee7e1ccb4617949b78,1,1,0,train,train,0
singleton_2309,singleton,RWF-2000,train/Fight/rwf_train_fight_0740.avi,df0c769d155b94c7a65ae6b3d05625f9a141425bca2eae5018ccee3e38cc8a04,1,1,0,validation,validation,0
singleton_2310,singleton,RWF-2000,train/Fight/rwf_train_fight_0741.avi,a5532747eee1d363b70e00b0ea1b757b21311eae5e6b3a90a5607c1ab9c12653,1,1,0,train,train,0
singleton_2311,singleton,RWF-2000,train/Fight/rwf_train_fight_0742.avi,7fd832fab1d102c9c6a4366f4fc3b9e0a57fef4c8e8691f11a6e587fd420f7aa,1,1,0,train,train,0
singleton_2312,singleton,RWF-2000,train/Fight/rwf_train_fight_0743.avi,392d06e82a2ae0cf601d93f5e95bea8cb5cb4c42fa78412441110b0aa4076c69,1,1,0,train,train,0
singleton_2313,singleton,RWF-2000,train/Fight/rwf_train_fight_0744.avi,87a876d0b8dd1deffab780f373cad86b6be6d92ca22a9ccadf3dd6ebf79476c6,1,1,0,train,train,0
singleton_2314,singleton,RWF-2000,train/Fight/rwf_train_fight_0745.avi,9bd511a0223eccafcde5d153803f7333bed2482a209a40b8fb20670c806520cb,1,1,0,validation,validation,0
singleton_2315,singleton,RWF-2000,train/Fight/rwf_train_fight_0746.avi,3f78e394116369dc7a7bffaf9f910d2084070c08b3f96ba933d2ee87e8ed79f9,1,1,0,test,test,0
singleton_2316,singleton,RWF-2000,train/Fight/rwf_train_fight_0747.avi,b3591901f33374db4eb4c155108cb01b742a9d03d83a393d9e94a56aa7862590,1,1,0,validation,validation,0
singleton_2317,singleton,RWF-2000,train/Fight/rwf_train_fight_0748.avi,9548c5f15d4a0b4e12ccc5d12ddb971ac6aa77c915414cea15f59d11b6a3025b,1,1,0,validation,validation,0
singleton_2318,singleton,RWF-2000,train/Fight/rwf_train_fight_0749.avi,24849bd1ba95c538c329ea1c7b66c4188d4320ee8ce3008c919737ad8b2bb896,1,1,0,test,test,0
singleton_2319,singleton,RWF-2000,train/Fight/rwf_train_fight_0750.avi,6ce4fb31121d68f10278689e78be89044bade11fa6b6ecdd0453d5c5335bd5a2,1,1,0,train,train,0
singleton_2320,singleton,RWF-2000,train/Fight/rwf_train_fight_0751.avi,a0ab89e6afabfb47bd7887b08b2f02495bd2c1fbf9733e2467f71761af5f68e5,1,1,0,train,train,0
singleton_2321,singleton,RWF-2000,train/Fight/rwf_train_fight_0752.avi,ae4ed8c3b707afc88167e0a5236dab5c999b15a3a42e0dee1cdc9353ecc6b1c0,1,1,0,test,test,0
singleton_2322,singleton,RWF-2000,train/Fight/rwf_train_fight_0753.avi,caeef629dc9b4347f153e2d81b4f66bd0c93ba0637fa0635f4ba92d4603342f3,1,1,0,train,train,0
singleton_2323,singleton,RWF-2000,train/Fight/rwf_train_fight_0754.avi,d7128ed1dbc2cb22c7bfb60740d8a967443824412b706c3d57043ad1c1a5397e,1,1,0,test,test,0
singleton_2324,singleton,RWF-2000,train/Fight/rwf_train_fight_0755.avi,9099016e7fa74c3c2640bf711ff4e5590b7858ebc8dea5dd0cdde9e9a0cbd8a8,1,1,0,train,train,0
singleton_2325,singleton,RWF-2000,train/Fight/rwf_train_fight_0756.avi,360e85d556ea0326cd0e47815a7c94ee8bef9f0f4d83e527ab06d28d1afa6d27,1,1,0,train,train,0
singleton_2326,singleton,RWF-2000,train/Fight/rwf_train_fight_0757.avi,473f238439cad560981f4feb57672d988adc3699990ea6d90964d8f154210671,1,1,0,train,train,0
singleton_2327,singleton,RWF-2000,train/Fight/rwf_train_fight_0758.avi,9f5812970057f27d5de49537916e89f9718ccc94d5e4168cbab4cc70e0874c91,1,1,0,train,train,0
cluster_0012,perceptual_near_duplicate,RWF-2000,train/Fight/rwf_train_fight_0759.avi,d7ccc5adf868c6a01dd115c797016f660e66a2ee58b52bdf53fe77afee8faa5d,1,1,0,train,validation,1
cluster_0012,perceptual_near_duplicate,RWF-2000,train/Fight/rwf_train_fight_0760.avi,8817ea8465cc9934ff85098c7a3be250c029c120960f0d6aa788b420baad864f,1,1,0,train,validation,1
singleton_2328,singleton,RWF-2000,train/Fight/rwf_train_fight_0761.avi,5d9d0090d69b5924ee939b23f6efb94497be31927c795c6343928809cfc35c0b,1,1,0,train,train,0
singleton_2329,singleton,RWF-2000,train/Fight/rwf_train_fight_0762.avi,5535bf775046a70ce0b8984c50ae6d010e4be156157e9011c7c6e1d6e98c7f6f,1,1,0,train,train,0
cluster_0136,perceptual_near_duplicate,RWF-2000,train/Fight/rwf_train_fight_0763.avi,d5a67ae596c23fc3a852eed329330244b5289a62e8d5e7a9b7552651b5b5cc63,1,1,0,test,train,1
singleton_2330,singleton,RWF-2000,train/Fight/rwf_train_fight_0764.avi,333d7e71fe4b9571601641e2688310cf80f8060f14856fea8fd847ed4818fa8b,1,1,0,train,train,0
cluster_0012,perceptual_near_duplicate,RWF-2000,train/Fight/rwf_train_fight_0765.avi,653eca47da3c77fe13ebb2ed4ff29ac37f8265163fb6955ad76af41e430431f0,1,1,0,validation,validation,0
cluster_0033,perceptual_near_duplicate,RWF-2000,train/Fight/rwf_train_fight_0766.avi,98cd21c404bf9b75135548a186c592584331e84252391244584d7b8d0b4d669c,1,1,0,test,train,1
cluster_0033,perceptual_near_duplicate,RWF-2000,train/Fight/rwf_train_fight_0767.avi,2cf262039f0a15c4931b3bcab26349223c45424c6168235445893449329f9e86,1,1,0,train,train,0
singleton_2331,singleton,RWF-2000,train/Fight/rwf_train_fight_0768.avi,e417f1f795aa6ae8acfaa408b3d2453ab3179cda5e5d6af2b9ea3a91bc12373a,1,1,0,train,train,0
singleton_2332,singleton,RWF-2000,train/Fight/rwf_train_fight_0769.avi,0408dff984a62a692d27a30d3784be112d8941043d0c8bc1b007f0b824bbb39e,1,1,0,train,train,0
singleton_2333,singleton,RWF-2000,train/Fight/rwf_train_fight_0770.avi,8397605d2e26ed064e2daa89ad083e70e992fcc1d8bb6cdfc0f12e980fa898f1,1,1,0,train,train,0
singleton_2334,singleton,RWF-2000,train/Fight/rwf_train_fight_0771.avi,50b9e555cd6d5d7713a02b6340b2bb5c6297d71455522e53becd055ed1f80689,1,1,0,train,train,0
singleton_2335,singleton,RWF-2000,train/Fight/rwf_train_fight_0772.avi,68f819db955670418472424d8cdaf44b9ccbf0b70029edcdd7d1437367909a67,1,1,0,train,train,0
singleton_2336,singleton,RWF-2000,train/Fight/rwf_train_fight_0773.avi,4796bedbedf42ea2ca0f2fea373964b61548338989e6aa662a1fe49a3f32223f,1,1,0,train,train,0
singleton_2337,singleton,RWF-2000,train/Fight/rwf_train_fight_0774.avi,0e4ed48c5a49a3073e9ca7c470216588180582e8b26be87d678b0df28a64a836,1,1,0,validation,validation,0
singleton_2338,singleton,RWF-2000,train/Fight/rwf_train_fight_0775.avi,7ed4d3353b7c8c77f45473e7245eb1fec504dcb81a8f00df9f9496379b1db6a3,1,1,0,train,train,0
cluster_0099,perceptual_near_duplicate,RWF-2000,train/Fight/rwf_train_fight_0776.avi,6388a960e36080a43e9c2d47cc34de322a3cd5c9f06d4612498afbdb87f1c636,1,1,0,train,train,0
cluster_0099,perceptual_near_duplicate,RWF-2000,train/Fight/rwf_train_fight_0777.avi,3ecbd207343154341d9d963154ef73c025142d648033091053af7354981daa8a,1,1,0,train,train,0
singleton_2339,singleton,RWF-2000,train/Fight/rwf_train_fight_0778.avi,7ac0293950db290553844e9b7b71a6b06e1af49b02a25ddd7ce4b284fe5aa6c2,1,1,0,validation,validation,0
cluster_0099,perceptual_near_duplicate,RWF-2000,train/Fight/rwf_train_fight_0779.avi,506fa25a1303d0ebb44c3bde5d54fff160830b79eb613b4334f44b84780b6a84,1,1,0,validation,train,1
cluster_0068,perceptual_near_duplicate,RWF-2000,train/Fight/rwf_train_fight_0780.avi,2e7ef62526cae5b739a9cefbc0117bb777250853ea89ce95ad0b96c66c00e279,1,1,0,train,train,0
cluster_0068,perceptual_near_duplicate,RWF-2000,train/Fight/rwf_train_fight_0781.avi,1943000f023d4bee71b28a66661b6053938e7beea3b9fedcd5a0d95626657e09,1,1,0,train,train,0
cluster_0068,perceptual_near_duplicate,RWF-2000,train/Fight/rwf_train_fight_0782.avi,f5d5c086b04d0ed9736935bed34ce2dcb3178a00f83d1ccc068217c2eab6916c,1,1,0,train,train,0
cluster_0068,perceptual_near_duplicate,RWF-2000,train/Fight/rwf_train_fight_0783.avi,93e39a9db0da74f4d19ce8ec12fcaf83bec3a0915bc58759a38a9a41abdced9d,1,1,0,validation,train,1
singleton_2340,singleton,RWF-2000,train/Fight/rwf_train_fight_0784.avi,c7f55a4c1813cf8047b6505ad1b02b9b4c61a2b1ab62028d8e2fdf049f32eac2,1,1,0,train,train,0
singleton_2341,singleton,RWF-2000,train/Fight/rwf_train_fight_0785.avi,ed2d76c6cac9133e3efe0f025324b5342ca7a5be21bfb3812c48326a052ec363,1,1,0,test,test,0
singleton_2342,singleton,RWF-2000,train/Fight/rwf_train_fight_0786.avi,d114671bdd4228e1b6ebec09387a659368d62e1f5b247de631792c422791819b,1,1,0,train,train,0
singleton_2343,singleton,RWF-2000,train/Fight/rwf_train_fight_0787.avi,ad91daa74474e26d68e8be1fa8d3b1c4e430f46ee50e82581e806484944f9d73,1,1,0,train,train,0
singleton_2344,singleton,RWF-2000,train/Fight/rwf_train_fight_0788.avi,e98245403bfba0a58bc48d7ea865dea0ed175cf416d3b404d999c73d782da403,1,1,0,train,train,0
singleton_2345,singleton,RWF-2000,train/Fight/rwf_train_fight_0789.avi,c183e1800cdea8e79c18add7bdfb729c3f5a0941e0272a7735417ac39fff319f,1,1,0,train,train,0
singleton_2346,singleton,RWF-2000,train/Fight/rwf_train_fight_0790.avi,5561ba5284a1049ef6c937e9e2aea621936605c9028f059d7da875e989784124,1,1,0,train,train,0
singleton_2347,singleton,RWF-2000,train/NonFight/rwf_train_nonfight_0001.avi,17bdf70befa22f5b7473d278823f3fbb81af263521d2591ef910ca5623800ea5,0,0,0,train,train,0
singleton_2348,singleton,RWF-2000,train/NonFight/rwf_train_nonfight_0002.avi,c6fa0c02f17995af3bac486e066fce3b76be07d488efdd95f56630cd982d5f1c,0,0,0,train,train,0
singleton_2349,singleton,RWF-2000,train/NonFight/rwf_train_nonfight_0003.avi,7ed926acd055fc32f6dda018bd13f230be48c06295524c38edcd674b1f15bbac,0,0,0,validation,validation,0
singleton_2350,singleton,RWF-2000,train/NonFight/rwf_train_nonfight_0004.avi,324949a0315a9b7273cc244d2d4a86ee9583b0e787751382e8950c6c2a0d5205,0,0,0,train,train,0
singleton_2351,singleton,RWF-2000,train/NonFight/rwf_train_nonfight_0005.avi,9622f38a724d52558e9ad89ebe085f58073512e3d7b72b29030d645bae52799a,0,0,0,validation,validation,0
singleton_2352,singleton,RWF-2000,train/NonFight/rwf_train_nonfight_0006.avi,80524c68e0c16f8250787413f88156c2553d825beecf6ab311f3d08c97632d09,0,0,0,train,train,0
singleton_2353,singleton,RWF-2000,train/NonFight/rwf_train_nonfight_0007.avi,8f5a4a029beba8056835847cbc7ff3b0b15a36d27c4f08abf601e9d4da905ffe,0,0,0,train,train,0
singleton_2354,singleton,RWF-2000,train/NonFight/rwf_train_nonfight_0008.avi,e1b4a03fe5dfbec73a9d3b078d511daf0afdb5fa2a347b55094dd9ed2452b1f4,0,0,0,validation,validation,0
singleton_2355,singleton,RWF-2000,train/NonFight/rwf_train_nonfight_0009.avi,5536b02e6fee62845a9ed9499d4c81e491e9d887871ccc0ff5007489543f65e9,0,0,0,train,train,0
singleton_2356,singleton,RWF-2000,train/NonFight/rwf_train_nonfight_0010.avi,28cc390b60b3530f55d3115b9cc283ab31704511ff254007ccdce5952ca41fee,0,0,0,train,train,0
singleton_2357,singleton,RWF-2000,train/NonFight/rwf_train_nonfight_0011.avi,22146e26fd98472b207be4df01d60546a7e9629f6d924b80fb0bd5f0d8aab462,0,0,0,train,train,0
singleton_2358,singleton,RWF-2000,train/NonFight/rwf_train_nonfight_0012.avi,70cf8bed6182a7ecf46eadaa20aadc4230ca023dd189d18a6e3547de394ef20a,0,0,0,validation,validation,0
cluster_0056,perceptual_near_duplicate,RWF-2000,train/NonFight/rwf_train_nonfight_0013.avi,437dd8aa91cd985648a29aa0ff39d38ba17d2f4260bb73cb4f1acf219aee0182,0,0,0,test,train,1
cluster_0056,perceptual_near_duplicate,RWF-2000,train/NonFight/rwf_train_nonfight_0014.avi,365f582b53e4e10bddd3d1010840eac1add46c7a25a20c8e4d610c7844b35ef6,0,0,0,train,train,0
cluster_0056,perceptual_near_duplicate,RWF-2000,train/NonFight/rwf_train_nonfight_0015.avi,7cfd8b8fd08e790286fd227250a83c7e95b4294dcf0419b97efbd8b306bc73b9,0,0,0,train,train,0
singleton_2359,singleton,RWF-2000,train/NonFight/rwf_train_nonfight_0016.avi,398dd16622f34ef316f2faebeb99184803ffbdd6d0c52b11b15fd62b5be58750,0,0,0,train,train,0
singleton_2360,singleton,RWF-2000,train/NonFight/rwf_train_nonfight_0017.avi,64ef7be1675edb1ef2289a26df85f588c8ea30221019ced60cee8591018e5f4c,0,0,0,train,train,0
singleton_2361,singleton,RWF-2000,train/NonFight/rwf_train_nonfight_0018.avi,e4f95409c968868075aaeade4ff50d07d31734093b5ff7a08b1df39cd94e4aa6,0,0,0,train,train,0
singleton_2362,singleton,RWF-2000,train/NonFight/rwf_train_nonfight_0019.avi,f1e5f68ab1b331d89131309f0c37f5aec9034c613da1c1e9c2fcfc2e6517570a,0,0,0,train,train,0
singleton_2363,singleton,RWF-2000,train/NonFight/rwf_train_nonfight_0020.avi,27417278a21d4d5efaecd9b393a8a03d111e2ad58d88569fa4ec3db4054d2c49,0,0,0,train,train,0
singleton_2364,singleton,RWF-2000,train/NonFight/rwf_train_nonfight_0021.avi,1abf42c6b01400cb83e4462ffb41b4a9bceae15e6521bfc15bcb8978a270fba0,0,0,0,train,train,0
singleton_2365,singleton,RWF-2000,train/NonFight/rwf_train_nonfight_0022.avi,ffd37e2a525f4367142974f2e89455d3c06d2f6c1cdd0d58cb06ae197eb856e8,0,0,0,train,train,0
singleton_2366,singleton,RWF-2000,train/NonFight/rwf_train_nonfight_0023.avi,f0fe1e265123e78840d41214db54102c42b4a021208c0d05deaac6976a22137c,0,0,0,train,train,0
singleton_2367,singleton,RWF-2000,train/NonFight/rwf_train_nonfight_0024.avi,714dcad4dde1d0c81d55a45d2de5e65413d4803dec121f77d53254df33387703,0,0,0,validation,validation,0
singleton_2368,singleton,RWF-2000,train/NonFight/rwf_train_nonfight_0025.avi,179f558e490be0ea7748dc4b35bf23955fe7e9f4984f892c0d03eb523bb66932,0,0,0,train,train,0
singleton_2369,singleton,RWF-2000,train/NonFight/rwf_train_nonfight_0026.avi,fbd937717b9d38a9eb078d188f83a064f123d169a0ab7a9e8f80a328ed41944a,0,0,0,train,train,0
singleton_2370,singleton,RWF-2000,train/NonFight/rwf_train_nonfight_0027.avi,1dc8884562b9ff2330cc1c09f4004af4756a6551bab617956c49df44c2ee6164,0,0,0,train,train,0
singleton_2371,singleton,RWF-2000,train/NonFight/rwf_train_nonfight_0028.avi,6348750aec5f878778661bf957eb94ee0b89d5bdef7cf0570e2f8e1d5a17fa1b,0,0,0,train,train,0
singleton_2372,singleton,RWF-2000,train/NonFight/rwf_train_nonfight_0029.avi,728c1ef4ab212734608c5bd87750d84a2a14b40b5dbf48eb98633b9f2a53d711,0,0,0,train,train,0
singleton_2373,singleton,RWF-2000,train/NonFight/rwf_train_nonfight_0030.avi,815329480aabed9119819155417d2a9f25cfeabef417dc93e8e53c440ada76d6,0,0,0,train,train,0
singleton_2374,singleton,RWF-2000,train/NonFight/rwf_train_nonfight_0031.avi,80bba253fed175ebc6e7e6a0b175c77d264c3dc995f23f92db7ec8498d666466,0,0,0,validation,validation,0
singleton_2375,singleton,RWF-2000,train/NonFight/rwf_train_nonfight_0032.avi,e88637e201bbe0d6b1f5f84069ee6459b3a4346670813d6f9c628089d1f958f5,0,0,0,test,test,0
singleton_2376,singleton,RWF-2000,train/NonFight/rwf_train_nonfight_0033.avi,313b9aaade547ea0114c9eddfd3165035eb0d489e65ad482cc122fa8fac2d6fb,0,0,0,validation,validation,0
singleton_2377,singleton,RWF-2000,train/NonFight/rwf_train_nonfight_0034.avi,c0c36d2766f29caaed00516d6ce47781038348b158ee4177c9312dd7d4ecb50a,0,0,0,train,train,0
singleton_2378,singleton,RWF-2000,train/NonFight/rwf_train_nonfight_0035.avi,26aeb1a0253bbbea497d0d51c9cf916749be6a38940e05b932f5a9fd1a536178,0,0,0,train,train,0
singleton_2379,singleton,RWF-2000,train/NonFight/rwf_train_nonfight_0036.avi,1574bab5b46df610f49904aac9d31cddc4685c9ec1229f5e8e0f4a95863533a5,0,0,0,train,train,0
cluster_0048,perceptual_near_duplicate,RWF-2000,train/NonFight/rwf_train_nonfight_0037.avi,84922de254bc2b13cb43b28d34bfbcf4371d7138700beb86f6e99625c7c05437,0,0,0,train,train,0
cluster_0048,perceptual_near_duplicate,RWF-2000,train/NonFight/rwf_train_nonfight_0038.avi,be8ac08bebc891fc7d177b803d78b9931d659c655fb9fe0f8a7c4f0084db8249,0,0,0,train,train,0
cluster_0048,perceptual_near_duplicate,RWF-2000,train/NonFight/rwf_train_nonfight_0039.avi,a9946ff72edc1f414b8aab6775d494bdd397b2102accd31410d6ae8176213dc2,0,0,0,validation,train,1
singleton_2380,singleton,RWF-2000,train/NonFight/rwf_train_nonfight_0040.avi,6560fa492278e9abdcc224f0ab68f58dddacdadab6e5ff29eec2d067f532f45b,0,0,0,train,train,0
cluster_0080,perceptual_near_duplicate,RWF-2000,train/NonFight/rwf_train_nonfight_0041.avi,8775cf7ad332f67fe117fbf7f45bd2a23ef1befe8b8bcba31a13826c4ce7a092,0,0,0,test,validation,1
cluster_0080,perceptual_near_duplicate,RWF-2000,train/NonFight/rwf_train_nonfight_0042.avi,207172b71f72092cad2217a71ebc79bd6ab08fa9f079442e5b8a31c139261f4f,0,0,0,validation,validation,0
cluster_0080,perceptual_near_duplicate,RWF-2000,train/NonFight/rwf_train_nonfight_0043.avi,f1cc0b2a10661de91bfd4827c3667892f29a3f74f1e4b1f5f882cd0e85e72380,0,0,0,train,validation,1
singleton_2381,singleton,RWF-2000,train/NonFight/rwf_train_nonfight_0044.avi,972798f66ae9bd1dc84dda46b03c8add80dd0f0c3858643ce539ba91783a8001,0,0,0,train,train,0
singleton_2382,singleton,RWF-2000,train/NonFight/rwf_train_nonfight_0045.avi,fd7b4df8300fae3bcad88a9a46da58fc004b6f97b9ec9fd185b80f7576033e80,0,0,0,test,test,0
singleton_2383,singleton,RWF-2000,train/NonFight/rwf_train_nonfight_0046.avi,143d75cd6f6f459b0caaf08ad29837a4db7b6e32ae67a75b808ef2f65ae5c968,0,0,0,train,train,0
singleton_2384,singleton,RWF-2000,train/NonFight/rwf_train_nonfight_0047.avi,581eb38414c7c8154abdcfa737c7ec8c6a3f8befdf38722ac299ad5c86d30c2a,0,0,0,test,test,0
singleton_2385,singleton,RWF-2000,train/NonFight/rwf_train_nonfight_0048.avi,a53cd1baa7ccbdb5a22cce3373f87cdaf8aac11bc05d3cd67c658c0179b4cdd8,0,0,0,train,train,0
singleton_2386,singleton,RWF-2000,train/NonFight/rwf_train_nonfight_0049.avi,62fdf8079a44e4cb336917f7c93a9f91b6770154a5e41665178f8d94a2a438e2,0,0,0,train,train,0
singleton_2387,singleton,RWF-2000,train/NonFight/rwf_train_nonfight_0050.avi,20f53bd73fe55cb1f94722e261b671d18ee523f9869a666f9a983dc72a414730,0,0,0,test,test,0
singleton_2388,singleton,RWF-2000,train/NonFight/rwf_train_nonfight_0051.avi,a56a6522fd993895fd3b37782ec456446cb01699358ad686c3fd746c8ff32556,0,0,0,train,train,0
singleton_2389,singleton,RWF-2000,train/NonFight/rwf_train_nonfight_0052.avi,9930da982da615b128383c209ee1dc4b2dbce19192730d0fa4fc82502afb178f,0,0,0,train,train,0
singleton_2390,singleton,RWF-2000,train/NonFight/rwf_train_nonfight_0053.avi,1d43fa3270c430b41bab2c29b3f64c9fb282be6ba90ed8522022ea32556b2d6c,0,0,0,train,train,0
singleton_2391,singleton,RWF-2000,train/NonFight/rwf_train_nonfight_0054.avi,0d416232a517aad6f2c00869d7e2c14cb87cd061f77e172b80ffcfc366228435,0,0,0,train,train,0
singleton_2392,singleton,RWF-2000,train/NonFight/rwf_train_nonfight_0055.avi,ce3d526d4d708eeab6eaa1bc0f5156d86e3541fc55ca1460c8ecbc6bb2efaae4,0,0,0,train,train,0
singleton_2393,singleton,RWF-2000,train/NonFight/rwf_train_nonfight_0056.avi,4d9f04e4a06827fd8c019c872c976b87597d57adc7c901094d8d69d2d3245d13,0,0,0,validation,validation,0
cluster_0014,perceptual_near_duplicate,RWF-2000,train/NonFight/rwf_train_nonfight_0057.avi,7c34270f8bcf64ecb444513cac792f261f6c0be1c06bc252bf6e579c2ea1047c,0,0,0,test,test,0
singleton_2394,singleton,RWF-2000,train/NonFight/rwf_train_nonfight_0058.avi,c28d69c6145d6f49b6e5c16cf48788bb11c0ffe3d9957669afbda8b1711ef53c,0,0,0,train,train,0
singleton_2395,singleton,RWF-2000,train/NonFight/rwf_train_nonfight_0059.avi,5e5dce70c25288a95c810eaec6f487d469945fada8d89ebc4e32b4c6c2c322e9,0,0,0,train,train,0
singleton_2396,singleton,RWF-2000,train/NonFight/rwf_train_nonfight_0060.avi,86dea2db4fa8a244f7bf6f742f4d5d3abdc04851e01037c92c20acacd5625df1,0,0,0,train,train,0
singleton_2397,singleton,RWF-2000,train/NonFight/rwf_train_nonfight_0061.avi,e50cc66baf1d1c2c970d5ac710c1eca7aeb4a1d33ae512438bdc9b3ed59c0968,0,0,0,train,train,0
cluster_0179,perceptual_near_duplicate,RWF-2000,train/NonFight/rwf_train_nonfight_0062.avi,257daad5eebfcce6fa14e55af2ae3cea6f1a85b6e7e2d7683dac7e2aaeca4bf5,0,0,0,validation,validation,0
singleton_2398,singleton,RWF-2000,train/NonFight/rwf_train_nonfight_0063.avi,e9446339ea584ebfdeca5a5acafc30a66c847a6aab068132d7a8cc77c2db8948,0,0,0,train,train,0
cluster_0179,perceptual_near_duplicate,RWF-2000,train/NonFight/rwf_train_nonfight_0064.avi,7ea6531885d9bad1caa1d8dc8980fe2d6d77bb3715137da9640152d7e5fc1381,0,0,0,train,validation,1
singleton_2399,singleton,RWF-2000,train/NonFight/rwf_train_nonfight_0065.avi,332b3a1aa25119ef0f605d75530ccaa000938934b2b6980a6171daec6615cc83,0,0,0,train,train,0
singleton_2400,singleton,RWF-2000,train/NonFight/rwf_train_nonfight_0066.avi,15c8e021c77f0f97bb388b9d849eed2783c2a5cd17e9824b918bc1aa578e73c2,0,0,0,train,train,0
cluster_0171,perceptual_near_duplicate,RWF-2000,train/NonFight/rwf_train_nonfight_0067.avi,0d7ae34e777fc8d7e33a28c611d17edad5c9e03ac8ea5201908a67e513e58c69,0,0,0,validation,validation,0
singleton_2401,singleton,RWF-2000,train/NonFight/rwf_train_nonfight_0068.avi,e4d58eb684adbe2d7e6aea3b0fbc86ccceee791e51d880d81bfd70633c87c5e0,0,0,0,test,test,0
singleton_2402,singleton,RWF-2000,train/NonFight/rwf_train_nonfight_0069.avi,4ba1056a76d3e478610e1d87ae1ec619aae8bc5d76c9247e240699aeb22a490a,0,0,0,train,train,0
singleton_2403,singleton,RWF-2000,train/NonFight/rwf_train_nonfight_0070.avi,3c9a907bd4c19cf3be77594d2e0e3cfd5ba5e3aefc52e95d429bf904bb7503a3,0,0,0,train,train,0
singleton_2404,singleton,RWF-2000,train/NonFight/rwf_train_nonfight_0071.avi,961e50c0e08d60751610037727aa09fa4258c2f2be30c6e98644e2b2678db001,0,0,0,train,train,0
singleton_2405,singleton,RWF-2000,train/NonFight/rwf_train_nonfight_0072.avi,4a2001a9e61c5799492fdd96123a8b971b024cc38c0af55644ed2e583fff4508,0,0,0,train,train,0
singleton_2406,singleton,RWF-2000,train/NonFight/rwf_train_nonfight_0073.avi,c986fb14e1a11b79dbb1f1ab158f37ab99714172c90d21f5de1dd090b6985509,0,0,0,train,train,0
singleton_2407,singleton,RWF-2000,train/NonFight/rwf_train_nonfight_0074.avi,e40c515d84995913bb5271536a58f35d2c6ce8e9fae73b495e0ea2caaa35e269,0,0,0,train,train,0
singleton_2408,singleton,RWF-2000,train/NonFight/rwf_train_nonfight_0075.avi,da2557cf1f6d9762c1dca2c17526ff5cccb1f340a426de26f83d24fb16782d3a,0,0,0,train,train,0
singleton_2409,singleton,RWF-2000,train/NonFight/rwf_train_nonfight_0076.avi,f84c418d077fe30c07a5ed78fd6306489b2b08f59f16274fe3465621673c3f0e,0,0,0,train,train,0
singleton_2410,singleton,RWF-2000,train/NonFight/rwf_train_nonfight_0077.avi,805975e2d5dde2099fe820f4193982e76680549e54a74db323fef0c7b2186614,0,0,0,train,train,0
singleton_2411,singleton,RWF-2000,train/NonFight/rwf_train_nonfight_0078.avi,9f0c567764c4373cb1511ddda44af91fdc01a7a2ca0023446258080fb6fa3c88,0,0,0,train,train,0
singleton_2412,singleton,RWF-2000,train/NonFight/rwf_train_nonfight_0079.avi,8f29245d11a35520dde159296b986f9dbe2bac6e9ff9e2fb5ff52f8460154a44,0,0,0,train,train,0
singleton_2413,singleton,RWF-2000,train/NonFight/rwf_train_nonfight_0080.avi,81a4e311f9819e598473e49ed9201b41cd36b1e5cfbfdcb6ee611084bb1a721d,0,0,0,train,train,0
singleton_2414,singleton,RWF-2000,train/NonFight/rwf_train_nonfight_0081.avi,b22a5b1117085790f0b8b53564a0b25cdb854699eecf6e404e3b258549be3517,0,0,0,train,train,0
singleton_2415,singleton,RWF-2000,train/NonFight/rwf_train_nonfight_0082.avi,4b207b2d6eca1c87309f2841aebb197909f4c80714834af7853476669277454e,0,0,0,train,train,0
singleton_2416,singleton,RWF-2000,train/NonFight/rwf_train_nonfight_0083.avi,1ddc2fd94840db08b6b9728004d7b415f849277a598de6b9e8a8affadfd037c7,0,0,0,train,train,0
singleton_2417,singleton,RWF-2000,train/NonFight/rwf_train_nonfight_0084.avi,d7432429c3f8869eaa400aa65273364c615e158db4effd1cf2e6d5b4b3243b36,0,0,0,train,train,0
cluster_0006,perceptual_near_duplicate,RWF-2000,train/NonFight/rwf_train_nonfight_0085.avi,a2b89af9d0db12cde7f93b761bf5f9d92accb5b5d10e8b3a75155dc7c137530b,0,0,0,train,train,0
cluster_0006,perceptual_near_duplicate,RWF-2000,train/NonFight/rwf_train_nonfight_0086.avi,6908bf3882b2997e5e8ebb73b2d178c4a6020d1878b538a310752aafeec0a739,0,0,0,train,train,0
cluster_0137,perceptual_near_duplicate,RWF-2000,train/NonFight/rwf_train_nonfight_0087.avi,cbbcef2c7f5bedf89ff20f0ede124c252339b671f18ee16de6e79547d8b84563,0,0,0,test,test,0
cluster_0137,perceptual_near_duplicate,RWF-2000,train/NonFight/rwf_train_nonfight_0088.avi,975c4944e292a72fdb93df9f262c987695025e87cdfe71a45a1a199c37235ad1,0,0,0,train,test,1
singleton_2418,singleton,RWF-2000,train/NonFight/rwf_train_nonfight_0089.avi,79601ccf234182d769a384c83e5f93e3566f42f21a73ac59a2a064c7b6f46ab5,0,0,0,train,train,0
singleton_2419,singleton,RWF-2000,train/NonFight/rwf_train_nonfight_0090.avi,c56cbdc5e472d8827d9eae2587ca310a390f455b4a386218095f2d16019bc260,0,0,0,validation,validation,0
singleton_2420,singleton,RWF-2000,train/NonFight/rwf_train_nonfight_0091.avi,117c91efcf7829bb5187e852447eb3de8c4a8c6c6d2e5e9cf79a67f6f22163d6,0,0,0,train,train,0
singleton_2421,singleton,RWF-2000,train/NonFight/rwf_train_nonfight_0092.avi,9f31a18db459716a3473ff2cc1fec38a199428164d1b7d2b64044a2ce5958a6b,0,0,0,train,train,0
singleton_2422,singleton,RWF-2000,train/NonFight/rwf_train_nonfight_0093.avi,6f7b7a8c7e6f66357fd1af0ac8ef29fc9f734fc195c6fef30a47cf5ffa8753b0,0,0,0,train,train,0
singleton_2423,singleton,RWF-2000,train/NonFight/rwf_train_nonfight_0094.avi,11efa6b8ec98a9e585e8249ef58c365f1006ea1d3830a7c90d056df1e31518aa,0,0,0,train,train,0
singleton_2424,singleton,RWF-2000,train/NonFight/rwf_train_nonfight_0095.avi,8d505920a1e2bb370f5924a9ba39a676e22e929e102eb26c28863d2d2dae61e1,0,0,0,test,test,0
singleton_2425,singleton,RWF-2000,train/NonFight/rwf_train_nonfight_0096.avi,e841c3c8b4c1b8fe9016ffb860f5cf90528010fac1252c313f9b6fcaee6814ca,0,0,0,train,train,0
singleton_2426,singleton,RWF-2000,train/NonFight/rwf_train_nonfight_0097.avi,4eae5efbde2eec452363d3afa32c9833041c8388fb5a79b98fa10410bfef3487,0,0,0,train,train,0
singleton_2427,singleton,RWF-2000,train/NonFight/rwf_train_nonfight_0098.avi,3664a49329cc10321ab3eff8d0b45fc2886739d65b68e763faa324f0a276cab2,0,0,0,train,train,0
cluster_0123,perceptual_near_duplicate,RWF-2000,train/NonFight/rwf_train_nonfight_0099.avi,1db58d1470a11eab629eeee778e0d7b15d8bdb9d39806e8f0bf0de9e663bc8c6,0,0,0,train,test,1
singleton_2428,singleton,RWF-2000,train/NonFight/rwf_train_nonfight_0100.avi,eb6a9aae318120309f8548fbcffb7fad1ff0654824b5468b6dae936c034537a3,0,0,0,train,train,0
singleton_2429,singleton,RWF-2000,train/NonFight/rwf_train_nonfight_0101.avi,a6d1df3102153fda335de00d301bfdfff11d5da33c9ed05d65ca7d7d9f35ea41,0,0,0,test,test,0
singleton_2430,singleton,RWF-2000,train/NonFight/rwf_train_nonfight_0102.avi,795dca5e53b4d41ea24b4da80a1859c258652d7a43b87c857e0eb3a89309ca20,0,0,0,train,train,0
singleton_2431,singleton,RWF-2000,train/NonFight/rwf_train_nonfight_0103.avi,7bd27c4da3b9e8bdb08a23627eae4c9e7f0a0e410e69f88a475b5dec41994cdc,0,0,0,train,train,0
singleton_2432,singleton,RWF-2000,train/NonFight/rwf_train_nonfight_0104.avi,6f716bb15f61fd809453a4336bec1571498a94eda85b9b02e9c708e623f72cc3,0,0,0,train,train,0
singleton_2433,singleton,RWF-2000,train/NonFight/rwf_train_nonfight_0105.avi,55819ba5e008c911d728c9ae6ff24941dec2646f8e13578d2914055152aa24ea,0,0,0,test,test,0
singleton_2434,singleton,RWF-2000,train/NonFight/rwf_train_nonfight_0106.avi,ce5fbab239f4646d2df3ed6527b92d1daf521ed48e20c49c97ea13b323172cb4,0,0,0,train,train,0
singleton_2435,singleton,RWF-2000,train/NonFight/rwf_train_nonfight_0107.avi,9506cf71ec4b9f49ce8b7f8b0609dd87089e4d269af956c7f0fd3827878f9878,0,0,0,train,train,0
singleton_2436,singleton,RWF-2000,train/NonFight/rwf_train_nonfight_0108.avi,becfae0084ab47aff88e459338ce4bb475011f2eb7f00a5ecaeca970fea2c9dd,0,0,0,train,train,0
singleton_2437,singleton,RWF-2000,train/NonFight/rwf_train_nonfight_0109.avi,cd8646f797a8cbbff117a08cd0bf5c01432768f591b702293005093195cf4be4,0,0,0,validation,validation,0
singleton_2438,singleton,RWF-2000,train/NonFight/rwf_train_nonfight_0110.avi,9d4471772bdeffa2e9b1f6092f76a8c0c6ba7ed045092c136d339271fb834b76,0,0,0,train,train,0
cluster_0093,perceptual_near_duplicate,RWF-2000,train/NonFight/rwf_train_nonfight_0111.avi,24b25071a2343d5f8c696b95259fc5d72283b8a2a50ea84d1dbba6aed9da6cbb,0,0,0,validation,train,1
cluster_0093,perceptual_near_duplicate,RWF-2000,train/NonFight/rwf_train_nonfight_0112.avi,9ebad857006a01d786633893d4b98da765844d4c62c52f7cfeb85217a4d3cab2,0,0,0,train,train,0
singleton_2439,singleton,RWF-2000,train/NonFight/rwf_train_nonfight_0113.avi,753ab1e952a52f4b1cf6a2281a4025504c264bd843708629d2e8d44504f8f622,0,0,0,train,train,0
singleton_2440,singleton,RWF-2000,train/NonFight/rwf_train_nonfight_0114.avi,68d016dd8c1936672503b2dc1b642795809056a3c35aadcb62853742f9f030c2,0,0,0,train,train,0
singleton_2441,singleton,RWF-2000,train/NonFight/rwf_train_nonfight_0115.avi,bf4804b676077ba055bdbf97cfeef16a46e0eb1603570bfb17b34b9b25f1c2c8,0,0,0,validation,validation,0
singleton_2442,singleton,RWF-2000,train/NonFight/rwf_train_nonfight_0116.avi,3e644fc38b215b1fa7de6a91f53b767fd1ec538c653cae815a8d9adf5b2800be,0,0,0,train,train,0
singleton_2443,singleton,RWF-2000,train/NonFight/rwf_train_nonfight_0117.avi,3e929975de15f8ff61223d29b747731439bfb26ff932f5f0d9babb2c3bf88579,0,0,0,train,train,0
singleton_2444,singleton,RWF-2000,train/NonFight/rwf_train_nonfight_0118.avi,f8c50a7167255dd2f1ffed185b3756a37cbefbcb2dc02c5fd0346a8a503b3d5a,0,0,0,train,train,0
singleton_2445,singleton,RWF-2000,train/NonFight/rwf_train_nonfight_0119.avi,7fb1cd6e8265a3371a5447b96c3101b8a212cb2266a4ae4df7ce37e8a5e40130,0,0,0,train,train,0
singleton_2446,singleton,RWF-2000,train/NonFight/rwf_train_nonfight_0120.avi,55d7b949cfde9d32ebeb8d9f021ef158f4492286e3686f8ccdfbf7f03f156385,0,0,0,train,train,0
cluster_0049,perceptual_near_duplicate,RWF-2000,train/NonFight/rwf_train_nonfight_0121.avi,3918342d6cb32b058161cb9dd4cf8f9a198ac95c2e2fb453bca833a8e56f41fe,0,0,0,train,train,0
singleton_2447,singleton,RWF-2000,train/NonFight/rwf_train_nonfight_0122.avi,ae1d205f78631d7ba92a05b129316d3788f1dd264734fa6ae5d58dca506af321,0,0,0,train,train,0
cluster_0026,perceptual_near_duplicate,RWF-2000,train/NonFight/rwf_train_nonfight_0123.avi,b32c5d5cf5d80a4b8a8d874126de5ac332f713c45756e51c75ad0d44b2384ada,0,0,0,test,test,0
cluster_0026,perceptual_near_duplicate,RWF-2000,train/NonFight/rwf_train_nonfight_0124.avi,5544093edae505aa4513fd89b019819642c11ac8f3e23d4834161a08e62448e2,0,0,0,train,test,1
cluster_0026,perceptual_near_duplicate,RWF-2000,train/NonFight/rwf_train_nonfight_0125.avi,354086a127fb51bfc11a3f38e89919705c549f43b6ed3afd9ba71a244512f8f2,0,0,0,test,test,0
singleton_2448,singleton,RWF-2000,train/NonFight/rwf_train_nonfight_0126.avi,33e32e8d5c0b7ff6ae2bb7177b68f3a88921dd44e2bd194e33a4faf81d786da9,0,0,0,train,train,0
singleton_2449,singleton,RWF-2000,train/NonFight/rwf_train_nonfight_0127.avi,7b9da0a1b8b2ca6b874904fb173864af14bf9cbf8e8676f8332fd54cd14efce3,0,0,0,train,train,0
singleton_2450,singleton,RWF-2000,train/NonFight/rwf_train_nonfight_0128.avi,9e91809cabf6d1ed380c965a342b004480d733537f4eb4fc4ef7c9b6c11bea5b,0,0,0,train,train,0
singleton_2451,singleton,RWF-2000,train/NonFight/rwf_train_nonfight_0129.avi,7916bc9ade1141f1a52eafad8a138c1e026061fd252eb232db248b255f590981,0,0,0,train,train,0
singleton_2452,singleton,RWF-2000,train/NonFight/rwf_train_nonfight_0130.avi,680a31120c89aaf4bd9c35d1f5f1334569fbf0e61509f30df219e91f6d46cbdd,0,0,0,train,train,0
cluster_0100,perceptual_near_duplicate,RWF-2000,train/NonFight/rwf_train_nonfight_0131.avi,378383e2a3c7c5406fd2e20bf73a951c34dabd870ed55475d62e8694ba222ea0,0,0,0,train,train,0
cluster_0100,perceptual_near_duplicate,RWF-2000,train/NonFight/rwf_train_nonfight_0132.avi,945c82fa00fa5b3a73a6c9b41af814a6fd07745a4dfd5560d841d49c365dc13d,0,0,0,train,train,0
cluster_0100,perceptual_near_duplicate,RWF-2000,train/NonFight/rwf_train_nonfight_0133.avi,37a1344db9f15b99c36f75292eb8b03b12d91b4d84596e1c05dfc043987388e9,0,0,0,validation,train,1
singleton_2453,singleton,RWF-2000,train/NonFight/rwf_train_nonfight_0134.avi,677984c5a7bc85d61007e8142b863d96dcbef23d7c216b440e9a7c5e0e708d31,0,0,0,train,train,0
singleton_2454,singleton,RWF-2000,train/NonFight/rwf_train_nonfight_0135.avi,2199a47a6f0ebcd9e9c50f342713e61d7a062373ebec8018427c9cb5cc0a62f4,0,0,0,train,train,0
singleton_2455,singleton,RWF-2000,train/NonFight/rwf_train_nonfight_0136.avi,60a32611bb2f643814364f5e0b268a001164a096bfb48d69af055e05240867bf,0,0,0,train,train,0
singleton_2456,singleton,RWF-2000,train/NonFight/rwf_train_nonfight_0137.avi,cfb5eea4e41e7422617b02a1e0f537af05a469ec7f301375741d22a2a5c9af4a,0,0,0,train,train,0
singleton_2457,singleton,RWF-2000,train/NonFight/rwf_train_nonfight_0138.avi,ddea0a92b16082039e5f0b6ccb69cb01ae673b61829c7fc5070b2f9b5db24349,0,0,0,test,test,0
singleton_2458,singleton,RWF-2000,train/NonFight/rwf_train_nonfight_0139.avi,75377dbf7e8ab83bf0d5c7368dda5e1531e7b8b900eed00eb5705686e06542f3,0,0,0,train,train,0
singleton_2459,singleton,RWF-2000,train/NonFight/rwf_train_nonfight_0140.avi,6c07a59363adf095dc447f321f5faffc9ecc399ff1301c474806ab2b328c5f50,0,0,0,validation,validation,0
singleton_2460,singleton,RWF-2000,train/NonFight/rwf_train_nonfight_0141.avi,10978d4749c7585b37a62b0fd1adfe23a11a34cd60fc3f04101bfcbcb27a788c,0,0,0,validation,validation,0
singleton_2461,singleton,RWF-2000,train/NonFight/rwf_train_nonfight_0142.avi,4627a1a94f8f58a78a9bbfa3eb8ea7e91d8908322e2207d7d6aac363178d33f3,0,0,0,train,train,0
singleton_2462,singleton,RWF-2000,train/NonFight/rwf_train_nonfight_0143.avi,bf4e04d88c64032735574a498a9561f0568049036cb949177629248628373483,0,0,0,train,train,0
cluster_0074,perceptual_near_duplicate,RWF-2000,train/NonFight/rwf_train_nonfight_0144.avi,0dab4697d3335adf60fe999cf64fe61ff0f7a9fcc1a875f7d62bebfd79600dee,0,0,0,test,test,0
singleton_2463,singleton,RWF-2000,train/NonFight/rwf_train_nonfight_0145.avi,a35f4cf00b7a1569b1c66a41838a4091afd81c5502f24faccfe4d3aad70f12b2,0,0,0,train,train,0
cluster_0180,perceptual_near_duplicate,RWF-2000,train/NonFight/rwf_train_nonfight_0146.avi,6748043ab182a79f1effa9308dca448bfd0f629c725e73c8f7ec50d5e7d61ccc,0,0,0,validation,validation,0
cluster_0180,perceptual_near_duplicate,RWF-2000,train/NonFight/rwf_train_nonfight_0147.avi,0d43bc5030c37a4c1814cb4d014994f2c5c200ca9c79c1d71c420cf229e76ba2,0,0,0,train,validation,1
cluster_0181,perceptual_near_duplicate,RWF-2000,train/NonFight/rwf_train_nonfight_0148.avi,b9d6d4e7a2fb5e2ad5541d8af8369a5aef143daa1408c60c1a58a4ea2e57657c,0,0,0,validation,validation,0
cluster_0181,perceptual_near_duplicate,RWF-2000,train/NonFight/rwf_train_nonfight_0149.avi,0386c19a06c0ce736200e98df958a5bac767c33b1f37fc3a8e8ccefa5d12acd5,0,0,0,train,validation,1
cluster_0138,perceptual_near_duplicate,RWF-2000,train/NonFight/rwf_train_nonfight_0150.avi,2887d0e140b3bc6622954f0e7bef7eb66103c55b08a998af2c2a3693231b1ea9,0,0,0,train,test,1
cluster_0138,perceptual_near_duplicate,RWF-2000,train/NonFight/rwf_train_nonfight_0151.avi,6aaaafce247f0097f50396e071ad5c4df9cc52f248adf652bdf3db02556a1829,0,0,0,test,test,0
cluster_0144,perceptual_near_duplicate,RWF-2000,train/NonFight/rwf_train_nonfight_0152.avi,a56abdb06f14ebf4766579968c420fe08d7048b2b0d709a8b9a786d736f3c97f,0,0,0,train,test,1
singleton_2464,singleton,RWF-2000,train/NonFight/rwf_train_nonfight_0153.avi,29d5f4f8fd19b24f3c271f503ddc0e37f7775176665a81d9a28a2dc00425adb2,0,0,0,test,test,0
singleton_2465,singleton,RWF-2000,train/NonFight/rwf_train_nonfight_0154.avi,b98587352da2592a3718d6b88bafe4cf41f44d393942451e2d31b75eff53e12c,0,0,0,train,train,0
singleton_2466,singleton,RWF-2000,train/NonFight/rwf_train_nonfight_0155.avi,3699284f0da97bbabe5837d75201f69e5c72cc1582fce904c7f5282ce9dc8269,0,0,0,train,train,0
singleton_2467,singleton,RWF-2000,train/NonFight/rwf_train_nonfight_0156.avi,2ce81e346fe7abb2ccf9e45eadd8243bb765c1af65cdf93eda5cc1ee1f4e10a2,0,0,0,test,test,0
exact_sha_group_0008,exact_sha256,RWF-2000,train/NonFight/rwf_train_nonfight_0157.avi,ddf8dfdf46b95e9372adfa1e6b49a860127a51535fbe24f417b5ed1a443f8095,0,0,0,test,test,0
cluster_0101,perceptual_near_duplicate,RWF-2000,train/NonFight/rwf_train_nonfight_0158.avi,439e4267c44cc9c77734ad8627623303532960e9648f79ad20320cb2613f7e88,0,0,0,train,validation,1
cluster_0101,perceptual_near_duplicate,RWF-2000,train/NonFight/rwf_train_nonfight_0159.avi,25b16947e924b57a83bc85e8601d30fdb947cd51a89d65a5050d5f8d45ca638e,0,0,0,validation,validation,0
cluster_0101,perceptual_near_duplicate,RWF-2000,train/NonFight/rwf_train_nonfight_0160.avi,e6ec027ea18f4c66b0c10ac327eb4815a6573cfb02b10f3fa900ee5cd80d595b,0,0,0,validation,validation,0
singleton_2468,singleton,RWF-2000,train/NonFight/rwf_train_nonfight_0161.avi,00d83465bef449534f11689c36a8347563e09710c3e23cc1617ece414207b29d,0,0,0,train,train,0
singleton_2469,singleton,RWF-2000,train/NonFight/rwf_train_nonfight_0162.avi,4996fb32af70718672a9d127b4bc2af9365db8215b53090d3b0cdfe3a750edb6,0,0,0,train,train,0
singleton_2470,singleton,RWF-2000,train/NonFight/rwf_train_nonfight_0163.avi,8026e38e071331fdff5c8c32c5cee05e65a84829d18ff102c21628a035b9661c,0,0,0,train,train,0
singleton_2471,singleton,RWF-2000,train/NonFight/rwf_train_nonfight_0164.avi,30aa110b7f66d90440f60059f94c0d3d66dd01290da7908ee38db874895e3706,0,0,0,train,train,0
singleton_2472,singleton,RWF-2000,train/NonFight/rwf_train_nonfight_0165.avi,99ab53c9447ab8f0214dfe5bd460cbafcb151244e38bb7ebbe632e44b90ab5bc,0,0,0,train,train,0
singleton_2473,singleton,RWF-2000,train/NonFight/rwf_train_nonfight_0166.avi,a350ec93a69dca5b3503f1661509cd3b6f9c4491a832eb2148090489d10fd89c,0,0,0,train,train,0
cluster_0182,perceptual_near_duplicate,RWF-2000,train/NonFight/rwf_train_nonfight_0167.avi,17cef2c9b58dd6870c954c3ab23d97416d5183e1f5b5d30c8a65ede40d0fdbed,0,0,0,validation,validation,0
cluster_0182,perceptual_near_duplicate,RWF-2000,train/NonFight/rwf_train_nonfight_0168.avi,17c62f61ccdbdcb271aaf2ee455983157fabf994d890c4000ea1212b060991a2,0,0,0,train,validation,1
cluster_0183,perceptual_near_duplicate,RWF-2000,train/NonFight/rwf_train_nonfight_0169.avi,27361b105336daa70f319bf10eaba41543590f2eba31e0368a11cebfdb477f21,0,0,0,train,validation,1
cluster_0183,perceptual_near_duplicate,RWF-2000,train/NonFight/rwf_train_nonfight_0170.avi,61d098a4ce594c799a841b89366dd383505d0d0a09edc0f805d5546454e5f337,0,0,0,validation,validation,0
singleton_2474,singleton,RWF-2000,train/NonFight/rwf_train_nonfight_0171.avi,9f854e966d9270395a5774f2abdbb8545fc7dfce87f46965a6e48d047bab590e,0,0,0,test,test,0
singleton_2475,singleton,RWF-2000,train/NonFight/rwf_train_nonfight_0172.avi,4c25fd0ee380277802104af27712409bdf11eac98dd023fc8e36d2e839ebb51a,0,0,0,train,train,0
singleton_2476,singleton,RWF-2000,train/NonFight/rwf_train_nonfight_0173.avi,f439e183b015c45b8a7e9b46895fb3405a0618086bad4bca1cd589acd3051bec,0,0,0,train,train,0
singleton_2477,singleton,RWF-2000,train/NonFight/rwf_train_nonfight_0174.avi,61fecb8bc00d6e10285909d5bd432c18946d7ad05785691cfc5fbf11b60dbbe4,0,0,0,train,train,0
cluster_0017,perceptual_near_duplicate,RWF-2000,train/NonFight/rwf_train_nonfight_0175.avi,80928c679a389505080a043911ffb739f8c2242cf0cf254c21cea493ed93555d,0,0,0,train,train,0
cluster_0017,perceptual_near_duplicate,RWF-2000,train/NonFight/rwf_train_nonfight_0176.avi,bccaf6043cc51cd96d4f6dc9e3a2c6531dc54913788dfbb96a3068f17514762e,0,0,0,train,train,0
cluster_0139,perceptual_near_duplicate,RWF-2000,train/NonFight/rwf_train_nonfight_0177.avi,599bc1d98933bc85acbcfff57fe5dbdd99de718fa09e70b7959de7f5c152696b,0,0,0,test,test,0
cluster_0139,perceptual_near_duplicate,RWF-2000,train/NonFight/rwf_train_nonfight_0178.avi,2b26bbe1a8b4667625e7b46469afed7bcdfa03cba249d13f986980588d38f260,0,0,0,train,test,1
singleton_2478,singleton,RWF-2000,train/NonFight/rwf_train_nonfight_0179.avi,8b176b13c1a44edc28d7fc2a0710c42167807413c51b96cb65d27cee92580a3c,0,0,0,train,train,0
singleton_2479,singleton,RWF-2000,train/NonFight/rwf_train_nonfight_0180.avi,38d21efb7a004358573269457e06a7b199f3c1f1e7e8acc7e79690488c18353d,0,0,0,train,train,0
cluster_0021,perceptual_near_duplicate,RWF-2000,train/NonFight/rwf_train_nonfight_0181.avi,444dd5d54ff5bc7dc9f9f0d2e985e21b83fa1269fb6c41da814f02346e4b2c58,0,0,0,train,validation,1
cluster_0021,perceptual_near_duplicate,RWF-2000,train/NonFight/rwf_train_nonfight_0182.avi,8c9d7927f2cabb5593b2bb7713d911920d49d0a2ee9020088c5667c41df26f1b,0,0,0,validation,validation,0
singleton_2480,singleton,RWF-2000,train/NonFight/rwf_train_nonfight_0183.avi,8d54115cf4f9d2468b884a630c981e12c5483b5250e4d34d4d336f365f5c8e04,0,0,0,test,test,0
singleton_2481,singleton,RWF-2000,train/NonFight/rwf_train_nonfight_0184.avi,94c8e03abfb4a3bd79bd5ed8914c93f0d1dde203a6554639826db3e34c844042,0,0,0,test,test,0
singleton_2482,singleton,RWF-2000,train/NonFight/rwf_train_nonfight_0185.avi,45d446d8a4e5980526bf4a446f26ad39517c0c5569a93dafb1c17f4b7d8308c6,0,0,0,train,train,0
singleton_2483,singleton,RWF-2000,train/NonFight/rwf_train_nonfight_0186.avi,8818971ca193df59058a0055ccb0a4ab58dec44085110411ccbcbd1f60f4ff37,0,0,0,train,train,0
singleton_2484,singleton,RWF-2000,train/NonFight/rwf_train_nonfight_0187.avi,d0dff0e191b6e439bc3f9dbf54b7f1ca15a15f293ce24f691b4bdd63d678c0c6,0,0,0,train,train,0
singleton_2485,singleton,RWF-2000,train/NonFight/rwf_train_nonfight_0188.avi,c355bcb648beafc5824132d1348dfb5859ff76d07c29492f887727b0e4250fe0,0,0,0,validation,validation,0
singleton_2486,singleton,RWF-2000,train/NonFight/rwf_train_nonfight_0189.avi,d4c1145df77fdd0a9741baa99050d60d45a6a4ce523c188a9ce0ab21baa18f0f,0,0,0,validation,validation,0
cluster_0010,perceptual_near_duplicate,RWF-2000,train/NonFight/rwf_train_nonfight_0190.avi,9aadc828fd832fd08f804020820b06423159412cc8a0de871dca60c480289721,0,0,0,train,test,1
singleton_2487,singleton,RWF-2000,train/NonFight/rwf_train_nonfight_0191.avi,bb372b752fcc19eb3fd51ac93f42139b204240aaed1f4d92b614a3518c1af67e,0,0,0,train,train,0
singleton_2488,singleton,RWF-2000,train/NonFight/rwf_train_nonfight_0192.avi,7c585368fe4a75b8cd8045548602bb929455d8cf8ddbbb1c73ceb1f6da619e86,0,0,0,train,train,0
singleton_2489,singleton,RWF-2000,train/NonFight/rwf_train_nonfight_0193.avi,dda2d7694202d244fd1e0f5c5b02cddc3ff355fabad2977444cf01f557730285,0,0,0,validation,validation,0
singleton_2490,singleton,RWF-2000,train/NonFight/rwf_train_nonfight_0194.avi,207d1e7e488f1ed43f1957f8b66435cb3655451034d85d7b6bda30470ece2f57,0,0,0,train,train,0
singleton_2491,singleton,RWF-2000,train/NonFight/rwf_train_nonfight_0195.avi,cd4edde9347e399c2f6655edfc352f8140befd74f0c23edf179a4dda04fea015,0,0,0,test,test,0
singleton_2492,singleton,RWF-2000,train/NonFight/rwf_train_nonfight_0196.avi,b8706dbe5eb80909fea12f3e4db38a0bdca05a762c61dd9c127a2b827dd0479d,0,0,0,train,train,0
singleton_2493,singleton,RWF-2000,train/NonFight/rwf_train_nonfight_0197.avi,b0e7ac4df23b965a676c675b7cc9bf44707541966bc3be76b63d384c151ad841,0,0,0,train,train,0
singleton_2494,singleton,RWF-2000,train/NonFight/rwf_train_nonfight_0198.avi,bba67c43a40d2defe9a56418700766eb4fb32cd1d64d8e8357dfb59c3208ace8,0,0,0,train,train,0
singleton_2495,singleton,RWF-2000,train/NonFight/rwf_train_nonfight_0199.avi,d1b9dc5579f17f1573aa16597b2d6ff309faf1d1761dddbf05487230791c4d45,0,0,0,train,train,0
singleton_2496,singleton,RWF-2000,train/NonFight/rwf_train_nonfight_0200.avi,5efbfc2fcd7155721688f38d2b7691735ea92d865aaef522cb1e7726ed9ad4e6,0,0,0,train,train,0
singleton_2497,singleton,RWF-2000,train/NonFight/rwf_train_nonfight_0201.avi,e1f0bf3498f128cb07be3da9df4a4566f757a38275f09980b78f05181108b89a,0,0,0,test,test,0
singleton_2498,singleton,RWF-2000,train/NonFight/rwf_train_nonfight_0202.avi,4025a29d3160d7bdd740dc4032dbfb05283cc06706b21e5a4e89e193ecea3938,0,0,0,train,train,0
singleton_2499,singleton,RWF-2000,train/NonFight/rwf_train_nonfight_0203.avi,519c90171097f95bec275447ede76aa44c7a52e318ffd53baeee126238b80f76,0,0,0,train,train,0
singleton_2500,singleton,RWF-2000,train/NonFight/rwf_train_nonfight_0204.avi,f901e9a9dddeee0a0ede9572b49e8a05b9dccf66e36c7a2de12c08a8bd936b1c,0,0,0,train,train,0
singleton_2501,singleton,RWF-2000,train/NonFight/rwf_train_nonfight_0205.avi,5225502cecb33b42cb3e52d8b424e5453771ea17e4e81e5cce56d929420ff21a,0,0,0,test,test,0
singleton_2502,singleton,RWF-2000,train/NonFight/rwf_train_nonfight_0206.avi,9826b4607e8e69ec2cb6af95f0c379312a6de7597bdd12ccbcb3c7c4c42024c2,0,0,0,train,train,0
singleton_2503,singleton,RWF-2000,train/NonFight/rwf_train_nonfight_0207.avi,9a8f8662ea3fb09acfce85c2487eea4269006a0621ba0d8c6db3981353cfd42f,0,0,0,train,train,0
singleton_2504,singleton,RWF-2000,train/NonFight/rwf_train_nonfight_0208.avi,03a4607efd12e67e777c0bef2cd57ba156b8b39a70fc438661f69115455522d0,0,0,0,validation,validation,0
singleton_2505,singleton,RWF-2000,train/NonFight/rwf_train_nonfight_0209.avi,9957356b8d3a5375e58d1030fe7469e818336858335d79d1ca5f3259357ccb83,0,0,0,train,train,0
singleton_2506,singleton,RWF-2000,train/NonFight/rwf_train_nonfight_0210.avi,480bff59c53438d84c1277fc7d2c1752cebc87827e1f9fc4be96adfc66f96fe9,0,0,0,validation,validation,0
singleton_2507,singleton,RWF-2000,train/NonFight/rwf_train_nonfight_0211.avi,5a2b66632d3665b83b18734abd0586d47a995995e5d1db17dd4bd2c1d7a6eed7,0,0,0,validation,validation,0
singleton_2508,singleton,RWF-2000,train/NonFight/rwf_train_nonfight_0212.avi,c4ea0f90543f6fde13e3aa884e9db607bec1324450c4edc2cd727475e9be6d37,0,0,0,validation,validation,0
singleton_2509,singleton,RWF-2000,train/NonFight/rwf_train_nonfight_0213.avi,904e0973eaa111159a08526ab8a92881957a2b1dd8c90fb509a6b622faf404a5,0,0,0,train,train,0
singleton_2510,singleton,RWF-2000,train/NonFight/rwf_train_nonfight_0214.avi,cafb0d61a84e5bb84927b6a114be8e80c59a056839ef7854eae1d4fc59d84633,0,0,0,train,train,0
singleton_2511,singleton,RWF-2000,train/NonFight/rwf_train_nonfight_0215.avi,81e09b952d623b560b0665e1fca8c58c3d0555749405f7f317728242ef5fac47,0,0,0,train,train,0
cluster_0184,perceptual_near_duplicate,RWF-2000,train/NonFight/rwf_train_nonfight_0216.avi,4d4a8e73743066426ce508bbf7eccf6b667ec07011a0faf0d2debc78dfaf20db,0,0,0,validation,validation,0
cluster_0184,perceptual_near_duplicate,RWF-2000,train/NonFight/rwf_train_nonfight_0217.avi,5211f919663c59d51834357d6cb41d0fc8ae4626b3385dcdc31294fbf72c8c84,0,0,0,train,validation,1
singleton_2512,singleton,RWF-2000,train/NonFight/rwf_train_nonfight_0218.avi,c797e24dc58616c260f389b357cfde97b5d739eda1c445e778455e823bcb0f78,0,0,0,train,train,0
singleton_2513,singleton,RWF-2000,train/NonFight/rwf_train_nonfight_0219.avi,dea576443158949ef54be36afb92b5720eaeb8657ba4bac83131eeeb9516ecda,0,0,0,train,train,0
singleton_2514,singleton,RWF-2000,train/NonFight/rwf_train_nonfight_0220.avi,832613fbf960b2c18e571cb97ba999cee835a714785c7be97cff237f469dccf6,0,0,0,train,train,0
singleton_2515,singleton,RWF-2000,train/NonFight/rwf_train_nonfight_0221.avi,d8b4705f8155b5b84b64755abf5495e903b0dbfe7fba18e9c89c38e6d67f71b9,0,0,0,test,test,0
singleton_2516,singleton,RWF-2000,train/NonFight/rwf_train_nonfight_0222.avi,d1bc1a4566bb033f99899fb1685a9fd668d4d7acfa5604eb8f9a1f3deb3a4eaf,0,0,0,train,train,0
singleton_2517,singleton,RWF-2000,train/NonFight/rwf_train_nonfight_0223.avi,0e40f9f28761b9fb0139769b0336d4edfa0f59f3b928cb04116a5f91f72019ab,0,0,0,validation,validation,0
singleton_2518,singleton,RWF-2000,train/NonFight/rwf_train_nonfight_0224.avi,0f940ba62ca81f1e6f7790d101d52022312f6c803ac4765522cc1d81bff6d3ff,0,0,0,train,train,0
singleton_2519,singleton,RWF-2000,train/NonFight/rwf_train_nonfight_0225.avi,0b7a60eaf858d6c92851268834e0a5d5c1cc23775da27f91cad7192d3a3d5855,0,0,0,test,test,0
singleton_2520,singleton,RWF-2000,train/NonFight/rwf_train_nonfight_0226.avi,218719cdab20d261ca259372a0687fece68d73217d3991850d179f9d7dca6621,0,0,0,train,train,0
singleton_2521,singleton,RWF-2000,train/NonFight/rwf_train_nonfight_0227.avi,a4489d65ba40676ea8c054db435468cd8da4d6ceb251407d150f1b6bdda16d85,0,0,0,train,train,0
singleton_2522,singleton,RWF-2000,train/NonFight/rwf_train_nonfight_0228.avi,4695a49decbb2f12b494e33db6e3964814eabf511e7ad1a3436d5d32018036cc,0,0,0,validation,validation,0
cluster_0019,perceptual_near_duplicate,RWF-2000,train/NonFight/rwf_train_nonfight_0229.avi,d0e448315e29173fe011c36ba3e9ec15649cba5e07669910e2322851981c0f90,0,0,0,validation,train,1
cluster_0019,perceptual_near_duplicate,RWF-2000,train/NonFight/rwf_train_nonfight_0230.avi,baa064d190b2b4d3fc17caf1b7ee7f89c112cf669398f154c96fd0e1c996c5ed,0,0,0,train,train,0
cluster_0019,perceptual_near_duplicate,RWF-2000,train/NonFight/rwf_train_nonfight_0231.avi,8902d9d7dbcdaee0ee1c9761f4a205e3fe1b9558a9b8b7a6dfb91e6173f2f584,0,0,0,test,train,1
cluster_0019,perceptual_near_duplicate,RWF-2000,train/NonFight/rwf_train_nonfight_0232.avi,92862a5db28e71d8681918ab6d593f42e991718654dc62c9fcd7f54241620b80,0,0,0,train,train,0
singleton_2523,singleton,RWF-2000,train/NonFight/rwf_train_nonfight_0233.avi,cf54b7b10c7057dc165a98b1cc2b6eca867f445028852b4c8d55b4fd2706dfe3,0,0,0,train,train,0
singleton_2524,singleton,RWF-2000,train/NonFight/rwf_train_nonfight_0234.avi,91243d4523bf4e7e00241506421add30f40f5804aba0c17288c8ddf47d41169a,0,0,0,test,test,0
singleton_2525,singleton,RWF-2000,train/NonFight/rwf_train_nonfight_0235.avi,8da108d94fe53cfaeef6adc46d8c4bd91b9a4160bb7357f38877ab41944cfbdb,0,0,0,test,test,0
singleton_2526,singleton,RWF-2000,train/NonFight/rwf_train_nonfight_0236.avi,e78d50c8c59fa9f06890a691489142b1ed6ae29d233e50e975162136ee6f62b3,0,0,0,validation,validation,0
singleton_2527,singleton,RWF-2000,train/NonFight/rwf_train_nonfight_0237.avi,7056c49f0d189ef9edb35f7e82ab6d86e4067cfd84e575bc6e5b1dac3eb6c9f8,0,0,0,train,train,0
singleton_2528,singleton,RWF-2000,train/NonFight/rwf_train_nonfight_0238.avi,aa84a054b2091c2837fcd373fb920aa040ae6b945a5bb21818f1a77a5e7dae90,0,0,0,train,train,0
singleton_2529,singleton,RWF-2000,train/NonFight/rwf_train_nonfight_0239.avi,5cbfd4afdd318281a65675ee968eb06469acf34bb5063da31944828266532722,0,0,0,train,train,0
singleton_2530,singleton,RWF-2000,train/NonFight/rwf_train_nonfight_0240.avi,5b525968ec35868ab8f58ca39e8e70a0ec16b481bb137bd58bd0a7a7a563d939,0,0,0,train,train,0
singleton_2531,singleton,RWF-2000,train/NonFight/rwf_train_nonfight_0241.avi,7e5330266a4121409de5d419483f79e1f377fd6366619c3ff9577c34b1a30a4a,0,0,0,test,test,0
singleton_2532,singleton,RWF-2000,train/NonFight/rwf_train_nonfight_0242.avi,1b9c1eab36c5e0fd81368ea9ae6cba2af999d17ee321e3295ace0a117209b68f,0,0,0,train,train,0
singleton_2533,singleton,RWF-2000,train/NonFight/rwf_train_nonfight_0243.avi,c06588ff527c947d19bd465e375f1887939927c6261c14a21336eb9caa648f90,0,0,0,train,train,0
singleton_2534,singleton,RWF-2000,train/NonFight/rwf_train_nonfight_0244.avi,1d6fa62273af2d2a3391a4880834c49f863f6cdcb9ccdf1d0af2eaecdce48c41,0,0,0,train,train,0
singleton_2535,singleton,RWF-2000,train/NonFight/rwf_train_nonfight_0245.avi,5217e54d8f41c243d5768e283bde6c666068f6e84850ec767c404177be83b1ee,0,0,0,validation,validation,0
singleton_2536,singleton,RWF-2000,train/NonFight/rwf_train_nonfight_0246.avi,11b8b5eb5af0f150a0c8f4006b3acf25fab9801762b662388b897665b7e65fba,0,0,0,train,train,0
singleton_2537,singleton,RWF-2000,train/NonFight/rwf_train_nonfight_0247.avi,1398f5080cc7c6e71807cd23e18dc9e4505fae43a26170e88440a3741be2ed32,0,0,0,train,train,0
singleton_2538,singleton,RWF-2000,train/NonFight/rwf_train_nonfight_0248.avi,e8075939e135813f31c42100e0f4c3f5614d6936f0b9697e82f6ad69372d71fc,0,0,0,train,train,0
cluster_0038,perceptual_near_duplicate,RWF-2000,train/NonFight/rwf_train_nonfight_0249.avi,17c733ecf2eee4e80e37072efe23737f3e12f277132fca6da69f0d3f29da5637,0,0,0,validation,train,1
cluster_0038,perceptual_near_duplicate,RWF-2000,train/NonFight/rwf_train_nonfight_0250.avi,ca2ca4d2f73a9843c76adcc7c95064bb794221f11f1a42474cf64fa1f6991cea,0,0,0,train,train,0
cluster_0038,perceptual_near_duplicate,RWF-2000,train/NonFight/rwf_train_nonfight_0251.avi,b4006c5e883bf7ee907fedada22b347341236a8acce6cc1ea5fb2e39f7ce3d1e,0,0,0,train,train,0
cluster_0038,perceptual_near_duplicate,RWF-2000,train/NonFight/rwf_train_nonfight_0252.avi,8592be695ac169949c6d84e72eb0f38b137048b4861305c54adfa3168e690eff,0,0,0,train,train,0
singleton_2539,singleton,RWF-2000,train/NonFight/rwf_train_nonfight_0253.avi,2e8989581241d566a6cda608f63409fb67651e7459fe6a2307e15e080c8711c0,0,0,0,test,test,0
cluster_0094,perceptual_near_duplicate,RWF-2000,train/NonFight/rwf_train_nonfight_0254.avi,c36c285be46dfc1eb438d058fe1b14568e90a3cc6d21ad4836a997976bf137bd,0,0,0,train,train,0
singleton_2540,singleton,RWF-2000,train/NonFight/rwf_train_nonfight_0255.avi,987df378a93c405b99e617da2c45acfcfa4137e31d35fecf4121fb8d633c2608,0,0,0,test,test,0
singleton_2541,singleton,RWF-2000,train/NonFight/rwf_train_nonfight_0256.avi,189778c068ce9ae4d9f2e38e19d914249f3a2c7acedca056773b48983e06f22a,0,0,0,train,train,0
singleton_2542,singleton,RWF-2000,train/NonFight/rwf_train_nonfight_0257.avi,5c7c9ccb82aa6360b45d3ce7501ce5c01c39e9c9c434ff96d05f426c09eaa506,0,0,0,validation,validation,0
singleton_2543,singleton,RWF-2000,train/NonFight/rwf_train_nonfight_0258.avi,ed0e9fbc37cfed1277bf281d09a9c97c6c20778339b433f2b6f9cc0105fb7a3a,0,0,0,test,test,0
singleton_2544,singleton,RWF-2000,train/NonFight/rwf_train_nonfight_0259.avi,b1c3f0c08e027ba0c8911bb626ebf95794a3524f1ce88ede46cab353889f7376,0,0,0,train,train,0
singleton_2545,singleton,RWF-2000,train/NonFight/rwf_train_nonfight_0260.avi,7de09e644f3c47fa8cc92b063b32007cee1f2a1b000948b9a8eeafe44ce8a1aa,0,0,0,train,train,0
singleton_2546,singleton,RWF-2000,train/NonFight/rwf_train_nonfight_0261.avi,241501d65cf05ac5c52a0bae102da0c32266d8e55829412c4560d556b1dae602,0,0,0,train,train,0
singleton_2547,singleton,RWF-2000,train/NonFight/rwf_train_nonfight_0262.avi,578fc05271dd3f20c4cf933b55f390bd6daca626250ef1fef745a1881c4cb32b,0,0,0,train,train,0
singleton_2548,singleton,RWF-2000,train/NonFight/rwf_train_nonfight_0263.avi,226158b92813bb6797f9095780740603bbe617c59cbef6c050c69a87a5448ac5,0,0,0,train,train,0
singleton_2549,singleton,RWF-2000,train/NonFight/rwf_train_nonfight_0264.avi,0d2b947bb209a5a323ec8e1c0ac845db605c5e67907697dab6f58fe93f85c1d1,0,0,0,validation,validation,0
singleton_2550,singleton,RWF-2000,train/NonFight/rwf_train_nonfight_0265.avi,d862dfdeb7283bf30342553bd6061b537a3e16fbdd046d5cad3ab7d98691483c,0,0,0,train,train,0
singleton_2551,singleton,RWF-2000,train/NonFight/rwf_train_nonfight_0266.avi,ad52022dbf9159614cb6dbf80a5caca88c9a96920fda0718ec024f0f0d681d36,0,0,0,train,train,0
singleton_2552,singleton,RWF-2000,train/NonFight/rwf_train_nonfight_0267.avi,710d44ce4278d8a7f5105bc1cd9de9303f9c9d078961664d549943a620bc9c66,0,0,0,train,train,0
singleton_2553,singleton,RWF-2000,train/NonFight/rwf_train_nonfight_0268.avi,31b38cea41f156bbd8a50b18726a33b1fca840e833fccd7d51a483fb03bd2767,0,0,0,train,train,0
singleton_2554,singleton,RWF-2000,train/NonFight/rwf_train_nonfight_0269.avi,f0d095949ce064a9a9ba87eaa460e147ce049bd4032ef8e2ddfcab1a5a00b06a,0,0,0,validation,validation,0
cluster_0033,perceptual_near_duplicate,RWF-2000,train/NonFight/rwf_train_nonfight_0270.avi,aa763ed48b00821d4af05214a184b7081e6c2e952b333d36b924bbcec2904615,0,0,0,train,train,0
singleton_2555,singleton,RWF-2000,train/NonFight/rwf_train_nonfight_0271.avi,dbdede24327f1636fe01bab2853105524479925404850bf989760a3122c8f5c0,0,0,0,train,train,0
cluster_0065,perceptual_near_duplicate,RWF-2000,train/NonFight/rwf_train_nonfight_0272.avi,f2a741787ec732b6c2ad442ff023a33959d188051c0dd4f49247bd71a59af45d,0,0,0,validation,validation,0
cluster_0065,perceptual_near_duplicate,RWF-2000,train/NonFight/rwf_train_nonfight_0273.avi,6c611cfe6eaf90002c1bc5e907169b54ea37e55b209cf114bf537de11e120ae6,0,0,0,validation,validation,0
cluster_0065,perceptual_near_duplicate,RWF-2000,train/NonFight/rwf_train_nonfight_0274.avi,53da45120da81acf85e333c6536b1e368e23e79ab2cba5c25ce33bd8af4065cc,0,0,0,train,validation,1
singleton_2556,singleton,RWF-2000,train/NonFight/rwf_train_nonfight_0275.avi,55d28550b55cb67567ba0d35106704b4418bb78f56cc4101198d61c92e911da2,0,0,0,train,train,0
singleton_2557,singleton,RWF-2000,train/NonFight/rwf_train_nonfight_0276.avi,8a5dcf1f62f6525d49b7759d2146fdf7eb0d577a6d182f33c11e8cf03402c038,0,0,0,test,test,0
singleton_2558,singleton,RWF-2000,train/NonFight/rwf_train_nonfight_0277.avi,e31078392b03121ad70e4e8c45ed513c313f6dec460e70680837622a66d7fa82,0,0,0,train,train,0
exact_sha_group_0009,exact_sha256,RWF-2000,train/NonFight/rwf_train_nonfight_0278.avi,d76f2f2a4d8beb01f904b30909e398bb9a73a9e0c55802f5901bcecd5b46edae,0,0,0,train,train,0
singleton_2559,singleton,RWF-2000,train/NonFight/rwf_train_nonfight_0279.avi,689f3bc66457000fd47bceaace635fd4c594e24b4c85558d60865f5079a6d025,0,0,0,train,train,0
singleton_2560,singleton,RWF-2000,train/NonFight/rwf_train_nonfight_0280.avi,9ce16a8a4e4a8206368c942d588a4efca504753a288308069c20e302a94cfa90,0,0,0,train,train,0
singleton_2561,singleton,RWF-2000,train/NonFight/rwf_train_nonfight_0281.avi,ea62d81de51b1eec81dac71c6a6e9973c3460ac659924dbdd5bb6ec3520b1ad2,0,0,0,train,train,0
singleton_2562,singleton,RWF-2000,train/NonFight/rwf_train_nonfight_0282.avi,c0d0ca731335f82ade25b1bf8a13529eab73704ecf78cf2a96f95b9e3209b564,0,0,0,test,test,0
singleton_2563,singleton,RWF-2000,train/NonFight/rwf_train_nonfight_0283.avi,482ad3d86e1fb5df5cf31995fa9a15ec6adb7aca5cd425e9cba7c2e6b0315770,0,0,0,validation,validation,0
singleton_2564,singleton,RWF-2000,train/NonFight/rwf_train_nonfight_0284.avi,4cbb58f0d29d9d1c3b4f10998d793024798152989b3607991158e87edbf603c0,0,0,0,train,train,0
singleton_2565,singleton,RWF-2000,train/NonFight/rwf_train_nonfight_0285.avi,0c0cb755f2666a02801da270e5efd33951aa619337fab257755615b7b4e0250a,0,0,0,test,test,0
singleton_2566,singleton,RWF-2000,train/NonFight/rwf_train_nonfight_0286.avi,b0a76ed634fa599b3b014abcfbc96e8a2a0abef125845f5a1c2136c5496516bc,0,0,0,train,train,0
singleton_2567,singleton,RWF-2000,train/NonFight/rwf_train_nonfight_0287.avi,14b33ec423c2474c32a91fac08fc5d4ee3e86d79de1dbc3d32b67a61b103359a,0,0,0,train,train,0
singleton_2568,singleton,RWF-2000,train/NonFight/rwf_train_nonfight_0288.avi,810c2a146729b001678ae10336f94ac882d5136e2a5ae3b2f5eb15d5fc8500b0,0,0,0,validation,validation,0
singleton_2569,singleton,RWF-2000,train/NonFight/rwf_train_nonfight_0289.avi,58463ef8d15e9c6471a7f64712fb572514779a7724b939e43273c9b5eaf7ff8b,0,0,0,test,test,0
singleton_2570,singleton,RWF-2000,train/NonFight/rwf_train_nonfight_0290.avi,4680177901f5901419495c419dfea1aab37a1acc5d68c3e8eec5765fef7aded5,0,0,0,train,train,0
singleton_2571,singleton,RWF-2000,train/NonFight/rwf_train_nonfight_0291.avi,95b5f16d8abe294a11d29a0c29b680897b1326f2537c19560a313cab0cb0e4d7,0,0,0,train,train,0
singleton_2572,singleton,RWF-2000,train/NonFight/rwf_train_nonfight_0292.avi,a12e4a2b7bdfb172c2c55d92a1edb6889fee9de2673d9414431132743d8b960d,0,0,0,train,train,0
singleton_2573,singleton,RWF-2000,train/NonFight/rwf_train_nonfight_0293.avi,c39ce5f4805d2efb61d8fa7829aa8c9b0a73b2996b2da7303489194f43b7b192,0,0,0,train,train,0
singleton_2574,singleton,RWF-2000,train/NonFight/rwf_train_nonfight_0294.avi,fd47a2644cd47620fc4506456faa0f1f1aa06020ca7ad17555657d65364c71ef,0,0,0,train,train,0
cluster_0001,perceptual_near_duplicate,RWF-2000,train/NonFight/rwf_train_nonfight_0295.avi,d77af0a224094debbc957266f768626bc4ca97f8e6d5d8a648b2b0bca579beb1,0,0,0,train,train,0
cluster_0001,perceptual_near_duplicate,RWF-2000,train/NonFight/rwf_train_nonfight_0296.avi,634b519f71455dfcb9a0d03682b1cf814ed82231d315af27a850dd8380d29117,0,0,0,validation,train,1
cluster_0001,perceptual_near_duplicate,RWF-2000,train/NonFight/rwf_train_nonfight_0297.avi,6ddea7c4278eed6bd21eeaaa1ed6c7233aca78f74369a922dc4344c21d64aabd,0,0,0,train,train,0
cluster_0001,perceptual_near_duplicate,RWF-2000,train/NonFight/rwf_train_nonfight_0298.avi,e53df4ebd681c438144869409c0f09170409783d7eaec72533ca6711d3ab7464,0,0,0,train,train,0
singleton_2575,singleton,RWF-2000,train/NonFight/rwf_train_nonfight_0299.avi,18e7076e6a2de8cc827598541df7b07d280add1c3a719762f1041e58eba8394e,0,0,0,train,train,0
singleton_2576,singleton,RWF-2000,train/NonFight/rwf_train_nonfight_0300.avi,05f4e7ff6e10c2e3272b1235bc2e078c47a5daff833397b4eb187f035d08d7d3,0,0,0,train,train,0
singleton_2577,singleton,RWF-2000,train/NonFight/rwf_train_nonfight_0301.avi,e0e2d7a0f7134bb4e39be6b098da8d67986bbf1ada99a7916c7f555c6d8091c9,0,0,0,train,train,0
singleton_2578,singleton,RWF-2000,train/NonFight/rwf_train_nonfight_0302.avi,425ddc3d57da2e405f26587eda725d1f41878f9f70d51b5b326b1d29347015a4,0,0,0,train,train,0
singleton_2579,singleton,RWF-2000,train/NonFight/rwf_train_nonfight_0303.avi,9cd9a2ce5cf7bcb9e84189c02bd76336bec2ca07bb0c48f2befe29e591ec8dcc,0,0,0,test,test,0
singleton_2580,singleton,RWF-2000,train/NonFight/rwf_train_nonfight_0304.avi,d785b1826b631c86dc789fe18d60f7e3959126cbc79b7c1f9a5e8784353af64c,0,0,0,train,train,0
singleton_2581,singleton,RWF-2000,train/NonFight/rwf_train_nonfight_0305.avi,b4a357fded8fb9c6543791367246f8416479f5c90e553c85cef7905e33664f81,0,0,0,train,train,0
singleton_2582,singleton,RWF-2000,train/NonFight/rwf_train_nonfight_0306.avi,734659b54c733d9ab2c9299a8eb564a8de62b1f6aea73d3fac44115914ef6947,0,0,0,train,train,0
singleton_2583,singleton,RWF-2000,train/NonFight/rwf_train_nonfight_0307.avi,05ecbdb9a6574c8dcd9737104c4bb0959e5b9deb773256d998807be6d0f02c67,0,0,0,train,train,0
singleton_2584,singleton,RWF-2000,train/NonFight/rwf_train_nonfight_0308.avi,abe25c129cbfd2892897a3d8983fd941d702b55eddb602a21d8167f6e226da0d,0,0,0,train,train,0
singleton_2585,singleton,RWF-2000,train/NonFight/rwf_train_nonfight_0309.avi,607e3832b98edc5d35613ab38f37cea1498e63aeca328789c81f9f2e6c8b8aa7,0,0,0,validation,validation,0
singleton_2586,singleton,RWF-2000,train/NonFight/rwf_train_nonfight_0310.avi,1a180842eff2b3d4a17f34c647a193a570cea815d8d4e1925aa4152c5bf8f0d4,0,0,0,train,train,0
singleton_2587,singleton,RWF-2000,train/NonFight/rwf_train_nonfight_0311.avi,b98687faac44e8c3bcde50bcb561a2ac61c6f10ba4c74da42cd9484836077156,0,0,0,train,train,0
singleton_2588,singleton,RWF-2000,train/NonFight/rwf_train_nonfight_0312.avi,02a4a3d63ab48867ba7533cb143bd599866433cf11bbdba677602821610fa7a2,0,0,0,validation,validation,0
singleton_2589,singleton,RWF-2000,train/NonFight/rwf_train_nonfight_0313.avi,efff6ff0c9d0c6eb12d476634083218e107252f5b0f9d1fec46e508fe4e7a984,0,0,0,train,train,0
singleton_2590,singleton,RWF-2000,train/NonFight/rwf_train_nonfight_0314.avi,1ec6d37c25e9da457f746a7768aab74679f8b9f55f13939f786b191a211df965,0,0,0,train,train,0
singleton_2591,singleton,RWF-2000,train/NonFight/rwf_train_nonfight_0315.avi,dcb5d02e5f337b9fc234f1d985a6293a1e3bd4e02339d08cbcbbcbd089bb8580,0,0,0,train,train,0
singleton_2592,singleton,RWF-2000,train/NonFight/rwf_train_nonfight_0316.avi,5f235b03fd496c746abd0ef5d73569c378d4550d613aa7d4a5c4a7d0b529e24e,0,0,0,train,train,0
singleton_2593,singleton,RWF-2000,train/NonFight/rwf_train_nonfight_0317.avi,71885a9373b933b5ac1acf29a2fccd72e2235e3e6037534e2623104c4e098a8f,0,0,0,test,test,0
singleton_2594,singleton,RWF-2000,train/NonFight/rwf_train_nonfight_0318.avi,c117fe8da6b90a96fc6e2b5bf71622badf5555bac5ee00ef7851dab87ab7f934,0,0,0,train,train,0
singleton_2595,singleton,RWF-2000,train/NonFight/rwf_train_nonfight_0319.avi,6d89df2c4db24b751e63fe4691df66a308e60b1936483fb2693103ba82b86c52,0,0,0,train,train,0
singleton_2596,singleton,RWF-2000,train/NonFight/rwf_train_nonfight_0320.avi,7a359e84b09a21bf7f224d70ef32849aca43f6e936e3dc80e9a07cf14c550c35,0,0,0,train,train,0
singleton_2597,singleton,RWF-2000,train/NonFight/rwf_train_nonfight_0321.avi,1897f32aecf66456f5c17d8c0b89061b48850fc08083c635fc05a0d7a62ce909,0,0,0,train,train,0
singleton_2598,singleton,RWF-2000,train/NonFight/rwf_train_nonfight_0322.avi,f1414243e5a436f39452ffebfc92fcd883437df4912c7df1b24e710be57e4cf7,0,0,0,train,train,0
singleton_2599,singleton,RWF-2000,train/NonFight/rwf_train_nonfight_0323.avi,bcf6cdbcd77d6ec7846e76b1f89082a4865c5b944d6951409219db403edf00a7,0,0,0,train,train,0
singleton_2600,singleton,RWF-2000,train/NonFight/rwf_train_nonfight_0324.avi,5444584980892457449dd87c6bdbb3f47a3409c27674a8a4d9eb24122365bd5f,0,0,0,train,train,0
singleton_2601,singleton,RWF-2000,train/NonFight/rwf_train_nonfight_0325.avi,88e630edf418bd5c180983d4f08262d5b1fc6771be78ae85365dfa2f9f47e419,0,0,0,train,train,0
singleton_2602,singleton,RWF-2000,train/NonFight/rwf_train_nonfight_0326.avi,8e5c8e9c3b1612b3af7e7d586c2c7244ba0a20cb439137ac3d2decf01f3bff12,0,0,0,train,train,0
singleton_2603,singleton,RWF-2000,train/NonFight/rwf_train_nonfight_0327.avi,3d9f8384a6c525b163bc22358f193bc8c819fd0692736a2ab20c3f7d1f439386,0,0,0,test,test,0
singleton_2604,singleton,RWF-2000,train/NonFight/rwf_train_nonfight_0328.avi,dfcfd31843a8ee95b95252c409b5f395b6f80c950f2ccb216084036c9955bbe9,0,0,0,train,train,0
singleton_2605,singleton,RWF-2000,train/NonFight/rwf_train_nonfight_0329.avi,b87de988293cfeefa2302b2185273ef6394e9fb781a1e3902e089271db130028,0,0,0,train,train,0
singleton_2606,singleton,RWF-2000,train/NonFight/rwf_train_nonfight_0330.avi,cf3f4939aae2718b7c2e762e19de3e2ae99fd7547d73e94812521affe9fb7a50,0,0,0,train,train,0
singleton_2607,singleton,RWF-2000,train/NonFight/rwf_train_nonfight_0331.avi,3f625a6e9710e05da03dcb7c13c39b232ad930a6c2a99daefa88722332421fcd,0,0,0,train,train,0
cluster_0140,perceptual_near_duplicate,RWF-2000,train/NonFight/rwf_train_nonfight_0332.avi,c6156b8626a1f6a41fec99386f95c5479efcef6b54cdf3a1ede2b09974267919,0,0,0,test,test,0
singleton_2608,singleton,RWF-2000,train/NonFight/rwf_train_nonfight_0333.avi,734956a93341474186dcbb398ee25352678fc68e9cfe391121a71d6ec04f5b48,0,0,0,train,train,0
singleton_2609,singleton,RWF-2000,train/NonFight/rwf_train_nonfight_0334.avi,7ad43e5a20a6307573aa7290cf0e48cca22048e254b072f6486af541d84e9dda,0,0,0,train,train,0
singleton_2610,singleton,RWF-2000,train/NonFight/rwf_train_nonfight_0335.avi,a7a6d6ea988c14c9b577850f7eb46cf97f9558fc538a2797c0715a26a6855155,0,0,0,train,train,0
singleton_2611,singleton,RWF-2000,train/NonFight/rwf_train_nonfight_0336.avi,1464c6205f70796bf5ca4da61bf8cf55305616651198e177d05536dab297500a,0,0,0,train,train,0
singleton_2612,singleton,RWF-2000,train/NonFight/rwf_train_nonfight_0337.avi,fdf9ce9d272a7ae4a596b8172a95953667a1ff45bcd8204c0194be7c102095cb,0,0,0,test,test,0
singleton_2613,singleton,RWF-2000,train/NonFight/rwf_train_nonfight_0338.avi,609e64b3f47770112c4190a7df4329d806a25ffc478349e44318fbca691ecb40,0,0,0,train,train,0
singleton_2614,singleton,RWF-2000,train/NonFight/rwf_train_nonfight_0339.avi,021a1b018350434fdee5d5ebb67befc32346acb06f2b7d20c0a4203359ae748c,0,0,0,test,test,0
singleton_2615,singleton,RWF-2000,train/NonFight/rwf_train_nonfight_0340.avi,0e4f434febc77779033e2b75a1781fd191ea48f3e427642004b8b03b50925d50,0,0,0,train,train,0
singleton_2616,singleton,RWF-2000,train/NonFight/rwf_train_nonfight_0341.avi,b910d377bc9b8c0a3f41c3c747a2a39ee169d3043a34716c1a79f36105f914fd,0,0,0,train,train,0
cluster_0095,perceptual_near_duplicate,RWF-2000,train/NonFight/rwf_train_nonfight_0342.avi,75c97eca7042c9c82abbd9f338b21cc3a6a8898d0c38f913ac08727bc7a5a018,0,0,0,validation,train,1
cluster_0185,perceptual_near_duplicate,RWF-2000,train/NonFight/rwf_train_nonfight_0343.avi,e6a63989f2830edafc982dc8cff8a15a74bda1f61173d77d57c59591226e1435,0,0,0,train,validation,1
singleton_2617,singleton,RWF-2000,train/NonFight/rwf_train_nonfight_0344.avi,e68a6455b053e116e08d2d18d9e442401ecdb93b3c6e3f7be457a573729d879d,0,0,0,train,train,0
singleton_2618,singleton,RWF-2000,train/NonFight/rwf_train_nonfight_0345.avi,780f06eabf65fb79d3c81737d4df6b4ee0cdc9120a000e9f9df9f4da7fb998f9,0,0,0,test,test,0
singleton_2619,singleton,RWF-2000,train/NonFight/rwf_train_nonfight_0346.avi,62a893235ddbe4f8ea281187aed9f3cec04237f0c817375edf9cb435e4559748,0,0,0,train,train,0
singleton_2620,singleton,RWF-2000,train/NonFight/rwf_train_nonfight_0347.avi,95f3bf5c6e6d958a2a2648a4034517559ae0892f1e1d97cb47223c310a566486,0,0,0,train,train,0
singleton_2621,singleton,RWF-2000,train/NonFight/rwf_train_nonfight_0348.avi,76d1f24c9333993ecca35eb2120d554ab7cd8af9add1aeb0add3ac948ae4f89f,0,0,0,train,train,0
singleton_2622,singleton,RWF-2000,train/NonFight/rwf_train_nonfight_0349.avi,7114b4611b900d306ac7741b3d890201787a968786f7b96b9e48d5501bd20161,0,0,0,test,test,0
singleton_2623,singleton,RWF-2000,train/NonFight/rwf_train_nonfight_0350.avi,4f5600a4af5d83cc59f4bb09f1cb139eb491db6c83c4e7c3470fabfe4c57c370,0,0,0,test,test,0
singleton_2624,singleton,RWF-2000,train/NonFight/rwf_train_nonfight_0351.avi,b0ce6bc9ed8d4ca733ef77b2fadf4ba698bf0bcb9d5eb7520099b8fb145eaafd,0,0,0,train,train,0
singleton_2625,singleton,RWF-2000,train/NonFight/rwf_train_nonfight_0352.avi,7105ac95e69287c3504bb7c8fb5ac6e0aba6ef39d7bdd09ff4a607df989909de,0,0,0,train,train,0
singleton_2626,singleton,RWF-2000,train/NonFight/rwf_train_nonfight_0353.avi,8c52f499dc2180a94a559309c3c7608ebf804f6b28940cb182e8deac7bcbb3fa,0,0,0,train,train,0
singleton_2627,singleton,RWF-2000,train/NonFight/rwf_train_nonfight_0354.avi,ec4d641fb09b2e5aaa381c0c96b347d936cf4887c4fdd13270751515a35bf56f,0,0,0,train,train,0
cluster_0057,perceptual_near_duplicate,RWF-2000,train/NonFight/rwf_train_nonfight_0355.avi,3976eab61d1ae3012a4300519cda0a605f6c20e296508ccb16035bb3e770c0d7,0,0,0,train,train,0
cluster_0057,perceptual_near_duplicate,RWF-2000,train/NonFight/rwf_train_nonfight_0356.avi,2d5b08c6296f2d41d08282dff0f34f1abcdd1fd32cc043ac7f1664fcaed9dd60,0,0,0,train,train,0
cluster_0057,perceptual_near_duplicate,RWF-2000,train/NonFight/rwf_train_nonfight_0357.avi,659fac7bf278817108c87ffa0cd4621f2d26ed8278416d13038e8c0acb91057c,0,0,0,train,train,0
cluster_0057,perceptual_near_duplicate,RWF-2000,train/NonFight/rwf_train_nonfight_0358.avi,29008d9dda79545c91e38cf1250db01eddf640da138cfbaaa6ddf1adf71f4e42,0,0,0,test,train,1
singleton_2628,singleton,RWF-2000,train/NonFight/rwf_train_nonfight_0359.avi,886990b9bce3f5b2d22476a8befa0da905ff1fbe3629b4fbc5018dc7328fa7ea,0,0,0,validation,validation,0
singleton_2629,singleton,RWF-2000,train/NonFight/rwf_train_nonfight_0360.avi,fb5bd0a2099e56e250a605fc1624088ae6059844e624022aa6385a4c1c90ca85,0,0,0,train,train,0
singleton_2630,singleton,RWF-2000,train/NonFight/rwf_train_nonfight_0361.avi,c857876c3dfebcbacceb6a1c3f8ee779baacf15f080b9f5e39e025b55aa4c2a5,0,0,0,test,test,0
singleton_2631,singleton,RWF-2000,train/NonFight/rwf_train_nonfight_0362.avi,6b5ba3627a8a867618a0d88874b94a9c1660fa8a57fa9c626cc7d514e5f868e0,0,0,0,test,test,0
singleton_2632,singleton,RWF-2000,train/NonFight/rwf_train_nonfight_0363.avi,da78c83f08d2ddf0c32278d6f82081abf59be4558760f1031c0ebcdfe1ff7c32,0,0,0,train,train,0
singleton_2633,singleton,RWF-2000,train/NonFight/rwf_train_nonfight_0364.avi,10a03f01a403b9700923687bff52e01eb9d931487702a5194ad0091378a2443d,0,0,0,test,test,0
singleton_2634,singleton,RWF-2000,train/NonFight/rwf_train_nonfight_0365.avi,e04df7918326fcbce839d8811f1baf079fd03a9f5f239974b84d890341e022ad,0,0,0,train,train,0
singleton_2635,singleton,RWF-2000,train/NonFight/rwf_train_nonfight_0366.avi,e4e502b6e4965b1a85f43de07dd825805a97def6a2a4549a4e0d1d6a77c0806a,0,0,0,validation,validation,0
singleton_2636,singleton,RWF-2000,train/NonFight/rwf_train_nonfight_0367.avi,0972a7e58e1ab30a3589799a710c302376f1c6237f608b1abe8a38754cd2162d,0,0,0,test,test,0
singleton_2637,singleton,RWF-2000,train/NonFight/rwf_train_nonfight_0368.avi,ea4e3a0b7b06336396168b495203517b9e5b62b55d4dddc67bff8232bafb17ad,0,0,0,train,train,0
singleton_2638,singleton,RWF-2000,train/NonFight/rwf_train_nonfight_0369.avi,c2b5d62c323f6fcc4a1736eb42547d0b3e366350349d5db6953d3e37d8d65c9f,0,0,0,train,train,0
singleton_2639,singleton,RWF-2000,train/NonFight/rwf_train_nonfight_0370.avi,36509f936e9ca3241781c71756197409df1423351d07b3fac1c9c295099716e4,0,0,0,validation,validation,0
singleton_2640,singleton,RWF-2000,train/NonFight/rwf_train_nonfight_0371.avi,9d8d33aae04a0ef495505f90b9ed0c582aa6e1f9da71f2d38f72ff14a66da0f0,0,0,0,test,test,0
singleton_2641,singleton,RWF-2000,train/NonFight/rwf_train_nonfight_0372.avi,12cf79866754bd25347c6fbf58c4d50c57d4ca578251b8390f165d639fe5ad48,0,0,0,train,train,0
singleton_2642,singleton,RWF-2000,train/NonFight/rwf_train_nonfight_0373.avi,fb571a68078a674b43723192604742c2a5bbf1877f4274b94bb264941b06fef0,0,0,0,test,test,0
singleton_2643,singleton,RWF-2000,train/NonFight/rwf_train_nonfight_0374.avi,6e2fe824deee3669e28bdab75eef979036dbfb2aae0c3992003d016268a9ad90,0,0,0,train,train,0
singleton_2644,singleton,RWF-2000,train/NonFight/rwf_train_nonfight_0375.avi,9fc4f50e84df1a8f4b7f4efd51319496d6edf4f7a034c3173360d8fd81ad7c4f,0,0,0,train,train,0
singleton_2645,singleton,RWF-2000,train/NonFight/rwf_train_nonfight_0376.avi,ecb4c14e2bb64f256e87c03a37a9d0b0c1ec4f11fcf0cc5f57ec23af8150db44,0,0,0,test,test,0
singleton_2646,singleton,RWF-2000,train/NonFight/rwf_train_nonfight_0377.avi,ac25b0ae77cb00dde24abf5e87e21f9787476a6dba2e0cb17bed4286d6e1ddb8,0,0,0,validation,validation,0
cluster_0051,perceptual_near_duplicate,RWF-2000,train/NonFight/rwf_train_nonfight_0378.avi,c0adbc52710ae5414f999ca863e110775396fbc9d4dd57e05f415b2da213a20b,0,0,0,train,train,0
singleton_2647,singleton,RWF-2000,train/NonFight/rwf_train_nonfight_0379.avi,675787ef156905ad6f0ac2be9a4e94690ccd79a39e9a7806250703350ed4a3bb,0,0,0,train,train,0
singleton_2648,singleton,RWF-2000,train/NonFight/rwf_train_nonfight_0380.avi,d12b46ca9d7ae11e86ea5e607aa9a4c890cd8c91f2998317fe81b87b20051faa,0,0,0,train,train,0
singleton_2649,singleton,RWF-2000,train/NonFight/rwf_train_nonfight_0381.avi,1df496dcaf7d34f20f34737a894cbfbab2f30f8c530e91291b08ca4b9ee80ccf,0,0,0,train,train,0
singleton_2650,singleton,RWF-2000,train/NonFight/rwf_train_nonfight_0382.avi,cf9ee1994319ecb16ef809183a11e32b71dc98a5e6e13a47dd35da7cd7d295fc,0,0,0,validation,validation,0
singleton_2651,singleton,RWF-2000,train/NonFight/rwf_train_nonfight_0383.avi,650da8d2d99c0edf8d58764fc4a02dd4bbc2703d8c923b18c4367bde2b8d046c,0,0,0,train,train,0
singleton_2652,singleton,RWF-2000,train/NonFight/rwf_train_nonfight_0384.avi,f905e672f0cab29426dbe5ba9cf68f8eee65cbbc1ed9c6a4fc1872dde3422c4b,0,0,0,train,train,0
singleton_2653,singleton,RWF-2000,train/NonFight/rwf_train_nonfight_0385.avi,0d72bfab8510e3cd8ae59cd3d36976a346dcee421b3b66d96bed4baea82723a3,0,0,0,train,train,0
singleton_2654,singleton,RWF-2000,train/NonFight/rwf_train_nonfight_0386.avi,f504d1cb885f75dc06ee7ee1642d0784cdaba7becc715ad003290a7fb80efabf,0,0,0,train,train,0
singleton_2655,singleton,RWF-2000,train/NonFight/rwf_train_nonfight_0387.avi,18fe83edaef502bbc861f169bba27afa393af1766a4d4b97a90435d575bf4cc9,0,0,0,train,train,0
singleton_2656,singleton,RWF-2000,train/NonFight/rwf_train_nonfight_0388.avi,85374ba0f2442d3c56d53fb74ae3856229808c10441c48f482272d35c334847a,0,0,0,train,train,0
singleton_2657,singleton,RWF-2000,train/NonFight/rwf_train_nonfight_0389.avi,14f96c7a823e451edd0fd875f1741dd67bf2cd6da1542c60fae9ad8757453886,0,0,0,train,train,0
singleton_2658,singleton,RWF-2000,train/NonFight/rwf_train_nonfight_0390.avi,c929d095aa2f4ce50c5307b253c56ee469b83c4c5bffdeceb54fb3e76dced9c1,0,0,0,train,train,0
singleton_2659,singleton,RWF-2000,train/NonFight/rwf_train_nonfight_0391.avi,7c78d969644943b822e1848130856ec182104812a6516448a96a5f991375eb11,0,0,0,train,train,0
singleton_2660,singleton,RWF-2000,train/NonFight/rwf_train_nonfight_0392.avi,515d767e51d5227373a7e0ed9fed948c5261c80b43774f4856a8a63717eb3cd7,0,0,0,train,train,0
cluster_0008,perceptual_near_duplicate,RWF-2000,train/NonFight/rwf_train_nonfight_0393.avi,4377f56aca6ddadf3ba75fc7de9f8fc5732691bc847faa17e4db1df77e7a5c10,0,0,0,train,train,0
cluster_0008,perceptual_near_duplicate,RWF-2000,train/NonFight/rwf_train_nonfight_0394.avi,e0aa8f2922f019e2e80a56a625dc298463da4b23a57be0f3cd9240112071afdc,0,0,0,validation,train,1
cluster_0008,perceptual_near_duplicate,RWF-2000,train/NonFight/rwf_train_nonfight_0395.avi,d3930e937a93fee8f2a232b9880f8cc55611e1cf3d82949bd2680ebea034b1d7,0,0,0,validation,train,1
singleton_2661,singleton,RWF-2000,train/NonFight/rwf_train_nonfight_0396.avi,13752c9f26a5343c94d2a7312858cecce799b5070352e99ccc5995d653444f77,0,0,0,train,train,0
singleton_2662,singleton,RWF-2000,train/NonFight/rwf_train_nonfight_0397.avi,3db50300e164c02f351ee4666365abbc7fc43e9682bd7a31730abe27834e5597,0,0,0,train,train,0
singleton_2663,singleton,RWF-2000,train/NonFight/rwf_train_nonfight_0398.avi,cb028af565e2424af5ee99199dfac7eaef974e9fc242af7e300c53ac0a3310a4,0,0,0,validation,validation,0
singleton_2664,singleton,RWF-2000,train/NonFight/rwf_train_nonfight_0399.avi,aa2d6ceb669a7e36480676d4b32d6098b3fd1cd61973926c160634ee6f980842,0,0,0,train,train,0
singleton_2665,singleton,RWF-2000,train/NonFight/rwf_train_nonfight_0400.avi,14153cce4db03e32ba5bb17fe4f8b28b8ec9928d24ea43e213698c7346054f7a,0,0,0,validation,validation,0
singleton_2666,singleton,RWF-2000,train/NonFight/rwf_train_nonfight_0401.avi,c3a9b6cb92f403470cd001c96041d33a761c1b681b0c248408f615f05e2c4eaf,0,0,0,train,train,0
singleton_2667,singleton,RWF-2000,train/NonFight/rwf_train_nonfight_0402.avi,27c9d204935db0d6cc28bd496160002cf9e0de44c0075712bf3e376e57ebbebc,0,0,0,train,train,0
singleton_2668,singleton,RWF-2000,train/NonFight/rwf_train_nonfight_0403.avi,3618bd6a9f61e3ee9a76f72046f89e29b1de88371a3304fa0a885745b5ace866,0,0,0,validation,validation,0
singleton_2669,singleton,RWF-2000,train/NonFight/rwf_train_nonfight_0404.avi,74207340382f64acf8fa8351dde5d192ce7f057f6bd143e7fcd00a43ed793aec,0,0,0,validation,validation,0
singleton_2670,singleton,RWF-2000,train/NonFight/rwf_train_nonfight_0405.avi,495a77d2534d19959ad0ecdf44c2b23b1f6165741c571254d28a4a9108e6f0d5,0,0,0,train,train,0
cluster_0058,perceptual_near_duplicate,RWF-2000,train/NonFight/rwf_train_nonfight_0406.avi,747d409aceb7d2d9b17c8bcbcff8933c4168fd0fbfba06920b8ac93d4a02ce8d,0,0,0,validation,test,1
cluster_0058,perceptual_near_duplicate,RWF-2000,train/NonFight/rwf_train_nonfight_0407.avi,890816049b067b2238af999d210d4cb3874ec855654ddefc63c40991b45c888c,0,0,0,test,test,0
cluster_0058,perceptual_near_duplicate,RWF-2000,train/NonFight/rwf_train_nonfight_0408.avi,976f9a8dc6f550847b0290b94df52c56844261426ed53534aac1e422d6d7490c,0,0,0,test,test,0
cluster_0058,perceptual_near_duplicate,RWF-2000,train/NonFight/rwf_train_nonfight_0409.avi,561a5171851f0f540e997f7b524392cf83e06b196b5461c09f374db8d830a86d,0,0,0,train,test,1
singleton_2671,singleton,RWF-2000,train/NonFight/rwf_train_nonfight_0410.avi,2b86265442185eae11252003706cb8587d27bfc8d1bdeb5757ab987fbed49628,0,0,0,train,train,0
singleton_2672,singleton,RWF-2000,train/NonFight/rwf_train_nonfight_0411.avi,a816bfe3f132ecdfa795a664b0957bc63377e7a3980ab285737ebbaf1e2f714e,0,0,0,train,train,0
singleton_2673,singleton,RWF-2000,train/NonFight/rwf_train_nonfight_0412.avi,e3704e6d305dadb5ba4a1d6ea91be7c9e77e5a385b74c034ff813acbb3310b29,0,0,0,train,train,0
singleton_2674,singleton,RWF-2000,train/NonFight/rwf_train_nonfight_0413.avi,ca256c8b417cfc7e9606a069a045f3cb1e542c199288a422984e155930d91d13,0,0,0,train,train,0
singleton_2675,singleton,RWF-2000,train/NonFight/rwf_train_nonfight_0414.avi,ae12a68d9c7b9980d3992f6933a606dbc094df980b857440c093ac40c2cbfad7,0,0,0,train,train,0
singleton_2676,singleton,RWF-2000,train/NonFight/rwf_train_nonfight_0415.avi,e92b1df081613d0e60f47033280df00d8fdf1b70e0e0e118da62dd366ea4ac52,0,0,0,test,test,0
singleton_2677,singleton,RWF-2000,train/NonFight/rwf_train_nonfight_0416.avi,b27c4c737807419db8d964c26f068cffd05944745214874d9361eabaf50cb668,0,0,0,test,test,0
singleton_2678,singleton,RWF-2000,train/NonFight/rwf_train_nonfight_0417.avi,cfef682898e9de09bf9e15098361d94118ecb40e25f283b81d7e3c042ba34142,0,0,0,train,train,0
singleton_2679,singleton,RWF-2000,train/NonFight/rwf_train_nonfight_0418.avi,f43399e450713b5d6152e3fe48543b3bcb094c2fc8878efb88e3f3e33b5ba0ed,0,0,0,train,train,0
cluster_0081,perceptual_near_duplicate,RWF-2000,train/NonFight/rwf_train_nonfight_0419.avi,88500500f0749faea6f25b18ba432a0724d7feb368bd5a8059b76287ceef46fc,0,0,0,train,train,0
cluster_0081,perceptual_near_duplicate,RWF-2000,train/NonFight/rwf_train_nonfight_0420.avi,05a59c83eb4444b27ff72b337bace0696c9b4af0d208c9f265f4f46ab665c399,0,0,0,test,train,1
cluster_0081,perceptual_near_duplicate,RWF-2000,train/NonFight/rwf_train_nonfight_0421.avi,bfa3518379dbabb3172f3945f33b72dbebf2f882ad9529a96715ad22e896390a,0,0,0,train,train,0
singleton_2680,singleton,RWF-2000,train/NonFight/rwf_train_nonfight_0422.avi,13bc2b019743fa160e57488eb84aec541774cf528721b573d109c47c715e8de9,0,0,0,train,train,0
singleton_2681,singleton,RWF-2000,train/NonFight/rwf_train_nonfight_0423.avi,9e8a6ca2e016622cac033abc380011aa2e1ecfc3345d445c5ec90c978cdbfd8e,0,0,0,train,train,0
singleton_2682,singleton,RWF-2000,train/NonFight/rwf_train_nonfight_0424.avi,868d9537cae2b648781133b5b0c30e414f952873dde348868da0ad54a964d663,0,0,0,train,train,0
singleton_2683,singleton,RWF-2000,train/NonFight/rwf_train_nonfight_0425.avi,afe9a23f0e7f49f9d9442a081ae755b57eece8ea083bbfdc1a9986944261f52b,0,0,0,train,train,0
cluster_0128,perceptual_near_duplicate,RWF-2000,train/NonFight/rwf_train_nonfight_0426.avi,69a0326b00c7a6e7522abfacd68bfae8aa71f0a799ed549f8551801d9d11b3b8,0,0,0,train,test,1
singleton_2684,singleton,RWF-2000,train/NonFight/rwf_train_nonfight_0427.avi,4a320f78fd74d9af0e093f3c348e8d040869274da918653efdd5cb09be7965a8,0,0,0,test,test,0
singleton_2685,singleton,RWF-2000,train/NonFight/rwf_train_nonfight_0428.avi,82c8f578d2013e6682adc269433c1879d4b181be86e80e23c19d80bbaef8adac,0,0,0,train,train,0
singleton_2686,singleton,RWF-2000,train/NonFight/rwf_train_nonfight_0429.avi,0b44c3b585c955025526c80f53aec6b79ddd0879a5bf1ff5640e08d17be9f56e,0,0,0,test,test,0
cluster_0097,perceptual_near_duplicate,RWF-2000,train/NonFight/rwf_train_nonfight_0430.avi,156734ef7f2763923e57ab3010af489548131f2245bb458565be9d64d00d49dd,0,0,0,train,train,0
cluster_0097,perceptual_near_duplicate,RWF-2000,train/NonFight/rwf_train_nonfight_0431.avi,82755e43f8e48adcde56c7512eec6235e882b85e7dd5d0b40934fab8ffb544a8,0,0,0,validation,train,1
singleton_2687,singleton,RWF-2000,train/NonFight/rwf_train_nonfight_0432.avi,ecd95561a81ef4b1bb5e14774cba8ee2432ed9843f9ad43fab70ddf343301ca3,0,0,0,train,train,0
singleton_2688,singleton,RWF-2000,train/NonFight/rwf_train_nonfight_0433.avi,2317bb37539d5c042418973c47bff26128abbf0a33900eca4b94d4fc5c0fc196,0,0,0,train,train,0
singleton_2689,singleton,RWF-2000,train/NonFight/rwf_train_nonfight_0434.avi,28743930d219d8c3379316a2cf16265db5585f456e0eb3fb5904ea396ddb06e4,0,0,0,train,train,0
singleton_2690,singleton,RWF-2000,train/NonFight/rwf_train_nonfight_0435.avi,494a9937d8b96f5388e3fabf9e474f26e825cfaf75ad3bd651bff18aa895be8c,0,0,0,train,train,0
singleton_2691,singleton,RWF-2000,train/NonFight/rwf_train_nonfight_0436.avi,761e9498e6efb126c6de9aed178ee4beb27aea475b21cb559c85867022718b86,0,0,0,train,train,0
singleton_2692,singleton,RWF-2000,train/NonFight/rwf_train_nonfight_0437.avi,508e882a366a6c341ac87faeb6396d7353c3e57286993f68de125902f99e0fc2,0,0,0,train,train,0
singleton_2693,singleton,RWF-2000,train/NonFight/rwf_train_nonfight_0438.avi,38d5228a727c3bb3739a7f439b3b1d0cc3866a5e0fbb54294ae57e0f583421ea,0,0,0,train,train,0
singleton_2694,singleton,RWF-2000,train/NonFight/rwf_train_nonfight_0439.avi,d22fed308b6f6d4d05cf9e267d9745d0097c25d2a6162b69712fe41b46eadcab,0,0,0,train,train,0
singleton_2695,singleton,RWF-2000,train/NonFight/rwf_train_nonfight_0440.avi,19bd51ea3cc31a457c00dcc4f9a8c49a044d5d1c595423b0b22a217b0ebb0721,0,0,0,train,train,0
singleton_2696,singleton,RWF-2000,train/NonFight/rwf_train_nonfight_0441.avi,285f3b371fc065acb27b4103f95a607ab66f41afb08ecbc5de033121513de84b,0,0,0,train,train,0
singleton_2697,singleton,RWF-2000,train/NonFight/rwf_train_nonfight_0442.avi,612375228c37b4e469146563af17e49bbc1de8932b6478022beac9cd4d800bdd,0,0,0,validation,validation,0
singleton_2698,singleton,RWF-2000,train/NonFight/rwf_train_nonfight_0443.avi,3f4413bb7ceb918149599dbcb3730123d2335ce8a7105ca3608eaba573764a80,0,0,0,train,train,0
singleton_2699,singleton,RWF-2000,train/NonFight/rwf_train_nonfight_0444.avi,9004b8a4ee601d292c739eda6184d3554ebe07bbd72916a7c4aafdd2159afa2c,0,0,0,train,train,0
singleton_2700,singleton,RWF-2000,train/NonFight/rwf_train_nonfight_0445.avi,269a4a5ac19b0f587b79349ec602b942c84bb61538317061d3e5a5f967d7a539,0,0,0,train,train,0
singleton_2701,singleton,RWF-2000,train/NonFight/rwf_train_nonfight_0446.avi,b6b5a55ac077c8d315ea0d0ab29732cf9420cd584748b9d45c14dcc7b76d6efd,0,0,0,validation,validation,0
singleton_2702,singleton,RWF-2000,train/NonFight/rwf_train_nonfight_0447.avi,9c683ce2249ec01cb96a4d2d4da98e42de1fc030b00f8d93dcfa7090734a9807,0,0,0,validation,validation,0
singleton_2703,singleton,RWF-2000,train/NonFight/rwf_train_nonfight_0448.avi,ee3f5eda0e46e0ead541535a2c8e29fa34eef4afe659141b21491b2f8de4c67f,0,0,0,test,test,0
cluster_0130,perceptual_near_duplicate,RWF-2000,train/NonFight/rwf_train_nonfight_0449.avi,ff194ca1f55ec739bb51cfa73e6fa9425bce500e5cf3f7b42a0b0a02753a02ab,0,0,0,train,test,1
singleton_2704,singleton,RWF-2000,train/NonFight/rwf_train_nonfight_0450.avi,96535aea9a47f929ff426ab62fb6caae50bc1d2f046f29396d43c86fd0844a3b,0,0,0,train,train,0
singleton_2705,singleton,RWF-2000,train/NonFight/rwf_train_nonfight_0451.avi,9ec49938da56ba4e13c556e57707f451ae3255c240567f1459c80ce159a7ff05,0,0,0,train,train,0
cluster_0059,perceptual_near_duplicate,RWF-2000,train/NonFight/rwf_train_nonfight_0452.avi,cc303a756da282a25556e76792596fcc17f7427dcf5398c102d136852834b40d,0,0,0,train,train,0
cluster_0059,perceptual_near_duplicate,RWF-2000,train/NonFight/rwf_train_nonfight_0453.avi,048cf700244e3a8bfa0e72e6752b661c8191bb4e9f09c47ba0ac03a72dbfe861,0,0,0,test,train,1
cluster_0059,perceptual_near_duplicate,RWF-2000,train/NonFight/rwf_train_nonfight_0454.avi,26db7d30d4cf3640227a0fccc962ba5f96fe3e36e1b34d49b2ed12f6ec4d519b,0,0,0,validation,train,1
cluster_0059,perceptual_near_duplicate,RWF-2000,train/NonFight/rwf_train_nonfight_0455.avi,11cd19cabc324feee6b9de2c3a67a0f52a36aa11dd3f60c518d48dab19614a8f,0,0,0,train,train,0
singleton_2706,singleton,RWF-2000,train/NonFight/rwf_train_nonfight_0456.avi,cbb3e14fe5ace712d462a8c034232f1c1eb4c4abb3780420d6b739c5858ad4b1,0,0,0,train,train,0
singleton_2707,singleton,RWF-2000,train/NonFight/rwf_train_nonfight_0457.avi,b8dcbba1c5e95ca70e987d17e4d058111be5847d371303afe165d85fb2633894,0,0,0,train,train,0
singleton_2708,singleton,RWF-2000,train/NonFight/rwf_train_nonfight_0458.avi,17e079dd0e790a963e0eb01c55a38c6c8597518865ed0b9f3ebde191012deaab,0,0,0,train,train,0
singleton_2709,singleton,RWF-2000,train/NonFight/rwf_train_nonfight_0459.avi,1a789b359c7d279f01febbb510dcaf69a0ebc612df92221c0b791629154b2849,0,0,0,train,train,0
singleton_2710,singleton,RWF-2000,train/NonFight/rwf_train_nonfight_0460.avi,410b6768f40e3731e9d9de436b54aede35a697e8bba8a8b646bc6371ac55c7b2,0,0,0,train,train,0
cluster_0186,perceptual_near_duplicate,RWF-2000,train/NonFight/rwf_train_nonfight_0461.avi,54cdf0c05c3e081de954f99b3e79ee995e1ef02154b36a9abec294da09c2d24a,0,0,0,train,train,0
cluster_0186,perceptual_near_duplicate,RWF-2000,train/NonFight/rwf_train_nonfight_0462.avi,cf3482a526853feb03490b45039eef1abc4bb3c5f9b4f58736deceb73bac0bf6,0,0,0,validation,train,1
singleton_2711,singleton,RWF-2000,train/NonFight/rwf_train_nonfight_0463.avi,239546e938ea5b752007b7097bfe5420af9e5427d4421d560d18d8d4759ca047,0,0,0,train,train,0
singleton_2712,singleton,RWF-2000,train/NonFight/rwf_train_nonfight_0464.avi,3d69ae02528c0d5c562ee01295963fa67374d72c091c4a1a7f6a89a19849fdcb,0,0,0,train,train,0
singleton_2713,singleton,RWF-2000,train/NonFight/rwf_train_nonfight_0465.avi,9def5c879d0ab250c46402dfeb452328f72f461356f61a058862928b484ef396,0,0,0,validation,validation,0
singleton_2714,singleton,RWF-2000,train/NonFight/rwf_train_nonfight_0466.avi,1eefb00d545ec3b0524aefcfa8c8d865dfcc9420be0a741ab5c1fa336be97bcf,0,0,0,train,train,0
cluster_0029,perceptual_near_duplicate,RWF-2000,train/NonFight/rwf_train_nonfight_0467.avi,37f135087634775c21ad968186a442f06d878e03ddf4e3a0e1392777d6cad028,0,0,0,test,train,1
singleton_2715,singleton,RWF-2000,train/NonFight/rwf_train_nonfight_0468.avi,97633697144bde3df17f5105d472b562af867a5980c8a7a978ac64fefd498552,0,0,0,train,train,0
singleton_2716,singleton,RWF-2000,train/NonFight/rwf_train_nonfight_0469.avi,2785dc832d4e5a22a5a8ca7ccfb437c6ee4514cf144d1b78ccadd6dccda3ef3e,0,0,0,test,test,0
singleton_2717,singleton,RWF-2000,train/NonFight/rwf_train_nonfight_0470.avi,5fad0a24eae124d921c3e52ff37b129a6ecddf0ee5bc2816c8dfe77742e7dfc5,0,0,0,train,train,0
singleton_2718,singleton,RWF-2000,train/NonFight/rwf_train_nonfight_0471.avi,d415e3289973600218550dc1765bb0b882a813565ce52a068821d6f68d5107d1,0,0,0,test,test,0
singleton_2719,singleton,RWF-2000,train/NonFight/rwf_train_nonfight_0472.avi,f656d911a7c6fef754e90a4cdc28b4a52971e439a0b94fea2d80b50aecb58c54,0,0,0,train,train,0
singleton_2720,singleton,RWF-2000,train/NonFight/rwf_train_nonfight_0473.avi,b6996e1cbed3c905c799db0bb98f042a1625d8c55c5aa4cc00a1a3c4cacefc54,0,0,0,train,train,0
singleton_2721,singleton,RWF-2000,train/NonFight/rwf_train_nonfight_0474.avi,fa29f2c42edd5dc570f98c0b206dc12be1957bc86a04ebdd1c03267c46963dc4,0,0,0,train,train,0
singleton_2722,singleton,RWF-2000,train/NonFight/rwf_train_nonfight_0475.avi,ebe2f5cda7df310f4478d2d5e558d4655a5fcdc51926af9257f9d01778f9cd68,0,0,0,train,train,0
singleton_2723,singleton,RWF-2000,train/NonFight/rwf_train_nonfight_0476.avi,b8bed75e55e2fa224f91c2ee9a206f07f25102453c2a8900afb705b61d908586,0,0,0,train,train,0
singleton_2724,singleton,RWF-2000,train/NonFight/rwf_train_nonfight_0477.avi,43a9b1663b9c4150f6f14f187d0744ff21680d270cb087a2d40d7de1fb8c0bfe,0,0,0,test,test,0
singleton_2725,singleton,RWF-2000,train/NonFight/rwf_train_nonfight_0478.avi,77b867c405c584a33293bd2932d202aab1922e4657d8b6f26862b14344c10568,0,0,0,train,train,0
singleton_2726,singleton,RWF-2000,train/NonFight/rwf_train_nonfight_0479.avi,471fbf88e675a373e9a27ba9b4a51b3b37379592c5b44af2cc975f8f6c3d9e47,0,0,0,train,train,0
singleton_2727,singleton,RWF-2000,train/NonFight/rwf_train_nonfight_0480.avi,1a68eaefd15a0be84835ea9e65f51454629a14bbbd587760d3b8254ace974add,0,0,0,train,train,0
singleton_2728,singleton,RWF-2000,train/NonFight/rwf_train_nonfight_0481.avi,12c0797fda41c4624783cf350c38d223d864076fce7efd8543995774484e8efa,0,0,0,train,train,0
singleton_2729,singleton,RWF-2000,train/NonFight/rwf_train_nonfight_0482.avi,b2c8ba2a3e098df1bb14b3aa9cabbbff297aa8d77a7b167f6026fb9641e48980,0,0,0,validation,validation,0
singleton_2730,singleton,RWF-2000,train/NonFight/rwf_train_nonfight_0483.avi,ec3868e29146b633a475bd1c1fcb57636551e244d380f7c1d1775c46bbe1cc97,0,0,0,train,train,0
singleton_2731,singleton,RWF-2000,train/NonFight/rwf_train_nonfight_0484.avi,93f5484f4bb19250109ef2ca283c174d8ed6fb40fa4c51c1d9201fa1e2b62e22,0,0,0,test,test,0
singleton_2732,singleton,RWF-2000,train/NonFight/rwf_train_nonfight_0485.avi,5600c556f416bd27fe3f3a3c885f019ba4b10faa97eb81c92b19714f61fdac6a,0,0,0,train,train,0
singleton_2733,singleton,RWF-2000,train/NonFight/rwf_train_nonfight_0486.avi,c20f40ccbc28654239e7fca472e0342d251bca036280bd8e3a34cc9b2e3d7802,0,0,0,train,train,0
singleton_2734,singleton,RWF-2000,train/NonFight/rwf_train_nonfight_0487.avi,2bfd5525af6d95fdee8aa71e194fc0a8b29f860aabe290a752c464576235504d,0,0,0,validation,validation,0
cluster_0150,perceptual_near_duplicate,RWF-2000,train/NonFight/rwf_train_nonfight_0488.avi,d9a1fba935168c829030e3eeb2027446a8082faf3ceccc20299c1056a4f6b4c9,0,0,0,train,train,0
singleton_2735,singleton,RWF-2000,train/NonFight/rwf_train_nonfight_0489.avi,d5263ca8178ffb7f6b9344f41ddc77200cf65756932419237e083a4a3c26c859,0,0,0,test,test,0
singleton_2736,singleton,RWF-2000,train/NonFight/rwf_train_nonfight_0490.avi,207e13efd328b15e8ffd7668060fbffb865a1e364adf0901330beded05a754bf,0,0,0,train,train,0
singleton_2737,singleton,RWF-2000,train/NonFight/rwf_train_nonfight_0491.avi,c76992f01298267cf6e538734a1449fd938fa45b6dd2c67c0fa88395882af9b2,0,0,0,train,train,0
singleton_2738,singleton,RWF-2000,train/NonFight/rwf_train_nonfight_0492.avi,9ccd829364cd1b5d5faf44ee1a715acadf2f5f0cd3b586f15ead5116af307407,0,0,0,train,train,0
singleton_2739,singleton,RWF-2000,train/NonFight/rwf_train_nonfight_0493.avi,539b860786ac3f2e46b9123a85cfb82e199756bce54cd3128c80b61c8b6e2899,0,0,0,train,train,0
singleton_2740,singleton,RWF-2000,train/NonFight/rwf_train_nonfight_0494.avi,9ff5743d5674f37131fc2ec14a4c5a2d2b1893e9fa9a4a5960aedd26955617ac,0,0,0,train,train,0
singleton_2741,singleton,RWF-2000,train/NonFight/rwf_train_nonfight_0495.avi,a69ea20ef1a7586535369431218250d6cac398bd37d6ee22ae1dbab9b28ed16e,0,0,0,train,train,0
singleton_2742,singleton,RWF-2000,train/NonFight/rwf_train_nonfight_0496.avi,d2f4da532f4e776355c47240b5560174e3a9bb09200f71b44b2de8dc50616ab4,0,0,0,train,train,0
singleton_2743,singleton,RWF-2000,train/NonFight/rwf_train_nonfight_0497.avi,89fd41c8bad6095ea5bd0aecd9a5324453ba2ec59120fb97f7439c9cd8acd968,0,0,0,train,train,0
singleton_2744,singleton,RWF-2000,train/NonFight/rwf_train_nonfight_0498.avi,ddbb6543b097cc74d91c66ca96a91a8e30db9621e7fe42fd40f5d89ee28defa8,0,0,0,train,train,0
singleton_2745,singleton,RWF-2000,train/NonFight/rwf_train_nonfight_0499.avi,e9fa4053ee5cafa5212e91c98529f6b2517111558a263d465dfb7d2f5db13d8c,0,0,0,train,train,0
cluster_0187,perceptual_near_duplicate,RWF-2000,train/NonFight/rwf_train_nonfight_0500.avi,e468352938f73e1b17356079254f6a5bf5afababfe7df4468ad4dce00371c4cc,0,0,0,validation,validation,0
cluster_0187,perceptual_near_duplicate,RWF-2000,train/NonFight/rwf_train_nonfight_0501.avi,deffe7d514c940feb57d25908c9a72fcbd7b7194c19005f2321abe8ae8de5ae5,0,0,0,train,validation,1
singleton_2746,singleton,RWF-2000,train/NonFight/rwf_train_nonfight_0502.avi,c19f3b6644fb4b16797cd9cfd14327c0749e0b90b0560efd882589695db478f8,0,0,0,test,test,0
singleton_2747,singleton,RWF-2000,train/NonFight/rwf_train_nonfight_0503.avi,9b918b880e7b9b38de7fd0e180fc01e8a68627e1b9e6748af86af93fa71a0c4c,0,0,0,train,train,0
singleton_2748,singleton,RWF-2000,train/NonFight/rwf_train_nonfight_0504.avi,56ee9dcc2fd63ec713eacec89967ffc0b5449bb556b7c3caaa2692a9b5b02f0c,0,0,0,train,train,0
cluster_0141,perceptual_near_duplicate,RWF-2000,train/NonFight/rwf_train_nonfight_0505.avi,cc8a100ee0caf9ea1a6cd559789a4b7ccff2f3e1bd99d85bfcdc8bb25443181d,0,0,0,test,test,0
singleton_2749,singleton,RWF-2000,train/NonFight/rwf_train_nonfight_0506.avi,18da255cc1c7f59252d10d18c0a1a50fc371c2dca5e7b4aceac2cba9640de804,0,0,0,test,test,0
cluster_0066,perceptual_near_duplicate,RWF-2000,train/NonFight/rwf_train_nonfight_0507.avi,9b354dcbd8d1bfe6bb3db7ebf37a8afe2759b0861ab8839532df069d66fb8724,0,0,0,train,train,0
singleton_2750,singleton,RWF-2000,train/NonFight/rwf_train_nonfight_0508.avi,33c7eb021983182e52ccc45139c9edcbf9244f3cd554390e0983616eee5476ad,0,0,0,train,train,0
singleton_2751,singleton,RWF-2000,train/NonFight/rwf_train_nonfight_0509.avi,b2192e0fad885f1a86d7bd6d0c26a3dd998a588cc7a2177ffe9a9115cadae364,0,0,0,test,test,0
singleton_2752,singleton,RWF-2000,train/NonFight/rwf_train_nonfight_0510.avi,c344e296d5084b7caee6a296b4a7a8773d0555f302336c9420d7ea05ca8271f9,0,0,0,train,train,0
singleton_2753,singleton,RWF-2000,train/NonFight/rwf_train_nonfight_0511.avi,a32b5988e29a77fb21a7ff26b0a8508a4ec1e54a5916ea9b519879b6409468bb,0,0,0,train,train,0
singleton_2754,singleton,RWF-2000,train/NonFight/rwf_train_nonfight_0512.avi,a2c9f388c8d396e4e9753dd75d4719a75b01126a4d2fc52fcf4738ac9593ea31,0,0,0,train,train,0
singleton_2755,singleton,RWF-2000,train/NonFight/rwf_train_nonfight_0513.avi,30bd6b4839b4fe8227b9e219d5a1e35a46be28159a576395116bb861dec97034,0,0,0,train,train,0
singleton_2756,singleton,RWF-2000,train/NonFight/rwf_train_nonfight_0514.avi,658f574a4ff4b65bd53ac21eeb55e240633da62e34a15bc29584e3e0e7132529,0,0,0,train,train,0
singleton_2757,singleton,RWF-2000,train/NonFight/rwf_train_nonfight_0515.avi,102199be9847d97c957a2e48474f02028da7a6d2ef12b6f803c6fd4b3f860422,0,0,0,train,train,0
singleton_2758,singleton,RWF-2000,train/NonFight/rwf_train_nonfight_0516.avi,f71a5f8f8711f5339f609c98196ccf32fe6ddc29166ee47a30c90b0d47f30265,0,0,0,train,train,0
singleton_2759,singleton,RWF-2000,train/NonFight/rwf_train_nonfight_0517.avi,3db307a8bd93f708c0887c527e37c057acb238b2596e67720b46cf47c58d0727,0,0,0,train,train,0
singleton_2760,singleton,RWF-2000,train/NonFight/rwf_train_nonfight_0518.avi,111cf4a0f66809478ab0535e64435252e659209e50651e239b03161ac7bbcebc,0,0,0,train,train,0
cluster_0004,perceptual_near_duplicate,RWF-2000,train/NonFight/rwf_train_nonfight_0519.avi,b49f4da4d81e15600c32055db3556e5ba8f956abcc635c9623535d8f6e130e13,0,0,0,train,train,0
cluster_0004,perceptual_near_duplicate,RWF-2000,train/NonFight/rwf_train_nonfight_0520.avi,ec0644c9c330ac8f00c066900aa71c9f0bed9065b0f398373e5eced54147d88e,0,0,0,train,train,0
singleton_2761,singleton,RWF-2000,train/NonFight/rwf_train_nonfight_0521.avi,974ea8f123759cac55e8064c35e3f7e28a5981198a5a91ce19cd9a42b3dc1773,0,0,0,train,train,0
cluster_0142,perceptual_near_duplicate,RWF-2000,train/NonFight/rwf_train_nonfight_0522.avi,9c6e45738cff881a61248585b5634900962220f886b0c15a9524e26788854a71,0,0,0,test,train,1
singleton_2762,singleton,RWF-2000,train/NonFight/rwf_train_nonfight_0523.avi,30a3628ec04547ba773f90e29e687a653b5054b65839f105e94adb944c214036,0,0,0,train,train,0
singleton_2763,singleton,RWF-2000,train/NonFight/rwf_train_nonfight_0524.avi,bd42b87f2e9fe6dd397d32c2fafee48020d64e7fbf77bd6d9ba86c99258a5efe,0,0,0,train,train,0
singleton_2764,singleton,RWF-2000,train/NonFight/rwf_train_nonfight_0525.avi,8d9e5ee2db96ee67f938e4aa35da1bcfc3c69d9af1427091eb7342601d20a963,0,0,0,validation,validation,0
singleton_2765,singleton,RWF-2000,train/NonFight/rwf_train_nonfight_0526.avi,ecd5f2e0e8944278c0dd5425aa76577bbb58ef53c37e51a9bd87b6b1d9b34662,0,0,0,train,train,0
singleton_2766,singleton,RWF-2000,train/NonFight/rwf_train_nonfight_0527.avi,fdc6e6f165ff469dbac23764eeb08f43fb3c7bd21d93ad997bc8f29942782bdd,0,0,0,train,train,0
singleton_2767,singleton,RWF-2000,train/NonFight/rwf_train_nonfight_0528.avi,5792a552672fe7c68ce6ae7769b685a20609f8f8eec7441dcf314beab56f6ffc,0,0,0,train,train,0
singleton_2768,singleton,RWF-2000,train/NonFight/rwf_train_nonfight_0529.avi,4752d4eb5ca0c6d98f74bf75844e19897d9d3f01245abf03579e7128485efb9f,0,0,0,train,train,0
singleton_2769,singleton,RWF-2000,train/NonFight/rwf_train_nonfight_0530.avi,4e6bd9e72a6d7571c77d6c415948e35b8a8fa049ff11544d6981a2841c3535bb,0,0,0,train,train,0
cluster_0039,perceptual_near_duplicate,RWF-2000,train/NonFight/rwf_train_nonfight_0531.avi,1d41d3ceb4358d2bf7214228988bbdb020c5ba0aae84fdb156794614044069cd,0,0,0,train,train,0
cluster_0039,perceptual_near_duplicate,RWF-2000,train/NonFight/rwf_train_nonfight_0532.avi,5f51e9f6e846cad374f3b5910fbf7761620fe52bd2e998f7bfd11dc243335bcd,0,0,0,train,train,0
cluster_0039,perceptual_near_duplicate,RWF-2000,train/NonFight/rwf_train_nonfight_0533.avi,7f95e053902572398f8704b29d90b3ef64fc4ad200b572eac6281cfc8d4b8607,0,0,0,validation,train,1
singleton_2770,singleton,RWF-2000,train/NonFight/rwf_train_nonfight_0534.avi,16a3a42bc8fa7ee139543466813187e7327be9d6b73edbb2da03dbc47e8fdde4,0,0,0,train,train,0
singleton_2771,singleton,RWF-2000,train/NonFight/rwf_train_nonfight_0535.avi,bc43a7812dd7f9fa67fa0cd0097650287232031499bddf2b4bcddfb6e76af350,0,0,0,validation,validation,0
singleton_2772,singleton,RWF-2000,train/NonFight/rwf_train_nonfight_0536.avi,e3f022d6ac5f0f3fd62482d874c6cde5095013ae5275d5f74b6fdc37002b8364,0,0,0,train,train,0
singleton_2773,singleton,RWF-2000,train/NonFight/rwf_train_nonfight_0537.avi,04b863e12c7010e76d40e832a423033961c756d7a5c6a4b2d1981414e49c8be4,0,0,0,train,train,0
singleton_2774,singleton,RWF-2000,train/NonFight/rwf_train_nonfight_0538.avi,1545928ef21087f81c21a8540665c7d2ac409e7ed1de765112c0b930c79f0df7,0,0,0,train,train,0
singleton_2775,singleton,RWF-2000,train/NonFight/rwf_train_nonfight_0539.avi,05c4ab8e0a7a48b15ae446a09038dbd481b6542eeb01f4a8e009922d2ca25a7f,0,0,0,train,train,0
singleton_2776,singleton,RWF-2000,train/NonFight/rwf_train_nonfight_0540.avi,6467a09f5f0e482456ecf8b235edc7de2f4c054bf60bdaf8d5d89b376adc993c,0,0,0,train,train,0
singleton_2777,singleton,RWF-2000,train/NonFight/rwf_train_nonfight_0541.avi,ad0f0d82d40f3e3e4abc336ee35fe15e3b7e078314fbf592a85f0c0ea76e0bb3,0,0,0,train,train,0
singleton_2778,singleton,RWF-2000,train/NonFight/rwf_train_nonfight_0542.avi,841af337c6a77e274928e2177ce5ea6d13893864b4c0e0a780c968e6faf1a194,0,0,0,test,test,0
singleton_2779,singleton,RWF-2000,train/NonFight/rwf_train_nonfight_0543.avi,e2a04acd6d10a9498614601117e254d1ffcede33995bbe598dd1d11901ab1994,0,0,0,train,train,0
cluster_0032,perceptual_near_duplicate,RWF-2000,train/NonFight/rwf_train_nonfight_0544.avi,4b31e139542648f4fa510141cd7a0aecb1f461f4349c499fd87afd20cb44e802,0,0,0,train,train,0
cluster_0032,perceptual_near_duplicate,RWF-2000,train/NonFight/rwf_train_nonfight_0545.avi,c73da3967300306cd8dd033b34c17f5de23f2ac3afefbff9794a46fac329731e,0,0,0,train,train,0
singleton_2780,singleton,RWF-2000,train/NonFight/rwf_train_nonfight_0546.avi,4b861d9f6e7b918c60085fa3be9ffa323cb647621782ac85edbdac605c68e489,0,0,0,train,train,0
singleton_2781,singleton,RWF-2000,train/NonFight/rwf_train_nonfight_0547.avi,7b2c6b8fd41ae6dfac07c081a2c5991deab56436dbc6b08ccbac1b178592206b,0,0,0,train,train,0
cluster_0052,perceptual_near_duplicate,RWF-2000,train/NonFight/rwf_train_nonfight_0548.avi,0aa2a0d2b946cd6458666565022743d66d2e69d47121ae8b98a24394bdacf664,0,0,0,train,test,1
cluster_0052,perceptual_near_duplicate,RWF-2000,train/NonFight/rwf_train_nonfight_0549.avi,25e74da2290ebee0e63db5d1e8854333b7dfb2a7c60bd5d17199cbea15057895,0,0,0,test,test,0
cluster_0052,perceptual_near_duplicate,RWF-2000,train/NonFight/rwf_train_nonfight_0550.avi,d73567224039fdef95b1b6ce42d66f97f8c9942941ea24fde4d5be798186b3d9,0,0,0,train,test,1
singleton_2782,singleton,RWF-2000,train/NonFight/rwf_train_nonfight_0551.avi,cb4bd0dd84ea036274a98affb6defa9341ded7fa707ca7cfcb4c8544b36cab65,0,0,0,train,train,0
singleton_2783,singleton,RWF-2000,train/NonFight/rwf_train_nonfight_0552.avi,a32b7bbe7744664303f5dc651529a9b22c3ad4e9eb84fb956649d89321aa1919,0,0,0,train,train,0
cluster_0141,perceptual_near_duplicate,RWF-2000,train/NonFight/rwf_train_nonfight_0553.avi,73c637af0526720dada253ccc6a278a21f8bd7fe3306eeb2e152264a4cda76aa,0,0,0,train,test,1
singleton_2784,singleton,RWF-2000,train/NonFight/rwf_train_nonfight_0554.avi,1b678d9adedcdd4e0f5b0827b9c60edad2288082f278a6af4a5e9a6408d5526a,0,0,0,train,train,0
singleton_2785,singleton,RWF-2000,train/NonFight/rwf_train_nonfight_0555.avi,c5e552d855ef623d4e2296d9888239b696a96578bdf4377d7db0d8a89b0ac317,0,0,0,train,train,0
singleton_2786,singleton,RWF-2000,train/NonFight/rwf_train_nonfight_0556.avi,306c974d8916bccaa643190fa28eb2c3b097fabc087cb73540148b69e98f6337,0,0,0,train,train,0
singleton_2787,singleton,RWF-2000,train/NonFight/rwf_train_nonfight_0557.avi,9cadf0e249d25b2e8e3eae8358f46f65952c62fad2a8ed6ed69229985a5bd3a4,0,0,0,train,train,0
singleton_2788,singleton,RWF-2000,train/NonFight/rwf_train_nonfight_0558.avi,9af187a93aaa94ca99038aea31aeca77bd49e9500e5c0a075cd0f77175f91020,0,0,0,train,train,0
singleton_2789,singleton,RWF-2000,train/NonFight/rwf_train_nonfight_0559.avi,6e56dfc6c5cba7657c44a87ce45cba6611430b7fd50e346924a60efeb82611c8,0,0,0,train,train,0
cluster_0040,perceptual_near_duplicate,RWF-2000,train/NonFight/rwf_train_nonfight_0560.avi,482ee3063a8e69dbdd06f6c626cde2fee3ff7bf1177a8953b0e78c071eb6ad0f,0,0,0,validation,validation,0
singleton_2790,singleton,RWF-2000,train/NonFight/rwf_train_nonfight_0561.avi,925e3e6bac4279fcf7a2c96c252234c599dcf7b5ca9657ed5e70022800ff870e,0,0,0,train,train,0
singleton_2791,singleton,RWF-2000,train/NonFight/rwf_train_nonfight_0562.avi,e68300818600604aba2668fec2c4f3f61c2a0879dd4a1113616323914f4c4af5,0,0,0,train,train,0
cluster_0077,perceptual_near_duplicate,RWF-2000,train/NonFight/rwf_train_nonfight_0563.avi,f5e15c7ecb7237342aeae32ddd623f40a6dcb1abe7e28149de149f8eb49d45b4,0,0,0,validation,validation,0
cluster_0077,perceptual_near_duplicate,RWF-2000,train/NonFight/rwf_train_nonfight_0564.avi,58d2a07fb8beb4d07a6b353feb639d3ab5e74d6e32f1e3967d7e4669c96b8e45,0,0,0,train,validation,1
cluster_0060,perceptual_near_duplicate,RWF-2000,train/NonFight/rwf_train_nonfight_0565.avi,f1bd79a382143677e6f445f57dd658fe1f28455d5c509cc954ce2f6fdecd44f7,0,0,0,test,train,1
cluster_0060,perceptual_near_duplicate,RWF-2000,train/NonFight/rwf_train_nonfight_0566.avi,fa46843e8d956aba7b81be48641297255e1fb1a150e46cd18759ea6318b2b2f5,0,0,0,train,train,0
singleton_2792,singleton,RWF-2000,train/NonFight/rwf_train_nonfight_0567.avi,865e9b25a176b12fee0c3adf54feedab4d55d0a3aa3205fa3c35ef124424a52b,0,0,0,train,train,0
singleton_2793,singleton,RWF-2000,train/NonFight/rwf_train_nonfight_0568.avi,85cff2fef576ee50de6c6cf098a43052bad299b07587923bc4200c44d5e6fb5e,0,0,0,validation,validation,0
singleton_2794,singleton,RWF-2000,train/NonFight/rwf_train_nonfight_0569.avi,9a7a6167c22684b0a261973d03ecc84203a1596484d683014eabc9cb2570f806,0,0,0,train,train,0
singleton_2795,singleton,RWF-2000,train/NonFight/rwf_train_nonfight_0570.avi,c46ad12dd0b9854bad9947eb9754e5a8161d834dbfc27125aab62fffe8247d3f,0,0,0,validation,validation,0
singleton_2796,singleton,RWF-2000,train/NonFight/rwf_train_nonfight_0571.avi,210820d1b69110a0e2c62c6fd80a25881fef53969bad1d935ae04fad91e4b202,0,0,0,validation,validation,0
singleton_2797,singleton,RWF-2000,train/NonFight/rwf_train_nonfight_0572.avi,89faff58e6d91a37cb9e17d2b2474de6fc2df7087a93c19bca950d7c4a052557,0,0,0,train,train,0
singleton_2798,singleton,RWF-2000,train/NonFight/rwf_train_nonfight_0573.avi,d7cc16ed593034a1072ab39107aa1f36bcacdcb343cbedbbbd8fea1ff2a068a0,0,0,0,train,train,0
singleton_2799,singleton,RWF-2000,train/NonFight/rwf_train_nonfight_0574.avi,c2b6a7f5d79c83462c923f4e0ebd3ca81d86f5424ef825a7cb47a658b42f14a3,0,0,0,train,train,0
singleton_2800,singleton,RWF-2000,train/NonFight/rwf_train_nonfight_0575.avi,c673465c8e36ed0e1605e82a7b34a746da3604f3749e72b12a4324673efa5ff5,0,0,0,test,test,0
singleton_2801,singleton,RWF-2000,train/NonFight/rwf_train_nonfight_0576.avi,4c242cc6e72ee2267bd2f3a4fa480866aa34d307478d939bcca0ef0182f5ee6a,0,0,0,test,test,0
singleton_2802,singleton,RWF-2000,train/NonFight/rwf_train_nonfight_0577.avi,b7a9fec6f524f80bfa58ddedf82a44b63e88a7f2fe86252dd5252f626ae315b2,0,0,0,train,train,0
singleton_2803,singleton,RWF-2000,train/NonFight/rwf_train_nonfight_0578.avi,ef3a5c4bd22043159ac7aeeca6a132843fd9a9a6c458310995cfb82fa16f62b0,0,0,0,train,train,0
singleton_2804,singleton,RWF-2000,train/NonFight/rwf_train_nonfight_0579.avi,16321736a30ffa48ba7f5a02faaef5f2b0959f8ff7a5a9d65d4e5801a8457073,0,0,0,train,train,0
singleton_2805,singleton,RWF-2000,train/NonFight/rwf_train_nonfight_0580.avi,2163b8093fe5bad99ac2049511113be936753670c3780a3a527cce91af37a1fc,0,0,0,train,train,0
singleton_2806,singleton,RWF-2000,train/NonFight/rwf_train_nonfight_0581.avi,10ebf758f20cfa2861cd732cc934eaaff14dcc0e0d12c56c7526f7a69ae847c3,0,0,0,train,train,0
singleton_2807,singleton,RWF-2000,train/NonFight/rwf_train_nonfight_0582.avi,81e5577ac14818666c89d7939c1a942e197fc4dfd9757501cec7bdcca6a03eb0,0,0,0,train,train,0
singleton_2808,singleton,RWF-2000,train/NonFight/rwf_train_nonfight_0583.avi,49d570464e6806bf1888a8595ca251afcffe05782a63568b490dd73bda2bcf7a,0,0,0,train,train,0
singleton_2809,singleton,RWF-2000,train/NonFight/rwf_train_nonfight_0584.avi,ee8f0d10814b13a5f1d53bc9bcf23ffe838cce836769d988baba13eedf723547,0,0,0,train,train,0
singleton_2810,singleton,RWF-2000,train/NonFight/rwf_train_nonfight_0585.avi,13b3e41979c6ac41379a953c5d5e221f5742de004d8e07b7be59284ac0dc4d3c,0,0,0,train,train,0
singleton_2811,singleton,RWF-2000,train/NonFight/rwf_train_nonfight_0586.avi,a2f8e40f1ca24607a29966a54dedd7048dcd5b034c56b0183e35786aea8097ca,0,0,0,train,train,0
cluster_0082,perceptual_near_duplicate,RWF-2000,train/NonFight/rwf_train_nonfight_0587.avi,b375e584c4421f9fea7bcb63aff2573e57331dfe65d888dd8ab21d314d93434e,0,0,0,test,validation,1
cluster_0022,perceptual_near_duplicate,RWF-2000,train/NonFight/rwf_train_nonfight_0588.avi,72bf7f3680d4d9695dea6de751aa606b50dbc3b8262c12f786ec23ff0c1c8e17,0,0,0,train,train,0
cluster_0022,perceptual_near_duplicate,RWF-2000,train/NonFight/rwf_train_nonfight_0589.avi,c4ed2cd10d5d6650df7b075c629567bdf89f10c600b480c2a892809ef4365f70,0,0,0,train,train,0
cluster_0022,perceptual_near_duplicate,RWF-2000,train/NonFight/rwf_train_nonfight_0590.avi,71da352a4b6bed3d2b9f30ffb209916562b60d5dc38f7e664ea279cdde32042e,0,0,0,validation,train,1
singleton_2812,singleton,RWF-2000,train/NonFight/rwf_train_nonfight_0591.avi,05ef4d2a77b8249b4750eb324c1621c5d4101cde14ffe76d67fc90625ac4b448,0,0,0,train,train,0
singleton_2813,singleton,RWF-2000,train/NonFight/rwf_train_nonfight_0592.avi,994224d29b0918dbe35a68a325bf4253dc8da2a91b6efa95a5f4b18e8fc829d3,0,0,0,test,test,0
singleton_2814,singleton,RWF-2000,train/NonFight/rwf_train_nonfight_0593.avi,de6f22225d1c7708c2788e874aab92ab18841f3b12fc845d97cdfdf8843ba703,0,0,0,train,train,0
singleton_2815,singleton,RWF-2000,train/NonFight/rwf_train_nonfight_0594.avi,219f6b5b7cbcec9455ccd82c92b72482c10a369ce7094c0e0183374cc3835a56,0,0,0,train,train,0
exact_sha_group_0010,exact_sha256,RWF-2000,train/NonFight/rwf_train_nonfight_0595.avi,5145462994a96b32aa1ac4d8c20d8919fa6824b39caf868e1643b78c7a86ad40,0,0,0,train,train,0
singleton_2816,singleton,RWF-2000,train/NonFight/rwf_train_nonfight_0596.avi,702dbb7906d856c86d040ff0dea07557e0a4c533a519f17f7af1c27a0250abd9,0,0,0,validation,validation,0
singleton_2817,singleton,RWF-2000,train/NonFight/rwf_train_nonfight_0597.avi,da4e346817c64fc495ef639c22b51e196b1aad74bc4dcf5cf0479f04aa572149,0,0,0,train,train,0
singleton_2818,singleton,RWF-2000,train/NonFight/rwf_train_nonfight_0598.avi,7e782c3a9bb138d905a6a3a1fab286fb2b7e4b0a3772254b9148553f552cd450,0,0,0,train,train,0
singleton_2819,singleton,RWF-2000,train/NonFight/rwf_train_nonfight_0599.avi,3120a1765fadff22d822321135bd2eb420d5503fb02b6f96042f5d8417ec4d3d,0,0,0,train,train,0
singleton_2820,singleton,RWF-2000,train/NonFight/rwf_train_nonfight_0600.avi,f8746ca874f40ba104a7a96fe3d9ca29e76744d47de402f7fbede8016f659f3a,0,0,0,train,train,0
singleton_2821,singleton,RWF-2000,train/NonFight/rwf_train_nonfight_0601.avi,4a878549c59a8289c3b1cfdbed569d5597b97d3f725ec5a000590b4a862876c1,0,0,0,train,train,0
singleton_2822,singleton,RWF-2000,train/NonFight/rwf_train_nonfight_0602.avi,44edb829774d57268bccfb297e370714cb0f76bed4e08aae00a9da98c9a21050,0,0,0,train,train,0
singleton_2823,singleton,RWF-2000,train/NonFight/rwf_train_nonfight_0603.avi,8008bdaa54f12969cac9f53bb9aafcabff736711b74969086efcd494177a2728,0,0,0,train,train,0
singleton_2824,singleton,RWF-2000,train/NonFight/rwf_train_nonfight_0604.avi,734d9e457ccfc457328a5fee42383ef5d19d9213fd38fd246a03997f137b4fa1,0,0,0,train,train,0
singleton_2825,singleton,RWF-2000,train/NonFight/rwf_train_nonfight_0605.avi,18dfe26b5e99631e2726d27c61ae282a8548defb54d8cbba7d2834a5f502a512,0,0,0,train,train,0
singleton_2826,singleton,RWF-2000,train/NonFight/rwf_train_nonfight_0606.avi,d1c00ec152872704864aadb0e877277748720e3a842853b0becea6dc38a4d3da,0,0,0,train,train,0
cluster_0023,perceptual_near_duplicate,RWF-2000,train/NonFight/rwf_train_nonfight_0607.avi,51dc83da450f122ec48776902954f45eb85c34a8899df272c54c29d3c3e3a28a,0,0,0,train,train,0
cluster_0023,perceptual_near_duplicate,RWF-2000,train/NonFight/rwf_train_nonfight_0608.avi,a0e22f1d64c2907bb773177d463c16844425a31b5edff800595bf46d2399bd0d,0,0,0,validation,train,1
cluster_0023,perceptual_near_duplicate,RWF-2000,train/NonFight/rwf_train_nonfight_0609.avi,996962c84c532911a778fa95b4538a988abbe170a2ec9dae1d28125a6a793ef1,0,0,0,train,train,0
singleton_2827,singleton,RWF-2000,train/NonFight/rwf_train_nonfight_0610.avi,2a73bb8c7093696b0271cb74ba0dacebeb2f53abf6a3404a896800818f73a532,0,0,0,test,test,0
singleton_2828,singleton,RWF-2000,train/NonFight/rwf_train_nonfight_0611.avi,f328bf26ea6ecfe2f70dee442fa469cec05715b914a6ada412614e6e2fda7406,0,0,0,train,train,0
singleton_2829,singleton,RWF-2000,train/NonFight/rwf_train_nonfight_0612.avi,1f9c0a21122d95c3923e362c9eb2bbdb9f1f9a10815e8e66cd98993ca2a7ea8c,0,0,0,validation,validation,0
cluster_0143,perceptual_near_duplicate,RWF-2000,train/NonFight/rwf_train_nonfight_0613.avi,95eb0a11c58fcb8f2d9cc45056db7739548ffde4112e1af479683981541f2a54,0,0,0,train,test,1
singleton_2830,singleton,RWF-2000,train/NonFight/rwf_train_nonfight_0614.avi,24565126972e82272db67e14a021712d017af49d1e133cd8761b7fedfa413ddb,0,0,0,train,train,0
singleton_2831,singleton,RWF-2000,train/NonFight/rwf_train_nonfight_0615.avi,03fd36b0481fed7eb397f41a18a1b7c4e914aeeda665177ff49eb59ae4624b4c,0,0,0,train,train,0
singleton_2832,singleton,RWF-2000,train/NonFight/rwf_train_nonfight_0616.avi,d64911de3a87c44ccde2cb8df79b119925626548a368dca2f2069d4ce34db1db,0,0,0,validation,validation,0
singleton_2833,singleton,RWF-2000,train/NonFight/rwf_train_nonfight_0617.avi,16693b43e3bef32d89f30e369aa1d98786cfad3c19eb1b2798cc78fa616359af,0,0,0,train,train,0
singleton_2834,singleton,RWF-2000,train/NonFight/rwf_train_nonfight_0618.avi,e6f48cfa9e36583ee311bb5f08056c3a2103c6c23bb09a9889c4d74bbfdd5da8,0,0,0,train,train,0
singleton_2835,singleton,RWF-2000,train/NonFight/rwf_train_nonfight_0619.avi,8ffc5797b3784dab97c60499280b3a88dff45142f4dfd711a7205f2b2beb4610,0,0,0,train,train,0
singleton_2836,singleton,RWF-2000,train/NonFight/rwf_train_nonfight_0620.avi,f83aca43a986dcba072b163ab65c23baac11a168ca9782f3254d44d3c16fb152,0,0,0,train,train,0
singleton_2837,singleton,RWF-2000,train/NonFight/rwf_train_nonfight_0621.avi,bab86f5ece55c016e5785e4a73a6bc7d20580c52379f99bfa7878bcac7c8de64,0,0,0,train,train,0
cluster_0061,perceptual_near_duplicate,RWF-2000,train/NonFight/rwf_train_nonfight_0622.avi,fc92a8e4b2cf7741298beaffd72c1a9e88b2e09bd7095c82f77b0e56358ac979,0,0,0,test,train,1
singleton_2838,singleton,RWF-2000,train/NonFight/rwf_train_nonfight_0623.avi,dde21e7ee6852f763bdcb699288326fd1f2d8347782822821dc96cfe7ea585c4,0,0,0,train,train,0
singleton_2839,singleton,RWF-2000,train/NonFight/rwf_train_nonfight_0624.avi,73c0ebc9dcb709d1e0854d85994218223efbe3620351beec8ed1cb7da63eb7a9,0,0,0,train,train,0
singleton_2840,singleton,RWF-2000,train/NonFight/rwf_train_nonfight_0625.avi,f8db49d70ba57b73e8291a71ebf6af1aefef12f1fbf5c695d9e0ed13823c0cf8,0,0,0,train,train,0
singleton_2841,singleton,RWF-2000,train/NonFight/rwf_train_nonfight_0626.avi,f162449455eaf978ee390441541fbeaa299cb51e7c42cdb456b3ad52022e3026,0,0,0,validation,validation,0
singleton_2842,singleton,RWF-2000,train/NonFight/rwf_train_nonfight_0627.avi,dd3be667a89203fbdb3d540ebc753166913739738c2d0a0d6c9c1acd21e33b7d,0,0,0,test,test,0
singleton_2843,singleton,RWF-2000,train/NonFight/rwf_train_nonfight_0628.avi,185bcf24782c7026b9adcfc280b3c8cb28424f5352a2ea05c45d9335fc648858,0,0,0,train,train,0
singleton_2844,singleton,RWF-2000,train/NonFight/rwf_train_nonfight_0629.avi,0ed1273655d194ab5b809fab1b5102e882186dff1c7779b0670970d8d2a5ed37,0,0,0,train,train,0
singleton_2845,singleton,RWF-2000,train/NonFight/rwf_train_nonfight_0630.avi,81227e913df7968fa333aa5d8add386233b5f7d3d501a78e54e8f4bfe303885f,0,0,0,train,train,0
singleton_2846,singleton,RWF-2000,train/NonFight/rwf_train_nonfight_0631.avi,d17d198c548a894f319e0e064f68265af1330c16c9f2f04c91046f84b4303e04,0,0,0,validation,validation,0
singleton_2847,singleton,RWF-2000,train/NonFight/rwf_train_nonfight_0632.avi,9564b0cc1f724a2c90ef35d1c01f9480cfc0a97f2993d2eb243975f2a17ef5fd,0,0,0,test,test,0
cluster_0143,perceptual_near_duplicate,RWF-2000,train/NonFight/rwf_train_nonfight_0633.avi,61f406ddbca6730542b0f947a997aabfaee5ca6038da9662d51849da65fb6f3b,0,0,0,test,test,0
singleton_2848,singleton,RWF-2000,train/NonFight/rwf_train_nonfight_0634.avi,282dcf04656e6b77e07bc086cae7cdc52094bd5796ad9dd351e2726b04a5a158,0,0,0,train,train,0
singleton_2849,singleton,RWF-2000,train/NonFight/rwf_train_nonfight_0635.avi,256d762c459b044873eae30c8498d392982c68afc198ca0bd5805880ca084a3f,0,0,0,test,test,0
singleton_2850,singleton,RWF-2000,train/NonFight/rwf_train_nonfight_0636.avi,908e7eb1589976d453ac8a20e8448a70aed86c724b9d37f29a759b082e6b2433,0,0,0,test,test,0
singleton_2851,singleton,RWF-2000,train/NonFight/rwf_train_nonfight_0637.avi,1a46d213857fe3eb75413632a998a9ebd71502f113cfcbedde07bf8062c6e9dc,0,0,0,train,train,0
singleton_2852,singleton,RWF-2000,train/NonFight/rwf_train_nonfight_0638.avi,0cf4aa8e156796fdf6f1f8f1f9bdc3ea412147f2ff9b1e7772658bf57887d3a7,0,0,0,test,test,0
singleton_2853,singleton,RWF-2000,train/NonFight/rwf_train_nonfight_0639.avi,086ac5fdaec2a75d8334fe0afe622ed63e3470953b37ecc34ff6d28506fb3b80,0,0,0,train,train,0
singleton_2854,singleton,RWF-2000,train/NonFight/rwf_train_nonfight_0640.avi,e0a1567df2567833117485802319f139f011ec3cf578b8201f54cc4e7452e588,0,0,0,train,train,0
singleton_2855,singleton,RWF-2000,train/NonFight/rwf_train_nonfight_0641.avi,3cd76ee2f2b769b5317da0ac193c7cb995e3928ddba9af2c30dbca69df5835a2,0,0,0,train,train,0
singleton_2856,singleton,RWF-2000,train/NonFight/rwf_train_nonfight_0642.avi,91ba349665393fcd72b990647eb6394ad9e6446cd7de58a158f134bc3d6f90d6,0,0,0,validation,validation,0
singleton_2857,singleton,RWF-2000,train/NonFight/rwf_train_nonfight_0643.avi,e4b6e026fee38458ff8270d0fcf41c6277203536b3dad3f31e94f1e60e7859b7,0,0,0,train,train,0
singleton_2858,singleton,RWF-2000,train/NonFight/rwf_train_nonfight_0644.avi,7dd71b8cfbcc376efe21de20ee3a47b8a3c9aad077f9d4fdc2598118014d86b6,0,0,0,validation,validation,0
singleton_2859,singleton,RWF-2000,train/NonFight/rwf_train_nonfight_0645.avi,3482614dcb36ab40568f3eaaf1421e8698cf43a95a54cf9a774dec8d012d849d,0,0,0,train,train,0
singleton_2860,singleton,RWF-2000,train/NonFight/rwf_train_nonfight_0646.avi,8e266e8c7314eb8defc49ac8a815e1dd448671b7456e5e99dd5d9025f7b7f357,0,0,0,test,test,0
singleton_2861,singleton,RWF-2000,train/NonFight/rwf_train_nonfight_0647.avi,01c5f172a47dcfb2181dc44330e924df805f7135bb47786ce9532d816bec63c8,0,0,0,validation,validation,0
singleton_2862,singleton,RWF-2000,train/NonFight/rwf_train_nonfight_0648.avi,19578c7f90ead1de57139250fabb6be4cefc8df9c53657e6de14c6e824cad084,0,0,0,train,train,0
cluster_0083,perceptual_near_duplicate,RWF-2000,train/NonFight/rwf_train_nonfight_0649.avi,d294d27c19bbf97151a7c8fffea92aa1922fa34b62f4f6bd9f42c2d318a50f26,0,0,0,train,validation,1
cluster_0083,perceptual_near_duplicate,RWF-2000,train/NonFight/rwf_train_nonfight_0650.avi,3fb9b570f4138e9fc294e42ef70b46527b670dd4fd0ff8b2b28ade603a1ede26,0,0,0,validation,validation,0
cluster_0083,perceptual_near_duplicate,RWF-2000,train/NonFight/rwf_train_nonfight_0651.avi,8163a2b99bf1c28ece6e0df623aceaa8ca47375ac485462fe50c72c1becdb53a,0,0,0,test,validation,1
singleton_2863,singleton,RWF-2000,train/NonFight/rwf_train_nonfight_0652.avi,5bf63cc974e8dce43135210d02c6029381698c23884896d00ac5bee2a3475c3a,0,0,0,train,train,0
singleton_2864,singleton,RWF-2000,train/NonFight/rwf_train_nonfight_0653.avi,a91948c48fd1db61d3406dd35811362f73002df5113118216e81a47596578c15,0,0,0,train,train,0
cluster_0144,perceptual_near_duplicate,RWF-2000,train/NonFight/rwf_train_nonfight_0654.avi,5c0914fb6cf7f5f3d3e4c1bfca05bf963dc92ce35dfee87ed52844bbddae2549,0,0,0,test,test,0
singleton_2865,singleton,RWF-2000,train/NonFight/rwf_train_nonfight_0655.avi,2b488bdf2788b4ec1ddf3055398cf7ac3e2b11b332b8e5d3e386c56a4cccd1c1,0,0,0,test,test,0
singleton_2866,singleton,RWF-2000,train/NonFight/rwf_train_nonfight_0656.avi,57500cd148d232865e3a2b6bb586dad8b97a7703185a3bfd8413103d0114a755,0,0,0,train,train,0
singleton_2867,singleton,RWF-2000,train/NonFight/rwf_train_nonfight_0657.avi,c4eb6d2a9bd8bb1fa647f0f50ce36f6e37df80f123275424bdc0a47f4a434af0,0,0,0,train,train,0
singleton_2868,singleton,RWF-2000,train/NonFight/rwf_train_nonfight_0658.avi,2f52d54a5d5d3a7f0b65a4308932570aa6aea1397094a1943d4ee736aec1e67a,0,0,0,train,train,0
singleton_2869,singleton,RWF-2000,train/NonFight/rwf_train_nonfight_0659.avi,684c1c5e2f108e13f67efb72727328334e5f618f8efaa16b39f2ff21d11f3b94,0,0,0,validation,validation,0
cluster_0082,perceptual_near_duplicate,RWF-2000,train/NonFight/rwf_train_nonfight_0660.avi,95de62bfeb59b65ef853074e23cc1086dd22794b41326b585ad8aefe5e8b2460,0,0,0,validation,validation,0
singleton_2870,singleton,RWF-2000,train/NonFight/rwf_train_nonfight_0661.avi,24aa3d8edb5470e1e297be4be9f5782cce472fa658b70af215f630afb070e91d,0,0,0,validation,validation,0
singleton_2871,singleton,RWF-2000,train/NonFight/rwf_train_nonfight_0662.avi,94914692ee9c3ea4f8447f6633474e7277f7b0b1d04d0b7430c967d9445b1186,0,0,0,validation,validation,0
singleton_2872,singleton,RWF-2000,train/NonFight/rwf_train_nonfight_0663.avi,f8c15917ddcdfd0b6a9a9173c238f8a248d2c8b4217881b3c318a3d8fdca4a93,0,0,0,train,train,0
singleton_2873,singleton,RWF-2000,train/NonFight/rwf_train_nonfight_0664.avi,ed74b9f0c91240c0dab9c0a05e77fd9be8b68217bfdc95893ef41642366849d9,0,0,0,train,train,0
singleton_2874,singleton,RWF-2000,train/NonFight/rwf_train_nonfight_0665.avi,00fdf3a103bc91f8588cafafb89f09b24bbeb1d7fe933ff9a3a2e12193f07b4a,0,0,0,train,train,0
singleton_2875,singleton,RWF-2000,train/NonFight/rwf_train_nonfight_0666.avi,1aba0c37d853d1f8249f166e7625d0483e6c658bf3b54cb6f8eba3c6ef46445c,0,0,0,train,train,0
singleton_2876,singleton,RWF-2000,train/NonFight/rwf_train_nonfight_0667.avi,636c674d66d1f30eb490d0c2964f1da99115f96b0bb389623249372676afc343,0,0,0,test,test,0
singleton_2877,singleton,RWF-2000,train/NonFight/rwf_train_nonfight_0668.avi,2e5753bfd290c3cad46b02fa526235cf3616d0e2113b628de9814d8cb2466596,0,0,0,train,train,0
singleton_2878,singleton,RWF-2000,train/NonFight/rwf_train_nonfight_0669.avi,11c51bdb60aa860cbc19f7e52b2cf8aa1aaa60eb7ca0ae1b5937926c3fb16754,0,0,0,train,train,0
singleton_2879,singleton,RWF-2000,train/NonFight/rwf_train_nonfight_0670.avi,8b2a1d71ad9e6f4b9535175948a948acebdcfbb74d70200c2ff1b7c926ecc466,0,0,0,train,train,0
singleton_2880,singleton,RWF-2000,train/NonFight/rwf_train_nonfight_0671.avi,80a945c7723b9f5e1a14f68d787948b608d963a3baf26b1f001e52edf61f08cd,0,0,0,train,train,0
singleton_2881,singleton,RWF-2000,train/NonFight/rwf_train_nonfight_0672.avi,98b46f1183f0e8c9a5b785da6b7e3de5593f036697716854920926983b29290a,0,0,0,test,test,0
singleton_2882,singleton,RWF-2000,train/NonFight/rwf_train_nonfight_0673.avi,be5944d21066ce7d16ec9662df4e3e3d8d4e013f723975c4d47e149ed33ef716,0,0,0,train,train,0
singleton_2883,singleton,RWF-2000,train/NonFight/rwf_train_nonfight_0674.avi,162d251c5446cd2407dfee6eb11708530a214091b40ecf16b9bfd6541f879eb4,0,0,0,train,train,0
singleton_2884,singleton,RWF-2000,train/NonFight/rwf_train_nonfight_0675.avi,8959574222403023718d96e71458462a9817fa489aeba14ae9494e0c9260e995,0,0,0,test,test,0
singleton_2885,singleton,RWF-2000,train/NonFight/rwf_train_nonfight_0676.avi,55cf8d90fe8c1a75024188941cbe0bbf804495cf8a733a3c7b88861420560e2d,0,0,0,validation,validation,0
singleton_2886,singleton,RWF-2000,train/NonFight/rwf_train_nonfight_0677.avi,f34a461cc100403435f9a6375a1c9f9986b8996bbe9b7cbaffe52cd1cf503382,0,0,0,train,train,0
singleton_2887,singleton,RWF-2000,train/NonFight/rwf_train_nonfight_0678.avi,861d81c2ff863bdbe20669be10f71c5aafb554cbea109f32f33f0c54e42c1cb0,0,0,0,test,test,0
singleton_2888,singleton,RWF-2000,train/NonFight/rwf_train_nonfight_0679.avi,051d0d82ff2304c6976dd5c128c78a7d0a695b436d18fef9f1b7e8811d6176d3,0,0,0,train,train,0
singleton_2889,singleton,RWF-2000,train/NonFight/rwf_train_nonfight_0680.avi,18f6e92e145b4e84bd54e04151b092b54d82a4185e65e99c012aa47bdde0a0fa,0,0,0,train,train,0
singleton_2890,singleton,RWF-2000,train/NonFight/rwf_train_nonfight_0681.avi,2bb90e0ecccc3e601d14b9064cdd72f5e3d81299d9c986041c95d28f172b4ea0,0,0,0,train,train,0
singleton_2891,singleton,RWF-2000,train/NonFight/rwf_train_nonfight_0682.avi,729706a10f37980f249b7d46d0bb7e89eb7976ba468681dc89846546242d9f95,0,0,0,test,test,0
singleton_2892,singleton,RWF-2000,train/NonFight/rwf_train_nonfight_0683.avi,795e60c2dc6d09682714ff73b0c980a08ba0308b172608c796fdd434fbc8a5e4,0,0,0,train,train,0
singleton_2893,singleton,RWF-2000,train/NonFight/rwf_train_nonfight_0684.avi,a63997bd755ce6c379d6a3acb6c147813d52e76ce91bc928c095978a3b80ed0a,0,0,0,train,train,0
singleton_2894,singleton,RWF-2000,train/NonFight/rwf_train_nonfight_0685.avi,736d10f6bd137ed1b095cc0dd0406b150af8a107bdfe22f1ba834b71dd2c3fe7,0,0,0,train,train,0
singleton_2895,singleton,RWF-2000,train/NonFight/rwf_train_nonfight_0686.avi,8b83a1843f65a59d420d78d55989882685f20e926b67be8dff1573ec8616216d,0,0,0,train,train,0
singleton_2896,singleton,RWF-2000,train/NonFight/rwf_train_nonfight_0687.avi,35768e18cdb87165d8e715b48254e40733ec5a3615e727122180dfd8187f4aa0,0,0,0,train,train,0
singleton_2897,singleton,RWF-2000,train/NonFight/rwf_train_nonfight_0688.avi,ac2a1865a0a504ea320533ba4014cb04b4499bcf4526580d6f0679fc71d8494d,0,0,0,train,train,0
singleton_2898,singleton,RWF-2000,train/NonFight/rwf_train_nonfight_0689.avi,313573d28e09fa3d2d7e53622565b0b73737276108be6621c52136d3523c81be,0,0,0,test,test,0
singleton_2899,singleton,RWF-2000,train/NonFight/rwf_train_nonfight_0690.avi,ef7ba7704d6cb4e9cb30c049073380c5046933123f64d6c06b9980045a4b2b2f,0,0,0,validation,validation,0
singleton_2900,singleton,RWF-2000,train/NonFight/rwf_train_nonfight_0691.avi,06bf323a8ada83f4879cc177b9a2365f4175abf7265d89a7716a389af22afc67,0,0,0,validation,validation,0
singleton_2901,singleton,RWF-2000,train/NonFight/rwf_train_nonfight_0692.avi,11a3863cc26bffcd1ee6b3995642803b8db69d02aad65e91d2cc7a892309d57d,0,0,0,train,train,0
cluster_0135,perceptual_near_duplicate,RWF-2000,train/NonFight/rwf_train_nonfight_0693.avi,11523978964d013ec61c697b7d19960d1a83e5162948b42711402de682431db4,0,0,0,validation,validation,0
singleton_2902,singleton,RWF-2000,train/NonFight/rwf_train_nonfight_0694.avi,509d311d28f943e2b9431288be51865558444b0171d2b405c2b16409fb52808b,0,0,0,train,train,0
exact_sha_group_0011,exact_sha256,RWF-2000,train/NonFight/rwf_train_nonfight_0695.avi,05414b6a92b3efb8988412f30236b1113d6c323686a14c5404051a628dba19f4,0,0,0,train,train,0
singleton_2903,singleton,RWF-2000,train/NonFight/rwf_train_nonfight_0696.avi,8f195f1f0e1f4ac6e765d397e464d3eae5e344330242517b14cd46b8324b23b9,0,0,0,train,train,0
singleton_2904,singleton,RWF-2000,train/NonFight/rwf_train_nonfight_0697.avi,6239cafe498e679275ab61101364e41561d531076e3fccc3a316b972804bcffd,0,0,0,train,train,0
singleton_2905,singleton,RWF-2000,train/NonFight/rwf_train_nonfight_0698.avi,c79d534a7b2e6c74b61b6335cc7a11017360359770b82c9201272a748bd561b5,0,0,0,train,train,0
singleton_2906,singleton,RWF-2000,train/NonFight/rwf_train_nonfight_0699.avi,b545ace1307c4997b018d994311f26dd71267362ee4fcfcf6834d9d729510f6c,0,0,0,train,train,0
singleton_2907,singleton,RWF-2000,train/NonFight/rwf_train_nonfight_0700.avi,5b545be2761ded98d83588bdef2d1134ed022770db80ce352637a1b5cd153b46,0,0,0,test,test,0
singleton_2908,singleton,RWF-2000,train/NonFight/rwf_train_nonfight_0701.avi,5dc713669d702002f9214a37ceb5111dcfb380b5af8c346a82412eb79230d893,0,0,0,validation,validation,0
singleton_2909,singleton,RWF-2000,train/NonFight/rwf_train_nonfight_0702.avi,affe81aa0cd2b615c18f631bee78984a262577b233f91ffa4e8bae9d6f815e4c,0,0,0,train,train,0
singleton_2910,singleton,RWF-2000,train/NonFight/rwf_train_nonfight_0703.avi,0d01ef2c318f1784ddd05701c7368cac41ac3412d881b084e2009227461a9401,0,0,0,train,train,0
singleton_2911,singleton,RWF-2000,train/NonFight/rwf_train_nonfight_0704.avi,ca08a6a532fde32e2bbc719f2ad07aec87ce016b01b141252b2fd4417d251855,0,0,0,train,train,0
singleton_2912,singleton,RWF-2000,train/NonFight/rwf_train_nonfight_0705.avi,2f3b4080bcc0547ccf7eec97be81a0c5cf7df14461a19dc8321d744b529eb864,0,0,0,test,test,0
singleton_2913,singleton,RWF-2000,train/NonFight/rwf_train_nonfight_0706.avi,355bbe3fc1406bed255a9c0041b58584dfaac250023916d684bd2aef83b9368f,0,0,0,train,train,0
singleton_2914,singleton,RWF-2000,train/NonFight/rwf_train_nonfight_0707.avi,bafc9f18f407c50e8c7ce9081d6e319b54a88691eb83d3a9689b733d19d44f61,0,0,0,train,train,0
singleton_2915,singleton,RWF-2000,train/NonFight/rwf_train_nonfight_0708.avi,0a061ee5d5aa17973d1b12d59c4efd694290756f8f67c8edc0f23ed5515b1ae6,0,0,0,train,train,0
singleton_2916,singleton,RWF-2000,train/NonFight/rwf_train_nonfight_0709.avi,68d9c18d31c2139132ac0d2b76b74dd86a4f1789f8f6de29b52eb9eb5fdccb9a,0,0,0,train,train,0
singleton_2917,singleton,RWF-2000,train/NonFight/rwf_train_nonfight_0710.avi,5a2c850b0e8eb53afcf8d1801697c9190d34f77cf1dd390b67f6e4c591e3f66d,0,0,0,validation,validation,0
singleton_2918,singleton,RWF-2000,train/NonFight/rwf_train_nonfight_0711.avi,fda0d534553352c2baa524b455dcb2dc3b140e7b74bc8bdb6d161082bf93b5aa,0,0,0,train,train,0
singleton_2919,singleton,RWF-2000,train/NonFight/rwf_train_nonfight_0712.avi,6208eec16242d59194e71e9973996afe8ddd21ae8548cf969785c6faa40f7d4c,0,0,0,train,train,0
singleton_2920,singleton,RWF-2000,train/NonFight/rwf_train_nonfight_0713.avi,17a20ffc38285dda004233feaa7faf0708106d4c2cae22340fdeabfd22d7bbb9,0,0,0,train,train,0
singleton_2921,singleton,RWF-2000,train/NonFight/rwf_train_nonfight_0714.avi,f59865a27a5943dd01341a4b421413bb709307df9ceaef46d4377d8dae695561,0,0,0,train,train,0
singleton_2922,singleton,RWF-2000,train/NonFight/rwf_train_nonfight_0715.avi,9dce1f2327e1b573ebc5df91b7d0466c4b7982e6344cd1e8ffe19b9180c27c56,0,0,0,train,train,0
singleton_2923,singleton,RWF-2000,train/NonFight/rwf_train_nonfight_0716.avi,535701d21cb2f13bdd15b13d845224fdd06a7e29949ccdebb1aa38b29c7d51e4,0,0,0,train,train,0
singleton_2924,singleton,RWF-2000,train/NonFight/rwf_train_nonfight_0717.avi,2ec65500b37dd974ad2a3d8089067a9ecaefe28ab555bc3ddc70946dd7f6150d,0,0,0,validation,validation,0
singleton_2925,singleton,RWF-2000,train/NonFight/rwf_train_nonfight_0718.avi,c94af5d6e3b89314f50c3b4d9b0e327e8b9ff0c98f1199b0f9e58e4e84ed3246,0,0,0,validation,validation,0
singleton_2926,singleton,RWF-2000,train/NonFight/rwf_train_nonfight_0719.avi,4b9232e9b7eff74e402a3fdac8bd2141ba7087fad334291f7e5572644bc085d5,0,0,0,test,test,0
singleton_2927,singleton,RWF-2000,train/NonFight/rwf_train_nonfight_0720.avi,ffaae1b77a2b342201589b2d1906d3e203f7d4826c3f86c505eb5fb10221cbf7,0,0,0,validation,validation,0
cluster_0012,perceptual_near_duplicate,RWF-2000,train/NonFight/rwf_train_nonfight_0721.avi,e06ff3a7b5a153016a61410d489f827bb95a3c5fadb7aefc02e50a7c3ecc11d3,0,0,0,train,validation,1
singleton_2928,singleton,RWF-2000,train/NonFight/rwf_train_nonfight_0722.avi,f4d63979ea232cad035a9f85b6ae7e5f95016166314405d75aef3ace122794d6,0,0,0,validation,validation,0
singleton_2929,singleton,RWF-2000,train/NonFight/rwf_train_nonfight_0723.avi,17f70653c5116c5919c4af259bd82daea0971576c4484ac96256966cd2a33802,0,0,0,train,train,0
singleton_2930,singleton,RWF-2000,train/NonFight/rwf_train_nonfight_0724.avi,18ebc7080b225d01e1f12a3fdbd2093cbb003b75d35deb820276a1917a3235f0,0,0,0,validation,validation,0
singleton_2931,singleton,RWF-2000,train/NonFight/rwf_train_nonfight_0725.avi,8ab385f94453e5831b5903a06abbca0d4d91b9e1fb494ec4b886875fb64cb084,0,0,0,validation,validation,0
cluster_0145,perceptual_near_duplicate,RWF-2000,train/NonFight/rwf_train_nonfight_0726.avi,7303e123d1425b6cad836aec75a2fdb72838ac4a7d9844885c861d7b8f112da1,0,0,0,validation,validation,0
cluster_0145,perceptual_near_duplicate,RWF-2000,train/NonFight/rwf_train_nonfight_0727.avi,72d9d7e5be3c60db5b4222ad17cc57f00dbc29d22d7b00744f2639ced23b680e,0,0,0,test,validation,1
singleton_2932,singleton,RWF-2000,train/NonFight/rwf_train_nonfight_0728.avi,9a7d32805235638092379e2959b6d7a19925c45a29e3b2b695eb1bac3f85ed47,0,0,0,train,train,0
exact_sha_group_0012,exact_sha256,RWF-2000,train/NonFight/rwf_train_nonfight_0729.avi,7988666c3a3dd8115b02aed5cfb0cac0e7880d655a0f3bbb8da7f7b49a4325a7,0,0,0,train,train,0
singleton_2933,singleton,RWF-2000,train/NonFight/rwf_train_nonfight_0730.avi,44c5e2afe629e65e07015def94adaa6d11372d4351839f1183c3dfd9fd9f8fad,0,0,0,train,train,0
singleton_2934,singleton,RWF-2000,train/NonFight/rwf_train_nonfight_0731.avi,b8b84563579de975c087918df971848db77ed0014d5127c00956064a5923ded6,0,0,0,validation,validation,0
singleton_2935,singleton,RWF-2000,train/NonFight/rwf_train_nonfight_0732.avi,33007b897ca78eefca8dac8bb94b2bb6dce22b6fc97805a552b582759f1480b5,0,0,0,train,train,0
singleton_2936,singleton,RWF-2000,train/NonFight/rwf_train_nonfight_0733.avi,b5d61fbbfe47dbb11a3c33bef3fc4c62fba0d5f4b516010b77275af3dce75867,0,0,0,train,train,0
singleton_2937,singleton,RWF-2000,train/NonFight/rwf_train_nonfight_0734.avi,ed8b7a79f2cdc1e22f4200d5bc1fd07fccb99844a8f82dec39150dfe0b014968,0,0,0,train,train,0
singleton_2938,singleton,RWF-2000,train/NonFight/rwf_train_nonfight_0735.avi,4a7551dc66e7a33c68a06718c6087a45e144942898f1f0af64164430148916cf,0,0,0,validation,validation,0
singleton_2939,singleton,RWF-2000,train/NonFight/rwf_train_nonfight_0736.avi,c939d9c1d72e0d9199ab0cf939e38212ac82efdcccfa47ef2d7b2ba2573cac2e,0,0,0,train,train,0
singleton_2940,singleton,RWF-2000,train/NonFight/rwf_train_nonfight_0737.avi,9b88cc6ea46867593e73185781241f1037b7d092e6d777ff3b2c708d4866e0c4,0,0,0,train,train,0
singleton_2941,singleton,RWF-2000,train/NonFight/rwf_train_nonfight_0738.avi,f39dd67a16115674c1e4c415a452d4d81d9edb73f59bb5ac0be9de7fcec6b63e,0,0,0,train,train,0
singleton_2942,singleton,RWF-2000,train/NonFight/rwf_train_nonfight_0739.avi,5025eb62f73a1acc0954a4fb044a8028cf0b8b346f0f63cff6858332007b055c,0,0,0,train,train,0
singleton_2943,singleton,RWF-2000,train/NonFight/rwf_train_nonfight_0740.avi,03430ba4472e7eb44481f02d87994b68fda833dc69607f2c028ba2a36d0e4d04,0,0,0,train,train,0
singleton_2944,singleton,RWF-2000,train/NonFight/rwf_train_nonfight_0741.avi,6cd85bb711baaf67159f876168ff78271bb9e1c387d47a21ebdf0ddd71580af4,0,0,0,train,train,0
singleton_2945,singleton,RWF-2000,train/NonFight/rwf_train_nonfight_0742.avi,d2894a746a58a850e74ec9ceee31e2baf29fa94c6b3ebf5e687960a22ab5e9ef,0,0,0,train,train,0
singleton_2946,singleton,RWF-2000,train/NonFight/rwf_train_nonfight_0743.avi,b456b05491a6c254adf077477acc4dc8a7a974127bea27bd8c96c1c9d3d9ca5f,0,0,0,train,train,0
singleton_2947,singleton,RWF-2000,train/NonFight/rwf_train_nonfight_0744.avi,1b92a5444db20d6ea263a6bf28359d21dcae4a5d614a15294a350d138c096550,0,0,0,train,train,0
singleton_2948,singleton,RWF-2000,train/NonFight/rwf_train_nonfight_0745.avi,4c31f8466e4cd5bb7576c486964a0e9fed461d656edaa9508b380aa999037f23,0,0,0,train,train,0
singleton_2949,singleton,RWF-2000,train/NonFight/rwf_train_nonfight_0746.avi,c1de30e93ed10a549e21cc245782bbc6133cd643e06144dd1f848aac30e68d20,0,0,0,validation,validation,0
singleton_2950,singleton,RWF-2000,train/NonFight/rwf_train_nonfight_0747.avi,d392172bf12a59a7d7dee050b26452fb92f18f5ac4a5382986930addd7048c7d,0,0,0,train,train,0
singleton_2951,singleton,RWF-2000,train/NonFight/rwf_train_nonfight_0748.avi,84c1c95a6306015f6c1567a865186f38fbc67d4312f11c68ac2bcf9be0c4f988,0,0,0,train,train,0
singleton_2952,singleton,RWF-2000,train/NonFight/rwf_train_nonfight_0749.avi,992ca849d35081aff8ce54f0d3cdba070c7efdec627b885dfdc38c0eae406217,0,0,0,train,train,0
exact_sha_group_0013,exact_sha256,RWF-2000,train/NonFight/rwf_train_nonfight_0750.avi,73af22960bb0ab55a71c895d96f0a1491a8998b4806b6a1e2a2dc1678619902d,0,0,0,train,train,0
singleton_2953,singleton,RWF-2000,train/NonFight/rwf_train_nonfight_0751.avi,17b0db68971f862bcaa1a5173351bead5dc9d5eb6f3e0b0fe63d22db58c2f940,0,0,0,test,test,0
singleton_2954,singleton,RWF-2000,train/NonFight/rwf_train_nonfight_0752.avi,4c357666a00c474832ed94e8a08b0b4c112f2a0a7cac556f7b3124da2ec1270e,0,0,0,train,train,0
singleton_2955,singleton,RWF-2000,train/NonFight/rwf_train_nonfight_0753.avi,f1c56719bca49314e7c7fa2c596fef9bd6a215126b3fb734dc4f8cdd0d05fa02,0,0,0,train,train,0
singleton_2956,singleton,RWF-2000,train/NonFight/rwf_train_nonfight_0754.avi,34d2a6224749b917fcb4cbc900dbea2236f934340f5c96f1584d14aa8a4733bb,0,0,0,train,train,0
singleton_2957,singleton,RWF-2000,train/NonFight/rwf_train_nonfight_0755.avi,6ae750fbc2c2e6c5546116ab209da06ca23e0953ac598ba1ad9f62bcbf9b22a6,0,0,0,train,train,0
singleton_2958,singleton,RWF-2000,train/NonFight/rwf_train_nonfight_0756.avi,46520b6c1f4f27dc1ed79f50106db6d03bc47e961003b1bd37e6dc9138d09ed2,0,0,0,validation,validation,0
singleton_2959,singleton,RWF-2000,train/NonFight/rwf_train_nonfight_0757.avi,ced2b4a641fe983e530b1ec051fe04a067407966a57ab9c0903987145d0fc443,0,0,0,train,train,0
singleton_2960,singleton,RWF-2000,train/NonFight/rwf_train_nonfight_0758.avi,d415e6743d2f261f9ac0e319039f3a33d59bb6260c431f46aab5421b9362eb6e,0,0,0,train,train,0
exact_sha_group_0010,exact_sha256,RWF-2000,train/NonFight/rwf_train_nonfight_0759.avi,5145462994a96b32aa1ac4d8c20d8919fa6824b39caf868e1643b78c7a86ad40,0,0,0,train,train,0
singleton_2961,singleton,RWF-2000,train/NonFight/rwf_train_nonfight_0760.avi,cf6d9b8e17f573e861bbcad23412310d82eddde0ef68ed7a746b6e9f0e71f96f,0,0,0,train,train,0
singleton_2962,singleton,RWF-2000,train/NonFight/rwf_train_nonfight_0762.avi,1f907653256564694f92a99dda154ef5e1f66a750c5e7ccbcb4af4f435cdb57b,0,0,0,train,train,0
singleton_2963,singleton,RWF-2000,train/NonFight/rwf_train_nonfight_0763.avi,f79ebf8d15ab41a57d29893d299e3def35e858c7fc3e7e379a6deb51a646b2c0,0,0,0,train,train,0
singleton_2964,singleton,RWF-2000,train/NonFight/rwf_train_nonfight_0764.avi,994af5a1419bf59e5225168fd0de7a6018d7abb0ed26312dd8d1af85efa7aff3,0,0,0,test,test,0
singleton_2965,singleton,RWF-2000,train/NonFight/rwf_train_nonfight_0765.avi,d2cf8f80465428b1cda9af1786bb67a967855a340f8cd625a56ba7a848addb5e,0,0,0,test,test,0
singleton_2966,singleton,RWF-2000,train/NonFight/rwf_train_nonfight_0766.avi,3419b2677b2d9542f0505b37c5a99bd8da333a375c4644643e9a2c99b93a2aee,0,0,0,train,train,0
singleton_2967,singleton,RWF-2000,train/NonFight/rwf_train_nonfight_0767.avi,945a89e0f628079f08afefcdc184d7e40d3c4b1c5919db734dc831e188857682,0,0,0,validation,validation,0
singleton_2968,singleton,RWF-2000,train/NonFight/rwf_train_nonfight_0768.avi,6f32a7ea9401fdbe74cebffc41405158c3b03548b12f1dcb7eadde652fcdcf2c,0,0,0,train,train,0
singleton_2969,singleton,RWF-2000,train/NonFight/rwf_train_nonfight_0769.avi,087d7068a1841d2661724e43ba7d6fcf381b11cb415a7cf30caed458dda8fc82,0,0,0,train,train,0
singleton_2970,singleton,RWF-2000,train/NonFight/rwf_train_nonfight_0770.avi,a14561323ac9463cb7420ca437ff67051e37c91c3963b85079a9debc0bbcf0a7,0,0,0,train,train,0
singleton_2971,singleton,RWF-2000,train/NonFight/rwf_train_nonfight_0771.avi,25aa58e07950a575da2f193197e78da115eef96189944b86710272d8e20193ee,0,0,0,test,test,0
singleton_2972,singleton,RWF-2000,train/NonFight/rwf_train_nonfight_0772.avi,b682c0244e0c860df67e6de7d56dd198a0fc803d80fafe02b580545ea370371e,0,0,0,train,train,0
singleton_2973,singleton,RWF-2000,train/NonFight/rwf_train_nonfight_0773.avi,3ab306574a551c1d2c320410f9ea903226721c30082b2f70abb33f02630f8d82,0,0,0,test,test,0
singleton_2974,singleton,RWF-2000,train/NonFight/rwf_train_nonfight_0774.avi,db08c2ffcd31331912f052928ed6a85506ba5f18f2266635b49f483f98a8c085,0,0,0,test,test,0
singleton_2975,singleton,RWF-2000,train/NonFight/rwf_train_nonfight_0775.avi,510f7176b832e604b3dda9737c336706ba3e080653cb4ceca731f64bd54f8575,0,0,0,validation,validation,0
singleton_2976,singleton,RWF-2000,train/NonFight/rwf_train_nonfight_0776.avi,6ac6c4773ac052de784944fe6919265be0dd15d412ea94fcff1cac3a6a0862fc,0,0,0,train,train,0
singleton_2977,singleton,RWF-2000,train/NonFight/rwf_train_nonfight_0777.avi,3f31776d7301e90d3b320e95195e9867926e08723c8ccd9c769e0d00cbd757dc,0,0,0,train,train,0
singleton_2978,singleton,RWF-2000,train/NonFight/rwf_train_nonfight_0778.avi,0923bfff81f25aa050b9dfabcdcec00cb419614da6a2f0c7608fcd4d999334ab,0,0,0,train,train,0
singleton_2979,singleton,RWF-2000,train/NonFight/rwf_train_nonfight_0779.avi,12547607f529baaca38555d86eef113ae8dbb2d4a22d9f698feddee031dbddc2,0,0,0,test,test,0
singleton_2980,singleton,RWF-2000,train/NonFight/rwf_train_nonfight_0780.avi,9df2c33d4aa42e9b47c36a43f82ec82c0f44e739fd00e5a4aacdb0c188ef7464,0,0,0,test,test,0
singleton_2981,singleton,RWF-2000,train/NonFight/rwf_train_nonfight_0781.avi,262fa00fdbed754199b570ed404a56634f42aa22b2803f7c1797da237c35c74b,0,0,0,test,test,0
singleton_2982,singleton,RWF-2000,train/NonFight/rwf_train_nonfight_0782.avi,a21e3451ff16dd07eb764cbfc81883fea27f05b446122e4b71f14ce81bea10dc,0,0,0,test,test,0
singleton_2983,singleton,RWF-2000,train/NonFight/rwf_train_nonfight_0783.avi,742e35e44cd1117a0c53a055c6f9e15f0dbf0ce0e930490c2728dd45a340046c,0,0,0,test,test,0
singleton_2984,singleton,RWF-2000,train/NonFight/rwf_train_nonfight_0784.avi,8012603725b8bbf34e9aee63c1babd5ef2addaa475b68cfcc912195ed970621e,0,0,0,train,train,0
singleton_2985,singleton,RWF-2000,train/NonFight/rwf_train_nonfight_0785.avi,6158cc16b8debd761a39dca4d5e64a84bdc6589c395e7b0d678c2c96c9629707,0,0,0,train,train,0
singleton_2986,singleton,RWF-2000,train/NonFight/rwf_train_nonfight_0786.avi,ad9d6ed45f3b65296aad725d983f1cd0d31e87b3a5f0f3dbf7272ebd0b3d358c,0,0,0,train,train,0
singleton_2987,singleton,RWF-2000,train/NonFight/rwf_train_nonfight_0787.avi,51ac47260722d5066aaa1fea282265c03fde22975a9a37182ef7b5656270c0d2,0,0,0,train,train,0
singleton_2988,singleton,RWF-2000,train/NonFight/rwf_train_nonfight_0788.avi,746f831deb9127b554b85d6485b9239ea513fa15cb4923bda23df3828df07500,0,0,0,train,train,0
singleton_2989,singleton,RWF-2000,train/NonFight/rwf_train_nonfight_0789.avi,def7c7a7ef8769c15bc0d21a681d99798d7d8366cc904d099ddc44c32eef9daf,0,0,0,validation,validation,0
singleton_2990,singleton,RWF-2000,train/NonFight/rwf_train_nonfight_0790.avi,a4f63d2eaacffb1461c89fb6751b145aadfcd590ecb831ce045c6bacf74ffbbb,0,0,0,train,train,0
singleton_2991,singleton,RWF-2000,train/NonFight/rwf_train_nonfight_0791.avi,550685c1e3ea3bd4d57182e99a6dd5e768543faca88b66358a6f4be0e5322e27,0,0,0,train,train,0
singleton_2992,singleton,RWF-2000,train/NonFight/rwf_train_nonfight_0792.avi,e6b4ac0ff40ebec3047839af28f602a29c5c97447c6609b25f13ffaae518a494,0,0,0,train,train,0
singleton_2993,singleton,RWF-2000,train/NonFight/rwf_train_nonfight_0793.avi,438d9b259e8b5295cabe436afe7c8ffbcbc004f39a093cd11e9c7014fe9579b7,0,0,0,train,train,0
singleton_2994,singleton,RWF-2000,train/NonFight/rwf_train_nonfight_0794.avi,a2dbe8c3c628772b0f65f30f950b4d9c3f128d61a0939a2d8975162d2d870bfb,0,0,0,test,test,0
singleton_2995,singleton,RWF-2000,train/NonFight/rwf_train_nonfight_0795.avi,5299f19d4c3764833c68db9d8cb6e4bd561d86f095b75657f49df3c9f26f98d5,0,0,0,validation,validation,0
singleton_2996,singleton,RWF-2000,train/NonFight/rwf_train_nonfight_0796.avi,743b175141a1080ebe49fc73c6ef9ab1e38753b88f4fa5bfec634f2dfe29924e,0,0,0,train,train,0
singleton_2997,singleton,RWF-2000,train/NonFight/rwf_train_nonfight_0797.avi,ee1ca6a6035ee45862b3642d4a1d9b24c6a2ad6ca788d50df23e0e7809546c5e,0,0,0,train,train,0
singleton_2998,singleton,RWF-2000,train/NonFight/rwf_train_nonfight_0798.avi,de53a0fc003e3e68dfa59b20be89caa4f3f18f5405dc1a1ac0622f34a7b00e8d,0,0,0,train,train,0
cluster_0136,perceptual_near_duplicate,RWF-2000,train/NonFight/rwf_train_nonfight_0799.avi,2dd8ec5524857d8165c7da81c4ac8cefe834c81d499f2e2d74601e4787526392,0,0,0,train,train,0
singleton_2999,singleton,RWF-2000,train/NonFight/rwf_train_nonfight_0800.avi,121be465adf87ebbb8d5552624d00ae02e442b38acc653cbed67fd2a70c6e4db,0,0,0,train,train,0
cluster_0084,perceptual_near_duplicate,RWF-2000,val/Fight/rwf_val_fight_0001.avi,2675c60505d92ebced2c2b7cc2d3c13810a797168901f05ac12a19a9e0c7aa53,1,1,0,test,train,1
cluster_0084,perceptual_near_duplicate,RWF-2000,val/Fight/rwf_val_fight_0002.avi,2e0407991bd15cbe279e249c3eef0ca7625644d54caa373b9c26f1320c3c5fc3,1,1,0,train,train,0
singleton_3000,singleton,RWF-2000,val/Fight/rwf_val_fight_0003.avi,b60970dca79f7186ab0cc83303b30c64f02c53964a719c7c98dcae5be7e18c44,1,1,0,train,train,0
cluster_0084,perceptual_near_duplicate,RWF-2000,val/Fight/rwf_val_fight_0004.avi,f263534e13c908a96f5ca2d537005743ea9ab626c584a3a935cab3390557b42b,1,1,0,train,train,0
singleton_3001,singleton,RWF-2000,val/Fight/rwf_val_fight_0005.avi,2f0b0f8848fdba4ecddf61efa9793f20e878a7815445a2d1eeceaa4d0ae6c768,1,1,0,train,train,0
singleton_3002,singleton,RWF-2000,val/Fight/rwf_val_fight_0006.avi,021500d339b9625e2b458dcb6025c8449ac9eee5d00754f5ede84d4aebd2bd4d,1,1,0,test,test,0
cluster_0085,perceptual_near_duplicate,RWF-2000,val/Fight/rwf_val_fight_0007.avi,dda47b4288429c51beeccccb446dd2b7889abc269d3a155b9a32554a35e7bcbd,1,1,0,train,train,0
cluster_0085,perceptual_near_duplicate,RWF-2000,val/Fight/rwf_val_fight_0008.avi,ed1f14af4e54271422b4d99e878baac2dd8b03bafa649ac1dc0671215445796a,1,1,0,train,train,0
cluster_0085,perceptual_near_duplicate,RWF-2000,val/Fight/rwf_val_fight_0009.avi,2e10629eb5dd190a81b3b93ff0dfe35dc8c16eeb8e88a6654a1ddec5d92f4728,1,1,0,test,train,1
singleton_3003,singleton,RWF-2000,val/Fight/rwf_val_fight_0010.avi,311d4e4eadaa6da924430cf72a72305f74c20eff8dc5b785411a050a6ddea286,1,1,0,validation,validation,0
singleton_3004,singleton,RWF-2000,val/Fight/rwf_val_fight_0011.avi,8b0ba9c3483bb89d84faa677d0d6a9c630c963c507e39eba025379953b395511,1,1,0,train,train,0
singleton_3005,singleton,RWF-2000,val/Fight/rwf_val_fight_0012.avi,cdc6870263fe045d050844d788067ee74e1adc114410567c18def11ac2c288e8,1,1,0,train,train,0
singleton_3006,singleton,RWF-2000,val/Fight/rwf_val_fight_0013.avi,4566372d5f76c194e2ff098838c2736c2ff6d9895d43a668e47033c3765de8e7,1,1,0,test,test,0
singleton_3007,singleton,RWF-2000,val/Fight/rwf_val_fight_0014.avi,f11fdb659b9f2821425c7d2b59db1e87f4689804a4299bd92688194f3da6c13b,1,1,0,train,train,0
singleton_3008,singleton,RWF-2000,val/Fight/rwf_val_fight_0015.avi,d6c675f895ddb4ac69f684a1d77f32dc87f0c7d00a1a18fc517f3b0aa35fdfa6,1,1,0,train,train,0
singleton_3009,singleton,RWF-2000,val/Fight/rwf_val_fight_0016.avi,7defee76cbfbe9f147aad244d8b0fc6f8c364ff5780445bdd391153235511f4d,1,1,0,train,train,0
singleton_3010,singleton,RWF-2000,val/Fight/rwf_val_fight_0017.avi,5c61dbaf1eaedd0af66f2276a9822493135c3573c9a76054c0dfb8e0d26c3b9b,1,1,0,train,train,0
singleton_3011,singleton,RWF-2000,val/Fight/rwf_val_fight_0018.avi,11763940776dd3e07a77cb0a42cb28c3e0617db514ed37d899228035f4708631,1,1,0,train,train,0
singleton_3012,singleton,RWF-2000,val/Fight/rwf_val_fight_0019.avi,f01ccafedbbe8aa2d8f7ec0c70f47ecee2c653b0429cc659c3327e7d52612c68,1,1,0,train,train,0
singleton_3013,singleton,RWF-2000,val/Fight/rwf_val_fight_0020.avi,245faea9fb7c2f6f82aecc6ce74d33acc5de1953c38cbe0db90b3cb1cfba73f9,1,1,0,validation,validation,0
singleton_3014,singleton,RWF-2000,val/Fight/rwf_val_fight_0021.avi,542657767e6a5f0d7785dece4f89e9b74473a7b1c5344720e1f77dfce05c7da1,1,1,0,test,test,0
singleton_3015,singleton,RWF-2000,val/Fight/rwf_val_fight_0022.avi,8b5ca15f23431fdfe48456e937a88940863869b3d5156c224617db5b68ab90b2,1,1,0,train,train,0
singleton_3016,singleton,RWF-2000,val/Fight/rwf_val_fight_0023.avi,c240b82abe47c41c986506bf1c230fa12ddddd877139484fb33a6d350cb1aa43,1,1,0,test,test,0
singleton_3017,singleton,RWF-2000,val/Fight/rwf_val_fight_0024.avi,6c96714992047c902f990365ba51d45ffa788c5b3ef3330724e27046ef4d8f0a,1,1,0,train,train,0
singleton_3018,singleton,RWF-2000,val/Fight/rwf_val_fight_0025.avi,e40d8ad4ea736a26e0dda29d0377559e2826604d520b623ca4f146c072a61ffa,1,1,0,train,train,0
singleton_3019,singleton,RWF-2000,val/Fight/rwf_val_fight_0026.avi,7144888d55877b5275c5ab22341cf8c6c23162cb4cf1f4cabf40514f3207d3df,1,1,0,train,train,0
cluster_0146,perceptual_near_duplicate,RWF-2000,val/Fight/rwf_val_fight_0027.avi,322ea847d20071827a4748a9c7d5877ef1c01028e9df569d469df9b6b7877941,1,1,0,test,test,0
cluster_0146,perceptual_near_duplicate,RWF-2000,val/Fight/rwf_val_fight_0028.avi,5e7c04b3fd54648320258385b37f126944fc98d110fdd44cd59ba9c8448613d8,1,1,0,train,test,1
cluster_0188,perceptual_near_duplicate,RWF-2000,val/Fight/rwf_val_fight_0029.avi,04771d703b86a34242255de5b9ff8d246cf5cfaa2ef937cc81d1559fd2cae67e,1,1,0,train,validation,1
cluster_0042,perceptual_near_duplicate,RWF-2000,val/Fight/rwf_val_fight_0030.avi,44d0e15d2193ac452a1f7f476d61db61a799647f63615c1eb6181fe0fc79b861,1,1,0,validation,train,1
cluster_0042,perceptual_near_duplicate,RWF-2000,val/Fight/rwf_val_fight_0031.avi,c376ee14e288e117cba66e584887fd5cf9ca1728abf480c3214cb8111e742bfe,1,1,0,train,train,0
cluster_0042,perceptual_near_duplicate,RWF-2000,val/Fight/rwf_val_fight_0032.avi,9b5004caf0adc0bcccb232a32db537c64368e3e971fe4f7b31db53a69c08ecf7,1,1,0,train,train,0
cluster_0042,perceptual_near_duplicate,RWF-2000,val/Fight/rwf_val_fight_0033.avi,a8fa69d2aee1b75c36a7574059ae813a99b0bbaa382a4fbe107e64a074427317,1,1,0,train,train,0
cluster_0042,perceptual_near_duplicate,RWF-2000,val/Fight/rwf_val_fight_0034.avi,859decacf1bb89b71b11c765052bee27731f6b166aceb991ac26c7faa66e3d9b,1,1,0,train,train,0
cluster_0086,perceptual_near_duplicate,RWF-2000,val/Fight/rwf_val_fight_0035.avi,cf931be790b914c9d4f3332dba2d2ace52593948353fe83866ff9655bc45bb61,1,1,0,train,train,0
cluster_0086,perceptual_near_duplicate,RWF-2000,val/Fight/rwf_val_fight_0036.avi,b491cbb681e065ef53288f9a51398e11d7aecfe61999c861938bd91d838a7d90,1,1,0,test,train,1
singleton_3020,singleton,RWF-2000,val/Fight/rwf_val_fight_0037.avi,38962ec9acd897ec5dc636bb24e550b6312e1d4e7e4eb3c3de2cbaadb3d4733d,1,1,0,train,train,0
singleton_3021,singleton,RWF-2000,val/Fight/rwf_val_fight_0038.avi,cd0afd8a3298e1b73d2071477088ec5f8de5ded6f293f69e3202eb0e6d82f114,1,1,0,train,train,0
singleton_3022,singleton,RWF-2000,val/Fight/rwf_val_fight_0039.avi,fec163b3d50eb1be43e6afda0f905db056cda1fb133928536759028b07d6c752,1,1,0,train,train,0
singleton_3023,singleton,RWF-2000,val/Fight/rwf_val_fight_0040.avi,b9ec9e2508c99204bf9354c6dbac577e8077371b00920aabef921c2e29461bd1,1,1,0,train,train,0
singleton_3024,singleton,RWF-2000,val/Fight/rwf_val_fight_0041.avi,f5e337ce1954828ea757a2cbce77ce6a87092414e131e300f449232ab4107202,1,1,0,train,train,0
cluster_0102,perceptual_near_duplicate,RWF-2000,val/Fight/rwf_val_fight_0042.avi,45d12fe47fc75cd30e471df89dfa3ccd84e2ccfff2c10047217067ab4fb69392,0,1,1,train,validation,1
cluster_0087,perceptual_near_duplicate,RWF-2000,val/Fight/rwf_val_fight_0043.avi,19b2bd590cb49f9d18907ed115784cfe47aca52d56624dbacf7279d94758c3d1,1,1,0,train,train,0
cluster_0087,perceptual_near_duplicate,RWF-2000,val/Fight/rwf_val_fight_0044.avi,cd07f558b7c42cf2091f0f6b4bddd865ad49a58e0d46aadfe69b40df9daea665,1,1,0,train,train,0
cluster_0087,perceptual_near_duplicate,RWF-2000,val/Fight/rwf_val_fight_0045.avi,0237f25a1f0b072e46e8b06fb8a4739dc9892986b143d070daed77b8c74ab54a,1,1,0,test,train,1
singleton_3025,singleton,RWF-2000,val/Fight/rwf_val_fight_0046.avi,3d53b3cb2f3af00bd331067de03043ebfa47ca283f7507abaa6aaa9cd55965fb,1,1,0,train,train,0
singleton_3026,singleton,RWF-2000,val/Fight/rwf_val_fight_0047.avi,51946302e8f8bf1bbc895b77f681222f25fdac9076dc75018aeb64ba35ef677d,1,1,0,train,train,0
singleton_3027,singleton,RWF-2000,val/Fight/rwf_val_fight_0048.avi,798b578e60f2827eb039de641074095dbc63246ba7e0ec100554ee50d277c984,1,1,0,train,train,0
singleton_3028,singleton,RWF-2000,val/Fight/rwf_val_fight_0049.avi,37eb932e46f54d4ac9fb47568c979b09e68e3c1f583e523d1cbfcf6d5ce01977,1,1,0,train,train,0
singleton_3029,singleton,RWF-2000,val/Fight/rwf_val_fight_0050.avi,ba88f72b428ba78f0dd4ab9d4c242f0f1552424e819c9f381d3cb5220c1348fd,1,1,0,train,train,0
singleton_3030,singleton,RWF-2000,val/Fight/rwf_val_fight_0051.avi,adf5127ea8bcfbf0e05a8f51b6be9beb895384eccce0cb49f9adaedb0811b174,1,1,0,train,train,0
singleton_3031,singleton,RWF-2000,val/Fight/rwf_val_fight_0052.avi,131a143e018b1a29bdaa40c802659c49719896bf5922056abf773e3dc04031ea,1,1,0,train,train,0
singleton_3032,singleton,RWF-2000,val/Fight/rwf_val_fight_0053.avi,3ce52593b71576cb16368c618bbc8592a362d0c1e14f718fbf8f14b0e2d38a03,1,1,0,train,train,0
singleton_3033,singleton,RWF-2000,val/Fight/rwf_val_fight_0054.avi,22fcf17baf83d8773d9f307db94b82af480b45d46d072e9adce47cec5c737baa,1,1,0,train,train,0
singleton_3034,singleton,RWF-2000,val/Fight/rwf_val_fight_0055.avi,fa6222f88fcf2a586f3ddb54c2747d0e660d657df0be6eb62cecf58b8a42e0c1,1,1,0,train,train,0
singleton_3035,singleton,RWF-2000,val/Fight/rwf_val_fight_0056.avi,81dd72ec460e1102f63d9550dfa18b3e0d457804dc8757d8cb9a66eabedecc67,1,1,0,train,train,0
singleton_3036,singleton,RWF-2000,val/Fight/rwf_val_fight_0057.avi,d308cf7b99cba11f2c632a03f4bdcc2bbd954d967499c019ad3a2364fd4b6c0c,1,1,0,train,train,0
singleton_3037,singleton,RWF-2000,val/Fight/rwf_val_fight_0058.avi,b5ccc467f43b40ea8d10d1631184d26f9354b55ed2bf09b309c7417383a52703,1,1,0,train,train,0
singleton_3038,singleton,RWF-2000,val/Fight/rwf_val_fight_0059.avi,6fefce7ec4831ce1476bbac9c7927d181a8a938574ff53d7d47818bf7dd777e8,1,1,0,validation,validation,0
singleton_3039,singleton,RWF-2000,val/Fight/rwf_val_fight_0060.avi,6432ebc6e7e403d62b14d58c2b4f87a7b170bef9e1a73c1518b1c0f97ef00210,1,1,0,train,train,0
singleton_3040,singleton,RWF-2000,val/Fight/rwf_val_fight_0061.avi,be9f9ec3f3bd825b188893838108f34ea55c683a1f5466d66ff2daf02c93dc88,1,1,0,train,train,0
singleton_3041,singleton,RWF-2000,val/Fight/rwf_val_fight_0062.avi,0de797c314484ec8a84d5ae78f2cb6f58916c2729a7390dce06dd8ab738f2511,1,1,0,train,train,0
singleton_3042,singleton,RWF-2000,val/Fight/rwf_val_fight_0063.avi,c71399a1d057071b7f063c5ffb96a0465e08c0874c53264e3e55905c9f1f6bba,1,1,0,test,test,0
cluster_0062,perceptual_near_duplicate,RWF-2000,val/Fight/rwf_val_fight_0064.avi,5ce640af8d5939302ede9da0b75cd5c67e60df55d97aaa8e5eb59457e5864321,1,1,0,validation,test,1
cluster_0062,perceptual_near_duplicate,RWF-2000,val/Fight/rwf_val_fight_0065.avi,5a0150b56bf4c40489d1a655bd39104dba1b58748971ea9164fe42c894888f08,1,1,0,test,test,0
singleton_3043,singleton,RWF-2000,val/Fight/rwf_val_fight_0066.avi,1a9c78f04745ca40ead40922db882cec38ab87e429b1f3628fe83d895ffa7c81,1,1,0,test,test,0
cluster_0062,perceptual_near_duplicate,RWF-2000,val/Fight/rwf_val_fight_0067.avi,104beb5cc89457c5af91d0848bdced77e195dd3c79652e0986b64a65c8423ad3,1,1,0,test,test,0
cluster_0062,perceptual_near_duplicate,RWF-2000,val/Fight/rwf_val_fight_0068.avi,ad7c8c20bc940f14746b3b91b69a78f24d91881fd86d36e6122ceec04c9cf2f4,1,1,0,train,test,1
singleton_3044,singleton,RWF-2000,val/Fight/rwf_val_fight_0069.avi,3c36690d9147762cdd90be0909a3a79eee399fe2e13af456969661d1ba329f82,1,1,0,validation,validation,0
cluster_0189,perceptual_near_duplicate,RWF-2000,val/Fight/rwf_val_fight_0070.avi,d0a272935005a8e36cb1ca9b0429426cffa53f66c100e3c092f74d2ea6d456bc,1,1,0,train,validation,1
singleton_3045,singleton,RWF-2000,val/Fight/rwf_val_fight_0071.avi,d1ade31c2e94e36f696d1ec7619052b670fb049944e2c4d3b8d3b0611689737a,1,1,0,train,train,0
singleton_3046,singleton,RWF-2000,val/Fight/rwf_val_fight_0072.avi,e17f163aef2342c22853ee62e7ce2696ed7f23e399ef58e332849574a4522a3b,1,1,0,train,train,0
singleton_3047,singleton,RWF-2000,val/Fight/rwf_val_fight_0073.avi,1a09310cac9395352f2883005ec67910d33edc2003dea74c081acbef54e9665c,1,1,0,train,train,0
cluster_0034,perceptual_near_duplicate,RWF-2000,val/Fight/rwf_val_fight_0074.avi,e7985cafe708e53c8faffb17300b7b09a2cbbdf1eee1110e80a88ff9fc478cef,1,1,0,test,train,1
cluster_0034,perceptual_near_duplicate,RWF-2000,val/Fight/rwf_val_fight_0075.avi,f23eabfddef2b6bad8719425d4b433c093c000ff8b1d5216e339ca28f2ac3ea5,1,1,0,train,train,0
cluster_0034,perceptual_near_duplicate,RWF-2000,val/Fight/rwf_val_fight_0076.avi,39fbd341523a6c7e695b48998869aed1cdb66be9c3c6110b72f335d00135d55c,1,1,0,train,train,0
cluster_0034,perceptual_near_duplicate,RWF-2000,val/Fight/rwf_val_fight_0077.avi,330d92b037909c5ee09999f99bbd88ea9d3f3047d1f78babc1fc44bb4b6bf155,1,1,0,test,train,1
cluster_0034,perceptual_near_duplicate,RWF-2000,val/Fight/rwf_val_fight_0078.avi,9ed68524fb74be0d44ae3898d2fc5efd1decc99dc5b34834f23ab62b506d17a3,1,1,0,train,train,0
cluster_0020,perceptual_near_duplicate,RWF-2000,val/Fight/rwf_val_fight_0079.avi,a0f6032d3c74529328b86a5e882c2038f9862decdd59df1387d0a5ada9f37475,1,1,0,train,train,0
cluster_0020,perceptual_near_duplicate,RWF-2000,val/Fight/rwf_val_fight_0080.avi,fb9dad6b1cd16aec6a574d2df0c12f1cc149b23b77e04bc7c961a0f3f19df1d1,1,1,0,train,train,0
cluster_0147,perceptual_near_duplicate,RWF-2000,val/Fight/rwf_val_fight_0081.avi,898e74ef4b465a939a76ed399c539076be646d60a98816a2e449b2a4b70260a9,1,1,0,train,test,1
cluster_0147,perceptual_near_duplicate,RWF-2000,val/Fight/rwf_val_fight_0082.avi,9539219cd7325816ea1ee54db16428fc63bda36e9f679b3319050bae69b990cd,1,1,0,test,test,0
cluster_0020,perceptual_near_duplicate,RWF-2000,val/Fight/rwf_val_fight_0083.avi,0537ef9d17544d442644b2d840fe2999f5c8523cf5f648a7f4d796157f24092b,1,1,0,test,train,1
cluster_0020,perceptual_near_duplicate,RWF-2000,val/Fight/rwf_val_fight_0084.avi,5777eba067fe3fd8da7dc14fd4b8513fa8f1b56c2719b7d3b81895f092a0a4f6,1,1,0,train,train,0
cluster_0020,perceptual_near_duplicate,RWF-2000,val/Fight/rwf_val_fight_0085.avi,3a78ddc3bb842fd12918b7476ce0a9e31db45af8623994eb6e467bf34865f396,1,1,0,train,train,0
cluster_0007,perceptual_near_duplicate,RWF-2000,val/Fight/rwf_val_fight_0086.avi,a956cf85a8bed6aa6eceb91376941e3d1a75169b732c1d95cca0af4978f306b7,1,1,0,train,train,0
cluster_0007,perceptual_near_duplicate,RWF-2000,val/Fight/rwf_val_fight_0087.avi,4966e3a8b1f8580b93a4783fd982d239051b21567b47463e1485c2f3e141f69a,1,1,0,test,train,1
cluster_0007,perceptual_near_duplicate,RWF-2000,val/Fight/rwf_val_fight_0088.avi,5c7517bc697da99e9f366716901c1b2ab46de2fb7c0cae324d0e735c5224eb5e,1,1,0,test,train,1
cluster_0007,perceptual_near_duplicate,RWF-2000,val/Fight/rwf_val_fight_0089.avi,79ae4d6ae5b236c4c43d54e255fa0675a3b51d4588a52f439febb603690f33e2,1,1,0,train,train,0
cluster_0007,perceptual_near_duplicate,RWF-2000,val/Fight/rwf_val_fight_0090.avi,2bffb6dd79c0831b11bdd8ec8e93c755d343a94db6a64e1ffeb76d41fc7ecff9,1,1,0,train,train,0
cluster_0007,perceptual_near_duplicate,RWF-2000,val/Fight/rwf_val_fight_0091.avi,b508959be1be7317eb0d944cf051b035d583df3b2f92a98e312c60a654272936,1,1,0,train,train,0
singleton_3048,singleton,RWF-2000,val/Fight/rwf_val_fight_0092.avi,ec6649665aad4530270ae29e6b8d2c84f42e3cbeda5218385559dc29e8afb2c7,1,1,0,train,train,0
singleton_3049,singleton,RWF-2000,val/Fight/rwf_val_fight_0093.avi,899ee0ece1bf3a0856d5103b3ec60db778db052c3d71021944d2f64ecdd83426,1,1,0,train,train,0
singleton_3050,singleton,RWF-2000,val/Fight/rwf_val_fight_0094.avi,945d9488f6ae275b8c0b2d8dddf97aca5a50429ba815e6e8c134e85d99ab9220,1,1,0,train,train,0
singleton_3051,singleton,RWF-2000,val/Fight/rwf_val_fight_0095.avi,48894a4e5821b560ada98fba2075e780d5402e139d3ae97e840454feed0c771b,1,1,0,train,train,0
singleton_3052,singleton,RWF-2000,val/Fight/rwf_val_fight_0096.avi,e502970cf7ab2965b98d321641dcec8da9b308938adbfbd47032beac2615da9e,1,1,0,train,train,0
singleton_3053,singleton,RWF-2000,val/Fight/rwf_val_fight_0097.avi,fb42a016db7146b9ce2f553c6f9f6f2f4c022a09a14c7b9cc7bbea63e213119b,1,1,0,test,test,0
singleton_3054,singleton,RWF-2000,val/Fight/rwf_val_fight_0098.avi,d825fbcaa87132707123ef81b8a91abf6174546ff96754d7c0e0ff7e93d48681,1,1,0,train,train,0
singleton_3055,singleton,RWF-2000,val/Fight/rwf_val_fight_0099.avi,a231aee86c1295ad34fbc78259bf1243bffa5af35feee17068d60c08fac25734,1,1,0,train,train,0
singleton_3056,singleton,RWF-2000,val/Fight/rwf_val_fight_0100.avi,2702d121f98730317baec4e1b74178d96bab7b807c4cd04e27337fd6201cc5cc,1,1,0,train,train,0
singleton_3057,singleton,RWF-2000,val/Fight/rwf_val_fight_0101.avi,e22c4356d4371256e7bfd4d152e998f651579cc588eb19904e7ca35e95533336,1,1,0,train,train,0
singleton_3058,singleton,RWF-2000,val/Fight/rwf_val_fight_0102.avi,510c66af044005d6e4d3bcf3ca36fb939aa91073603301cb91c4f4537f869904,1,1,0,train,train,0
singleton_3059,singleton,RWF-2000,val/Fight/rwf_val_fight_0103.avi,5cfad036af14372cacf8dc8d45d61ba28b64ade9d929fcb74fce3a98ea1a2f8d,1,1,0,train,train,0
singleton_3060,singleton,RWF-2000,val/Fight/rwf_val_fight_0104.avi,7c04b5d67acfb1db657391dffd836f52d1a5ad769d6a8a5eecf4cdb423a38fca,1,1,0,train,train,0
singleton_3061,singleton,RWF-2000,val/Fight/rwf_val_fight_0105.avi,8741ccbe5a01648a14c3d26f63db8072d0b61efd386dff0bb1b716ff0891a2a5,1,1,0,train,train,0
singleton_3062,singleton,RWF-2000,val/Fight/rwf_val_fight_0106.avi,84241929e98f4edf716e55571c5d1a1a7db06e355e399e281327cf9a6a46b21a,1,1,0,train,train,0
singleton_3063,singleton,RWF-2000,val/Fight/rwf_val_fight_0107.avi,6afa57d3ffee2c2b46d9f0f098a61a8191c38ccd57b169757f16da64cf603b51,1,1,0,validation,validation,0
singleton_3064,singleton,RWF-2000,val/Fight/rwf_val_fight_0108.avi,149cd8474cdd5e9fa200f8411c39bbfafdafa64bf7c2551b05b849eabe7af450,1,1,0,train,train,0
cluster_0035,perceptual_near_duplicate,RWF-2000,val/Fight/rwf_val_fight_0109.avi,a4064a1b9862635d7be7213a674d7bf4fbcb53205e2da4af00e75cc76bf6a323,1,1,0,train,test,1
cluster_0035,perceptual_near_duplicate,RWF-2000,val/Fight/rwf_val_fight_0110.avi,06c860dcfc461f74e9d48add2ab53947d500dc1cb1bce99b292478d8a4a959ae,1,1,0,train,test,1
cluster_0035,perceptual_near_duplicate,RWF-2000,val/Fight/rwf_val_fight_0111.avi,6bd0662da957bbcd4757a35ce440fa709c7212de5ac23dfd52fb808d65bba498,1,1,0,test,test,0
singleton_3065,singleton,RWF-2000,val/Fight/rwf_val_fight_0112.avi,b515cebf77d3129572f2326ae642b12b2665c63c6da79cbc178a4fb05f29129c,1,1,0,train,train,0
singleton_3066,singleton,RWF-2000,val/Fight/rwf_val_fight_0113.avi,0901e44b984661cf546ec6c72bd7773b89c2fd6b4d1ca16565df5b1ddd65806d,1,1,0,validation,validation,0
singleton_3067,singleton,RWF-2000,val/Fight/rwf_val_fight_0114.avi,94057ff8375c652f4ae6ebe709c612e9718fb6deeb3e6800af4b75a2b6042d54,1,1,0,train,train,0
singleton_3068,singleton,RWF-2000,val/Fight/rwf_val_fight_0115.avi,e047ea2ba622af1ca8e5864eafdc97f670ff3ca50ce57341495f2009a104f69b,1,1,0,validation,validation,0
singleton_3069,singleton,RWF-2000,val/Fight/rwf_val_fight_0116.avi,ef181cff2e9fa4572b795dcd8c404ee5a44a57a40c9657927636f4e5aed4d449,1,1,0,train,train,0
singleton_3070,singleton,RWF-2000,val/Fight/rwf_val_fight_0117.avi,d2a15d4f0e6d80ac6811fc4924fb5f172962494504b9f1e14e158454214fea0d,1,1,0,train,train,0
singleton_3071,singleton,RWF-2000,val/Fight/rwf_val_fight_0118.avi,49739085799244f93146a4545356be4610d401eed302ecead4c7ee950fc883e0,1,1,0,validation,validation,0
singleton_3072,singleton,RWF-2000,val/Fight/rwf_val_fight_0119.avi,ba24c4393eb0f4017220791baf945be6f7a636b3802ff468bea03f9b5a505714,1,1,0,train,train,0
singleton_3073,singleton,RWF-2000,val/Fight/rwf_val_fight_0120.avi,cbbaa707180013318d327415ba04a3a82c187fc4baaf6a66976af5bab5b56703,1,1,0,train,train,0
singleton_3074,singleton,RWF-2000,val/Fight/rwf_val_fight_0121.avi,8951091633a4732d09203808df7d4ba2e2e5ccca96fb2440d0e456056c83e0f3,1,1,0,train,train,0
singleton_3075,singleton,RWF-2000,val/Fight/rwf_val_fight_0122.avi,5f593e3154fea7c69044dba3b41b05532c3994acfbd79de94cbcbb3965e063ec,1,1,0,train,train,0
singleton_3076,singleton,RWF-2000,val/Fight/rwf_val_fight_0123.avi,7a25a8a322a8694a0487cab8076b926dda5908e4241795c77fdd47a349443f12,1,1,0,train,train,0
singleton_3077,singleton,RWF-2000,val/Fight/rwf_val_fight_0124.avi,444b117eb09a529680b2c47b877aaf182f67cc5a31141a0d24697ddc3f7a8eac,1,1,0,train,train,0
singleton_3078,singleton,RWF-2000,val/Fight/rwf_val_fight_0125.avi,bded52dbdad3a4c093ce09a6a2e1f9ff803bf921a0a2cf616b5a9f42946a1e92,1,1,0,validation,validation,0
singleton_3079,singleton,RWF-2000,val/Fight/rwf_val_fight_0126.avi,b1091bee4818af2071b9b2ce023e7b8bb997d59293f1e339c6ae57ed309c84c1,1,1,0,train,train,0
singleton_3080,singleton,RWF-2000,val/Fight/rwf_val_fight_0127.avi,2ee45af26c1b8a163c88f68c5ca48697f0be0be87db4896dd7b4ea29a596eba9,1,1,0,train,train,0
singleton_3081,singleton,RWF-2000,val/Fight/rwf_val_fight_0128.avi,ecab487102ff042793f347a753b7825f2a3760e619177b88906e96120e5c0eaf,1,1,0,train,train,0
singleton_3082,singleton,RWF-2000,val/Fight/rwf_val_fight_0129.avi,2e9fe934671aa3b89fa871a740c36977efdc579ea384d2473d57c15bf31fa583,1,1,0,train,train,0
singleton_3083,singleton,RWF-2000,val/Fight/rwf_val_fight_0130.avi,5c6932c16d9cbe3b9c1d235a545b7520c851ac265cf91c518e41db2356248d2b,1,1,0,train,train,0
singleton_3084,singleton,RWF-2000,val/Fight/rwf_val_fight_0131.avi,83860072799a5c3a2e946cf6a360dbf5fa17fcc061894f854b51cba2ba4d7265,1,1,0,train,train,0
singleton_3085,singleton,RWF-2000,val/Fight/rwf_val_fight_0132.avi,93f332674bf87cb1a82db6823cfddd1be995f4643a757df148dcdc5fdac2e99f,1,1,0,train,train,0
singleton_3086,singleton,RWF-2000,val/Fight/rwf_val_fight_0133.avi,01e6d452674786452566898a8839679e6fb239d1ca344f5fb04f102ebee5349d,1,1,0,train,train,0
singleton_3087,singleton,RWF-2000,val/Fight/rwf_val_fight_0134.avi,572a7bbd506a45cb90f00bc1a6534ea88a3178e9a792de398493f7ae85f575a3,1,1,0,train,train,0
singleton_3088,singleton,RWF-2000,val/Fight/rwf_val_fight_0135.avi,bb779998a03e7474871204ea6a914c488ec806f7cb01aa5a159858182ab8b7dd,1,1,0,train,train,0
singleton_3089,singleton,RWF-2000,val/Fight/rwf_val_fight_0136.avi,cda853c72fa7da19bbc6daf669b125c543fb5a6657d0d2ac8b062575225c956b,1,1,0,test,test,0
singleton_3090,singleton,RWF-2000,val/Fight/rwf_val_fight_0137.avi,b0f35b1a31b8ee31f3b803ee399808c1a87289a8edda9aa285b8b7a81d3665b8,1,1,0,train,train,0
singleton_3091,singleton,RWF-2000,val/Fight/rwf_val_fight_0138.avi,c11453c5a0368634f78137c26c1d4529f1d1f4eac04c90e6f347faddadd728d0,1,1,0,train,train,0
singleton_3092,singleton,RWF-2000,val/Fight/rwf_val_fight_0139.avi,94403080193366c93ea129b25b48b411471a15364bd12ea256bf7cca3f3eaac3,1,1,0,train,train,0
singleton_3093,singleton,RWF-2000,val/Fight/rwf_val_fight_0140.avi,f40bd3ce27f29f48b9bd863eaf927681cbd4785eafee7c63c32bfd186b822381,1,1,0,train,train,0
singleton_3094,singleton,RWF-2000,val/Fight/rwf_val_fight_0141.avi,6abe994cd9d8fe382fcc9d58c9b8266a51bd5e49155527ac5fe493c33121510c,1,1,0,train,train,0
singleton_3095,singleton,RWF-2000,val/Fight/rwf_val_fight_0142.avi,342052bc58f54f0148198e03f47f5c161333afe8d64b471e531a9ebaa1e166cb,1,1,0,train,train,0
singleton_3096,singleton,RWF-2000,val/Fight/rwf_val_fight_0143.avi,24602abc4c1d8e322f2eeb8bf684c82984b028f0253919b50adb7c94dafd10e2,1,1,0,train,train,0
singleton_3097,singleton,RWF-2000,val/Fight/rwf_val_fight_0144.avi,36589c1342bfbd509482dcd8c469573797ac21b4a463731f1dced0dd02b13ef4,1,1,0,test,test,0
singleton_3098,singleton,RWF-2000,val/Fight/rwf_val_fight_0145.avi,a9bac094b9ac1b613536f05bc4ee337514fa7ee9202b8e3a5a9508934e51ecf4,1,1,0,train,train,0
singleton_3099,singleton,RWF-2000,val/Fight/rwf_val_fight_0146.avi,3420f55a10723a3ffa1e880ade253db829f1618e66a4511bb2719956cd15d883,1,1,0,train,train,0
cluster_0148,perceptual_near_duplicate,RWF-2000,val/Fight/rwf_val_fight_0147.avi,e78692a8d11ec8d845e64a49d7129433f814eeed990497994ff60fe9f3fb5f5f,1,1,0,train,test,1
singleton_3100,singleton,RWF-2000,val/Fight/rwf_val_fight_0148.avi,2c418592c3cf34e61b371ce4e9da41799ee422e96c81618e54ea14f3e2e9af59,1,1,0,test,test,0
singleton_3101,singleton,RWF-2000,val/Fight/rwf_val_fight_0149.avi,4c5e5e385138dbca194d3245325e66cfb1e7c52423ed6630fdf58e547b484a17,1,1,0,train,train,0
cluster_0148,perceptual_near_duplicate,RWF-2000,val/Fight/rwf_val_fight_0150.avi,79626bf77fab968d855f1e97cdd853cef163d32013eb0095f0f1da6461946009,1,1,0,test,test,0
singleton_3102,singleton,RWF-2000,val/Fight/rwf_val_fight_0151.avi,2327862244d5b97544304ecda760991fdc0f4f2b848fa40e24bc13143e1c8868,1,1,0,test,test,0
singleton_3103,singleton,RWF-2000,val/Fight/rwf_val_fight_0152.avi,17fa684a422d29923369b624252a2d8a12ddb7c4526fb23d7494e2d5f5557e57,1,1,0,train,train,0
singleton_3104,singleton,RWF-2000,val/Fight/rwf_val_fight_0153.avi,f87fc2cca4f7127cc367ec493ab68a63e89337076fb12fa9296a764ca0daa5f2,1,1,0,train,train,0
singleton_3105,singleton,RWF-2000,val/Fight/rwf_val_fight_0154.avi,1fd3140119ce4d66e468f6a2312fea07038259646e0e0aa5fa2952b1eb9eede3,1,1,0,test,test,0
singleton_3106,singleton,RWF-2000,val/Fight/rwf_val_fight_0155.avi,032e87577a98b106a889ba61f6b8bffb2824e54584b49aadb58a376aa6a124ae,1,1,0,train,train,0
cluster_0088,perceptual_near_duplicate,RWF-2000,val/Fight/rwf_val_fight_0156.avi,e321d62c451fc134ea5e2db77035329908846ceff6ff9927f3c8c298862e31f2,1,1,0,train,train,0
cluster_0088,perceptual_near_duplicate,RWF-2000,val/Fight/rwf_val_fight_0157.avi,d9155a4c482aeafa2936f45332078ded46715c86e4a678208c1f1554965a0e6e,1,1,0,test,train,1
cluster_0088,perceptual_near_duplicate,RWF-2000,val/Fight/rwf_val_fight_0158.avi,cfe1fd4770241474af2414ee4083b76ecb8995214cc65d821b84a853c9a397fb,1,1,0,train,train,0
singleton_3107,singleton,RWF-2000,val/Fight/rwf_val_fight_0159.avi,21d9e9c2a8bebd6749e12c5eb7374171c0ea20be580b20c37e5b4857249d17c5,1,1,0,train,train,0
singleton_3108,singleton,RWF-2000,val/Fight/rwf_val_fight_0160.avi,e5010c9fd67cfb2a3c9231552cacac9a0d9e603cf7c5d2e97023c44412ff88e1,1,1,0,train,train,0
singleton_3109,singleton,RWF-2000,val/Fight/rwf_val_fight_0161.avi,0291dd700d8c189cb61f596457d909835f1c9ff6f966f792d0bfe8df46fe363e,1,1,0,train,train,0
cluster_0036,perceptual_near_duplicate,RWF-2000,val/Fight/rwf_val_fight_0162.avi,bf1f23192966cc8161e38223611953dac3defdb091b73a929077fd125543bbdc,1,1,0,validation,test,1
cluster_0036,perceptual_near_duplicate,RWF-2000,val/Fight/rwf_val_fight_0163.avi,bf04c8e9898cb4fee4c636621ee191de7212c8d229a87933ce4c82608b972e6c,1,1,0,validation,test,1
cluster_0036,perceptual_near_duplicate,RWF-2000,val/Fight/rwf_val_fight_0164.avi,33f219cff53feb6a9a92bb75134816d7dbb3124df11f6a98a987cde3f37f6bca,1,1,0,train,test,1
cluster_0036,perceptual_near_duplicate,RWF-2000,val/Fight/rwf_val_fight_0165.avi,242aa37fbdc6e40166ebf3bb172ec038bf5ba04372641139d3e57cc340f28f57,1,1,0,test,test,0
cluster_0036,perceptual_near_duplicate,RWF-2000,val/Fight/rwf_val_fight_0166.avi,ed6b897b58efc07a60dd8a7a18273c52f9ef5e2418ba68e2e47ebf3343293a08,1,1,0,test,test,0
cluster_0149,perceptual_near_duplicate,RWF-2000,val/Fight/rwf_val_fight_0167.avi,bd4b6579d6ca1f7c723628382952aa8584866a0d17663761657bec9c06e20938,1,1,0,test,test,0
singleton_3110,singleton,RWF-2000,val/Fight/rwf_val_fight_0168.avi,7be806748e4bb97ddce082e0cf78a9939552af3c16e3948a50944926406a2308,1,1,0,train,train,0
cluster_0149,perceptual_near_duplicate,RWF-2000,val/Fight/rwf_val_fight_0169.avi,dcae560faef2143271bc80c308cab117c5dda30d6107612295995f6139df97e2,1,1,0,train,test,1
singleton_3111,singleton,RWF-2000,val/Fight/rwf_val_fight_0170.avi,2af8bd020dec708efa52695ef8d048244aaae2e7b91ac967b40661f244010301,1,1,0,train,train,0
singleton_3112,singleton,RWF-2000,val/Fight/rwf_val_fight_0171.avi,f3bac226f19cac7e8ac42b75a1abd4c80480b9589ca63655c3e5eaca148124d0,1,1,0,validation,validation,0
singleton_3113,singleton,RWF-2000,val/Fight/rwf_val_fight_0172.avi,231a6bdd0f6658a2f499cbe435f17c62731856cf42e0b2097aa624b0cd4a5659,1,1,0,train,train,0
singleton_3114,singleton,RWF-2000,val/Fight/rwf_val_fight_0173.avi,42a212f60c2020ddabfa41bff7cd738955af9466d8f0b8ead81b0f28297419f7,1,1,0,train,train,0
singleton_3115,singleton,RWF-2000,val/Fight/rwf_val_fight_0174.avi,9d413218dc2bd97766867d74ea50813cecfab9c5d0ca12c09aa377d06fa1a8a0,1,1,0,train,train,0
singleton_3116,singleton,RWF-2000,val/Fight/rwf_val_fight_0175.avi,fa8ac7c1d0fe9d52ce0761004024c699738db527d2e4feebdadc99d070114dd8,1,1,0,test,test,0
cluster_0190,perceptual_near_duplicate,RWF-2000,val/Fight/rwf_val_fight_0176.avi,f007fec0687bdcd7a5d9a1a3678ab08d19d0689b7f087d81583f81fac7e2e3ba,1,1,0,validation,validation,0
cluster_0190,perceptual_near_duplicate,RWF-2000,val/Fight/rwf_val_fight_0177.avi,8948104c620c36e25a73f3f7008bbb6547eecbb5fd01e431858c03bc917f8580,1,1,0,train,validation,1
singleton_3117,singleton,RWF-2000,val/Fight/rwf_val_fight_0178.avi,55ff3f5731ab5d1001325786593b02102dc137c87b6051905f4e6932c22ad586,1,1,0,train,train,0
singleton_3118,singleton,RWF-2000,val/Fight/rwf_val_fight_0179.avi,00115842d3ab7d4ded330b2660d30f14df1e94fb746a8cd0cdf649fe1d503ad8,1,1,0,train,train,0
singleton_3119,singleton,RWF-2000,val/Fight/rwf_val_fight_0180.avi,868825d7b68828d89d22ca56c45719784ad78946a90c6d69e1bd46fdd540e381,1,1,0,validation,validation,0
cluster_0063,perceptual_near_duplicate,RWF-2000,val/Fight/rwf_val_fight_0181.avi,b0e963a3903d6f1fa49b701689947e783f4511f3d05e7c231027b25e50833f27,1,1,0,validation,validation,0
cluster_0063,perceptual_near_duplicate,RWF-2000,val/Fight/rwf_val_fight_0182.avi,f15e57555c397aeb324dd5c55d2beb1bfe965312dce3a51acc77ee5354b4d592,1,1,0,test,validation,1
cluster_0063,perceptual_near_duplicate,RWF-2000,val/Fight/rwf_val_fight_0183.avi,04891b687702412884e308af4cf5c3134d62e2a4725df1cdc43cbcc134bee30f,1,1,0,validation,validation,0
cluster_0063,perceptual_near_duplicate,RWF-2000,val/Fight/rwf_val_fight_0184.avi,a54acd891d021475d17e3afde3e754f5d8a24c095305d1e8263eb62c547cfaa4,1,1,0,train,validation,1
cluster_0024,perceptual_near_duplicate,RWF-2000,val/Fight/rwf_val_fight_0185.avi,5f3b56d5d23aa969e20697bc93e3d0ed40ae3a2774391dd97f69432a5c50f028,1,1,0,train,train,0
cluster_0024,perceptual_near_duplicate,RWF-2000,val/Fight/rwf_val_fight_0186.avi,0b7c86a9fe90cb47a0066fcf72565f26caf598295f5b254f2a4e944027b8c8c2,1,1,0,train,train,0
cluster_0024,perceptual_near_duplicate,RWF-2000,val/Fight/rwf_val_fight_0187.avi,e720c28177bc09153962c243596675dc20b259116e671f4ad9efcda34632a977,1,1,0,train,train,0
cluster_0024,perceptual_near_duplicate,RWF-2000,val/Fight/rwf_val_fight_0188.avi,28eb10b7462309ebf00ed079e1790d660b2aa9790f7f0c8826bedb981c0784e4,1,1,0,train,train,0
cluster_0024,perceptual_near_duplicate,RWF-2000,val/Fight/rwf_val_fight_0189.avi,70cc8acce051dd5f21e074a590088b0f905c0022d959dc297befbcf9b78510d2,1,1,0,validation,train,1
singleton_3120,singleton,RWF-2000,val/Fight/rwf_val_fight_0190.avi,8293f4bffc26dad1fb5a376e562cc8bf94b335bcce5fc3d76f44d3e8c40a38b8,1,1,0,train,train,0
singleton_3121,singleton,RWF-2000,val/Fight/rwf_val_fight_0191.avi,af8075fc03f837593953593825f093157009d9049922f04db8a9023709d5bd31,1,1,0,train,train,0
singleton_3122,singleton,RWF-2000,val/Fight/rwf_val_fight_0192.avi,9c1b362d55b2e5026348d31b1b77db0194ee7489a8c22fa9dfdf7233adcd8438,1,1,0,train,train,0
cluster_0089,perceptual_near_duplicate,RWF-2000,val/Fight/rwf_val_fight_0193.avi,1f2ea94cff7c34c879587ec8cbd65f25de3f4c929cabaa59f80ede36b7f4e04d,1,1,0,train,train,0
cluster_0089,perceptual_near_duplicate,RWF-2000,val/Fight/rwf_val_fight_0194.avi,9bd595c4e85de8388934b026c2f788060786329f8b7bd48be206470f486c0e0f,1,1,0,test,train,1
cluster_0089,perceptual_near_duplicate,RWF-2000,val/Fight/rwf_val_fight_0195.avi,4e7b7a5f59b9c34c8c460652d21a59421302bc0b57189612b02ab79c0c07e2c2,1,1,0,train,train,0
singleton_3123,singleton,RWF-2000,val/Fight/rwf_val_fight_0196.avi,1ad21cb29114cdaab329c8915ce11b117eb659a1bdff0a4a86977a003b621010,1,1,0,train,train,0
singleton_3124,singleton,RWF-2000,val/Fight/rwf_val_fight_0197.avi,954b01eb38930165b30ce8c9bac5b6ae4d554e1b36e462f6b850131a79146623,1,1,0,train,train,0
singleton_3125,singleton,RWF-2000,val/Fight/rwf_val_fight_0198.avi,0a1201c59342686209cff6866082040dc3261da3244211cc6d4baa39a205ed80,1,1,0,train,train,0
singleton_3126,singleton,RWF-2000,val/Fight/rwf_val_fight_0199.avi,a09fd2b4234811dd2f09c8b8cf540224431c2b680f06a8df5ecd8b4f5315dde6,1,1,0,train,train,0
singleton_3127,singleton,RWF-2000,val/Fight/rwf_val_fight_0200.avi,d01666179841eb48367dc2c0276f45121e77a732494e97aabf7a4432f3051eb3,1,1,0,train,train,0
singleton_3128,singleton,RWF-2000,val/NonFight/rwf_val_nonfight_0001.avi,ad9eec1fcd033b4000bf309fc99153e6f96c3a23abdf26415ee3e10099b4fdeb,0,0,0,validation,validation,0
singleton_3129,singleton,RWF-2000,val/NonFight/rwf_val_nonfight_0002.avi,b49f4d315d1c65b30e0a240ce382351409c70d397694de46f132e1eec60c1378,0,0,0,train,train,0
singleton_3130,singleton,RWF-2000,val/NonFight/rwf_val_nonfight_0003.avi,0a241944b6d301cf603d537f6ca732bfcefdebd01ccde86f9025dbf3b0d7ac0c,0,0,0,train,train,0
singleton_3131,singleton,RWF-2000,val/NonFight/rwf_val_nonfight_0004.avi,40b8cdedc3d276e20c3f09a1288cbb96b0f7ded6bf0164583c59b73099c04f78,0,0,0,train,train,0
singleton_3132,singleton,RWF-2000,val/NonFight/rwf_val_nonfight_0005.avi,8adde9e7c6c2617ab5e0bbd7c402b694cd84ef0d00637a98c501d7d5383b6723,0,0,0,validation,validation,0
singleton_3133,singleton,RWF-2000,val/NonFight/rwf_val_nonfight_0006.avi,3c3af26c975a48906fae4890757d63eabf0e80cec12404eea3f3a0cc39886348,0,0,0,train,train,0
singleton_3134,singleton,RWF-2000,val/NonFight/rwf_val_nonfight_0007.avi,171a6544a1a7050627f418110a0e3af8c46c87c8f1cbb3962c38328d32f2e4ac,0,0,0,train,train,0
singleton_3135,singleton,RWF-2000,val/NonFight/rwf_val_nonfight_0008.avi,12fc68ac6067e9ddf9080ca259898765a8c6e70a16669da1b7c5e166ae50643e,0,0,0,train,train,0
cluster_0103,perceptual_near_duplicate,RWF-2000,val/NonFight/rwf_val_nonfight_0009.avi,9ad92d6f718b8f03d71d953d7f7216cbd084789d04ca3643c4a62b9546228a46,0,0,0,validation,validation,0
cluster_0103,perceptual_near_duplicate,RWF-2000,val/NonFight/rwf_val_nonfight_0010.avi,45552b629feab3f05ec2d8f1af38ca84d7587a2e816acdcd33a1678ffc3aea73,0,0,0,validation,validation,0
cluster_0103,perceptual_near_duplicate,RWF-2000,val/NonFight/rwf_val_nonfight_0011.avi,e70762191fdb4c7ed22211497f8daee42c2b1875d5d5f72d963f82759f6a6cc3,0,0,0,train,validation,1
singleton_3136,singleton,RWF-2000,val/NonFight/rwf_val_nonfight_0012.avi,4848fe89abb4b966feabd3cee96ae34f65b42ce85ffa9e216a533b0aca913d81,0,0,0,validation,validation,0
singleton_3137,singleton,RWF-2000,val/NonFight/rwf_val_nonfight_0013.avi,3c1d5da5b2fdcf5105016ede06b2dcbb5f00728decd51b19ca87955b0e59a215,0,0,0,train,train,0
singleton_3138,singleton,RWF-2000,val/NonFight/rwf_val_nonfight_0014.avi,c7b40bf9eb8790780cac219b618f8d740228447ef5dbfdfb688180eaac65a817,0,0,0,train,train,0
singleton_3139,singleton,RWF-2000,val/NonFight/rwf_val_nonfight_0015.avi,6f17e89e94766f2be817a9f672a575a32a017c1046a580b82a30bcb1946a6d50,0,0,0,train,train,0
singleton_3140,singleton,RWF-2000,val/NonFight/rwf_val_nonfight_0016.avi,afa42430a2aa81af0941933a500f87d84cfbf1f7904ebdfff398ce23ce58a4e3,0,0,0,train,train,0
singleton_3141,singleton,RWF-2000,val/NonFight/rwf_val_nonfight_0017.avi,88f7d8b28bf2611f03377081a411917f4eeb035aad6b6f2fc79f469884859dd8,0,0,0,test,test,0
singleton_3142,singleton,RWF-2000,val/NonFight/rwf_val_nonfight_0018.avi,d5174e93705c0c42943def743f51ed691bbcae106f542557e7cadfc427b235b2,0,0,0,test,test,0
singleton_3143,singleton,RWF-2000,val/NonFight/rwf_val_nonfight_0019.avi,16a3f129e359ddf76318063c1b1110340c86cc2125818cd899213c15143e2567,0,0,0,test,test,0
singleton_3144,singleton,RWF-2000,val/NonFight/rwf_val_nonfight_0020.avi,2d4ea66dedff0703d7693a2aeac8d2fa51736f5496a28712ad598579d25e1fda,0,0,0,validation,validation,0
singleton_3145,singleton,RWF-2000,val/NonFight/rwf_val_nonfight_0021.avi,480a0b3c48c3b9cf347dbc37da5ac0ab55d8eaa8afa49b3171b4a30a6368dc45,0,0,0,validation,validation,0
singleton_3146,singleton,RWF-2000,val/NonFight/rwf_val_nonfight_0022.avi,803d7e8db475d5a3170ae48c8df786ae0eef91e9dbb2312436c056e16d4c9f90,0,0,0,train,train,0
cluster_0188,perceptual_near_duplicate,RWF-2000,val/NonFight/rwf_val_nonfight_0023.avi,657697c4a2fbcf6174fa9b508ab4144cf3dc95333df105fd00c386d83ad3c126,0,0,0,validation,validation,0
exact_sha_group_0011,exact_sha256,RWF-2000,val/NonFight/rwf_val_nonfight_0024.avi,05414b6a92b3efb8988412f30236b1113d6c323686a14c5404051a628dba19f4,0,0,0,train,train,0
cluster_0086,perceptual_near_duplicate,RWF-2000,val/NonFight/rwf_val_nonfight_0025.avi,41129a99982cad02d9b0600ec21e73507bfb9c12865257d45d3b1acd7ee72421,0,0,0,train,train,0
singleton_3147,singleton,RWF-2000,val/NonFight/rwf_val_nonfight_0026.avi,2f64131e2581b077258c1b3f133fe78dc6216c8154cd698dec56f00c6b03f5ee,0,0,0,train,train,0
singleton_3148,singleton,RWF-2000,val/NonFight/rwf_val_nonfight_0027.avi,abdb24842799c446360a15742ce1e1e3224621884f4a3fa7f8d11543b2b05899,0,0,0,train,train,0
singleton_3149,singleton,RWF-2000,val/NonFight/rwf_val_nonfight_0028.avi,f5aea63f010bf8faa5f7df8610613384ba813d5445feccee869fc5beb74f9691,0,0,0,train,train,0
singleton_3150,singleton,RWF-2000,val/NonFight/rwf_val_nonfight_0029.avi,3683e73535cc6a92cd13219635d0bff2c1c893dec290bd2744c4a1d7afef085a,0,0,0,test,test,0
singleton_3151,singleton,RWF-2000,val/NonFight/rwf_val_nonfight_0030.avi,568da6ae82d5ae7c90160b7bb06df007f79306ec27b4d66d6497aab6466f173a,0,0,0,train,train,0
singleton_3152,singleton,RWF-2000,val/NonFight/rwf_val_nonfight_0031.avi,1e7c34242843120150e85781f8135a3f42ce690491d629878a865c271f9193e8,0,0,0,train,train,0
singleton_3153,singleton,RWF-2000,val/NonFight/rwf_val_nonfight_0032.avi,5d17f7e37a65afd80a75d1212c7ead36ba3637733b57f59f9682240c9733fa22,0,0,0,train,train,0
singleton_3154,singleton,RWF-2000,val/NonFight/rwf_val_nonfight_0033.avi,5d0447f921a6dfb1c78523bb6047d3587e0ce9f104dcd596f563d1a536c63b82,0,0,0,train,train,0
singleton_3155,singleton,RWF-2000,val/NonFight/rwf_val_nonfight_0034.avi,a56f02bd10fd94e20908aa986a5778884ea1ba4df8fa33199b7c9d06ee1115f6,0,0,0,test,test,0
singleton_3156,singleton,RWF-2000,val/NonFight/rwf_val_nonfight_0035.avi,02440b1550d9c7f27f09e774921cca05d8297f31f45ef79ba14969a7b4c06691,0,0,0,validation,validation,0
singleton_3157,singleton,RWF-2000,val/NonFight/rwf_val_nonfight_0036.avi,66c203af17deff7819d8294d008b39a49f43c133f95130ba1fb72df621913347,0,0,0,validation,validation,0
exact_sha_group_0008,exact_sha256,RWF-2000,val/NonFight/rwf_val_nonfight_0037.avi,ddf8dfdf46b95e9372adfa1e6b49a860127a51535fbe24f417b5ed1a443f8095,0,0,0,test,test,0
singleton_3158,singleton,RWF-2000,val/NonFight/rwf_val_nonfight_0038.avi,b2957961b38f1e62eca4e8c7e2526ed5cdb6aaf0f6e109d41672a6426542e0e9,0,0,0,validation,validation,0
cluster_0150,perceptual_near_duplicate,RWF-2000,val/NonFight/rwf_val_nonfight_0039.avi,b3fa7d4fb06005297d2a0d74284f017655eabaf5a3bfde56bb7b7e99b9c6f31a,0,0,0,test,train,1
cluster_0102,perceptual_near_duplicate,RWF-2000,val/NonFight/rwf_val_nonfight_0040.avi,1ed5a53fea0cafff78517810b88c636bf1faa7efe64850ec238c8878433b9e5d,0,0,0,validation,validation,0
cluster_0102,perceptual_near_duplicate,RWF-2000,val/NonFight/rwf_val_nonfight_0041.avi,dbc517113bb5f6b1e9429ea796e26524eebbc2c8f8351f7783cb8d665d1877fe,0,0,0,validation,validation,0
singleton_3159,singleton,RWF-2000,val/NonFight/rwf_val_nonfight_0042.avi,20b2c36518eb482adf19ff4d6d2d51b62ee19b80977bf1d1ea80b587bc190476,0,0,0,train,train,0
singleton_3160,singleton,RWF-2000,val/NonFight/rwf_val_nonfight_0043.avi,7c12583ee1d33b73f288cf21ec0416701fd52ebd16ec5c5bd4e786f6999cb92e,0,0,0,train,train,0
singleton_3161,singleton,RWF-2000,val/NonFight/rwf_val_nonfight_0044.avi,da0f03085cdcd3493f52b2915c35facf916154d2e0ad94bca2a176180b61985e,0,0,0,train,train,0
singleton_3162,singleton,RWF-2000,val/NonFight/rwf_val_nonfight_0045.avi,d9bddd5e502f1e8aae9872cae761fe64564d2e3c3c56fcee2650afbf1d681962,0,0,0,train,train,0
exact_sha_group_0009,exact_sha256,RWF-2000,val/NonFight/rwf_val_nonfight_0046.avi,d76f2f2a4d8beb01f904b30909e398bb9a73a9e0c55802f5901bcecd5b46edae,0,0,0,train,train,0
singleton_3163,singleton,RWF-2000,val/NonFight/rwf_val_nonfight_0047.avi,8034410e0d38834a4d32025650d7bc4a7c04fb6861d31c6dafe5738a961401de,0,0,0,train,train,0
singleton_3164,singleton,RWF-2000,val/NonFight/rwf_val_nonfight_0048.avi,54cc95ea6245e6236fb1d3423961b70f17612d4318a005d23d443e4cf6650899,0,0,0,train,train,0
singleton_3165,singleton,RWF-2000,val/NonFight/rwf_val_nonfight_0050.avi,2c741edd79c3237fa679603fc94d2bd925213de9f1c0ffd1d76747f010de5488,0,0,0,validation,validation,0
singleton_3166,singleton,RWF-2000,val/NonFight/rwf_val_nonfight_0051.avi,a6498bf81c7f97009295437df22d1653881c94a1e1d2df938064ce2e4459793d,0,0,0,train,train,0
singleton_3167,singleton,RWF-2000,val/NonFight/rwf_val_nonfight_0052.avi,a6cb98272b7afebaebb110493bd42959f25298b79683e6ac768324a89b91269f,0,0,0,train,train,0
singleton_3168,singleton,RWF-2000,val/NonFight/rwf_val_nonfight_0053.avi,faef73a50a3b6020957994194bcdd11b15524f0827d96c03ce0b0c9dfdaf62e9,0,0,0,train,train,0
singleton_3169,singleton,RWF-2000,val/NonFight/rwf_val_nonfight_0054.avi,3871de9475be48f9730df215e3c81e82ef59bef4c621c210e164a435da4e950e,0,0,0,train,train,0
singleton_3170,singleton,RWF-2000,val/NonFight/rwf_val_nonfight_0055.avi,66aa5cc52df4ca32e85ac734d304eac0bb6c9965628106e369410ca707f1c60a,0,0,0,train,train,0
singleton_3171,singleton,RWF-2000,val/NonFight/rwf_val_nonfight_0056.avi,b7d84704e518a8904715c7673ba0b56fa12ece997e284edbc7f86d6276db8307,0,0,0,train,train,0
singleton_3172,singleton,RWF-2000,val/NonFight/rwf_val_nonfight_0057.avi,94c692aed27d4d9a7b568d880fd139767957a2007f7fae35480434fac4403246,0,0,0,test,test,0
singleton_3173,singleton,RWF-2000,val/NonFight/rwf_val_nonfight_0058.avi,4d30c3acfbece00b1f2a1104e53c8197dd65f63ebb9daac0d79cf1621e11fa09,0,0,0,train,train,0
singleton_3174,singleton,RWF-2000,val/NonFight/rwf_val_nonfight_0059.avi,0ce76cf82fa7bda3c43ee9b721eeb5e58c1e5b0fd49d0258264ea5ac13ec95c2,0,0,0,train,train,0
singleton_3175,singleton,RWF-2000,val/NonFight/rwf_val_nonfight_0060.avi,7c201540d4184a3e5dca72b178f0ae3db4fabdcf61605402f427540fc8fa9eae,0,0,0,train,train,0
singleton_3176,singleton,RWF-2000,val/NonFight/rwf_val_nonfight_0061.avi,14f76372e3f05e7ae4198113821dfbc26f137d934a067926e93e70ca41747a01,0,0,0,test,test,0
singleton_3177,singleton,RWF-2000,val/NonFight/rwf_val_nonfight_0062.avi,a9a40bd1bd79399683099db7b7321c47748d69982d5a8462fb6dd071a1275bea,0,0,0,test,test,0
singleton_3178,singleton,RWF-2000,val/NonFight/rwf_val_nonfight_0063.avi,7e7630115402b31c5251c24cd82643793b594c04bb8b0c0b908be0a613434560,0,0,0,train,train,0
singleton_3179,singleton,RWF-2000,val/NonFight/rwf_val_nonfight_0064.avi,dd4f5be83a16f451da8bcada3b6e4b1db903522ce299aa4150659babcfc45353,0,0,0,validation,validation,0
singleton_3180,singleton,RWF-2000,val/NonFight/rwf_val_nonfight_0065.avi,3d0f43aba734712822e16b95b2e5cdfa83c3b7ea0377e9c494df57525ee8593f,0,0,0,train,train,0
singleton_3181,singleton,RWF-2000,val/NonFight/rwf_val_nonfight_0066.avi,901ca729a68272a01271ba8edbac1591c588a410fd079207b742e2c65a906183,0,0,0,train,train,0
singleton_3182,singleton,RWF-2000,val/NonFight/rwf_val_nonfight_0067.avi,8440442edf0ffaae1ef1da194da5969ff0bdf3553ddf8c58f8853972d673c6e1,0,0,0,train,train,0
singleton_3183,singleton,RWF-2000,val/NonFight/rwf_val_nonfight_0068.avi,c660e28cc141e3bd04e907806be2d36b5332161a35f952952a20a8f5a1dece1e,0,0,0,test,test,0
singleton_3184,singleton,RWF-2000,val/NonFight/rwf_val_nonfight_0069.avi,c8de23be8c02082b09fa6560ac6242fa388a340e493523d1e01107410ca72c07,0,0,0,validation,validation,0
singleton_3185,singleton,RWF-2000,val/NonFight/rwf_val_nonfight_0070.avi,c67eb3863ef0c125f7efddfc73bca195984c46950b79aa63f9da59e18572b3f4,0,0,0,validation,validation,0
singleton_3186,singleton,RWF-2000,val/NonFight/rwf_val_nonfight_0071.avi,0434585b706eef38e4bc1a3d314a5c1104123ed94c2bddfe3986e150e84cc8ec,0,0,0,validation,validation,0
cluster_0189,perceptual_near_duplicate,RWF-2000,val/NonFight/rwf_val_nonfight_0072.avi,7755a37555189eb674bd3e3bae480af8a02961d96e14c0d8d92868450e833dd8,0,0,0,validation,validation,0
singleton_3187,singleton,RWF-2000,val/NonFight/rwf_val_nonfight_0073.avi,4a4c9e4634c6656aaa47b2b1a9b4a409dd6cdf686cdb9848acff16d95560f846,0,0,0,validation,validation,0
singleton_3188,singleton,RWF-2000,val/NonFight/rwf_val_nonfight_0074.avi,1e47548c4236839f3b46b93e9eaae8f5863e2aac3a7cd4ea71c81c98b316067f,0,0,0,train,train,0
singleton_3189,singleton,RWF-2000,val/NonFight/rwf_val_nonfight_0075.avi,b377d167c064f54a11668f941e4cba146c586474f895daeb8e2a7cbbf3b02395,0,0,0,train,train,0
singleton_3190,singleton,RWF-2000,val/NonFight/rwf_val_nonfight_0076.avi,656852cbf1fb8305ddc3ce96544dde7c20831662b4916a93ca5b34e22f49de75,0,0,0,test,test,0
singleton_3191,singleton,RWF-2000,val/NonFight/rwf_val_nonfight_0077.avi,247ac99dd38ea36e45edd09120bce6500e92b5d57ad0791d585a0d7b0a661216,0,0,0,train,train,0
singleton_3192,singleton,RWF-2000,val/NonFight/rwf_val_nonfight_0078.avi,36fe3a747f54687a976065451a5e8377ea39a833ed1ac39c3a1d3fbcaf7c73b0,0,0,0,train,train,0
cluster_0020,perceptual_near_duplicate,RWF-2000,val/NonFight/rwf_val_nonfight_0079.avi,3aaa3259768f9d011803303d03d9d76f73803c8d2033f84230c110956d227aff,0,0,0,validation,train,1
singleton_3193,singleton,RWF-2000,val/NonFight/rwf_val_nonfight_0080.avi,6889321753bd3e1ad73d49ba5cf08d96ccaa5e44f5440b069ab58dd14e733cd6,0,0,0,train,train,0
singleton_3194,singleton,RWF-2000,val/NonFight/rwf_val_nonfight_0081.avi,8a8024fb55f6f6423d61f78216720ead71d33bdb2447e9f482f564a1c40cf533,0,0,0,train,train,0
singleton_3195,singleton,RWF-2000,val/NonFight/rwf_val_nonfight_0082.avi,d1db73280b653d6797ea7c319154038570c3cbb84711fe0decb547785b2ee83a,0,0,0,validation,validation,0
singleton_3196,singleton,RWF-2000,val/NonFight/rwf_val_nonfight_0083.avi,e18296df787e4ef4497d95a1129dbc0cb30bb8745cf984d2de3b586a6613e5cb,0,0,0,train,train,0
singleton_3197,singleton,RWF-2000,val/NonFight/rwf_val_nonfight_0084.avi,e0d92dba586d823b5d604404fc33d93f6057b6a5e6da1534ba7e2372d38c8cee,0,0,0,train,train,0
singleton_3198,singleton,RWF-2000,val/NonFight/rwf_val_nonfight_0085.avi,e464c3c1af82870d7914dc0ff22f0ae7c070740412ffb34c129a7026c82802da,0,0,0,train,train,0
singleton_3199,singleton,RWF-2000,val/NonFight/rwf_val_nonfight_0086.avi,c52c75e4fa46c0b333f02cba7f9774b521fc971fab41da4201ca0c94a05aa28d,0,0,0,validation,validation,0
singleton_3200,singleton,RWF-2000,val/NonFight/rwf_val_nonfight_0087.avi,cb95a6cab1b17c97fa92533a891cfd61c955c049c47c7ce3a2abd947db708513,0,0,0,train,train,0
singleton_3201,singleton,RWF-2000,val/NonFight/rwf_val_nonfight_0088.avi,1e8a652e75917c31161bb275b240a68d667e84d727ccf0b627c4346ccb5e50ea,0,0,0,test,test,0
singleton_3202,singleton,RWF-2000,val/NonFight/rwf_val_nonfight_0089.avi,c0f57e2bbcb5cde8d36eff4069017244f9ae05dea682f2fe27acea766a1cea4f,0,0,0,train,train,0
singleton_3203,singleton,RWF-2000,val/NonFight/rwf_val_nonfight_0090.avi,67ba0b1dcc8df1b9220cd3b1c8c6b597b9001f119434d1a6258ba25d78d94cb4,0,0,0,train,train,0
cluster_0082,perceptual_near_duplicate,RWF-2000,val/NonFight/rwf_val_nonfight_0091.avi,0b317febac373ab2150d9bc48435635ba45211b6acc490c20d627c33762a3e0a,0,0,0,train,validation,1
singleton_3204,singleton,RWF-2000,val/NonFight/rwf_val_nonfight_0092.avi,17d39d3feee283841eb07d769b77cea5710d95dff7852e0ad2d64cb9c2d7079c,0,0,0,train,train,0
cluster_0007,perceptual_near_duplicate,RWF-2000,val/NonFight/rwf_val_nonfight_0093.avi,35599854c4e598b3a7a3f1e0afe6b2e0b85763dd0d8f11fc53928ba15a804c5e,0,0,0,train,train,0
cluster_0007,perceptual_near_duplicate,RWF-2000,val/NonFight/rwf_val_nonfight_0094.avi,81a473c0b0d9593e99302d50015b4c87cd3e13994fd0a78a35417dca0c6dfd15,0,0,0,validation,train,1
singleton_3205,singleton,RWF-2000,val/NonFight/rwf_val_nonfight_0095.avi,3faa1c3ede7194ec88e6d9f0af12475082fb072cd5aa0db8fb77586b99ed146a,0,0,0,train,train,0
singleton_3206,singleton,RWF-2000,val/NonFight/rwf_val_nonfight_0096.avi,0a91ab186733227da5a5c44a9ce98868bff8a5f75b54fa4e82ebcae57806d5ea,0,0,0,test,test,0
singleton_3207,singleton,RWF-2000,val/NonFight/rwf_val_nonfight_0097.avi,0a712775cfd4f79547e8d6e804d60aa1ab1e0c6c5eaff71c519011ab7b898ea8,0,0,0,train,train,0
singleton_3208,singleton,RWF-2000,val/NonFight/rwf_val_nonfight_0098.avi,c5991e4c829faa71409f29c4ea3647c52d864412e448bccc550707f306a77044,0,0,0,train,train,0
singleton_3209,singleton,RWF-2000,val/NonFight/rwf_val_nonfight_0099.avi,cc820e8c380f3a126821017e64a3651b5f9f1dc06ad5d77a66e656e36732d6b5,0,0,0,train,train,0
singleton_3210,singleton,RWF-2000,val/NonFight/rwf_val_nonfight_0100.avi,848971c10668d7b7587c009efc8df92d95ad9775de20657476bb9935f1ad7f8b,0,0,0,test,test,0
singleton_3211,singleton,RWF-2000,val/NonFight/rwf_val_nonfight_0101.avi,33c08573f4f7cfa1f0b332b907c4bfa98a64ca2cedffe3dcc43690b0c6a5f7d4,0,0,0,train,train,0
singleton_3212,singleton,RWF-2000,val/NonFight/rwf_val_nonfight_0102.avi,9bfcfee653d664079de2f108ce0bd7125f0340122eaaaf096383a72e25e60bee,0,0,0,train,train,0
singleton_3213,singleton,RWF-2000,val/NonFight/rwf_val_nonfight_0103.avi,b96e415dbe85b4c16e0b752dbf5819f9e41c70f8e54b583f076dbd3318aa7994,0,0,0,validation,validation,0
singleton_3214,singleton,RWF-2000,val/NonFight/rwf_val_nonfight_0104.avi,d6b6a9d6360bc602a2f21f7c790eba3df86cdae8a4dd6cb6e8e0f774fcd418ad,0,0,0,train,train,0
singleton_3215,singleton,RWF-2000,val/NonFight/rwf_val_nonfight_0105.avi,8d8e412d6400df76b3d3c5ee176af6c971f9ab3c962058a2286f63629e6cbe97,0,0,0,validation,validation,0
singleton_3216,singleton,RWF-2000,val/NonFight/rwf_val_nonfight_0106.avi,4005aa16f52c59e99e081f212ef181d4b7debcc3eb7f0611d8baa41ec19397e8,0,0,0,train,train,0
singleton_3217,singleton,RWF-2000,val/NonFight/rwf_val_nonfight_0107.avi,cd10a2526dd852a30f4dea4fbf6d25dada99a560175381653bd715d59b10a3bf,0,0,0,train,train,0
cluster_0035,perceptual_near_duplicate,RWF-2000,val/NonFight/rwf_val_nonfight_0108.avi,563f6b1c05a28c37c7475e799509594bda97c5f557d98960ea96eca063f0485e,0,0,0,validation,test,1
cluster_0035,perceptual_near_duplicate,RWF-2000,val/NonFight/rwf_val_nonfight_0109.avi,66c83733108c1dea8740630f164607d271814943273271867367ad995dd003ae,0,0,0,test,test,0
singleton_3218,singleton,RWF-2000,val/NonFight/rwf_val_nonfight_0110.avi,cff703265a8501c25d42b20e0b3fa63c8fc7d8623917f66d7ba00e2ebed3f298,0,0,0,train,train,0
singleton_3219,singleton,RWF-2000,val/NonFight/rwf_val_nonfight_0111.avi,5b6c14b03da4cf746322e9cdbe7d2eb88d836b16e8b70fa5c9a1a94e8c43e795,0,0,0,train,train,0
singleton_3220,singleton,RWF-2000,val/NonFight/rwf_val_nonfight_0112.avi,4d6e0fcf11deb7ef58df2cb567efbc3924212a8c11b8c694fa0aa4ec51d35932,0,0,0,train,train,0
singleton_3221,singleton,RWF-2000,val/NonFight/rwf_val_nonfight_0113.avi,30283472e7f1c64d25a98cbe0aff28fdb0e35694b9d46e4bc788a5a39c1655d8,0,0,0,test,test,0
singleton_3222,singleton,RWF-2000,val/NonFight/rwf_val_nonfight_0114.avi,0969c9aa9910f9bcd7f01ce090fd86631b6261a71f39b4f2f40e8629727b67f5,0,0,0,test,test,0
singleton_3223,singleton,RWF-2000,val/NonFight/rwf_val_nonfight_0115.avi,6204860dbb03611bee7ffd357c18e92bae8020bff0bec72a0add6bbaf2fc4975,0,0,0,train,train,0
singleton_3224,singleton,RWF-2000,val/NonFight/rwf_val_nonfight_0116.avi,52e0d512b3fb17166d5067396d58fe8f73c02b45b68c7bfff117b7918129eaac,0,0,0,validation,validation,0
singleton_3225,singleton,RWF-2000,val/NonFight/rwf_val_nonfight_0117.avi,9941dc0af3d2cdd6891348a9096d54a264749548d08a1ec1627fea40ac85e050,0,0,0,train,train,0
singleton_3226,singleton,RWF-2000,val/NonFight/rwf_val_nonfight_0118.avi,11e35fb3ed70f187ec65722d71cdc48cde61b90a3b3808caa8e16157767befab,0,0,0,validation,validation,0
singleton_3227,singleton,RWF-2000,val/NonFight/rwf_val_nonfight_0119.avi,a33dbbf72a504609b0eab939adf738fc33dd7e9e2f7eb54a32560488bd2e4211,0,0,0,train,train,0
singleton_3228,singleton,RWF-2000,val/NonFight/rwf_val_nonfight_0120.avi,87af96aa2f5a062e0f374d6975b8930f7a8ed571a673b4d4bff98b09fb56fba0,0,0,0,train,train,0
cluster_0151,perceptual_near_duplicate,RWF-2000,val/NonFight/rwf_val_nonfight_0121.avi,55ca5b6fc65a59cde31478bb60196daa2e8354c11594ef12a7c0b0518e23dc5b,0,0,0,test,test,0
cluster_0151,perceptual_near_duplicate,RWF-2000,val/NonFight/rwf_val_nonfight_0122.avi,eaa7bc62497cc094f32228de9f9a8848af2d33cdf7e2f7af0ec2484513b6fb4a,0,0,0,train,test,1
singleton_3229,singleton,RWF-2000,val/NonFight/rwf_val_nonfight_0123.avi,274db6a6583432e5efe69ae5521cd38dbc6df3b7dee21309219deda97c39956a,0,0,0,train,train,0
singleton_3230,singleton,RWF-2000,val/NonFight/rwf_val_nonfight_0124.avi,899a87c369ed5fffdf3581df0950f7107046f39a5835f999c96369a6168d8de8,0,0,0,validation,validation,0
singleton_3231,singleton,RWF-2000,val/NonFight/rwf_val_nonfight_0125.avi,66672089e56c13a1f0fd632ba179a99ff716ea6af5c6a61b42cd4447fe59efbf,0,0,0,train,train,0
singleton_3232,singleton,RWF-2000,val/NonFight/rwf_val_nonfight_0126.avi,5c70050cbcf4c07768272c8fbca447646d9357b108653f222b748ae101a48f8b,0,0,0,train,train,0
singleton_3233,singleton,RWF-2000,val/NonFight/rwf_val_nonfight_0127.avi,8a647c067b76d3e737a04df191e3210ac8dbca2d3f36ee22485b38cd1c5603d2,0,0,0,test,test,0
singleton_3234,singleton,RWF-2000,val/NonFight/rwf_val_nonfight_0128.avi,b25f8d40ad7d81cf77726d6144492023329bfcb189695d6fc45e0ee2832f8467,0,0,0,test,test,0
singleton_3235,singleton,RWF-2000,val/NonFight/rwf_val_nonfight_0129.avi,39f50b6f1498bd4209b5874270b57f1b9a094ed7f367bd998fce703dab0ed744,0,0,0,test,test,0
singleton_3236,singleton,RWF-2000,val/NonFight/rwf_val_nonfight_0130.avi,c698b96dc713b1e1cb474360ac33a4e27a0ed458079cf081a8e58385389242e1,0,0,0,test,test,0
singleton_3237,singleton,RWF-2000,val/NonFight/rwf_val_nonfight_0131.avi,1d3e6108d916e79bb1c3d7317d3f56508a4271c4b7d2e3422b4199f3c37d7a3a,0,0,0,train,train,0
singleton_3238,singleton,RWF-2000,val/NonFight/rwf_val_nonfight_0132.avi,33fb495fba04d6e84c064ef48ae80f1f1cfeef764bd5aaf2821e3265fe37e859,0,0,0,train,train,0
singleton_3239,singleton,RWF-2000,val/NonFight/rwf_val_nonfight_0133.avi,bebcbc43b603c3c14092e7c2fd18e2c8a388d28f9e03c2769d74f76016f5416d,0,0,0,train,train,0
singleton_3240,singleton,RWF-2000,val/NonFight/rwf_val_nonfight_0134.avi,140b374f69fde0c989f1e9aa24665e08ada0e435c21c0e1dec15fb93c97b37e1,0,0,0,validation,validation,0
singleton_3241,singleton,RWF-2000,val/NonFight/rwf_val_nonfight_0135.avi,748feefc1591924ff0624fa25dc0d5549b2158e90d586276937120b89d7668d1,0,0,0,test,test,0
singleton_3242,singleton,RWF-2000,val/NonFight/rwf_val_nonfight_0136.avi,c0248aa9f0cb9e34aefc70a1b9bc69668bb7e64278091bdd7463d6f89b33dae2,0,0,0,train,train,0
singleton_3243,singleton,RWF-2000,val/NonFight/rwf_val_nonfight_0137.avi,ea1b594a61607c5eb25a3f3d8db89dbb02f33be45b7d05acbbeff054510b3b91,0,0,0,train,train,0
singleton_3244,singleton,RWF-2000,val/NonFight/rwf_val_nonfight_0138.avi,ae6f5d57251d7313b928a99b06a421401f078ec0779338afb9a0c0c60c41c517,0,0,0,test,test,0
singleton_3245,singleton,RWF-2000,val/NonFight/rwf_val_nonfight_0139.avi,30acaa374e557702e8cdcba71423d73753ecb5638d0c130abf4f4375c856551d,0,0,0,train,train,0
singleton_3246,singleton,RWF-2000,val/NonFight/rwf_val_nonfight_0140.avi,7a5942260128fcf0f37f082628227ce6b614ef1f2e21ed7060bbe0438b8d7713,0,0,0,validation,validation,0
singleton_3247,singleton,RWF-2000,val/NonFight/rwf_val_nonfight_0141.avi,d8ff209a2b172cbd65d3b4bcfd6efd0ed84403009af3ab356dee0d93242d1c46,0,0,0,validation,validation,0
singleton_3248,singleton,RWF-2000,val/NonFight/rwf_val_nonfight_0142.avi,95fd1ec24c738d49867b7c9b1ee7eedba49cddbcfcd7b396e7962fe6ff683a73,0,0,0,train,train,0
singleton_3249,singleton,RWF-2000,val/NonFight/rwf_val_nonfight_0143.avi,4b96cd026608baa4bf7a3d6459eda7f81afe8a6dcd142a25db1997774d19e6db,0,0,0,train,train,0
singleton_3250,singleton,RWF-2000,val/NonFight/rwf_val_nonfight_0144.avi,6bec8d7ee539937f844dc7f8bee1c60363afb1d45a8aa2923330637624f951f7,0,0,0,train,train,0
singleton_3251,singleton,RWF-2000,val/NonFight/rwf_val_nonfight_0145.avi,e0e7fdccabe03c3d2fe3cad0197d101b67664329ba2b2ecbd8a16da231fc69ed,0,0,0,train,train,0
singleton_3252,singleton,RWF-2000,val/NonFight/rwf_val_nonfight_0146.avi,050e67d01eee562a56fa84c826d4085344e3d97e76548f5246409177917fd405,0,0,0,train,train,0
singleton_3253,singleton,RWF-2000,val/NonFight/rwf_val_nonfight_0147.avi,b9eb24aaf504f858cb86c955ac55826acfdec42a1e6fdf8d379fee3bd16dad1b,0,0,0,validation,validation,0
singleton_3254,singleton,RWF-2000,val/NonFight/rwf_val_nonfight_0148.avi,b54403480d3f9312c670c84cdcfbc368b2075e44640b3b590150bbf778e354d6,0,0,0,test,test,0
singleton_3255,singleton,RWF-2000,val/NonFight/rwf_val_nonfight_0149.avi,a270261933bbc9cc5cc7e27ca997427e1dd3809501da7f513438b5824d9d94fa,0,0,0,train,train,0
singleton_3256,singleton,RWF-2000,val/NonFight/rwf_val_nonfight_0150.avi,8f4a7f3fb13d13c456fecdea638e173c42d83c08ec3611495f706725e9429c74,0,0,0,train,train,0
singleton_3257,singleton,RWF-2000,val/NonFight/rwf_val_nonfight_0151.avi,93d138cc020004bab97ebcaa2093b9f2b3aee0c19ffae4dbaee8779e8731c45f,0,0,0,train,train,0
singleton_3258,singleton,RWF-2000,val/NonFight/rwf_val_nonfight_0152.avi,5d5510b7f336009f49a5321de400804e5d0e62252a0acf5ea9496c594e15eb2a,0,0,0,train,train,0
singleton_3259,singleton,RWF-2000,val/NonFight/rwf_val_nonfight_0153.avi,91b37eaabf5d3f6f60cc0f3ae592bdd3b681e178bb34c4b857c54f6ec6d9b4d2,0,0,0,train,train,0
singleton_3260,singleton,RWF-2000,val/NonFight/rwf_val_nonfight_0154.avi,41a4245536aee883c5ae193adbfa7892a4fff89b2d18dafb288a8f1a3ab1d9db,0,0,0,train,train,0
singleton_3261,singleton,RWF-2000,val/NonFight/rwf_val_nonfight_0155.avi,f0c1ca5fb5961b574484db22eafb1a4b6ebad3b629854089ef940e8a9f9ad5b9,0,0,0,test,test,0
singleton_3262,singleton,RWF-2000,val/NonFight/rwf_val_nonfight_0156.avi,94d016cbecdd69ff0eb198dd75dbb3865728126eebc612dabf4104d55e4d611e,0,0,0,train,train,0
singleton_3263,singleton,RWF-2000,val/NonFight/rwf_val_nonfight_0157.avi,788187e0192c281060aa8d7fc53e5bf44c165e20db7402b9dde95a5c7b339963,0,0,0,train,train,0
singleton_3264,singleton,RWF-2000,val/NonFight/rwf_val_nonfight_0158.avi,f7a002107159b51cec61581d460fa3057df879e16d7f9279f04741a0d622d648,0,0,0,train,train,0
singleton_3265,singleton,RWF-2000,val/NonFight/rwf_val_nonfight_0159.avi,e36428b5a006913caf5dacb2a592cf08b6b40ac0fad6fdfd6c2702b5af9ad65a,0,0,0,train,train,0
singleton_3266,singleton,RWF-2000,val/NonFight/rwf_val_nonfight_0160.avi,3078a5ea2932c1ae2359f3e8eb299ff95ea4c48c43670e7129e0866ddfb70181,0,0,0,train,train,0
singleton_3267,singleton,RWF-2000,val/NonFight/rwf_val_nonfight_0161.avi,55e3d43955c2776a998b460e6e734d740bacc1fee596958cff8e011dd252afd8,0,0,0,train,train,0
singleton_3268,singleton,RWF-2000,val/NonFight/rwf_val_nonfight_0162.avi,eae621579cbfd580b42132d9e1694e85b3b00902ba99d02303a9c71834122e96,0,0,0,train,train,0
singleton_3269,singleton,RWF-2000,val/NonFight/rwf_val_nonfight_0163.avi,8afdc6951cac3c2c161915849b0e82e7d49d6664c6d56a325ea44b36c2159270,0,0,0,validation,validation,0
singleton_3270,singleton,RWF-2000,val/NonFight/rwf_val_nonfight_0164.avi,06db17cb8d4a4225582c665e3167ac49706e530bf13ee3f228b488b71ceaa904,0,0,0,train,train,0
singleton_3271,singleton,RWF-2000,val/NonFight/rwf_val_nonfight_0165.avi,d6c77e3d7d1ac4801378843c1249c9f6b21a76ec30b4d5b811e971c34d0879c8,0,0,0,train,train,0
singleton_3272,singleton,RWF-2000,val/NonFight/rwf_val_nonfight_0166.avi,4f6ad9829d6a263973ad741cc7fe52974da6d130ed61e3a916d2ea917e9e06b3,0,0,0,train,train,0
singleton_3273,singleton,RWF-2000,val/NonFight/rwf_val_nonfight_0167.avi,de582ab0da12178bd846e4e14726bd7e52fd2bc87336f8290f197b50a0bc4acd,0,0,0,test,test,0
singleton_3274,singleton,RWF-2000,val/NonFight/rwf_val_nonfight_0168.avi,cc2dcfed51f7312e08df755125d69f697f7d02552804adf07d2421e74f68a5c2,0,0,0,train,train,0
singleton_3275,singleton,RWF-2000,val/NonFight/rwf_val_nonfight_0169.avi,d9d84285e2ab17f79b2c68d4752ae91b856d1ac1cc1f40ef15d16b1b3a901cc1,0,0,0,train,train,0
singleton_3276,singleton,RWF-2000,val/NonFight/rwf_val_nonfight_0170.avi,39a21512503c37866db86725aec2b36bdb6519cde71221c5798077e50234a1fa,0,0,0,train,train,0
singleton_3277,singleton,RWF-2000,val/NonFight/rwf_val_nonfight_0171.avi,d7ed19315c7d46a2f077d52ca31de255d16f2a815d6eda04f99bceabd3af964c,0,0,0,train,train,0
singleton_3278,singleton,RWF-2000,val/NonFight/rwf_val_nonfight_0172.avi,359e2c17a05c1c6f00ac4c6d7db186e0cddf315c15b3b3301efee7afae23e197,0,0,0,train,train,0
singleton_3279,singleton,RWF-2000,val/NonFight/rwf_val_nonfight_0173.avi,818c8e11acba6e1ca0a8a4639398e4a38ba46e35320ddf6348b5dbd2fed70293,0,0,0,train,train,0
singleton_3280,singleton,RWF-2000,val/NonFight/rwf_val_nonfight_0174.avi,4eb5dd0a2959340321b2d6f4b823763409344d057cf2fadcc005f9f35b2d7b37,0,0,0,validation,validation,0
singleton_3281,singleton,RWF-2000,val/NonFight/rwf_val_nonfight_0175.avi,3768625532274253d77aeb4f57b78b916fb408be4d03ef9894e1e7d65da3a96a,0,0,0,train,train,0
singleton_3282,singleton,RWF-2000,val/NonFight/rwf_val_nonfight_0176.avi,b8e5ca8eccf218eddde13da8ff7047b6e3a9c0552e1d285eec463b04556d3d1c,0,0,0,validation,validation,0
singleton_3283,singleton,RWF-2000,val/NonFight/rwf_val_nonfight_0177.avi,4eda7da3fde636e1d51fdf5b561000f2fd1298dd0a682f3f160b2282147f6533,0,0,0,train,train,0
singleton_3284,singleton,RWF-2000,val/NonFight/rwf_val_nonfight_0178.avi,d7589af8636d17bf65a6bb7779b32df195a62c126e307e339890034ba91b7bc5,0,0,0,train,train,0
singleton_3285,singleton,RWF-2000,val/NonFight/rwf_val_nonfight_0179.avi,06291692184d2a65de3b1815e84590669a6ab56af5fd5bc053a00f8be5720dee,0,0,0,train,train,0
singleton_3286,singleton,RWF-2000,val/NonFight/rwf_val_nonfight_0180.avi,b05d350c4b68f4a110156f057b86d801791ede613ed11124ad210783e36814d5,0,0,0,train,train,0
exact_sha_group_0013,exact_sha256,RWF-2000,val/NonFight/rwf_val_nonfight_0181.avi,73af22960bb0ab55a71c895d96f0a1491a8998b4806b6a1e2a2dc1678619902d,0,0,0,train,train,0
cluster_0152,perceptual_near_duplicate,RWF-2000,val/NonFight/rwf_val_nonfight_0182.avi,fdf75d4a1997afbf4f8d6d25e13d67aa67414b5f834d9276158262aa93ab18c7,0,0,0,test,test,0
cluster_0152,perceptual_near_duplicate,RWF-2000,val/NonFight/rwf_val_nonfight_0183.avi,821ea13878322390d976b63e3cccfb50a7234cd2715657604b6da85c2acfa698,0,0,0,train,test,1
cluster_0024,perceptual_near_duplicate,RWF-2000,val/NonFight/rwf_val_nonfight_0184.avi,e46c7b38861bf49d3e3eb34d861497ce3a980938c76d3e6d4c39855a42ab08d3,0,0,0,validation,train,1
singleton_3287,singleton,RWF-2000,val/NonFight/rwf_val_nonfight_0185.avi,328b47fd6d742ea56b2320f5a3aa3fa38c88a76f30a617c6471ddbebcce2a8b0,0,0,0,test,test,0
singleton_3288,singleton,RWF-2000,val/NonFight/rwf_val_nonfight_0186.avi,d22c389cf8c2360a48262284fd4d9f691dd87e77141828ad42873d6c4d1a26f3,0,0,0,train,train,0
singleton_3289,singleton,RWF-2000,val/NonFight/rwf_val_nonfight_0187.avi,51380daf535028917a0b77faa4b3a4ef3c7231e479cb02471fad85f9d2f89af8,0,0,0,train,train,0
singleton_3290,singleton,RWF-2000,val/NonFight/rwf_val_nonfight_0188.avi,cc7a8b9e57b9ac50b92545c02f6d98110674b3e04dcfc09a59659bca662fa181,0,0,0,validation,validation,0
singleton_3291,singleton,RWF-2000,val/NonFight/rwf_val_nonfight_0189.avi,a85acc10e719b510caf407d10b82fffba0f53bfa26a9cc67d9679ffb9449545e,0,0,0,train,train,0
singleton_3292,singleton,RWF-2000,val/NonFight/rwf_val_nonfight_0190.avi,82222de6f1b0bc30bdca9895f72ef803e4310b8601a797260c52e520e8e2d2d3,0,0,0,train,train,0
singleton_3293,singleton,RWF-2000,val/NonFight/rwf_val_nonfight_0191.avi,1a2bd20ddf374030350e87ef978c219d4710be572240337308a6c68e5fa087c1,0,0,0,test,test,0
exact_sha_group_0012,exact_sha256,RWF-2000,val/NonFight/rwf_val_nonfight_0192.avi,7988666c3a3dd8115b02aed5cfb0cac0e7880d655a0f3bbb8da7f7b49a4325a7,0,0,0,train,train,0
singleton_3294,singleton,RWF-2000,val/NonFight/rwf_val_nonfight_0193.avi,a045066742ebeb055a0c524d4b88d3e5c069bb5625d0b53b4714cce79bec8445,0,0,0,train,train,0
cluster_0191,perceptual_near_duplicate,RWF-2000,val/NonFight/rwf_val_nonfight_0194.avi,cc5d1ba5e876fa442489bc6b854d6a7ceae94e83b12017558b500c684f08d83c,0,0,0,train,validation,1
cluster_0191,perceptual_near_duplicate,RWF-2000,val/NonFight/rwf_val_nonfight_0195.avi,92df65d4cdf4694a3c63abe39d9e6cd31371a77d64f02aa8e7bb849b28779921,0,0,0,validation,validation,0
singleton_3295,singleton,RWF-2000,val/NonFight/rwf_val_nonfight_0196.avi,cfcef813ee30a339506e39a5558d46b12fef7fa7c64b450a3a854bf25dc4bbb0,0,0,0,train,train,0
singleton_3296,singleton,RWF-2000,val/NonFight/rwf_val_nonfight_0197.avi,4df5451c32fc52074923c1c033513e6d7b1e88a5afa20261e669a0dcde964ad2,0,0,0,train,train,0
singleton_3297,singleton,RWF-2000,val/NonFight/rwf_val_nonfight_0198.avi,88b5d51acab7e57c1ece427b03c5403188af232c9e8dbe294eea305971a30a3d,0,0,0,train,train,0
singleton_3298,singleton,RWF-2000,val/NonFight/rwf_val_nonfight_0199.avi,1d1e72dd50ea961c26ebe6f74d1682254d0c42b8acc06a02e74c5829d3a5b5ee,0,0,0,train,train,0
singleton_3299,singleton,RWF-2000,val/NonFight/rwf_val_nonfight_0200.avi,4724915ec796898405eaab905b702f32b4bbfb5eedb422644e450c970b95b91e,0,0,0,validation,validation,0
