scene_group_id,group_origin,perceptual_cluster_ids,size,label_0_count,label_1_count,old_train_count,old_validation_count,old_test_count,new_split,moved_count
cluster_0001,perceptual_near_duplicate,cluster_0001,16,4,12,10,6,0,train,6
cluster_0002,perceptual_near_duplicate,cluster_0002,12,12,0,6,3,3,train,6
cluster_0003,perceptual_near_duplicate,cluster_0003,9,9,0,6,1,2,train,3
cluster_0004,perceptual_near_duplicate,cluster_0004,9,2,7,5,2,2,train,4
cluster_0005,perceptual_near_duplicate,cluster_0005,9,9,0,6,3,0,train,3
cluster_0006,perceptual_near_duplicate,cluster_0006,8,2,6,5,1,2,train,3
cluster_0007,perceptual_near_duplicate,cluster_0007,8,2,6,5,1,2,train,3
cluster_0008,perceptual_near_duplicate,cluster_0008,8,3,5,5,3,0,train,3
cluster_0009,perceptual_near_duplicate,cluster_0009,7,7,0,4,0,3,train,3
cluster_0010,perceptual_near_duplicate,cluster_0010,7,1,6,3,2,2,test,5
cluster_0011,perceptual_near_duplicate,cluster_0011,7,0,7,4,1,2,train,3
cluster_0012,perceptual_near_duplicate,cluster_0012,7,1,6,4,3,0,validation,4
cluster_0013,perceptual_near_duplicate,cluster_0013,6,6,0,4,0,2,train,2
cluster_0014,perceptual_near_duplicate,cluster_0014,6,1,5,3,0,3,test,3
cluster_0015,perceptual_near_duplicate,cluster_0015,6,0,6,3,2,1,validation,4
cluster_0016,perceptual_near_duplicate,cluster_0016,6,0,6,1,3,2,validation,3
cluster_0017,perceptual_near_duplicate,cluster_0017,6,2,4,3,2,1,train,3
cluster_0018,perceptual_near_duplicate,cluster_0018,6,0,6,4,1,1,train,2
cluster_0019,perceptual_near_duplicate,cluster_0019,6,4,2,4,1,1,train,2
cluster_0020,perceptual_near_duplicate,cluster_0020,6,1,5,4,1,1,train,2
cluster_0021,perceptual_near_duplicate,cluster_0021,6,2,4,3,3,0,validation,3
cluster_0022,perceptual_near_duplicate,cluster_0022,6,3,3,5,1,0,train,1
cluster_0023,perceptual_near_duplicate,cluster_0023,6,3,3,5,1,0,train,1
cluster_0024,perceptual_near_duplicate,cluster_0024,6,1,5,4,2,0,train,2
cluster_0025,perceptual_near_duplicate,cluster_0025,5,5,0,3,0,2,train,2
cluster_0026,perceptual_near_duplicate,cluster_0026,5,3,2,1,0,4,test,1
cluster_0027,perceptual_near_duplicate,cluster_0027,5,0,5,3,0,2,train,2
cluster_0028,perceptual_near_duplicate,cluster_0028,5,0,5,1,2,2,test,3
cluster_0029,perceptual_near_duplicate,cluster_0029,5,1,4,3,0,2,train,2
cluster_0030,perceptual_near_duplicate,cluster_0030,5,0,5,2,0,3,test,2
cluster_0031,perceptual_near_duplicate,cluster_0031,5,0,5,2,1,2,test,3
cluster_0032,perceptual_near_duplicate,cluster_0032,5,2,3,4,0,1,train,1
cluster_0033,perceptual_near_duplicate,cluster_0033,5,1,4,4,0,1,train,1
cluster_0034,perceptual_near_duplicate,cluster_0034,5,0,5,3,0,2,train,2
cluster_0035,perceptual_near_duplicate,cluster_0035,5,2,3,2,1,2,test,3
cluster_0036,perceptual_near_duplicate,cluster_0036,5,0,5,1,2,2,test,3
cluster_0037,perceptual_near_duplicate,cluster_0037,5,5,0,3,2,0,train,2
cluster_0038,perceptual_near_duplicate,cluster_0038,5,4,1,4,1,0,train,1
cluster_0039,perceptual_near_duplicate,cluster_0039,5,3,2,3,2,0,train,2
cluster_0040,perceptual_near_duplicate,cluster_0040,5,1,4,2,3,0,validation,2
cluster_0041,perceptual_near_duplicate,cluster_0041,5,0,5,4,1,0,train,1
cluster_0042,perceptual_near_duplicate,cluster_0042,5,0,5,4,1,0,train,1
cluster_0043,perceptual_near_duplicate,cluster_0043,4,4,0,3,0,1,train,1
cluster_0044,perceptual_near_duplicate,cluster_0044,4,4,0,3,0,1,train,1
cluster_0045,perceptual_near_duplicate,cluster_0045,4,4,0,3,0,1,train,1
cluster_0046,perceptual_near_duplicate,cluster_0046,4,4,0,2,0,2,test,2
cluster_0047,perceptual_near_duplicate,cluster_0047,4,4,0,2,0,2,test,2
cluster_0048,perceptual_near_duplicate,cluster_0048,4,3,1,2,1,1,train,2
cluster_0049,perceptual_near_duplicate,cluster_0049,4,1,3,2,1,1,train,2
cluster_0050,perceptual_near_duplicate,cluster_0050,4,0,4,2,0,2,test,2
cluster_0051,perceptual_near_duplicate,cluster_0051,4,1,3,3,0,1,train,1
cluster_0052,perceptual_near_duplicate,cluster_0052,4,3,1,2,0,2,test,2
cluster_0053,perceptual_near_duplicate,cluster_0053,4,0,4,2,1,1,validation,3
cluster_0054,perceptual_near_duplicate,cluster_0054,4,0,4,3,0,1,train,1
cluster_0055,perceptual_near_duplicate,cluster_0055,4,0,4,1,2,1,validation,2
cluster_0056,perceptual_near_duplicate,cluster_0056,4,3,1,3,0,1,train,1
cluster_0057,perceptual_near_duplicate,cluster_0057,4,4,0,3,0,1,train,1
cluster_0058,perceptual_near_duplicate,cluster_0058,4,4,0,1,1,2,test,2
cluster_0059,perceptual_near_duplicate,cluster_0059,4,4,0,2,1,1,train,2
cluster_0060,perceptual_near_duplicate,cluster_0060,4,2,2,2,1,1,train,2
cluster_0061,perceptual_near_duplicate,cluster_0061,4,1,3,2,1,1,train,2
cluster_0062,perceptual_near_duplicate,cluster_0062,4,0,4,1,1,2,test,2
cluster_0063,perceptual_near_duplicate,cluster_0063,4,0,4,1,2,1,validation,2
cluster_0064,perceptual_near_duplicate,cluster_0064,4,4,0,3,1,0,train,1
cluster_0065,perceptual_near_duplicate,cluster_0065,4,4,0,2,2,0,validation,2
cluster_0066,perceptual_near_duplicate,cluster_0066,4,1,3,3,1,0,train,1
cluster_0067,perceptual_near_duplicate,cluster_0067,4,0,4,3,1,0,train,1
cluster_0068,perceptual_near_duplicate,cluster_0068,4,0,4,3,1,0,train,1
cluster_0069,perceptual_near_duplicate,cluster_0069,3,3,0,2,0,1,train,1
cluster_0070,perceptual_near_duplicate,cluster_0070,3,3,0,2,0,1,train,1
cluster_0071,perceptual_near_duplicate,cluster_0071,3,3,0,1,1,1,test,2
cluster_0072,perceptual_near_duplicate,cluster_0072,3,3,0,2,0,1,train,1
cluster_0073,perceptual_near_duplicate,cluster_0073,3,0,3,2,0,1,train,1
cluster_0074,perceptual_near_duplicate,cluster_0074,3,1,2,1,0,2,test,1
cluster_0075,perceptual_near_duplicate,cluster_0075,3,0,3,2,0,1,train,1
cluster_0076,perceptual_near_duplicate,cluster_0076,3,0,3,1,1,1,test,2
cluster_0077,perceptual_near_duplicate,cluster_0077,3,3,0,1,1,1,validation,2
cluster_0078,perceptual_near_duplicate,cluster_0078,3,0,3,2,0,1,train,1
cluster_0079,perceptual_near_duplicate,cluster_0079,3,0,3,1,0,2,test,1
cluster_0080,perceptual_near_duplicate,cluster_0080,3,3,0,1,1,1,validation,2
cluster_0081,perceptual_near_duplicate,cluster_0081,3,3,0,2,0,1,train,1
cluster_0082,perceptual_near_duplicate,cluster_0082,3,3,0,1,1,1,validation,2
cluster_0083,perceptual_near_duplicate,cluster_0083,3,3,0,1,1,1,validation,2
cluster_0084,perceptual_near_duplicate,cluster_0084,3,0,3,2,0,1,train,1
cluster_0085,perceptual_near_duplicate,cluster_0085,3,0,3,2,0,1,train,1
cluster_0086,perceptual_near_duplicate,cluster_0086,3,1,2,2,0,1,train,1
cluster_0087,perceptual_near_duplicate,cluster_0087,3,0,3,2,0,1,train,1
cluster_0088,perceptual_near_duplicate,cluster_0088,3,0,3,2,0,1,train,1
cluster_0089,perceptual_near_duplicate,cluster_0089,3,0,3,2,0,1,train,1
cluster_0090,perceptual_near_duplicate,cluster_0090,3,3,0,2,1,0,train,1
cluster_0091,perceptual_near_duplicate,cluster_0091,3,3,0,2,1,0,train,1
cluster_0092,perceptual_near_duplicate,cluster_0092,3,3,0,2,1,0,train,1
cluster_0093,perceptual_near_duplicate,cluster_0093,3,2,1,2,1,0,train,1
cluster_0094,perceptual_near_duplicate,cluster_0094,3,1,2,2,1,0,train,1
cluster_0095,perceptual_near_duplicate,cluster_0095,3,2,1,2,1,0,train,1
cluster_0096,perceptual_near_duplicate,cluster_0096,3,0,3,2,1,0,train,1
cluster_0097,perceptual_near_duplicate,cluster_0097,3,2,1,2,1,0,train,1
cluster_0098,perceptual_near_duplicate,cluster_0098,3,0,3,2,1,0,train,1
cluster_0099,perceptual_near_duplicate,cluster_0099,3,0,3,2,1,0,train,1
cluster_0100,perceptual_near_duplicate,cluster_0100,3,3,0,2,1,0,train,1
cluster_0101,perceptual_near_duplicate,cluster_0101,3,3,0,1,2,0,validation,1
cluster_0102,perceptual_near_duplicate,cluster_0102,3,3,0,1,2,0,validation,1
cluster_0103,perceptual_near_duplicate,cluster_0103,3,3,0,1,2,0,validation,1
cluster_0104,perceptual_near_duplicate,cluster_0104,2,2,0,1,0,1,test,1
cluster_0105,perceptual_near_duplicate,cluster_0105,2,2,0,1,0,1,train,1
cluster_0106,perceptual_near_duplicate,cluster_0106,2,2,0,1,0,1,test,1
cluster_0107,perceptual_near_duplicate,cluster_0107,2,2,0,1,0,1,test,1
cluster_0108,perceptual_near_duplicate,cluster_0108,2,2,0,1,0,1,test,1
cluster_0109,perceptual_near_duplicate,cluster_0109,2,2,0,1,0,1,test,1
cluster_0110,perceptual_near_duplicate,cluster_0110,2,2,0,0,1,1,test,1
cluster_0111,perceptual_near_duplicate,cluster_0111,2,2,0,1,0,1,test,1
cluster_0112,perceptual_near_duplicate,cluster_0112,2,2,0,1,0,1,test,1
cluster_0113,perceptual_near_duplicate,cluster_0113,2,2,0,1,0,1,test,1
cluster_0114,perceptual_near_duplicate,cluster_0114,2,2,0,1,0,1,test,1
cluster_0115,perceptual_near_duplicate,cluster_0115,2,2,0,1,0,1,test,1
cluster_0116,perceptual_near_duplicate,cluster_0116,2,2,0,1,0,1,test,1
cluster_0117,perceptual_near_duplicate,cluster_0117,2,2,0,1,0,1,test,1
cluster_0118,perceptual_near_duplicate,cluster_0118,2,2,0,1,0,1,test,1
cluster_0119,perceptual_near_duplicate,cluster_0119,2,2,0,1,0,1,train,1
cluster_0120,perceptual_near_duplicate,cluster_0120,2,0,2,1,0,1,test,1
cluster_0121,perceptual_near_duplicate,cluster_0121,2,0,2,1,0,1,test,1
cluster_0122,perceptual_near_duplicate,cluster_0122,2,0,2,0,1,1,validation,1
cluster_0123,perceptual_near_duplicate,cluster_0123,2,1,1,1,0,1,test,1
cluster_0124,perceptual_near_duplicate,cluster_0124,2,0,2,1,0,1,test,1
cluster_0125,perceptual_near_duplicate,cluster_0125,2,0,2,1,0,1,test,1
cluster_0126,perceptual_near_duplicate,cluster_0126,2,0,2,1,0,1,test,1
cluster_0127,perceptual_near_duplicate,cluster_0127,2,0,2,1,0,1,test,1
cluster_0128,perceptual_near_duplicate,cluster_0128,2,2,0,1,0,1,test,1
cluster_0129,perceptual_near_duplicate,cluster_0129,2,0,2,0,1,1,validation,1
cluster_0130,perceptual_near_duplicate,cluster_0130,2,1,1,1,0,1,test,1
cluster_0131,perceptual_near_duplicate,cluster_0131,2,0,2,1,0,1,test,1
cluster_0132,perceptual_near_duplicate,cluster_0132,2,0,2,1,0,1,test,1
cluster_0133,perceptual_near_duplicate,cluster_0133,2,0,2,1,0,1,test,1
cluster_0134,perceptual_near_duplicate,cluster_0134,2,0,2,1,0,1,test,1
cluster_0135,perceptual_near_duplicate,cluster_0135,2,1,1,0,1,1,validation,1
cluster_0136,perceptual_near_duplicate,cluster_0136,2,1,1,1,0,1,train,1
cluster_0137,perceptual_near_duplicate,cluster_0137,2,2,0,1,0,1,test,1
cluster_0138,perceptual_near_duplicate,cluster_0138,2,2,0,1,0,1,test,1
cluster_0139,perceptual_near_duplicate,cluster_0139,2,2,0,1,0,1,test,1
cluster_0140,perceptual_near_duplicate,cluster_0140,2,1,1,1,0,1,test,1
cluster_0141,perceptual_near_duplicate,cluster_0141,2,2,0,1,0,1,test,1
cluster_0142,perceptual_near_duplicate,cluster_0142,2,1,1,1,0,1,train,1
cluster_0143,perceptual_near_duplicate,cluster_0143,2,2,0,1,0,1,test,1
cluster_0144,perceptual_near_duplicate,cluster_0144,2,2,0,1,0,1,test,1
cluster_0145,perceptual_near_duplicate,cluster_0145,2,2,0,0,1,1,validation,1
cluster_0146,perceptual_near_duplicate,cluster_0146,2,0,2,1,0,1,test,1
cluster_0147,perceptual_near_duplicate,cluster_0147,2,0,2,1,0,1,test,1
cluster_0148,perceptual_near_duplicate,cluster_0148,2,0,2,1,0,1,test,1
cluster_0149,perceptual_near_duplicate,cluster_0149,2,0,2,1,0,1,test,1
cluster_0150,perceptual_near_duplicate,cluster_0150,2,2,0,1,0,1,train,1
cluster_0151,perceptual_near_duplicate,cluster_0151,2,2,0,1,0,1,test,1
cluster_0152,perceptual_near_duplicate,cluster_0152,2,2,0,1,0,1,test,1
cluster_0153,perceptual_near_duplicate,cluster_0153,2,2,0,1,1,0,validation,1
cluster_0154,perceptual_near_duplicate,cluster_0154,2,2,0,1,1,0,validation,1
cluster_0155,perceptual_near_duplicate,cluster_0155,2,2,0,1,1,0,validation,1
cluster_0156,perceptual_near_duplicate,cluster_0156,2,2,0,1,1,0,validation,1
cluster_0157,perceptual_near_duplicate,cluster_0157,2,2,0,1,1,0,validation,1
cluster_0158,perceptual_near_duplicate,cluster_0158,2,2,0,1,1,0,validation,1
cluster_0159,perceptual_near_duplicate,cluster_0159,2,2,0,1,1,0,validation,1
cluster_0160,perceptual_near_duplicate,cluster_0160,2,2,0,1,1,0,validation,1
cluster_0161,perceptual_near_duplicate,cluster_0161,2,2,0,1,1,0,validation,1
cluster_0162,perceptual_near_duplicate,cluster_0162,2,2,0,1,1,0,validation,1
cluster_0163,perceptual_near_duplicate,cluster_0163,2,2,0,1,1,0,train,1
cluster_0164,perceptual_near_duplicate,cluster_0164,2,2,0,1,1,0,train,1
cluster_0165,perceptual_near_duplicate,cluster_0165,2,2,0,1,1,0,validation,1
cluster_0166,perceptual_near_duplicate,cluster_0166,2,2,0,1,1,0,validation,1
cluster_0167,perceptual_near_duplicate,cluster_0167,2,2,0,1,1,0,validation,1
cluster_0168,perceptual_near_duplicate,cluster_0168,2,2,0,1,1,0,validation,1
cluster_0169,perceptual_near_duplicate,cluster_0169,2,0,2,1,1,0,validation,1
cluster_0170,perceptual_near_duplicate,cluster_0170,2,0,2,1,1,0,validation,1
cluster_0171,perceptual_near_duplicate,cluster_0171,2,1,1,1,1,0,validation,1
cluster_0172,perceptual_near_duplicate,cluster_0172,2,0,2,1,1,0,validation,1
cluster_0173,perceptual_near_duplicate,cluster_0173,2,0,2,1,1,0,validation,1
cluster_0174,perceptual_near_duplicate,cluster_0174,2,0,2,1,1,0,validation,1
cluster_0175,perceptual_near_duplicate,cluster_0175,2,0,2,1,1,0,validation,1
cluster_0176,perceptual_near_duplicate,cluster_0176,2,0,2,1,1,0,validation,1
cluster_0177,perceptual_near_duplicate,cluster_0177,2,0,2,1,1,0,validation,1
cluster_0178,perceptual_near_duplicate,cluster_0178,2,0,2,1,1,0,validation,1
cluster_0179,perceptual_near_duplicate,cluster_0179,2,2,0,1,1,0,validation,1
cluster_0180,perceptual_near_duplicate,cluster_0180,2,2,0,1,1,0,validation,1
cluster_0181,perceptual_near_duplicate,cluster_0181,2,2,0,1,1,0,validation,1
cluster_0182,perceptual_near_duplicate,cluster_0182,2,2,0,1,1,0,validation,1
cluster_0183,perceptual_near_duplicate,cluster_0183,2,2,0,1,1,0,validation,1
cluster_0184,perceptual_near_duplicate,cluster_0184,2,2,0,1,1,0,validation,1
cluster_0185,perceptual_near_duplicate,cluster_0185,2,1,1,1,1,0,validation,1
cluster_0186,perceptual_near_duplicate,cluster_0186,2,2,0,1,1,0,train,1
cluster_0187,perceptual_near_duplicate,cluster_0187,2,2,0,1,1,0,validation,1
cluster_0188,perceptual_near_duplicate,cluster_0188,2,1,1,1,1,0,validation,1
cluster_0189,perceptual_near_duplicate,cluster_0189,2,1,1,1,1,0,validation,1
cluster_0190,perceptual_near_duplicate,cluster_0190,2,0,2,1,1,0,validation,1
cluster_0191,perceptual_near_duplicate,cluster_0191,2,2,0,1,1,0,validation,1
exact_sha_group_0001,exact_sha256,,2,2,0,2,0,0,train,0
exact_sha_group_0002,exact_sha256,,2,2,0,2,0,0,train,0
exact_sha_group_0003,exact_sha256,,2,0,2,2,0,0,train,0
exact_sha_group_0004,exact_sha256,,2,0,2,2,0,0,train,0
exact_sha_group_0005,exact_sha256,,2,0,2,2,0,0,train,0
exact_sha_group_0006,exact_sha256,,2,0,2,2,0,0,train,0
exact_sha_group_0007,exact_sha256,,2,0,2,2,0,0,train,0
exact_sha_group_0008,exact_sha256,,2,2,0,0,0,2,test,0
exact_sha_group_0009,exact_sha256,,2,2,0,2,0,0,train,0
exact_sha_group_0010,exact_sha256,,2,2,0,2,0,0,train,0
exact_sha_group_0011,exact_sha256,,2,2,0,2,0,0,train,0
exact_sha_group_0012,exact_sha256,,2,2,0,2,0,0,train,0
exact_sha_group_0013,exact_sha256,,2,2,0,2,0,0,train,0
singleton_0001,singleton,,1,1,0,1,0,0,train,0
singleton_0002,singleton,,1,1,0,0,0,1,test,0
singleton_0003,singleton,,1,1,0,1,0,0,train,0
singleton_0004,singleton,,1,1,0,1,0,0,train,0
singleton_0005,singleton,,1,1,0,1,0,0,train,0
singleton_0006,singleton,,1,1,0,1,0,0,train,0
singleton_0007,singleton,,1,1,0,1,0,0,train,0
singleton_0008,singleton,,1,1,0,1,0,0,train,0
singleton_0009,singleton,,1,1,0,0,0,1,test,0
singleton_0010,singleton,,1,1,0,0,1,0,validation,0
singleton_0011,singleton,,1,1,0,0,0,1,test,0
singleton_0012,singleton,,1,1,0,1,0,0,train,0
singleton_0013,singleton,,1,1,0,0,0,1,test,0
singleton_0014,singleton,,1,1,0,1,0,0,train,0
singleton_0015,singleton,,1,1,0,1,0,0,train,0
singleton_0016,singleton,,1,1,0,1,0,0,train,0
singleton_0017,singleton,,1,1,0,1,0,0,train,0
singleton_0018,singleton,,1,1,0,1,0,0,train,0
singleton_0019,singleton,,1,1,0,0,0,1,test,0
singleton_0020,singleton,,1,1,0,0,0,1,test,0
singleton_0021,singleton,,1,1,0,1,0,0,train,0
singleton_0022,singleton,,1,1,0,1,0,0,train,0
singleton_0023,singleton,,1,1,0,1,0,0,train,0
singleton_0024,singleton,,1,1,0,0,0,1,test,0
singleton_0025,singleton,,1,1,0,1,0,0,train,0
singleton_0026,singleton,,1,1,0,0,0,1,test,0
singleton_0027,singleton,,1,1,0,0,0,1,test,0
singleton_0028,singleton,,1,1,0,1,0,0,train,0
singleton_0029,singleton,,1,1,0,1,0,0,train,0
singleton_0030,singleton,,1,1,0,1,0,0,train,0
singleton_0031,singleton,,1,1,0,1,0,0,train,0
singleton_0032,singleton,,1,1,0,0,1,0,validation,0
singleton_0033,singleton,,1,1,0,0,1,0,validation,0
singleton_0034,singleton,,1,1,0,1,0,0,train,0
singleton_0035,singleton,,1,1,0,1,0,0,train,0
singleton_0036,singleton,,1,1,0,0,1,0,validation,0
singleton_0037,singleton,,1,1,0,1,0,0,train,0
singleton_0038,singleton,,1,1,0,0,1,0,validation,0
singleton_0039,singleton,,1,1,0,0,1,0,validation,0
singleton_0040,singleton,,1,1,0,1,0,0,train,0
singleton_0041,singleton,,1,1,0,1,0,0,train,0
singleton_0042,singleton,,1,1,0,0,0,1,test,0
singleton_0043,singleton,,1,1,0,1,0,0,train,0
singleton_0044,singleton,,1,1,0,1,0,0,train,0
singleton_0045,singleton,,1,1,0,0,0,1,test,0
singleton_0046,singleton,,1,1,0,1,0,0,train,0
singleton_0047,singleton,,1,1,0,1,0,0,train,0
singleton_0048,singleton,,1,1,0,1,0,0,train,0
singleton_0049,singleton,,1,1,0,1,0,0,train,0
singleton_0050,singleton,,1,1,0,0,1,0,validation,0
singleton_0051,singleton,,1,1,0,1,0,0,train,0
singleton_0052,singleton,,1,1,0,1,0,0,train,0
singleton_0053,singleton,,1,1,0,1,0,0,train,0
singleton_0054,singleton,,1,1,0,1,0,0,train,0
singleton_0055,singleton,,1,1,0,1,0,0,train,0
singleton_0056,singleton,,1,1,0,1,0,0,train,0
singleton_0057,singleton,,1,1,0,1,0,0,train,0
singleton_0058,singleton,,1,1,0,0,0,1,test,0
singleton_0059,singleton,,1,1,0,1,0,0,train,0
singleton_0060,singleton,,1,1,0,0,0,1,test,0
singleton_0061,singleton,,1,1,0,1,0,0,train,0
singleton_0062,singleton,,1,1,0,1,0,0,train,0
singleton_0063,singleton,,1,1,0,1,0,0,train,0
singleton_0064,singleton,,1,1,0,1,0,0,train,0
singleton_0065,singleton,,1,1,0,0,0,1,test,0
singleton_0066,singleton,,1,1,0,1,0,0,train,0
singleton_0067,singleton,,1,1,0,1,0,0,train,0
singleton_0068,singleton,,1,1,0,1,0,0,train,0
singleton_0069,singleton,,1,1,0,0,1,0,validation,0
singleton_0070,singleton,,1,1,0,0,0,1,test,0
singleton_0071,singleton,,1,1,0,1,0,0,train,0
singleton_0072,singleton,,1,1,0,1,0,0,train,0
singleton_0073,singleton,,1,1,0,1,0,0,train,0
singleton_0074,singleton,,1,1,0,1,0,0,train,0
singleton_0075,singleton,,1,1,0,1,0,0,train,0
singleton_0076,singleton,,1,1,0,0,0,1,test,0
singleton_0077,singleton,,1,1,0,1,0,0,train,0
singleton_0078,singleton,,1,1,0,1,0,0,train,0
singleton_0079,singleton,,1,1,0,1,0,0,train,0
singleton_0080,singleton,,1,1,0,1,0,0,train,0
singleton_0081,singleton,,1,1,0,0,0,1,test,0
singleton_0082,singleton,,1,1,0,1,0,0,train,0
singleton_0083,singleton,,1,1,0,1,0,0,train,0
singleton_0084,singleton,,1,1,0,1,0,0,train,0
singleton_0085,singleton,,1,1,0,0,1,0,validation,0
singleton_0086,singleton,,1,1,0,0,0,1,test,0
singleton_0087,singleton,,1,1,0,1,0,0,train,0
singleton_0088,singleton,,1,1,0,0,0,1,test,0
singleton_0089,singleton,,1,1,0,1,0,0,train,0
singleton_0090,singleton,,1,1,0,1,0,0,train,0
singleton_0091,singleton,,1,1,0,1,0,0,train,0
singleton_0092,singleton,,1,1,0,1,0,0,train,0
singleton_0093,singleton,,1,1,0,0,1,0,validation,0
singleton_0094,singleton,,1,1,0,0,0,1,test,0
singleton_0095,singleton,,1,1,0,1,0,0,train,0
singleton_0096,singleton,,1,1,0,1,0,0,train,0
singleton_0097,singleton,,1,1,0,0,1,0,validation,0
singleton_0098,singleton,,1,1,0,1,0,0,train,0
singleton_0099,singleton,,1,1,0,1,0,0,train,0
singleton_0100,singleton,,1,1,0,1,0,0,train,0
singleton_0101,singleton,,1,1,0,1,0,0,train,0
singleton_0102,singleton,,1,1,0,1,0,0,train,0
singleton_0103,singleton,,1,1,0,1,0,0,train,0
singleton_0104,singleton,,1,1,0,0,0,1,test,0
singleton_0105,singleton,,1,1,0,1,0,0,train,0
singleton_0106,singleton,,1,1,0,1,0,0,train,0
singleton_0107,singleton,,1,1,0,0,0,1,test,0
singleton_0108,singleton,,1,1,0,1,0,0,train,0
singleton_0109,singleton,,1,1,0,0,1,0,validation,0
singleton_0110,singleton,,1,1,0,1,0,0,train,0
singleton_0111,singleton,,1,1,0,0,0,1,test,0
singleton_0112,singleton,,1,1,0,0,0,1,test,0
singleton_0113,singleton,,1,1,0,1,0,0,train,0
singleton_0114,singleton,,1,1,0,0,1,0,validation,0
singleton_0115,singleton,,1,1,0,1,0,0,train,0
singleton_0116,singleton,,1,1,0,1,0,0,train,0
singleton_0117,singleton,,1,1,0,1,0,0,train,0
singleton_0118,singleton,,1,1,0,0,1,0,validation,0
singleton_0119,singleton,,1,1,0,1,0,0,train,0
singleton_0120,singleton,,1,1,0,1,0,0,train,0
singleton_0121,singleton,,1,1,0,1,0,0,train,0
singleton_0122,singleton,,1,1,0,0,1,0,validation,0
singleton_0123,singleton,,1,1,0,1,0,0,train,0
singleton_0124,singleton,,1,1,0,1,0,0,train,0
singleton_0125,singleton,,1,1,0,1,0,0,train,0
singleton_0126,singleton,,1,1,0,1,0,0,train,0
singleton_0127,singleton,,1,1,0,0,1,0,validation,0
singleton_0128,singleton,,1,1,0,0,0,1,test,0
singleton_0129,singleton,,1,1,0,0,0,1,test,0
singleton_0130,singleton,,1,1,0,1,0,0,train,0
singleton_0131,singleton,,1,1,0,1,0,0,train,0
singleton_0132,singleton,,1,1,0,0,0,1,test,0
singleton_0133,singleton,,1,1,0,1,0,0,train,0
singleton_0134,singleton,,1,1,0,1,0,0,train,0
singleton_0135,singleton,,1,1,0,1,0,0,train,0
singleton_0136,singleton,,1,1,0,1,0,0,train,0
singleton_0137,singleton,,1,1,0,0,1,0,validation,0
singleton_0138,singleton,,1,1,0,1,0,0,train,0
singleton_0139,singleton,,1,1,0,0,1,0,validation,0
singleton_0140,singleton,,1,1,0,0,0,1,test,0
singleton_0141,singleton,,1,1,0,1,0,0,train,0
singleton_0142,singleton,,1,1,0,0,1,0,validation,0
singleton_0143,singleton,,1,1,0,1,0,0,train,0
singleton_0144,singleton,,1,1,0,1,0,0,train,0
singleton_0145,singleton,,1,1,0,1,0,0,train,0
singleton_0146,singleton,,1,1,0,1,0,0,train,0
singleton_0147,singleton,,1,1,0,0,1,0,validation,0
singleton_0148,singleton,,1,1,0,1,0,0,train,0
singleton_0149,singleton,,1,1,0,1,0,0,train,0
singleton_0150,singleton,,1,1,0,1,0,0,train,0
singleton_0151,singleton,,1,1,0,1,0,0,train,0
singleton_0152,singleton,,1,1,0,1,0,0,train,0
singleton_0153,singleton,,1,1,0,1,0,0,train,0
singleton_0154,singleton,,1,1,0,0,1,0,validation,0
singleton_0155,singleton,,1,1,0,1,0,0,train,0
singleton_0156,singleton,,1,1,0,1,0,0,train,0
singleton_0157,singleton,,1,1,0,1,0,0,train,0
singleton_0158,singleton,,1,1,0,0,1,0,validation,0
singleton_0159,singleton,,1,1,0,1,0,0,train,0
singleton_0160,singleton,,1,1,0,1,0,0,train,0
singleton_0161,singleton,,1,1,0,0,0,1,test,0
singleton_0162,singleton,,1,1,0,1,0,0,train,0
singleton_0163,singleton,,1,1,0,1,0,0,train,0
singleton_0164,singleton,,1,1,0,0,1,0,validation,0
singleton_0165,singleton,,1,1,0,1,0,0,train,0
singleton_0166,singleton,,1,1,0,1,0,0,train,0
singleton_0167,singleton,,1,1,0,1,0,0,train,0
singleton_0168,singleton,,1,1,0,1,0,0,train,0
singleton_0169,singleton,,1,1,0,1,0,0,train,0
singleton_0170,singleton,,1,1,0,1,0,0,train,0
singleton_0171,singleton,,1,1,0,1,0,0,train,0
singleton_0172,singleton,,1,1,0,1,0,0,train,0
singleton_0173,singleton,,1,1,0,1,0,0,train,0
singleton_0174,singleton,,1,1,0,1,0,0,train,0
singleton_0175,singleton,,1,1,0,1,0,0,train,0
singleton_0176,singleton,,1,1,0,1,0,0,train,0
singleton_0177,singleton,,1,1,0,1,0,0,train,0
singleton_0178,singleton,,1,1,0,1,0,0,train,0
singleton_0179,singleton,,1,1,0,1,0,0,train,0
singleton_0180,singleton,,1,1,0,0,0,1,test,0
singleton_0181,singleton,,1,1,0,1,0,0,train,0
singleton_0182,singleton,,1,1,0,1,0,0,train,0
singleton_0183,singleton,,1,1,0,1,0,0,train,0
singleton_0184,singleton,,1,1,0,1,0,0,train,0
singleton_0185,singleton,,1,1,0,1,0,0,train,0
singleton_0186,singleton,,1,1,0,0,1,0,validation,0
singleton_0187,singleton,,1,1,0,1,0,0,train,0
singleton_0188,singleton,,1,1,0,1,0,0,train,0
singleton_0189,singleton,,1,1,0,1,0,0,train,0
singleton_0190,singleton,,1,1,0,0,1,0,validation,0
singleton_0191,singleton,,1,1,0,1,0,0,train,0
singleton_0192,singleton,,1,1,0,1,0,0,train,0
singleton_0193,singleton,,1,1,0,1,0,0,train,0
singleton_0194,singleton,,1,1,0,1,0,0,train,0
singleton_0195,singleton,,1,1,0,1,0,0,train,0
singleton_0196,singleton,,1,1,0,1,0,0,train,0
singleton_0197,singleton,,1,1,0,1,0,0,train,0
singleton_0198,singleton,,1,1,0,1,0,0,train,0
singleton_0199,singleton,,1,1,0,0,0,1,test,0
singleton_0200,singleton,,1,1,0,1,0,0,train,0
singleton_0201,singleton,,1,1,0,0,0,1,test,0
singleton_0202,singleton,,1,1,0,1,0,0,train,0
singleton_0203,singleton,,1,1,0,1,0,0,train,0
singleton_0204,singleton,,1,1,0,1,0,0,train,0
singleton_0205,singleton,,1,1,0,0,0,1,test,0
singleton_0206,singleton,,1,1,0,1,0,0,train,0
singleton_0207,singleton,,1,1,0,1,0,0,train,0
singleton_0208,singleton,,1,1,0,1,0,0,train,0
singleton_0209,singleton,,1,1,0,1,0,0,train,0
singleton_0210,singleton,,1,1,0,0,0,1,test,0
singleton_0211,singleton,,1,1,0,1,0,0,train,0
singleton_0212,singleton,,1,1,0,0,0,1,test,0
singleton_0213,singleton,,1,1,0,1,0,0,train,0
singleton_0214,singleton,,1,1,0,1,0,0,train,0
singleton_0215,singleton,,1,1,0,0,1,0,validation,0
singleton_0216,singleton,,1,1,0,1,0,0,train,0
singleton_0217,singleton,,1,1,0,0,0,1,test,0
singleton_0218,singleton,,1,1,0,0,1,0,validation,0
singleton_0219,singleton,,1,1,0,1,0,0,train,0
singleton_0220,singleton,,1,1,0,1,0,0,train,0
singleton_0221,singleton,,1,1,0,0,1,0,validation,0
singleton_0222,singleton,,1,1,0,1,0,0,train,0
singleton_0223,singleton,,1,1,0,1,0,0,train,0
singleton_0224,singleton,,1,1,0,0,1,0,validation,0
singleton_0225,singleton,,1,1,0,1,0,0,train,0
singleton_0226,singleton,,1,1,0,1,0,0,train,0
singleton_0227,singleton,,1,1,0,1,0,0,train,0
singleton_0228,singleton,,1,1,0,0,0,1,test,0
singleton_0229,singleton,,1,1,0,1,0,0,train,0
singleton_0230,singleton,,1,1,0,1,0,0,train,0
singleton_0231,singleton,,1,1,0,0,1,0,validation,0
singleton_0232,singleton,,1,1,0,0,1,0,validation,0
singleton_0233,singleton,,1,1,0,1,0,0,train,0
singleton_0234,singleton,,1,1,0,0,1,0,validation,0
singleton_0235,singleton,,1,1,0,0,0,1,test,0
singleton_0236,singleton,,1,1,0,1,0,0,train,0
singleton_0237,singleton,,1,1,0,1,0,0,train,0
singleton_0238,singleton,,1,1,0,0,0,1,test,0
singleton_0239,singleton,,1,1,0,1,0,0,train,0
singleton_0240,singleton,,1,1,0,0,1,0,validation,0
singleton_0241,singleton,,1,1,0,0,0,1,test,0
singleton_0242,singleton,,1,1,0,1,0,0,train,0
singleton_0243,singleton,,1,1,0,1,0,0,train,0
singleton_0244,singleton,,1,1,0,1,0,0,train,0
singleton_0245,singleton,,1,1,0,1,0,0,train,0
singleton_0246,singleton,,1,1,0,1,0,0,train,0
singleton_0247,singleton,,1,1,0,1,0,0,train,0
singleton_0248,singleton,,1,1,0,1,0,0,train,0
singleton_0249,singleton,,1,1,0,0,1,0,validation,0
singleton_0250,singleton,,1,1,0,1,0,0,train,0
singleton_0251,singleton,,1,1,0,1,0,0,train,0
singleton_0252,singleton,,1,1,0,1,0,0,train,0
singleton_0253,singleton,,1,1,0,1,0,0,train,0
singleton_0254,singleton,,1,1,0,0,1,0,validation,0
singleton_0255,singleton,,1,1,0,1,0,0,train,0
singleton_0256,singleton,,1,1,0,1,0,0,train,0
singleton_0257,singleton,,1,1,0,1,0,0,train,0
singleton_0258,singleton,,1,1,0,1,0,0,train,0
singleton_0259,singleton,,1,1,0,0,1,0,validation,0
singleton_0260,singleton,,1,1,0,1,0,0,train,0
singleton_0261,singleton,,1,1,0,0,0,1,test,0
singleton_0262,singleton,,1,1,0,1,0,0,train,0
singleton_0263,singleton,,1,1,0,1,0,0,train,0
singleton_0264,singleton,,1,1,0,1,0,0,train,0
singleton_0265,singleton,,1,1,0,1,0,0,train,0
singleton_0266,singleton,,1,1,0,0,0,1,test,0
singleton_0267,singleton,,1,1,0,1,0,0,train,0
singleton_0268,singleton,,1,1,0,1,0,0,train,0
singleton_0269,singleton,,1,1,0,1,0,0,train,0
singleton_0270,singleton,,1,1,0,1,0,0,train,0
singleton_0271,singleton,,1,1,0,1,0,0,train,0
singleton_0272,singleton,,1,1,0,1,0,0,train,0
singleton_0273,singleton,,1,1,0,0,1,0,validation,0
singleton_0274,singleton,,1,1,0,1,0,0,train,0
singleton_0275,singleton,,1,1,0,0,1,0,validation,0
singleton_0276,singleton,,1,1,0,0,0,1,test,0
singleton_0277,singleton,,1,1,0,1,0,0,train,0
singleton_0278,singleton,,1,1,0,1,0,0,train,0
singleton_0279,singleton,,1,1,0,1,0,0,train,0
singleton_0280,singleton,,1,1,0,1,0,0,train,0
singleton_0281,singleton,,1,1,0,1,0,0,train,0
singleton_0282,singleton,,1,1,0,1,0,0,train,0
singleton_0283,singleton,,1,1,0,1,0,0,train,0
singleton_0284,singleton,,1,1,0,1,0,0,train,0
singleton_0285,singleton,,1,1,0,1,0,0,train,0
singleton_0286,singleton,,1,1,0,1,0,0,train,0
singleton_0287,singleton,,1,1,0,0,1,0,validation,0
singleton_0288,singleton,,1,1,0,1,0,0,train,0
singleton_0289,singleton,,1,1,0,1,0,0,train,0
singleton_0290,singleton,,1,1,0,1,0,0,train,0
singleton_0291,singleton,,1,1,0,1,0,0,train,0
singleton_0292,singleton,,1,1,0,1,0,0,train,0
singleton_0293,singleton,,1,1,0,1,0,0,train,0
singleton_0294,singleton,,1,1,0,1,0,0,train,0
singleton_0295,singleton,,1,1,0,1,0,0,train,0
singleton_0296,singleton,,1,1,0,1,0,0,train,0
singleton_0297,singleton,,1,1,0,1,0,0,train,0
singleton_0298,singleton,,1,1,0,1,0,0,train,0
singleton_0299,singleton,,1,1,0,1,0,0,train,0
singleton_0300,singleton,,1,1,0,1,0,0,train,0
singleton_0301,singleton,,1,1,0,1,0,0,train,0
singleton_0302,singleton,,1,1,0,1,0,0,train,0
singleton_0303,singleton,,1,1,0,1,0,0,train,0
singleton_0304,singleton,,1,1,0,1,0,0,train,0
singleton_0305,singleton,,1,1,0,1,0,0,train,0
singleton_0306,singleton,,1,1,0,1,0,0,train,0
singleton_0307,singleton,,1,1,0,0,0,1,test,0
singleton_0308,singleton,,1,1,0,1,0,0,train,0
singleton_0309,singleton,,1,1,0,1,0,0,train,0
singleton_0310,singleton,,1,1,0,1,0,0,train,0
singleton_0311,singleton,,1,1,0,1,0,0,train,0
singleton_0312,singleton,,1,1,0,1,0,0,train,0
singleton_0313,singleton,,1,1,0,1,0,0,train,0
singleton_0314,singleton,,1,1,0,1,0,0,train,0
singleton_0315,singleton,,1,1,0,1,0,0,train,0
singleton_0316,singleton,,1,1,0,1,0,0,train,0
singleton_0317,singleton,,1,1,0,1,0,0,train,0
singleton_0318,singleton,,1,1,0,1,0,0,train,0
singleton_0319,singleton,,1,1,0,1,0,0,train,0
singleton_0320,singleton,,1,1,0,1,0,0,train,0
singleton_0321,singleton,,1,1,0,0,1,0,validation,0
singleton_0322,singleton,,1,1,0,1,0,0,train,0
singleton_0323,singleton,,1,1,0,0,1,0,validation,0
singleton_0324,singleton,,1,1,0,1,0,0,train,0
singleton_0325,singleton,,1,1,0,0,0,1,test,0
singleton_0326,singleton,,1,1,0,1,0,0,train,0
singleton_0327,singleton,,1,1,0,1,0,0,train,0
singleton_0328,singleton,,1,1,0,0,0,1,test,0
singleton_0329,singleton,,1,1,0,0,1,0,validation,0
singleton_0330,singleton,,1,1,0,1,0,0,train,0
singleton_0331,singleton,,1,1,0,0,1,0,validation,0
singleton_0332,singleton,,1,1,0,1,0,0,train,0
singleton_0333,singleton,,1,1,0,1,0,0,train,0
singleton_0334,singleton,,1,1,0,1,0,0,train,0
singleton_0335,singleton,,1,1,0,1,0,0,train,0
singleton_0336,singleton,,1,1,0,1,0,0,train,0
singleton_0337,singleton,,1,1,0,1,0,0,train,0
singleton_0338,singleton,,1,1,0,1,0,0,train,0
singleton_0339,singleton,,1,1,0,1,0,0,train,0
singleton_0340,singleton,,1,1,0,0,1,0,validation,0
singleton_0341,singleton,,1,1,0,1,0,0,train,0
singleton_0342,singleton,,1,1,0,1,0,0,train,0
singleton_0343,singleton,,1,1,0,1,0,0,train,0
singleton_0344,singleton,,1,1,0,1,0,0,train,0
singleton_0345,singleton,,1,1,0,1,0,0,train,0
singleton_0346,singleton,,1,1,0,1,0,0,train,0
singleton_0347,singleton,,1,1,0,1,0,0,train,0
singleton_0348,singleton,,1,1,0,1,0,0,train,0
singleton_0349,singleton,,1,1,0,0,0,1,test,0
singleton_0350,singleton,,1,1,0,1,0,0,train,0
singleton_0351,singleton,,1,1,0,1,0,0,train,0
singleton_0352,singleton,,1,1,0,1,0,0,train,0
singleton_0353,singleton,,1,1,0,1,0,0,train,0
singleton_0354,singleton,,1,1,0,1,0,0,train,0
singleton_0355,singleton,,1,1,0,0,1,0,validation,0
singleton_0356,singleton,,1,1,0,1,0,0,train,0
singleton_0357,singleton,,1,1,0,1,0,0,train,0
singleton_0358,singleton,,1,1,0,1,0,0,train,0
singleton_0359,singleton,,1,1,0,0,1,0,validation,0
singleton_0360,singleton,,1,1,0,0,1,0,validation,0
singleton_0361,singleton,,1,1,0,1,0,0,train,0
singleton_0362,singleton,,1,1,0,0,1,0,validation,0
singleton_0363,singleton,,1,1,0,1,0,0,train,0
singleton_0364,singleton,,1,1,0,1,0,0,train,0
singleton_0365,singleton,,1,1,0,1,0,0,train,0
singleton_0366,singleton,,1,1,0,1,0,0,train,0
singleton_0367,singleton,,1,1,0,1,0,0,train,0
singleton_0368,singleton,,1,1,0,1,0,0,train,0
singleton_0369,singleton,,1,1,0,1,0,0,train,0
singleton_0370,singleton,,1,1,0,1,0,0,train,0
singleton_0371,singleton,,1,1,0,0,0,1,test,0
singleton_0372,singleton,,1,1,0,1,0,0,train,0
singleton_0373,singleton,,1,1,0,1,0,0,train,0
singleton_0374,singleton,,1,1,0,1,0,0,train,0
singleton_0375,singleton,,1,1,0,0,1,0,validation,0
singleton_0376,singleton,,1,1,0,1,0,0,train,0
singleton_0377,singleton,,1,1,0,1,0,0,train,0
singleton_0378,singleton,,1,1,0,0,1,0,validation,0
singleton_0379,singleton,,1,1,0,1,0,0,train,0
singleton_0380,singleton,,1,1,0,1,0,0,train,0
singleton_0381,singleton,,1,1,0,1,0,0,train,0
singleton_0382,singleton,,1,1,0,1,0,0,train,0
singleton_0383,singleton,,1,1,0,1,0,0,train,0
singleton_0384,singleton,,1,1,0,0,1,0,validation,0
singleton_0385,singleton,,1,1,0,0,1,0,validation,0
singleton_0386,singleton,,1,1,0,1,0,0,train,0
singleton_0387,singleton,,1,1,0,1,0,0,train,0
singleton_0388,singleton,,1,1,0,1,0,0,train,0
singleton_0389,singleton,,1,1,0,1,0,0,train,0
singleton_0390,singleton,,1,1,0,1,0,0,train,0
singleton_0391,singleton,,1,1,0,1,0,0,train,0
singleton_0392,singleton,,1,1,0,1,0,0,train,0
singleton_0393,singleton,,1,1,0,0,0,1,test,0
singleton_0394,singleton,,1,1,0,1,0,0,train,0
singleton_0395,singleton,,1,1,0,1,0,0,train,0
singleton_0396,singleton,,1,1,0,0,1,0,validation,0
singleton_0397,singleton,,1,1,0,1,0,0,train,0
singleton_0398,singleton,,1,1,0,1,0,0,train,0
singleton_0399,singleton,,1,1,0,1,0,0,train,0
singleton_0400,singleton,,1,1,0,1,0,0,train,0
singleton_0401,singleton,,1,1,0,1,0,0,train,0
singleton_0402,singleton,,1,1,0,0,0,1,test,0
singleton_0403,singleton,,1,1,0,1,0,0,train,0
singleton_0404,singleton,,1,1,0,1,0,0,train,0
singleton_0405,singleton,,1,1,0,0,1,0,validation,0
singleton_0406,singleton,,1,1,0,1,0,0,train,0
singleton_0407,singleton,,1,1,0,1,0,0,train,0
singleton_0408,singleton,,1,1,0,1,0,0,train,0
singleton_0409,singleton,,1,1,0,0,0,1,test,0
singleton_0410,singleton,,1,1,0,0,1,0,validation,0
singleton_0411,singleton,,1,1,0,1,0,0,train,0
singleton_0412,singleton,,1,1,0,1,0,0,train,0
singleton_0413,singleton,,1,1,0,1,0,0,train,0
singleton_0414,singleton,,1,1,0,1,0,0,train,0
singleton_0415,singleton,,1,1,0,1,0,0,train,0
singleton_0416,singleton,,1,1,0,1,0,0,train,0
singleton_0417,singleton,,1,1,0,0,0,1,test,0
singleton_0418,singleton,,1,1,0,1,0,0,train,0
singleton_0419,singleton,,1,1,0,0,0,1,test,0
singleton_0420,singleton,,1,1,0,0,1,0,validation,0
singleton_0421,singleton,,1,1,0,1,0,0,train,0
singleton_0422,singleton,,1,1,0,1,0,0,train,0
singleton_0423,singleton,,1,1,0,0,1,0,validation,0
singleton_0424,singleton,,1,1,0,1,0,0,train,0
singleton_0425,singleton,,1,1,0,1,0,0,train,0
singleton_0426,singleton,,1,1,0,1,0,0,train,0
singleton_0427,singleton,,1,1,0,0,0,1,test,0
singleton_0428,singleton,,1,1,0,1,0,0,train,0
singleton_0429,singleton,,1,1,0,0,1,0,validation,0
singleton_0430,singleton,,1,1,0,1,0,0,train,0
singleton_0431,singleton,,1,1,0,1,0,0,train,0
singleton_0432,singleton,,1,1,0,0,0,1,test,0
singleton_0433,singleton,,1,1,0,1,0,0,train,0
singleton_0434,singleton,,1,1,0,0,0,1,test,0
singleton_0435,singleton,,1,1,0,1,0,0,train,0
singleton_0436,singleton,,1,1,0,0,0,1,test,0
singleton_0437,singleton,,1,1,0,0,0,1,test,0
singleton_0438,singleton,,1,1,0,1,0,0,train,0
singleton_0439,singleton,,1,1,0,1,0,0,train,0
singleton_0440,singleton,,1,1,0,0,1,0,validation,0
singleton_0441,singleton,,1,1,0,1,0,0,train,0
singleton_0442,singleton,,1,1,0,1,0,0,train,0
singleton_0443,singleton,,1,1,0,1,0,0,train,0
singleton_0444,singleton,,1,1,0,1,0,0,train,0
singleton_0445,singleton,,1,1,0,1,0,0,train,0
singleton_0446,singleton,,1,1,0,1,0,0,train,0
singleton_0447,singleton,,1,1,0,1,0,0,train,0
singleton_0448,singleton,,1,1,0,0,1,0,validation,0
singleton_0449,singleton,,1,1,0,1,0,0,train,0
singleton_0450,singleton,,1,1,0,0,1,0,validation,0
singleton_0451,singleton,,1,1,0,1,0,0,train,0
singleton_0452,singleton,,1,1,0,0,0,1,test,0
singleton_0453,singleton,,1,1,0,1,0,0,train,0
singleton_0454,singleton,,1,1,0,0,0,1,test,0
singleton_0455,singleton,,1,1,0,0,0,1,test,0
singleton_0456,singleton,,1,1,0,1,0,0,train,0
singleton_0457,singleton,,1,1,0,1,0,0,train,0
singleton_0458,singleton,,1,1,0,1,0,0,train,0
singleton_0459,singleton,,1,1,0,1,0,0,train,0
singleton_0460,singleton,,1,1,0,1,0,0,train,0
singleton_0461,singleton,,1,1,0,1,0,0,train,0
singleton_0462,singleton,,1,1,0,1,0,0,train,0
singleton_0463,singleton,,1,1,0,1,0,0,train,0
singleton_0464,singleton,,1,1,0,0,0,1,test,0
singleton_0465,singleton,,1,1,0,0,0,1,test,0
singleton_0466,singleton,,1,1,0,1,0,0,train,0
singleton_0467,singleton,,1,1,0,0,0,1,test,0
singleton_0468,singleton,,1,1,0,1,0,0,train,0
singleton_0469,singleton,,1,1,0,1,0,0,train,0
singleton_0470,singleton,,1,1,0,1,0,0,train,0
singleton_0471,singleton,,1,1,0,0,1,0,validation,0
singleton_0472,singleton,,1,1,0,1,0,0,train,0
singleton_0473,singleton,,1,1,0,0,1,0,validation,0
singleton_0474,singleton,,1,1,0,0,0,1,test,0
singleton_0475,singleton,,1,1,0,1,0,0,train,0
singleton_0476,singleton,,1,1,0,1,0,0,train,0
singleton_0477,singleton,,1,1,0,1,0,0,train,0
singleton_0478,singleton,,1,1,0,1,0,0,train,0
singleton_0479,singleton,,1,1,0,1,0,0,train,0
singleton_0480,singleton,,1,1,0,1,0,0,train,0
singleton_0481,singleton,,1,1,0,1,0,0,train,0
singleton_0482,singleton,,1,1,0,1,0,0,train,0
singleton_0483,singleton,,1,1,0,0,1,0,validation,0
singleton_0484,singleton,,1,1,0,1,0,0,train,0
singleton_0485,singleton,,1,1,0,1,0,0,train,0
singleton_0486,singleton,,1,1,0,1,0,0,train,0
singleton_0487,singleton,,1,1,0,0,0,1,test,0
singleton_0488,singleton,,1,1,0,1,0,0,train,0
singleton_0489,singleton,,1,1,0,1,0,0,train,0
singleton_0490,singleton,,1,1,0,0,1,0,validation,0
singleton_0491,singleton,,1,1,0,1,0,0,train,0
singleton_0492,singleton,,1,1,0,1,0,0,train,0
singleton_0493,singleton,,1,1,0,1,0,0,train,0
singleton_0494,singleton,,1,1,0,0,0,1,test,0
singleton_0495,singleton,,1,1,0,0,1,0,validation,0
singleton_0496,singleton,,1,1,0,1,0,0,train,0
singleton_0497,singleton,,1,1,0,1,0,0,train,0
singleton_0498,singleton,,1,1,0,1,0,0,train,0
singleton_0499,singleton,,1,1,0,1,0,0,train,0
singleton_0500,singleton,,1,1,0,1,0,0,train,0
singleton_0501,singleton,,1,1,0,0,1,0,validation,0
singleton_0502,singleton,,1,1,0,0,1,0,validation,0
singleton_0503,singleton,,1,1,0,0,1,0,validation,0
singleton_0504,singleton,,1,1,0,1,0,0,train,0
singleton_0505,singleton,,1,1,0,1,0,0,train,0
singleton_0506,singleton,,1,1,0,1,0,0,train,0
singleton_0507,singleton,,1,1,0,1,0,0,train,0
singleton_0508,singleton,,1,1,0,1,0,0,train,0
singleton_0509,singleton,,1,1,0,1,0,0,train,0
singleton_0510,singleton,,1,1,0,1,0,0,train,0
singleton_0511,singleton,,1,1,0,0,1,0,validation,0
singleton_0512,singleton,,1,1,0,1,0,0,train,0
singleton_0513,singleton,,1,1,0,1,0,0,train,0
singleton_0514,singleton,,1,1,0,1,0,0,train,0
singleton_0515,singleton,,1,1,0,0,0,1,test,0
singleton_0516,singleton,,1,1,0,1,0,0,train,0
singleton_0517,singleton,,1,1,0,1,0,0,train,0
singleton_0518,singleton,,1,1,0,0,1,0,validation,0
singleton_0519,singleton,,1,1,0,0,0,1,test,0
singleton_0520,singleton,,1,1,0,0,1,0,validation,0
singleton_0521,singleton,,1,1,0,1,0,0,train,0
singleton_0522,singleton,,1,1,0,0,0,1,test,0
singleton_0523,singleton,,1,1,0,1,0,0,train,0
singleton_0524,singleton,,1,1,0,1,0,0,train,0
singleton_0525,singleton,,1,1,0,1,0,0,train,0
singleton_0526,singleton,,1,1,0,1,0,0,train,0
singleton_0527,singleton,,1,1,0,0,1,0,validation,0
singleton_0528,singleton,,1,1,0,1,0,0,train,0
singleton_0529,singleton,,1,1,0,0,0,1,test,0
singleton_0530,singleton,,1,1,0,1,0,0,train,0
singleton_0531,singleton,,1,1,0,1,0,0,train,0
singleton_0532,singleton,,1,1,0,0,1,0,validation,0
singleton_0533,singleton,,1,1,0,1,0,0,train,0
singleton_0534,singleton,,1,1,0,1,0,0,train,0
singleton_0535,singleton,,1,1,0,1,0,0,train,0
singleton_0536,singleton,,1,1,0,1,0,0,train,0
singleton_0537,singleton,,1,1,0,1,0,0,train,0
singleton_0538,singleton,,1,1,0,1,0,0,train,0
singleton_0539,singleton,,1,1,0,1,0,0,train,0
singleton_0540,singleton,,1,1,0,1,0,0,train,0
singleton_0541,singleton,,1,1,0,0,1,0,validation,0
singleton_0542,singleton,,1,1,0,1,0,0,train,0
singleton_0543,singleton,,1,1,0,1,0,0,train,0
singleton_0544,singleton,,1,1,0,0,1,0,validation,0
singleton_0545,singleton,,1,1,0,1,0,0,train,0
singleton_0546,singleton,,1,1,0,1,0,0,train,0
singleton_0547,singleton,,1,1,0,1,0,0,train,0
singleton_0548,singleton,,1,1,0,0,1,0,validation,0
singleton_0549,singleton,,1,1,0,1,0,0,train,0
singleton_0550,singleton,,1,1,0,1,0,0,train,0
singleton_0551,singleton,,1,1,0,1,0,0,train,0
singleton_0552,singleton,,1,1,0,1,0,0,train,0
singleton_0553,singleton,,1,1,0,1,0,0,train,0
singleton_0554,singleton,,1,1,0,0,0,1,test,0
singleton_0555,singleton,,1,1,0,1,0,0,train,0
singleton_0556,singleton,,1,1,0,0,1,0,validation,0
singleton_0557,singleton,,1,1,0,1,0,0,train,0
singleton_0558,singleton,,1,1,0,1,0,0,train,0
singleton_0559,singleton,,1,1,0,1,0,0,train,0
singleton_0560,singleton,,1,1,0,0,1,0,validation,0
singleton_0561,singleton,,1,1,0,1,0,0,train,0
singleton_0562,singleton,,1,1,0,1,0,0,train,0
singleton_0563,singleton,,1,1,0,1,0,0,train,0
singleton_0564,singleton,,1,1,0,1,0,0,train,0
singleton_0565,singleton,,1,1,0,1,0,0,train,0
singleton_0566,singleton,,1,1,0,1,0,0,train,0
singleton_0567,singleton,,1,1,0,1,0,0,train,0
singleton_0568,singleton,,1,1,0,1,0,0,train,0
singleton_0569,singleton,,1,1,0,1,0,0,train,0
singleton_0570,singleton,,1,1,0,1,0,0,train,0
singleton_0571,singleton,,1,1,0,1,0,0,train,0
singleton_0572,singleton,,1,1,0,1,0,0,train,0
singleton_0573,singleton,,1,1,0,1,0,0,train,0
singleton_0574,singleton,,1,1,0,1,0,0,train,0
singleton_0575,singleton,,1,1,0,1,0,0,train,0
singleton_0576,singleton,,1,1,0,1,0,0,train,0
singleton_0577,singleton,,1,1,0,1,0,0,train,0
singleton_0578,singleton,,1,1,0,1,0,0,train,0
singleton_0579,singleton,,1,1,0,1,0,0,train,0
singleton_0580,singleton,,1,1,0,1,0,0,train,0
singleton_0581,singleton,,1,1,0,1,0,0,train,0
singleton_0582,singleton,,1,1,0,0,0,1,test,0
singleton_0583,singleton,,1,1,0,1,0,0,train,0
singleton_0584,singleton,,1,1,0,1,0,0,train,0
singleton_0585,singleton,,1,1,0,0,1,0,validation,0
singleton_0586,singleton,,1,1,0,0,1,0,validation,0
singleton_0587,singleton,,1,1,0,0,1,0,validation,0
singleton_0588,singleton,,1,1,0,1,0,0,train,0
singleton_0589,singleton,,1,1,0,1,0,0,train,0
singleton_0590,singleton,,1,1,0,1,0,0,train,0
singleton_0591,singleton,,1,1,0,1,0,0,train,0
singleton_0592,singleton,,1,1,0,1,0,0,train,0
singleton_0593,singleton,,1,1,0,1,0,0,train,0
singleton_0594,singleton,,1,1,0,0,1,0,validation,0
singleton_0595,singleton,,1,1,0,1,0,0,train,0
singleton_0596,singleton,,1,1,0,1,0,0,train,0
singleton_0597,singleton,,1,1,0,1,0,0,train,0
singleton_0598,singleton,,1,1,0,1,0,0,train,0
singleton_0599,singleton,,1,1,0,1,0,0,train,0
singleton_0600,singleton,,1,1,0,1,0,0,train,0
singleton_0601,singleton,,1,1,0,1,0,0,train,0
singleton_0602,singleton,,1,1,0,1,0,0,train,0
singleton_0603,singleton,,1,1,0,1,0,0,train,0
singleton_0604,singleton,,1,1,0,1,0,0,train,0
singleton_0605,singleton,,1,1,0,1,0,0,train,0
singleton_0606,singleton,,1,1,0,1,0,0,train,0
singleton_0607,singleton,,1,1,0,1,0,0,train,0
singleton_0608,singleton,,1,1,0,1,0,0,train,0
singleton_0609,singleton,,1,1,0,1,0,0,train,0
singleton_0610,singleton,,1,1,0,0,1,0,validation,0
singleton_0611,singleton,,1,1,0,1,0,0,train,0
singleton_0612,singleton,,1,1,0,1,0,0,train,0
singleton_0613,singleton,,1,1,0,0,0,1,test,0
singleton_0614,singleton,,1,1,0,0,0,1,test,0
singleton_0615,singleton,,1,1,0,1,0,0,train,0
singleton_0616,singleton,,1,1,0,1,0,0,train,0
singleton_0617,singleton,,1,1,0,1,0,0,train,0
singleton_0618,singleton,,1,1,0,1,0,0,train,0
singleton_0619,singleton,,1,1,0,1,0,0,train,0
singleton_0620,singleton,,1,1,0,1,0,0,train,0
singleton_0621,singleton,,1,1,0,1,0,0,train,0
singleton_0622,singleton,,1,1,0,1,0,0,train,0
singleton_0623,singleton,,1,1,0,1,0,0,train,0
singleton_0624,singleton,,1,1,0,1,0,0,train,0
singleton_0625,singleton,,1,1,0,0,1,0,validation,0
singleton_0626,singleton,,1,1,0,1,0,0,train,0
singleton_0627,singleton,,1,1,0,0,0,1,test,0
singleton_0628,singleton,,1,1,0,1,0,0,train,0
singleton_0629,singleton,,1,1,0,1,0,0,train,0
singleton_0630,singleton,,1,1,0,1,0,0,train,0
singleton_0631,singleton,,1,1,0,0,0,1,test,0
singleton_0632,singleton,,1,1,0,1,0,0,train,0
singleton_0633,singleton,,1,1,0,0,0,1,test,0
singleton_0634,singleton,,1,1,0,0,0,1,test,0
singleton_0635,singleton,,1,1,0,0,1,0,validation,0
singleton_0636,singleton,,1,1,0,1,0,0,train,0
singleton_0637,singleton,,1,1,0,1,0,0,train,0
singleton_0638,singleton,,1,1,0,0,0,1,test,0
singleton_0639,singleton,,1,1,0,0,1,0,validation,0
singleton_0640,singleton,,1,1,0,1,0,0,train,0
singleton_0641,singleton,,1,1,0,1,0,0,train,0
singleton_0642,singleton,,1,1,0,1,0,0,train,0
singleton_0643,singleton,,1,1,0,0,0,1,test,0
singleton_0644,singleton,,1,1,0,1,0,0,train,0
singleton_0645,singleton,,1,1,0,1,0,0,train,0
singleton_0646,singleton,,1,1,0,0,0,1,test,0
singleton_0647,singleton,,1,1,0,0,0,1,test,0
singleton_0648,singleton,,1,1,0,1,0,0,train,0
singleton_0649,singleton,,1,1,0,1,0,0,train,0
singleton_0650,singleton,,1,1,0,0,0,1,test,0
singleton_0651,singleton,,1,1,0,1,0,0,train,0
singleton_0652,singleton,,1,1,0,1,0,0,train,0
singleton_0653,singleton,,1,1,0,1,0,0,train,0
singleton_0654,singleton,,1,1,0,1,0,0,train,0
singleton_0655,singleton,,1,1,0,1,0,0,train,0
singleton_0656,singleton,,1,1,0,1,0,0,train,0
singleton_0657,singleton,,1,1,0,1,0,0,train,0
singleton_0658,singleton,,1,1,0,0,1,0,validation,0
singleton_0659,singleton,,1,1,0,0,1,0,validation,0
singleton_0660,singleton,,1,1,0,0,1,0,validation,0
singleton_0661,singleton,,1,1,0,1,0,0,train,0
singleton_0662,singleton,,1,1,0,0,1,0,validation,0
singleton_0663,singleton,,1,1,0,1,0,0,train,0
singleton_0664,singleton,,1,1,0,0,0,1,test,0
singleton_0665,singleton,,1,1,0,0,0,1,test,0
singleton_0666,singleton,,1,1,0,1,0,0,train,0
singleton_0667,singleton,,1,1,0,0,1,0,validation,0
singleton_0668,singleton,,1,1,0,0,1,0,validation,0
singleton_0669,singleton,,1,1,0,1,0,0,train,0
singleton_0670,singleton,,1,1,0,1,0,0,train,0
singleton_0671,singleton,,1,1,0,1,0,0,train,0
singleton_0672,singleton,,1,1,0,1,0,0,train,0
singleton_0673,singleton,,1,1,0,1,0,0,train,0
singleton_0674,singleton,,1,1,0,0,1,0,validation,0
singleton_0675,singleton,,1,1,0,0,1,0,validation,0
singleton_0676,singleton,,1,1,0,1,0,0,train,0
singleton_0677,singleton,,1,1,0,1,0,0,train,0
singleton_0678,singleton,,1,1,0,0,0,1,test,0
singleton_0679,singleton,,1,1,0,1,0,0,train,0
singleton_0680,singleton,,1,1,0,1,0,0,train,0
singleton_0681,singleton,,1,1,0,1,0,0,train,0
singleton_0682,singleton,,1,1,0,1,0,0,train,0
singleton_0683,singleton,,1,1,0,1,0,0,train,0
singleton_0684,singleton,,1,1,0,0,1,0,validation,0
singleton_0685,singleton,,1,1,0,1,0,0,train,0
singleton_0686,singleton,,1,1,0,1,0,0,train,0
singleton_0687,singleton,,1,1,0,0,0,1,test,0
singleton_0688,singleton,,1,1,0,1,0,0,train,0
singleton_0689,singleton,,1,1,0,0,1,0,validation,0
singleton_0690,singleton,,1,1,0,1,0,0,train,0
singleton_0691,singleton,,1,1,0,0,0,1,test,0
singleton_0692,singleton,,1,1,0,1,0,0,train,0
singleton_0693,singleton,,1,1,0,1,0,0,train,0
singleton_0694,singleton,,1,1,0,1,0,0,train,0
singleton_0695,singleton,,1,1,0,0,0,1,test,0
singleton_0696,singleton,,1,1,0,1,0,0,train,0
singleton_0697,singleton,,1,1,0,1,0,0,train,0
singleton_0698,singleton,,1,1,0,1,0,0,train,0
singleton_0699,singleton,,1,1,0,1,0,0,train,0
singleton_0700,singleton,,1,1,0,1,0,0,train,0
singleton_0701,singleton,,1,1,0,1,0,0,train,0
singleton_0702,singleton,,1,1,0,1,0,0,train,0
singleton_0703,singleton,,1,1,0,1,0,0,train,0
singleton_0704,singleton,,1,1,0,1,0,0,train,0
singleton_0705,singleton,,1,1,0,0,0,1,test,0
singleton_0706,singleton,,1,1,0,1,0,0,train,0
singleton_0707,singleton,,1,1,0,0,0,1,test,0
singleton_0708,singleton,,1,1,0,1,0,0,train,0
singleton_0709,singleton,,1,1,0,1,0,0,train,0
singleton_0710,singleton,,1,1,0,1,0,0,train,0
singleton_0711,singleton,,1,1,0,1,0,0,train,0
singleton_0712,singleton,,1,1,0,1,0,0,train,0
singleton_0713,singleton,,1,1,0,1,0,0,train,0
singleton_0714,singleton,,1,1,0,0,1,0,validation,0
singleton_0715,singleton,,1,1,0,1,0,0,train,0
singleton_0716,singleton,,1,1,0,1,0,0,train,0
singleton_0717,singleton,,1,1,0,0,1,0,validation,0
singleton_0718,singleton,,1,1,0,0,0,1,test,0
singleton_0719,singleton,,1,1,0,1,0,0,train,0
singleton_0720,singleton,,1,1,0,1,0,0,train,0
singleton_0721,singleton,,1,1,0,1,0,0,train,0
singleton_0722,singleton,,1,1,0,1,0,0,train,0
singleton_0723,singleton,,1,1,0,1,0,0,train,0
singleton_0724,singleton,,1,1,0,0,1,0,validation,0
singleton_0725,singleton,,1,1,0,1,0,0,train,0
singleton_0726,singleton,,1,1,0,1,0,0,train,0
singleton_0727,singleton,,1,1,0,1,0,0,train,0
singleton_0728,singleton,,1,1,0,0,0,1,test,0
singleton_0729,singleton,,1,1,0,0,1,0,validation,0
singleton_0730,singleton,,1,1,0,1,0,0,train,0
singleton_0731,singleton,,1,1,0,1,0,0,train,0
singleton_0732,singleton,,1,1,0,1,0,0,train,0
singleton_0733,singleton,,1,1,0,1,0,0,train,0
singleton_0734,singleton,,1,1,0,1,0,0,train,0
singleton_0735,singleton,,1,1,0,1,0,0,train,0
singleton_0736,singleton,,1,1,0,1,0,0,train,0
singleton_0737,singleton,,1,1,0,1,0,0,train,0
singleton_0738,singleton,,1,1,0,1,0,0,train,0
singleton_0739,singleton,,1,1,0,1,0,0,train,0
singleton_0740,singleton,,1,1,0,1,0,0,train,0
singleton_0741,singleton,,1,1,0,1,0,0,train,0
singleton_0742,singleton,,1,1,0,0,0,1,test,0
singleton_0743,singleton,,1,1,0,1,0,0,train,0
singleton_0744,singleton,,1,1,0,1,0,0,train,0
singleton_0745,singleton,,1,1,0,1,0,0,train,0
singleton_0746,singleton,,1,1,0,1,0,0,train,0
singleton_0747,singleton,,1,1,0,0,1,0,validation,0
singleton_0748,singleton,,1,1,0,1,0,0,train,0
singleton_0749,singleton,,1,1,0,1,0,0,train,0
singleton_0750,singleton,,1,1,0,1,0,0,train,0
singleton_0751,singleton,,1,1,0,1,0,0,train,0
singleton_0752,singleton,,1,1,0,1,0,0,train,0
singleton_0753,singleton,,1,1,0,0,0,1,test,0
singleton_0754,singleton,,1,1,0,1,0,0,train,0
singleton_0755,singleton,,1,1,0,1,0,0,train,0
singleton_0756,singleton,,1,1,0,1,0,0,train,0
singleton_0757,singleton,,1,1,0,1,0,0,train,0
singleton_0758,singleton,,1,1,0,1,0,0,train,0
singleton_0759,singleton,,1,1,0,1,0,0,train,0
singleton_0760,singleton,,1,1,0,1,0,0,train,0
singleton_0761,singleton,,1,1,0,1,0,0,train,0
singleton_0762,singleton,,1,1,0,0,0,1,test,0
singleton_0763,singleton,,1,1,0,0,1,0,validation,0
singleton_0764,singleton,,1,1,0,0,0,1,test,0
singleton_0765,singleton,,1,1,0,1,0,0,train,0
singleton_0766,singleton,,1,1,0,1,0,0,train,0
singleton_0767,singleton,,1,1,0,1,0,0,train,0
singleton_0768,singleton,,1,1,0,0,1,0,validation,0
singleton_0769,singleton,,1,1,0,1,0,0,train,0
singleton_0770,singleton,,1,1,0,1,0,0,train,0
singleton_0771,singleton,,1,1,0,1,0,0,train,0
singleton_0772,singleton,,1,1,0,0,0,1,test,0
singleton_0773,singleton,,1,1,0,1,0,0,train,0
singleton_0774,singleton,,1,1,0,0,1,0,validation,0
singleton_0775,singleton,,1,1,0,0,0,1,test,0
singleton_0776,singleton,,1,1,0,1,0,0,train,0
singleton_0777,singleton,,1,1,0,0,0,1,test,0
singleton_0778,singleton,,1,1,0,1,0,0,train,0
singleton_0779,singleton,,1,1,0,1,0,0,train,0
singleton_0780,singleton,,1,1,0,1,0,0,train,0
singleton_0781,singleton,,1,1,0,1,0,0,train,0
singleton_0782,singleton,,1,1,0,1,0,0,train,0
singleton_0783,singleton,,1,1,0,1,0,0,train,0
singleton_0784,singleton,,1,1,0,1,0,0,train,0
singleton_0785,singleton,,1,1,0,0,1,0,validation,0
singleton_0786,singleton,,1,1,0,1,0,0,train,0
singleton_0787,singleton,,1,1,0,1,0,0,train,0
singleton_0788,singleton,,1,1,0,1,0,0,train,0
singleton_0789,singleton,,1,1,0,1,0,0,train,0
singleton_0790,singleton,,1,1,0,1,0,0,train,0
singleton_0791,singleton,,1,1,0,1,0,0,train,0
singleton_0792,singleton,,1,1,0,1,0,0,train,0
singleton_0793,singleton,,1,1,0,1,0,0,train,0
singleton_0794,singleton,,1,1,0,1,0,0,train,0
singleton_0795,singleton,,1,1,0,1,0,0,train,0
singleton_0796,singleton,,1,1,0,1,0,0,train,0
singleton_0797,singleton,,1,1,0,1,0,0,train,0
singleton_0798,singleton,,1,1,0,0,1,0,validation,0
singleton_0799,singleton,,1,1,0,1,0,0,train,0
singleton_0800,singleton,,1,1,0,1,0,0,train,0
singleton_0801,singleton,,1,1,0,1,0,0,train,0
singleton_0802,singleton,,1,1,0,1,0,0,train,0
singleton_0803,singleton,,1,1,0,1,0,0,train,0
singleton_0804,singleton,,1,1,0,1,0,0,train,0
singleton_0805,singleton,,1,1,0,1,0,0,train,0
singleton_0806,singleton,,1,1,0,0,0,1,test,0
singleton_0807,singleton,,1,1,0,1,0,0,train,0
singleton_0808,singleton,,1,1,0,1,0,0,train,0
singleton_0809,singleton,,1,1,0,1,0,0,train,0
singleton_0810,singleton,,1,1,0,1,0,0,train,0
singleton_0811,singleton,,1,1,0,1,0,0,train,0
singleton_0812,singleton,,1,1,0,1,0,0,train,0
singleton_0813,singleton,,1,1,0,0,0,1,test,0
singleton_0814,singleton,,1,1,0,1,0,0,train,0
singleton_0815,singleton,,1,1,0,0,0,1,test,0
singleton_0816,singleton,,1,1,0,1,0,0,train,0
singleton_0817,singleton,,1,1,0,1,0,0,train,0
singleton_0818,singleton,,1,1,0,1,0,0,train,0
singleton_0819,singleton,,1,1,0,0,1,0,validation,0
singleton_0820,singleton,,1,1,0,0,0,1,test,0
singleton_0821,singleton,,1,1,0,1,0,0,train,0
singleton_0822,singleton,,1,1,0,1,0,0,train,0
singleton_0823,singleton,,1,1,0,1,0,0,train,0
singleton_0824,singleton,,1,1,0,0,0,1,test,0
singleton_0825,singleton,,1,1,0,0,0,1,test,0
singleton_0826,singleton,,1,1,0,1,0,0,train,0
singleton_0827,singleton,,1,1,0,1,0,0,train,0
singleton_0828,singleton,,1,1,0,1,0,0,train,0
singleton_0829,singleton,,1,1,0,0,1,0,validation,0
singleton_0830,singleton,,1,0,1,0,1,0,validation,0
singleton_0831,singleton,,1,0,1,1,0,0,train,0
singleton_0832,singleton,,1,0,1,1,0,0,train,0
singleton_0833,singleton,,1,0,1,1,0,0,train,0
singleton_0834,singleton,,1,0,1,1,0,0,train,0
singleton_0835,singleton,,1,0,1,1,0,0,train,0
singleton_0836,singleton,,1,0,1,0,0,1,test,0
singleton_0837,singleton,,1,0,1,1,0,0,train,0
singleton_0838,singleton,,1,0,1,0,1,0,validation,0
singleton_0839,singleton,,1,0,1,0,1,0,validation,0
singleton_0840,singleton,,1,0,1,1,0,0,train,0
singleton_0841,singleton,,1,0,1,0,0,1,test,0
singleton_0842,singleton,,1,0,1,1,0,0,train,0
singleton_0843,singleton,,1,0,1,1,0,0,train,0
singleton_0844,singleton,,1,0,1,1,0,0,train,0
singleton_0845,singleton,,1,0,1,1,0,0,train,0
singleton_0846,singleton,,1,0,1,1,0,0,train,0
singleton_0847,singleton,,1,0,1,0,1,0,validation,0
singleton_0848,singleton,,1,0,1,0,1,0,validation,0
singleton_0849,singleton,,1,0,1,0,1,0,validation,0
singleton_0850,singleton,,1,0,1,1,0,0,train,0
singleton_0851,singleton,,1,0,1,1,0,0,train,0
singleton_0852,singleton,,1,0,1,1,0,0,train,0
singleton_0853,singleton,,1,0,1,1,0,0,train,0
singleton_0854,singleton,,1,0,1,0,1,0,validation,0
singleton_0855,singleton,,1,0,1,0,0,1,test,0
singleton_0856,singleton,,1,0,1,1,0,0,train,0
singleton_0857,singleton,,1,0,1,1,0,0,train,0
singleton_0858,singleton,,1,0,1,1,0,0,train,0
singleton_0859,singleton,,1,0,1,1,0,0,train,0
singleton_0860,singleton,,1,0,1,0,1,0,validation,0
singleton_0861,singleton,,1,0,1,0,0,1,test,0
singleton_0862,singleton,,1,0,1,1,0,0,train,0
singleton_0863,singleton,,1,0,1,0,1,0,validation,0
singleton_0864,singleton,,1,0,1,1,0,0,train,0
singleton_0865,singleton,,1,0,1,0,1,0,validation,0
singleton_0866,singleton,,1,0,1,0,0,1,test,0
singleton_0867,singleton,,1,0,1,0,1,0,validation,0
singleton_0868,singleton,,1,0,1,0,1,0,validation,0
singleton_0869,singleton,,1,0,1,0,1,0,validation,0
singleton_0870,singleton,,1,0,1,1,0,0,train,0
singleton_0871,singleton,,1,0,1,1,0,0,train,0
singleton_0872,singleton,,1,0,1,0,0,1,test,0
singleton_0873,singleton,,1,0,1,0,0,1,test,0
singleton_0874,singleton,,1,0,1,1,0,0,train,0
singleton_0875,singleton,,1,0,1,1,0,0,train,0
singleton_0876,singleton,,1,0,1,1,0,0,train,0
singleton_0877,singleton,,1,0,1,1,0,0,train,0
singleton_0878,singleton,,1,0,1,1,0,0,train,0
singleton_0879,singleton,,1,0,1,1,0,0,train,0
singleton_0880,singleton,,1,0,1,1,0,0,train,0
singleton_0881,singleton,,1,0,1,1,0,0,train,0
singleton_0882,singleton,,1,0,1,1,0,0,train,0
singleton_0883,singleton,,1,0,1,1,0,0,train,0
singleton_0884,singleton,,1,0,1,1,0,0,train,0
singleton_0885,singleton,,1,0,1,1,0,0,train,0
singleton_0886,singleton,,1,0,1,0,1,0,validation,0
singleton_0887,singleton,,1,0,1,0,1,0,validation,0
singleton_0888,singleton,,1,0,1,1,0,0,train,0
singleton_0889,singleton,,1,0,1,0,0,1,test,0
singleton_0890,singleton,,1,0,1,0,0,1,test,0
singleton_0891,singleton,,1,0,1,0,1,0,validation,0
singleton_0892,singleton,,1,0,1,1,0,0,train,0
singleton_0893,singleton,,1,0,1,1,0,0,train,0
singleton_0894,singleton,,1,0,1,0,1,0,validation,0
singleton_0895,singleton,,1,0,1,0,0,1,test,0
singleton_0896,singleton,,1,0,1,1,0,0,train,0
singleton_0897,singleton,,1,0,1,0,0,1,test,0
singleton_0898,singleton,,1,0,1,1,0,0,train,0
singleton_0899,singleton,,1,0,1,1,0,0,train,0
singleton_0900,singleton,,1,0,1,1,0,0,train,0
singleton_0901,singleton,,1,0,1,0,0,1,test,0
singleton_0902,singleton,,1,0,1,0,0,1,test,0
singleton_0903,singleton,,1,0,1,0,0,1,test,0
singleton_0904,singleton,,1,0,1,1,0,0,train,0
singleton_0905,singleton,,1,0,1,1,0,0,train,0
singleton_0906,singleton,,1,0,1,1,0,0,train,0
singleton_0907,singleton,,1,0,1,1,0,0,train,0
singleton_0908,singleton,,1,0,1,1,0,0,train,0
singleton_0909,singleton,,1,0,1,1,0,0,train,0
singleton_0910,singleton,,1,0,1,1,0,0,train,0
singleton_0911,singleton,,1,0,1,1,0,0,train,0
singleton_0912,singleton,,1,0,1,0,0,1,test,0
singleton_0913,singleton,,1,0,1,1,0,0,train,0
singleton_0914,singleton,,1,0,1,1,0,0,train,0
singleton_0915,singleton,,1,0,1,1,0,0,train,0
singleton_0916,singleton,,1,0,1,0,0,1,test,0
singleton_0917,singleton,,1,0,1,0,1,0,validation,0
singleton_0918,singleton,,1,0,1,1,0,0,train,0
singleton_0919,singleton,,1,0,1,1,0,0,train,0
singleton_0920,singleton,,1,0,1,1,0,0,train,0
singleton_0921,singleton,,1,0,1,1,0,0,train,0
singleton_0922,singleton,,1,0,1,0,0,1,test,0
singleton_0923,singleton,,1,0,1,1,0,0,train,0
singleton_0924,singleton,,1,0,1,1,0,0,train,0
singleton_0925,singleton,,1,0,1,1,0,0,train,0
singleton_0926,singleton,,1,0,1,1,0,0,train,0
singleton_0927,singleton,,1,0,1,0,0,1,test,0
singleton_0928,singleton,,1,0,1,1,0,0,train,0
singleton_0929,singleton,,1,0,1,0,0,1,test,0
singleton_0930,singleton,,1,0,1,1,0,0,train,0
singleton_0931,singleton,,1,0,1,1,0,0,train,0
singleton_0932,singleton,,1,0,1,1,0,0,train,0
singleton_0933,singleton,,1,0,1,1,0,0,train,0
singleton_0934,singleton,,1,0,1,1,0,0,train,0
singleton_0935,singleton,,1,0,1,0,0,1,test,0
singleton_0936,singleton,,1,0,1,1,0,0,train,0
singleton_0937,singleton,,1,0,1,1,0,0,train,0
singleton_0938,singleton,,1,0,1,1,0,0,train,0
singleton_0939,singleton,,1,0,1,1,0,0,train,0
singleton_0940,singleton,,1,0,1,1,0,0,train,0
singleton_0941,singleton,,1,0,1,1,0,0,train,0
singleton_0942,singleton,,1,0,1,0,0,1,test,0
singleton_0943,singleton,,1,0,1,1,0,0,train,0
singleton_0944,singleton,,1,0,1,1,0,0,train,0
singleton_0945,singleton,,1,0,1,0,1,0,validation,0
singleton_0946,singleton,,1,0,1,1,0,0,train,0
singleton_0947,singleton,,1,0,1,1,0,0,train,0
singleton_0948,singleton,,1,0,1,1,0,0,train,0
singleton_0949,singleton,,1,0,1,1,0,0,train,0
singleton_0950,singleton,,1,0,1,1,0,0,train,0
singleton_0951,singleton,,1,0,1,1,0,0,train,0
singleton_0952,singleton,,1,0,1,1,0,0,train,0
singleton_0953,singleton,,1,0,1,1,0,0,train,0
singleton_0954,singleton,,1,0,1,0,0,1,test,0
singleton_0955,singleton,,1,0,1,1,0,0,train,0
singleton_0956,singleton,,1,0,1,0,1,0,validation,0
singleton_0957,singleton,,1,0,1,1,0,0,train,0
singleton_0958,singleton,,1,0,1,0,1,0,validation,0
singleton_0959,singleton,,1,0,1,0,1,0,validation,0
singleton_0960,singleton,,1,0,1,1,0,0,train,0
singleton_0961,singleton,,1,0,1,1,0,0,train,0
singleton_0962,singleton,,1,0,1,1,0,0,train,0
singleton_0963,singleton,,1,0,1,0,0,1,test,0
singleton_0964,singleton,,1,0,1,1,0,0,train,0
singleton_0965,singleton,,1,0,1,1,0,0,train,0
singleton_0966,singleton,,1,0,1,1,0,0,train,0
singleton_0967,singleton,,1,0,1,1,0,0,train,0
singleton_0968,singleton,,1,0,1,1,0,0,train,0
singleton_0969,singleton,,1,0,1,0,1,0,validation,0
singleton_0970,singleton,,1,0,1,1,0,0,train,0
singleton_0971,singleton,,1,0,1,1,0,0,train,0
singleton_0972,singleton,,1,0,1,0,0,1,test,0
singleton_0973,singleton,,1,0,1,0,1,0,validation,0
singleton_0974,singleton,,1,0,1,0,1,0,validation,0
singleton_0975,singleton,,1,0,1,0,0,1,test,0
singleton_0976,singleton,,1,0,1,0,1,0,validation,0
singleton_0977,singleton,,1,0,1,1,0,0,train,0
singleton_0978,singleton,,1,0,1,1,0,0,train,0
singleton_0979,singleton,,1,0,1,1,0,0,train,0
singleton_0980,singleton,,1,0,1,1,0,0,train,0
singleton_0981,singleton,,1,0,1,1,0,0,train,0
singleton_0982,singleton,,1,0,1,1,0,0,train,0
singleton_0983,singleton,,1,0,1,1,0,0,train,0
singleton_0984,singleton,,1,0,1,0,1,0,validation,0
singleton_0985,singleton,,1,0,1,0,0,1,test,0
singleton_0986,singleton,,1,0,1,0,1,0,validation,0
singleton_0987,singleton,,1,0,1,1,0,0,train,0
singleton_0988,singleton,,1,0,1,1,0,0,train,0
singleton_0989,singleton,,1,0,1,1,0,0,train,0
singleton_0990,singleton,,1,0,1,0,1,0,validation,0
singleton_0991,singleton,,1,0,1,1,0,0,train,0
singleton_0992,singleton,,1,0,1,0,0,1,test,0
singleton_0993,singleton,,1,0,1,1,0,0,train,0
singleton_0994,singleton,,1,0,1,0,0,1,test,0
singleton_0995,singleton,,1,0,1,0,1,0,validation,0
singleton_0996,singleton,,1,0,1,1,0,0,train,0
singleton_0997,singleton,,1,0,1,1,0,0,train,0
singleton_0998,singleton,,1,0,1,0,1,0,validation,0
singleton_0999,singleton,,1,0,1,1,0,0,train,0
singleton_1000,singleton,,1,0,1,0,0,1,test,0
singleton_1001,singleton,,1,0,1,0,0,1,test,0
singleton_1002,singleton,,1,0,1,1,0,0,train,0
singleton_1003,singleton,,1,0,1,1,0,0,train,0
singleton_1004,singleton,,1,0,1,1,0,0,train,0
singleton_1005,singleton,,1,0,1,1,0,0,train,0
singleton_1006,singleton,,1,0,1,0,0,1,test,0
singleton_1007,singleton,,1,0,1,1,0,0,train,0
singleton_1008,singleton,,1,0,1,1,0,0,train,0
singleton_1009,singleton,,1,0,1,1,0,0,train,0
singleton_1010,singleton,,1,0,1,0,0,1,test,0
singleton_1011,singleton,,1,0,1,1,0,0,train,0
singleton_1012,singleton,,1,0,1,0,0,1,test,0
singleton_1013,singleton,,1,0,1,1,0,0,train,0
singleton_1014,singleton,,1,0,1,1,0,0,train,0
singleton_1015,singleton,,1,0,1,1,0,0,train,0
singleton_1016,singleton,,1,0,1,0,1,0,validation,0
singleton_1017,singleton,,1,0,1,1,0,0,train,0
singleton_1018,singleton,,1,0,1,1,0,0,train,0
singleton_1019,singleton,,1,0,1,1,0,0,train,0
singleton_1020,singleton,,1,0,1,1,0,0,train,0
singleton_1021,singleton,,1,0,1,1,0,0,train,0
singleton_1022,singleton,,1,0,1,1,0,0,train,0
singleton_1023,singleton,,1,0,1,1,0,0,train,0
singleton_1024,singleton,,1,0,1,1,0,0,train,0
singleton_1025,singleton,,1,0,1,0,1,0,validation,0
singleton_1026,singleton,,1,0,1,1,0,0,train,0
singleton_1027,singleton,,1,0,1,1,0,0,train,0
singleton_1028,singleton,,1,0,1,1,0,0,train,0
singleton_1029,singleton,,1,0,1,1,0,0,train,0
singleton_1030,singleton,,1,0,1,1,0,0,train,0
singleton_1031,singleton,,1,0,1,1,0,0,train,0
singleton_1032,singleton,,1,0,1,1,0,0,train,0
singleton_1033,singleton,,1,0,1,1,0,0,train,0
singleton_1034,singleton,,1,0,1,1,0,0,train,0
singleton_1035,singleton,,1,0,1,1,0,0,train,0
singleton_1036,singleton,,1,0,1,1,0,0,train,0
singleton_1037,singleton,,1,0,1,0,0,1,test,0
singleton_1038,singleton,,1,0,1,1,0,0,train,0
singleton_1039,singleton,,1,0,1,0,0,1,test,0
singleton_1040,singleton,,1,0,1,1,0,0,train,0
singleton_1041,singleton,,1,0,1,1,0,0,train,0
singleton_1042,singleton,,1,0,1,1,0,0,train,0
singleton_1043,singleton,,1,0,1,1,0,0,train,0
singleton_1044,singleton,,1,0,1,0,0,1,test,0
singleton_1045,singleton,,1,0,1,1,0,0,train,0
singleton_1046,singleton,,1,0,1,0,0,1,test,0
singleton_1047,singleton,,1,0,1,1,0,0,train,0
singleton_1048,singleton,,1,0,1,0,1,0,validation,0
singleton_1049,singleton,,1,0,1,1,0,0,train,0
singleton_1050,singleton,,1,0,1,1,0,0,train,0
singleton_1051,singleton,,1,0,1,1,0,0,train,0
singleton_1052,singleton,,1,0,1,0,1,0,validation,0
singleton_1053,singleton,,1,0,1,1,0,0,train,0
singleton_1054,singleton,,1,0,1,1,0,0,train,0
singleton_1055,singleton,,1,0,1,1,0,0,train,0
singleton_1056,singleton,,1,0,1,0,1,0,validation,0
singleton_1057,singleton,,1,0,1,1,0,0,train,0
singleton_1058,singleton,,1,0,1,0,1,0,validation,0
singleton_1059,singleton,,1,0,1,0,1,0,validation,0
singleton_1060,singleton,,1,0,1,1,0,0,train,0
singleton_1061,singleton,,1,0,1,1,0,0,train,0
singleton_1062,singleton,,1,0,1,1,0,0,train,0
singleton_1063,singleton,,1,0,1,1,0,0,train,0
singleton_1064,singleton,,1,0,1,1,0,0,train,0
singleton_1065,singleton,,1,0,1,1,0,0,train,0
singleton_1066,singleton,,1,0,1,1,0,0,train,0
singleton_1067,singleton,,1,0,1,1,0,0,train,0
singleton_1068,singleton,,1,0,1,1,0,0,train,0
singleton_1069,singleton,,1,0,1,0,1,0,validation,0
singleton_1070,singleton,,1,0,1,1,0,0,train,0
singleton_1071,singleton,,1,0,1,0,1,0,validation,0
singleton_1072,singleton,,1,0,1,1,0,0,train,0
singleton_1073,singleton,,1,0,1,0,0,1,test,0
singleton_1074,singleton,,1,0,1,1,0,0,train,0
singleton_1075,singleton,,1,0,1,1,0,0,train,0
singleton_1076,singleton,,1,0,1,1,0,0,train,0
singleton_1077,singleton,,1,0,1,1,0,0,train,0
singleton_1078,singleton,,1,0,1,1,0,0,train,0
singleton_1079,singleton,,1,0,1,1,0,0,train,0
singleton_1080,singleton,,1,0,1,1,0,0,train,0
singleton_1081,singleton,,1,0,1,0,0,1,test,0
singleton_1082,singleton,,1,0,1,0,1,0,validation,0
singleton_1083,singleton,,1,0,1,1,0,0,train,0
singleton_1084,singleton,,1,0,1,0,0,1,test,0
singleton_1085,singleton,,1,0,1,0,1,0,validation,0
singleton_1086,singleton,,1,0,1,1,0,0,train,0
singleton_1087,singleton,,1,0,1,0,0,1,test,0
singleton_1088,singleton,,1,0,1,1,0,0,train,0
singleton_1089,singleton,,1,0,1,1,0,0,train,0
singleton_1090,singleton,,1,0,1,1,0,0,train,0
singleton_1091,singleton,,1,0,1,1,0,0,train,0
singleton_1092,singleton,,1,0,1,1,0,0,train,0
singleton_1093,singleton,,1,0,1,1,0,0,train,0
singleton_1094,singleton,,1,0,1,1,0,0,train,0
singleton_1095,singleton,,1,0,1,1,0,0,train,0
singleton_1096,singleton,,1,0,1,0,0,1,test,0
singleton_1097,singleton,,1,0,1,1,0,0,train,0
singleton_1098,singleton,,1,0,1,1,0,0,train,0
singleton_1099,singleton,,1,0,1,1,0,0,train,0
singleton_1100,singleton,,1,0,1,1,0,0,train,0
singleton_1101,singleton,,1,0,1,1,0,0,train,0
singleton_1102,singleton,,1,0,1,1,0,0,train,0
singleton_1103,singleton,,1,0,1,1,0,0,train,0
singleton_1104,singleton,,1,0,1,1,0,0,train,0
singleton_1105,singleton,,1,0,1,1,0,0,train,0
singleton_1106,singleton,,1,0,1,0,0,1,test,0
singleton_1107,singleton,,1,0,1,0,0,1,test,0
singleton_1108,singleton,,1,0,1,0,1,0,validation,0
singleton_1109,singleton,,1,0,1,1,0,0,train,0
singleton_1110,singleton,,1,0,1,1,0,0,train,0
singleton_1111,singleton,,1,0,1,0,1,0,validation,0
singleton_1112,singleton,,1,0,1,1,0,0,train,0
singleton_1113,singleton,,1,0,1,1,0,0,train,0
singleton_1114,singleton,,1,0,1,1,0,0,train,0
singleton_1115,singleton,,1,0,1,0,1,0,validation,0
singleton_1116,singleton,,1,0,1,1,0,0,train,0
singleton_1117,singleton,,1,0,1,1,0,0,train,0
singleton_1118,singleton,,1,0,1,0,1,0,validation,0
singleton_1119,singleton,,1,0,1,1,0,0,train,0
singleton_1120,singleton,,1,0,1,1,0,0,train,0
singleton_1121,singleton,,1,0,1,1,0,0,train,0
singleton_1122,singleton,,1,0,1,1,0,0,train,0
singleton_1123,singleton,,1,0,1,1,0,0,train,0
singleton_1124,singleton,,1,0,1,1,0,0,train,0
singleton_1125,singleton,,1,0,1,1,0,0,train,0
singleton_1126,singleton,,1,0,1,1,0,0,train,0
singleton_1127,singleton,,1,0,1,1,0,0,train,0
singleton_1128,singleton,,1,0,1,0,0,1,test,0
singleton_1129,singleton,,1,0,1,0,1,0,validation,0
singleton_1130,singleton,,1,0,1,1,0,0,train,0
singleton_1131,singleton,,1,0,1,0,1,0,validation,0
singleton_1132,singleton,,1,0,1,1,0,0,train,0
singleton_1133,singleton,,1,0,1,1,0,0,train,0
singleton_1134,singleton,,1,0,1,1,0,0,train,0
singleton_1135,singleton,,1,0,1,1,0,0,train,0
singleton_1136,singleton,,1,0,1,1,0,0,train,0
singleton_1137,singleton,,1,0,1,1,0,0,train,0
singleton_1138,singleton,,1,0,1,1,0,0,train,0
singleton_1139,singleton,,1,0,1,1,0,0,train,0
singleton_1140,singleton,,1,0,1,1,0,0,train,0
singleton_1141,singleton,,1,0,1,1,0,0,train,0
singleton_1142,singleton,,1,0,1,1,0,0,train,0
singleton_1143,singleton,,1,0,1,0,0,1,test,0
singleton_1144,singleton,,1,0,1,1,0,0,train,0
singleton_1145,singleton,,1,0,1,1,0,0,train,0
singleton_1146,singleton,,1,0,1,1,0,0,train,0
singleton_1147,singleton,,1,0,1,1,0,0,train,0
singleton_1148,singleton,,1,0,1,1,0,0,train,0
singleton_1149,singleton,,1,0,1,1,0,0,train,0
singleton_1150,singleton,,1,0,1,1,0,0,train,0
singleton_1151,singleton,,1,0,1,0,0,1,test,0
singleton_1152,singleton,,1,0,1,1,0,0,train,0
singleton_1153,singleton,,1,0,1,0,1,0,validation,0
singleton_1154,singleton,,1,0,1,0,1,0,validation,0
singleton_1155,singleton,,1,0,1,1,0,0,train,0
singleton_1156,singleton,,1,0,1,0,0,1,test,0
singleton_1157,singleton,,1,0,1,1,0,0,train,0
singleton_1158,singleton,,1,0,1,0,0,1,test,0
singleton_1159,singleton,,1,0,1,1,0,0,train,0
singleton_1160,singleton,,1,0,1,1,0,0,train,0
singleton_1161,singleton,,1,0,1,1,0,0,train,0
singleton_1162,singleton,,1,0,1,1,0,0,train,0
singleton_1163,singleton,,1,0,1,0,1,0,validation,0
singleton_1164,singleton,,1,0,1,0,1,0,validation,0
singleton_1165,singleton,,1,0,1,1,0,0,train,0
singleton_1166,singleton,,1,0,1,1,0,0,train,0
singleton_1167,singleton,,1,0,1,1,0,0,train,0
singleton_1168,singleton,,1,0,1,0,1,0,validation,0
singleton_1169,singleton,,1,0,1,1,0,0,train,0
singleton_1170,singleton,,1,0,1,1,0,0,train,0
singleton_1171,singleton,,1,0,1,1,0,0,train,0
singleton_1172,singleton,,1,0,1,1,0,0,train,0
singleton_1173,singleton,,1,0,1,0,0,1,test,0
singleton_1174,singleton,,1,0,1,1,0,0,train,0
singleton_1175,singleton,,1,0,1,0,0,1,test,0
singleton_1176,singleton,,1,0,1,0,1,0,validation,0
singleton_1177,singleton,,1,0,1,0,0,1,test,0
singleton_1178,singleton,,1,0,1,1,0,0,train,0
singleton_1179,singleton,,1,0,1,1,0,0,train,0
singleton_1180,singleton,,1,0,1,0,0,1,test,0
singleton_1181,singleton,,1,0,1,1,0,0,train,0
singleton_1182,singleton,,1,0,1,1,0,0,train,0
singleton_1183,singleton,,1,0,1,0,0,1,test,0
singleton_1184,singleton,,1,0,1,0,0,1,test,0
singleton_1185,singleton,,1,0,1,0,1,0,validation,0
singleton_1186,singleton,,1,0,1,1,0,0,train,0
singleton_1187,singleton,,1,0,1,1,0,0,train,0
singleton_1188,singleton,,1,0,1,1,0,0,train,0
singleton_1189,singleton,,1,0,1,1,0,0,train,0
singleton_1190,singleton,,1,0,1,0,1,0,validation,0
singleton_1191,singleton,,1,0,1,1,0,0,train,0
singleton_1192,singleton,,1,0,1,1,0,0,train,0
singleton_1193,singleton,,1,0,1,1,0,0,train,0
singleton_1194,singleton,,1,0,1,1,0,0,train,0
singleton_1195,singleton,,1,0,1,1,0,0,train,0
singleton_1196,singleton,,1,0,1,1,0,0,train,0
singleton_1197,singleton,,1,0,1,1,0,0,train,0
singleton_1198,singleton,,1,0,1,1,0,0,train,0
singleton_1199,singleton,,1,0,1,0,1,0,validation,0
singleton_1200,singleton,,1,0,1,1,0,0,train,0
singleton_1201,singleton,,1,0,1,0,0,1,test,0
singleton_1202,singleton,,1,0,1,0,1,0,validation,0
singleton_1203,singleton,,1,0,1,1,0,0,train,0
singleton_1204,singleton,,1,0,1,0,1,0,validation,0
singleton_1205,singleton,,1,0,1,0,1,0,validation,0
singleton_1206,singleton,,1,0,1,1,0,0,train,0
singleton_1207,singleton,,1,0,1,1,0,0,train,0
singleton_1208,singleton,,1,0,1,0,0,1,test,0
singleton_1209,singleton,,1,0,1,0,1,0,validation,0
singleton_1210,singleton,,1,0,1,1,0,0,train,0
singleton_1211,singleton,,1,0,1,0,1,0,validation,0
singleton_1212,singleton,,1,0,1,1,0,0,train,0
singleton_1213,singleton,,1,0,1,1,0,0,train,0
singleton_1214,singleton,,1,0,1,1,0,0,train,0
singleton_1215,singleton,,1,0,1,1,0,0,train,0
singleton_1216,singleton,,1,0,1,1,0,0,train,0
singleton_1217,singleton,,1,0,1,1,0,0,train,0
singleton_1218,singleton,,1,0,1,1,0,0,train,0
singleton_1219,singleton,,1,0,1,0,1,0,validation,0
singleton_1220,singleton,,1,0,1,1,0,0,train,0
singleton_1221,singleton,,1,0,1,1,0,0,train,0
singleton_1222,singleton,,1,0,1,0,0,1,test,0
singleton_1223,singleton,,1,0,1,1,0,0,train,0
singleton_1224,singleton,,1,0,1,0,1,0,validation,0
singleton_1225,singleton,,1,0,1,0,1,0,validation,0
singleton_1226,singleton,,1,0,1,0,0,1,test,0
singleton_1227,singleton,,1,0,1,0,1,0,validation,0
singleton_1228,singleton,,1,0,1,0,0,1,test,0
singleton_1229,singleton,,1,0,1,1,0,0,train,0
singleton_1230,singleton,,1,0,1,0,1,0,validation,0
singleton_1231,singleton,,1,0,1,1,0,0,train,0
singleton_1232,singleton,,1,0,1,1,0,0,train,0
singleton_1233,singleton,,1,0,1,1,0,0,train,0
singleton_1234,singleton,,1,0,1,1,0,0,train,0
singleton_1235,singleton,,1,0,1,1,0,0,train,0
singleton_1236,singleton,,1,0,1,0,1,0,validation,0
singleton_1237,singleton,,1,0,1,1,0,0,train,0
singleton_1238,singleton,,1,0,1,1,0,0,train,0
singleton_1239,singleton,,1,0,1,1,0,0,train,0
singleton_1240,singleton,,1,0,1,0,1,0,validation,0
singleton_1241,singleton,,1,0,1,0,1,0,validation,0
singleton_1242,singleton,,1,0,1,1,0,0,train,0
singleton_1243,singleton,,1,0,1,1,0,0,train,0
singleton_1244,singleton,,1,0,1,1,0,0,train,0
singleton_1245,singleton,,1,0,1,0,0,1,test,0
singleton_1246,singleton,,1,0,1,1,0,0,train,0
singleton_1247,singleton,,1,0,1,1,0,0,train,0
singleton_1248,singleton,,1,0,1,0,0,1,test,0
singleton_1249,singleton,,1,0,1,0,0,1,test,0
singleton_1250,singleton,,1,0,1,1,0,0,train,0
singleton_1251,singleton,,1,0,1,1,0,0,train,0
singleton_1252,singleton,,1,0,1,0,0,1,test,0
singleton_1253,singleton,,1,0,1,0,1,0,validation,0
singleton_1254,singleton,,1,0,1,1,0,0,train,0
singleton_1255,singleton,,1,0,1,0,1,0,validation,0
singleton_1256,singleton,,1,0,1,0,1,0,validation,0
singleton_1257,singleton,,1,0,1,1,0,0,train,0
singleton_1258,singleton,,1,0,1,1,0,0,train,0
singleton_1259,singleton,,1,0,1,1,0,0,train,0
singleton_1260,singleton,,1,0,1,1,0,0,train,0
singleton_1261,singleton,,1,0,1,1,0,0,train,0
singleton_1262,singleton,,1,0,1,1,0,0,train,0
singleton_1263,singleton,,1,0,1,0,0,1,test,0
singleton_1264,singleton,,1,0,1,0,1,0,validation,0
singleton_1265,singleton,,1,0,1,1,0,0,train,0
singleton_1266,singleton,,1,0,1,1,0,0,train,0
singleton_1267,singleton,,1,0,1,1,0,0,train,0
singleton_1268,singleton,,1,0,1,1,0,0,train,0
singleton_1269,singleton,,1,1,0,1,0,0,train,0
singleton_1270,singleton,,1,0,1,0,1,0,validation,0
singleton_1271,singleton,,1,0,1,1,0,0,train,0
singleton_1272,singleton,,1,0,1,1,0,0,train,0
singleton_1273,singleton,,1,0,1,1,0,0,train,0
singleton_1274,singleton,,1,0,1,1,0,0,train,0
singleton_1275,singleton,,1,0,1,0,1,0,validation,0
singleton_1276,singleton,,1,0,1,1,0,0,train,0
singleton_1277,singleton,,1,0,1,1,0,0,train,0
singleton_1278,singleton,,1,0,1,1,0,0,train,0
singleton_1279,singleton,,1,0,1,1,0,0,train,0
singleton_1280,singleton,,1,0,1,0,1,0,validation,0
singleton_1281,singleton,,1,0,1,1,0,0,train,0
singleton_1282,singleton,,1,0,1,1,0,0,train,0
singleton_1283,singleton,,1,0,1,1,0,0,train,0
singleton_1284,singleton,,1,0,1,1,0,0,train,0
singleton_1285,singleton,,1,0,1,1,0,0,train,0
singleton_1286,singleton,,1,0,1,1,0,0,train,0
singleton_1287,singleton,,1,0,1,1,0,0,train,0
singleton_1288,singleton,,1,0,1,1,0,0,train,0
singleton_1289,singleton,,1,0,1,1,0,0,train,0
singleton_1290,singleton,,1,0,1,0,1,0,validation,0
singleton_1291,singleton,,1,0,1,0,1,0,validation,0
singleton_1292,singleton,,1,0,1,1,0,0,train,0
singleton_1293,singleton,,1,0,1,1,0,0,train,0
singleton_1294,singleton,,1,0,1,1,0,0,train,0
singleton_1295,singleton,,1,0,1,1,0,0,train,0
singleton_1296,singleton,,1,0,1,1,0,0,train,0
singleton_1297,singleton,,1,0,1,0,0,1,test,0
singleton_1298,singleton,,1,0,1,1,0,0,train,0
singleton_1299,singleton,,1,0,1,1,0,0,train,0
singleton_1300,singleton,,1,0,1,1,0,0,train,0
singleton_1301,singleton,,1,0,1,0,0,1,test,0
singleton_1302,singleton,,1,0,1,0,1,0,validation,0
singleton_1303,singleton,,1,0,1,1,0,0,train,0
singleton_1304,singleton,,1,0,1,1,0,0,train,0
singleton_1305,singleton,,1,0,1,1,0,0,train,0
singleton_1306,singleton,,1,0,1,0,1,0,validation,0
singleton_1307,singleton,,1,0,1,1,0,0,train,0
singleton_1308,singleton,,1,0,1,1,0,0,train,0
singleton_1309,singleton,,1,0,1,1,0,0,train,0
singleton_1310,singleton,,1,0,1,1,0,0,train,0
singleton_1311,singleton,,1,0,1,1,0,0,train,0
singleton_1312,singleton,,1,0,1,1,0,0,train,0
singleton_1313,singleton,,1,0,1,1,0,0,train,0
singleton_1314,singleton,,1,0,1,1,0,0,train,0
singleton_1315,singleton,,1,0,1,0,0,1,test,0
singleton_1316,singleton,,1,0,1,0,1,0,validation,0
singleton_1317,singleton,,1,0,1,1,0,0,train,0
singleton_1318,singleton,,1,0,1,1,0,0,train,0
singleton_1319,singleton,,1,0,1,0,1,0,validation,0
singleton_1320,singleton,,1,0,1,0,1,0,validation,0
singleton_1321,singleton,,1,0,1,0,1,0,validation,0
singleton_1322,singleton,,1,0,1,1,0,0,train,0
singleton_1323,singleton,,1,0,1,1,0,0,train,0
singleton_1324,singleton,,1,0,1,1,0,0,train,0
singleton_1325,singleton,,1,0,1,1,0,0,train,0
singleton_1326,singleton,,1,0,1,1,0,0,train,0
singleton_1327,singleton,,1,0,1,1,0,0,train,0
singleton_1328,singleton,,1,0,1,1,0,0,train,0
singleton_1329,singleton,,1,0,1,0,1,0,validation,0
singleton_1330,singleton,,1,0,1,1,0,0,train,0
singleton_1331,singleton,,1,0,1,1,0,0,train,0
singleton_1332,singleton,,1,0,1,1,0,0,train,0
singleton_1333,singleton,,1,0,1,1,0,0,train,0
singleton_1334,singleton,,1,0,1,1,0,0,train,0
singleton_1335,singleton,,1,0,1,1,0,0,train,0
singleton_1336,singleton,,1,0,1,0,0,1,test,0
singleton_1337,singleton,,1,0,1,1,0,0,train,0
singleton_1338,singleton,,1,0,1,0,1,0,validation,0
singleton_1339,singleton,,1,0,1,0,0,1,test,0
singleton_1340,singleton,,1,0,1,1,0,0,train,0
singleton_1341,singleton,,1,0,1,1,0,0,train,0
singleton_1342,singleton,,1,0,1,0,0,1,test,0
singleton_1343,singleton,,1,0,1,1,0,0,train,0
singleton_1344,singleton,,1,0,1,1,0,0,train,0
singleton_1345,singleton,,1,0,1,1,0,0,train,0
singleton_1346,singleton,,1,0,1,1,0,0,train,0
singleton_1347,singleton,,1,0,1,0,0,1,test,0
singleton_1348,singleton,,1,0,1,1,0,0,train,0
singleton_1349,singleton,,1,0,1,1,0,0,train,0
singleton_1350,singleton,,1,0,1,1,0,0,train,0
singleton_1351,singleton,,1,0,1,1,0,0,train,0
singleton_1352,singleton,,1,0,1,0,1,0,validation,0
singleton_1353,singleton,,1,0,1,1,0,0,train,0
singleton_1354,singleton,,1,0,1,1,0,0,train,0
singleton_1355,singleton,,1,0,1,1,0,0,train,0
singleton_1356,singleton,,1,0,1,1,0,0,train,0
singleton_1357,singleton,,1,0,1,0,0,1,test,0
singleton_1358,singleton,,1,0,1,1,0,0,train,0
singleton_1359,singleton,,1,0,1,1,0,0,train,0
singleton_1360,singleton,,1,0,1,0,0,1,test,0
singleton_1361,singleton,,1,0,1,1,0,0,train,0
singleton_1362,singleton,,1,0,1,0,0,1,test,0
singleton_1363,singleton,,1,0,1,0,1,0,validation,0
singleton_1364,singleton,,1,0,1,1,0,0,train,0
singleton_1365,singleton,,1,0,1,1,0,0,train,0
singleton_1366,singleton,,1,0,1,1,0,0,train,0
singleton_1367,singleton,,1,0,1,1,0,0,train,0
singleton_1368,singleton,,1,0,1,0,1,0,validation,0
singleton_1369,singleton,,1,0,1,1,0,0,train,0
singleton_1370,singleton,,1,0,1,0,0,1,test,0
singleton_1371,singleton,,1,0,1,0,1,0,validation,0
singleton_1372,singleton,,1,0,1,1,0,0,train,0
singleton_1373,singleton,,1,0,1,0,1,0,validation,0
singleton_1374,singleton,,1,0,1,0,1,0,validation,0
singleton_1375,singleton,,1,0,1,1,0,0,train,0
singleton_1376,singleton,,1,0,1,1,0,0,train,0
singleton_1377,singleton,,1,0,1,0,0,1,test,0
singleton_1378,singleton,,1,0,1,1,0,0,train,0
singleton_1379,singleton,,1,0,1,1,0,0,train,0
singleton_1380,singleton,,1,0,1,1,0,0,train,0
singleton_1381,singleton,,1,0,1,1,0,0,train,0
singleton_1382,singleton,,1,0,1,0,0,1,test,0
singleton_1383,singleton,,1,0,1,1,0,0,train,0
singleton_1384,singleton,,1,0,1,0,0,1,test,0
singleton_1385,singleton,,1,0,1,1,0,0,train,0
singleton_1386,singleton,,1,0,1,1,0,0,train,0
singleton_1387,singleton,,1,0,1,1,0,0,train,0
singleton_1388,singleton,,1,0,1,1,0,0,train,0
singleton_1389,singleton,,1,0,1,0,0,1,test,0
singleton_1390,singleton,,1,0,1,1,0,0,train,0
singleton_1391,singleton,,1,0,1,0,1,0,validation,0
singleton_1392,singleton,,1,0,1,1,0,0,train,0
singleton_1393,singleton,,1,0,1,1,0,0,train,0
singleton_1394,singleton,,1,0,1,0,0,1,test,0
singleton_1395,singleton,,1,0,1,1,0,0,train,0
singleton_1396,singleton,,1,0,1,0,0,1,test,0
singleton_1397,singleton,,1,0,1,1,0,0,train,0
singleton_1398,singleton,,1,0,1,1,0,0,train,0
singleton_1399,singleton,,1,0,1,1,0,0,train,0
singleton_1400,singleton,,1,0,1,0,1,0,validation,0
singleton_1401,singleton,,1,0,1,0,1,0,validation,0
singleton_1402,singleton,,1,0,1,0,1,0,validation,0
singleton_1403,singleton,,1,0,1,1,0,0,train,0
singleton_1404,singleton,,1,0,1,0,1,0,validation,0
singleton_1405,singleton,,1,0,1,1,0,0,train,0
singleton_1406,singleton,,1,0,1,1,0,0,train,0
singleton_1407,singleton,,1,0,1,0,0,1,test,0
singleton_1408,singleton,,1,0,1,1,0,0,train,0
singleton_1409,singleton,,1,0,1,0,0,1,test,0
singleton_1410,singleton,,1,0,1,1,0,0,train,0
singleton_1411,singleton,,1,0,1,0,0,1,test,0
singleton_1412,singleton,,1,0,1,1,0,0,train,0
singleton_1413,singleton,,1,0,1,1,0,0,train,0
singleton_1414,singleton,,1,0,1,0,0,1,test,0
singleton_1415,singleton,,1,0,1,1,0,0,train,0
singleton_1416,singleton,,1,0,1,1,0,0,train,0
singleton_1417,singleton,,1,0,1,1,0,0,train,0
singleton_1418,singleton,,1,0,1,1,0,0,train,0
singleton_1419,singleton,,1,0,1,1,0,0,train,0
singleton_1420,singleton,,1,0,1,1,0,0,train,0
singleton_1421,singleton,,1,0,1,1,0,0,train,0
singleton_1422,singleton,,1,0,1,1,0,0,train,0
singleton_1423,singleton,,1,0,1,1,0,0,train,0
singleton_1424,singleton,,1,0,1,1,0,0,train,0
singleton_1425,singleton,,1,0,1,1,0,0,train,0
singleton_1426,singleton,,1,0,1,1,0,0,train,0
singleton_1427,singleton,,1,0,1,0,1,0,validation,0
singleton_1428,singleton,,1,0,1,1,0,0,train,0
singleton_1429,singleton,,1,0,1,0,0,1,test,0
singleton_1430,singleton,,1,0,1,0,1,0,validation,0
singleton_1431,singleton,,1,0,1,1,0,0,train,0
singleton_1432,singleton,,1,0,1,1,0,0,train,0
singleton_1433,singleton,,1,0,1,0,1,0,validation,0
singleton_1434,singleton,,1,0,1,0,0,1,test,0
singleton_1435,singleton,,1,0,1,1,0,0,train,0
singleton_1436,singleton,,1,0,1,1,0,0,train,0
singleton_1437,singleton,,1,0,1,0,1,0,validation,0
singleton_1438,singleton,,1,0,1,1,0,0,train,0
singleton_1439,singleton,,1,0,1,1,0,0,train,0
singleton_1440,singleton,,1,0,1,0,1,0,validation,0
singleton_1441,singleton,,1,0,1,1,0,0,train,0
singleton_1442,singleton,,1,0,1,1,0,0,train,0
singleton_1443,singleton,,1,0,1,1,0,0,train,0
singleton_1444,singleton,,1,0,1,1,0,0,train,0
singleton_1445,singleton,,1,0,1,1,0,0,train,0
singleton_1446,singleton,,1,0,1,1,0,0,train,0
singleton_1447,singleton,,1,0,1,1,0,0,train,0
singleton_1448,singleton,,1,0,1,1,0,0,train,0
singleton_1449,singleton,,1,0,1,1,0,0,train,0
singleton_1450,singleton,,1,0,1,0,0,1,test,0
singleton_1451,singleton,,1,0,1,1,0,0,train,0
singleton_1452,singleton,,1,0,1,1,0,0,train,0
singleton_1453,singleton,,1,0,1,0,0,1,test,0
singleton_1454,singleton,,1,0,1,0,0,1,test,0
singleton_1455,singleton,,1,0,1,1,0,0,train,0
singleton_1456,singleton,,1,0,1,1,0,0,train,0
singleton_1457,singleton,,1,0,1,1,0,0,train,0
singleton_1458,singleton,,1,0,1,0,0,1,test,0
singleton_1459,singleton,,1,0,1,1,0,0,train,0
singleton_1460,singleton,,1,0,1,1,0,0,train,0
singleton_1461,singleton,,1,0,1,1,0,0,train,0
singleton_1462,singleton,,1,0,1,1,0,0,train,0
singleton_1463,singleton,,1,0,1,0,0,1,test,0
singleton_1464,singleton,,1,0,1,1,0,0,train,0
singleton_1465,singleton,,1,0,1,0,0,1,test,0
singleton_1466,singleton,,1,0,1,1,0,0,train,0
singleton_1467,singleton,,1,0,1,1,0,0,train,0
singleton_1468,singleton,,1,0,1,1,0,0,train,0
singleton_1469,singleton,,1,0,1,1,0,0,train,0
singleton_1470,singleton,,1,0,1,0,0,1,test,0
singleton_1471,singleton,,1,0,1,1,0,0,train,0
singleton_1472,singleton,,1,0,1,1,0,0,train,0
singleton_1473,singleton,,1,0,1,1,0,0,train,0
singleton_1474,singleton,,1,0,1,1,0,0,train,0
singleton_1475,singleton,,1,0,1,1,0,0,train,0
singleton_1476,singleton,,1,0,1,1,0,0,train,0
singleton_1477,singleton,,1,0,1,1,0,0,train,0
singleton_1478,singleton,,1,0,1,1,0,0,train,0
singleton_1479,singleton,,1,0,1,1,0,0,train,0
singleton_1480,singleton,,1,0,1,1,0,0,train,0
singleton_1481,singleton,,1,0,1,0,0,1,test,0
singleton_1482,singleton,,1,0,1,1,0,0,train,0
singleton_1483,singleton,,1,0,1,1,0,0,train,0
singleton_1484,singleton,,1,0,1,1,0,0,train,0
singleton_1485,singleton,,1,0,1,0,1,0,validation,0
singleton_1486,singleton,,1,0,1,1,0,0,train,0
singleton_1487,singleton,,1,0,1,1,0,0,train,0
singleton_1488,singleton,,1,0,1,1,0,0,train,0
singleton_1489,singleton,,1,0,1,0,1,0,validation,0
singleton_1490,singleton,,1,0,1,1,0,0,train,0
singleton_1491,singleton,,1,0,1,1,0,0,train,0
singleton_1492,singleton,,1,0,1,1,0,0,train,0
singleton_1493,singleton,,1,0,1,0,1,0,validation,0
singleton_1494,singleton,,1,0,1,1,0,0,train,0
singleton_1495,singleton,,1,0,1,1,0,0,train,0
singleton_1496,singleton,,1,0,1,1,0,0,train,0
singleton_1497,singleton,,1,0,1,1,0,0,train,0
singleton_1498,singleton,,1,0,1,1,0,0,train,0
singleton_1499,singleton,,1,0,1,1,0,0,train,0
singleton_1500,singleton,,1,0,1,1,0,0,train,0
singleton_1501,singleton,,1,0,1,1,0,0,train,0
singleton_1502,singleton,,1,0,1,1,0,0,train,0
singleton_1503,singleton,,1,0,1,1,0,0,train,0
singleton_1504,singleton,,1,0,1,1,0,0,train,0
singleton_1505,singleton,,1,0,1,1,0,0,train,0
singleton_1506,singleton,,1,0,1,0,1,0,validation,0
singleton_1507,singleton,,1,0,1,0,0,1,test,0
singleton_1508,singleton,,1,0,1,1,0,0,train,0
singleton_1509,singleton,,1,0,1,1,0,0,train,0
singleton_1510,singleton,,1,0,1,1,0,0,train,0
singleton_1511,singleton,,1,0,1,1,0,0,train,0
singleton_1512,singleton,,1,0,1,1,0,0,train,0
singleton_1513,singleton,,1,0,1,1,0,0,train,0
singleton_1514,singleton,,1,0,1,0,1,0,validation,0
singleton_1515,singleton,,1,0,1,1,0,0,train,0
singleton_1516,singleton,,1,0,1,1,0,0,train,0
singleton_1517,singleton,,1,0,1,0,1,0,validation,0
singleton_1518,singleton,,1,0,1,1,0,0,train,0
singleton_1519,singleton,,1,0,1,1,0,0,train,0
singleton_1520,singleton,,1,0,1,0,1,0,validation,0
singleton_1521,singleton,,1,0,1,1,0,0,train,0
singleton_1522,singleton,,1,0,1,1,0,0,train,0
singleton_1523,singleton,,1,0,1,1,0,0,train,0
singleton_1524,singleton,,1,0,1,0,1,0,validation,0
singleton_1525,singleton,,1,0,1,0,0,1,test,0
singleton_1526,singleton,,1,0,1,1,0,0,train,0
singleton_1527,singleton,,1,0,1,1,0,0,train,0
singleton_1528,singleton,,1,0,1,1,0,0,train,0
singleton_1529,singleton,,1,0,1,0,0,1,test,0
singleton_1530,singleton,,1,0,1,1,0,0,train,0
singleton_1531,singleton,,1,0,1,1,0,0,train,0
singleton_1532,singleton,,1,0,1,1,0,0,train,0
singleton_1533,singleton,,1,0,1,1,0,0,train,0
singleton_1534,singleton,,1,0,1,0,1,0,validation,0
singleton_1535,singleton,,1,0,1,0,1,0,validation,0
singleton_1536,singleton,,1,0,1,1,0,0,train,0
singleton_1537,singleton,,1,0,1,1,0,0,train,0
singleton_1538,singleton,,1,0,1,1,0,0,train,0
singleton_1539,singleton,,1,0,1,1,0,0,train,0
singleton_1540,singleton,,1,0,1,0,0,1,test,0
singleton_1541,singleton,,1,0,1,1,0,0,train,0
singleton_1542,singleton,,1,0,1,1,0,0,train,0
singleton_1543,singleton,,1,0,1,0,0,1,test,0
singleton_1544,singleton,,1,0,1,0,0,1,test,0
singleton_1545,singleton,,1,0,1,1,0,0,train,0
singleton_1546,singleton,,1,0,1,1,0,0,train,0
singleton_1547,singleton,,1,0,1,1,0,0,train,0
singleton_1548,singleton,,1,0,1,0,0,1,test,0
singleton_1549,singleton,,1,0,1,0,1,0,validation,0
singleton_1550,singleton,,1,0,1,0,0,1,test,0
singleton_1551,singleton,,1,0,1,1,0,0,train,0
singleton_1552,singleton,,1,0,1,1,0,0,train,0
singleton_1553,singleton,,1,0,1,1,0,0,train,0
singleton_1554,singleton,,1,0,1,1,0,0,train,0
singleton_1555,singleton,,1,0,1,1,0,0,train,0
singleton_1556,singleton,,1,0,1,1,0,0,train,0
singleton_1557,singleton,,1,0,1,0,0,1,test,0
singleton_1558,singleton,,1,0,1,1,0,0,train,0
singleton_1559,singleton,,1,0,1,0,0,1,test,0
singleton_1560,singleton,,1,0,1,1,0,0,train,0
singleton_1561,singleton,,1,0,1,1,0,0,train,0
singleton_1562,singleton,,1,0,1,1,0,0,train,0
singleton_1563,singleton,,1,0,1,1,0,0,train,0
singleton_1564,singleton,,1,0,1,1,0,0,train,0
singleton_1565,singleton,,1,0,1,1,0,0,train,0
singleton_1566,singleton,,1,0,1,0,1,0,validation,0
singleton_1567,singleton,,1,0,1,1,0,0,train,0
singleton_1568,singleton,,1,0,1,1,0,0,train,0
singleton_1569,singleton,,1,0,1,1,0,0,train,0
singleton_1570,singleton,,1,0,1,1,0,0,train,0
singleton_1571,singleton,,1,0,1,1,0,0,train,0
singleton_1572,singleton,,1,0,1,0,0,1,test,0
singleton_1573,singleton,,1,0,1,1,0,0,train,0
singleton_1574,singleton,,1,0,1,1,0,0,train,0
singleton_1575,singleton,,1,0,1,0,1,0,validation,0
singleton_1576,singleton,,1,0,1,0,0,1,test,0
singleton_1577,singleton,,1,0,1,1,0,0,train,0
singleton_1578,singleton,,1,0,1,1,0,0,train,0
singleton_1579,singleton,,1,0,1,1,0,0,train,0
singleton_1580,singleton,,1,0,1,0,0,1,test,0
singleton_1581,singleton,,1,0,1,0,1,0,validation,0
singleton_1582,singleton,,1,0,1,1,0,0,train,0
singleton_1583,singleton,,1,0,1,1,0,0,train,0
singleton_1584,singleton,,1,0,1,1,0,0,train,0
singleton_1585,singleton,,1,0,1,1,0,0,train,0
singleton_1586,singleton,,1,0,1,0,1,0,validation,0
singleton_1587,singleton,,1,0,1,0,1,0,validation,0
singleton_1588,singleton,,1,0,1,0,0,1,test,0
singleton_1589,singleton,,1,0,1,1,0,0,train,0
singleton_1590,singleton,,1,0,1,1,0,0,train,0
singleton_1591,singleton,,1,0,1,1,0,0,train,0
singleton_1592,singleton,,1,0,1,1,0,0,train,0
singleton_1593,singleton,,1,0,1,0,1,0,validation,0
singleton_1594,singleton,,1,0,1,1,0,0,train,0
singleton_1595,singleton,,1,0,1,1,0,0,train,0
singleton_1596,singleton,,1,0,1,1,0,0,train,0
singleton_1597,singleton,,1,0,1,0,1,0,validation,0
singleton_1598,singleton,,1,0,1,0,0,1,test,0
singleton_1599,singleton,,1,0,1,1,0,0,train,0
singleton_1600,singleton,,1,0,1,1,0,0,train,0
singleton_1601,singleton,,1,0,1,1,0,0,train,0
singleton_1602,singleton,,1,0,1,1,0,0,train,0
singleton_1603,singleton,,1,0,1,1,0,0,train,0
singleton_1604,singleton,,1,0,1,1,0,0,train,0
singleton_1605,singleton,,1,0,1,0,0,1,test,0
singleton_1606,singleton,,1,0,1,1,0,0,train,0
singleton_1607,singleton,,1,0,1,1,0,0,train,0
singleton_1608,singleton,,1,0,1,1,0,0,train,0
singleton_1609,singleton,,1,0,1,0,1,0,validation,0
singleton_1610,singleton,,1,0,1,1,0,0,train,0
singleton_1611,singleton,,1,0,1,1,0,0,train,0
singleton_1612,singleton,,1,0,1,1,0,0,train,0
singleton_1613,singleton,,1,0,1,1,0,0,train,0
singleton_1614,singleton,,1,0,1,1,0,0,train,0
singleton_1615,singleton,,1,0,1,1,0,0,train,0
singleton_1616,singleton,,1,0,1,0,0,1,test,0
singleton_1617,singleton,,1,0,1,1,0,0,train,0
singleton_1618,singleton,,1,0,1,1,0,0,train,0
singleton_1619,singleton,,1,0,1,0,0,1,test,0
singleton_1620,singleton,,1,0,1,1,0,0,train,0
singleton_1621,singleton,,1,0,1,1,0,0,train,0
singleton_1622,singleton,,1,0,1,1,0,0,train,0
singleton_1623,singleton,,1,0,1,1,0,0,train,0
singleton_1624,singleton,,1,0,1,1,0,0,train,0
singleton_1625,singleton,,1,0,1,0,1,0,validation,0
singleton_1626,singleton,,1,0,1,1,0,0,train,0
singleton_1627,singleton,,1,0,1,1,0,0,train,0
singleton_1628,singleton,,1,0,1,1,0,0,train,0
singleton_1629,singleton,,1,0,1,0,1,0,validation,0
singleton_1630,singleton,,1,0,1,0,0,1,test,0
singleton_1631,singleton,,1,0,1,0,1,0,validation,0
singleton_1632,singleton,,1,0,1,0,0,1,test,0
singleton_1633,singleton,,1,0,1,1,0,0,train,0
singleton_1634,singleton,,1,0,1,1,0,0,train,0
singleton_1635,singleton,,1,0,1,1,0,0,train,0
singleton_1636,singleton,,1,0,1,1,0,0,train,0
singleton_1637,singleton,,1,0,1,0,0,1,test,0
singleton_1638,singleton,,1,0,1,1,0,0,train,0
singleton_1639,singleton,,1,0,1,0,0,1,test,0
singleton_1640,singleton,,1,0,1,1,0,0,train,0
singleton_1641,singleton,,1,0,1,1,0,0,train,0
singleton_1642,singleton,,1,0,1,1,0,0,train,0
singleton_1643,singleton,,1,0,1,1,0,0,train,0
singleton_1644,singleton,,1,0,1,1,0,0,train,0
singleton_1645,singleton,,1,0,1,1,0,0,train,0
singleton_1646,singleton,,1,0,1,1,0,0,train,0
singleton_1647,singleton,,1,0,1,1,0,0,train,0
singleton_1648,singleton,,1,0,1,1,0,0,train,0
singleton_1649,singleton,,1,0,1,1,0,0,train,0
singleton_1650,singleton,,1,0,1,1,0,0,train,0
singleton_1651,singleton,,1,0,1,0,1,0,validation,0
singleton_1652,singleton,,1,0,1,1,0,0,train,0
singleton_1653,singleton,,1,0,1,1,0,0,train,0
singleton_1654,singleton,,1,0,1,0,1,0,validation,0
singleton_1655,singleton,,1,0,1,1,0,0,train,0
singleton_1656,singleton,,1,0,1,1,0,0,train,0
singleton_1657,singleton,,1,0,1,1,0,0,train,0
singleton_1658,singleton,,1,0,1,0,1,0,validation,0
singleton_1659,singleton,,1,0,1,1,0,0,train,0
singleton_1660,singleton,,1,0,1,1,0,0,train,0
singleton_1661,singleton,,1,0,1,0,0,1,test,0
singleton_1662,singleton,,1,0,1,0,1,0,validation,0
singleton_1663,singleton,,1,0,1,1,0,0,train,0
singleton_1664,singleton,,1,0,1,1,0,0,train,0
singleton_1665,singleton,,1,0,1,1,0,0,train,0
singleton_1666,singleton,,1,0,1,0,1,0,validation,0
singleton_1667,singleton,,1,0,1,1,0,0,train,0
singleton_1668,singleton,,1,0,1,1,0,0,train,0
singleton_1669,singleton,,1,0,1,0,1,0,validation,0
singleton_1670,singleton,,1,0,1,0,0,1,test,0
singleton_1671,singleton,,1,0,1,1,0,0,train,0
singleton_1672,singleton,,1,0,1,1,0,0,train,0
singleton_1673,singleton,,1,0,1,1,0,0,train,0
singleton_1674,singleton,,1,0,1,1,0,0,train,0
singleton_1675,singleton,,1,0,1,1,0,0,train,0
singleton_1676,singleton,,1,0,1,0,0,1,test,0
singleton_1677,singleton,,1,0,1,1,0,0,train,0
singleton_1678,singleton,,1,0,1,1,0,0,train,0
singleton_1679,singleton,,1,0,1,0,1,0,validation,0
singleton_1680,singleton,,1,0,1,1,0,0,train,0
singleton_1681,singleton,,1,0,1,1,0,0,train,0
singleton_1682,singleton,,1,0,1,1,0,0,train,0
singleton_1683,singleton,,1,0,1,1,0,0,train,0
singleton_1684,singleton,,1,0,1,0,0,1,test,0
singleton_1685,singleton,,1,0,1,0,0,1,test,0
singleton_1686,singleton,,1,0,1,1,0,0,train,0
singleton_1687,singleton,,1,0,1,1,0,0,train,0
singleton_1688,singleton,,1,0,1,0,1,0,validation,0
singleton_1689,singleton,,1,0,1,1,0,0,train,0
singleton_1690,singleton,,1,0,1,1,0,0,train,0
singleton_1691,singleton,,1,0,1,1,0,0,train,0
singleton_1692,singleton,,1,0,1,1,0,0,train,0
singleton_1693,singleton,,1,0,1,1,0,0,train,0
singleton_1694,singleton,,1,0,1,1,0,0,train,0
singleton_1695,singleton,,1,0,1,1,0,0,train,0
singleton_1696,singleton,,1,0,1,1,0,0,train,0
singleton_1697,singleton,,1,0,1,1,0,0,train,0
singleton_1698,singleton,,1,0,1,0,0,1,test,0
singleton_1699,singleton,,1,0,1,1,0,0,train,0
singleton_1700,singleton,,1,0,1,1,0,0,train,0
singleton_1701,singleton,,1,0,1,0,1,0,validation,0
singleton_1702,singleton,,1,0,1,0,1,0,validation,0
singleton_1703,singleton,,1,0,1,0,0,1,test,0
singleton_1704,singleton,,1,0,1,1,0,0,train,0
singleton_1705,singleton,,1,0,1,1,0,0,train,0
singleton_1706,singleton,,1,0,1,1,0,0,train,0
singleton_1707,singleton,,1,0,1,1,0,0,train,0
singleton_1708,singleton,,1,0,1,0,1,0,validation,0
singleton_1709,singleton,,1,0,1,1,0,0,train,0
singleton_1710,singleton,,1,0,1,0,0,1,test,0
singleton_1711,singleton,,1,0,1,0,1,0,validation,0
singleton_1712,singleton,,1,0,1,1,0,0,train,0
singleton_1713,singleton,,1,0,1,1,0,0,train,0
singleton_1714,singleton,,1,0,1,0,0,1,test,0
singleton_1715,singleton,,1,0,1,1,0,0,train,0
singleton_1716,singleton,,1,0,1,0,1,0,validation,0
singleton_1717,singleton,,1,0,1,1,0,0,train,0
singleton_1718,singleton,,1,0,1,0,0,1,test,0
singleton_1719,singleton,,1,0,1,0,1,0,validation,0
singleton_1720,singleton,,1,0,1,1,0,0,train,0
singleton_1721,singleton,,1,0,1,1,0,0,train,0
singleton_1722,singleton,,1,0,1,1,0,0,train,0
singleton_1723,singleton,,1,0,1,0,1,0,validation,0
singleton_1724,singleton,,1,0,1,1,0,0,train,0
singleton_1725,singleton,,1,0,1,1,0,0,train,0
singleton_1726,singleton,,1,0,1,1,0,0,train,0
singleton_1727,singleton,,1,0,1,1,0,0,train,0
singleton_1728,singleton,,1,0,1,1,0,0,train,0
singleton_1729,singleton,,1,0,1,0,0,1,test,0
singleton_1730,singleton,,1,0,1,1,0,0,train,0
singleton_1731,singleton,,1,0,1,1,0,0,train,0
singleton_1732,singleton,,1,0,1,1,0,0,train,0
singleton_1733,singleton,,1,0,1,0,0,1,test,0
singleton_1734,singleton,,1,0,1,1,0,0,train,0
singleton_1735,singleton,,1,0,1,1,0,0,train,0
singleton_1736,singleton,,1,0,1,1,0,0,train,0
singleton_1737,singleton,,1,0,1,1,0,0,train,0
singleton_1738,singleton,,1,0,1,1,0,0,train,0
singleton_1739,singleton,,1,0,1,0,1,0,validation,0
singleton_1740,singleton,,1,0,1,0,0,1,test,0
singleton_1741,singleton,,1,0,1,0,0,1,test,0
singleton_1742,singleton,,1,0,1,1,0,0,train,0
singleton_1743,singleton,,1,0,1,1,0,0,train,0
singleton_1744,singleton,,1,0,1,1,0,0,train,0
singleton_1745,singleton,,1,0,1,1,0,0,train,0
singleton_1746,singleton,,1,0,1,1,0,0,train,0
singleton_1747,singleton,,1,0,1,1,0,0,train,0
singleton_1748,singleton,,1,0,1,1,0,0,train,0
singleton_1749,singleton,,1,0,1,0,1,0,validation,0
singleton_1750,singleton,,1,0,1,1,0,0,train,0
singleton_1751,singleton,,1,0,1,1,0,0,train,0
singleton_1752,singleton,,1,0,1,1,0,0,train,0
singleton_1753,singleton,,1,0,1,1,0,0,train,0
singleton_1754,singleton,,1,0,1,1,0,0,train,0
singleton_1755,singleton,,1,0,1,1,0,0,train,0
singleton_1756,singleton,,1,0,1,1,0,0,train,0
singleton_1757,singleton,,1,0,1,1,0,0,train,0
singleton_1758,singleton,,1,0,1,0,0,1,test,0
singleton_1759,singleton,,1,0,1,0,0,1,test,0
singleton_1760,singleton,,1,0,1,0,1,0,validation,0
singleton_1761,singleton,,1,0,1,1,0,0,train,0
singleton_1762,singleton,,1,0,1,0,1,0,validation,0
singleton_1763,singleton,,1,0,1,1,0,0,train,0
singleton_1764,singleton,,1,0,1,0,0,1,test,0
singleton_1765,singleton,,1,0,1,1,0,0,train,0
singleton_1766,singleton,,1,0,1,0,0,1,test,0
singleton_1767,singleton,,1,0,1,1,0,0,train,0
singleton_1768,singleton,,1,0,1,1,0,0,train,0
singleton_1769,singleton,,1,0,1,1,0,0,train,0
singleton_1770,singleton,,1,0,1,1,0,0,train,0
singleton_1771,singleton,,1,0,1,0,1,0,validation,0
singleton_1772,singleton,,1,0,1,0,1,0,validation,0
singleton_1773,singleton,,1,0,1,1,0,0,train,0
singleton_1774,singleton,,1,0,1,0,0,1,test,0
singleton_1775,singleton,,1,0,1,1,0,0,train,0
singleton_1776,singleton,,1,0,1,1,0,0,train,0
singleton_1777,singleton,,1,0,1,0,0,1,test,0
singleton_1778,singleton,,1,0,1,1,0,0,train,0
singleton_1779,singleton,,1,0,1,1,0,0,train,0
singleton_1780,singleton,,1,0,1,0,0,1,test,0
singleton_1781,singleton,,1,0,1,0,0,1,test,0
singleton_1782,singleton,,1,0,1,1,0,0,train,0
singleton_1783,singleton,,1,0,1,0,0,1,test,0
singleton_1784,singleton,,1,0,1,1,0,0,train,0
singleton_1785,singleton,,1,0,1,1,0,0,train,0
singleton_1786,singleton,,1,0,1,1,0,0,train,0
singleton_1787,singleton,,1,0,1,1,0,0,train,0
singleton_1788,singleton,,1,0,1,1,0,0,train,0
singleton_1789,singleton,,1,0,1,1,0,0,train,0
singleton_1790,singleton,,1,0,1,0,0,1,test,0
singleton_1791,singleton,,1,0,1,1,0,0,train,0
singleton_1792,singleton,,1,0,1,0,1,0,validation,0
singleton_1793,singleton,,1,0,1,0,1,0,validation,0
singleton_1794,singleton,,1,0,1,1,0,0,train,0
singleton_1795,singleton,,1,0,1,1,0,0,train,0
singleton_1796,singleton,,1,0,1,0,1,0,validation,0
singleton_1797,singleton,,1,0,1,1,0,0,train,0
singleton_1798,singleton,,1,0,1,1,0,0,train,0
singleton_1799,singleton,,1,0,1,1,0,0,train,0
singleton_1800,singleton,,1,0,1,1,0,0,train,0
singleton_1801,singleton,,1,0,1,1,0,0,train,0
singleton_1802,singleton,,1,0,1,1,0,0,train,0
singleton_1803,singleton,,1,0,1,1,0,0,train,0
singleton_1804,singleton,,1,0,1,1,0,0,train,0
singleton_1805,singleton,,1,0,1,0,1,0,validation,0
singleton_1806,singleton,,1,0,1,1,0,0,train,0
singleton_1807,singleton,,1,0,1,0,1,0,validation,0
singleton_1808,singleton,,1,0,1,1,0,0,train,0
singleton_1809,singleton,,1,0,1,1,0,0,train,0
singleton_1810,singleton,,1,0,1,1,0,0,train,0
singleton_1811,singleton,,1,0,1,1,0,0,train,0
singleton_1812,singleton,,1,0,1,1,0,0,train,0
singleton_1813,singleton,,1,0,1,1,0,0,train,0
singleton_1814,singleton,,1,0,1,1,0,0,train,0
singleton_1815,singleton,,1,0,1,1,0,0,train,0
singleton_1816,singleton,,1,0,1,1,0,0,train,0
singleton_1817,singleton,,1,0,1,1,0,0,train,0
singleton_1818,singleton,,1,0,1,0,1,0,validation,0
singleton_1819,singleton,,1,0,1,0,0,1,test,0
singleton_1820,singleton,,1,0,1,1,0,0,train,0
singleton_1821,singleton,,1,0,1,0,1,0,validation,0
singleton_1822,singleton,,1,0,1,1,0,0,train,0
singleton_1823,singleton,,1,0,1,1,0,0,train,0
singleton_1824,singleton,,1,0,1,1,0,0,train,0
singleton_1825,singleton,,1,0,1,1,0,0,train,0
singleton_1826,singleton,,1,0,1,1,0,0,train,0
singleton_1827,singleton,,1,0,1,1,0,0,train,0
singleton_1828,singleton,,1,0,1,1,0,0,train,0
singleton_1829,singleton,,1,0,1,0,0,1,test,0
singleton_1830,singleton,,1,0,1,1,0,0,train,0
singleton_1831,singleton,,1,0,1,1,0,0,train,0
singleton_1832,singleton,,1,0,1,1,0,0,train,0
singleton_1833,singleton,,1,0,1,1,0,0,train,0
singleton_1834,singleton,,1,0,1,1,0,0,train,0
singleton_1835,singleton,,1,0,1,1,0,0,train,0
singleton_1836,singleton,,1,0,1,1,0,0,train,0
singleton_1837,singleton,,1,0,1,1,0,0,train,0
singleton_1838,singleton,,1,0,1,1,0,0,train,0
singleton_1839,singleton,,1,0,1,1,0,0,train,0
singleton_1840,singleton,,1,0,1,1,0,0,train,0
singleton_1841,singleton,,1,0,1,0,1,0,validation,0
singleton_1842,singleton,,1,0,1,0,0,1,test,0
singleton_1843,singleton,,1,0,1,0,0,1,test,0
singleton_1844,singleton,,1,0,1,1,0,0,train,0
singleton_1845,singleton,,1,0,1,1,0,0,train,0
singleton_1846,singleton,,1,0,1,1,0,0,train,0
singleton_1847,singleton,,1,0,1,1,0,0,train,0
singleton_1848,singleton,,1,0,1,1,0,0,train,0
singleton_1849,singleton,,1,0,1,1,0,0,train,0
singleton_1850,singleton,,1,0,1,1,0,0,train,0
singleton_1851,singleton,,1,0,1,1,0,0,train,0
singleton_1852,singleton,,1,0,1,1,0,0,train,0
singleton_1853,singleton,,1,0,1,1,0,0,train,0
singleton_1854,singleton,,1,0,1,1,0,0,train,0
singleton_1855,singleton,,1,0,1,1,0,0,train,0
singleton_1856,singleton,,1,0,1,0,0,1,test,0
singleton_1857,singleton,,1,0,1,1,0,0,train,0
singleton_1858,singleton,,1,0,1,1,0,0,train,0
singleton_1859,singleton,,1,0,1,1,0,0,train,0
singleton_1860,singleton,,1,0,1,1,0,0,train,0
singleton_1861,singleton,,1,0,1,1,0,0,train,0
singleton_1862,singleton,,1,0,1,0,1,0,validation,0
singleton_1863,singleton,,1,0,1,1,0,0,train,0
singleton_1864,singleton,,1,0,1,1,0,0,train,0
singleton_1865,singleton,,1,0,1,1,0,0,train,0
singleton_1866,singleton,,1,0,1,1,0,0,train,0
singleton_1867,singleton,,1,0,1,1,0,0,train,0
singleton_1868,singleton,,1,0,1,1,0,0,train,0
singleton_1869,singleton,,1,0,1,1,0,0,train,0
singleton_1870,singleton,,1,0,1,1,0,0,train,0
singleton_1871,singleton,,1,0,1,1,0,0,train,0
singleton_1872,singleton,,1,0,1,0,0,1,test,0
singleton_1873,singleton,,1,0,1,1,0,0,train,0
singleton_1874,singleton,,1,0,1,0,0,1,test,0
singleton_1875,singleton,,1,0,1,0,1,0,validation,0
singleton_1876,singleton,,1,0,1,1,0,0,train,0
singleton_1877,singleton,,1,0,1,1,0,0,train,0
singleton_1878,singleton,,1,0,1,1,0,0,train,0
singleton_1879,singleton,,1,0,1,1,0,0,train,0
singleton_1880,singleton,,1,0,1,1,0,0,train,0
singleton_1881,singleton,,1,0,1,1,0,0,train,0
singleton_1882,singleton,,1,0,1,0,1,0,validation,0
singleton_1883,singleton,,1,0,1,0,1,0,validation,0
singleton_1884,singleton,,1,0,1,1,0,0,train,0
singleton_1885,singleton,,1,0,1,1,0,0,train,0
singleton_1886,singleton,,1,0,1,1,0,0,train,0
singleton_1887,singleton,,1,0,1,1,0,0,train,0
singleton_1888,singleton,,1,0,1,1,0,0,train,0
singleton_1889,singleton,,1,0,1,0,1,0,validation,0
singleton_1890,singleton,,1,0,1,1,0,0,train,0
singleton_1891,singleton,,1,0,1,1,0,0,train,0
singleton_1892,singleton,,1,0,1,1,0,0,train,0
singleton_1893,singleton,,1,0,1,1,0,0,train,0
singleton_1894,singleton,,1,0,1,0,1,0,validation,0
singleton_1895,singleton,,1,0,1,1,0,0,train,0
singleton_1896,singleton,,1,0,1,1,0,0,train,0
singleton_1897,singleton,,1,0,1,1,0,0,train,0
singleton_1898,singleton,,1,0,1,1,0,0,train,0
singleton_1899,singleton,,1,0,1,1,0,0,train,0
singleton_1900,singleton,,1,0,1,1,0,0,train,0
singleton_1901,singleton,,1,0,1,1,0,0,train,0
singleton_1902,singleton,,1,0,1,1,0,0,train,0
singleton_1903,singleton,,1,0,1,0,0,1,test,0
singleton_1904,singleton,,1,0,1,1,0,0,train,0
singleton_1905,singleton,,1,0,1,1,0,0,train,0
singleton_1906,singleton,,1,0,1,1,0,0,train,0
singleton_1907,singleton,,1,0,1,1,0,0,train,0
singleton_1908,singleton,,1,0,1,0,1,0,validation,0
singleton_1909,singleton,,1,0,1,1,0,0,train,0
singleton_1910,singleton,,1,0,1,1,0,0,train,0
singleton_1911,singleton,,1,0,1,1,0,0,train,0
singleton_1912,singleton,,1,0,1,1,0,0,train,0
singleton_1913,singleton,,1,0,1,0,1,0,validation,0
singleton_1914,singleton,,1,0,1,0,0,1,test,0
singleton_1915,singleton,,1,0,1,0,0,1,test,0
singleton_1916,singleton,,1,0,1,1,0,0,train,0
singleton_1917,singleton,,1,0,1,1,0,0,train,0
singleton_1918,singleton,,1,0,1,1,0,0,train,0
singleton_1919,singleton,,1,0,1,1,0,0,train,0
singleton_1920,singleton,,1,0,1,1,0,0,train,0
singleton_1921,singleton,,1,0,1,1,0,0,train,0
singleton_1922,singleton,,1,0,1,1,0,0,train,0
singleton_1923,singleton,,1,0,1,1,0,0,train,0
singleton_1924,singleton,,1,0,1,1,0,0,train,0
singleton_1925,singleton,,1,0,1,1,0,0,train,0
singleton_1926,singleton,,1,0,1,1,0,0,train,0
singleton_1927,singleton,,1,0,1,1,0,0,train,0
singleton_1928,singleton,,1,0,1,1,0,0,train,0
singleton_1929,singleton,,1,0,1,0,1,0,validation,0
singleton_1930,singleton,,1,0,1,1,0,0,train,0
singleton_1931,singleton,,1,0,1,1,0,0,train,0
singleton_1932,singleton,,1,0,1,1,0,0,train,0
singleton_1933,singleton,,1,0,1,1,0,0,train,0
singleton_1934,singleton,,1,0,1,1,0,0,train,0
singleton_1935,singleton,,1,0,1,1,0,0,train,0
singleton_1936,singleton,,1,0,1,0,0,1,test,0
singleton_1937,singleton,,1,0,1,0,1,0,validation,0
singleton_1938,singleton,,1,0,1,1,0,0,train,0
singleton_1939,singleton,,1,0,1,1,0,0,train,0
singleton_1940,singleton,,1,0,1,1,0,0,train,0
singleton_1941,singleton,,1,0,1,1,0,0,train,0
singleton_1942,singleton,,1,0,1,1,0,0,train,0
singleton_1943,singleton,,1,0,1,1,0,0,train,0
singleton_1944,singleton,,1,0,1,1,0,0,train,0
singleton_1945,singleton,,1,0,1,0,1,0,validation,0
singleton_1946,singleton,,1,0,1,1,0,0,train,0
singleton_1947,singleton,,1,0,1,1,0,0,train,0
singleton_1948,singleton,,1,0,1,1,0,0,train,0
singleton_1949,singleton,,1,0,1,1,0,0,train,0
singleton_1950,singleton,,1,0,1,1,0,0,train,0
singleton_1951,singleton,,1,0,1,1,0,0,train,0
singleton_1952,singleton,,1,0,1,1,0,0,train,0
singleton_1953,singleton,,1,0,1,1,0,0,train,0
singleton_1954,singleton,,1,0,1,1,0,0,train,0
singleton_1955,singleton,,1,0,1,1,0,0,train,0
singleton_1956,singleton,,1,0,1,0,1,0,validation,0
singleton_1957,singleton,,1,0,1,1,0,0,train,0
singleton_1958,singleton,,1,0,1,1,0,0,train,0
singleton_1959,singleton,,1,0,1,0,0,1,test,0
singleton_1960,singleton,,1,0,1,1,0,0,train,0
singleton_1961,singleton,,1,0,1,1,0,0,train,0
singleton_1962,singleton,,1,0,1,1,0,0,train,0
singleton_1963,singleton,,1,0,1,0,1,0,validation,0
singleton_1964,singleton,,1,0,1,0,0,1,test,0
singleton_1965,singleton,,1,0,1,0,1,0,validation,0
singleton_1966,singleton,,1,0,1,0,0,1,test,0
singleton_1967,singleton,,1,0,1,1,0,0,train,0
singleton_1968,singleton,,1,0,1,0,1,0,validation,0
singleton_1969,singleton,,1,0,1,0,1,0,validation,0
singleton_1970,singleton,,1,0,1,1,0,0,train,0
singleton_1971,singleton,,1,0,1,0,0,1,test,0
singleton_1972,singleton,,1,0,1,1,0,0,train,0
singleton_1973,singleton,,1,0,1,1,0,0,train,0
singleton_1974,singleton,,1,0,1,1,0,0,train,0
singleton_1975,singleton,,1,0,1,1,0,0,train,0
singleton_1976,singleton,,1,0,1,1,0,0,train,0
singleton_1977,singleton,,1,0,1,0,1,0,validation,0
singleton_1978,singleton,,1,0,1,1,0,0,train,0
singleton_1979,singleton,,1,0,1,1,0,0,train,0
singleton_1980,singleton,,1,0,1,0,1,0,validation,0
singleton_1981,singleton,,1,0,1,1,0,0,train,0
singleton_1982,singleton,,1,0,1,1,0,0,train,0
singleton_1983,singleton,,1,0,1,1,0,0,train,0
singleton_1984,singleton,,1,0,1,1,0,0,train,0
singleton_1985,singleton,,1,0,1,1,0,0,train,0
singleton_1986,singleton,,1,0,1,1,0,0,train,0
singleton_1987,singleton,,1,0,1,1,0,0,train,0
singleton_1988,singleton,,1,0,1,1,0,0,train,0
singleton_1989,singleton,,1,0,1,1,0,0,train,0
singleton_1990,singleton,,1,0,1,1,0,0,train,0
singleton_1991,singleton,,1,0,1,0,0,1,test,0
singleton_1992,singleton,,1,0,1,1,0,0,train,0
singleton_1993,singleton,,1,0,1,0,1,0,validation,0
singleton_1994,singleton,,1,0,1,1,0,0,train,0
singleton_1995,singleton,,1,0,1,0,1,0,validation,0
singleton_1996,singleton,,1,0,1,1,0,0,train,0
singleton_1997,singleton,,1,0,1,0,0,1,test,0
singleton_1998,singleton,,1,0,1,1,0,0,train,0
singleton_1999,singleton,,1,0,1,0,0,1,test,0
singleton_2000,singleton,,1,0,1,1,0,0,train,0
singleton_2001,singleton,,1,0,1,0,1,0,validation,0
singleton_2002,singleton,,1,0,1,1,0,0,train,0
singleton_2003,singleton,,1,0,1,1,0,0,train,0
singleton_2004,singleton,,1,0,1,1,0,0,train,0
singleton_2005,singleton,,1,0,1,0,0,1,test,0
singleton_2006,singleton,,1,0,1,1,0,0,train,0
singleton_2007,singleton,,1,0,1,0,0,1,test,0
singleton_2008,singleton,,1,0,1,0,1,0,validation,0
singleton_2009,singleton,,1,0,1,0,1,0,validation,0
singleton_2010,singleton,,1,0,1,1,0,0,train,0
singleton_2011,singleton,,1,0,1,1,0,0,train,0
singleton_2012,singleton,,1,0,1,1,0,0,train,0
singleton_2013,singleton,,1,0,1,1,0,0,train,0
singleton_2014,singleton,,1,0,1,1,0,0,train,0
singleton_2015,singleton,,1,0,1,1,0,0,train,0
singleton_2016,singleton,,1,0,1,1,0,0,train,0
singleton_2017,singleton,,1,0,1,1,0,0,train,0
singleton_2018,singleton,,1,0,1,0,1,0,validation,0
singleton_2019,singleton,,1,0,1,0,1,0,validation,0
singleton_2020,singleton,,1,0,1,0,1,0,validation,0
singleton_2021,singleton,,1,0,1,0,1,0,validation,0
singleton_2022,singleton,,1,0,1,1,0,0,train,0
singleton_2023,singleton,,1,0,1,1,0,0,train,0
singleton_2024,singleton,,1,0,1,1,0,0,train,0
singleton_2025,singleton,,1,0,1,1,0,0,train,0
singleton_2026,singleton,,1,0,1,1,0,0,train,0
singleton_2027,singleton,,1,0,1,0,1,0,validation,0
singleton_2028,singleton,,1,0,1,1,0,0,train,0
singleton_2029,singleton,,1,0,1,1,0,0,train,0
singleton_2030,singleton,,1,0,1,1,0,0,train,0
singleton_2031,singleton,,1,0,1,0,1,0,validation,0
singleton_2032,singleton,,1,0,1,0,0,1,test,0
singleton_2033,singleton,,1,0,1,0,1,0,validation,0
singleton_2034,singleton,,1,0,1,1,0,0,train,0
singleton_2035,singleton,,1,0,1,1,0,0,train,0
singleton_2036,singleton,,1,0,1,1,0,0,train,0
singleton_2037,singleton,,1,0,1,1,0,0,train,0
singleton_2038,singleton,,1,0,1,1,0,0,train,0
singleton_2039,singleton,,1,0,1,1,0,0,train,0
singleton_2040,singleton,,1,0,1,1,0,0,train,0
singleton_2041,singleton,,1,0,1,1,0,0,train,0
singleton_2042,singleton,,1,0,1,0,1,0,validation,0
singleton_2043,singleton,,1,0,1,1,0,0,train,0
singleton_2044,singleton,,1,0,1,1,0,0,train,0
singleton_2045,singleton,,1,0,1,1,0,0,train,0
singleton_2046,singleton,,1,0,1,1,0,0,train,0
singleton_2047,singleton,,1,0,1,1,0,0,train,0
singleton_2048,singleton,,1,0,1,1,0,0,train,0
singleton_2049,singleton,,1,0,1,1,0,0,train,0
singleton_2050,singleton,,1,0,1,0,1,0,validation,0
singleton_2051,singleton,,1,0,1,1,0,0,train,0
singleton_2052,singleton,,1,0,1,1,0,0,train,0
singleton_2053,singleton,,1,0,1,0,0,1,test,0
singleton_2054,singleton,,1,0,1,1,0,0,train,0
singleton_2055,singleton,,1,0,1,0,0,1,test,0
singleton_2056,singleton,,1,0,1,1,0,0,train,0
singleton_2057,singleton,,1,0,1,1,0,0,train,0
singleton_2058,singleton,,1,0,1,1,0,0,train,0
singleton_2059,singleton,,1,0,1,1,0,0,train,0
singleton_2060,singleton,,1,0,1,0,0,1,test,0
singleton_2061,singleton,,1,0,1,1,0,0,train,0
singleton_2062,singleton,,1,0,1,1,0,0,train,0
singleton_2063,singleton,,1,0,1,1,0,0,train,0
singleton_2064,singleton,,1,0,1,1,0,0,train,0
singleton_2065,singleton,,1,0,1,1,0,0,train,0
singleton_2066,singleton,,1,0,1,1,0,0,train,0
singleton_2067,singleton,,1,0,1,1,0,0,train,0
singleton_2068,singleton,,1,0,1,0,1,0,validation,0
singleton_2069,singleton,,1,0,1,1,0,0,train,0
singleton_2070,singleton,,1,0,1,1,0,0,train,0
singleton_2071,singleton,,1,0,1,1,0,0,train,0
singleton_2072,singleton,,1,0,1,0,1,0,validation,0
singleton_2073,singleton,,1,0,1,1,0,0,train,0
singleton_2074,singleton,,1,0,1,0,0,1,test,0
singleton_2075,singleton,,1,0,1,1,0,0,train,0
singleton_2076,singleton,,1,0,1,1,0,0,train,0
singleton_2077,singleton,,1,0,1,1,0,0,train,0
singleton_2078,singleton,,1,0,1,1,0,0,train,0
singleton_2079,singleton,,1,0,1,1,0,0,train,0
singleton_2080,singleton,,1,0,1,1,0,0,train,0
singleton_2081,singleton,,1,0,1,1,0,0,train,0
singleton_2082,singleton,,1,0,1,1,0,0,train,0
singleton_2083,singleton,,1,0,1,1,0,0,train,0
singleton_2084,singleton,,1,0,1,1,0,0,train,0
singleton_2085,singleton,,1,0,1,1,0,0,train,0
singleton_2086,singleton,,1,0,1,1,0,0,train,0
singleton_2087,singleton,,1,0,1,1,0,0,train,0
singleton_2088,singleton,,1,0,1,0,1,0,validation,0
singleton_2089,singleton,,1,0,1,0,0,1,test,0
singleton_2090,singleton,,1,0,1,1,0,0,train,0
singleton_2091,singleton,,1,0,1,1,0,0,train,0
singleton_2092,singleton,,1,0,1,1,0,0,train,0
singleton_2093,singleton,,1,0,1,1,0,0,train,0
singleton_2094,singleton,,1,0,1,1,0,0,train,0
singleton_2095,singleton,,1,0,1,1,0,0,train,0
singleton_2096,singleton,,1,0,1,1,0,0,train,0
singleton_2097,singleton,,1,0,1,0,1,0,validation,0
singleton_2098,singleton,,1,0,1,1,0,0,train,0
singleton_2099,singleton,,1,0,1,1,0,0,train,0
singleton_2100,singleton,,1,0,1,1,0,0,train,0
singleton_2101,singleton,,1,0,1,1,0,0,train,0
singleton_2102,singleton,,1,0,1,1,0,0,train,0
singleton_2103,singleton,,1,0,1,1,0,0,train,0
singleton_2104,singleton,,1,0,1,0,1,0,validation,0
singleton_2105,singleton,,1,0,1,1,0,0,train,0
singleton_2106,singleton,,1,0,1,1,0,0,train,0
singleton_2107,singleton,,1,0,1,1,0,0,train,0
singleton_2108,singleton,,1,0,1,0,0,1,test,0
singleton_2109,singleton,,1,0,1,1,0,0,train,0
singleton_2110,singleton,,1,0,1,1,0,0,train,0
singleton_2111,singleton,,1,0,1,0,0,1,test,0
singleton_2112,singleton,,1,0,1,0,0,1,test,0
singleton_2113,singleton,,1,0,1,1,0,0,train,0
singleton_2114,singleton,,1,0,1,1,0,0,train,0
singleton_2115,singleton,,1,0,1,1,0,0,train,0
singleton_2116,singleton,,1,0,1,1,0,0,train,0
singleton_2117,singleton,,1,0,1,1,0,0,train,0
singleton_2118,singleton,,1,0,1,1,0,0,train,0
singleton_2119,singleton,,1,0,1,1,0,0,train,0
singleton_2120,singleton,,1,0,1,1,0,0,train,0
singleton_2121,singleton,,1,0,1,0,1,0,validation,0
singleton_2122,singleton,,1,0,1,1,0,0,train,0
singleton_2123,singleton,,1,0,1,1,0,0,train,0
singleton_2124,singleton,,1,0,1,1,0,0,train,0
singleton_2125,singleton,,1,0,1,1,0,0,train,0
singleton_2126,singleton,,1,0,1,0,0,1,test,0
singleton_2127,singleton,,1,0,1,1,0,0,train,0
singleton_2128,singleton,,1,0,1,1,0,0,train,0
singleton_2129,singleton,,1,0,1,1,0,0,train,0
singleton_2130,singleton,,1,0,1,1,0,0,train,0
singleton_2131,singleton,,1,0,1,1,0,0,train,0
singleton_2132,singleton,,1,0,1,1,0,0,train,0
singleton_2133,singleton,,1,0,1,1,0,0,train,0
singleton_2134,singleton,,1,0,1,0,1,0,validation,0
singleton_2135,singleton,,1,0,1,0,0,1,test,0
singleton_2136,singleton,,1,0,1,1,0,0,train,0
singleton_2137,singleton,,1,0,1,0,1,0,validation,0
singleton_2138,singleton,,1,0,1,0,1,0,validation,0
singleton_2139,singleton,,1,0,1,0,0,1,test,0
singleton_2140,singleton,,1,0,1,1,0,0,train,0
singleton_2141,singleton,,1,0,1,1,0,0,train,0
singleton_2142,singleton,,1,0,1,1,0,0,train,0
singleton_2143,singleton,,1,0,1,1,0,0,train,0
singleton_2144,singleton,,1,0,1,1,0,0,train,0
singleton_2145,singleton,,1,0,1,0,0,1,test,0
singleton_2146,singleton,,1,0,1,1,0,0,train,0
singleton_2147,singleton,,1,0,1,1,0,0,train,0
singleton_2148,singleton,,1,0,1,1,0,0,train,0
singleton_2149,singleton,,1,0,1,1,0,0,train,0
singleton_2150,singleton,,1,0,1,1,0,0,train,0
singleton_2151,singleton,,1,0,1,1,0,0,train,0
singleton_2152,singleton,,1,0,1,1,0,0,train,0
singleton_2153,singleton,,1,0,1,1,0,0,train,0
singleton_2154,singleton,,1,0,1,1,0,0,train,0
singleton_2155,singleton,,1,0,1,1,0,0,train,0
singleton_2156,singleton,,1,0,1,1,0,0,train,0
singleton_2157,singleton,,1,0,1,1,0,0,train,0
singleton_2158,singleton,,1,0,1,1,0,0,train,0
singleton_2159,singleton,,1,0,1,1,0,0,train,0
singleton_2160,singleton,,1,0,1,1,0,0,train,0
singleton_2161,singleton,,1,0,1,1,0,0,train,0
singleton_2162,singleton,,1,0,1,1,0,0,train,0
singleton_2163,singleton,,1,0,1,0,0,1,test,0
singleton_2164,singleton,,1,0,1,1,0,0,train,0
singleton_2165,singleton,,1,0,1,0,0,1,test,0
singleton_2166,singleton,,1,0,1,1,0,0,train,0
singleton_2167,singleton,,1,0,1,1,0,0,train,0
singleton_2168,singleton,,1,0,1,1,0,0,train,0
singleton_2169,singleton,,1,0,1,1,0,0,train,0
singleton_2170,singleton,,1,0,1,0,0,1,test,0
singleton_2171,singleton,,1,0,1,1,0,0,train,0
singleton_2172,singleton,,1,0,1,1,0,0,train,0
singleton_2173,singleton,,1,0,1,1,0,0,train,0
singleton_2174,singleton,,1,0,1,1,0,0,train,0
singleton_2175,singleton,,1,0,1,0,1,0,validation,0
singleton_2176,singleton,,1,0,1,1,0,0,train,0
singleton_2177,singleton,,1,0,1,0,0,1,test,0
singleton_2178,singleton,,1,0,1,0,0,1,test,0
singleton_2179,singleton,,1,0,1,1,0,0,train,0
singleton_2180,singleton,,1,0,1,0,0,1,test,0
singleton_2181,singleton,,1,0,1,1,0,0,train,0
singleton_2182,singleton,,1,0,1,1,0,0,train,0
singleton_2183,singleton,,1,0,1,0,0,1,test,0
singleton_2184,singleton,,1,0,1,1,0,0,train,0
singleton_2185,singleton,,1,0,1,1,0,0,train,0
singleton_2186,singleton,,1,0,1,1,0,0,train,0
singleton_2187,singleton,,1,0,1,0,1,0,validation,0
singleton_2188,singleton,,1,0,1,0,0,1,test,0
singleton_2189,singleton,,1,0,1,1,0,0,train,0
singleton_2190,singleton,,1,0,1,1,0,0,train,0
singleton_2191,singleton,,1,0,1,1,0,0,train,0
singleton_2192,singleton,,1,0,1,1,0,0,train,0
singleton_2193,singleton,,1,0,1,1,0,0,train,0
singleton_2194,singleton,,1,0,1,1,0,0,train,0
singleton_2195,singleton,,1,0,1,0,1,0,validation,0
singleton_2196,singleton,,1,0,1,0,1,0,validation,0
singleton_2197,singleton,,1,0,1,1,0,0,train,0
singleton_2198,singleton,,1,0,1,1,0,0,train,0
singleton_2199,singleton,,1,0,1,1,0,0,train,0
singleton_2200,singleton,,1,0,1,1,0,0,train,0
singleton_2201,singleton,,1,0,1,1,0,0,train,0
singleton_2202,singleton,,1,0,1,0,1,0,validation,0
singleton_2203,singleton,,1,0,1,1,0,0,train,0
singleton_2204,singleton,,1,0,1,1,0,0,train,0
singleton_2205,singleton,,1,0,1,1,0,0,train,0
singleton_2206,singleton,,1,0,1,1,0,0,train,0
singleton_2207,singleton,,1,0,1,1,0,0,train,0
singleton_2208,singleton,,1,0,1,0,0,1,test,0
singleton_2209,singleton,,1,0,1,1,0,0,train,0
singleton_2210,singleton,,1,0,1,1,0,0,train,0
singleton_2211,singleton,,1,0,1,1,0,0,train,0
singleton_2212,singleton,,1,0,1,1,0,0,train,0
singleton_2213,singleton,,1,0,1,0,0,1,test,0
singleton_2214,singleton,,1,0,1,1,0,0,train,0
singleton_2215,singleton,,1,0,1,1,0,0,train,0
singleton_2216,singleton,,1,0,1,1,0,0,train,0
singleton_2217,singleton,,1,0,1,1,0,0,train,0
singleton_2218,singleton,,1,0,1,1,0,0,train,0
singleton_2219,singleton,,1,0,1,0,0,1,test,0
singleton_2220,singleton,,1,0,1,1,0,0,train,0
singleton_2221,singleton,,1,0,1,1,0,0,train,0
singleton_2222,singleton,,1,0,1,1,0,0,train,0
singleton_2223,singleton,,1,0,1,1,0,0,train,0
singleton_2224,singleton,,1,0,1,0,0,1,test,0
singleton_2225,singleton,,1,0,1,1,0,0,train,0
singleton_2226,singleton,,1,0,1,0,1,0,validation,0
singleton_2227,singleton,,1,0,1,1,0,0,train,0
singleton_2228,singleton,,1,0,1,1,0,0,train,0
singleton_2229,singleton,,1,0,1,1,0,0,train,0
singleton_2230,singleton,,1,0,1,1,0,0,train,0
singleton_2231,singleton,,1,0,1,1,0,0,train,0
singleton_2232,singleton,,1,0,1,1,0,0,train,0
singleton_2233,singleton,,1,0,1,0,0,1,test,0
singleton_2234,singleton,,1,0,1,1,0,0,train,0
singleton_2235,singleton,,1,0,1,0,0,1,test,0
singleton_2236,singleton,,1,0,1,1,0,0,train,0
singleton_2237,singleton,,1,0,1,0,1,0,validation,0
singleton_2238,singleton,,1,0,1,1,0,0,train,0
singleton_2239,singleton,,1,0,1,1,0,0,train,0
singleton_2240,singleton,,1,0,1,1,0,0,train,0
singleton_2241,singleton,,1,0,1,1,0,0,train,0
singleton_2242,singleton,,1,0,1,1,0,0,train,0
singleton_2243,singleton,,1,0,1,1,0,0,train,0
singleton_2244,singleton,,1,0,1,1,0,0,train,0
singleton_2245,singleton,,1,0,1,1,0,0,train,0
singleton_2246,singleton,,1,0,1,1,0,0,train,0
singleton_2247,singleton,,1,0,1,1,0,0,train,0
singleton_2248,singleton,,1,0,1,0,0,1,test,0
singleton_2249,singleton,,1,0,1,1,0,0,train,0
singleton_2250,singleton,,1,0,1,1,0,0,train,0
singleton_2251,singleton,,1,0,1,1,0,0,train,0
singleton_2252,singleton,,1,0,1,1,0,0,train,0
singleton_2253,singleton,,1,0,1,1,0,0,train,0
singleton_2254,singleton,,1,0,1,1,0,0,train,0
singleton_2255,singleton,,1,0,1,1,0,0,train,0
singleton_2256,singleton,,1,0,1,1,0,0,train,0
singleton_2257,singleton,,1,0,1,1,0,0,train,0
singleton_2258,singleton,,1,0,1,0,1,0,validation,0
singleton_2259,singleton,,1,0,1,1,0,0,train,0
singleton_2260,singleton,,1,0,1,0,0,1,test,0
singleton_2261,singleton,,1,0,1,0,1,0,validation,0
singleton_2262,singleton,,1,0,1,1,0,0,train,0
singleton_2263,singleton,,1,0,1,1,0,0,train,0
singleton_2264,singleton,,1,0,1,1,0,0,train,0
singleton_2265,singleton,,1,0,1,1,0,0,train,0
singleton_2266,singleton,,1,0,1,1,0,0,train,0
singleton_2267,singleton,,1,0,1,1,0,0,train,0
singleton_2268,singleton,,1,0,1,1,0,0,train,0
singleton_2269,singleton,,1,0,1,1,0,0,train,0
singleton_2270,singleton,,1,0,1,1,0,0,train,0
singleton_2271,singleton,,1,0,1,1,0,0,train,0
singleton_2272,singleton,,1,0,1,1,0,0,train,0
singleton_2273,singleton,,1,0,1,1,0,0,train,0
singleton_2274,singleton,,1,0,1,0,1,0,validation,0
singleton_2275,singleton,,1,0,1,1,0,0,train,0
singleton_2276,singleton,,1,0,1,1,0,0,train,0
singleton_2277,singleton,,1,0,1,1,0,0,train,0
singleton_2278,singleton,,1,0,1,0,0,1,test,0
singleton_2279,singleton,,1,0,1,1,0,0,train,0
singleton_2280,singleton,,1,0,1,0,0,1,test,0
singleton_2281,singleton,,1,0,1,0,1,0,validation,0
singleton_2282,singleton,,1,0,1,1,0,0,train,0
singleton_2283,singleton,,1,0,1,1,0,0,train,0
singleton_2284,singleton,,1,0,1,1,0,0,train,0
singleton_2285,singleton,,1,0,1,0,1,0,validation,0
singleton_2286,singleton,,1,0,1,0,1,0,validation,0
singleton_2287,singleton,,1,0,1,0,1,0,validation,0
singleton_2288,singleton,,1,0,1,1,0,0,train,0
singleton_2289,singleton,,1,0,1,0,0,1,test,0
singleton_2290,singleton,,1,0,1,1,0,0,train,0
singleton_2291,singleton,,1,0,1,1,0,0,train,0
singleton_2292,singleton,,1,0,1,0,0,1,test,0
singleton_2293,singleton,,1,0,1,1,0,0,train,0
singleton_2294,singleton,,1,0,1,1,0,0,train,0
singleton_2295,singleton,,1,0,1,1,0,0,train,0
singleton_2296,singleton,,1,0,1,0,1,0,validation,0
singleton_2297,singleton,,1,0,1,1,0,0,train,0
singleton_2298,singleton,,1,0,1,1,0,0,train,0
singleton_2299,singleton,,1,0,1,0,1,0,validation,0
singleton_2300,singleton,,1,0,1,1,0,0,train,0
singleton_2301,singleton,,1,0,1,0,1,0,validation,0
singleton_2302,singleton,,1,0,1,1,0,0,train,0
singleton_2303,singleton,,1,0,1,1,0,0,train,0
singleton_2304,singleton,,1,0,1,1,0,0,train,0
singleton_2305,singleton,,1,0,1,1,0,0,train,0
singleton_2306,singleton,,1,0,1,0,1,0,validation,0
singleton_2307,singleton,,1,0,1,1,0,0,train,0
singleton_2308,singleton,,1,0,1,1,0,0,train,0
singleton_2309,singleton,,1,0,1,0,1,0,validation,0
singleton_2310,singleton,,1,0,1,1,0,0,train,0
singleton_2311,singleton,,1,0,1,1,0,0,train,0
singleton_2312,singleton,,1,0,1,1,0,0,train,0
singleton_2313,singleton,,1,0,1,1,0,0,train,0
singleton_2314,singleton,,1,0,1,0,1,0,validation,0
singleton_2315,singleton,,1,0,1,0,0,1,test,0
singleton_2316,singleton,,1,0,1,0,1,0,validation,0
singleton_2317,singleton,,1,0,1,0,1,0,validation,0
singleton_2318,singleton,,1,0,1,0,0,1,test,0
singleton_2319,singleton,,1,0,1,1,0,0,train,0
singleton_2320,singleton,,1,0,1,1,0,0,train,0
singleton_2321,singleton,,1,0,1,0,0,1,test,0
singleton_2322,singleton,,1,0,1,1,0,0,train,0
singleton_2323,singleton,,1,0,1,0,0,1,test,0
singleton_2324,singleton,,1,0,1,1,0,0,train,0
singleton_2325,singleton,,1,0,1,1,0,0,train,0
singleton_2326,singleton,,1,0,1,1,0,0,train,0
singleton_2327,singleton,,1,0,1,1,0,0,train,0
singleton_2328,singleton,,1,0,1,1,0,0,train,0
singleton_2329,singleton,,1,0,1,1,0,0,train,0
singleton_2330,singleton,,1,0,1,1,0,0,train,0
singleton_2331,singleton,,1,0,1,1,0,0,train,0
singleton_2332,singleton,,1,0,1,1,0,0,train,0
singleton_2333,singleton,,1,0,1,1,0,0,train,0
singleton_2334,singleton,,1,0,1,1,0,0,train,0
singleton_2335,singleton,,1,0,1,1,0,0,train,0
singleton_2336,singleton,,1,0,1,1,0,0,train,0
singleton_2337,singleton,,1,0,1,0,1,0,validation,0
singleton_2338,singleton,,1,0,1,1,0,0,train,0
singleton_2339,singleton,,1,0,1,0,1,0,validation,0
singleton_2340,singleton,,1,0,1,1,0,0,train,0
singleton_2341,singleton,,1,0,1,0,0,1,test,0
singleton_2342,singleton,,1,0,1,1,0,0,train,0
singleton_2343,singleton,,1,0,1,1,0,0,train,0
singleton_2344,singleton,,1,0,1,1,0,0,train,0
singleton_2345,singleton,,1,0,1,1,0,0,train,0
singleton_2346,singleton,,1,0,1,1,0,0,train,0
singleton_2347,singleton,,1,1,0,1,0,0,train,0
singleton_2348,singleton,,1,1,0,1,0,0,train,0
singleton_2349,singleton,,1,1,0,0,1,0,validation,0
singleton_2350,singleton,,1,1,0,1,0,0,train,0
singleton_2351,singleton,,1,1,0,0,1,0,validation,0
singleton_2352,singleton,,1,1,0,1,0,0,train,0
singleton_2353,singleton,,1,1,0,1,0,0,train,0
singleton_2354,singleton,,1,1,0,0,1,0,validation,0
singleton_2355,singleton,,1,1,0,1,0,0,train,0
singleton_2356,singleton,,1,1,0,1,0,0,train,0
singleton_2357,singleton,,1,1,0,1,0,0,train,0
singleton_2358,singleton,,1,1,0,0,1,0,validation,0
singleton_2359,singleton,,1,1,0,1,0,0,train,0
singleton_2360,singleton,,1,1,0,1,0,0,train,0
singleton_2361,singleton,,1,1,0,1,0,0,train,0
singleton_2362,singleton,,1,1,0,1,0,0,train,0
singleton_2363,singleton,,1,1,0,1,0,0,train,0
singleton_2364,singleton,,1,1,0,1,0,0,train,0
singleton_2365,singleton,,1,1,0,1,0,0,train,0
singleton_2366,singleton,,1,1,0,1,0,0,train,0
singleton_2367,singleton,,1,1,0,0,1,0,validation,0
singleton_2368,singleton,,1,1,0,1,0,0,train,0
singleton_2369,singleton,,1,1,0,1,0,0,train,0
singleton_2370,singleton,,1,1,0,1,0,0,train,0
singleton_2371,singleton,,1,1,0,1,0,0,train,0
singleton_2372,singleton,,1,1,0,1,0,0,train,0
singleton_2373,singleton,,1,1,0,1,0,0,train,0
singleton_2374,singleton,,1,1,0,0,1,0,validation,0
singleton_2375,singleton,,1,1,0,0,0,1,test,0
singleton_2376,singleton,,1,1,0,0,1,0,validation,0
singleton_2377,singleton,,1,1,0,1,0,0,train,0
singleton_2378,singleton,,1,1,0,1,0,0,train,0
singleton_2379,singleton,,1,1,0,1,0,0,train,0
singleton_2380,singleton,,1,1,0,1,0,0,train,0
singleton_2381,singleton,,1,1,0,1,0,0,train,0
singleton_2382,singleton,,1,1,0,0,0,1,test,0
singleton_2383,singleton,,1,1,0,1,0,0,train,0
singleton_2384,singleton,,1,1,0,0,0,1,test,0
singleton_2385,singleton,,1,1,0,1,0,0,train,0
singleton_2386,singleton,,1,1,0,1,0,0,train,0
singleton_2387,singleton,,1,1,0,0,0,1,test,0
singleton_2388,singleton,,1,1,0,1,0,0,train,0
singleton_2389,singleton,,1,1,0,1,0,0,train,0
singleton_2390,singleton,,1,1,0,1,0,0,train,0
singleton_2391,singleton,,1,1,0,1,0,0,train,0
singleton_2392,singleton,,1,1,0,1,0,0,train,0
singleton_2393,singleton,,1,1,0,0,1,0,validation,0
singleton_2394,singleton,,1,1,0,1,0,0,train,0
singleton_2395,singleton,,1,1,0,1,0,0,train,0
singleton_2396,singleton,,1,1,0,1,0,0,train,0
singleton_2397,singleton,,1,1,0,1,0,0,train,0
singleton_2398,singleton,,1,1,0,1,0,0,train,0
singleton_2399,singleton,,1,1,0,1,0,0,train,0
singleton_2400,singleton,,1,1,0,1,0,0,train,0
singleton_2401,singleton,,1,1,0,0,0,1,test,0
singleton_2402,singleton,,1,1,0,1,0,0,train,0
singleton_2403,singleton,,1,1,0,1,0,0,train,0
singleton_2404,singleton,,1,1,0,1,0,0,train,0
singleton_2405,singleton,,1,1,0,1,0,0,train,0
singleton_2406,singleton,,1,1,0,1,0,0,train,0
singleton_2407,singleton,,1,1,0,1,0,0,train,0
singleton_2408,singleton,,1,1,0,1,0,0,train,0
singleton_2409,singleton,,1,1,0,1,0,0,train,0
singleton_2410,singleton,,1,1,0,1,0,0,train,0
singleton_2411,singleton,,1,1,0,1,0,0,train,0
singleton_2412,singleton,,1,1,0,1,0,0,train,0
singleton_2413,singleton,,1,1,0,1,0,0,train,0
singleton_2414,singleton,,1,1,0,1,0,0,train,0
singleton_2415,singleton,,1,1,0,1,0,0,train,0
singleton_2416,singleton,,1,1,0,1,0,0,train,0
singleton_2417,singleton,,1,1,0,1,0,0,train,0
singleton_2418,singleton,,1,1,0,1,0,0,train,0
singleton_2419,singleton,,1,1,0,0,1,0,validation,0
singleton_2420,singleton,,1,1,0,1,0,0,train,0
singleton_2421,singleton,,1,1,0,1,0,0,train,0
singleton_2422,singleton,,1,1,0,1,0,0,train,0
singleton_2423,singleton,,1,1,0,1,0,0,train,0
singleton_2424,singleton,,1,1,0,0,0,1,test,0
singleton_2425,singleton,,1,1,0,1,0,0,train,0
singleton_2426,singleton,,1,1,0,1,0,0,train,0
singleton_2427,singleton,,1,1,0,1,0,0,train,0
singleton_2428,singleton,,1,1,0,1,0,0,train,0
singleton_2429,singleton,,1,1,0,0,0,1,test,0
singleton_2430,singleton,,1,1,0,1,0,0,train,0
singleton_2431,singleton,,1,1,0,1,0,0,train,0
singleton_2432,singleton,,1,1,0,1,0,0,train,0
singleton_2433,singleton,,1,1,0,0,0,1,test,0
singleton_2434,singleton,,1,1,0,1,0,0,train,0
singleton_2435,singleton,,1,1,0,1,0,0,train,0
singleton_2436,singleton,,1,1,0,1,0,0,train,0
singleton_2437,singleton,,1,1,0,0,1,0,validation,0
singleton_2438,singleton,,1,1,0,1,0,0,train,0
singleton_2439,singleton,,1,1,0,1,0,0,train,0
singleton_2440,singleton,,1,1,0,1,0,0,train,0
singleton_2441,singleton,,1,1,0,0,1,0,validation,0
singleton_2442,singleton,,1,1,0,1,0,0,train,0
singleton_2443,singleton,,1,1,0,1,0,0,train,0
singleton_2444,singleton,,1,1,0,1,0,0,train,0
singleton_2445,singleton,,1,1,0,1,0,0,train,0
singleton_2446,singleton,,1,1,0,1,0,0,train,0
singleton_2447,singleton,,1,1,0,1,0,0,train,0
singleton_2448,singleton,,1,1,0,1,0,0,train,0
singleton_2449,singleton,,1,1,0,1,0,0,train,0
singleton_2450,singleton,,1,1,0,1,0,0,train,0
singleton_2451,singleton,,1,1,0,1,0,0,train,0
singleton_2452,singleton,,1,1,0,1,0,0,train,0
singleton_2453,singleton,,1,1,0,1,0,0,train,0
singleton_2454,singleton,,1,1,0,1,0,0,train,0
singleton_2455,singleton,,1,1,0,1,0,0,train,0
singleton_2456,singleton,,1,1,0,1,0,0,train,0
singleton_2457,singleton,,1,1,0,0,0,1,test,0
singleton_2458,singleton,,1,1,0,1,0,0,train,0
singleton_2459,singleton,,1,1,0,0,1,0,validation,0
singleton_2460,singleton,,1,1,0,0,1,0,validation,0
singleton_2461,singleton,,1,1,0,1,0,0,train,0
singleton_2462,singleton,,1,1,0,1,0,0,train,0
singleton_2463,singleton,,1,1,0,1,0,0,train,0
singleton_2464,singleton,,1,1,0,0,0,1,test,0
singleton_2465,singleton,,1,1,0,1,0,0,train,0
singleton_2466,singleton,,1,1,0,1,0,0,train,0
singleton_2467,singleton,,1,1,0,0,0,1,test,0
singleton_2468,singleton,,1,1,0,1,0,0,train,0
singleton_2469,singleton,,1,1,0,1,0,0,train,0
singleton_2470,singleton,,1,1,0,1,0,0,train,0
singleton_2471,singleton,,1,1,0,1,0,0,train,0
singleton_2472,singleton,,1,1,0,1,0,0,train,0
singleton_2473,singleton,,1,1,0,1,0,0,train,0
singleton_2474,singleton,,1,1,0,0,0,1,test,0
singleton_2475,singleton,,1,1,0,1,0,0,train,0
singleton_2476,singleton,,1,1,0,1,0,0,train,0
singleton_2477,singleton,,1,1,0,1,0,0,train,0
singleton_2478,singleton,,1,1,0,1,0,0,train,0
singleton_2479,singleton,,1,1,0,1,0,0,train,0
singleton_2480,singleton,,1,1,0,0,0,1,test,0
singleton_2481,singleton,,1,1,0,0,0,1,test,0
singleton_2482,singleton,,1,1,0,1,0,0,train,0
singleton_2483,singleton,,1,1,0,1,0,0,train,0
singleton_2484,singleton,,1,1,0,1,0,0,train,0
singleton_2485,singleton,,1,1,0,0,1,0,validation,0
singleton_2486,singleton,,1,1,0,0,1,0,validation,0
singleton_2487,singleton,,1,1,0,1,0,0,train,0
singleton_2488,singleton,,1,1,0,1,0,0,train,0
singleton_2489,singleton,,1,1,0,0,1,0,validation,0
singleton_2490,singleton,,1,1,0,1,0,0,train,0
singleton_2491,singleton,,1,1,0,0,0,1,test,0
singleton_2492,singleton,,1,1,0,1,0,0,train,0
singleton_2493,singleton,,1,1,0,1,0,0,train,0
singleton_2494,singleton,,1,1,0,1,0,0,train,0
singleton_2495,singleton,,1,1,0,1,0,0,train,0
singleton_2496,singleton,,1,1,0,1,0,0,train,0
singleton_2497,singleton,,1,1,0,0,0,1,test,0
singleton_2498,singleton,,1,1,0,1,0,0,train,0
singleton_2499,singleton,,1,1,0,1,0,0,train,0
singleton_2500,singleton,,1,1,0,1,0,0,train,0
singleton_2501,singleton,,1,1,0,0,0,1,test,0
singleton_2502,singleton,,1,1,0,1,0,0,train,0
singleton_2503,singleton,,1,1,0,1,0,0,train,0
singleton_2504,singleton,,1,1,0,0,1,0,validation,0
singleton_2505,singleton,,1,1,0,1,0,0,train,0
singleton_2506,singleton,,1,1,0,0,1,0,validation,0
singleton_2507,singleton,,1,1,0,0,1,0,validation,0
singleton_2508,singleton,,1,1,0,0,1,0,validation,0
singleton_2509,singleton,,1,1,0,1,0,0,train,0
singleton_2510,singleton,,1,1,0,1,0,0,train,0
singleton_2511,singleton,,1,1,0,1,0,0,train,0
singleton_2512,singleton,,1,1,0,1,0,0,train,0
singleton_2513,singleton,,1,1,0,1,0,0,train,0
singleton_2514,singleton,,1,1,0,1,0,0,train,0
singleton_2515,singleton,,1,1,0,0,0,1,test,0
singleton_2516,singleton,,1,1,0,1,0,0,train,0
singleton_2517,singleton,,1,1,0,0,1,0,validation,0
singleton_2518,singleton,,1,1,0,1,0,0,train,0
singleton_2519,singleton,,1,1,0,0,0,1,test,0
singleton_2520,singleton,,1,1,0,1,0,0,train,0
singleton_2521,singleton,,1,1,0,1,0,0,train,0
singleton_2522,singleton,,1,1,0,0,1,0,validation,0
singleton_2523,singleton,,1,1,0,1,0,0,train,0
singleton_2524,singleton,,1,1,0,0,0,1,test,0
singleton_2525,singleton,,1,1,0,0,0,1,test,0
singleton_2526,singleton,,1,1,0,0,1,0,validation,0
singleton_2527,singleton,,1,1,0,1,0,0,train,0
singleton_2528,singleton,,1,1,0,1,0,0,train,0
singleton_2529,singleton,,1,1,0,1,0,0,train,0
singleton_2530,singleton,,1,1,0,1,0,0,train,0
singleton_2531,singleton,,1,1,0,0,0,1,test,0
singleton_2532,singleton,,1,1,0,1,0,0,train,0
singleton_2533,singleton,,1,1,0,1,0,0,train,0
singleton_2534,singleton,,1,1,0,1,0,0,train,0
singleton_2535,singleton,,1,1,0,0,1,0,validation,0
singleton_2536,singleton,,1,1,0,1,0,0,train,0
singleton_2537,singleton,,1,1,0,1,0,0,train,0
singleton_2538,singleton,,1,1,0,1,0,0,train,0
singleton_2539,singleton,,1,1,0,0,0,1,test,0
singleton_2540,singleton,,1,1,0,0,0,1,test,0
singleton_2541,singleton,,1,1,0,1,0,0,train,0
singleton_2542,singleton,,1,1,0,0,1,0,validation,0
singleton_2543,singleton,,1,1,0,0,0,1,test,0
singleton_2544,singleton,,1,1,0,1,0,0,train,0
singleton_2545,singleton,,1,1,0,1,0,0,train,0
singleton_2546,singleton,,1,1,0,1,0,0,train,0
singleton_2547,singleton,,1,1,0,1,0,0,train,0
singleton_2548,singleton,,1,1,0,1,0,0,train,0
singleton_2549,singleton,,1,1,0,0,1,0,validation,0
singleton_2550,singleton,,1,1,0,1,0,0,train,0
singleton_2551,singleton,,1,1,0,1,0,0,train,0
singleton_2552,singleton,,1,1,0,1,0,0,train,0
singleton_2553,singleton,,1,1,0,1,0,0,train,0
singleton_2554,singleton,,1,1,0,0,1,0,validation,0
singleton_2555,singleton,,1,1,0,1,0,0,train,0
singleton_2556,singleton,,1,1,0,1,0,0,train,0
singleton_2557,singleton,,1,1,0,0,0,1,test,0
singleton_2558,singleton,,1,1,0,1,0,0,train,0
singleton_2559,singleton,,1,1,0,1,0,0,train,0
singleton_2560,singleton,,1,1,0,1,0,0,train,0
singleton_2561,singleton,,1,1,0,1,0,0,train,0
singleton_2562,singleton,,1,1,0,0,0,1,test,0
singleton_2563,singleton,,1,1,0,0,1,0,validation,0
singleton_2564,singleton,,1,1,0,1,0,0,train,0
singleton_2565,singleton,,1,1,0,0,0,1,test,0
singleton_2566,singleton,,1,1,0,1,0,0,train,0
singleton_2567,singleton,,1,1,0,1,0,0,train,0
singleton_2568,singleton,,1,1,0,0,1,0,validation,0
singleton_2569,singleton,,1,1,0,0,0,1,test,0
singleton_2570,singleton,,1,1,0,1,0,0,train,0
singleton_2571,singleton,,1,1,0,1,0,0,train,0
singleton_2572,singleton,,1,1,0,1,0,0,train,0
singleton_2573,singleton,,1,1,0,1,0,0,train,0
singleton_2574,singleton,,1,1,0,1,0,0,train,0
singleton_2575,singleton,,1,1,0,1,0,0,train,0
singleton_2576,singleton,,1,1,0,1,0,0,train,0
singleton_2577,singleton,,1,1,0,1,0,0,train,0
singleton_2578,singleton,,1,1,0,1,0,0,train,0
singleton_2579,singleton,,1,1,0,0,0,1,test,0
singleton_2580,singleton,,1,1,0,1,0,0,train,0
singleton_2581,singleton,,1,1,0,1,0,0,train,0
singleton_2582,singleton,,1,1,0,1,0,0,train,0
singleton_2583,singleton,,1,1,0,1,0,0,train,0
singleton_2584,singleton,,1,1,0,1,0,0,train,0
singleton_2585,singleton,,1,1,0,0,1,0,validation,0
singleton_2586,singleton,,1,1,0,1,0,0,train,0
singleton_2587,singleton,,1,1,0,1,0,0,train,0
singleton_2588,singleton,,1,1,0,0,1,0,validation,0
singleton_2589,singleton,,1,1,0,1,0,0,train,0
singleton_2590,singleton,,1,1,0,1,0,0,train,0
singleton_2591,singleton,,1,1,0,1,0,0,train,0
singleton_2592,singleton,,1,1,0,1,0,0,train,0
singleton_2593,singleton,,1,1,0,0,0,1,test,0
singleton_2594,singleton,,1,1,0,1,0,0,train,0
singleton_2595,singleton,,1,1,0,1,0,0,train,0
singleton_2596,singleton,,1,1,0,1,0,0,train,0
singleton_2597,singleton,,1,1,0,1,0,0,train,0
singleton_2598,singleton,,1,1,0,1,0,0,train,0
singleton_2599,singleton,,1,1,0,1,0,0,train,0
singleton_2600,singleton,,1,1,0,1,0,0,train,0
singleton_2601,singleton,,1,1,0,1,0,0,train,0
singleton_2602,singleton,,1,1,0,1,0,0,train,0
singleton_2603,singleton,,1,1,0,0,0,1,test,0
singleton_2604,singleton,,1,1,0,1,0,0,train,0
singleton_2605,singleton,,1,1,0,1,0,0,train,0
singleton_2606,singleton,,1,1,0,1,0,0,train,0
singleton_2607,singleton,,1,1,0,1,0,0,train,0
singleton_2608,singleton,,1,1,0,1,0,0,train,0
singleton_2609,singleton,,1,1,0,1,0,0,train,0
singleton_2610,singleton,,1,1,0,1,0,0,train,0
singleton_2611,singleton,,1,1,0,1,0,0,train,0
singleton_2612,singleton,,1,1,0,0,0,1,test,0
singleton_2613,singleton,,1,1,0,1,0,0,train,0
singleton_2614,singleton,,1,1,0,0,0,1,test,0
singleton_2615,singleton,,1,1,0,1,0,0,train,0
singleton_2616,singleton,,1,1,0,1,0,0,train,0
singleton_2617,singleton,,1,1,0,1,0,0,train,0
singleton_2618,singleton,,1,1,0,0,0,1,test,0
singleton_2619,singleton,,1,1,0,1,0,0,train,0
singleton_2620,singleton,,1,1,0,1,0,0,train,0
singleton_2621,singleton,,1,1,0,1,0,0,train,0
singleton_2622,singleton,,1,1,0,0,0,1,test,0
singleton_2623,singleton,,1,1,0,0,0,1,test,0
singleton_2624,singleton,,1,1,0,1,0,0,train,0
singleton_2625,singleton,,1,1,0,1,0,0,train,0
singleton_2626,singleton,,1,1,0,1,0,0,train,0
singleton_2627,singleton,,1,1,0,1,0,0,train,0
singleton_2628,singleton,,1,1,0,0,1,0,validation,0
singleton_2629,singleton,,1,1,0,1,0,0,train,0
singleton_2630,singleton,,1,1,0,0,0,1,test,0
singleton_2631,singleton,,1,1,0,0,0,1,test,0
singleton_2632,singleton,,1,1,0,1,0,0,train,0
singleton_2633,singleton,,1,1,0,0,0,1,test,0
singleton_2634,singleton,,1,1,0,1,0,0,train,0
singleton_2635,singleton,,1,1,0,0,1,0,validation,0
singleton_2636,singleton,,1,1,0,0,0,1,test,0
singleton_2637,singleton,,1,1,0,1,0,0,train,0
singleton_2638,singleton,,1,1,0,1,0,0,train,0
singleton_2639,singleton,,1,1,0,0,1,0,validation,0
singleton_2640,singleton,,1,1,0,0,0,1,test,0
singleton_2641,singleton,,1,1,0,1,0,0,train,0
singleton_2642,singleton,,1,1,0,0,0,1,test,0
singleton_2643,singleton,,1,1,0,1,0,0,train,0
singleton_2644,singleton,,1,1,0,1,0,0,train,0
singleton_2645,singleton,,1,1,0,0,0,1,test,0
singleton_2646,singleton,,1,1,0,0,1,0,validation,0
singleton_2647,singleton,,1,1,0,1,0,0,train,0
singleton_2648,singleton,,1,1,0,1,0,0,train,0
singleton_2649,singleton,,1,1,0,1,0,0,train,0
singleton_2650,singleton,,1,1,0,0,1,0,validation,0
singleton_2651,singleton,,1,1,0,1,0,0,train,0
singleton_2652,singleton,,1,1,0,1,0,0,train,0
singleton_2653,singleton,,1,1,0,1,0,0,train,0
singleton_2654,singleton,,1,1,0,1,0,0,train,0
singleton_2655,singleton,,1,1,0,1,0,0,train,0
singleton_2656,singleton,,1,1,0,1,0,0,train,0
singleton_2657,singleton,,1,1,0,1,0,0,train,0
singleton_2658,singleton,,1,1,0,1,0,0,train,0
singleton_2659,singleton,,1,1,0,1,0,0,train,0
singleton_2660,singleton,,1,1,0,1,0,0,train,0
singleton_2661,singleton,,1,1,0,1,0,0,train,0
singleton_2662,singleton,,1,1,0,1,0,0,train,0
singleton_2663,singleton,,1,1,0,0,1,0,validation,0
singleton_2664,singleton,,1,1,0,1,0,0,train,0
singleton_2665,singleton,,1,1,0,0,1,0,validation,0
singleton_2666,singleton,,1,1,0,1,0,0,train,0
singleton_2667,singleton,,1,1,0,1,0,0,train,0
singleton_2668,singleton,,1,1,0,0,1,0,validation,0
singleton_2669,singleton,,1,1,0,0,1,0,validation,0
singleton_2670,singleton,,1,1,0,1,0,0,train,0
singleton_2671,singleton,,1,1,0,1,0,0,train,0
singleton_2672,singleton,,1,1,0,1,0,0,train,0
singleton_2673,singleton,,1,1,0,1,0,0,train,0
singleton_2674,singleton,,1,1,0,1,0,0,train,0
singleton_2675,singleton,,1,1,0,1,0,0,train,0
singleton_2676,singleton,,1,1,0,0,0,1,test,0
singleton_2677,singleton,,1,1,0,0,0,1,test,0
singleton_2678,singleton,,1,1,0,1,0,0,train,0
singleton_2679,singleton,,1,1,0,1,0,0,train,0
singleton_2680,singleton,,1,1,0,1,0,0,train,0
singleton_2681,singleton,,1,1,0,1,0,0,train,0
singleton_2682,singleton,,1,1,0,1,0,0,train,0
singleton_2683,singleton,,1,1,0,1,0,0,train,0
singleton_2684,singleton,,1,1,0,0,0,1,test,0
singleton_2685,singleton,,1,1,0,1,0,0,train,0
singleton_2686,singleton,,1,1,0,0,0,1,test,0
singleton_2687,singleton,,1,1,0,1,0,0,train,0
singleton_2688,singleton,,1,1,0,1,0,0,train,0
singleton_2689,singleton,,1,1,0,1,0,0,train,0
singleton_2690,singleton,,1,1,0,1,0,0,train,0
singleton_2691,singleton,,1,1,0,1,0,0,train,0
singleton_2692,singleton,,1,1,0,1,0,0,train,0
singleton_2693,singleton,,1,1,0,1,0,0,train,0
singleton_2694,singleton,,1,1,0,1,0,0,train,0
singleton_2695,singleton,,1,1,0,1,0,0,train,0
singleton_2696,singleton,,1,1,0,1,0,0,train,0
singleton_2697,singleton,,1,1,0,0,1,0,validation,0
singleton_2698,singleton,,1,1,0,1,0,0,train,0
singleton_2699,singleton,,1,1,0,1,0,0,train,0
singleton_2700,singleton,,1,1,0,1,0,0,train,0
singleton_2701,singleton,,1,1,0,0,1,0,validation,0
singleton_2702,singleton,,1,1,0,0,1,0,validation,0
singleton_2703,singleton,,1,1,0,0,0,1,test,0
singleton_2704,singleton,,1,1,0,1,0,0,train,0
singleton_2705,singleton,,1,1,0,1,0,0,train,0
singleton_2706,singleton,,1,1,0,1,0,0,train,0
singleton_2707,singleton,,1,1,0,1,0,0,train,0
singleton_2708,singleton,,1,1,0,1,0,0,train,0
singleton_2709,singleton,,1,1,0,1,0,0,train,0
singleton_2710,singleton,,1,1,0,1,0,0,train,0
singleton_2711,singleton,,1,1,0,1,0,0,train,0
singleton_2712,singleton,,1,1,0,1,0,0,train,0
singleton_2713,singleton,,1,1,0,0,1,0,validation,0
singleton_2714,singleton,,1,1,0,1,0,0,train,0
singleton_2715,singleton,,1,1,0,1,0,0,train,0
singleton_2716,singleton,,1,1,0,0,0,1,test,0
singleton_2717,singleton,,1,1,0,1,0,0,train,0
singleton_2718,singleton,,1,1,0,0,0,1,test,0
singleton_2719,singleton,,1,1,0,1,0,0,train,0
singleton_2720,singleton,,1,1,0,1,0,0,train,0
singleton_2721,singleton,,1,1,0,1,0,0,train,0
singleton_2722,singleton,,1,1,0,1,0,0,train,0
singleton_2723,singleton,,1,1,0,1,0,0,train,0
singleton_2724,singleton,,1,1,0,0,0,1,test,0
singleton_2725,singleton,,1,1,0,1,0,0,train,0
singleton_2726,singleton,,1,1,0,1,0,0,train,0
singleton_2727,singleton,,1,1,0,1,0,0,train,0
singleton_2728,singleton,,1,1,0,1,0,0,train,0
singleton_2729,singleton,,1,1,0,0,1,0,validation,0
singleton_2730,singleton,,1,1,0,1,0,0,train,0
singleton_2731,singleton,,1,1,0,0,0,1,test,0
singleton_2732,singleton,,1,1,0,1,0,0,train,0
singleton_2733,singleton,,1,1,0,1,0,0,train,0
singleton_2734,singleton,,1,1,0,0,1,0,validation,0
singleton_2735,singleton,,1,1,0,0,0,1,test,0
singleton_2736,singleton,,1,1,0,1,0,0,train,0
singleton_2737,singleton,,1,1,0,1,0,0,train,0
singleton_2738,singleton,,1,1,0,1,0,0,train,0
singleton_2739,singleton,,1,1,0,1,0,0,train,0
singleton_2740,singleton,,1,1,0,1,0,0,train,0
singleton_2741,singleton,,1,1,0,1,0,0,train,0
singleton_2742,singleton,,1,1,0,1,0,0,train,0
singleton_2743,singleton,,1,1,0,1,0,0,train,0
singleton_2744,singleton,,1,1,0,1,0,0,train,0
singleton_2745,singleton,,1,1,0,1,0,0,train,0
singleton_2746,singleton,,1,1,0,0,0,1,test,0
singleton_2747,singleton,,1,1,0,1,0,0,train,0
singleton_2748,singleton,,1,1,0,1,0,0,train,0
singleton_2749,singleton,,1,1,0,0,0,1,test,0
singleton_2750,singleton,,1,1,0,1,0,0,train,0
singleton_2751,singleton,,1,1,0,0,0,1,test,0
singleton_2752,singleton,,1,1,0,1,0,0,train,0
singleton_2753,singleton,,1,1,0,1,0,0,train,0
singleton_2754,singleton,,1,1,0,1,0,0,train,0
singleton_2755,singleton,,1,1,0,1,0,0,train,0
singleton_2756,singleton,,1,1,0,1,0,0,train,0
singleton_2757,singleton,,1,1,0,1,0,0,train,0
singleton_2758,singleton,,1,1,0,1,0,0,train,0
singleton_2759,singleton,,1,1,0,1,0,0,train,0
singleton_2760,singleton,,1,1,0,1,0,0,train,0
singleton_2761,singleton,,1,1,0,1,0,0,train,0
singleton_2762,singleton,,1,1,0,1,0,0,train,0
singleton_2763,singleton,,1,1,0,1,0,0,train,0
singleton_2764,singleton,,1,1,0,0,1,0,validation,0
singleton_2765,singleton,,1,1,0,1,0,0,train,0
singleton_2766,singleton,,1,1,0,1,0,0,train,0
singleton_2767,singleton,,1,1,0,1,0,0,train,0
singleton_2768,singleton,,1,1,0,1,0,0,train,0
singleton_2769,singleton,,1,1,0,1,0,0,train,0
singleton_2770,singleton,,1,1,0,1,0,0,train,0
singleton_2771,singleton,,1,1,0,0,1,0,validation,0
singleton_2772,singleton,,1,1,0,1,0,0,train,0
singleton_2773,singleton,,1,1,0,1,0,0,train,0
singleton_2774,singleton,,1,1,0,1,0,0,train,0
singleton_2775,singleton,,1,1,0,1,0,0,train,0
singleton_2776,singleton,,1,1,0,1,0,0,train,0
singleton_2777,singleton,,1,1,0,1,0,0,train,0
singleton_2778,singleton,,1,1,0,0,0,1,test,0
singleton_2779,singleton,,1,1,0,1,0,0,train,0
singleton_2780,singleton,,1,1,0,1,0,0,train,0
singleton_2781,singleton,,1,1,0,1,0,0,train,0
singleton_2782,singleton,,1,1,0,1,0,0,train,0
singleton_2783,singleton,,1,1,0,1,0,0,train,0
singleton_2784,singleton,,1,1,0,1,0,0,train,0
singleton_2785,singleton,,1,1,0,1,0,0,train,0
singleton_2786,singleton,,1,1,0,1,0,0,train,0
singleton_2787,singleton,,1,1,0,1,0,0,train,0
singleton_2788,singleton,,1,1,0,1,0,0,train,0
singleton_2789,singleton,,1,1,0,1,0,0,train,0
singleton_2790,singleton,,1,1,0,1,0,0,train,0
singleton_2791,singleton,,1,1,0,1,0,0,train,0
singleton_2792,singleton,,1,1,0,1,0,0,train,0
singleton_2793,singleton,,1,1,0,0,1,0,validation,0
singleton_2794,singleton,,1,1,0,1,0,0,train,0
singleton_2795,singleton,,1,1,0,0,1,0,validation,0
singleton_2796,singleton,,1,1,0,0,1,0,validation,0
singleton_2797,singleton,,1,1,0,1,0,0,train,0
singleton_2798,singleton,,1,1,0,1,0,0,train,0
singleton_2799,singleton,,1,1,0,1,0,0,train,0
singleton_2800,singleton,,1,1,0,0,0,1,test,0
singleton_2801,singleton,,1,1,0,0,0,1,test,0
singleton_2802,singleton,,1,1,0,1,0,0,train,0
singleton_2803,singleton,,1,1,0,1,0,0,train,0
singleton_2804,singleton,,1,1,0,1,0,0,train,0
singleton_2805,singleton,,1,1,0,1,0,0,train,0
singleton_2806,singleton,,1,1,0,1,0,0,train,0
singleton_2807,singleton,,1,1,0,1,0,0,train,0
singleton_2808,singleton,,1,1,0,1,0,0,train,0
singleton_2809,singleton,,1,1,0,1,0,0,train,0
singleton_2810,singleton,,1,1,0,1,0,0,train,0
singleton_2811,singleton,,1,1,0,1,0,0,train,0
singleton_2812,singleton,,1,1,0,1,0,0,train,0
singleton_2813,singleton,,1,1,0,0,0,1,test,0
singleton_2814,singleton,,1,1,0,1,0,0,train,0
singleton_2815,singleton,,1,1,0,1,0,0,train,0
singleton_2816,singleton,,1,1,0,0,1,0,validation,0
singleton_2817,singleton,,1,1,0,1,0,0,train,0
singleton_2818,singleton,,1,1,0,1,0,0,train,0
singleton_2819,singleton,,1,1,0,1,0,0,train,0
singleton_2820,singleton,,1,1,0,1,0,0,train,0
singleton_2821,singleton,,1,1,0,1,0,0,train,0
singleton_2822,singleton,,1,1,0,1,0,0,train,0
singleton_2823,singleton,,1,1,0,1,0,0,train,0
singleton_2824,singleton,,1,1,0,1,0,0,train,0
singleton_2825,singleton,,1,1,0,1,0,0,train,0
singleton_2826,singleton,,1,1,0,1,0,0,train,0
singleton_2827,singleton,,1,1,0,0,0,1,test,0
singleton_2828,singleton,,1,1,0,1,0,0,train,0
singleton_2829,singleton,,1,1,0,0,1,0,validation,0
singleton_2830,singleton,,1,1,0,1,0,0,train,0
singleton_2831,singleton,,1,1,0,1,0,0,train,0
singleton_2832,singleton,,1,1,0,0,1,0,validation,0
singleton_2833,singleton,,1,1,0,1,0,0,train,0
singleton_2834,singleton,,1,1,0,1,0,0,train,0
singleton_2835,singleton,,1,1,0,1,0,0,train,0
singleton_2836,singleton,,1,1,0,1,0,0,train,0
singleton_2837,singleton,,1,1,0,1,0,0,train,0
singleton_2838,singleton,,1,1,0,1,0,0,train,0
singleton_2839,singleton,,1,1,0,1,0,0,train,0
singleton_2840,singleton,,1,1,0,1,0,0,train,0
singleton_2841,singleton,,1,1,0,0,1,0,validation,0
singleton_2842,singleton,,1,1,0,0,0,1,test,0
singleton_2843,singleton,,1,1,0,1,0,0,train,0
singleton_2844,singleton,,1,1,0,1,0,0,train,0
singleton_2845,singleton,,1,1,0,1,0,0,train,0
singleton_2846,singleton,,1,1,0,0,1,0,validation,0
singleton_2847,singleton,,1,1,0,0,0,1,test,0
singleton_2848,singleton,,1,1,0,1,0,0,train,0
singleton_2849,singleton,,1,1,0,0,0,1,test,0
singleton_2850,singleton,,1,1,0,0,0,1,test,0
singleton_2851,singleton,,1,1,0,1,0,0,train,0
singleton_2852,singleton,,1,1,0,0,0,1,test,0
singleton_2853,singleton,,1,1,0,1,0,0,train,0
singleton_2854,singleton,,1,1,0,1,0,0,train,0
singleton_2855,singleton,,1,1,0,1,0,0,train,0
singleton_2856,singleton,,1,1,0,0,1,0,validation,0
singleton_2857,singleton,,1,1,0,1,0,0,train,0
singleton_2858,singleton,,1,1,0,0,1,0,validation,0
singleton_2859,singleton,,1,1,0,1,0,0,train,0
singleton_2860,singleton,,1,1,0,0,0,1,test,0
singleton_2861,singleton,,1,1,0,0,1,0,validation,0
singleton_2862,singleton,,1,1,0,1,0,0,train,0
singleton_2863,singleton,,1,1,0,1,0,0,train,0
singleton_2864,singleton,,1,1,0,1,0,0,train,0
singleton_2865,singleton,,1,1,0,0,0,1,test,0
singleton_2866,singleton,,1,1,0,1,0,0,train,0
singleton_2867,singleton,,1,1,0,1,0,0,train,0
singleton_2868,singleton,,1,1,0,1,0,0,train,0
singleton_2869,singleton,,1,1,0,0,1,0,validation,0
singleton_2870,singleton,,1,1,0,0,1,0,validation,0
singleton_2871,singleton,,1,1,0,0,1,0,validation,0
singleton_2872,singleton,,1,1,0,1,0,0,train,0
singleton_2873,singleton,,1,1,0,1,0,0,train,0
singleton_2874,singleton,,1,1,0,1,0,0,train,0
singleton_2875,singleton,,1,1,0,1,0,0,train,0
singleton_2876,singleton,,1,1,0,0,0,1,test,0
singleton_2877,singleton,,1,1,0,1,0,0,train,0
singleton_2878,singleton,,1,1,0,1,0,0,train,0
singleton_2879,singleton,,1,1,0,1,0,0,train,0
singleton_2880,singleton,,1,1,0,1,0,0,train,0
singleton_2881,singleton,,1,1,0,0,0,1,test,0
singleton_2882,singleton,,1,1,0,1,0,0,train,0
singleton_2883,singleton,,1,1,0,1,0,0,train,0
singleton_2884,singleton,,1,1,0,0,0,1,test,0
singleton_2885,singleton,,1,1,0,0,1,0,validation,0
singleton_2886,singleton,,1,1,0,1,0,0,train,0
singleton_2887,singleton,,1,1,0,0,0,1,test,0
singleton_2888,singleton,,1,1,0,1,0,0,train,0
singleton_2889,singleton,,1,1,0,1,0,0,train,0
singleton_2890,singleton,,1,1,0,1,0,0,train,0
singleton_2891,singleton,,1,1,0,0,0,1,test,0
singleton_2892,singleton,,1,1,0,1,0,0,train,0
singleton_2893,singleton,,1,1,0,1,0,0,train,0
singleton_2894,singleton,,1,1,0,1,0,0,train,0
singleton_2895,singleton,,1,1,0,1,0,0,train,0
singleton_2896,singleton,,1,1,0,1,0,0,train,0
singleton_2897,singleton,,1,1,0,1,0,0,train,0
singleton_2898,singleton,,1,1,0,0,0,1,test,0
singleton_2899,singleton,,1,1,0,0,1,0,validation,0
singleton_2900,singleton,,1,1,0,0,1,0,validation,0
singleton_2901,singleton,,1,1,0,1,0,0,train,0
singleton_2902,singleton,,1,1,0,1,0,0,train,0
singleton_2903,singleton,,1,1,0,1,0,0,train,0
singleton_2904,singleton,,1,1,0,1,0,0,train,0
singleton_2905,singleton,,1,1,0,1,0,0,train,0
singleton_2906,singleton,,1,1,0,1,0,0,train,0
singleton_2907,singleton,,1,1,0,0,0,1,test,0
singleton_2908,singleton,,1,1,0,0,1,0,validation,0
singleton_2909,singleton,,1,1,0,1,0,0,train,0
singleton_2910,singleton,,1,1,0,1,0,0,train,0
singleton_2911,singleton,,1,1,0,1,0,0,train,0
singleton_2912,singleton,,1,1,0,0,0,1,test,0
singleton_2913,singleton,,1,1,0,1,0,0,train,0
singleton_2914,singleton,,1,1,0,1,0,0,train,0
singleton_2915,singleton,,1,1,0,1,0,0,train,0
singleton_2916,singleton,,1,1,0,1,0,0,train,0
singleton_2917,singleton,,1,1,0,0,1,0,validation,0
singleton_2918,singleton,,1,1,0,1,0,0,train,0
singleton_2919,singleton,,1,1,0,1,0,0,train,0
singleton_2920,singleton,,1,1,0,1,0,0,train,0
singleton_2921,singleton,,1,1,0,1,0,0,train,0
singleton_2922,singleton,,1,1,0,1,0,0,train,0
singleton_2923,singleton,,1,1,0,1,0,0,train,0
singleton_2924,singleton,,1,1,0,0,1,0,validation,0
singleton_2925,singleton,,1,1,0,0,1,0,validation,0
singleton_2926,singleton,,1,1,0,0,0,1,test,0
singleton_2927,singleton,,1,1,0,0,1,0,validation,0
singleton_2928,singleton,,1,1,0,0,1,0,validation,0
singleton_2929,singleton,,1,1,0,1,0,0,train,0
singleton_2930,singleton,,1,1,0,0,1,0,validation,0
singleton_2931,singleton,,1,1,0,0,1,0,validation,0
singleton_2932,singleton,,1,1,0,1,0,0,train,0
singleton_2933,singleton,,1,1,0,1,0,0,train,0
singleton_2934,singleton,,1,1,0,0,1,0,validation,0
singleton_2935,singleton,,1,1,0,1,0,0,train,0
singleton_2936,singleton,,1,1,0,1,0,0,train,0
singleton_2937,singleton,,1,1,0,1,0,0,train,0
singleton_2938,singleton,,1,1,0,0,1,0,validation,0
singleton_2939,singleton,,1,1,0,1,0,0,train,0
singleton_2940,singleton,,1,1,0,1,0,0,train,0
singleton_2941,singleton,,1,1,0,1,0,0,train,0
singleton_2942,singleton,,1,1,0,1,0,0,train,0
singleton_2943,singleton,,1,1,0,1,0,0,train,0
singleton_2944,singleton,,1,1,0,1,0,0,train,0
singleton_2945,singleton,,1,1,0,1,0,0,train,0
singleton_2946,singleton,,1,1,0,1,0,0,train,0
singleton_2947,singleton,,1,1,0,1,0,0,train,0
singleton_2948,singleton,,1,1,0,1,0,0,train,0
singleton_2949,singleton,,1,1,0,0,1,0,validation,0
singleton_2950,singleton,,1,1,0,1,0,0,train,0
singleton_2951,singleton,,1,1,0,1,0,0,train,0
singleton_2952,singleton,,1,1,0,1,0,0,train,0
singleton_2953,singleton,,1,1,0,0,0,1,test,0
singleton_2954,singleton,,1,1,0,1,0,0,train,0
singleton_2955,singleton,,1,1,0,1,0,0,train,0
singleton_2956,singleton,,1,1,0,1,0,0,train,0
singleton_2957,singleton,,1,1,0,1,0,0,train,0
singleton_2958,singleton,,1,1,0,0,1,0,validation,0
singleton_2959,singleton,,1,1,0,1,0,0,train,0
singleton_2960,singleton,,1,1,0,1,0,0,train,0
singleton_2961,singleton,,1,1,0,1,0,0,train,0
singleton_2962,singleton,,1,1,0,1,0,0,train,0
singleton_2963,singleton,,1,1,0,1,0,0,train,0
singleton_2964,singleton,,1,1,0,0,0,1,test,0
singleton_2965,singleton,,1,1,0,0,0,1,test,0
singleton_2966,singleton,,1,1,0,1,0,0,train,0
singleton_2967,singleton,,1,1,0,0,1,0,validation,0
singleton_2968,singleton,,1,1,0,1,0,0,train,0
singleton_2969,singleton,,1,1,0,1,0,0,train,0
singleton_2970,singleton,,1,1,0,1,0,0,train,0
singleton_2971,singleton,,1,1,0,0,0,1,test,0
singleton_2972,singleton,,1,1,0,1,0,0,train,0
singleton_2973,singleton,,1,1,0,0,0,1,test,0
singleton_2974,singleton,,1,1,0,0,0,1,test,0
singleton_2975,singleton,,1,1,0,0,1,0,validation,0
singleton_2976,singleton,,1,1,0,1,0,0,train,0
singleton_2977,singleton,,1,1,0,1,0,0,train,0
singleton_2978,singleton,,1,1,0,1,0,0,train,0
singleton_2979,singleton,,1,1,0,0,0,1,test,0
singleton_2980,singleton,,1,1,0,0,0,1,test,0
singleton_2981,singleton,,1,1,0,0,0,1,test,0
singleton_2982,singleton,,1,1,0,0,0,1,test,0
singleton_2983,singleton,,1,1,0,0,0,1,test,0
singleton_2984,singleton,,1,1,0,1,0,0,train,0
singleton_2985,singleton,,1,1,0,1,0,0,train,0
singleton_2986,singleton,,1,1,0,1,0,0,train,0
singleton_2987,singleton,,1,1,0,1,0,0,train,0
singleton_2988,singleton,,1,1,0,1,0,0,train,0
singleton_2989,singleton,,1,1,0,0,1,0,validation,0
singleton_2990,singleton,,1,1,0,1,0,0,train,0
singleton_2991,singleton,,1,1,0,1,0,0,train,0
singleton_2992,singleton,,1,1,0,1,0,0,train,0
singleton_2993,singleton,,1,1,0,1,0,0,train,0
singleton_2994,singleton,,1,1,0,0,0,1,test,0
singleton_2995,singleton,,1,1,0,0,1,0,validation,0
singleton_2996,singleton,,1,1,0,1,0,0,train,0
singleton_2997,singleton,,1,1,0,1,0,0,train,0
singleton_2998,singleton,,1,1,0,1,0,0,train,0
singleton_2999,singleton,,1,1,0,1,0,0,train,0
singleton_3000,singleton,,1,0,1,1,0,0,train,0
singleton_3001,singleton,,1,0,1,1,0,0,train,0
singleton_3002,singleton,,1,0,1,0,0,1,test,0
singleton_3003,singleton,,1,0,1,0,1,0,validation,0
singleton_3004,singleton,,1,0,1,1,0,0,train,0
singleton_3005,singleton,,1,0,1,1,0,0,train,0
singleton_3006,singleton,,1,0,1,0,0,1,test,0
singleton_3007,singleton,,1,0,1,1,0,0,train,0
singleton_3008,singleton,,1,0,1,1,0,0,train,0
singleton_3009,singleton,,1,0,1,1,0,0,train,0
singleton_3010,singleton,,1,0,1,1,0,0,train,0
singleton_3011,singleton,,1,0,1,1,0,0,train,0
singleton_3012,singleton,,1,0,1,1,0,0,train,0
singleton_3013,singleton,,1,0,1,0,1,0,validation,0
singleton_3014,singleton,,1,0,1,0,0,1,test,0
singleton_3015,singleton,,1,0,1,1,0,0,train,0
singleton_3016,singleton,,1,0,1,0,0,1,test,0
singleton_3017,singleton,,1,0,1,1,0,0,train,0
singleton_3018,singleton,,1,0,1,1,0,0,train,0
singleton_3019,singleton,,1,0,1,1,0,0,train,0
singleton_3020,singleton,,1,0,1,1,0,0,train,0
singleton_3021,singleton,,1,0,1,1,0,0,train,0
singleton_3022,singleton,,1,0,1,1,0,0,train,0
singleton_3023,singleton,,1,0,1,1,0,0,train,0
singleton_3024,singleton,,1,0,1,1,0,0,train,0
singleton_3025,singleton,,1,0,1,1,0,0,train,0
singleton_3026,singleton,,1,0,1,1,0,0,train,0
singleton_3027,singleton,,1,0,1,1,0,0,train,0
singleton_3028,singleton,,1,0,1,1,0,0,train,0
singleton_3029,singleton,,1,0,1,1,0,0,train,0
singleton_3030,singleton,,1,0,1,1,0,0,train,0
singleton_3031,singleton,,1,0,1,1,0,0,train,0
singleton_3032,singleton,,1,0,1,1,0,0,train,0
singleton_3033,singleton,,1,0,1,1,0,0,train,0
singleton_3034,singleton,,1,0,1,1,0,0,train,0
singleton_3035,singleton,,1,0,1,1,0,0,train,0
singleton_3036,singleton,,1,0,1,1,0,0,train,0
singleton_3037,singleton,,1,0,1,1,0,0,train,0
singleton_3038,singleton,,1,0,1,0,1,0,validation,0
singleton_3039,singleton,,1,0,1,1,0,0,train,0
singleton_3040,singleton,,1,0,1,1,0,0,train,0
singleton_3041,singleton,,1,0,1,1,0,0,train,0
singleton_3042,singleton,,1,0,1,0,0,1,test,0
singleton_3043,singleton,,1,0,1,0,0,1,test,0
singleton_3044,singleton,,1,0,1,0,1,0,validation,0
singleton_3045,singleton,,1,0,1,1,0,0,train,0
singleton_3046,singleton,,1,0,1,1,0,0,train,0
singleton_3047,singleton,,1,0,1,1,0,0,train,0
singleton_3048,singleton,,1,0,1,1,0,0,train,0
singleton_3049,singleton,,1,0,1,1,0,0,train,0
singleton_3050,singleton,,1,0,1,1,0,0,train,0
singleton_3051,singleton,,1,0,1,1,0,0,train,0
singleton_3052,singleton,,1,0,1,1,0,0,train,0
singleton_3053,singleton,,1,0,1,0,0,1,test,0
singleton_3054,singleton,,1,0,1,1,0,0,train,0
singleton_3055,singleton,,1,0,1,1,0,0,train,0
singleton_3056,singleton,,1,0,1,1,0,0,train,0
singleton_3057,singleton,,1,0,1,1,0,0,train,0
singleton_3058,singleton,,1,0,1,1,0,0,train,0
singleton_3059,singleton,,1,0,1,1,0,0,train,0
singleton_3060,singleton,,1,0,1,1,0,0,train,0
singleton_3061,singleton,,1,0,1,1,0,0,train,0
singleton_3062,singleton,,1,0,1,1,0,0,train,0
singleton_3063,singleton,,1,0,1,0,1,0,validation,0
singleton_3064,singleton,,1,0,1,1,0,0,train,0
singleton_3065,singleton,,1,0,1,1,0,0,train,0
singleton_3066,singleton,,1,0,1,0,1,0,validation,0
singleton_3067,singleton,,1,0,1,1,0,0,train,0
singleton_3068,singleton,,1,0,1,0,1,0,validation,0
singleton_3069,singleton,,1,0,1,1,0,0,train,0
singleton_3070,singleton,,1,0,1,1,0,0,train,0
singleton_3071,singleton,,1,0,1,0,1,0,validation,0
singleton_3072,singleton,,1,0,1,1,0,0,train,0
singleton_3073,singleton,,1,0,1,1,0,0,train,0
singleton_3074,singleton,,1,0,1,1,0,0,train,0
singleton_3075,singleton,,1,0,1,1,0,0,train,0
singleton_3076,singleton,,1,0,1,1,0,0,train,0
singleton_3077,singleton,,1,0,1,1,0,0,train,0
singleton_3078,singleton,,1,0,1,0,1,0,validation,0
singleton_3079,singleton,,1,0,1,1,0,0,train,0
singleton_3080,singleton,,1,0,1,1,0,0,train,0
singleton_3081,singleton,,1,0,1,1,0,0,train,0
singleton_3082,singleton,,1,0,1,1,0,0,train,0
singleton_3083,singleton,,1,0,1,1,0,0,train,0
singleton_3084,singleton,,1,0,1,1,0,0,train,0
singleton_3085,singleton,,1,0,1,1,0,0,train,0
singleton_3086,singleton,,1,0,1,1,0,0,train,0
singleton_3087,singleton,,1,0,1,1,0,0,train,0
singleton_3088,singleton,,1,0,1,1,0,0,train,0
singleton_3089,singleton,,1,0,1,0,0,1,test,0
singleton_3090,singleton,,1,0,1,1,0,0,train,0
singleton_3091,singleton,,1,0,1,1,0,0,train,0
singleton_3092,singleton,,1,0,1,1,0,0,train,0
singleton_3093,singleton,,1,0,1,1,0,0,train,0
singleton_3094,singleton,,1,0,1,1,0,0,train,0
singleton_3095,singleton,,1,0,1,1,0,0,train,0
singleton_3096,singleton,,1,0,1,1,0,0,train,0
singleton_3097,singleton,,1,0,1,0,0,1,test,0
singleton_3098,singleton,,1,0,1,1,0,0,train,0
singleton_3099,singleton,,1,0,1,1,0,0,train,0
singleton_3100,singleton,,1,0,1,0,0,1,test,0
singleton_3101,singleton,,1,0,1,1,0,0,train,0
singleton_3102,singleton,,1,0,1,0,0,1,test,0
singleton_3103,singleton,,1,0,1,1,0,0,train,0
singleton_3104,singleton,,1,0,1,1,0,0,train,0
singleton_3105,singleton,,1,0,1,0,0,1,test,0
singleton_3106,singleton,,1,0,1,1,0,0,train,0
singleton_3107,singleton,,1,0,1,1,0,0,train,0
singleton_3108,singleton,,1,0,1,1,0,0,train,0
singleton_3109,singleton,,1,0,1,1,0,0,train,0
singleton_3110,singleton,,1,0,1,1,0,0,train,0
singleton_3111,singleton,,1,0,1,1,0,0,train,0
singleton_3112,singleton,,1,0,1,0,1,0,validation,0
singleton_3113,singleton,,1,0,1,1,0,0,train,0
singleton_3114,singleton,,1,0,1,1,0,0,train,0
singleton_3115,singleton,,1,0,1,1,0,0,train,0
singleton_3116,singleton,,1,0,1,0,0,1,test,0
singleton_3117,singleton,,1,0,1,1,0,0,train,0
singleton_3118,singleton,,1,0,1,1,0,0,train,0
singleton_3119,singleton,,1,0,1,0,1,0,validation,0
singleton_3120,singleton,,1,0,1,1,0,0,train,0
singleton_3121,singleton,,1,0,1,1,0,0,train,0
singleton_3122,singleton,,1,0,1,1,0,0,train,0
singleton_3123,singleton,,1,0,1,1,0,0,train,0
singleton_3124,singleton,,1,0,1,1,0,0,train,0
singleton_3125,singleton,,1,0,1,1,0,0,train,0
singleton_3126,singleton,,1,0,1,1,0,0,train,0
singleton_3127,singleton,,1,0,1,1,0,0,train,0
singleton_3128,singleton,,1,1,0,0,1,0,validation,0
singleton_3129,singleton,,1,1,0,1,0,0,train,0
singleton_3130,singleton,,1,1,0,1,0,0,train,0
singleton_3131,singleton,,1,1,0,1,0,0,train,0
singleton_3132,singleton,,1,1,0,0,1,0,validation,0
singleton_3133,singleton,,1,1,0,1,0,0,train,0
singleton_3134,singleton,,1,1,0,1,0,0,train,0
singleton_3135,singleton,,1,1,0,1,0,0,train,0
singleton_3136,singleton,,1,1,0,0,1,0,validation,0
singleton_3137,singleton,,1,1,0,1,0,0,train,0
singleton_3138,singleton,,1,1,0,1,0,0,train,0
singleton_3139,singleton,,1,1,0,1,0,0,train,0
singleton_3140,singleton,,1,1,0,1,0,0,train,0
singleton_3141,singleton,,1,1,0,0,0,1,test,0
singleton_3142,singleton,,1,1,0,0,0,1,test,0
singleton_3143,singleton,,1,1,0,0,0,1,test,0
singleton_3144,singleton,,1,1,0,0,1,0,validation,0
singleton_3145,singleton,,1,1,0,0,1,0,validation,0
singleton_3146,singleton,,1,1,0,1,0,0,train,0
singleton_3147,singleton,,1,1,0,1,0,0,train,0
singleton_3148,singleton,,1,1,0,1,0,0,train,0
singleton_3149,singleton,,1,1,0,1,0,0,train,0
singleton_3150,singleton,,1,1,0,0,0,1,test,0
singleton_3151,singleton,,1,1,0,1,0,0,train,0
singleton_3152,singleton,,1,1,0,1,0,0,train,0
singleton_3153,singleton,,1,1,0,1,0,0,train,0
singleton_3154,singleton,,1,1,0,1,0,0,train,0
singleton_3155,singleton,,1,1,0,0,0,1,test,0
singleton_3156,singleton,,1,1,0,0,1,0,validation,0
singleton_3157,singleton,,1,1,0,0,1,0,validation,0
singleton_3158,singleton,,1,1,0,0,1,0,validation,0
singleton_3159,singleton,,1,1,0,1,0,0,train,0
singleton_3160,singleton,,1,1,0,1,0,0,train,0
singleton_3161,singleton,,1,1,0,1,0,0,train,0
singleton_3162,singleton,,1,1,0,1,0,0,train,0
singleton_3163,singleton,,1,1,0,1,0,0,train,0
singleton_3164,singleton,,1,1,0,1,0,0,train,0
singleton_3165,singleton,,1,1,0,0,1,0,validation,0
singleton_3166,singleton,,1,1,0,1,0,0,train,0
singleton_3167,singleton,,1,1,0,1,0,0,train,0
singleton_3168,singleton,,1,1,0,1,0,0,train,0
singleton_3169,singleton,,1,1,0,1,0,0,train,0
singleton_3170,singleton,,1,1,0,1,0,0,train,0
singleton_3171,singleton,,1,1,0,1,0,0,train,0
singleton_3172,singleton,,1,1,0,0,0,1,test,0
singleton_3173,singleton,,1,1,0,1,0,0,train,0
singleton_3174,singleton,,1,1,0,1,0,0,train,0
singleton_3175,singleton,,1,1,0,1,0,0,train,0
singleton_3176,singleton,,1,1,0,0,0,1,test,0
singleton_3177,singleton,,1,1,0,0,0,1,test,0
singleton_3178,singleton,,1,1,0,1,0,0,train,0
singleton_3179,singleton,,1,1,0,0,1,0,validation,0
singleton_3180,singleton,,1,1,0,1,0,0,train,0
singleton_3181,singleton,,1,1,0,1,0,0,train,0
singleton_3182,singleton,,1,1,0,1,0,0,train,0
singleton_3183,singleton,,1,1,0,0,0,1,test,0
singleton_3184,singleton,,1,1,0,0,1,0,validation,0
singleton_3185,singleton,,1,1,0,0,1,0,validation,0
singleton_3186,singleton,,1,1,0,0,1,0,validation,0
singleton_3187,singleton,,1,1,0,0,1,0,validation,0
singleton_3188,singleton,,1,1,0,1,0,0,train,0
singleton_3189,singleton,,1,1,0,1,0,0,train,0
singleton_3190,singleton,,1,1,0,0,0,1,test,0
singleton_3191,singleton,,1,1,0,1,0,0,train,0
singleton_3192,singleton,,1,1,0,1,0,0,train,0
singleton_3193,singleton,,1,1,0,1,0,0,train,0
singleton_3194,singleton,,1,1,0,1,0,0,train,0
singleton_3195,singleton,,1,1,0,0,1,0,validation,0
singleton_3196,singleton,,1,1,0,1,0,0,train,0
singleton_3197,singleton,,1,1,0,1,0,0,train,0
singleton_3198,singleton,,1,1,0,1,0,0,train,0
singleton_3199,singleton,,1,1,0,0,1,0,validation,0
singleton_3200,singleton,,1,1,0,1,0,0,train,0
singleton_3201,singleton,,1,1,0,0,0,1,test,0
singleton_3202,singleton,,1,1,0,1,0,0,train,0
singleton_3203,singleton,,1,1,0,1,0,0,train,0
singleton_3204,singleton,,1,1,0,1,0,0,train,0
singleton_3205,singleton,,1,1,0,1,0,0,train,0
singleton_3206,singleton,,1,1,0,0,0,1,test,0
singleton_3207,singleton,,1,1,0,1,0,0,train,0
singleton_3208,singleton,,1,1,0,1,0,0,train,0
singleton_3209,singleton,,1,1,0,1,0,0,train,0
singleton_3210,singleton,,1,1,0,0,0,1,test,0
singleton_3211,singleton,,1,1,0,1,0,0,train,0
singleton_3212,singleton,,1,1,0,1,0,0,train,0
singleton_3213,singleton,,1,1,0,0,1,0,validation,0
singleton_3214,singleton,,1,1,0,1,0,0,train,0
singleton_3215,singleton,,1,1,0,0,1,0,validation,0
singleton_3216,singleton,,1,1,0,1,0,0,train,0
singleton_3217,singleton,,1,1,0,1,0,0,train,0
singleton_3218,singleton,,1,1,0,1,0,0,train,0
singleton_3219,singleton,,1,1,0,1,0,0,train,0
singleton_3220,singleton,,1,1,0,1,0,0,train,0
singleton_3221,singleton,,1,1,0,0,0,1,test,0
singleton_3222,singleton,,1,1,0,0,0,1,test,0
singleton_3223,singleton,,1,1,0,1,0,0,train,0
singleton_3224,singleton,,1,1,0,0,1,0,validation,0
singleton_3225,singleton,,1,1,0,1,0,0,train,0
singleton_3226,singleton,,1,1,0,0,1,0,validation,0
singleton_3227,singleton,,1,1,0,1,0,0,train,0
singleton_3228,singleton,,1,1,0,1,0,0,train,0
singleton_3229,singleton,,1,1,0,1,0,0,train,0
singleton_3230,singleton,,1,1,0,0,1,0,validation,0
singleton_3231,singleton,,1,1,0,1,0,0,train,0
singleton_3232,singleton,,1,1,0,1,0,0,train,0
singleton_3233,singleton,,1,1,0,0,0,1,test,0
singleton_3234,singleton,,1,1,0,0,0,1,test,0
singleton_3235,singleton,,1,1,0,0,0,1,test,0
singleton_3236,singleton,,1,1,0,0,0,1,test,0
singleton_3237,singleton,,1,1,0,1,0,0,train,0
singleton_3238,singleton,,1,1,0,1,0,0,train,0
singleton_3239,singleton,,1,1,0,1,0,0,train,0
singleton_3240,singleton,,1,1,0,0,1,0,validation,0
singleton_3241,singleton,,1,1,0,0,0,1,test,0
singleton_3242,singleton,,1,1,0,1,0,0,train,0
singleton_3243,singleton,,1,1,0,1,0,0,train,0
singleton_3244,singleton,,1,1,0,0,0,1,test,0
singleton_3245,singleton,,1,1,0,1,0,0,train,0
singleton_3246,singleton,,1,1,0,0,1,0,validation,0
singleton_3247,singleton,,1,1,0,0,1,0,validation,0
singleton_3248,singleton,,1,1,0,1,0,0,train,0
singleton_3249,singleton,,1,1,0,1,0,0,train,0
singleton_3250,singleton,,1,1,0,1,0,0,train,0
singleton_3251,singleton,,1,1,0,1,0,0,train,0
singleton_3252,singleton,,1,1,0,1,0,0,train,0
singleton_3253,singleton,,1,1,0,0,1,0,validation,0
singleton_3254,singleton,,1,1,0,0,0,1,test,0
singleton_3255,singleton,,1,1,0,1,0,0,train,0
singleton_3256,singleton,,1,1,0,1,0,0,train,0
singleton_3257,singleton,,1,1,0,1,0,0,train,0
singleton_3258,singleton,,1,1,0,1,0,0,train,0
singleton_3259,singleton,,1,1,0,1,0,0,train,0
singleton_3260,singleton,,1,1,0,1,0,0,train,0
singleton_3261,singleton,,1,1,0,0,0,1,test,0
singleton_3262,singleton,,1,1,0,1,0,0,train,0
singleton_3263,singleton,,1,1,0,1,0,0,train,0
singleton_3264,singleton,,1,1,0,1,0,0,train,0
singleton_3265,singleton,,1,1,0,1,0,0,train,0
singleton_3266,singleton,,1,1,0,1,0,0,train,0
singleton_3267,singleton,,1,1,0,1,0,0,train,0
singleton_3268,singleton,,1,1,0,1,0,0,train,0
singleton_3269,singleton,,1,1,0,0,1,0,validation,0
singleton_3270,singleton,,1,1,0,1,0,0,train,0
singleton_3271,singleton,,1,1,0,1,0,0,train,0
singleton_3272,singleton,,1,1,0,1,0,0,train,0
singleton_3273,singleton,,1,1,0,0,0,1,test,0
singleton_3274,singleton,,1,1,0,1,0,0,train,0
singleton_3275,singleton,,1,1,0,1,0,0,train,0
singleton_3276,singleton,,1,1,0,1,0,0,train,0
singleton_3277,singleton,,1,1,0,1,0,0,train,0
singleton_3278,singleton,,1,1,0,1,0,0,train,0
singleton_3279,singleton,,1,1,0,1,0,0,train,0
singleton_3280,singleton,,1,1,0,0,1,0,validation,0
singleton_3281,singleton,,1,1,0,1,0,0,train,0
singleton_3282,singleton,,1,1,0,0,1,0,validation,0
singleton_3283,singleton,,1,1,0,1,0,0,train,0
singleton_3284,singleton,,1,1,0,1,0,0,train,0
singleton_3285,singleton,,1,1,0,1,0,0,train,0
singleton_3286,singleton,,1,1,0,1,0,0,train,0
singleton_3287,singleton,,1,1,0,0,0,1,test,0
singleton_3288,singleton,,1,1,0,1,0,0,train,0
singleton_3289,singleton,,1,1,0,1,0,0,train,0
singleton_3290,singleton,,1,1,0,0,1,0,validation,0
singleton_3291,singleton,,1,1,0,1,0,0,train,0
singleton_3292,singleton,,1,1,0,1,0,0,train,0
singleton_3293,singleton,,1,1,0,0,0,1,test,0
singleton_3294,singleton,,1,1,0,1,0,0,train,0
singleton_3295,singleton,,1,1,0,1,0,0,train,0
singleton_3296,singleton,,1,1,0,1,0,0,train,0
singleton_3297,singleton,,1,1,0,1,0,0,train,0
singleton_3298,singleton,,1,1,0,1,0,0,train,0
singleton_3299,singleton,,1,1,0,0,1,0,validation,0
