node_id,split,dataset,label,relative_path,sha256,highest_evidence,probable_neighbors,possible_neighbors,cross_label_neighbors,has_train_neighbor
test|RLVS|NonViolence/NV_103.mp4,test,RLVS,0,NonViolence/NV_103.mp4,fe91c812adf91eb8ee366f347ec096f737b9ec39711a45041c0961b89fa7ccbf,probable_near_duplicate,4,0,0,1
test|RLVS|NonViolence/NV_154.mp4,test,RLVS,0,NonViolence/NV_154.mp4,92fec964d679af176979200107652940b09b4824227ee510d98dd938b871468c,possible_near_duplicate,0,1,0,1
test|RLVS|NonViolence/NV_158.mp4,test,RLVS,0,NonViolence/NV_158.mp4,ade2b4e8806af6d76e7fe1c7843f5f0441a5e6bf0a6499f1dcfe3dd3eaf28d35,possible_near_duplicate,0,1,0,1
test|RLVS|NonViolence/NV_189.mp4,test,RLVS,0,NonViolence/NV_189.mp4,5962b889b9357f871f6f0dfff4a7a9899076a770cc1d111ffebc6e4764378643,probable_near_duplicate,3,1,0,1
test|RLVS|NonViolence/NV_191.mp4,test,RLVS,0,NonViolence/NV_191.mp4,fe4a912045c676b97ff55058d124eed297a2537f0b7e39ca9ef8c529847f5ddd,possible_near_duplicate,0,1,0,1
test|RLVS|NonViolence/NV_215.mp4,test,RLVS,0,NonViolence/NV_215.mp4,641bb3591fe7cd5552cff81770d76d601c4adeb211f6434dd2e7142ca10fed6f,possible_near_duplicate,0,1,0,1
test|RLVS|NonViolence/NV_228.mp4,test,RLVS,0,NonViolence/NV_228.mp4,fa128d7fca7ac90832da2e9d0a9968d9b4285b5224b1dfa49ae4951efc975c57,possible_near_duplicate,0,1,0,1
test|RLVS|NonViolence/NV_235.mp4,test,RLVS,0,NonViolence/NV_235.mp4,88af8eab69be48103ac2f11ff50e69456629f228a38c5abdd7937a76d7b17dd4,possible_near_duplicate,0,1,0,1
test|RLVS|NonViolence/NV_248.mp4,test,RLVS,0,NonViolence/NV_248.mp4,1e097ff193cdb91e016243b778ea414511c82a2555001d1628d85ba7baec43d3,probable_near_duplicate,2,1,0,1
test|RLVS|NonViolence/NV_259.mp4,test,RLVS,0,NonViolence/NV_259.mp4,06b4b428a105f87af4f651b637528c11067bc958d22ae44508778063249fdbf7,possible_near_duplicate,0,2,0,1
test|RLVS|NonViolence/NV_263.mp4,test,RLVS,0,NonViolence/NV_263.mp4,eca23ccce1abcda3fd74a0dff40997500502aaacf30149947f6917e72106f314,probable_near_duplicate,1,1,0,1
test|RLVS|NonViolence/NV_279.mp4,test,RLVS,0,NonViolence/NV_279.mp4,f1bcd0ba758ae5705dc03b6be843b63566a216d27f702e7158e4472ffb3c88c2,probable_near_duplicate,1,1,0,1
test|RLVS|NonViolence/NV_366.mp4,test,RLVS,0,NonViolence/NV_366.mp4,e6df26cc20e60c089048e7156246ac98d21686b5ab3793940f7dbd2ca7d8e6a2,probable_near_duplicate,1,1,0,1
test|RLVS|NonViolence/NV_374.mp4,test,RLVS,0,NonViolence/NV_374.mp4,f3f9292203ffec607ee0a86074af5113032e774adfdeae2a00249320bf5ed431,probable_near_duplicate,2,3,0,1
test|RLVS|NonViolence/NV_375.mp4,test,RLVS,0,NonViolence/NV_375.mp4,39f6441e3715ed327046edb043fb3939e42c8f3e6b1ae6e274d75bf8a1a35dab,probable_near_duplicate,5,3,0,1
test|RLVS|NonViolence/NV_379.mp4,test,RLVS,0,NonViolence/NV_379.mp4,21a9664c47a43823975e914fe1aeba86378fd5782a45754c42ff8dac369d5bc8,probable_near_duplicate,2,1,0,1
test|RLVS|NonViolence/NV_38.mp4,test,RLVS,0,NonViolence/NV_38.mp4,f1b438c78b3f5cecf8d543bef0e62b76e63a83fe1bd795bbf4d9f19893dd9089,probable_near_duplicate,1,2,0,1
test|RLVS|NonViolence/NV_385.mp4,test,RLVS,0,NonViolence/NV_385.mp4,1addf6cfd1e51e909d9ccad200a6cadc6c35da81fca7f9b12a6f715a81e853df,probable_near_duplicate,1,2,0,1
test|RLVS|NonViolence/NV_416.mp4,test,RLVS,0,NonViolence/NV_416.mp4,f45b77d7ac45cab2b6cd4aee5ce1acc4e78741af6d43976335f3e822c275c749,possible_near_duplicate,0,1,0,0
test|RLVS|NonViolence/NV_445.mp4,test,RLVS,0,NonViolence/NV_445.mp4,11abf0015ff8afd04284676c6c9c332e2bc55ca3d54c8204dbf65d961e94cc31,probable_near_duplicate,1,0,0,1
test|RLVS|NonViolence/NV_45.mp4,test,RLVS,0,NonViolence/NV_45.mp4,8590b3d63a8bc6bc74e1ea4e47bded1ea50fcb8430f6248a065648c81f8f0b98,probable_near_duplicate,1,0,0,1
test|RLVS|NonViolence/NV_452.mp4,test,RLVS,0,NonViolence/NV_452.mp4,0004ad382bbad65c6efb5901c4eb629e3b7e9b3b37417cd99e5175774ab0f9f0,possible_near_duplicate,0,1,0,1
test|RLVS|NonViolence/NV_494.mp4,test,RLVS,0,NonViolence/NV_494.mp4,2a62334e6f85d5876184d223e638e765828bac3136a21dbd3c42083cf47bb25d,probable_near_duplicate,1,1,0,1
test|RLVS|NonViolence/NV_506.mp4,test,RLVS,0,NonViolence/NV_506.mp4,307d8d0296b111e1360a0eb0737813b92a29ccca0730fdb060c97782ea4a4a0b,probable_near_duplicate,1,0,0,1
test|RLVS|NonViolence/NV_518.mp4,test,RLVS,0,NonViolence/NV_518.mp4,53ca93e090aa372219028ac80ffea750508474c107f7cc347f05aec2a8753193,possible_near_duplicate,0,2,0,1
test|RLVS|NonViolence/NV_520.mp4,test,RLVS,0,NonViolence/NV_520.mp4,d58df100eebd189b6ce6645ed33d9253a15dc4b4527a1c620c91feb8a12c2d9d,probable_near_duplicate,2,0,0,1
test|RLVS|NonViolence/NV_637.mp4,test,RLVS,0,NonViolence/NV_637.mp4,79f36f46ec35582d7dd379a695754090f96bed156d821eebc2afef3c41aaf3ca,possible_near_duplicate,0,1,0,1
test|RLVS|NonViolence/NV_694.mp4,test,RLVS,0,NonViolence/NV_694.mp4,d21132157dbd6c1415ce72a2e3d34627db03dc0c286fa713be8ca83603bcc7d2,possible_near_duplicate,0,1,0,1
test|RLVS|NonViolence/NV_705.mp4,test,RLVS,0,NonViolence/NV_705.mp4,7520933da54707bcb49ede66ce0ec77b745ad2635af2f34b6f38e868d2c94b6f,possible_near_duplicate,0,2,0,1
test|RLVS|NonViolence/NV_732.mp4,test,RLVS,0,NonViolence/NV_732.mp4,cc64f762c6745958e659f17f7451f42e40d1f1c4c963ce766bec69cb7b46162e,possible_near_duplicate,0,1,0,1
test|RLVS|NonViolence/NV_735.mp4,test,RLVS,0,NonViolence/NV_735.mp4,eb70e1130161821ca2da05b7654210f56977a9ec50bed9da9a45958740abeb31,possible_near_duplicate,0,2,0,1
test|RLVS|NonViolence/NV_751.mp4,test,RLVS,0,NonViolence/NV_751.mp4,a7881d015902337a42bddde70deee6b69b42134a0c5603ffb208749c814426c0,possible_near_duplicate,0,1,0,1
test|RLVS|NonViolence/NV_869.avi,test,RLVS,0,NonViolence/NV_869.avi,082f6a12e83ccfa26677ff20855e6b420250601beac71d3ccdef764a249e29d6,possible_near_duplicate,0,1,0,1
test|RLVS|NonViolence/NV_872.avi,test,RLVS,0,NonViolence/NV_872.avi,d34d150ef9d3ab3053e179d63d75ca6bbee2e3455a3d2fc9c412659bf97df30f,probable_near_duplicate,1,0,0,1
test|RLVS|NonViolence/NV_877.avi,test,RLVS,0,NonViolence/NV_877.avi,7cda97749fa81e27ac7a679d07e727f23d3b1da8c37d0ea4922e2c68a1483b3a,probable_near_duplicate,1,3,0,1
test|RLVS|NonViolence/NV_881.avi,test,RLVS,0,NonViolence/NV_881.avi,a9150c55ad75dbbc29182a046413c3ac37415e02afdc5678ea8dfb1cf95d8234,probable_near_duplicate,1,1,0,1
test|RLVS|NonViolence/NV_884.avi,test,RLVS,0,NonViolence/NV_884.avi,d975b5c63ab3be1f9e39ca856d8645dc9e22ed6e97cd42135680e9168e30afa2,possible_near_duplicate,0,4,0,1
test|RLVS|NonViolence/NV_891.avi,test,RLVS,0,NonViolence/NV_891.avi,4e4b17794c3495739f92497c573562f5c6dfaed7e8ceeb64f30f093d931a9109,probable_near_duplicate,1,0,0,1
test|RLVS|NonViolence/NV_90.mp4,test,RLVS,0,NonViolence/NV_90.mp4,e967401c07df68d3fb4b4fc4b4059d832436ec838de72ba442fe86ba6745aed8,probable_near_duplicate,1,0,0,1
test|RLVS|Violence/V_115.mp4,test,RLVS,1,Violence/V_115.mp4,d26fdce8835dff2a471cff7d9effdf2dafa81b3b457ae2a5881558a4dd5d8fc3,possible_near_duplicate,0,1,0,1
test|RLVS|Violence/V_703.mp4,test,RLVS,1,Violence/V_703.mp4,d66db3869b7076c350065b3d8fa2417cefbd1c29854cc48ed636faa7eb979aea,possible_near_duplicate,0,1,0,1
test|RWF-2000|train/Fight/rwf_train_fight_0029.avi,test,RWF-2000,1,train/Fight/rwf_train_fight_0029.avi,3b652a6d0c61714dfdf314d718a45e76c02d431137eec60b6cf6cb00569e7630,possible_near_duplicate,0,2,0,1
test|RWF-2000|train/Fight/rwf_train_fight_0034.avi,test,RWF-2000,1,train/Fight/rwf_train_fight_0034.avi,31159d5c208dc6684bddf908bdca7b3312835d7f11b0fe3df12bc94bd4cb66a8,probable_near_duplicate,1,2,3,1
test|RWF-2000|train/Fight/rwf_train_fight_0047.avi,test,RWF-2000,1,train/Fight/rwf_train_fight_0047.avi,11b1236ef299b1a7d4c95b4da35a4db702897bc576f1a0f4ea5a12de92ae1997,possible_near_duplicate,0,1,0,0
test|RWF-2000|train/Fight/rwf_train_fight_0053.avi,test,RWF-2000,1,train/Fight/rwf_train_fight_0053.avi,44257b8b59f3b1c2539e48653143c4f7e83281f27512e05ca24ca803eeb947a3,probable_near_duplicate,3,0,0,1
test|RWF-2000|train/Fight/rwf_train_fight_0055.avi,test,RWF-2000,1,train/Fight/rwf_train_fight_0055.avi,3e2ed1d727fdd3ba7f691c8661aea9062cb0ae5b9cf7c9b3b6453224da917e41,probable_near_duplicate,3,0,0,1
test|RWF-2000|train/Fight/rwf_train_fight_0076.avi,test,RWF-2000,1,train/Fight/rwf_train_fight_0076.avi,8d38902dee5f0220825da70cba00d044f507b78bab8fe731e609c7459b71b46e,possible_near_duplicate,0,5,1,1
test|RWF-2000|train/Fight/rwf_train_fight_0080.avi,test,RWF-2000,1,train/Fight/rwf_train_fight_0080.avi,676efa8e2aac54856d5ac8ff45383321ded847b739fa73988d75090d687ded8a,probable_near_duplicate,1,4,2,1
test|RWF-2000|train/Fight/rwf_train_fight_0086.avi,test,RWF-2000,1,train/Fight/rwf_train_fight_0086.avi,15429da03cc36fd352295163c1a58e1389e1b4fc4e452554dc3e111d70447d1b,possible_near_duplicate,0,1,1,1
test|RWF-2000|train/Fight/rwf_train_fight_0111.avi,test,RWF-2000,1,train/Fight/rwf_train_fight_0111.avi,117dcfc78fd70502e7d858104f698c5263a64d35960a9499193f906474d6407a,probable_near_duplicate,3,0,1,1
test|RWF-2000|train/Fight/rwf_train_fight_0113.avi,test,RWF-2000,1,train/Fight/rwf_train_fight_0113.avi,fa7100bc301bedf1d0b241375abdd82e59e0d7943d365748d4c7181174c9573f,probable_near_duplicate,1,0,1,1
test|RWF-2000|train/Fight/rwf_train_fight_0114.avi,test,RWF-2000,1,train/Fight/rwf_train_fight_0114.avi,616018b736573d70d0ebbe9f185952b72bd390d693f463f6dc363536bfe35e2f,probable_near_duplicate,1,0,1,1
test|RWF-2000|train/Fight/rwf_train_fight_0122.avi,test,RWF-2000,1,train/Fight/rwf_train_fight_0122.avi,5343d6f905828df0113a1a5750a60fda3961b0d7c7398aff974187e34177de1c,probable_near_duplicate,1,0,0,1
test|RWF-2000|train/Fight/rwf_train_fight_0130.avi,test,RWF-2000,1,train/Fight/rwf_train_fight_0130.avi,f29ffd7335f0cb0b8ed07d103a4aa217c8c26c50b9780cff2f9c8cc0be9cdf12,probable_near_duplicate,4,1,0,1
test|RWF-2000|train/Fight/rwf_train_fight_0165.avi,test,RWF-2000,1,train/Fight/rwf_train_fight_0165.avi,02f86008985a7d9d0fa2c4b35263096fb836b5100636622702bca4389a9d37f8,probable_near_duplicate,4,0,0,1
test|RWF-2000|train/Fight/rwf_train_fight_0167.avi,test,RWF-2000,1,train/Fight/rwf_train_fight_0167.avi,80ee92a8e3021f63e797c70b1bbbb11bc98194ebf196491b74e6fd7feea8d6db,probable_near_duplicate,3,1,0,1
test|RWF-2000|train/Fight/rwf_train_fight_0183.avi,test,RWF-2000,1,train/Fight/rwf_train_fight_0183.avi,1561a80585f9c951fd71ce10e09e8aab08aa0824a89be6acebbc9a5ffde57e48,probable_near_duplicate,4,0,0,1
test|RWF-2000|train/Fight/rwf_train_fight_0184.avi,test,RWF-2000,1,train/Fight/rwf_train_fight_0184.avi,a3b935fa428736d141a883867cdbee007dc6bb92152ebc5a9b7f7b4e693644d0,probable_near_duplicate,4,0,0,1
test|RWF-2000|train/Fight/rwf_train_fight_0198.avi,test,RWF-2000,1,train/Fight/rwf_train_fight_0198.avi,b324175103b6b94357462f32d293c4b185a1de56595a74d57054a01f2095c3a4,probable_near_duplicate,1,1,0,1
test|RWF-2000|train/Fight/rwf_train_fight_0200.avi,test,RWF-2000,1,train/Fight/rwf_train_fight_0200.avi,488ca123c080e55a0ea4f706ef712d9ec88b7452c2fc3646876786a32de04797,possible_near_duplicate,0,3,0,1
test|RWF-2000|train/Fight/rwf_train_fight_0211.avi,test,RWF-2000,1,train/Fight/rwf_train_fight_0211.avi,83d6da933610e5dd592d34cbe58a6c691c9f0f8c531a67ce4cc7e0f00e5c54c2,probable_near_duplicate,1,1,0,1
test|RWF-2000|train/Fight/rwf_train_fight_0214.avi,test,RWF-2000,1,train/Fight/rwf_train_fight_0214.avi,1762cb0f8fa7cb4b26717b356532d0e1ba2f5252836e2b951413cf3fbbfa49ab,probable_near_duplicate,1,0,0,0
test|RWF-2000|train/Fight/rwf_train_fight_0219.avi,test,RWF-2000,1,train/Fight/rwf_train_fight_0219.avi,3d2642008b779115603e7832cfe9ebfaf34e0649a9cd428d53083f18d905f0ee,probable_near_duplicate,1,1,0,1
test|RWF-2000|train/Fight/rwf_train_fight_0236.avi,test,RWF-2000,1,train/Fight/rwf_train_fight_0236.avi,6b8ddc71a335c0e54ccea6ff2f52cfa0a123b16855f9c5d4b88f46d552a1418e,possible_near_duplicate,0,1,0,1
test|RWF-2000|train/Fight/rwf_train_fight_0240.avi,test,RWF-2000,1,train/Fight/rwf_train_fight_0240.avi,400669da13d74b1548e673f5f93fa2839243bcb55be71b05a71565215f3c78e8,possible_near_duplicate,0,1,0,1
test|RWF-2000|train/Fight/rwf_train_fight_0242.avi,test,RWF-2000,1,train/Fight/rwf_train_fight_0242.avi,0c2855441b082c81dfed6849804cf68666932a2f914b05d1588617102cfbf28c,possible_near_duplicate,0,2,0,1
test|RWF-2000|train/Fight/rwf_train_fight_0279.avi,test,RWF-2000,1,train/Fight/rwf_train_fight_0279.avi,0fa1d34f2ff90ea667a44782a35835003673c4d2abc7c5370604a2a99677bc01,probable_near_duplicate,5,0,0,1
test|RWF-2000|train/Fight/rwf_train_fight_0282.avi,test,RWF-2000,1,train/Fight/rwf_train_fight_0282.avi,2c7b1fb6c5715cfd96f7b1865f8c87b9f1452fd0e260ec5126b9b674eb2a0185,probable_near_duplicate,5,0,0,1
test|RWF-2000|train/Fight/rwf_train_fight_0291.avi,test,RWF-2000,1,train/Fight/rwf_train_fight_0291.avi,ac498c34f8998f6ff4d6e42b6fd9876826146f0d9deaf2fe46a04677cd9ef952,probable_near_duplicate,1,0,0,1
test|RWF-2000|train/Fight/rwf_train_fight_0339.avi,test,RWF-2000,1,train/Fight/rwf_train_fight_0339.avi,4c055af5d0844d6493cce1cdd2d6ce7c0a3b3c716807087ccad1f7f91d0ad516,probable_near_duplicate,1,0,0,1
test|RWF-2000|train/Fight/rwf_train_fight_0340.avi,test,RWF-2000,1,train/Fight/rwf_train_fight_0340.avi,43423056770958ae0044121434ab25c4392dd621d25cb2f0d8bc6125ec48698c,probable_near_duplicate,3,0,1,1
test|RWF-2000|train/Fight/rwf_train_fight_0345.avi,test,RWF-2000,1,train/Fight/rwf_train_fight_0345.avi,b23c2c37da9a8f0a1e21a8e87349d045dc0704ae63f4b0a9cdfa66c9174d1a82,probable_near_duplicate,1,0,0,1
test|RWF-2000|train/Fight/rwf_train_fight_0369.avi,test,RWF-2000,1,train/Fight/rwf_train_fight_0369.avi,5365369272df4fe6075a8101cf9703ca2e9b8ce1e37e8a84ba23126f8ce72f44,probable_near_duplicate,1,0,1,1
test|RWF-2000|train/Fight/rwf_train_fight_0389.avi,test,RWF-2000,1,train/Fight/rwf_train_fight_0389.avi,dcdf9fcca490921a9f7ab30c13848d53d0de7f2f618074ceacc7d2ff1f2f37c1,probable_near_duplicate,1,0,0,0
test|RWF-2000|train/Fight/rwf_train_fight_0396.avi,test,RWF-2000,1,train/Fight/rwf_train_fight_0396.avi,f56a120be29209bf87346e16bd04b3d4909d007d138708a51b06d7c782ddfbd8,possible_near_duplicate,0,1,1,1
test|RWF-2000|train/Fight/rwf_train_fight_0408.avi,test,RWF-2000,1,train/Fight/rwf_train_fight_0408.avi,6c16d729227e19559bd61d2bcaf32addc056b128f8146ac659e96e7db4fdd91b,probable_near_duplicate,1,2,0,1
test|RWF-2000|train/Fight/rwf_train_fight_0444.avi,test,RWF-2000,1,train/Fight/rwf_train_fight_0444.avi,f59f705ebfbda5e02fc115209fdb780b13b7efbb389dc7a0fe5333a85d904134,probable_near_duplicate,1,0,0,1
test|RWF-2000|train/Fight/rwf_train_fight_0447.avi,test,RWF-2000,1,train/Fight/rwf_train_fight_0447.avi,07198312953fa8d7e6f49647d3ccbbabd3cf30e0b033bd70e0d78ce33f86ed7f,probable_near_duplicate,1,1,0,1
test|RWF-2000|train/Fight/rwf_train_fight_0448.avi,test,RWF-2000,1,train/Fight/rwf_train_fight_0448.avi,e6dde7a5cec1d1ac6a3a4d4a38413abc70d0983c4afa49d30f439b941daf56e7,probable_near_duplicate,1,0,0,1
test|RWF-2000|train/Fight/rwf_train_fight_0449.avi,test,RWF-2000,1,train/Fight/rwf_train_fight_0449.avi,ba4ee80c843dad1dce79d58a775ef08d844e17d62b08b02cabf3ac9513e95622,possible_near_duplicate,0,2,0,1
test|RWF-2000|train/Fight/rwf_train_fight_0470.avi,test,RWF-2000,1,train/Fight/rwf_train_fight_0470.avi,7aea2dcd95cf6e1280fec9d2f8d4dd2e0d2c82f5e4ae9dac817aa135d546d4e6,probable_near_duplicate,3,0,0,1
test|RWF-2000|train/Fight/rwf_train_fight_0471.avi,test,RWF-2000,1,train/Fight/rwf_train_fight_0471.avi,82973ab4178f9a31617a222ea47064c3ec804f0ede3dda14845efc6dce1fd45f,probable_near_duplicate,3,0,0,1
test|RWF-2000|train/Fight/rwf_train_fight_0476.avi,test,RWF-2000,1,train/Fight/rwf_train_fight_0476.avi,00921e9d4deee0d5a304ab6b48df00b4b709150f0245600956d49f7645a745c4,possible_near_duplicate,0,1,0,1
test|RWF-2000|train/Fight/rwf_train_fight_0480.avi,test,RWF-2000,1,train/Fight/rwf_train_fight_0480.avi,7793fb508bd9619be68ae76e783fe98bd338b567f1c26726fcdda050bf40ba83,possible_near_duplicate,0,1,0,1
test|RWF-2000|train/Fight/rwf_train_fight_0484.avi,test,RWF-2000,1,train/Fight/rwf_train_fight_0484.avi,2196d8f6012f1bf7208f396318905c8d474fff059e311699dca329ce86687968,probable_near_duplicate,1,3,2,1
test|RWF-2000|train/Fight/rwf_train_fight_0490.avi,test,RWF-2000,1,train/Fight/rwf_train_fight_0490.avi,da20ce5f5daf944c1717808bf5dceddb8f83d6fc55c19296d379880d6fbd4a9a,probable_near_duplicate,2,0,2,1
test|RWF-2000|train/Fight/rwf_train_fight_0493.avi,test,RWF-2000,1,train/Fight/rwf_train_fight_0493.avi,4a1836aad7ff25cdcef8be147fce519303a3413c937a6706ecb0a13418c14847,probable_near_duplicate,2,0,0,1
test|RWF-2000|train/Fight/rwf_train_fight_0509.avi,test,RWF-2000,1,train/Fight/rwf_train_fight_0509.avi,7a4b510be52f0d62aa8d1336dcc9c073c2b0b4ec22f0447232acefe698de6574,probable_near_duplicate,1,0,1,1
test|RWF-2000|train/Fight/rwf_train_fight_0514.avi,test,RWF-2000,1,train/Fight/rwf_train_fight_0514.avi,4da393116722bbe069f12df278620dd8aaeb439325f92374ed6fa4e9d18b80cc,possible_near_duplicate,0,2,0,1
test|RWF-2000|train/Fight/rwf_train_fight_0522.avi,test,RWF-2000,1,train/Fight/rwf_train_fight_0522.avi,b786c29f018aeae162fd406537776276191e8a11009c1f638b519b875e3666e7,possible_near_duplicate,0,2,0,1
test|RWF-2000|train/Fight/rwf_train_fight_0535.avi,test,RWF-2000,1,train/Fight/rwf_train_fight_0535.avi,9888a2dc86c9d55a901b780afae481ca8503ca17421349c7cc3a38f23a231e26,possible_near_duplicate,0,1,0,1
test|RWF-2000|train/Fight/rwf_train_fight_0539.avi,test,RWF-2000,1,train/Fight/rwf_train_fight_0539.avi,88854f33fb2dbc794ce94983f840824790d13ee74a000ef5fbbd30998e596caa,probable_near_duplicate,3,2,2,1
test|RWF-2000|train/Fight/rwf_train_fight_0611.avi,test,RWF-2000,1,train/Fight/rwf_train_fight_0611.avi,211f9b5eae27af891c8c930005713360bd8944a63f415a6ed86d108c81565dcc,probable_near_duplicate,1,0,0,0
test|RWF-2000|train/Fight/rwf_train_fight_0612.avi,test,RWF-2000,1,train/Fight/rwf_train_fight_0612.avi,a60758281446a8d47598a66d0d18a8817bf0666a6b0644e2b3185670d580a66b,probable_near_duplicate,1,0,0,0
test|RWF-2000|train/Fight/rwf_train_fight_0613.avi,test,RWF-2000,1,train/Fight/rwf_train_fight_0613.avi,bd2e106f55bc8038cc0dcd6109e17d8c069788ac0965a8db07056562d2f98f54,probable_near_duplicate,1,1,0,1
test|RWF-2000|train/Fight/rwf_train_fight_0623.avi,test,RWF-2000,1,train/Fight/rwf_train_fight_0623.avi,162202bbb9d29f3fd28a45bf8b8aa8778bf1f4f282c0323ebd4b785b060af1d4,probable_near_duplicate,1,0,0,1
test|RWF-2000|train/Fight/rwf_train_fight_0624.avi,test,RWF-2000,1,train/Fight/rwf_train_fight_0624.avi,f34ac87b6a0488f6124c1c716e8ee361d34a0b7f6c5ff515286eac7517417bc3,probable_near_duplicate,1,0,0,1
test|RWF-2000|train/Fight/rwf_train_fight_0651.avi,test,RWF-2000,1,train/Fight/rwf_train_fight_0651.avi,7446929b02a4a87b030432ff014301b336806ddb1e005963f5e9366078a844c2,probable_near_duplicate,3,0,0,1
test|RWF-2000|train/Fight/rwf_train_fight_0667.avi,test,RWF-2000,1,train/Fight/rwf_train_fight_0667.avi,a8f25fc819a080cffe1817b679620fa441c4c21b1cae1498047054f5baf73c87,possible_near_duplicate,0,1,1,0
test|RWF-2000|train/Fight/rwf_train_fight_0697.avi,test,RWF-2000,1,train/Fight/rwf_train_fight_0697.avi,87ea0aa6324838f9120e21673ba3534e5fe8c3c484cd7e522aab77f27fae2945,probable_near_duplicate,2,0,0,0
test|RWF-2000|train/Fight/rwf_train_fight_0763.avi,test,RWF-2000,1,train/Fight/rwf_train_fight_0763.avi,d5a67ae596c23fc3a852eed329330244b5289a62e8d5e7a9b7552651b5b5cc63,probable_near_duplicate,1,0,1,1
test|RWF-2000|train/Fight/rwf_train_fight_0766.avi,test,RWF-2000,1,train/Fight/rwf_train_fight_0766.avi,98cd21c404bf9b75135548a186c592584331e84252391244584d7b8d0b4d669c,probable_near_duplicate,1,3,1,1
test|RWF-2000|train/NonFight/rwf_train_nonfight_0013.avi,test,RWF-2000,0,train/NonFight/rwf_train_nonfight_0013.avi,437dd8aa91cd985648a29aa0ff39d38ba17d2f4260bb73cb4f1acf219aee0182,probable_near_duplicate,3,0,1,1
test|RWF-2000|train/NonFight/rwf_train_nonfight_0041.avi,test,RWF-2000,0,train/NonFight/rwf_train_nonfight_0041.avi,8775cf7ad332f67fe117fbf7f45bd2a23ef1befe8b8bcba31a13826c4ce7a092,probable_near_duplicate,1,1,0,1
test|RWF-2000|train/NonFight/rwf_train_nonfight_0057.avi,test,RWF-2000,0,train/NonFight/rwf_train_nonfight_0057.avi,7c34270f8bcf64ecb444513cac792f261f6c0be1c06bc252bf6e579c2ea1047c,probable_near_duplicate,3,0,3,1
test|RWF-2000|train/NonFight/rwf_train_nonfight_0087.avi,test,RWF-2000,0,train/NonFight/rwf_train_nonfight_0087.avi,cbbcef2c7f5bedf89ff20f0ede124c252339b671f18ee16de6e79547d8b84563,probable_near_duplicate,1,0,0,1
test|RWF-2000|train/NonFight/rwf_train_nonfight_0123.avi,test,RWF-2000,0,train/NonFight/rwf_train_nonfight_0123.avi,b32c5d5cf5d80a4b8a8d874126de5ac332f713c45756e51c75ad0d44b2384ada,probable_near_duplicate,1,0,0,1
test|RWF-2000|train/NonFight/rwf_train_nonfight_0125.avi,test,RWF-2000,0,train/NonFight/rwf_train_nonfight_0125.avi,354086a127fb51bfc11a3f38e89919705c549f43b6ed3afd9ba71a244512f8f2,probable_near_duplicate,1,0,0,1
test|RWF-2000|train/NonFight/rwf_train_nonfight_0144.avi,test,RWF-2000,0,train/NonFight/rwf_train_nonfight_0144.avi,0dab4697d3335adf60fe999cf64fe61ff0f7a9fcc1a875f7d62bebfd79600dee,probable_near_duplicate,1,0,1,1
test|RWF-2000|train/NonFight/rwf_train_nonfight_0151.avi,test,RWF-2000,0,train/NonFight/rwf_train_nonfight_0151.avi,6aaaafce247f0097f50396e071ad5c4df9cc52f248adf652bdf3db02556a1829,probable_near_duplicate,1,0,0,1
test|RWF-2000|train/NonFight/rwf_train_nonfight_0177.avi,test,RWF-2000,0,train/NonFight/rwf_train_nonfight_0177.avi,599bc1d98933bc85acbcfff57fe5dbdd99de718fa09e70b7959de7f5c152696b,probable_near_duplicate,1,0,0,1
test|RWF-2000|train/NonFight/rwf_train_nonfight_0231.avi,test,RWF-2000,0,train/NonFight/rwf_train_nonfight_0231.avi,8902d9d7dbcdaee0ee1c9761f4a205e3fe1b9558a9b8b7a6dfb91e6173f2f584,probable_near_duplicate,5,0,2,1
test|RWF-2000|train/NonFight/rwf_train_nonfight_0332.avi,test,RWF-2000,0,train/NonFight/rwf_train_nonfight_0332.avi,c6156b8626a1f6a41fec99386f95c5479efcef6b54cdf3a1ede2b09974267919,probable_near_duplicate,1,0,1,1
test|RWF-2000|train/NonFight/rwf_train_nonfight_0358.avi,test,RWF-2000,0,train/NonFight/rwf_train_nonfight_0358.avi,29008d9dda79545c91e38cf1250db01eddf640da138cfbaaa6ddf1adf71f4e42,probable_near_duplicate,2,1,0,1
test|RWF-2000|train/NonFight/rwf_train_nonfight_0407.avi,test,RWF-2000,0,train/NonFight/rwf_train_nonfight_0407.avi,890816049b067b2238af999d210d4cb3874ec855654ddefc63c40991b45c888c,possible_near_duplicate,0,2,0,1
test|RWF-2000|train/NonFight/rwf_train_nonfight_0408.avi,test,RWF-2000,0,train/NonFight/rwf_train_nonfight_0408.avi,976f9a8dc6f550847b0290b94df52c56844261426ed53534aac1e422d6d7490c,probable_near_duplicate,2,0,0,1
test|RWF-2000|train/NonFight/rwf_train_nonfight_0420.avi,test,RWF-2000,0,train/NonFight/rwf_train_nonfight_0420.avi,05a59c83eb4444b27ff72b337bace0696c9b4af0d208c9f265f4f46ab665c399,possible_near_duplicate,0,2,0,1
test|RWF-2000|train/NonFight/rwf_train_nonfight_0453.avi,test,RWF-2000,0,train/NonFight/rwf_train_nonfight_0453.avi,048cf700244e3a8bfa0e72e6752b661c8191bb4e9f09c47ba0ac03a72dbfe861,possible_near_duplicate,0,2,0,1
test|RWF-2000|train/NonFight/rwf_train_nonfight_0467.avi,test,RWF-2000,0,train/NonFight/rwf_train_nonfight_0467.avi,37f135087634775c21ad968186a442f06d878e03ddf4e3a0e1392777d6cad028,probable_near_duplicate,1,1,2,1
test|RWF-2000|train/NonFight/rwf_train_nonfight_0505.avi,test,RWF-2000,0,train/NonFight/rwf_train_nonfight_0505.avi,cc8a100ee0caf9ea1a6cd559789a4b7ccff2f3e1bd99d85bfcdc8bb25443181d,possible_near_duplicate,0,1,0,1
test|RWF-2000|train/NonFight/rwf_train_nonfight_0522.avi,test,RWF-2000,0,train/NonFight/rwf_train_nonfight_0522.avi,9c6e45738cff881a61248585b5634900962220f886b0c15a9524e26788854a71,probable_near_duplicate,1,0,1,1
test|RWF-2000|train/NonFight/rwf_train_nonfight_0549.avi,test,RWF-2000,0,train/NonFight/rwf_train_nonfight_0549.avi,25e74da2290ebee0e63db5d1e8854333b7dfb2a7c60bd5d17199cbea15057895,probable_near_duplicate,2,0,0,1
test|RWF-2000|train/NonFight/rwf_train_nonfight_0565.avi,test,RWF-2000,0,train/NonFight/rwf_train_nonfight_0565.avi,f1bd79a382143677e6f445f57dd658fe1f28455d5c509cc954ce2f6fdecd44f7,probable_near_duplicate,1,2,2,1
test|RWF-2000|train/NonFight/rwf_train_nonfight_0587.avi,test,RWF-2000,0,train/NonFight/rwf_train_nonfight_0587.avi,b375e584c4421f9fea7bcb63aff2573e57331dfe65d888dd8ab21d314d93434e,probable_near_duplicate,2,0,0,1
test|RWF-2000|train/NonFight/rwf_train_nonfight_0622.avi,test,RWF-2000,0,train/NonFight/rwf_train_nonfight_0622.avi,fc92a8e4b2cf7741298beaffd72c1a9e88b2e09bd7095c82f77b0e56358ac979,probable_near_duplicate,1,1,2,1
test|RWF-2000|train/NonFight/rwf_train_nonfight_0633.avi,test,RWF-2000,0,train/NonFight/rwf_train_nonfight_0633.avi,61f406ddbca6730542b0f947a997aabfaee5ca6038da9662d51849da65fb6f3b,probable_near_duplicate,1,0,0,1
test|RWF-2000|train/NonFight/rwf_train_nonfight_0651.avi,test,RWF-2000,0,train/NonFight/rwf_train_nonfight_0651.avi,8163a2b99bf1c28ece6e0df623aceaa8ca47375ac485462fe50c72c1becdb53a,possible_near_duplicate,0,1,0,0
test|RWF-2000|train/NonFight/rwf_train_nonfight_0654.avi,test,RWF-2000,0,train/NonFight/rwf_train_nonfight_0654.avi,5c0914fb6cf7f5f3d3e4c1bfca05bf963dc92ce35dfee87ed52844bbddae2549,probable_near_duplicate,1,0,0,1
test|RWF-2000|train/NonFight/rwf_train_nonfight_0727.avi,test,RWF-2000,0,train/NonFight/rwf_train_nonfight_0727.avi,72d9d7e5be3c60db5b4222ad17cc57f00dbc29d22d7b00744f2639ced23b680e,possible_near_duplicate,0,1,0,0
test|RWF-2000|val/Fight/rwf_val_fight_0001.avi,test,RWF-2000,1,val/Fight/rwf_val_fight_0001.avi,2675c60505d92ebced2c2b7cc2d3c13810a797168901f05ac12a19a9e0c7aa53,possible_near_duplicate,0,2,0,1
test|RWF-2000|val/Fight/rwf_val_fight_0009.avi,test,RWF-2000,1,val/Fight/rwf_val_fight_0009.avi,2e10629eb5dd190a81b3b93ff0dfe35dc8c16eeb8e88a6654a1ddec5d92f4728,probable_near_duplicate,2,0,0,1
test|RWF-2000|val/Fight/rwf_val_fight_0027.avi,test,RWF-2000,1,val/Fight/rwf_val_fight_0027.avi,322ea847d20071827a4748a9c7d5877ef1c01028e9df569d469df9b6b7877941,possible_near_duplicate,0,1,0,1
test|RWF-2000|val/Fight/rwf_val_fight_0036.avi,test,RWF-2000,1,val/Fight/rwf_val_fight_0036.avi,b491cbb681e065ef53288f9a51398e11d7aecfe61999c861938bd91d838a7d90,probable_near_duplicate,2,0,1,1
test|RWF-2000|val/Fight/rwf_val_fight_0045.avi,test,RWF-2000,1,val/Fight/rwf_val_fight_0045.avi,0237f25a1f0b072e46e8b06fb8a4739dc9892986b143d070daed77b8c74ab54a,probable_near_duplicate,2,0,0,1
test|RWF-2000|val/Fight/rwf_val_fight_0065.avi,test,RWF-2000,1,val/Fight/rwf_val_fight_0065.avi,5a0150b56bf4c40489d1a655bd39104dba1b58748971ea9164fe42c894888f08,probable_near_duplicate,1,0,0,1
test|RWF-2000|val/Fight/rwf_val_fight_0067.avi,test,RWF-2000,1,val/Fight/rwf_val_fight_0067.avi,104beb5cc89457c5af91d0848bdced77e195dd3c79652e0986b64a65c8423ad3,possible_near_duplicate,0,2,0,1
test|RWF-2000|val/Fight/rwf_val_fight_0074.avi,test,RWF-2000,1,val/Fight/rwf_val_fight_0074.avi,e7985cafe708e53c8faffb17300b7b09a2cbbdf1eee1110e80a88ff9fc478cef,probable_near_duplicate,1,0,0,1
test|RWF-2000|val/Fight/rwf_val_fight_0077.avi,test,RWF-2000,1,val/Fight/rwf_val_fight_0077.avi,330d92b037909c5ee09999f99bbd88ea9d3f3047d1f78babc1fc44bb4b6bf155,probable_near_duplicate,3,0,0,1
test|RWF-2000|val/Fight/rwf_val_fight_0082.avi,test,RWF-2000,1,val/Fight/rwf_val_fight_0082.avi,9539219cd7325816ea1ee54db16428fc63bda36e9f679b3319050bae69b990cd,possible_near_duplicate,0,1,0,1
test|RWF-2000|val/Fight/rwf_val_fight_0083.avi,test,RWF-2000,1,val/Fight/rwf_val_fight_0083.avi,0537ef9d17544d442644b2d840fe2999f5c8523cf5f648a7f4d796157f24092b,probable_near_duplicate,4,1,1,1
test|RWF-2000|val/Fight/rwf_val_fight_0087.avi,test,RWF-2000,1,val/Fight/rwf_val_fight_0087.avi,4966e3a8b1f8580b93a4783fd982d239051b21567b47463e1485c2f3e141f69a,probable_near_duplicate,6,0,2,1
test|RWF-2000|val/Fight/rwf_val_fight_0088.avi,test,RWF-2000,1,val/Fight/rwf_val_fight_0088.avi,5c7517bc697da99e9f366716901c1b2ab46de2fb7c0cae324d0e735c5224eb5e,probable_near_duplicate,6,0,2,1
test|RWF-2000|val/Fight/rwf_val_fight_0111.avi,test,RWF-2000,1,val/Fight/rwf_val_fight_0111.avi,6bd0662da957bbcd4757a35ce440fa709c7212de5ac23dfd52fb808d65bba498,probable_near_duplicate,1,1,0,1
test|RWF-2000|val/Fight/rwf_val_fight_0150.avi,test,RWF-2000,1,val/Fight/rwf_val_fight_0150.avi,79626bf77fab968d855f1e97cdd853cef163d32013eb0095f0f1da6461946009,probable_near_duplicate,1,0,0,1
test|RWF-2000|val/Fight/rwf_val_fight_0157.avi,test,RWF-2000,1,val/Fight/rwf_val_fight_0157.avi,d9155a4c482aeafa2936f45332078ded46715c86e4a678208c1f1554965a0e6e,possible_near_duplicate,0,2,0,1
test|RWF-2000|val/Fight/rwf_val_fight_0165.avi,test,RWF-2000,1,val/Fight/rwf_val_fight_0165.avi,242aa37fbdc6e40166ebf3bb172ec038bf5ba04372641139d3e57cc340f28f57,probable_near_duplicate,3,0,0,1
test|RWF-2000|val/Fight/rwf_val_fight_0166.avi,test,RWF-2000,1,val/Fight/rwf_val_fight_0166.avi,ed6b897b58efc07a60dd8a7a18273c52f9ef5e2418ba68e2e47ebf3343293a08,probable_near_duplicate,2,1,0,1
test|RWF-2000|val/Fight/rwf_val_fight_0167.avi,test,RWF-2000,1,val/Fight/rwf_val_fight_0167.avi,bd4b6579d6ca1f7c723628382952aa8584866a0d17663761657bec9c06e20938,probable_near_duplicate,1,0,0,1
test|RWF-2000|val/Fight/rwf_val_fight_0182.avi,test,RWF-2000,1,val/Fight/rwf_val_fight_0182.avi,f15e57555c397aeb324dd5c55d2beb1bfe965312dce3a51acc77ee5354b4d592,probable_near_duplicate,3,0,0,1
test|RWF-2000|val/Fight/rwf_val_fight_0194.avi,test,RWF-2000,1,val/Fight/rwf_val_fight_0194.avi,9bd595c4e85de8388934b026c2f788060786329f8b7bd48be206470f486c0e0f,probable_near_duplicate,1,1,0,1
test|RWF-2000|val/NonFight/rwf_val_nonfight_0039.avi,test,RWF-2000,0,val/NonFight/rwf_val_nonfight_0039.avi,b3fa7d4fb06005297d2a0d74284f017655eabaf5a3bfde56bb7b7e99b9c6f31a,probable_near_duplicate,1,0,0,1
test|RWF-2000|val/NonFight/rwf_val_nonfight_0109.avi,test,RWF-2000,0,val/NonFight/rwf_val_nonfight_0109.avi,66c83733108c1dea8740630f164607d271814943273271867367ad995dd003ae,probable_near_duplicate,1,2,2,1
test|RWF-2000|val/NonFight/rwf_val_nonfight_0121.avi,test,RWF-2000,0,val/NonFight/rwf_val_nonfight_0121.avi,55ca5b6fc65a59cde31478bb60196daa2e8354c11594ef12a7c0b0518e23dc5b,possible_near_duplicate,0,1,0,1
test|RWF-2000|val/NonFight/rwf_val_nonfight_0182.avi,test,RWF-2000,0,val/NonFight/rwf_val_nonfight_0182.avi,fdf75d4a1997afbf4f8d6d25e13d67aa67414b5f834d9276158262aa93ab18c7,probable_near_duplicate,1,0,0,1
train|RLVS|NonViolence/NV_1000.mp4,train,RLVS,0,NonViolence/NV_1000.mp4,9e2634193ffe1f674dcb24da2e4ff1920f625e068075ecba6447a0d6bc593042,probable_near_duplicate,1,0,0,0
train|RLVS|NonViolence/NV_149.mp4,train,RLVS,0,NonViolence/NV_149.mp4,7522fad279e5a57c0fce3a30a94de281312a7fc61b5e57c4d81719a1d32b17cf,possible_near_duplicate,0,1,0,0
train|RLVS|NonViolence/NV_155.mp4,train,RLVS,0,NonViolence/NV_155.mp4,27c9e89eff53352f855c11564e01207c443881594c7d662f9f66cc892d911b3f,possible_near_duplicate,0,1,0,0
train|RLVS|NonViolence/NV_166.mp4,train,RLVS,0,NonViolence/NV_166.mp4,c81c3e9f00d6c1af9a12fe224c905a7858c3e06b5b448c62cd7bce6c107c4bf4,possible_near_duplicate,0,1,0,0
train|RLVS|NonViolence/NV_182.mp4,train,RLVS,0,NonViolence/NV_182.mp4,0b826e04f0d9e5df3a48a1d5028595b0d9abe587db2154418e05cbe78d7db684,probable_near_duplicate,1,0,0,0
train|RLVS|NonViolence/NV_185.mp4,train,RLVS,0,NonViolence/NV_185.mp4,0053630f06a0e57dbbe4d6fcccabff8dfeec7fa0b2e7eaa04b361637625bce8a,probable_near_duplicate,2,0,0,0
train|RLVS|NonViolence/NV_186.mp4,train,RLVS,0,NonViolence/NV_186.mp4,50e8fd5e01fea4c1414292df7e8f501bafda24d02ebb62a9466c829143706966,probable_near_duplicate,2,0,0,0
train|RLVS|NonViolence/NV_187.mp4,train,RLVS,0,NonViolence/NV_187.mp4,b338440706c2b38a5a9c50c3d010a55eaeaf1e254bb5941bb6a590608ac7d6dd,probable_near_duplicate,1,2,0,0
train|RLVS|NonViolence/NV_188.mp4,train,RLVS,0,NonViolence/NV_188.mp4,fb9cbc032df6aab02f32f7808d6c6a288c304f4336bce7c6ffa4a6e7fd89856c,probable_near_duplicate,2,0,0,0
train|RLVS|NonViolence/NV_197.mp4,train,RLVS,0,NonViolence/NV_197.mp4,355cf2ef06ce95d5af8dc5c3fa48a2976ab9b04642e8947b02d01e817891e0d8,possible_near_duplicate,0,1,0,0
train|RLVS|NonViolence/NV_218.mp4,train,RLVS,0,NonViolence/NV_218.mp4,5ef606a8de514e556ae01832c0c76cb885eab135227f3bd875434782b3a8bd4c,possible_near_duplicate,0,1,0,0
train|RLVS|NonViolence/NV_225.mp4,train,RLVS,0,NonViolence/NV_225.mp4,69d720bdfd19fb042b3dfe678887a00b2d50b06eaca11c9d2bea51c798bb29cf,possible_near_duplicate,0,1,0,0
train|RLVS|NonViolence/NV_234.mp4,train,RLVS,0,NonViolence/NV_234.mp4,1742a20062dfd9c075a1dc86a0f0fd32429a369e81470affa8e4c4169ae756f3,possible_near_duplicate,0,1,0,0
train|RLVS|NonViolence/NV_245.mp4,train,RLVS,0,NonViolence/NV_245.mp4,568c0b31fe6c0de569cf967be7aee014475e6eea6efc15683b58e81365085a28,possible_near_duplicate,0,1,0,0
train|RLVS|NonViolence/NV_246.mp4,train,RLVS,0,NonViolence/NV_246.mp4,d0d6012f2940d549ce02c3348007d9ea58810002ee9925edac81504ae945799d,probable_near_duplicate,1,0,0,0
train|RLVS|NonViolence/NV_247.mp4,train,RLVS,0,NonViolence/NV_247.mp4,9920b51a4a6fd04d7da560ecc9568a6a995c90d4dce6ecd4b8799931340bbbeb,possible_near_duplicate,0,1,0,0
train|RLVS|NonViolence/NV_251.mp4,train,RLVS,0,NonViolence/NV_251.mp4,fabbe0a3d609acb6c512e1c1f95882a8e4f896e95d6a0841d79b932b1d880253,probable_near_duplicate,1,0,0,0
train|RLVS|NonViolence/NV_258.mp4,train,RLVS,0,NonViolence/NV_258.mp4,5727e7b453188628fb5d5e214b91d591db2dac99811324608bfe543b1a556357,possible_near_duplicate,0,1,0,0
train|RLVS|NonViolence/NV_261.mp4,train,RLVS,0,NonViolence/NV_261.mp4,98efa73a24a6ff1c81d38c9b0358f6272ba61645fbed6c6b66f9e03f611f42cd,possible_near_duplicate,0,2,0,0
train|RLVS|NonViolence/NV_262.mp4,train,RLVS,0,NonViolence/NV_262.mp4,129e81ca013552ce2b76f436445cd7cd3b4a3f1531528f2b194a4812c5fd49fe,probable_near_duplicate,1,0,0,0
train|RLVS|NonViolence/NV_282.mp4,train,RLVS,0,NonViolence/NV_282.mp4,a69a93b753d63a00acd2865d6c2229f0de0a039b9c864415c7ac8afcd6fefc83,possible_near_duplicate,0,1,0,0
train|RLVS|NonViolence/NV_283.mp4,train,RLVS,0,NonViolence/NV_283.mp4,566a0ecbc26380d1b4e0b46643ba50041897b01a933b3f56276e2c0d4764f23a,probable_near_duplicate,1,0,0,0
train|RLVS|NonViolence/NV_286.mp4,train,RLVS,0,NonViolence/NV_286.mp4,36395213c7450d0ec13579b6b00e70a695f1ed1ef28880a51d298d42b856907b,possible_near_duplicate,0,1,0,0
train|RLVS|NonViolence/NV_301.mp4,train,RLVS,0,NonViolence/NV_301.mp4,a599a29a73e941debfcc8d852f77480646d3520df3b1d4a6a1d785d6941a0aac,possible_near_duplicate,0,1,0,0
train|RLVS|NonViolence/NV_335.mp4,train,RLVS,0,NonViolence/NV_335.mp4,5c141bc59a3e5edfb8989c55a2d07173437404c4cf0f6bee31af1925474b58aa,possible_near_duplicate,0,1,0,0
train|RLVS|NonViolence/NV_35.mp4,train,RLVS,0,NonViolence/NV_35.mp4,6555001c7ca4f1b72297a7bc701ef284e79fa9112130fd950b25ae2ac4170aea,possible_near_duplicate,0,1,0,0
train|RLVS|NonViolence/NV_352.mp4,train,RLVS,0,NonViolence/NV_352.mp4,995f44009d616f3bac6f800ebd6debdc40d323a6dd72716f482cdf23932f4738,possible_near_duplicate,0,1,0,0
train|RLVS|NonViolence/NV_372.mp4,train,RLVS,0,NonViolence/NV_372.mp4,bdd6e4759827880b2e4ac61e4e0721c84f008e71a52b5bf51bb5a4c2a4f465e5,possible_near_duplicate,0,1,0,0
train|RLVS|NonViolence/NV_376.mp4,train,RLVS,0,NonViolence/NV_376.mp4,35f190c0f1684a5bbd427daae594c194f1e4950103e21c7432dd5eea95b7c57e,possible_near_duplicate,0,3,0,0
train|RLVS|NonViolence/NV_377.mp4,train,RLVS,0,NonViolence/NV_377.mp4,6fef31928b99b6ecd38b476e06e294c152c8c942117f6b364e786a568ee63500,probable_near_duplicate,5,1,0,0
train|RLVS|NonViolence/NV_378.mp4,train,RLVS,0,NonViolence/NV_378.mp4,df7b2534d382cbd4bdd3d209b055b93ce3651133158a3ad17d6218cc0af3060c,probable_near_duplicate,3,0,0,0
train|RLVS|NonViolence/NV_382.mp4,train,RLVS,0,NonViolence/NV_382.mp4,f01a15e99958e2b6463417ea79b7c3b5cd5701bd23302d387366ff2f8da14e93,possible_near_duplicate,0,1,0,0
train|RLVS|NonViolence/NV_383.mp4,train,RLVS,0,NonViolence/NV_383.mp4,8f79d2b8955a13007d277dcd6123860b42996739f11a0d8de63dba006790cef2,probable_near_duplicate,1,3,0,0
train|RLVS|NonViolence/NV_387.mp4,train,RLVS,0,NonViolence/NV_387.mp4,626b489e6227de1618847a5eb11afb0aaeff246813a4690f960411fa1443641d,probable_near_duplicate,1,1,0,0
train|RLVS|NonViolence/NV_388.mp4,train,RLVS,0,NonViolence/NV_388.mp4,b68d8f735f44273d3852f9f33f4a478e3d254dff0164425b119fd4864db2ea83,probable_near_duplicate,1,2,0,0
train|RLVS|NonViolence/NV_389.mp4,train,RLVS,0,NonViolence/NV_389.mp4,b5811c1bbc73d63126accc92c2cba600340f71442f428f4e572e0f168a958734,probable_near_duplicate,1,0,0,0
train|RLVS|NonViolence/NV_390.mp4,train,RLVS,0,NonViolence/NV_390.mp4,917f28a9c3dbb13499a0c7ae662b03e4b054d9f22e94df39ef6c307dc967c280,probable_near_duplicate,1,0,0,0
train|RLVS|NonViolence/NV_392.mp4,train,RLVS,0,NonViolence/NV_392.mp4,8aa83a80889eafdcf49bb15791e0116ebbe8b8317923970cf9311bf7c9c00a59,probable_near_duplicate,1,1,0,0
train|RLVS|NonViolence/NV_394.mp4,train,RLVS,0,NonViolence/NV_394.mp4,63c3d7f8c6432b4a179a0e5b33a42b8ea4e3186aeb5b14294534eecf59b3b5b6,possible_near_duplicate,0,1,0,0
train|RLVS|NonViolence/NV_396.mp4,train,RLVS,0,NonViolence/NV_396.mp4,dadc2637c6dfc996dca0f2a109f289fe6db710542f7b2ca734a164d48b2d254d,probable_near_duplicate,1,0,0,0
train|RLVS|NonViolence/NV_406.mp4,train,RLVS,0,NonViolence/NV_406.mp4,2e01dbc32fcf4e37ae9391d31bb4e2ac9e0e9d68443ae4a0eec1d4135f646c08,possible_near_duplicate,0,1,0,0
train|RLVS|NonViolence/NV_417.mp4,train,RLVS,0,NonViolence/NV_417.mp4,1b227d9ec738690e624b90fbe3411671c8ce0d190f6171d211dca2f7523ed864,possible_near_duplicate,0,1,0,0
train|RLVS|NonViolence/NV_42.mp4,train,RLVS,0,NonViolence/NV_42.mp4,4b5fe6962ca9c9dde749029a8b4300995ebed55d74d4dbb30b74abbb5139341b,probable_near_duplicate,1,0,0,0
train|RLVS|NonViolence/NV_422.mp4,train,RLVS,0,NonViolence/NV_422.mp4,6a591ce0d32a5ee11bc39cfc7b763260895de88b6cb6d17167eed82b30e2f6c6,possible_near_duplicate,0,1,0,0
train|RLVS|NonViolence/NV_423.mp4,train,RLVS,0,NonViolence/NV_423.mp4,57b9bb5e68cd7d1b62a5a30e8ccb57545be1c1ac44c3d3dbffad166f876f9eed,probable_near_duplicate,1,0,0,0
train|RLVS|NonViolence/NV_444.mp4,train,RLVS,0,NonViolence/NV_444.mp4,cee7930e72b5a5926735c1f0f9b031de65836604ff08aca43a98222f35bc7f35,probable_near_duplicate,1,0,0,0
train|RLVS|NonViolence/NV_453.mp4,train,RLVS,0,NonViolence/NV_453.mp4,e4f468cc0da5f19ac0266dfca118f3b7926f691853767812431c5a13deedbbd6,possible_near_duplicate,0,1,0,0
train|RLVS|NonViolence/NV_457.mp4,train,RLVS,0,NonViolence/NV_457.mp4,31eb5e52b347920b32936d9d7cd4424196e05beae0b22a08572bfa5165679026,probable_near_duplicate,1,0,0,0
train|RLVS|NonViolence/NV_460.mp4,train,RLVS,0,NonViolence/NV_460.mp4,5910bc4cf6d77319ad62513ab3e0f195dded0c0f82eddf99d86fcfa0807ea281,possible_near_duplicate,0,1,0,0
train|RLVS|NonViolence/NV_481.mp4,train,RLVS,0,NonViolence/NV_481.mp4,0868fd120526b7de1cfc213da72ddaf87affdc35a132862547bac3dfb1bd5e70,probable_near_duplicate,1,0,0,0
train|RLVS|NonViolence/NV_495.mp4,train,RLVS,0,NonViolence/NV_495.mp4,06d8ad296b3a2e182b0ba74420932aa5a4cb277287100cf2e033f4713edaa42d,possible_near_duplicate,0,2,0,0
train|RLVS|NonViolence/NV_507.mp4,train,RLVS,0,NonViolence/NV_507.mp4,74fb5bef5e40c8da43e852c3db4b81c9783c7c8f01af84139d1a08da0cc9e685,probable_near_duplicate,1,0,0,0
train|RLVS|NonViolence/NV_510.mp4,train,RLVS,0,NonViolence/NV_510.mp4,715bf05e54ea430b3bd1da054fb58ef6a9884343d55f5000916458d578b16425,probable_near_duplicate,1,0,0,0
train|RLVS|NonViolence/NV_517.mp4,train,RLVS,0,NonViolence/NV_517.mp4,03e94f6b06894045b5c1e28dab0e8ed1ac2bb0cf3a2894f04410500f9f9de7d2,probable_near_duplicate,1,1,0,0
train|RLVS|NonViolence/NV_524.mp4,train,RLVS,0,NonViolence/NV_524.mp4,cc0580b39b206ebae8b03ba8441d2c9dfc60b7d412bd5c8fb4d59dfea3ebf41b,possible_near_duplicate,0,1,0,0
train|RLVS|NonViolence/NV_526.mp4,train,RLVS,0,NonViolence/NV_526.mp4,774271e435b8abc3d33da0918d4ab87f10d2fa0fc9d266ea1250431665254171,possible_near_duplicate,0,1,0,0
train|RLVS|NonViolence/NV_534.mp4,train,RLVS,0,NonViolence/NV_534.mp4,bee739f065024ec7a51840d489b2a940ddc21ad93e2d88eaa2fe9fb4071b4d46,possible_near_duplicate,0,1,0,0
train|RLVS|NonViolence/NV_541.mp4,train,RLVS,0,NonViolence/NV_541.mp4,f3cba95e6b95b39fdebdd752afca1a6392fe533c17c02153286b055fcb9255f6,probable_near_duplicate,1,1,0,0
train|RLVS|NonViolence/NV_579.mp4,train,RLVS,0,NonViolence/NV_579.mp4,aa743079b647eea0c7eaa0567f080027bcb399177f7db480f045a287362776e8,possible_near_duplicate,0,1,0,0
train|RLVS|NonViolence/NV_624.mp4,train,RLVS,0,NonViolence/NV_624.mp4,15775b7d8187d4afbf387b281fd40c84729685162a6ad30a5de42d7b668b7eaf,probable_near_duplicate,1,0,0,0
train|RLVS|NonViolence/NV_638.mp4,train,RLVS,0,NonViolence/NV_638.mp4,c69ca211383f3baff956b8da2d51c03cd8b14f8ad4a4b52c3f739ecb3aa6f564,possible_near_duplicate,0,1,0,0
train|RLVS|NonViolence/NV_655.mp4,train,RLVS,0,NonViolence/NV_655.mp4,e16d54b05769e4a7732489a0da5e4c5645b6bbce94cd093e800e87c43920b61b,possible_near_duplicate,0,1,0,0
train|RLVS|NonViolence/NV_684.mp4,train,RLVS,0,NonViolence/NV_684.mp4,a0231c2d9bbf180d6cb328d341be1631dc7b24c8bc8a1d5461c0f06b3419b0d7,probable_near_duplicate,1,0,0,0
train|RLVS|NonViolence/NV_692.mp4,train,RLVS,0,NonViolence/NV_692.mp4,b9859f4c7c95b6f04fa1404b8dfb7ae5700c69fb62afcf4aa75f52bbfdcf346a,possible_near_duplicate,0,1,0,0
train|RLVS|NonViolence/NV_701.mp4,train,RLVS,0,NonViolence/NV_701.mp4,013338a2e541cec0bab4ccd29accba131089e8432c723d55f5cf58f8b80f104d,possible_near_duplicate,0,1,0,0
train|RLVS|NonViolence/NV_704.mp4,train,RLVS,0,NonViolence/NV_704.mp4,d91234ee78b063cdd8ac10ef92220653dcfa87a56868764da8eb5acba07a573f,possible_near_duplicate,0,1,0,0
train|RLVS|NonViolence/NV_706.mp4,train,RLVS,0,NonViolence/NV_706.mp4,7ea5da87d6cda1a1c368e75662c450d0520b7827f91b6e0752d0e59c12126a90,possible_near_duplicate,0,1,0,0
train|RLVS|NonViolence/NV_710.mp4,train,RLVS,0,NonViolence/NV_710.mp4,1badb5d1fe77217082420ff9164f5345db6c1f58f4fcf67fbda20b3a1697284e,possible_near_duplicate,0,1,0,0
train|RLVS|NonViolence/NV_731.mp4,train,RLVS,0,NonViolence/NV_731.mp4,889d66f825dd78c0780073b9a167072f777855d9e55c999c12d8cc2c07b669ff,possible_near_duplicate,0,2,0,0
train|RLVS|NonViolence/NV_737.mp4,train,RLVS,0,NonViolence/NV_737.mp4,dc13fb0936aa9daee8aa531bda1a4f71185037f802ed0779fed5e3ddd5cdb891,possible_near_duplicate,0,1,0,0
train|RLVS|NonViolence/NV_758.mp4,train,RLVS,0,NonViolence/NV_758.mp4,281872a00c1e86f8dc089d5e6c7ddb56471ec50a335b23d182e131bb9d1b1d21,possible_near_duplicate,0,1,0,0
train|RLVS|NonViolence/NV_797.mp4,train,RLVS,0,NonViolence/NV_797.mp4,a840a10137d1edd067adbf634d38b76998d1d4196c85120b789a49876a631159,possible_near_duplicate,0,1,0,0
train|RLVS|NonViolence/NV_865.avi,train,RLVS,0,NonViolence/NV_865.avi,4917221b155490887b5722273d47680e79ea39eb63e5c70f8b518bf0aa1fb789,possible_near_duplicate,0,1,0,0
train|RLVS|NonViolence/NV_868.avi,train,RLVS,0,NonViolence/NV_868.avi,c70330427f5776f6a260ed06073a194a03ac1256a9fa56f3434138716765468e,possible_near_duplicate,0,1,0,0
train|RLVS|NonViolence/NV_87.mp4,train,RLVS,0,NonViolence/NV_87.mp4,e76035288bd959548309809b0cf370f4c1c83a72c54c2eae298e0973af89d317,probable_near_duplicate,1,0,0,0
train|RLVS|NonViolence/NV_870.avi,train,RLVS,0,NonViolence/NV_870.avi,404589426a1b0458da617d01b54ec10f90c1123b1a6f4adcd3eca97c56b42a2e,probable_near_duplicate,1,2,0,0
train|RLVS|NonViolence/NV_873.avi,train,RLVS,0,NonViolence/NV_873.avi,15a6d0a47d9f0bb247d1597f51153a86906b99f87900210ddbf82f55b5b7ab92,possible_near_duplicate,0,1,0,0
train|RLVS|NonViolence/NV_874.avi,train,RLVS,0,NonViolence/NV_874.avi,2d391fcafb596b16582077c8dae80a62ca684ca210660dd9b098154707bfb2fc,probable_near_duplicate,1,0,0,0
train|RLVS|NonViolence/NV_876.avi,train,RLVS,0,NonViolence/NV_876.avi,fec5408b781dc56c3edbc177524e940e30cdbb672232c74447e4a69208aca431,possible_near_duplicate,0,1,0,0
train|RLVS|NonViolence/NV_882.avi,train,RLVS,0,NonViolence/NV_882.avi,97bae6b8bee1eadf916a60c8d55aa6133e7e35202bebf0a72df3a271ed903632,possible_near_duplicate,0,2,0,0
train|RLVS|NonViolence/NV_883.avi,train,RLVS,0,NonViolence/NV_883.avi,6746ccc28355ffd03cad8e093b6ede302027bc6370385e745012f485c999c8e4,possible_near_duplicate,0,1,0,0
train|RLVS|NonViolence/NV_885.avi,train,RLVS,0,NonViolence/NV_885.avi,cd79ab4c3986c449c06acfe0857bb0a2ac307a0d6b5c41b95e1a4b47f877eabb,probable_near_duplicate,1,1,0,0
train|RLVS|NonViolence/NV_886.avi,train,RLVS,0,NonViolence/NV_886.avi,b5493bb3bb265e415b8484f2d7ef50e75b3c88738d9f347b09da4132cf9d6b24,possible_near_duplicate,0,1,0,0
train|RLVS|NonViolence/NV_89.mp4,train,RLVS,0,NonViolence/NV_89.mp4,883fec6c7409e45c9c8952dd124244f644c0f999c5eab4cd6d6ef982623bf11e,probable_near_duplicate,1,0,0,0
train|RLVS|NonViolence/NV_890.avi,train,RLVS,0,NonViolence/NV_890.avi,bd0ed0b26a3630ee3ca713b907134af8aa2c53d2e415d79ca0e9aa9e20fd556c,probable_near_duplicate,1,0,0,0
train|RLVS|NonViolence/NV_937.mp4,train,RLVS,0,NonViolence/NV_937.mp4,ce5d87aab1f91294b717de4b8b316bfbdc4cfced646322ca13bd03df1c01473e,probable_near_duplicate,1,0,0,0
train|RLVS|NonViolence/NV_938.mp4,train,RLVS,0,NonViolence/NV_938.mp4,a7507de2b5629cb32cefda8dc025ce5cb263f7f50f82e878776bad3c1e0079af,probable_near_duplicate,1,1,0,0
train|RLVS|NonViolence/NV_940.mp4,train,RLVS,0,NonViolence/NV_940.mp4,1a4d8f3909ca6e99fcb7719909a39d1c848a9de274e89b3c244a62a26dc56541,probable_near_duplicate,1,0,0,0
train|RLVS|NonViolence/NV_964.mp4,train,RLVS,0,NonViolence/NV_964.mp4,beecda8d08c23a881f810189a8e5ac1458ef691fa2dc361826b52efd7b60cd54,possible_near_duplicate,0,1,0,0
train|RLVS|NonViolence/NV_994.mp4,train,RLVS,0,NonViolence/NV_994.mp4,c7b709e0bfcc18bdfbbe1d60c7327dc6c00d1272aad8bc5914105dbedfa5b522,probable_near_duplicate,1,0,0,0
train|RLVS|NonViolence/NV_995.mp4,train,RLVS,0,NonViolence/NV_995.mp4,c5035202acb686b79b7d23d60f342c65aac73819ff427e0f0d8a910ac89a9404,possible_near_duplicate,0,1,0,0
train|RLVS|NonViolence/NV_997.mp4,train,RLVS,0,NonViolence/NV_997.mp4,be9597c01ce4a21cbf59f4719ac3ab87b9b6389bae1dc4811e673f4a2e48f5c8,probable_near_duplicate,1,0,0,0
train|RLVS|Violence/V_116.mp4,train,RLVS,1,Violence/V_116.mp4,a4694e0a9fb999171a2c9ce51fa8216318b1be9214970bf80f047cbeaf699ee3,possible_near_duplicate,0,1,0,0
train|RLVS|Violence/V_616.mp4,train,RLVS,1,Violence/V_616.mp4,45f0f2ab22170671c9249589143d8971d7244094ccff389d07f700277c4059fc,possible_near_duplicate,0,1,0,0
train|RLVS|Violence/V_704.mp4,train,RLVS,1,Violence/V_704.mp4,2a7dc583c4759b4e352c61bec495e12ad833320596394754b7d02a61aafba311,possible_near_duplicate,0,1,0,0
train|RWF-2000|train/Fight/rwf_train_fight_0013.avi,train,RWF-2000,1,train/Fight/rwf_train_fight_0013.avi,2d46e4aab308b8b89a49117bf308e71435c9f1eed7a650477245155b8830547b,probable_near_duplicate,1,0,0,0
train|RWF-2000|train/Fight/rwf_train_fight_0016.avi,train,RWF-2000,1,train/Fight/rwf_train_fight_0016.avi,451210d04956ddd03c629ceb7d95f900ad79e114494f847757a3f70afcfd982f,probable_near_duplicate,1,0,1,0
train|RWF-2000|train/Fight/rwf_train_fight_0028.avi,train,RWF-2000,1,train/Fight/rwf_train_fight_0028.avi,ea94652c64a8dcebbd0700bc958eac153c4fb3498b4ca9c807cd43550ae1caaf,possible_near_duplicate,0,1,0,0
train|RWF-2000|train/Fight/rwf_train_fight_0030.avi,train,RWF-2000,1,train/Fight/rwf_train_fight_0030.avi,6ce8964536f9e9b3176089500ce2d2c92aeaebd15bc7c2e08f03d5c4592fe0c0,possible_near_duplicate,0,1,0,0
train|RWF-2000|train/Fight/rwf_train_fight_0052.avi,train,RWF-2000,1,train/Fight/rwf_train_fight_0052.avi,7ff0971fea943b539cf57181b2fc8e8502f93552674493db98942095386c6d79,probable_near_duplicate,3,0,1,0
train|RWF-2000|train/Fight/rwf_train_fight_0054.avi,train,RWF-2000,1,train/Fight/rwf_train_fight_0054.avi,a90de783a8428483b7a955a27d74d58012c85d9c04d59173b9cf601cd0408eeb,probable_near_duplicate,3,0,1,0
train|RWF-2000|train/Fight/rwf_train_fight_0056.avi,train,RWF-2000,1,train/Fight/rwf_train_fight_0056.avi,23b21c48de48d813c651f794867f81f1c31e115294ad2c2f6665e59b86b86403,probable_near_duplicate,3,0,1,0
train|RWF-2000|train/Fight/rwf_train_fight_0064.avi,train,RWF-2000,1,train/Fight/rwf_train_fight_0064.avi,34b641d5e7627f72aa45d7c5aa422566d174d549fdd1882aa55478a2d93e2f8c,probable_near_duplicate,1,0,1,0
train|RWF-2000|train/Fight/rwf_train_fight_0075.avi,train,RWF-2000,1,train/Fight/rwf_train_fight_0075.avi,5689ccf8caaf6588a40367daf6c92123b6f85e2758853436a0c31a0b44ed169a,probable_near_duplicate,1,0,0,0
train|RWF-2000|train/Fight/rwf_train_fight_0078.avi,train,RWF-2000,1,train/Fight/rwf_train_fight_0078.avi,135d77c00a32d59fafb9c3b500dbe27f889651daeff0ba5e74458732c7841bba,possible_near_duplicate,0,3,0,0
train|RWF-2000|train/Fight/rwf_train_fight_0079.avi,train,RWF-2000,1,train/Fight/rwf_train_fight_0079.avi,9a86168608c09d725f02b5fe3f9369964830e2071c933bd0390222bef73e8a25,possible_near_duplicate,0,1,0,0
train|RWF-2000|train/Fight/rwf_train_fight_0081.avi,train,RWF-2000,1,train/Fight/rwf_train_fight_0081.avi,0b72a34eab8be8c170a2fddfa95def41d87fe82dc02d44ccaad87b75a89d22ee,possible_near_duplicate,0,2,0,0
train|RWF-2000|train/Fight/rwf_train_fight_0088.avi,train,RWF-2000,1,train/Fight/rwf_train_fight_0088.avi,6cfd5b246b113569a3e71a956fbfe6a9d8a80e1750dab42feac989ea796102c0,possible_near_duplicate,0,1,0,0
train|RWF-2000|train/Fight/rwf_train_fight_0100.avi,train,RWF-2000,1,train/Fight/rwf_train_fight_0100.avi,eb2669f6af156373d724fab3a732195f04456a76ae857cfa2e0a038223c7a8db,possible_near_duplicate,0,1,1,0
train|RWF-2000|train/Fight/rwf_train_fight_0112.avi,train,RWF-2000,1,train/Fight/rwf_train_fight_0112.avi,8747d1b31bc76f9f4535948f8dca5e9d847ff2118b1f34f8d562759724cb895d,probable_near_duplicate,2,0,0,0
train|RWF-2000|train/Fight/rwf_train_fight_0123.avi,train,RWF-2000,1,train/Fight/rwf_train_fight_0123.avi,2b8a4a089223ed2cb418a5f893d94f08873bec99edc241bd6844d9c3608780e5,probable_near_duplicate,2,0,1,0
train|RWF-2000|train/Fight/rwf_train_fight_0132.avi,train,RWF-2000,1,train/Fight/rwf_train_fight_0132.avi,74696e3e38ca52c6a579d5da5dcf252ada6adbf127177be0b83fbdd5415554cf,probable_near_duplicate,1,2,0,0
train|RWF-2000|train/Fight/rwf_train_fight_0133.avi,train,RWF-2000,1,train/Fight/rwf_train_fight_0133.avi,1ca7d188040566cd51b6623ab4c764d791e0f33d8e9c16d97672547b034e6b68,probable_near_duplicate,1,2,0,0
train|RWF-2000|train/Fight/rwf_train_fight_0134.avi,train,RWF-2000,1,train/Fight/rwf_train_fight_0134.avi,9eee44863f2659da245e5101af226cf830e69082cff6874236ba960aca73af55,probable_near_duplicate,3,0,0,0
train|RWF-2000|train/Fight/rwf_train_fight_0155.avi,train,RWF-2000,1,train/Fight/rwf_train_fight_0155.avi,bd60cc6dcfa7365bda54942add71cd78afd5e6b531b35fce6277d46c99123d56,possible_near_duplicate,0,1,0,0
train|RWF-2000|train/Fight/rwf_train_fight_0163.avi,train,RWF-2000,1,train/Fight/rwf_train_fight_0163.avi,49bea4e76f38b841fd6c939d4c6fe06a2aaf324a76df34355948967212bf5617,probable_near_duplicate,3,1,0,0
train|RWF-2000|train/Fight/rwf_train_fight_0164.avi,train,RWF-2000,1,train/Fight/rwf_train_fight_0164.avi,6f92d379635f3996d3e7230aacca7f842a7dbed8c381b3a9e2656ff1991f3810,probable_near_duplicate,3,1,0,0
train|RWF-2000|train/Fight/rwf_train_fight_0177.avi,train,RWF-2000,1,train/Fight/rwf_train_fight_0177.avi,dd691ed8b0dd917c05537d661972d09d1b0e27c064889e7427d6689cbba8a6bc,probable_near_duplicate,1,0,0,0
train|RWF-2000|train/Fight/rwf_train_fight_0188.avi,train,RWF-2000,1,train/Fight/rwf_train_fight_0188.avi,6bb44268d6e78b9a85a9362d698232158c57d50c3a7b37a0846e46f6dc20d13c,probable_near_duplicate,5,0,0,0
train|RWF-2000|train/Fight/rwf_train_fight_0199.avi,train,RWF-2000,1,train/Fight/rwf_train_fight_0199.avi,5e3a5f62450148757c36b67b924d02e388d8e3e299dcbd49e89284afe6cc00fd,probable_near_duplicate,1,1,0,0
train|RWF-2000|train/Fight/rwf_train_fight_0201.avi,train,RWF-2000,1,train/Fight/rwf_train_fight_0201.avi,d5f6ab438764d040c1ff5c0b407f0a4d4be1c3f723c60a0cd9a28881bfc0b429,possible_near_duplicate,0,2,0,0
train|RWF-2000|train/Fight/rwf_train_fight_0202.avi,train,RWF-2000,1,train/Fight/rwf_train_fight_0202.avi,6107b8435eaf0d3c46fa583e52d3c5a4160eb6ede863ccdd9090f36cd444de88,possible_near_duplicate,0,1,0,0
train|RWF-2000|train/Fight/rwf_train_fight_0207.avi,train,RWF-2000,1,train/Fight/rwf_train_fight_0207.avi,6465b88fe6c4201a7ebadc2100592dc81d6d31b62d2d34bcfd60621a840038b2,probable_near_duplicate,2,0,2,0
train|RWF-2000|train/Fight/rwf_train_fight_0208.avi,train,RWF-2000,1,train/Fight/rwf_train_fight_0208.avi,06048d1cc3dee14b48ca17f18fce7a1afaeffedffce9d38fbab20ff442ee25e6,probable_near_duplicate,2,0,2,0
train|RWF-2000|train/Fight/rwf_train_fight_0212.avi,train,RWF-2000,1,train/Fight/rwf_train_fight_0212.avi,5125ae14639a94823457d5702a955594482f5f64852e19908a39f20344626b7f,probable_near_duplicate,1,2,0,0
train|RWF-2000|train/Fight/rwf_train_fight_0218.avi,train,RWF-2000,1,train/Fight/rwf_train_fight_0218.avi,d489766dc688a1180c5e358421e2b5dddecf3469c02ff7f52989dfe2e454ce51,probable_near_duplicate,1,0,0,0
train|RWF-2000|train/Fight/rwf_train_fight_0220.avi,train,RWF-2000,1,train/Fight/rwf_train_fight_0220.avi,4edba1c1294dcbf559cb56d776a7924b36484ca384a23043e60784b398cdb10e,possible_near_duplicate,0,1,0,0
train|RWF-2000|train/Fight/rwf_train_fight_0231.avi,train,RWF-2000,1,train/Fight/rwf_train_fight_0231.avi,782b18835a20be798b6d3e971f9063355d8238da363f35952a20245ffc5a3265,probable_near_duplicate,1,0,1,0
train|RWF-2000|train/Fight/rwf_train_fight_0235.avi,train,RWF-2000,1,train/Fight/rwf_train_fight_0235.avi,f0209755d9899265f280917d1300b1bff0380f67fec24030e87d3b6e4eee804b,probable_near_duplicate,1,0,0,0
train|RWF-2000|train/Fight/rwf_train_fight_0237.avi,train,RWF-2000,1,train/Fight/rwf_train_fight_0237.avi,d07edb6b0b36354ccefff299adac1126794fa31408892142a6fd2a781c5e29c4,possible_near_duplicate,0,1,0,0
train|RWF-2000|train/Fight/rwf_train_fight_0239.avi,train,RWF-2000,1,train/Fight/rwf_train_fight_0239.avi,bef8a1b11e4d286b2a93c09b04cb390a66c88515e8d7aeeb24c4335a4ac00fc0,probable_near_duplicate,1,0,0,0
train|RWF-2000|train/Fight/rwf_train_fight_0241.avi,train,RWF-2000,1,train/Fight/rwf_train_fight_0241.avi,66d92840083d61d534af54822a1de504d5cdca9bad0bcddfb53d77c4d69249a8,possible_near_duplicate,0,2,0,0
train|RWF-2000|train/Fight/rwf_train_fight_0243.avi,train,RWF-2000,1,train/Fight/rwf_train_fight_0243.avi,c62139ca58ea434f6a93bb8bc09f7f78efb49d14b41629492fc060454eac2ce9,possible_near_duplicate,0,1,0,0
train|RWF-2000|train/Fight/rwf_train_fight_0247.avi,train,RWF-2000,1,train/Fight/rwf_train_fight_0247.avi,7be24cd434959ffbd17dc85e1376bb8309422f431b0242491a4c1466dc8fc5a5,probable_near_duplicate,1,0,0,0
train|RWF-2000|train/Fight/rwf_train_fight_0248.avi,train,RWF-2000,1,train/Fight/rwf_train_fight_0248.avi,acd02a7ec909e6c211ffddb9b8c11381a106d7422cf4b24d4d06264f61cf7911,possible_near_duplicate,0,1,0,0
train|RWF-2000|train/Fight/rwf_train_fight_0249.avi,train,RWF-2000,1,train/Fight/rwf_train_fight_0249.avi,1af2f0cef6f92377a64d8ef2a17e270dbeca98661dcb2b7ad2a342f613766f5f,probable_near_duplicate,1,0,1,0
train|RWF-2000|train/Fight/rwf_train_fight_0258.avi,train,RWF-2000,1,train/Fight/rwf_train_fight_0258.avi,59da6c7b88fdc187dc43b550394458cfe44c704a701764c51c97ba88e1d0a466,probable_near_duplicate,1,0,0,0
train|RWF-2000|train/Fight/rwf_train_fight_0266.avi,train,RWF-2000,1,train/Fight/rwf_train_fight_0266.avi,657294dbb5d53cd365691fb2f7483123d47e0220c4bb5c283138965bbb75e671,probable_near_duplicate,3,2,0,0
train|RWF-2000|train/Fight/rwf_train_fight_0267.avi,train,RWF-2000,1,train/Fight/rwf_train_fight_0267.avi,4ca3e8a7d972c9e3e972c6246ca5a4775d2842e41469e7a16a5d8e41f74b5330,probable_near_duplicate,3,2,0,0
train|RWF-2000|train/Fight/rwf_train_fight_0268.avi,train,RWF-2000,1,train/Fight/rwf_train_fight_0268.avi,411494b92bc8f81850ff071789fe9494f9e3468aa62574b9c39baf181293733d,probable_near_duplicate,2,3,0,0
train|RWF-2000|train/Fight/rwf_train_fight_0269.avi,train,RWF-2000,1,train/Fight/rwf_train_fight_0269.avi,d32b8f600b4f583108dd99e21aadc4bf163a3da1404301a5195d1cd80d68d6c8,probable_near_duplicate,3,2,0,0
train|RWF-2000|train/Fight/rwf_train_fight_0271.avi,train,RWF-2000,1,train/Fight/rwf_train_fight_0271.avi,4f0d516f250a2eecb10b3884e1462ee6c245c40babeb419b0bfdfe26fcf05137,probable_near_duplicate,4,1,0,0
train|RWF-2000|train/Fight/rwf_train_fight_0272.avi,train,RWF-2000,1,train/Fight/rwf_train_fight_0272.avi,c4588027bdc4564622316f8d987411aecebf5b43e34020a13f17712535362f8e,probable_near_duplicate,5,0,0,0
train|RWF-2000|train/Fight/rwf_train_fight_0276.avi,train,RWF-2000,1,train/Fight/rwf_train_fight_0276.avi,56bb908d3810f171bfe6caff2fb4d547568a9f7c7bb010c85bb2423d82361380,probable_near_duplicate,5,0,0,0
train|RWF-2000|train/Fight/rwf_train_fight_0278.avi,train,RWF-2000,1,train/Fight/rwf_train_fight_0278.avi,9bb2420c8b1ffe4ecac72b368e9b97bf3a52b6f957bcef73b393833850d92f0d,probable_near_duplicate,3,0,0,0
train|RWF-2000|train/Fight/rwf_train_fight_0281.avi,train,RWF-2000,1,train/Fight/rwf_train_fight_0281.avi,53b1823556402e558036848a0e8536781804f9f2fe57a03a9894cf424b16e936,probable_near_duplicate,3,0,0,0
train|RWF-2000|train/Fight/rwf_train_fight_0283.avi,train,RWF-2000,1,train/Fight/rwf_train_fight_0283.avi,b11ad3e2cba8141d0e851d6fd6417b801e52a7271ca2703f069bf092ce922531,probable_near_duplicate,3,0,0,0
train|RWF-2000|train/Fight/rwf_train_fight_0284.avi,train,RWF-2000,1,train/Fight/rwf_train_fight_0284.avi,8077cf486ac19c4f7638a96d80d717c2734897a0583118066e662d45bd517802,probable_near_duplicate,3,0,0,0
train|RWF-2000|train/Fight/rwf_train_fight_0292.avi,train,RWF-2000,1,train/Fight/rwf_train_fight_0292.avi,ae3d60098a74435030ef6672a019becec1bf9caefab6d671da2680ee7149461a,probable_near_duplicate,1,0,0,0
train|RWF-2000|train/Fight/rwf_train_fight_0310.avi,train,RWF-2000,1,train/Fight/rwf_train_fight_0310.avi,1764f7af1ffdc5138ccc15d62919f6a3b03ef49598bed71a6b2486cddbb4585e,probable_near_duplicate,1,0,1,0
train|RWF-2000|train/Fight/rwf_train_fight_0321.avi,train,RWF-2000,1,train/Fight/rwf_train_fight_0321.avi,b4d8caf75954ba0bfabaf1c3025fa85f9db3545fba5ec4566c6d614228f98138,probable_near_duplicate,1,0,1,0
train|RWF-2000|train/Fight/rwf_train_fight_0322.avi,train,RWF-2000,1,train/Fight/rwf_train_fight_0322.avi,66acc3ce705c6fc3c71918444eba1765c54c81ab939db6a7943bf78fa24e0ef8,probable_near_duplicate,1,0,1,0
train|RWF-2000|train/Fight/rwf_train_fight_0333.avi,train,RWF-2000,1,train/Fight/rwf_train_fight_0333.avi,e43b0161345eb4088573e850ce5a19c1067c05a223f1e13f4db0dd9355daf591,probable_near_duplicate,1,0,0,0
train|RWF-2000|train/Fight/rwf_train_fight_0334.avi,train,RWF-2000,1,train/Fight/rwf_train_fight_0334.avi,a460e327f8db5eab1359bb9507182688f91743f754699d759e99efaca9775c87,probable_near_duplicate,1,0,0,0
train|RWF-2000|train/Fight/rwf_train_fight_0338.avi,train,RWF-2000,1,train/Fight/rwf_train_fight_0338.avi,ca7bee6da3696373b57360b44cae0e5c678992ae35bb7afc49a653af7c15bccb,probable_near_duplicate,1,0,0,0
train|RWF-2000|train/Fight/rwf_train_fight_0342.avi,train,RWF-2000,1,train/Fight/rwf_train_fight_0342.avi,573960ae0180e5372b9cbe7b05bdfb45d982cdc1829c0306938820177d7e0a94,probable_near_duplicate,1,0,0,0
train|RWF-2000|train/Fight/rwf_train_fight_0343.avi,train,RWF-2000,1,train/Fight/rwf_train_fight_0343.avi,f3a9b066cfc990c2614eb77d750f4368a01ac2c0bff6ec3e0809c22da050161e,probable_near_duplicate,1,0,0,0
train|RWF-2000|train/Fight/rwf_train_fight_0344.avi,train,RWF-2000,1,train/Fight/rwf_train_fight_0344.avi,cacb953d5cc4154031d7b4ad97ea58ffe32961bb76907bd2bf7ce754d08ed340,probable_near_duplicate,1,0,0,0
train|RWF-2000|train/Fight/rwf_train_fight_0349.avi,train,RWF-2000,1,train/Fight/rwf_train_fight_0349.avi,b031b66d9209274048c1abd5bb3f302493fce2ded3eac0ac1c35d1a21c64ddbc,probable_near_duplicate,3,0,2,0
train|RWF-2000|train/Fight/rwf_train_fight_0351.avi,train,RWF-2000,1,train/Fight/rwf_train_fight_0351.avi,34b3d424f79be3e9e620e8a8fb171c59276ac42a923867212ee8ebc7fdd1c670,probable_near_duplicate,3,0,2,0
train|RWF-2000|train/Fight/rwf_train_fight_0352.avi,train,RWF-2000,1,train/Fight/rwf_train_fight_0352.avi,5c9b74bf2c64177b1b30c9ec84d7be27585798b9b0928fc3c94d6f8b92c4b4ea,probable_near_duplicate,3,0,2,0
train|RWF-2000|train/Fight/rwf_train_fight_0353.avi,train,RWF-2000,1,train/Fight/rwf_train_fight_0353.avi,29262ffe2938b2660f2dff701526ca855dafc3b8dcb7eaa690abb1a08aa107a4,probable_near_duplicate,3,0,2,0
train|RWF-2000|train/Fight/rwf_train_fight_0377.avi,train,RWF-2000,1,train/Fight/rwf_train_fight_0377.avi,abcd077fbaed44bf0086072aed41a99a65d84743404f6083d8a3e41db57d1ecd,probable_near_duplicate,1,0,1,0
train|RWF-2000|train/Fight/rwf_train_fight_0409.avi,train,RWF-2000,1,train/Fight/rwf_train_fight_0409.avi,c9946429a00fe795b4ff19970f6691a194a4aa17cdaf2b8cf5e0b8b14664bada,possible_near_duplicate,0,2,1,0
train|RWF-2000|train/Fight/rwf_train_fight_0410.avi,train,RWF-2000,1,train/Fight/rwf_train_fight_0410.avi,7e281ec388e0b1f2d23c655990b362e5ff2b19eb30b5f88c5d7da04ea5038648,probable_near_duplicate,2,0,1,0
train|RWF-2000|train/Fight/rwf_train_fight_0411.avi,train,RWF-2000,1,train/Fight/rwf_train_fight_0411.avi,48f70fb7fbbb76170e3d5b43477a4f8373d6433c49fe87e5a955dd888b2549fb,possible_near_duplicate,0,1,0,0
train|RWF-2000|train/Fight/rwf_train_fight_0429.avi,train,RWF-2000,1,train/Fight/rwf_train_fight_0429.avi,1187ec8f26dc5c1c3285976b451b8a00cf3192cd4b2510078e3ec7480748673a,possible_near_duplicate,0,1,0,0
train|RWF-2000|train/Fight/rwf_train_fight_0437.avi,train,RWF-2000,1,train/Fight/rwf_train_fight_0437.avi,3f12e1a8be10daf9e7ebf85edd5b490d92d316978541a6ed6b5be9e82cc8e770,probable_near_duplicate,1,0,0,0
train|RWF-2000|train/Fight/rwf_train_fight_0438.avi,train,RWF-2000,1,train/Fight/rwf_train_fight_0438.avi,b8491d83a3a877607e88772fd253fd02e96919532b98824d9680799f2bc5d8ef,probable_near_duplicate,1,0,0,0
train|RWF-2000|train/Fight/rwf_train_fight_0445.avi,train,RWF-2000,1,train/Fight/rwf_train_fight_0445.avi,068ce4805a3638a6276334c7cfe092b431e53f0c5dc21d2c8964e6a368129b46,probable_near_duplicate,1,0,0,0
train|RWF-2000|train/Fight/rwf_train_fight_0446.avi,train,RWF-2000,1,train/Fight/rwf_train_fight_0446.avi,6f68ec88781599e2264009b54d75466cb524acabae513ed794b274f73eefc9da,probable_near_duplicate,2,1,0,0
train|RWF-2000|train/Fight/rwf_train_fight_0450.avi,train,RWF-2000,1,train/Fight/rwf_train_fight_0450.avi,248e8cbaf2c017e2003ea43655523454b432440fb9a075db79d0b86f713bc27b,possible_near_duplicate,0,2,0,0
train|RWF-2000|train/Fight/rwf_train_fight_0457.avi,train,RWF-2000,1,train/Fight/rwf_train_fight_0457.avi,d46bad2f724a838234b6d76da66d0f3648e920bcf001c473155b3d4ffb48c7df,probable_near_duplicate,1,0,0,0
train|RWF-2000|train/Fight/rwf_train_fight_0458.avi,train,RWF-2000,1,train/Fight/rwf_train_fight_0458.avi,973090ef0998eb5d6708e48bac39767227dbd6b51b47d75f159730c218138510,probable_near_duplicate,1,0,0,0
train|RWF-2000|train/Fight/rwf_train_fight_0459.avi,train,RWF-2000,1,train/Fight/rwf_train_fight_0459.avi,e9fa5fe7f8085812b81d1a9ce1733ade050e6abb5bb897aa883f10298f078b60,probable_near_duplicate,1,1,0,0
train|RWF-2000|train/Fight/rwf_train_fight_0463.avi,train,RWF-2000,1,train/Fight/rwf_train_fight_0463.avi,a2c86509c54cae3a3d8401021f3f4d19ddc324accd47dd3977501630c2b6c1e9,probable_near_duplicate,1,0,1,0
train|RWF-2000|train/Fight/rwf_train_fight_0464.avi,train,RWF-2000,1,train/Fight/rwf_train_fight_0464.avi,f6bb359d9690bf6c3085f67e622c0a2f2a66c5085fbc179871fb6157a6c5e194,probable_near_duplicate,2,1,1,0
train|RWF-2000|train/Fight/rwf_train_fight_0466.avi,train,RWF-2000,1,train/Fight/rwf_train_fight_0466.avi,01c4046b7d4c5bbb81782e85efb5f64446d516cc728f0a009683a2ee1d4dfcac,probable_near_duplicate,2,1,1,0
train|RWF-2000|train/Fight/rwf_train_fight_0468.avi,train,RWF-2000,1,train/Fight/rwf_train_fight_0468.avi,560694d2722d1cf0312e48029f696b280e0d021705966e0f695e5f3ae7986233,probable_near_duplicate,3,0,0,0
train|RWF-2000|train/Fight/rwf_train_fight_0469.avi,train,RWF-2000,1,train/Fight/rwf_train_fight_0469.avi,cca27958ece8b0f2b0f3e4c6efb0cbdef74c1ab39152041e6333304ab5e8a0ad,probable_near_duplicate,3,0,0,0
train|RWF-2000|train/Fight/rwf_train_fight_0473.avi,train,RWF-2000,1,train/Fight/rwf_train_fight_0473.avi,49aba6d034a6be89d54e4819de104893b3842101e98da49bdab46fbd4982d61e,probable_near_duplicate,1,1,1,0
train|RWF-2000|train/Fight/rwf_train_fight_0475.avi,train,RWF-2000,1,train/Fight/rwf_train_fight_0475.avi,68f2e7772d709a12dab4c9b0b1cf51513dda5f3d0a741aef8db43fdb3a54f7e6,possible_near_duplicate,0,1,0,0
train|RWF-2000|train/Fight/rwf_train_fight_0481.avi,train,RWF-2000,1,train/Fight/rwf_train_fight_0481.avi,39c249dc1b65d6a46d1ddc2b9fc879753d793e2551298cc7fa631aaa4b7ad160,possible_near_duplicate,0,1,0,0
train|RWF-2000|train/Fight/rwf_train_fight_0485.avi,train,RWF-2000,1,train/Fight/rwf_train_fight_0485.avi,b52c4d129fe6a4f04a326847fa80b7b686c2aab5d3843aa04fadcc931bde8d7f,possible_near_duplicate,0,1,0,0
train|RWF-2000|train/Fight/rwf_train_fight_0486.avi,train,RWF-2000,1,train/Fight/rwf_train_fight_0486.avi,27cefeb82d86d5efb41e71a7fe5aa0832d9c0c7b08440bc6add0ad700aa05c0b,probable_near_duplicate,1,0,0,0
train|RWF-2000|train/Fight/rwf_train_fight_0494.avi,train,RWF-2000,1,train/Fight/rwf_train_fight_0494.avi,cd3abeb93815cb0d34d8efd3b24ce2e4ac9a1894da3a550453a15d5f7ed11f82,probable_near_duplicate,2,0,0,0
train|RWF-2000|train/Fight/rwf_train_fight_0507.avi,train,RWF-2000,1,train/Fight/rwf_train_fight_0507.avi,c795d26441e031c06edbaa25c9e6756bfaa49e141264af329d7a88e362275796,probable_near_duplicate,3,0,1,0
train|RWF-2000|train/Fight/rwf_train_fight_0508.avi,train,RWF-2000,1,train/Fight/rwf_train_fight_0508.avi,6cf4d3c41882dd74df528d20ca2a199ecf6f2dc4ac973e0e1ef708d640291fab,probable_near_duplicate,3,0,1,0
train|RWF-2000|train/Fight/rwf_train_fight_0510.avi,train,RWF-2000,1,train/Fight/rwf_train_fight_0510.avi,4c9b628893028bbb7a3a0ef89cbb02ef37d324ed88974ba8b785c6f6cc3f02d8,possible_near_duplicate,0,2,1,0
train|RWF-2000|train/Fight/rwf_train_fight_0515.avi,train,RWF-2000,1,train/Fight/rwf_train_fight_0515.avi,cda8323a5978498ad3c936866c33aea931a8397404a69daf424b1fdf28d1c983,possible_near_duplicate,0,1,0,0
train|RWF-2000|train/Fight/rwf_train_fight_0516.avi,train,RWF-2000,1,train/Fight/rwf_train_fight_0516.avi,fab8d3f9acda7630d53eb483871bdc21dac4ada190f708690a8ed0c82fa5f1dd,possible_near_duplicate,0,1,0,0
train|RWF-2000|train/Fight/rwf_train_fight_0519.avi,train,RWF-2000,1,train/Fight/rwf_train_fight_0519.avi,e9cbaee1ab3ca95c1956c0edd1cdaedae458592a3e1c1bddb8c5094517f7385d,possible_near_duplicate,0,1,0,0
train|RWF-2000|train/Fight/rwf_train_fight_0521.avi,train,RWF-2000,1,train/Fight/rwf_train_fight_0521.avi,23b2da4c38de51129a9cfc412a3d995107b946850e52fef43e4a278ea89a68b5,possible_near_duplicate,0,1,0,0
train|RWF-2000|train/Fight/rwf_train_fight_0534.avi,train,RWF-2000,1,train/Fight/rwf_train_fight_0534.avi,740a290b8b6001beec375dfec569742638f8927ebebbe1c3e3f34583ed91284f,possible_near_duplicate,0,1,0,0
train|RWF-2000|train/Fight/rwf_train_fight_0538.avi,train,RWF-2000,1,train/Fight/rwf_train_fight_0538.avi,3c92bdefe5bd3dc32e47ae9b8ea828ef7a67c4c58b8774318ed96864df0ca4ed,probable_near_duplicate,2,1,0,0
train|RWF-2000|train/Fight/rwf_train_fight_0542.avi,train,RWF-2000,1,train/Fight/rwf_train_fight_0542.avi,03c4b2582bbf880a591ea15f06f3c0cfe3321f7993f7008aa72300b4d768e231,probable_near_duplicate,1,0,1,0
train|RWF-2000|train/Fight/rwf_train_fight_0543.avi,train,RWF-2000,1,train/Fight/rwf_train_fight_0543.avi,e3f9e74c57b9d59c4820e0c652a3f90ea4a6f6c6c6d2407ba9a322cf05e5186b,probable_near_duplicate,1,0,1,0
train|RWF-2000|train/Fight/rwf_train_fight_0544.avi,train,RWF-2000,1,train/Fight/rwf_train_fight_0544.avi,e9f604d497e7172e9a99327137de07ad2668e8c920afd67e25305182b373da5c,probable_near_duplicate,1,0,1,0
train|RWF-2000|train/Fight/rwf_train_fight_0561.avi,train,RWF-2000,1,train/Fight/rwf_train_fight_0561.avi,5d7869c68ad352542bcd2856521788564860ff35915c1b062b0ce1d87b456484,probable_near_duplicate,1,0,1,0
train|RWF-2000|train/Fight/rwf_train_fight_0562.avi,train,RWF-2000,1,train/Fight/rwf_train_fight_0562.avi,a1a31e724d492de01f79b6a849a4ff0d746d03ec5ff31af34f8fe41546893c49,probable_near_duplicate,1,0,1,0
train|RWF-2000|train/Fight/rwf_train_fight_0563.avi,train,RWF-2000,1,train/Fight/rwf_train_fight_0563.avi,31396faf39691df41bef9bb80d4547ab4c173252cb3cb90245100c7308a35325,probable_near_duplicate,1,0,1,0
train|RWF-2000|train/Fight/rwf_train_fight_0581.avi,train,RWF-2000,1,train/Fight/rwf_train_fight_0581.avi,9242c112bdfe5413c3fe104f9d97f382fc5d56ad24f19b6c75618c2f87ec8450,probable_near_duplicate,1,1,1,0
train|RWF-2000|train/Fight/rwf_train_fight_0583.avi,train,RWF-2000,1,train/Fight/rwf_train_fight_0583.avi,dde1c138812382325455d2b8ac9a15e3b656c508b5c6808319169e4880c76ace,possible_near_duplicate,0,1,1,0
train|RWF-2000|train/Fight/rwf_train_fight_0614.avi,train,RWF-2000,1,train/Fight/rwf_train_fight_0614.avi,0752abf9de11afe5cff92c8b4f3e5f28997c04382b8cc84f295451ff29758d64,probable_near_duplicate,1,0,0,0
train|RWF-2000|train/Fight/rwf_train_fight_0615.avi,train,RWF-2000,1,train/Fight/rwf_train_fight_0615.avi,1bfaa0d2111e9a2ff4824320f75b2f7cdcdadae6e2b90f3c5f60cc2c7366241f,possible_near_duplicate,0,2,0,0
train|RWF-2000|train/Fight/rwf_train_fight_0616.avi,train,RWF-2000,1,train/Fight/rwf_train_fight_0616.avi,0803d48e9d5afeeae0c875064840713cf2b47de2c19d4dc10e54608c9ce4f06f,probable_near_duplicate,1,0,0,0
train|RWF-2000|train/Fight/rwf_train_fight_0618.avi,train,RWF-2000,1,train/Fight/rwf_train_fight_0618.avi,564d4b908e525532d9a8f89e2d3a48165aeecc8a17c9a90d2a74b4c68a747c2c,possible_near_duplicate,0,1,0,0
train|RWF-2000|train/Fight/rwf_train_fight_0625.avi,train,RWF-2000,1,train/Fight/rwf_train_fight_0625.avi,60a7586f76ec7580e1b66eef0d4eacfaa1215a8034324abb02ff6f1c0670804e,probable_near_duplicate,2,0,0,0
train|RWF-2000|train/Fight/rwf_train_fight_0644.avi,train,RWF-2000,1,train/Fight/rwf_train_fight_0644.avi,3b8c6f4b65ced9719a04d402240ae79a3a547c125b7bc264e703d086763ec819,probable_near_duplicate,1,0,0,0
train|RWF-2000|train/Fight/rwf_train_fight_0645.avi,train,RWF-2000,1,train/Fight/rwf_train_fight_0645.avi,064fc4fba826f8f229d56fba6249818f2bea591b1840f6e55b28d015fc8f8b55,probable_near_duplicate,1,0,0,0
train|RWF-2000|train/Fight/rwf_train_fight_0647.avi,train,RWF-2000,1,train/Fight/rwf_train_fight_0647.avi,6a2bc1b4f2f5e22c09f29c8b8a693ad805cf880c0c5a7523a39f28c89059fd36,probable_near_duplicate,1,0,0,0
train|RWF-2000|train/Fight/rwf_train_fight_0648.avi,train,RWF-2000,1,train/Fight/rwf_train_fight_0648.avi,4ff9f85243ecd30940d57e854d23c461bcb80e6bd3ed7455b6d2ba5fa989c214,probable_near_duplicate,1,0,0,0
train|RWF-2000|train/Fight/rwf_train_fight_0649.avi,train,RWF-2000,1,train/Fight/rwf_train_fight_0649.avi,dfec35beed21952dec967d46a039085831957094e2a30588d44520a0378cbd95,probable_near_duplicate,1,0,0,0
train|RWF-2000|train/Fight/rwf_train_fight_0650.avi,train,RWF-2000,1,train/Fight/rwf_train_fight_0650.avi,0f4db7da58695fbf9937b40212ad1d5d4d84f7e9f69b781389c2b7c156d64dc0,probable_near_duplicate,1,0,0,0
train|RWF-2000|train/Fight/rwf_train_fight_0652.avi,train,RWF-2000,1,train/Fight/rwf_train_fight_0652.avi,42c7285e832d49c334c5ee1f4a50a0d405327b806a08e8000b7c0201a8586d55,probable_near_duplicate,1,0,0,0
train|RWF-2000|train/Fight/rwf_train_fight_0675.avi,train,RWF-2000,1,train/Fight/rwf_train_fight_0675.avi,1d870a096160a354a718d441290b0036b21ddd805c4d981653fc5bff7b967f33,possible_near_duplicate,0,1,0,0
train|RWF-2000|train/Fight/rwf_train_fight_0677.avi,train,RWF-2000,1,train/Fight/rwf_train_fight_0677.avi,d63a1507d678e7e1b57795c675436f38b9b3d72cc10ef8ccceac092ff130037d,possible_near_duplicate,0,1,0,0
train|RWF-2000|train/Fight/rwf_train_fight_0699.avi,train,RWF-2000,1,train/Fight/rwf_train_fight_0699.avi,ceac731800094c6c4c560846996b176a17669eacb6985b133b2aedaaf6664f84,possible_near_duplicate,0,1,0,0
train|RWF-2000|train/Fight/rwf_train_fight_0702.avi,train,RWF-2000,1,train/Fight/rwf_train_fight_0702.avi,3fdf090beddaadaf9d7df22bee1efc043bcd189d90aaf6c2c26a6d3fccb910fb,probable_near_duplicate,3,0,0,0
train|RWF-2000|train/Fight/rwf_train_fight_0734.avi,train,RWF-2000,1,train/Fight/rwf_train_fight_0734.avi,20a915911d89bd545d2a047e4e3d7a66d406630ec3c6ecd99b57caf4b4f59d50,probable_near_duplicate,1,0,0,0
train|RWF-2000|train/Fight/rwf_train_fight_0735.avi,train,RWF-2000,1,train/Fight/rwf_train_fight_0735.avi,cd84007bb4ea4dbf339d8d162c018f2fe132abde28acb85a167dca82a885c070,probable_near_duplicate,1,0,0,0
train|RWF-2000|train/Fight/rwf_train_fight_0736.avi,train,RWF-2000,1,train/Fight/rwf_train_fight_0736.avi,32d26c81f7aa6e7659cc7746dfaf2151575efb49a4ba7be0265c26473433ffee,probable_near_duplicate,1,0,0,0
train|RWF-2000|train/Fight/rwf_train_fight_0759.avi,train,RWF-2000,1,train/Fight/rwf_train_fight_0759.avi,d7ccc5adf868c6a01dd115c797016f660e66a2ee58b52bdf53fe77afee8faa5d,probable_near_duplicate,3,0,0,0
train|RWF-2000|train/Fight/rwf_train_fight_0760.avi,train,RWF-2000,1,train/Fight/rwf_train_fight_0760.avi,8817ea8465cc9934ff85098c7a3be250c029c120960f0d6aa788b420baad864f,probable_near_duplicate,3,0,0,0
train|RWF-2000|train/Fight/rwf_train_fight_0767.avi,train,RWF-2000,1,train/Fight/rwf_train_fight_0767.avi,2cf262039f0a15c4931b3bcab26349223c45424c6168235445893449329f9e86,possible_near_duplicate,0,1,0,0
train|RWF-2000|train/Fight/rwf_train_fight_0776.avi,train,RWF-2000,1,train/Fight/rwf_train_fight_0776.avi,6388a960e36080a43e9c2d47cc34de322a3cd5c9f06d4612498afbdb87f1c636,possible_near_duplicate,0,1,0,0
train|RWF-2000|train/Fight/rwf_train_fight_0777.avi,train,RWF-2000,1,train/Fight/rwf_train_fight_0777.avi,3ecbd207343154341d9d963154ef73c025142d648033091053af7354981daa8a,possible_near_duplicate,0,1,0,0
train|RWF-2000|train/Fight/rwf_train_fight_0780.avi,train,RWF-2000,1,train/Fight/rwf_train_fight_0780.avi,2e7ef62526cae5b739a9cefbc0117bb777250853ea89ce95ad0b96c66c00e279,probable_near_duplicate,1,0,0,0
train|RWF-2000|train/Fight/rwf_train_fight_0781.avi,train,RWF-2000,1,train/Fight/rwf_train_fight_0781.avi,1943000f023d4bee71b28a66661b6053938e7beea3b9fedcd5a0d95626657e09,probable_near_duplicate,1,0,0,0
train|RWF-2000|train/Fight/rwf_train_fight_0782.avi,train,RWF-2000,1,train/Fight/rwf_train_fight_0782.avi,f5d5c086b04d0ed9736935bed34ce2dcb3178a00f83d1ccc068217c2eab6916c,probable_near_duplicate,1,0,0,0
train|RWF-2000|train/NonFight/rwf_train_nonfight_0014.avi,train,RWF-2000,0,train/NonFight/rwf_train_nonfight_0014.avi,365f582b53e4e10bddd3d1010840eac1add46c7a25a20c8e4d610c7844b35ef6,probable_near_duplicate,1,0,0,0
train|RWF-2000|train/NonFight/rwf_train_nonfight_0015.avi,train,RWF-2000,0,train/NonFight/rwf_train_nonfight_0015.avi,7cfd8b8fd08e790286fd227250a83c7e95b4294dcf0419b97efbd8b306bc73b9,probable_near_duplicate,1,0,0,0
train|RWF-2000|train/NonFight/rwf_train_nonfight_0037.avi,train,RWF-2000,0,train/NonFight/rwf_train_nonfight_0037.avi,84922de254bc2b13cb43b28d34bfbcf4371d7138700beb86f6e99625c7c05437,probable_near_duplicate,1,1,1,0
train|RWF-2000|train/NonFight/rwf_train_nonfight_0038.avi,train,RWF-2000,0,train/NonFight/rwf_train_nonfight_0038.avi,be8ac08bebc891fc7d177b803d78b9931d659c655fb9fe0f8a7c4f0084db8249,probable_near_duplicate,1,1,1,0
train|RWF-2000|train/NonFight/rwf_train_nonfight_0043.avi,train,RWF-2000,0,train/NonFight/rwf_train_nonfight_0043.avi,f1cc0b2a10661de91bfd4827c3667892f29a3f74f1e4b1f5f882cd0e85e72380,possible_near_duplicate,0,2,0,0
train|RWF-2000|train/NonFight/rwf_train_nonfight_0064.avi,train,RWF-2000,0,train/NonFight/rwf_train_nonfight_0064.avi,7ea6531885d9bad1caa1d8dc8980fe2d6d77bb3715137da9640152d7e5fc1381,probable_near_duplicate,1,0,0,0
train|RWF-2000|train/NonFight/rwf_train_nonfight_0085.avi,train,RWF-2000,0,train/NonFight/rwf_train_nonfight_0085.avi,a2b89af9d0db12cde7f93b761bf5f9d92accb5b5d10e8b3a75155dc7c137530b,probable_near_duplicate,1,2,3,0
train|RWF-2000|train/NonFight/rwf_train_nonfight_0086.avi,train,RWF-2000,0,train/NonFight/rwf_train_nonfight_0086.avi,6908bf3882b2997e5e8ebb73b2d178c4a6020d1878b538a310752aafeec0a739,probable_near_duplicate,1,1,2,0
train|RWF-2000|train/NonFight/rwf_train_nonfight_0088.avi,train,RWF-2000,0,train/NonFight/rwf_train_nonfight_0088.avi,975c4944e292a72fdb93df9f262c987695025e87cdfe71a45a1a199c37235ad1,probable_near_duplicate,1,0,0,0
train|RWF-2000|train/NonFight/rwf_train_nonfight_0099.avi,train,RWF-2000,0,train/NonFight/rwf_train_nonfight_0099.avi,1db58d1470a11eab629eeee778e0d7b15d8bdb9d39806e8f0bf0de9e663bc8c6,possible_near_duplicate,0,1,1,0
train|RWF-2000|train/NonFight/rwf_train_nonfight_0112.avi,train,RWF-2000,0,train/NonFight/rwf_train_nonfight_0112.avi,9ebad857006a01d786633893d4b98da765844d4c62c52f7cfeb85217a4d3cab2,probable_near_duplicate,1,0,0,0
train|RWF-2000|train/NonFight/rwf_train_nonfight_0121.avi,train,RWF-2000,0,train/NonFight/rwf_train_nonfight_0121.avi,3918342d6cb32b058161cb9dd4cf8f9a198ac95c2e2fb453bca833a8e56f41fe,probable_near_duplicate,2,0,2,0
train|RWF-2000|train/NonFight/rwf_train_nonfight_0124.avi,train,RWF-2000,0,train/NonFight/rwf_train_nonfight_0124.avi,5544093edae505aa4513fd89b019819642c11ac8f3e23d4834161a08e62448e2,probable_near_duplicate,4,0,2,0
train|RWF-2000|train/NonFight/rwf_train_nonfight_0131.avi,train,RWF-2000,0,train/NonFight/rwf_train_nonfight_0131.avi,378383e2a3c7c5406fd2e20bf73a951c34dabd870ed55475d62e8694ba222ea0,probable_near_duplicate,1,0,0,0
train|RWF-2000|train/NonFight/rwf_train_nonfight_0132.avi,train,RWF-2000,0,train/NonFight/rwf_train_nonfight_0132.avi,945c82fa00fa5b3a73a6c9b41af814a6fd07745a4dfd5560d841d49c365dc13d,probable_near_duplicate,1,0,0,0
train|RWF-2000|train/NonFight/rwf_train_nonfight_0147.avi,train,RWF-2000,0,train/NonFight/rwf_train_nonfight_0147.avi,0d43bc5030c37a4c1814cb4d014994f2c5c200ca9c79c1d71c420cf229e76ba2,possible_near_duplicate,0,1,0,0
train|RWF-2000|train/NonFight/rwf_train_nonfight_0149.avi,train,RWF-2000,0,train/NonFight/rwf_train_nonfight_0149.avi,0386c19a06c0ce736200e98df958a5bac767c33b1f37fc3a8e8ccefa5d12acd5,possible_near_duplicate,0,1,0,0
train|RWF-2000|train/NonFight/rwf_train_nonfight_0150.avi,train,RWF-2000,0,train/NonFight/rwf_train_nonfight_0150.avi,2887d0e140b3bc6622954f0e7bef7eb66103c55b08a998af2c2a3693231b1ea9,probable_near_duplicate,1,0,0,0
train|RWF-2000|train/NonFight/rwf_train_nonfight_0152.avi,train,RWF-2000,0,train/NonFight/rwf_train_nonfight_0152.avi,a56abdb06f14ebf4766579968c420fe08d7048b2b0d709a8b9a786d736f3c97f,probable_near_duplicate,1,0,0,0
train|RWF-2000|train/NonFight/rwf_train_nonfight_0158.avi,train,RWF-2000,0,train/NonFight/rwf_train_nonfight_0158.avi,439e4267c44cc9c77734ad8627623303532960e9648f79ad20320cb2613f7e88,probable_near_duplicate,2,0,0,0
train|RWF-2000|train/NonFight/rwf_train_nonfight_0168.avi,train,RWF-2000,0,train/NonFight/rwf_train_nonfight_0168.avi,17c62f61ccdbdcb271aaf2ee455983157fabf994d890c4000ea1212b060991a2,probable_near_duplicate,1,0,0,0
train|RWF-2000|train/NonFight/rwf_train_nonfight_0169.avi,train,RWF-2000,0,train/NonFight/rwf_train_nonfight_0169.avi,27361b105336daa70f319bf10eaba41543590f2eba31e0368a11cebfdb477f21,probable_near_duplicate,1,0,0,0
train|RWF-2000|train/NonFight/rwf_train_nonfight_0175.avi,train,RWF-2000,0,train/NonFight/rwf_train_nonfight_0175.avi,80928c679a389505080a043911ffb739f8c2242cf0cf254c21cea493ed93555d,probable_near_duplicate,3,0,3,0
train|RWF-2000|train/NonFight/rwf_train_nonfight_0176.avi,train,RWF-2000,0,train/NonFight/rwf_train_nonfight_0176.avi,bccaf6043cc51cd96d4f6dc9e3a2c6531dc54913788dfbb96a3068f17514762e,probable_near_duplicate,2,1,3,0
train|RWF-2000|train/NonFight/rwf_train_nonfight_0178.avi,train,RWF-2000,0,train/NonFight/rwf_train_nonfight_0178.avi,2b26bbe1a8b4667625e7b46469afed7bcdfa03cba249d13f986980588d38f260,probable_near_duplicate,1,0,0,0
train|RWF-2000|train/NonFight/rwf_train_nonfight_0181.avi,train,RWF-2000,0,train/NonFight/rwf_train_nonfight_0181.avi,444dd5d54ff5bc7dc9f9f0d2e985e21b83fa1269fb6c41da814f02346e4b2c58,probable_near_duplicate,3,0,2,0
train|RWF-2000|train/NonFight/rwf_train_nonfight_0190.avi,train,RWF-2000,0,train/NonFight/rwf_train_nonfight_0190.avi,9aadc828fd832fd08f804020820b06423159412cc8a0de871dca60c480289721,probable_near_duplicate,1,0,1,0
train|RWF-2000|train/NonFight/rwf_train_nonfight_0217.avi,train,RWF-2000,0,train/NonFight/rwf_train_nonfight_0217.avi,5211f919663c59d51834357d6cb41d0fc8ae4626b3385dcdc31294fbf72c8c84,possible_near_duplicate,0,1,0,0
train|RWF-2000|train/NonFight/rwf_train_nonfight_0230.avi,train,RWF-2000,0,train/NonFight/rwf_train_nonfight_0230.avi,baa064d190b2b4d3fc17caf1b7ee7f89c112cf669398f154c96fd0e1c996c5ed,probable_near_duplicate,2,0,0,0
train|RWF-2000|train/NonFight/rwf_train_nonfight_0232.avi,train,RWF-2000,0,train/NonFight/rwf_train_nonfight_0232.avi,92862a5db28e71d8681918ab6d593f42e991718654dc62c9fcd7f54241620b80,probable_near_duplicate,2,0,0,0
train|RWF-2000|train/NonFight/rwf_train_nonfight_0250.avi,train,RWF-2000,0,train/NonFight/rwf_train_nonfight_0250.avi,ca2ca4d2f73a9843c76adcc7c95064bb794221f11f1a42474cf64fa1f6991cea,probable_near_duplicate,1,0,0,0
train|RWF-2000|train/NonFight/rwf_train_nonfight_0251.avi,train,RWF-2000,0,train/NonFight/rwf_train_nonfight_0251.avi,b4006c5e883bf7ee907fedada22b347341236a8acce6cc1ea5fb2e39f7ce3d1e,probable_near_duplicate,1,0,0,0
train|RWF-2000|train/NonFight/rwf_train_nonfight_0252.avi,train,RWF-2000,0,train/NonFight/rwf_train_nonfight_0252.avi,8592be695ac169949c6d84e72eb0f38b137048b4861305c54adfa3168e690eff,probable_near_duplicate,1,0,0,0
train|RWF-2000|train/NonFight/rwf_train_nonfight_0254.avi,train,RWF-2000,0,train/NonFight/rwf_train_nonfight_0254.avi,c36c285be46dfc1eb438d058fe1b14568e90a3cc6d21ad4836a997976bf137bd,probable_near_duplicate,1,0,1,0
train|RWF-2000|train/NonFight/rwf_train_nonfight_0270.avi,train,RWF-2000,0,train/NonFight/rwf_train_nonfight_0270.avi,aa763ed48b00821d4af05214a184b7081e6c2e952b333d36b924bbcec2904615,possible_near_duplicate,0,1,1,0
train|RWF-2000|train/NonFight/rwf_train_nonfight_0274.avi,train,RWF-2000,0,train/NonFight/rwf_train_nonfight_0274.avi,53da45120da81acf85e333c6536b1e368e23e79ab2cba5c25ce33bd8af4065cc,possible_near_duplicate,0,2,0,0
train|RWF-2000|train/NonFight/rwf_train_nonfight_0295.avi,train,RWF-2000,0,train/NonFight/rwf_train_nonfight_0295.avi,d77af0a224094debbc957266f768626bc4ca97f8e6d5d8a648b2b0bca579beb1,probable_near_duplicate,1,1,1,0
train|RWF-2000|train/NonFight/rwf_train_nonfight_0297.avi,train,RWF-2000,0,train/NonFight/rwf_train_nonfight_0297.avi,6ddea7c4278eed6bd21eeaaa1ed6c7233aca78f74369a922dc4344c21d64aabd,possible_near_duplicate,0,2,1,0
train|RWF-2000|train/NonFight/rwf_train_nonfight_0298.avi,train,RWF-2000,0,train/NonFight/rwf_train_nonfight_0298.avi,e53df4ebd681c438144869409c0f09170409783d7eaec72533ca6711d3ab7464,probable_near_duplicate,4,1,5,0
train|RWF-2000|train/NonFight/rwf_train_nonfight_0343.avi,train,RWF-2000,0,train/NonFight/rwf_train_nonfight_0343.avi,e6a63989f2830edafc982dc8cff8a15a74bda1f61173d77d57c59591226e1435,possible_near_duplicate,0,1,1,0
train|RWF-2000|train/NonFight/rwf_train_nonfight_0355.avi,train,RWF-2000,0,train/NonFight/rwf_train_nonfight_0355.avi,3976eab61d1ae3012a4300519cda0a605f6c20e296508ccb16035bb3e770c0d7,probable_near_duplicate,1,0,0,0
train|RWF-2000|train/NonFight/rwf_train_nonfight_0356.avi,train,RWF-2000,0,train/NonFight/rwf_train_nonfight_0356.avi,2d5b08c6296f2d41d08282dff0f34f1abcdd1fd32cc043ac7f1664fcaed9dd60,possible_near_duplicate,0,1,0,0
train|RWF-2000|train/NonFight/rwf_train_nonfight_0357.avi,train,RWF-2000,0,train/NonFight/rwf_train_nonfight_0357.avi,659fac7bf278817108c87ffa0cd4621f2d26ed8278416d13038e8c0acb91057c,probable_near_duplicate,1,0,0,0
train|RWF-2000|train/NonFight/rwf_train_nonfight_0378.avi,train,RWF-2000,0,train/NonFight/rwf_train_nonfight_0378.avi,c0adbc52710ae5414f999ca863e110775396fbc9d4dd57e05f415b2da213a20b,probable_near_duplicate,1,0,1,0
train|RWF-2000|train/NonFight/rwf_train_nonfight_0393.avi,train,RWF-2000,0,train/NonFight/rwf_train_nonfight_0393.avi,4377f56aca6ddadf3ba75fc7de9f8fc5732691bc847faa17e4db1df77e7a5c10,probable_near_duplicate,3,0,1,0
train|RWF-2000|train/NonFight/rwf_train_nonfight_0409.avi,train,RWF-2000,0,train/NonFight/rwf_train_nonfight_0409.avi,561a5171851f0f540e997f7b524392cf83e06b196b5461c09f374db8d830a86d,probable_near_duplicate,2,1,0,0
train|RWF-2000|train/NonFight/rwf_train_nonfight_0419.avi,train,RWF-2000,0,train/NonFight/rwf_train_nonfight_0419.avi,88500500f0749faea6f25b18ba432a0724d7feb368bd5a8059b76287ceef46fc,possible_near_duplicate,0,1,0,0
train|RWF-2000|train/NonFight/rwf_train_nonfight_0421.avi,train,RWF-2000,0,train/NonFight/rwf_train_nonfight_0421.avi,bfa3518379dbabb3172f3945f33b72dbebf2f882ad9529a96715ad22e896390a,possible_near_duplicate,0,1,0,0
train|RWF-2000|train/NonFight/rwf_train_nonfight_0426.avi,train,RWF-2000,0,train/NonFight/rwf_train_nonfight_0426.avi,69a0326b00c7a6e7522abfacd68bfae8aa71f0a799ed549f8551801d9d11b3b8,probable_near_duplicate,1,0,1,0
train|RWF-2000|train/NonFight/rwf_train_nonfight_0430.avi,train,RWF-2000,0,train/NonFight/rwf_train_nonfight_0430.avi,156734ef7f2763923e57ab3010af489548131f2245bb458565be9d64d00d49dd,probable_near_duplicate,1,0,0,0
train|RWF-2000|train/NonFight/rwf_train_nonfight_0449.avi,train,RWF-2000,0,train/NonFight/rwf_train_nonfight_0449.avi,ff194ca1f55ec739bb51cfa73e6fa9425bce500e5cf3f7b42a0b0a02753a02ab,possible_near_duplicate,0,1,1,0
train|RWF-2000|train/NonFight/rwf_train_nonfight_0452.avi,train,RWF-2000,0,train/NonFight/rwf_train_nonfight_0452.avi,cc303a756da282a25556e76792596fcc17f7427dcf5398c102d136852834b40d,possible_near_duplicate,0,2,0,0
train|RWF-2000|train/NonFight/rwf_train_nonfight_0455.avi,train,RWF-2000,0,train/NonFight/rwf_train_nonfight_0455.avi,11cd19cabc324feee6b9de2c3a67a0f52a36aa11dd3f60c518d48dab19614a8f,probable_near_duplicate,1,1,0,0
train|RWF-2000|train/NonFight/rwf_train_nonfight_0461.avi,train,RWF-2000,0,train/NonFight/rwf_train_nonfight_0461.avi,54cdf0c05c3e081de954f99b3e79ee995e1ef02154b36a9abec294da09c2d24a,probable_near_duplicate,1,0,0,0
train|RWF-2000|train/NonFight/rwf_train_nonfight_0488.avi,train,RWF-2000,0,train/NonFight/rwf_train_nonfight_0488.avi,d9a1fba935168c829030e3eeb2027446a8082faf3ceccc20299c1056a4f6b4c9,probable_near_duplicate,1,0,0,0
train|RWF-2000|train/NonFight/rwf_train_nonfight_0501.avi,train,RWF-2000,0,train/NonFight/rwf_train_nonfight_0501.avi,deffe7d514c940feb57d25908c9a72fcbd7b7194c19005f2321abe8ae8de5ae5,possible_near_duplicate,0,1,0,0
train|RWF-2000|train/NonFight/rwf_train_nonfight_0507.avi,train,RWF-2000,0,train/NonFight/rwf_train_nonfight_0507.avi,9b354dcbd8d1bfe6bb3db7ebf37a8afe2759b0861ab8839532df069d66fb8724,probable_near_duplicate,1,0,1,0
train|RWF-2000|train/NonFight/rwf_train_nonfight_0519.avi,train,RWF-2000,0,train/NonFight/rwf_train_nonfight_0519.avi,b49f4da4d81e15600c32055db3556e5ba8f956abcc635c9623535d8f6e130e13,probable_near_duplicate,1,0,1,0
train|RWF-2000|train/NonFight/rwf_train_nonfight_0520.avi,train,RWF-2000,0,train/NonFight/rwf_train_nonfight_0520.avi,ec0644c9c330ac8f00c066900aa71c9f0bed9065b0f398373e5eced54147d88e,possible_near_duplicate,0,1,1,0
train|RWF-2000|train/NonFight/rwf_train_nonfight_0531.avi,train,RWF-2000,0,train/NonFight/rwf_train_nonfight_0531.avi,1d41d3ceb4358d2bf7214228988bbdb020c5ba0aae84fdb156794614044069cd,probable_near_duplicate,1,1,1,0
train|RWF-2000|train/NonFight/rwf_train_nonfight_0532.avi,train,RWF-2000,0,train/NonFight/rwf_train_nonfight_0532.avi,5f51e9f6e846cad374f3b5910fbf7761620fe52bd2e998f7bfd11dc243335bcd,probable_near_duplicate,1,0,0,0
train|RWF-2000|train/NonFight/rwf_train_nonfight_0544.avi,train,RWF-2000,0,train/NonFight/rwf_train_nonfight_0544.avi,4b31e139542648f4fa510141cd7a0aecb1f461f4349c499fd87afd20cb44e802,possible_near_duplicate,0,1,1,0
train|RWF-2000|train/NonFight/rwf_train_nonfight_0545.avi,train,RWF-2000,0,train/NonFight/rwf_train_nonfight_0545.avi,c73da3967300306cd8dd033b34c17f5de23f2ac3afefbff9794a46fac329731e,possible_near_duplicate,0,1,1,0
train|RWF-2000|train/NonFight/rwf_train_nonfight_0548.avi,train,RWF-2000,0,train/NonFight/rwf_train_nonfight_0548.avi,0aa2a0d2b946cd6458666565022743d66d2e69d47121ae8b98a24394bdacf664,probable_near_duplicate,2,0,1,0
train|RWF-2000|train/NonFight/rwf_train_nonfight_0550.avi,train,RWF-2000,0,train/NonFight/rwf_train_nonfight_0550.avi,d73567224039fdef95b1b6ce42d66f97f8c9942941ea24fde4d5be798186b3d9,probable_near_duplicate,2,0,1,0
train|RWF-2000|train/NonFight/rwf_train_nonfight_0553.avi,train,RWF-2000,0,train/NonFight/rwf_train_nonfight_0553.avi,73c637af0526720dada253ccc6a278a21f8bd7fe3306eeb2e152264a4cda76aa,possible_near_duplicate,0,1,0,0
train|RWF-2000|train/NonFight/rwf_train_nonfight_0564.avi,train,RWF-2000,0,train/NonFight/rwf_train_nonfight_0564.avi,58d2a07fb8beb4d07a6b353feb639d3ab5e74d6e32f1e3967d7e4669c96b8e45,probable_near_duplicate,2,0,1,0
train|RWF-2000|train/NonFight/rwf_train_nonfight_0566.avi,train,RWF-2000,0,train/NonFight/rwf_train_nonfight_0566.avi,fa46843e8d956aba7b81be48641297255e1fb1a150e46cd18759ea6318b2b2f5,probable_near_duplicate,1,1,1,0
train|RWF-2000|train/NonFight/rwf_train_nonfight_0588.avi,train,RWF-2000,0,train/NonFight/rwf_train_nonfight_0588.avi,72bf7f3680d4d9695dea6de751aa606b50dbc3b8262c12f786ec23ff0c1c8e17,probable_near_duplicate,1,0,0,0
train|RWF-2000|train/NonFight/rwf_train_nonfight_0589.avi,train,RWF-2000,0,train/NonFight/rwf_train_nonfight_0589.avi,c4ed2cd10d5d6650df7b075c629567bdf89f10c600b480c2a892809ef4365f70,probable_near_duplicate,1,0,0,0
train|RWF-2000|train/NonFight/rwf_train_nonfight_0607.avi,train,RWF-2000,0,train/NonFight/rwf_train_nonfight_0607.avi,51dc83da450f122ec48776902954f45eb85c34a8899df272c54c29d3c3e3a28a,probable_near_duplicate,1,0,0,0
train|RWF-2000|train/NonFight/rwf_train_nonfight_0609.avi,train,RWF-2000,0,train/NonFight/rwf_train_nonfight_0609.avi,996962c84c532911a778fa95b4538a988abbe170a2ec9dae1d28125a6a793ef1,probable_near_duplicate,1,0,0,0
train|RWF-2000|train/NonFight/rwf_train_nonfight_0613.avi,train,RWF-2000,0,train/NonFight/rwf_train_nonfight_0613.avi,95eb0a11c58fcb8f2d9cc45056db7739548ffde4112e1af479683981541f2a54,probable_near_duplicate,1,0,0,0
train|RWF-2000|train/NonFight/rwf_train_nonfight_0649.avi,train,RWF-2000,0,train/NonFight/rwf_train_nonfight_0649.avi,d294d27c19bbf97151a7c8fffea92aa1922fa34b62f4f6bd9f42c2d318a50f26,probable_near_duplicate,1,0,0,0
train|RWF-2000|train/NonFight/rwf_train_nonfight_0721.avi,train,RWF-2000,0,train/NonFight/rwf_train_nonfight_0721.avi,e06ff3a7b5a153016a61410d489f827bb95a3c5fadb7aefc02e50a7c3ecc11d3,probable_near_duplicate,3,0,3,0
train|RWF-2000|train/NonFight/rwf_train_nonfight_0799.avi,train,RWF-2000,0,train/NonFight/rwf_train_nonfight_0799.avi,2dd8ec5524857d8165c7da81c4ac8cefe834c81d499f2e2d74601e4787526392,probable_near_duplicate,1,0,1,0
train|RWF-2000|val/Fight/rwf_val_fight_0002.avi,train,RWF-2000,1,val/Fight/rwf_val_fight_0002.avi,2e0407991bd15cbe279e249c3eef0ca7625644d54caa373b9c26f1320c3c5fc3,possible_near_duplicate,0,1,0,0
train|RWF-2000|val/Fight/rwf_val_fight_0004.avi,train,RWF-2000,1,val/Fight/rwf_val_fight_0004.avi,f263534e13c908a96f5ca2d537005743ea9ab626c584a3a935cab3390557b42b,possible_near_duplicate,0,1,0,0
train|RWF-2000|val/Fight/rwf_val_fight_0007.avi,train,RWF-2000,1,val/Fight/rwf_val_fight_0007.avi,dda47b4288429c51beeccccb446dd2b7889abc269d3a155b9a32554a35e7bcbd,probable_near_duplicate,1,0,0,0
train|RWF-2000|val/Fight/rwf_val_fight_0008.avi,train,RWF-2000,1,val/Fight/rwf_val_fight_0008.avi,ed1f14af4e54271422b4d99e878baac2dd8b03bafa649ac1dc0671215445796a,probable_near_duplicate,1,0,0,0
train|RWF-2000|val/Fight/rwf_val_fight_0028.avi,train,RWF-2000,1,val/Fight/rwf_val_fight_0028.avi,5e7c04b3fd54648320258385b37f126944fc98d110fdd44cd59ba9c8448613d8,possible_near_duplicate,0,1,0,0
train|RWF-2000|val/Fight/rwf_val_fight_0029.avi,train,RWF-2000,1,val/Fight/rwf_val_fight_0029.avi,04771d703b86a34242255de5b9ff8d246cf5cfaa2ef937cc81d1559fd2cae67e,probable_near_duplicate,1,0,1,0
train|RWF-2000|val/Fight/rwf_val_fight_0031.avi,train,RWF-2000,1,val/Fight/rwf_val_fight_0031.avi,c376ee14e288e117cba66e584887fd5cf9ca1728abf480c3214cb8111e742bfe,probable_near_duplicate,1,0,0,0
train|RWF-2000|val/Fight/rwf_val_fight_0032.avi,train,RWF-2000,1,val/Fight/rwf_val_fight_0032.avi,9b5004caf0adc0bcccb232a32db537c64368e3e971fe4f7b31db53a69c08ecf7,probable_near_duplicate,1,0,0,0
train|RWF-2000|val/Fight/rwf_val_fight_0033.avi,train,RWF-2000,1,val/Fight/rwf_val_fight_0033.avi,a8fa69d2aee1b75c36a7574059ae813a99b0bbaa382a4fbe107e64a074427317,probable_near_duplicate,1,0,0,0
train|RWF-2000|val/Fight/rwf_val_fight_0034.avi,train,RWF-2000,1,val/Fight/rwf_val_fight_0034.avi,859decacf1bb89b71b11c765052bee27731f6b166aceb991ac26c7faa66e3d9b,probable_near_duplicate,1,0,0,0
train|RWF-2000|val/Fight/rwf_val_fight_0035.avi,train,RWF-2000,1,val/Fight/rwf_val_fight_0035.avi,cf931be790b914c9d4f3332dba2d2ace52593948353fe83866ff9655bc45bb61,probable_near_duplicate,1,0,0,0
train|RWF-2000|val/Fight/rwf_val_fight_0042.avi,train,RWF-2000,1,val/Fight/rwf_val_fight_0042.avi,45d12fe47fc75cd30e471df89dfa3ccd84e2ccfff2c10047217067ab4fb69392,probable_near_duplicate,2,0,2,0
train|RWF-2000|val/Fight/rwf_val_fight_0043.avi,train,RWF-2000,1,val/Fight/rwf_val_fight_0043.avi,19b2bd590cb49f9d18907ed115784cfe47aca52d56624dbacf7279d94758c3d1,probable_near_duplicate,1,0,0,0
train|RWF-2000|val/Fight/rwf_val_fight_0044.avi,train,RWF-2000,1,val/Fight/rwf_val_fight_0044.avi,cd07f558b7c42cf2091f0f6b4bddd865ad49a58e0d46aadfe69b40df9daea665,probable_near_duplicate,1,0,0,0
train|RWF-2000|val/Fight/rwf_val_fight_0068.avi,train,RWF-2000,1,val/Fight/rwf_val_fight_0068.avi,ad7c8c20bc940f14746b3b91b69a78f24d91881fd86d36e6122ceec04c9cf2f4,probable_near_duplicate,1,2,0,0
train|RWF-2000|val/Fight/rwf_val_fight_0070.avi,train,RWF-2000,1,val/Fight/rwf_val_fight_0070.avi,d0a272935005a8e36cb1ca9b0429426cffa53f66c100e3c092f74d2ea6d456bc,probable_near_duplicate,1,0,1,0
train|RWF-2000|val/Fight/rwf_val_fight_0075.avi,train,RWF-2000,1,val/Fight/rwf_val_fight_0075.avi,f23eabfddef2b6bad8719425d4b433c093c000ff8b1d5216e339ca28f2ac3ea5,probable_near_duplicate,1,0,0,0
train|RWF-2000|val/Fight/rwf_val_fight_0076.avi,train,RWF-2000,1,val/Fight/rwf_val_fight_0076.avi,39fbd341523a6c7e695b48998869aed1cdb66be9c3c6110b72f335d00135d55c,probable_near_duplicate,1,0,0,0
train|RWF-2000|val/Fight/rwf_val_fight_0078.avi,train,RWF-2000,1,val/Fight/rwf_val_fight_0078.avi,9ed68524fb74be0d44ae3898d2fc5efd1decc99dc5b34834f23ab62b506d17a3,probable_near_duplicate,2,0,0,0
train|RWF-2000|val/Fight/rwf_val_fight_0079.avi,train,RWF-2000,1,val/Fight/rwf_val_fight_0079.avi,a0f6032d3c74529328b86a5e882c2038f9862decdd59df1387d0a5ada9f37475,probable_near_duplicate,1,1,1,0
train|RWF-2000|val/Fight/rwf_val_fight_0080.avi,train,RWF-2000,1,val/Fight/rwf_val_fight_0080.avi,fb9dad6b1cd16aec6a574d2df0c12f1cc149b23b77e04bc7c961a0f3f19df1d1,probable_near_duplicate,1,0,0,0
train|RWF-2000|val/Fight/rwf_val_fight_0081.avi,train,RWF-2000,1,val/Fight/rwf_val_fight_0081.avi,898e74ef4b465a939a76ed399c539076be646d60a98816a2e449b2a4b70260a9,possible_near_duplicate,0,1,0,0
train|RWF-2000|val/Fight/rwf_val_fight_0084.avi,train,RWF-2000,1,val/Fight/rwf_val_fight_0084.avi,5777eba067fe3fd8da7dc14fd4b8513fa8f1b56c2719b7d3b81895f092a0a4f6,probable_near_duplicate,1,1,1,0
train|RWF-2000|val/Fight/rwf_val_fight_0085.avi,train,RWF-2000,1,val/Fight/rwf_val_fight_0085.avi,3a78ddc3bb842fd12918b7476ce0a9e31db45af8623994eb6e467bf34865f396,probable_near_duplicate,1,0,0,0
train|RWF-2000|val/Fight/rwf_val_fight_0086.avi,train,RWF-2000,1,val/Fight/rwf_val_fight_0086.avi,a956cf85a8bed6aa6eceb91376941e3d1a75169b732c1d95cca0af4978f306b7,probable_near_duplicate,3,0,1,0
train|RWF-2000|val/Fight/rwf_val_fight_0089.avi,train,RWF-2000,1,val/Fight/rwf_val_fight_0089.avi,79ae4d6ae5b236c4c43d54e255fa0675a3b51d4588a52f439febb603690f33e2,probable_near_duplicate,3,0,1,0
train|RWF-2000|val/Fight/rwf_val_fight_0090.avi,train,RWF-2000,1,val/Fight/rwf_val_fight_0090.avi,2bffb6dd79c0831b11bdd8ec8e93c755d343a94db6a64e1ffeb76d41fc7ecff9,probable_near_duplicate,3,0,1,0
train|RWF-2000|val/Fight/rwf_val_fight_0091.avi,train,RWF-2000,1,val/Fight/rwf_val_fight_0091.avi,b508959be1be7317eb0d944cf051b035d583df3b2f92a98e312c60a654272936,probable_near_duplicate,3,0,1,0
train|RWF-2000|val/Fight/rwf_val_fight_0109.avi,train,RWF-2000,1,val/Fight/rwf_val_fight_0109.avi,a4064a1b9862635d7be7213a674d7bf4fbcb53205e2da4af00e75cc76bf6a323,possible_near_duplicate,0,2,1,0
train|RWF-2000|val/Fight/rwf_val_fight_0110.avi,train,RWF-2000,1,val/Fight/rwf_val_fight_0110.avi,06c860dcfc461f74e9d48add2ab53947d500dc1cb1bce99b292478d8a4a959ae,probable_near_duplicate,2,0,1,0
train|RWF-2000|val/Fight/rwf_val_fight_0147.avi,train,RWF-2000,1,val/Fight/rwf_val_fight_0147.avi,e78692a8d11ec8d845e64a49d7129433f814eeed990497994ff60fe9f3fb5f5f,probable_near_duplicate,1,0,0,0
train|RWF-2000|val/Fight/rwf_val_fight_0156.avi,train,RWF-2000,1,val/Fight/rwf_val_fight_0156.avi,e321d62c451fc134ea5e2db77035329908846ceff6ff9927f3c8c298862e31f2,possible_near_duplicate,0,1,0,0
train|RWF-2000|val/Fight/rwf_val_fight_0158.avi,train,RWF-2000,1,val/Fight/rwf_val_fight_0158.avi,cfe1fd4770241474af2414ee4083b76ecb8995214cc65d821b84a853c9a397fb,possible_near_duplicate,0,1,0,0
train|RWF-2000|val/Fight/rwf_val_fight_0164.avi,train,RWF-2000,1,val/Fight/rwf_val_fight_0164.avi,33f219cff53feb6a9a92bb75134816d7dbb3124df11f6a98a987cde3f37f6bca,probable_near_duplicate,4,0,0,0
train|RWF-2000|val/Fight/rwf_val_fight_0169.avi,train,RWF-2000,1,val/Fight/rwf_val_fight_0169.avi,dcae560faef2143271bc80c308cab117c5dda30d6107612295995f6139df97e2,probable_near_duplicate,1,0,0,0
train|RWF-2000|val/Fight/rwf_val_fight_0177.avi,train,RWF-2000,1,val/Fight/rwf_val_fight_0177.avi,8948104c620c36e25a73f3f7008bbb6547eecbb5fd01e431858c03bc917f8580,possible_near_duplicate,0,1,0,0
train|RWF-2000|val/Fight/rwf_val_fight_0184.avi,train,RWF-2000,1,val/Fight/rwf_val_fight_0184.avi,a54acd891d021475d17e3afde3e754f5d8a24c095305d1e8263eb62c547cfaa4,probable_near_duplicate,3,0,0,0
train|RWF-2000|val/Fight/rwf_val_fight_0185.avi,train,RWF-2000,1,val/Fight/rwf_val_fight_0185.avi,5f3b56d5d23aa969e20697bc93e3d0ed40ae3a2774391dd97f69432a5c50f028,probable_near_duplicate,2,0,1,0
train|RWF-2000|val/Fight/rwf_val_fight_0186.avi,train,RWF-2000,1,val/Fight/rwf_val_fight_0186.avi,0b7c86a9fe90cb47a0066fcf72565f26caf598295f5b254f2a4e944027b8c8c2,probable_near_duplicate,2,0,1,0
train|RWF-2000|val/Fight/rwf_val_fight_0187.avi,train,RWF-2000,1,val/Fight/rwf_val_fight_0187.avi,e720c28177bc09153962c243596675dc20b259116e671f4ad9efcda34632a977,probable_near_duplicate,2,0,1,0
train|RWF-2000|val/Fight/rwf_val_fight_0188.avi,train,RWF-2000,1,val/Fight/rwf_val_fight_0188.avi,28eb10b7462309ebf00ed079e1790d660b2aa9790f7f0c8826bedb981c0784e4,probable_near_duplicate,2,0,1,0
train|RWF-2000|val/Fight/rwf_val_fight_0193.avi,train,RWF-2000,1,val/Fight/rwf_val_fight_0193.avi,1f2ea94cff7c34c879587ec8cbd65f25de3f4c929cabaa59f80ede36b7f4e04d,possible_near_duplicate,0,1,0,0
train|RWF-2000|val/Fight/rwf_val_fight_0195.avi,train,RWF-2000,1,val/Fight/rwf_val_fight_0195.avi,4e7b7a5f59b9c34c8c460652d21a59421302bc0b57189612b02ab79c0c07e2c2,probable_near_duplicate,1,0,0,0
train|RWF-2000|val/NonFight/rwf_val_nonfight_0011.avi,train,RWF-2000,0,val/NonFight/rwf_val_nonfight_0011.avi,e70762191fdb4c7ed22211497f8daee42c2b1875d5d5f72d963f82759f6a6cc3,probable_near_duplicate,2,0,0,0
train|RWF-2000|val/NonFight/rwf_val_nonfight_0025.avi,train,RWF-2000,0,val/NonFight/rwf_val_nonfight_0025.avi,41129a99982cad02d9b0600ec21e73507bfb9c12865257d45d3b1acd7ee72421,probable_near_duplicate,1,0,1,0
train|RWF-2000|val/NonFight/rwf_val_nonfight_0091.avi,train,RWF-2000,0,val/NonFight/rwf_val_nonfight_0091.avi,0b317febac373ab2150d9bc48435635ba45211b6acc490c20d627c33762a3e0a,probable_near_duplicate,2,0,0,0
train|RWF-2000|val/NonFight/rwf_val_nonfight_0093.avi,train,RWF-2000,0,val/NonFight/rwf_val_nonfight_0093.avi,35599854c4e598b3a7a3f1e0afe6b2e0b85763dd0d8f11fc53928ba15a804c5e,probable_near_duplicate,3,0,2,0
train|RWF-2000|val/NonFight/rwf_val_nonfight_0122.avi,train,RWF-2000,0,val/NonFight/rwf_val_nonfight_0122.avi,eaa7bc62497cc094f32228de9f9a8848af2d33cdf7e2f7af0ec2484513b6fb4a,possible_near_duplicate,0,1,0,0
train|RWF-2000|val/NonFight/rwf_val_nonfight_0183.avi,train,RWF-2000,0,val/NonFight/rwf_val_nonfight_0183.avi,821ea13878322390d976b63e3cccfb50a7234cd2715657604b6da85c2acfa698,probable_near_duplicate,1,0,0,0
train|RWF-2000|val/NonFight/rwf_val_nonfight_0194.avi,train,RWF-2000,0,val/NonFight/rwf_val_nonfight_0194.avi,cc5d1ba5e876fa442489bc6b854d6a7ceae94e83b12017558b500c684f08d83c,possible_near_duplicate,0,1,0,0
validation|RLVS|NonViolence/NV_183.mp4,validation,RLVS,0,NonViolence/NV_183.mp4,d8c1535a73d8a5670b8cfbfcf79b22398f84c04d9c8920e7f3457d7c38ad7836,probable_near_duplicate,1,2,0,1
validation|RLVS|NonViolence/NV_237.mp4,validation,RLVS,0,NonViolence/NV_237.mp4,a7f53b67b64e8cadb863f09d8e98e654f6b9d67415773d65c395c390c6c5229b,possible_near_duplicate,0,1,0,1
validation|RLVS|NonViolence/NV_288.mp4,validation,RLVS,0,NonViolence/NV_288.mp4,b7a9c9af9316b0650a580cb8494511d9942419b90856e4f407b346878d94f129,possible_near_duplicate,0,2,0,1
validation|RLVS|NonViolence/NV_341.mp4,validation,RLVS,0,NonViolence/NV_341.mp4,40b2190f6d7919eaf730ba6032ffab3855fd8fbbffc4e2e72035eac38ab1e369,possible_near_duplicate,0,1,0,1
validation|RLVS|NonViolence/NV_364.mp4,validation,RLVS,0,NonViolence/NV_364.mp4,a9cdce9797509e4c16b31fe6571fbb19c6aa5e175394f959b075cc8e858151a8,probable_near_duplicate,4,2,0,1
validation|RLVS|NonViolence/NV_373.mp4,validation,RLVS,0,NonViolence/NV_373.mp4,76c4df6393f7cc250ceec92eb72b2baf92cc41de9d4591a00988e24f7a7d0ad3,probable_near_duplicate,3,3,0,1
validation|RLVS|NonViolence/NV_384.mp4,validation,RLVS,0,NonViolence/NV_384.mp4,0a718e47808a9756c20efaffb6f02b1dd2e0703eca11bf2c4b49d2f72f23fb24,probable_near_duplicate,3,1,0,1
validation|RLVS|NonViolence/NV_386.mp4,validation,RLVS,0,NonViolence/NV_386.mp4,9a11248c6bb6b4f44a0be9ef6d61384765c4acd27c451b6b20ee1a70fc623a48,possible_near_duplicate,0,3,0,1
validation|RLVS|NonViolence/NV_391.mp4,validation,RLVS,0,NonViolence/NV_391.mp4,6f7eac696f86b25bcd46e0785b0eb614453c286a48ad7eab6737396e47cf663c,probable_near_duplicate,3,0,0,1
validation|RLVS|NonViolence/NV_393.mp4,validation,RLVS,0,NonViolence/NV_393.mp4,4ac72bae4311899b370a76cc60f1410ba7e7c04f0cd4425a18caabd65b2208b2,probable_near_duplicate,2,2,0,1
validation|RLVS|NonViolence/NV_415.mp4,validation,RLVS,0,NonViolence/NV_415.mp4,aee3cb5e9b4ad621f3f02ad43d6c0559cb6122704a2b315c8a829cb8e9355ef4,possible_near_duplicate,0,1,0,0
validation|RLVS|NonViolence/NV_456.mp4,validation,RLVS,0,NonViolence/NV_456.mp4,3da38d7184d59be866bae93fca91d7251f3fe66438f1226f1d41159098da0801,probable_near_duplicate,1,0,0,1
validation|RLVS|NonViolence/NV_459.mp4,validation,RLVS,0,NonViolence/NV_459.mp4,027f00f4865d7f45f3870ca8e20b89a96c59ad6480029a933eaddb5ac205b764,possible_near_duplicate,0,1,0,1
validation|RLVS|NonViolence/NV_482.mp4,validation,RLVS,0,NonViolence/NV_482.mp4,5f490ef4881ac2f95a36d9ba87da5b34ddae01117ece7425700e47f63cfdaed3,probable_near_duplicate,1,0,0,1
validation|RLVS|NonViolence/NV_493.mp4,validation,RLVS,0,NonViolence/NV_493.mp4,9c727a5c1d414ef9af46902f8857f4411bb69b5d6065565a8a43d2e60b2f5b03,probable_near_duplicate,1,1,0,1
validation|RLVS|NonViolence/NV_511.mp4,validation,RLVS,0,NonViolence/NV_511.mp4,da961b572e5b30b326bf0b357cb6023c05575a51f48b21bd2ffc266bfcf4359f,probable_near_duplicate,1,0,0,1
validation|RLVS|NonViolence/NV_525.mp4,validation,RLVS,0,NonViolence/NV_525.mp4,f08484f6b8f1c9fef0aadb372392fd82f8be3b3a605916510777466c0375506f,possible_near_duplicate,0,2,0,1
validation|RLVS|NonViolence/NV_535.mp4,validation,RLVS,0,NonViolence/NV_535.mp4,ddbc74ec896c15f860a7b96d08113de8eb5737a48ad3cfac0a55adca59d2d094,possible_near_duplicate,0,1,0,1
validation|RLVS|NonViolence/NV_580.mp4,validation,RLVS,0,NonViolence/NV_580.mp4,3a0ff77c53fe01f306aee63ac598d6157fadf3b32e1ccda0afaa81b9e1635f55,possible_near_duplicate,0,1,0,1
validation|RLVS|NonViolence/NV_626.mp4,validation,RLVS,0,NonViolence/NV_626.mp4,635a7b5d32167825cad1ff3d5b52bf7f7b4717ddd7a74c9293f4ad5e4c3eb454,probable_near_duplicate,1,0,0,1
validation|RLVS|NonViolence/NV_658.mp4,validation,RLVS,0,NonViolence/NV_658.mp4,d42f156b2005609ef4ed3e5ae7d4475bec5131ffdbfa2320b4cceeaecfa77a2d,possible_near_duplicate,0,1,0,1
validation|RLVS|NonViolence/NV_683.mp4,validation,RLVS,0,NonViolence/NV_683.mp4,f8f8b475407290912e2bbaac2c2b56054230fb9cc9a4a5443b2ce8d226205520,probable_near_duplicate,1,0,0,1
validation|RLVS|NonViolence/NV_688.mp4,validation,RLVS,0,NonViolence/NV_688.mp4,fe7691bb3d8ecccc64c6271eccd1fd3cc6f4c1bc239b23e5c6b30445b21e96cb,possible_near_duplicate,0,1,0,1
validation|RLVS|NonViolence/NV_709.mp4,validation,RLVS,0,NonViolence/NV_709.mp4,759aa2fbc35aec4fb815e1468bd39f7c34c5a2ea6cbd986ce8dbc3b2d9c0a007,possible_near_duplicate,0,1,0,1
validation|RLVS|NonViolence/NV_811.mp4,validation,RLVS,0,NonViolence/NV_811.mp4,54b224152e5fcc309c9c868ffbf0b5f61b89ad950e3e37cb70665ea1dcab9b98,possible_near_duplicate,0,1,0,1
validation|RLVS|NonViolence/NV_866.avi,validation,RLVS,0,NonViolence/NV_866.avi,3ed741febe2a88c0ff1a5d083498bf3add47a5cafd5c39ad81fdf216f5d65d23,possible_near_duplicate,0,2,0,1
validation|RLVS|NonViolence/NV_939.mp4,validation,RLVS,0,NonViolence/NV_939.mp4,1982b73d82157d1d1db8620b0dc87336f15482ff4ce15510abe7aac90d6786b6,probable_near_duplicate,2,1,0,1
validation|RLVS|NonViolence/NV_952.mp4,validation,RLVS,0,NonViolence/NV_952.mp4,24c5975667d168350378867a5da592005e9c113a877d33f4a71e992821e3bc3e,probable_near_duplicate,1,0,0,1
validation|RLVS|NonViolence/NV_963.mp4,validation,RLVS,0,NonViolence/NV_963.mp4,91e6be304b705136289d8b701f6e8aea0cc00d9333de85883f2a87bf7d3f37cb,possible_near_duplicate,0,1,0,1
validation|RLVS|NonViolence/NV_993.mp4,validation,RLVS,0,NonViolence/NV_993.mp4,0f3e37ab800c79b6a41ce673382c4acc2f65afd60ecff18b95aa4e70f650dfd7,probable_near_duplicate,1,0,0,1
validation|RLVS|NonViolence/NV_998.mp4,validation,RLVS,0,NonViolence/NV_998.mp4,9cbbbd7bb6ddc23bf3b1d3aa6350ce82f1d237ff9b26cf806f8209ecd0a1fa43,probable_near_duplicate,2,1,0,1
validation|RLVS|Violence/V_617.mp4,validation,RLVS,1,Violence/V_617.mp4,fcebc863da0af473726a9dc5a57c359a98c9bafea952906afce20647a4a4d0fd,possible_near_duplicate,0,1,0,1
validation|RWF-2000|train/Fight/rwf_train_fight_0014.avi,validation,RWF-2000,1,train/Fight/rwf_train_fight_0014.avi,072e691fcb16e54cbb5406d911b1265ed5365a5bd9eb736712489d096325cf9b,probable_near_duplicate,1,0,0,1
validation|RWF-2000|train/Fight/rwf_train_fight_0074.avi,validation,RWF-2000,1,train/Fight/rwf_train_fight_0074.avi,28465af8dca0b718aff179ac07acfd13024c4ff02b518035bcb903616e172967,probable_near_duplicate,1,0,0,1
validation|RWF-2000|train/Fight/rwf_train_fight_0077.avi,validation,RWF-2000,1,train/Fight/rwf_train_fight_0077.avi,d7e95c2754354e5beb388b25ec792958225aa63d7d818fa1a8242e7297640cfa,probable_near_duplicate,3,2,2,1
validation|RWF-2000|train/Fight/rwf_train_fight_0089.avi,validation,RWF-2000,1,train/Fight/rwf_train_fight_0089.avi,f0ef03a1a7638cd6533fa18b57c4426beeab424ffb376330c2b9381ef4b1271f,possible_near_duplicate,0,1,0,1
validation|RWF-2000|train/Fight/rwf_train_fight_0110.avi,validation,RWF-2000,1,train/Fight/rwf_train_fight_0110.avi,8a46038afbf7a1af2f3b5e49fbae15ffb92529c90ee6d03c2d7b6b9f671d4c2b,probable_near_duplicate,3,0,1,1
validation|RWF-2000|train/Fight/rwf_train_fight_0131.avi,validation,RWF-2000,1,train/Fight/rwf_train_fight_0131.avi,235a2b8f7089fee9486187b0eff583496f993b88967a2348aad2ce3a10c99f4d,probable_near_duplicate,3,1,0,1
validation|RWF-2000|train/Fight/rwf_train_fight_0135.avi,validation,RWF-2000,1,train/Fight/rwf_train_fight_0135.avi,0e5b5bc2125778febd96f86a99f16268b76741099f2f9943d5617900ed9acfa9,probable_near_duplicate,2,2,0,1
validation|RWF-2000|train/Fight/rwf_train_fight_0154.avi,validation,RWF-2000,1,train/Fight/rwf_train_fight_0154.avi,ee59152bd9bf864e5d3447c3dcb62f6102d607b9e1e83c2b9c62a95e08043103,possible_near_duplicate,0,1,0,1
validation|RWF-2000|train/Fight/rwf_train_fight_0162.avi,validation,RWF-2000,1,train/Fight/rwf_train_fight_0162.avi,85f57b67abbabeb75bf1d9e5505e18b3577538db9293b80ebbcef533f4a2c743,probable_near_duplicate,2,3,1,1
validation|RWF-2000|train/Fight/rwf_train_fight_0166.avi,validation,RWF-2000,1,train/Fight/rwf_train_fight_0166.avi,84b9069a2975c525fc3f4d3ffb5c291a1156a2c45d9e792a78c472c5f4ca89de,probable_near_duplicate,4,0,0,1
validation|RWF-2000|train/Fight/rwf_train_fight_0178.avi,validation,RWF-2000,1,train/Fight/rwf_train_fight_0178.avi,8966c2b4fb80120290d0368a4861a2a6e7d6bea28b4e5958685337bb798dc094,probable_near_duplicate,1,0,0,1
validation|RWF-2000|train/Fight/rwf_train_fight_0185.avi,validation,RWF-2000,1,train/Fight/rwf_train_fight_0185.avi,a437c2eb02b4adf8d0821cd7eeea0ea12ca527c9f82156fd915c4e80c3ba2fff,probable_near_duplicate,3,0,0,1
validation|RWF-2000|train/Fight/rwf_train_fight_0186.avi,validation,RWF-2000,1,train/Fight/rwf_train_fight_0186.avi,541bb318c403e20fe611a2928ba4d7c9096558c8da68e78583609972a2cde462,probable_near_duplicate,3,0,0,1
validation|RWF-2000|train/Fight/rwf_train_fight_0187.avi,validation,RWF-2000,1,train/Fight/rwf_train_fight_0187.avi,c290ddcdd4db12f5cdecd91366010da76a08d60016690b02af429a46386e5ff4,probable_near_duplicate,3,0,0,1
validation|RWF-2000|train/Fight/rwf_train_fight_0210.avi,validation,RWF-2000,1,train/Fight/rwf_train_fight_0210.avi,f2f275ea34421a8001872bc1410d12db7b06af2b5f1dfa23641de759787c8e75,possible_near_duplicate,0,2,0,1
validation|RWF-2000|train/Fight/rwf_train_fight_0213.avi,validation,RWF-2000,1,train/Fight/rwf_train_fight_0213.avi,e533e9581ee19303dcbb85a993c39ae026206741c7c0ee2e7b5140201b9f5e26,probable_near_duplicate,1,1,0,1
validation|RWF-2000|train/Fight/rwf_train_fight_0234.avi,validation,RWF-2000,1,train/Fight/rwf_train_fight_0234.avi,699fc283c996fb33edba232016d4771a97d55a24b9cbf71e8ebcc80619cdee21,probable_near_duplicate,2,0,1,1
validation|RWF-2000|train/Fight/rwf_train_fight_0238.avi,validation,RWF-2000,1,train/Fight/rwf_train_fight_0238.avi,3df8cd951ca6350db88cb81a34bd509e5e5565363de707340569b4aff57b3417,probable_near_duplicate,1,0,0,1
validation|RWF-2000|train/Fight/rwf_train_fight_0257.avi,validation,RWF-2000,1,train/Fight/rwf_train_fight_0257.avi,dff1f63e53407ad44748fce6bd2d0ea41b9218dc7d1e01839771ed805ba2a1d1,probable_near_duplicate,1,0,0,1
validation|RWF-2000|train/Fight/rwf_train_fight_0270.avi,validation,RWF-2000,1,train/Fight/rwf_train_fight_0270.avi,febda1518a536aafc28ec70cfe128ff22c72bfe4463fe7201e66c9098051ad2b,probable_near_duplicate,4,4,1,1
validation|RWF-2000|train/Fight/rwf_train_fight_0273.avi,validation,RWF-2000,1,train/Fight/rwf_train_fight_0273.avi,078172332afa26e1668a25a033ed29d325050598c8d854537922a50375f1051f,probable_near_duplicate,8,0,1,1
validation|RWF-2000|train/Fight/rwf_train_fight_0274.avi,validation,RWF-2000,1,train/Fight/rwf_train_fight_0274.avi,71065c4b4a3a50c33a86aecbb5528a472ddcb2bb798667b65fa7b9b3314dcf5a,probable_near_duplicate,3,6,2,1
validation|RWF-2000|train/Fight/rwf_train_fight_0275.avi,validation,RWF-2000,1,train/Fight/rwf_train_fight_0275.avi,5e3356123499b12a4fc7187de49b6108558ed3c76099cc6a6d971ca35ebd67bd,probable_near_duplicate,6,3,2,1
validation|RWF-2000|train/Fight/rwf_train_fight_0277.avi,validation,RWF-2000,1,train/Fight/rwf_train_fight_0277.avi,d24a31d300a73f10a29400bf4bba720e8a45bcb7b8ca9e292c7b450fa7d9633a,probable_near_duplicate,8,0,1,1
validation|RWF-2000|train/Fight/rwf_train_fight_0280.avi,validation,RWF-2000,1,train/Fight/rwf_train_fight_0280.avi,64a3f212c930fb26e6dc25820c0518fad1110a15c8812912b2182c80535c54ed,probable_near_duplicate,6,0,0,1
validation|RWF-2000|train/Fight/rwf_train_fight_0323.avi,validation,RWF-2000,1,train/Fight/rwf_train_fight_0323.avi,62624acb624357925df21949967c070ddd0ac0451aa222a2a61756c22c15cbcc,possible_near_duplicate,0,1,1,1
validation|RWF-2000|train/Fight/rwf_train_fight_0332.avi,validation,RWF-2000,1,train/Fight/rwf_train_fight_0332.avi,95c03e59ef62bcc29778da6828c34eee06b52f056f1faae33f5ee51b4a96c532,probable_near_duplicate,2,0,0,1
validation|RWF-2000|train/Fight/rwf_train_fight_0350.avi,validation,RWF-2000,1,train/Fight/rwf_train_fight_0350.avi,e2135ba275ab0c5de3756756e147f6763125d86cccea1637aa49c0430f562088,probable_near_duplicate,5,0,1,1
validation|RWF-2000|train/Fight/rwf_train_fight_0388.avi,validation,RWF-2000,1,train/Fight/rwf_train_fight_0388.avi,31775ed989d206bbdaacf3429d2f5a0af2bad1536fa51a591dc719ed0e9151e5,probable_near_duplicate,1,0,0,0
validation|RWF-2000|train/Fight/rwf_train_fight_0428.avi,validation,RWF-2000,1,train/Fight/rwf_train_fight_0428.avi,cd3a9606b6fa21a9e2549d26cfd9a42ab30ef6d7d34a59dac3fa99ae06083473,possible_near_duplicate,0,1,0,1
validation|RWF-2000|train/Fight/rwf_train_fight_0436.avi,validation,RWF-2000,1,train/Fight/rwf_train_fight_0436.avi,da2c8ed1fba7ab24cb81a7a0e215d17c8d854f97a5f6c359048df3ce1470ce6a,probable_near_duplicate,3,0,1,1
validation|RWF-2000|train/Fight/rwf_train_fight_0456.avi,validation,RWF-2000,1,train/Fight/rwf_train_fight_0456.avi,5e314e6360b8558f0f3bd580f6f7ed4c2fd5219b1cbc1be208898ed1232570f5,probable_near_duplicate,4,1,2,1
validation|RWF-2000|train/Fight/rwf_train_fight_0465.avi,validation,RWF-2000,1,train/Fight/rwf_train_fight_0465.avi,eaacb39825d1ccd018cc5832f1057926fc3cac2d08183ab9d70057d75b80b1e7,probable_near_duplicate,3,0,1,1
validation|RWF-2000|train/Fight/rwf_train_fight_0467.avi,validation,RWF-2000,1,train/Fight/rwf_train_fight_0467.avi,262fd7d8a600ad885e4f98d280fcb6fdb5c23cef2327763d5cbe0939e6e985c0,probable_near_duplicate,1,2,1,1
validation|RWF-2000|train/Fight/rwf_train_fight_0472.avi,validation,RWF-2000,1,train/Fight/rwf_train_fight_0472.avi,eacf70cd5ef4e99bd2c1db6f6fc1ce1d2e4a60e9c0530460303f4dc7cb82edc4,probable_near_duplicate,4,0,0,1
validation|RWF-2000|train/Fight/rwf_train_fight_0474.avi,validation,RWF-2000,1,train/Fight/rwf_train_fight_0474.avi,16e05acf728ea3ba248bd321ed2447813e7f9cbccf8623434a2cd994deb5b88f,possible_near_duplicate,0,2,1,1
validation|RWF-2000|train/Fight/rwf_train_fight_0487.avi,validation,RWF-2000,1,train/Fight/rwf_train_fight_0487.avi,5488e8016450db545e4aae7bb25fe1d24b3320d1dcab956da4cfe1a5d82b3eb0,possible_near_duplicate,0,1,0,0
validation|RWF-2000|train/Fight/rwf_train_fight_0495.avi,validation,RWF-2000,1,train/Fight/rwf_train_fight_0495.avi,1224b3a5e276b971acc5d6e553781f5445fe27778618fbdc4a2bf5bbe1cc07f5,probable_near_duplicate,2,0,0,1
validation|RWF-2000|train/Fight/rwf_train_fight_0505.avi,validation,RWF-2000,1,train/Fight/rwf_train_fight_0505.avi,9239b64ba91c6a4e29eaa9c7dee2f07e3ef813fc8e01eb514be135749f09604a,probable_near_duplicate,2,0,0,1
validation|RWF-2000|train/Fight/rwf_train_fight_0506.avi,validation,RWF-2000,1,train/Fight/rwf_train_fight_0506.avi,6da1d6a3b6f43eaddc6ab0596a2c2be38be2fd9dc326421be839d61c4fa914f8,probable_near_duplicate,2,0,0,1
validation|RWF-2000|train/Fight/rwf_train_fight_0511.avi,validation,RWF-2000,1,train/Fight/rwf_train_fight_0511.avi,3800a8b7c24541c25b21a8c9d73001395cc04e321c187debd02cb7014a5d1cca,probable_near_duplicate,2,1,2,1
validation|RWF-2000|train/Fight/rwf_train_fight_0513.avi,validation,RWF-2000,1,train/Fight/rwf_train_fight_0513.avi,32da8e94e19a280fbd2e49e0d76540cbc988d7b647dd212f58b90e7fddf06ae7,possible_near_duplicate,0,2,0,1
validation|RWF-2000|train/Fight/rwf_train_fight_0536.avi,validation,RWF-2000,1,train/Fight/rwf_train_fight_0536.avi,93e0bf47fbe10134634f8d7e884dc65df5beff0c56c5bfa623e834528d0af230,probable_near_duplicate,4,0,2,1
validation|RWF-2000|train/Fight/rwf_train_fight_0537.avi,validation,RWF-2000,1,train/Fight/rwf_train_fight_0537.avi,f9c6f6edc976c9ffde0546ee62f374df8a78f4d746b447373d9f44c634d8d058,probable_near_duplicate,4,0,2,1
validation|RWF-2000|train/Fight/rwf_train_fight_0582.avi,validation,RWF-2000,1,train/Fight/rwf_train_fight_0582.avi,ecf9f4440fc97326d2b2b7eb38067dd3141b527729b0fc9d0edeea755eafabaa,possible_near_duplicate,0,1,0,1
validation|RWF-2000|train/Fight/rwf_train_fight_0610.avi,validation,RWF-2000,1,train/Fight/rwf_train_fight_0610.avi,98890de3073c8556b6b400dce8b9e856a05a37a1ae927793d02a3b5f8e5774a3,probable_near_duplicate,2,1,0,1
validation|RWF-2000|train/Fight/rwf_train_fight_0617.avi,validation,RWF-2000,1,train/Fight/rwf_train_fight_0617.avi,d8f9912e195688c22fb0cc9d5db8f6315291439a1a9ead8279bba42b7d4bd763,probable_near_duplicate,1,2,0,1
validation|RWF-2000|train/Fight/rwf_train_fight_0646.avi,validation,RWF-2000,1,train/Fight/rwf_train_fight_0646.avi,174697d14029f9e36f7829d2ad00fd0e50c38c3aafb68c09a1c8e1053c1500d1,probable_near_duplicate,4,0,0,1
validation|RWF-2000|train/Fight/rwf_train_fight_0676.avi,validation,RWF-2000,1,train/Fight/rwf_train_fight_0676.avi,3b6eafee6acac08466028034e27c74984bd19da73e7fedab44aca09c3c80a36f,possible_near_duplicate,0,2,0,1
validation|RWF-2000|train/Fight/rwf_train_fight_0696.avi,validation,RWF-2000,1,train/Fight/rwf_train_fight_0696.avi,2e35dbfaa8be6f07d3ee798a0b778bf0ece0fa0b58cbfebe88b8d8b9204cf939,probable_near_duplicate,1,0,0,0
validation|RWF-2000|train/Fight/rwf_train_fight_0698.avi,validation,RWF-2000,1,train/Fight/rwf_train_fight_0698.avi,e4db1b671670e8e86de7d4107b456f943265785358824cca87610493aa7e5e43,probable_near_duplicate,1,1,0,1
validation|RWF-2000|train/Fight/rwf_train_fight_0703.avi,validation,RWF-2000,1,train/Fight/rwf_train_fight_0703.avi,f5e4b66d842a2af8ad1e201ce8a8b80124a50f334a02e32395815320925a3545,probable_near_duplicate,4,0,1,1
validation|RWF-2000|train/Fight/rwf_train_fight_0704.avi,validation,RWF-2000,1,train/Fight/rwf_train_fight_0704.avi,3eec4b744795d4818f36e34da8d295d5c1240ba451fc9464f4a986f9b8e9f3ae,probable_near_duplicate,4,0,1,1
validation|RWF-2000|train/Fight/rwf_train_fight_0737.avi,validation,RWF-2000,1,train/Fight/rwf_train_fight_0737.avi,140d959d01ffdc8804d4a49da0601146552f50c31f208f492c5370c64feff56d,probable_near_duplicate,3,0,0,1
validation|RWF-2000|train/Fight/rwf_train_fight_0765.avi,validation,RWF-2000,1,train/Fight/rwf_train_fight_0765.avi,653eca47da3c77fe13ebb2ed4ff29ac37f8265163fb6955ad76af41e430431f0,probable_near_duplicate,4,0,1,1
validation|RWF-2000|train/Fight/rwf_train_fight_0779.avi,validation,RWF-2000,1,train/Fight/rwf_train_fight_0779.avi,506fa25a1303d0ebb44c3bde5d54fff160830b79eb613b4334f44b84780b6a84,possible_near_duplicate,0,2,0,1
validation|RWF-2000|train/Fight/rwf_train_fight_0783.avi,validation,RWF-2000,1,train/Fight/rwf_train_fight_0783.avi,93e39a9db0da74f4d19ce8ec12fcaf83bec3a0915bc58759a38a9a41abdced9d,probable_near_duplicate,3,0,0,1
validation|RWF-2000|train/NonFight/rwf_train_nonfight_0039.avi,validation,RWF-2000,0,train/NonFight/rwf_train_nonfight_0039.avi,a9946ff72edc1f414b8aab6775d494bdd397b2102accd31410d6ae8176213dc2,probable_near_duplicate,1,2,1,1
validation|RWF-2000|train/NonFight/rwf_train_nonfight_0042.avi,validation,RWF-2000,0,train/NonFight/rwf_train_nonfight_0042.avi,207172b71f72092cad2217a71ebc79bd6ab08fa9f079442e5b8a31c139261f4f,probable_near_duplicate,1,1,0,1
validation|RWF-2000|train/NonFight/rwf_train_nonfight_0062.avi,validation,RWF-2000,0,train/NonFight/rwf_train_nonfight_0062.avi,257daad5eebfcce6fa14e55af2ae3cea6f1a85b6e7e2d7683dac7e2aaeca4bf5,probable_near_duplicate,1,0,0,1
validation|RWF-2000|train/NonFight/rwf_train_nonfight_0067.avi,validation,RWF-2000,0,train/NonFight/rwf_train_nonfight_0067.avi,0d7ae34e777fc8d7e33a28c611d17edad5c9e03ac8ea5201908a67e513e58c69,probable_near_duplicate,1,0,1,1
validation|RWF-2000|train/NonFight/rwf_train_nonfight_0111.avi,validation,RWF-2000,0,train/NonFight/rwf_train_nonfight_0111.avi,24b25071a2343d5f8c696b95259fc5d72283b8a2a50ea84d1dbba6aed9da6cbb,probable_near_duplicate,1,1,1,1
validation|RWF-2000|train/NonFight/rwf_train_nonfight_0133.avi,validation,RWF-2000,0,train/NonFight/rwf_train_nonfight_0133.avi,37a1344db9f15b99c36f75292eb8b03b12d91b4d84596e1c05dfc043987388e9,probable_near_duplicate,2,0,0,1
validation|RWF-2000|train/NonFight/rwf_train_nonfight_0146.avi,validation,RWF-2000,0,train/NonFight/rwf_train_nonfight_0146.avi,6748043ab182a79f1effa9308dca448bfd0f629c725e73c8f7ec50d5e7d61ccc,possible_near_duplicate,0,1,0,1
validation|RWF-2000|train/NonFight/rwf_train_nonfight_0148.avi,validation,RWF-2000,0,train/NonFight/rwf_train_nonfight_0148.avi,b9d6d4e7a2fb5e2ad5541d8af8369a5aef143daa1408c60c1a58a4ea2e57657c,possible_near_duplicate,0,1,0,1
validation|RWF-2000|train/NonFight/rwf_train_nonfight_0159.avi,validation,RWF-2000,0,train/NonFight/rwf_train_nonfight_0159.avi,25b16947e924b57a83bc85e8601d30fdb947cd51a89d65a5050d5f8d45ca638e,probable_near_duplicate,1,0,0,1
validation|RWF-2000|train/NonFight/rwf_train_nonfight_0160.avi,validation,RWF-2000,0,train/NonFight/rwf_train_nonfight_0160.avi,e6ec027ea18f4c66b0c10ac327eb4815a6573cfb02b10f3fa900ee5cd80d595b,probable_near_duplicate,1,0,0,1
validation|RWF-2000|train/NonFight/rwf_train_nonfight_0167.avi,validation,RWF-2000,0,train/NonFight/rwf_train_nonfight_0167.avi,17cef2c9b58dd6870c954c3ab23d97416d5183e1f5b5d30c8a65ede40d0fdbed,probable_near_duplicate,1,0,0,1
validation|RWF-2000|train/NonFight/rwf_train_nonfight_0170.avi,validation,RWF-2000,0,train/NonFight/rwf_train_nonfight_0170.avi,61d098a4ce594c799a841b89366dd383505d0d0a09edc0f805d5546454e5f337,probable_near_duplicate,1,0,0,1
validation|RWF-2000|train/NonFight/rwf_train_nonfight_0182.avi,validation,RWF-2000,0,train/NonFight/rwf_train_nonfight_0182.avi,8c9d7927f2cabb5593b2bb7713d911920d49d0a2ee9020088c5667c41df26f1b,probable_near_duplicate,3,0,2,1
validation|RWF-2000|train/NonFight/rwf_train_nonfight_0216.avi,validation,RWF-2000,0,train/NonFight/rwf_train_nonfight_0216.avi,4d4a8e73743066426ce508bbf7eccf6b667ec07011a0faf0d2debc78dfaf20db,possible_near_duplicate,0,1,0,1
validation|RWF-2000|train/NonFight/rwf_train_nonfight_0229.avi,validation,RWF-2000,0,train/NonFight/rwf_train_nonfight_0229.avi,d0e448315e29173fe011c36ba3e9ec15649cba5e07669910e2322851981c0f90,probable_near_duplicate,5,0,2,1
validation|RWF-2000|train/NonFight/rwf_train_nonfight_0249.avi,validation,RWF-2000,0,train/NonFight/rwf_train_nonfight_0249.avi,17c733ecf2eee4e80e37072efe23737f3e12f277132fca6da69f0d3f29da5637,probable_near_duplicate,4,0,1,1
validation|RWF-2000|train/NonFight/rwf_train_nonfight_0272.avi,validation,RWF-2000,0,train/NonFight/rwf_train_nonfight_0272.avi,f2a741787ec732b6c2ad442ff023a33959d188051c0dd4f49247bd71a59af45d,probable_near_duplicate,1,1,1,1
validation|RWF-2000|train/NonFight/rwf_train_nonfight_0273.avi,validation,RWF-2000,0,train/NonFight/rwf_train_nonfight_0273.avi,6c611cfe6eaf90002c1bc5e907169b54ea37e55b209cf114bf537de11e120ae6,possible_near_duplicate,0,1,0,1
validation|RWF-2000|train/NonFight/rwf_train_nonfight_0296.avi,validation,RWF-2000,0,train/NonFight/rwf_train_nonfight_0296.avi,634b519f71455dfcb9a0d03682b1cf814ed82231d315af27a850dd8380d29117,probable_near_duplicate,1,1,0,1
validation|RWF-2000|train/NonFight/rwf_train_nonfight_0342.avi,validation,RWF-2000,0,train/NonFight/rwf_train_nonfight_0342.avi,75c97eca7042c9c82abbd9f338b21cc3a6a8898d0c38f913ac08727bc7a5a018,probable_near_duplicate,2,0,2,1
validation|RWF-2000|train/NonFight/rwf_train_nonfight_0394.avi,validation,RWF-2000,0,train/NonFight/rwf_train_nonfight_0394.avi,e0aa8f2922f019e2e80a56a625dc298463da4b23a57be0f3cd9240112071afdc,probable_near_duplicate,5,0,4,1
validation|RWF-2000|train/NonFight/rwf_train_nonfight_0395.avi,validation,RWF-2000,0,train/NonFight/rwf_train_nonfight_0395.avi,d3930e937a93fee8f2a232b9880f8cc55611e1cf3d82949bd2680ebea034b1d7,probable_near_duplicate,5,0,4,1
validation|RWF-2000|train/NonFight/rwf_train_nonfight_0406.avi,validation,RWF-2000,0,train/NonFight/rwf_train_nonfight_0406.avi,747d409aceb7d2d9b17c8bcbcff8933c4168fd0fbfba06920b8ac93d4a02ce8d,probable_near_duplicate,2,1,0,1
validation|RWF-2000|train/NonFight/rwf_train_nonfight_0431.avi,validation,RWF-2000,0,train/NonFight/rwf_train_nonfight_0431.avi,82755e43f8e48adcde56c7512eec6235e882b85e7dd5d0b40934fab8ffb544a8,probable_near_duplicate,2,0,1,1
validation|RWF-2000|train/NonFight/rwf_train_nonfight_0454.avi,validation,RWF-2000,0,train/NonFight/rwf_train_nonfight_0454.avi,26db7d30d4cf3640227a0fccc962ba5f96fe3e36e1b34d49b2ed12f6ec4d519b,probable_near_duplicate,1,1,0,1
validation|RWF-2000|train/NonFight/rwf_train_nonfight_0462.avi,validation,RWF-2000,0,train/NonFight/rwf_train_nonfight_0462.avi,cf3482a526853feb03490b45039eef1abc4bb3c5f9b4f58736deceb73bac0bf6,probable_near_duplicate,1,0,0,1
validation|RWF-2000|train/NonFight/rwf_train_nonfight_0500.avi,validation,RWF-2000,0,train/NonFight/rwf_train_nonfight_0500.avi,e468352938f73e1b17356079254f6a5bf5afababfe7df4468ad4dce00371c4cc,possible_near_duplicate,0,1,0,1
validation|RWF-2000|train/NonFight/rwf_train_nonfight_0533.avi,validation,RWF-2000,0,train/NonFight/rwf_train_nonfight_0533.avi,7f95e053902572398f8704b29d90b3ef64fc4ad200b572eac6281cfc8d4b8607,probable_near_duplicate,3,0,1,1
validation|RWF-2000|train/NonFight/rwf_train_nonfight_0560.avi,validation,RWF-2000,0,train/NonFight/rwf_train_nonfight_0560.avi,482ee3063a8e69dbdd06f6c626cde2fee3ff7bf1177a8953b0e78c071eb6ad0f,probable_near_duplicate,2,0,2,1
validation|RWF-2000|train/NonFight/rwf_train_nonfight_0563.avi,validation,RWF-2000,0,train/NonFight/rwf_train_nonfight_0563.avi,f5e15c7ecb7237342aeae32ddd623f40a6dcb1abe7e28149de149f8eb49d45b4,probable_near_duplicate,1,0,0,1
validation|RWF-2000|train/NonFight/rwf_train_nonfight_0590.avi,validation,RWF-2000,0,train/NonFight/rwf_train_nonfight_0590.avi,71da352a4b6bed3d2b9f30ffb209916562b60d5dc38f7e664ea279cdde32042e,probable_near_duplicate,5,0,3,1
validation|RWF-2000|train/NonFight/rwf_train_nonfight_0608.avi,validation,RWF-2000,0,train/NonFight/rwf_train_nonfight_0608.avi,a0e22f1d64c2907bb773177d463c16844425a31b5edff800595bf46d2399bd0d,probable_near_duplicate,5,0,3,1
validation|RWF-2000|train/NonFight/rwf_train_nonfight_0650.avi,validation,RWF-2000,0,train/NonFight/rwf_train_nonfight_0650.avi,3fb9b570f4138e9fc294e42ef70b46527b670dd4fd0ff8b2b28ade603a1ede26,probable_near_duplicate,1,1,0,1
validation|RWF-2000|train/NonFight/rwf_train_nonfight_0660.avi,validation,RWF-2000,0,train/NonFight/rwf_train_nonfight_0660.avi,95de62bfeb59b65ef853074e23cc1086dd22794b41326b585ad8aefe5e8b2460,probable_near_duplicate,2,0,0,1
validation|RWF-2000|train/NonFight/rwf_train_nonfight_0693.avi,validation,RWF-2000,0,train/NonFight/rwf_train_nonfight_0693.avi,11523978964d013ec61c697b7d19960d1a83e5162948b42711402de682431db4,possible_near_duplicate,0,1,1,0
validation|RWF-2000|train/NonFight/rwf_train_nonfight_0726.avi,validation,RWF-2000,0,train/NonFight/rwf_train_nonfight_0726.avi,7303e123d1425b6cad836aec75a2fdb72838ac4a7d9844885c861d7b8f112da1,possible_near_duplicate,0,1,0,0
validation|RWF-2000|val/Fight/rwf_val_fight_0030.avi,validation,RWF-2000,1,val/Fight/rwf_val_fight_0030.avi,44d0e15d2193ac452a1f7f476d61db61a799647f63615c1eb6181fe0fc79b861,probable_near_duplicate,4,0,0,1
validation|RWF-2000|val/Fight/rwf_val_fight_0064.avi,validation,RWF-2000,1,val/Fight/rwf_val_fight_0064.avi,5ce640af8d5939302ede9da0b75cd5c67e60df55d97aaa8e5eb59457e5864321,possible_near_duplicate,0,2,0,1
validation|RWF-2000|val/Fight/rwf_val_fight_0162.avi,validation,RWF-2000,1,val/Fight/rwf_val_fight_0162.avi,bf1f23192966cc8161e38223611953dac3defdb091b73a929077fd125543bbdc,probable_near_duplicate,2,1,0,1
validation|RWF-2000|val/Fight/rwf_val_fight_0163.avi,validation,RWF-2000,1,val/Fight/rwf_val_fight_0163.avi,bf04c8e9898cb4fee4c636621ee191de7212c8d229a87933ce4c82608b972e6c,probable_near_duplicate,3,0,0,1
validation|RWF-2000|val/Fight/rwf_val_fight_0176.avi,validation,RWF-2000,1,val/Fight/rwf_val_fight_0176.avi,f007fec0687bdcd7a5d9a1a3678ab08d19d0689b7f087d81583f81fac7e2e3ba,possible_near_duplicate,0,1,0,1
validation|RWF-2000|val/Fight/rwf_val_fight_0181.avi,validation,RWF-2000,1,val/Fight/rwf_val_fight_0181.avi,b0e963a3903d6f1fa49b701689947e783f4511f3d05e7c231027b25e50833f27,probable_near_duplicate,2,0,0,1
validation|RWF-2000|val/Fight/rwf_val_fight_0183.avi,validation,RWF-2000,1,val/Fight/rwf_val_fight_0183.avi,04891b687702412884e308af4cf5c3134d62e2a4725df1cdc43cbcc134bee30f,probable_near_duplicate,2,0,0,1
validation|RWF-2000|val/Fight/rwf_val_fight_0189.avi,validation,RWF-2000,1,val/Fight/rwf_val_fight_0189.avi,70cc8acce051dd5f21e074a590088b0f905c0022d959dc297befbcf9b78510d2,probable_near_duplicate,4,0,0,1
validation|RWF-2000|val/NonFight/rwf_val_nonfight_0009.avi,validation,RWF-2000,0,val/NonFight/rwf_val_nonfight_0009.avi,9ad92d6f718b8f03d71d953d7f7216cbd084789d04ca3643c4a62b9546228a46,probable_near_duplicate,1,0,0,1
validation|RWF-2000|val/NonFight/rwf_val_nonfight_0010.avi,validation,RWF-2000,0,val/NonFight/rwf_val_nonfight_0010.avi,45552b629feab3f05ec2d8f1af38ca84d7587a2e816acdcd33a1678ffc3aea73,probable_near_duplicate,1,0,0,1
validation|RWF-2000|val/NonFight/rwf_val_nonfight_0023.avi,validation,RWF-2000,0,val/NonFight/rwf_val_nonfight_0023.avi,657697c4a2fbcf6174fa9b508ab4144cf3dc95333df105fd00c386d83ad3c126,probable_near_duplicate,1,0,1,1
validation|RWF-2000|val/NonFight/rwf_val_nonfight_0040.avi,validation,RWF-2000,0,val/NonFight/rwf_val_nonfight_0040.avi,1ed5a53fea0cafff78517810b88c636bf1faa7efe64850ec238c8878433b9e5d,probable_near_duplicate,1,0,1,1
validation|RWF-2000|val/NonFight/rwf_val_nonfight_0041.avi,validation,RWF-2000,0,val/NonFight/rwf_val_nonfight_0041.avi,dbc517113bb5f6b1e9429ea796e26524eebbc2c8f8351f7783cb8d665d1877fe,probable_near_duplicate,1,0,1,1
validation|RWF-2000|val/NonFight/rwf_val_nonfight_0072.avi,validation,RWF-2000,0,val/NonFight/rwf_val_nonfight_0072.avi,7755a37555189eb674bd3e3bae480af8a02961d96e14c0d8d92868450e833dd8,probable_near_duplicate,1,0,1,1
validation|RWF-2000|val/NonFight/rwf_val_nonfight_0079.avi,validation,RWF-2000,0,val/NonFight/rwf_val_nonfight_0079.avi,3aaa3259768f9d011803303d03d9d76f73803c8d2033f84230c110956d227aff,possible_near_duplicate,0,3,3,1
validation|RWF-2000|val/NonFight/rwf_val_nonfight_0094.avi,validation,RWF-2000,0,val/NonFight/rwf_val_nonfight_0094.avi,81a473c0b0d9593e99302d50015b4c87cd3e13994fd0a78a35417dca0c6dfd15,probable_near_duplicate,7,0,6,1
validation|RWF-2000|val/NonFight/rwf_val_nonfight_0108.avi,validation,RWF-2000,0,val/NonFight/rwf_val_nonfight_0108.avi,563f6b1c05a28c37c7475e799509594bda97c5f557d98960ea96eca063f0485e,possible_near_duplicate,0,1,0,0
validation|RWF-2000|val/NonFight/rwf_val_nonfight_0184.avi,validation,RWF-2000,0,val/NonFight/rwf_val_nonfight_0184.avi,e46c7b38861bf49d3e3eb34d861497ce3a980938c76d3e6d4c39855a42ab08d3,probable_near_duplicate,4,0,4,1
validation|RWF-2000|val/NonFight/rwf_val_nonfight_0195.avi,validation,RWF-2000,0,val/NonFight/rwf_val_nonfight_0195.avi,92df65d4cdf4694a3c63abe39d9e6cd31371a77d64f02aa8e7bb849b28779921,possible_near_duplicate,0,1,0,1
