split_a,split_b,dataset_a,dataset_b,label_a,label_b,relative_path_a,relative_path_b,sha256_a,sha256_b,source_id_a,source_id_b,source_id_match,basename_match,duration_seconds_a,duration_seconds_b,duration_delta_seconds,duration_ratio,resolution_a,resolution_b,min_phash_hamming,ordered_matches_h6,ordered_matches_h8,classification
train,test,RWF-2000,RWF-2000,1,1,val/Fight/rwf_val_fight_0008.avi,val/Fight/rwf_val_fight_0009.avi,ed1f14af4e54271422b4d99e878baac2dd8b03bafa649ac1dc0671215445796a,2e10629eb5dd190a81b3b93ff0dfe35dc8c16eeb8e88a6654a1ddec5d92f4728,,,0,0,5.000000,5.000000,0.0,1.0,320x240,320x240,0,9,9,probable_near_duplicate
train,validation,RWF-2000,RWF-2000,0,0,train/NonFight/rwf_train_nonfight_0589.avi,train/NonFight/rwf_train_nonfight_0590.avi,c4ed2cd10d5d6650df7b075c629567bdf89f10c600b480c2a892809ef4365f70,71da352a4b6bed3d2b9f30ffb209916562b60d5dc38f7e664ea279cdde32042e,,,0,0,5.000000,5.000000,0.0,1.0,1280x720,1280x720,0,9,9,probable_near_duplicate
train,test,RWF-2000,RWF-2000,0,0,train/NonFight/rwf_train_nonfight_0613.avi,train/NonFight/rwf_train_nonfight_0633.avi,95eb0a11c58fcb8f2d9cc45056db7739548ffde4112e1af479683981541f2a54,61f406ddbca6730542b0f947a997aabfaee5ca6038da9662d51849da65fb6f3b,,,0,0,5.000000,5.000000,0.0,1.0,320x240,320x240,0,9,9,probable_near_duplicate
train,validation,RWF-2000,RWF-2000,1,1,val/Fight/rwf_val_fight_0033.avi,val/Fight/rwf_val_fight_0030.avi,a8fa69d2aee1b75c36a7574059ae813a99b0bbaa382a4fbe107e64a074427317,44d0e15d2193ac452a1f7f476d61db61a799647f63615c1eb6181fe0fc79b861,,,0,0,5.000000,5.000000,0.0,1.0,1280x720,1280x720,0,9,9,probable_near_duplicate
train,validation,RWF-2000,RWF-2000,1,1,train/Fight/rwf_train_fight_0276.avi,train/Fight/rwf_train_fight_0277.avi,56bb908d3810f171bfe6caff2fb4d547568a9f7c7bb010c85bb2423d82361380,d24a31d300a73f10a29400bf4bba720e8a45bcb7b8ca9e292c7b450fa7d9633a,,,0,0,5.000000,5.000000,0.0,1.0,640x360,640x360,0,9,9,probable_near_duplicate
train,validation,RWF-2000,RWF-2000,1,1,train/Fight/rwf_train_fight_0276.avi,train/Fight/rwf_train_fight_0273.avi,56bb908d3810f171bfe6caff2fb4d547568a9f7c7bb010c85bb2423d82361380,078172332afa26e1668a25a033ed29d325050598c8d854537922a50375f1051f,,,0,0,5.000000,5.000000,0.0,1.0,640x360,640x360,0,9,9,probable_near_duplicate
train,validation,RWF-2000,RWF-2000,0,1,train/NonFight/rwf_train_nonfight_0298.avi,train/Fight/rwf_train_fight_0273.avi,e53df4ebd681c438144869409c0f09170409783d7eaec72533ca6711d3ab7464,078172332afa26e1668a25a033ed29d325050598c8d854537922a50375f1051f,,,0,0,5.000000,5.000000,0.0,1.0,640x360,640x360,0,9,9,probable_near_duplicate
train,validation,RWF-2000,RWF-2000,1,1,train/Fight/rwf_train_fight_0284.avi,train/Fight/rwf_train_fight_0280.avi,8077cf486ac19c4f7638a96d80d717c2734897a0583118066e662d45bd517802,64a3f212c930fb26e6dc25820c0518fad1110a15c8812912b2182c80535c54ed,,,0,0,5.000000,5.000000,0.0,1.0,320x240,320x240,0,9,9,probable_near_duplicate
train,test,RWF-2000,RWF-2000,1,1,train/Fight/rwf_train_fight_0284.avi,train/Fight/rwf_train_fight_0279.avi,8077cf486ac19c4f7638a96d80d717c2734897a0583118066e662d45bd517802,0fa1d34f2ff90ea667a44782a35835003673c4d2abc7c5370604a2a99677bc01,,,0,0,5.000000,5.000000,0.0,1.0,320x240,320x240,0,9,9,probable_near_duplicate
train,test,RWF-2000,RWF-2000,1,1,train/Fight/rwf_train_fight_0284.avi,train/Fight/rwf_train_fight_0282.avi,8077cf486ac19c4f7638a96d80d717c2734897a0583118066e662d45bd517802,2c7b1fb6c5715cfd96f7b1865f8c87b9f1452fd0e260ec5126b9b674eb2a0185,,,0,0,5.000000,5.000000,0.0,1.0,320x240,320x240,0,9,9,probable_near_duplicate
train,validation,RWF-2000,RWF-2000,1,1,train/Fight/rwf_train_fight_0283.avi,train/Fight/rwf_train_fight_0280.avi,b11ad3e2cba8141d0e851d6fd6417b801e52a7271ca2703f069bf092ce922531,64a3f212c930fb26e6dc25820c0518fad1110a15c8812912b2182c80535c54ed,,,0,0,5.000000,5.000000,0.0,1.0,320x240,320x240,0,9,9,probable_near_duplicate
train,test,RWF-2000,RWF-2000,1,1,train/Fight/rwf_train_fight_0283.avi,train/Fight/rwf_train_fight_0279.avi,b11ad3e2cba8141d0e851d6fd6417b801e52a7271ca2703f069bf092ce922531,0fa1d34f2ff90ea667a44782a35835003673c4d2abc7c5370604a2a99677bc01,,,0,0,5.000000,5.000000,0.0,1.0,320x240,320x240,0,9,9,probable_near_duplicate
train,test,RWF-2000,RWF-2000,1,1,train/Fight/rwf_train_fight_0283.avi,train/Fight/rwf_train_fight_0282.avi,b11ad3e2cba8141d0e851d6fd6417b801e52a7271ca2703f069bf092ce922531,2c7b1fb6c5715cfd96f7b1865f8c87b9f1452fd0e260ec5126b9b674eb2a0185,,,0,0,5.000000,5.000000,0.0,1.0,320x240,320x240,0,9,9,probable_near_duplicate
train,validation,RLVS,RLVS,0,0,NonViolence/NV_392.mp4,NonViolence/NV_393.mp4,8aa83a80889eafdcf49bb15791e0116ebbe8b8317923970cf9311bf7c9c00a59,4ac72bae4311899b370a76cc60f1410ba7e7c04f0cd4425a18caabd65b2208b2,,,0,0,5.000000,5.000000,0.0,1.0,224x224,224x224,0,9,9,probable_near_duplicate
train,test,RWF-2000,RWF-2000,0,0,train/NonFight/rwf_train_nonfight_0150.avi,train/NonFight/rwf_train_nonfight_0151.avi,2887d0e140b3bc6622954f0e7bef7eb66103c55b08a998af2c2a3693231b1ea9,6aaaafce247f0097f50396e071ad5c4df9cc52f248adf652bdf3db02556a1829,,,0,0,5.000000,5.000000,0.0,1.0,540x360,540x360,0,9,9,probable_near_duplicate
train,test,RWF-2000,RWF-2000,1,1,val/Fight/rwf_val_fight_0086.avi,val/Fight/rwf_val_fight_0087.avi,a956cf85a8bed6aa6eceb91376941e3d1a75169b732c1d95cca0af4978f306b7,4966e3a8b1f8580b93a4783fd982d239051b21567b47463e1485c2f3e141f69a,,,0,0,5.000000,5.000000,0.0,1.0,406x720,406x720,0,8,9,probable_near_duplicate
train,validation,RWF-2000,RWF-2000,0,0,val/NonFight/rwf_val_nonfight_0091.avi,train/NonFight/rwf_train_nonfight_0660.avi,0b317febac373ab2150d9bc48435635ba45211b6acc490c20d627c33762a3e0a,95de62bfeb59b65ef853074e23cc1086dd22794b41326b585ad8aefe5e8b2460,,,0,0,5.000000,5.000000,0.0,1.0,320x240,320x240,0,9,9,probable_near_duplicate
train,test,RWF-2000,RWF-2000,0,0,val/NonFight/rwf_val_nonfight_0091.avi,train/NonFight/rwf_train_nonfight_0587.avi,0b317febac373ab2150d9bc48435635ba45211b6acc490c20d627c33762a3e0a,b375e584c4421f9fea7bcb63aff2573e57331dfe65d888dd8ab21d314d93434e,,,0,0,5.000000,5.000000,0.0,1.0,320x240,320x240,0,9,9,probable_near_duplicate
train,validation,RWF-2000,RWF-2000,1,1,val/Fight/rwf_val_fight_0184.avi,val/Fight/rwf_val_fight_0183.avi,a54acd891d021475d17e3afde3e754f5d8a24c095305d1e8263eb62c547cfaa4,04891b687702412884e308af4cf5c3134d62e2a4725df1cdc43cbcc134bee30f,,,0,0,5.000000,5.000000,0.0,1.0,1280x720,1280x720,0,9,9,probable_near_duplicate
train,validation,RWF-2000,RWF-2000,1,1,train/Fight/rwf_train_fight_0177.avi,train/Fight/rwf_train_fight_0178.avi,dd691ed8b0dd917c05537d661972d09d1b0e27c064889e7427d6689cbba8a6bc,8966c2b4fb80120290d0368a4861a2a6e7d6bea28b4e5958685337bb798dc094,,,0,0,5.000000,5.000000,0.0,1.0,480x360,480x360,0,8,9,probable_near_duplicate
train,validation,RWF-2000,RWF-2000,0,0,train/NonFight/rwf_train_nonfight_0158.avi,train/NonFight/rwf_train_nonfight_0159.avi,439e4267c44cc9c77734ad8627623303532960e9648f79ad20320cb2613f7e88,25b16947e924b57a83bc85e8601d30fdb947cd51a89d65a5050d5f8d45ca638e,,,0,0,5.000000,5.000000,0.0,1.0,960x720,960x720,0,9,9,probable_near_duplicate
train,validation,RWF-2000,RWF-2000,0,0,train/NonFight/rwf_train_nonfight_0158.avi,train/NonFight/rwf_train_nonfight_0160.avi,439e4267c44cc9c77734ad8627623303532960e9648f79ad20320cb2613f7e88,e6ec027ea18f4c66b0c10ac327eb4815a6573cfb02b10f3fa900ee5cd80d595b,,,0,0,5.000000,5.000000,0.0,1.0,960x720,960x720,0,9,9,probable_near_duplicate
train,test,RWF-2000,RWF-2000,0,0,train/NonFight/rwf_train_nonfight_0178.avi,train/NonFight/rwf_train_nonfight_0177.avi,2b26bbe1a8b4667625e7b46469afed7bcdfa03cba249d13f986980588d38f260,599bc1d98933bc85acbcfff57fe5dbdd99de718fa09e70b7959de7f5c152696b,,,0,0,5.000000,5.000000,0.0,1.0,320x240,320x240,0,9,9,probable_near_duplicate
train,test,RWF-2000,RWF-2000,1,1,train/Fight/rwf_train_fight_0054.avi,train/Fight/rwf_train_fight_0053.avi,a90de783a8428483b7a955a27d74d58012c85d9c04d59173b9cf601cd0408eeb,44257b8b59f3b1c2539e48653143c4f7e83281f27512e05ca24ca803eeb947a3,,,0,0,5.000000,5.000000,0.0,1.0,428x240,428x240,0,9,9,probable_near_duplicate
train,test,RWF-2000,RWF-2000,1,1,train/Fight/rwf_train_fight_0054.avi,train/Fight/rwf_train_fight_0055.avi,a90de783a8428483b7a955a27d74d58012c85d9c04d59173b9cf601cd0408eeb,3e2ed1d727fdd3ba7f691c8661aea9062cb0ae5b9cf7c9b3b6453224da917e41,,,0,0,5.000000,5.000000,0.0,1.0,428x240,428x240,0,9,9,probable_near_duplicate
train,validation,RWF-2000,RWF-2000,1,1,train/Fight/rwf_train_fight_0645.avi,train/Fight/rwf_train_fight_0646.avi,064fc4fba826f8f229d56fba6249818f2bea591b1840f6e55b28d015fc8f8b55,174697d14029f9e36f7829d2ad00fd0e50c38c3aafb68c09a1c8e1053c1500d1,,,0,0,5.000000,5.000000,0.0,1.0,320x240,320x240,0,9,9,probable_near_duplicate
train,test,RWF-2000,RWF-2000,1,1,train/Fight/rwf_train_fight_0469.avi,train/Fight/rwf_train_fight_0470.avi,cca27958ece8b0f2b0f3e4c6efb0cbdef74c1ab39152041e6333304ab5e8a0ad,7aea2dcd95cf6e1280fec9d2f8d4dd2e0d2c82f5e4ae9dac817aa135d546d4e6,,,0,0,5.000000,5.000000,0.0,1.0,640x360,640x360,0,8,9,probable_near_duplicate
train,test,RWF-2000,RWF-2000,1,1,train/Fight/rwf_train_fight_0650.avi,train/Fight/rwf_train_fight_0651.avi,0f4db7da58695fbf9937b40212ad1d5d4d84f7e9f69b781389c2b7c156d64dc0,7446929b02a4a87b030432ff014301b336806ddb1e005963f5e9366078a844c2,,,0,0,5.000000,5.000000,0.0,1.0,320x240,320x240,0,9,9,probable_near_duplicate
train,validation,RWF-2000,RWF-2000,1,0,train/Fight/rwf_train_fight_0543.avi,train/NonFight/rwf_train_nonfight_0590.avi,e3f9e74c57b9d59c4820e0c652a3f90ea4a6f6c6c6d2407ba9a322cf05e5186b,71da352a4b6bed3d2b9f30ffb209916562b60d5dc38f7e664ea279cdde32042e,,,0,0,5.000000,5.000000,0.0,1.0,1280x720,1280x720,0,9,9,probable_near_duplicate
train,validation,RWF-2000,RWF-2000,1,0,val/Fight/rwf_val_fight_0042.avi,val/NonFight/rwf_val_nonfight_0041.avi,45d12fe47fc75cd30e471df89dfa3ccd84e2ccfff2c10047217067ab4fb69392,dbc517113bb5f6b1e9429ea796e26524eebbc2c8f8351f7783cb8d665d1877fe,,,0,0,5.000000,5.000000,0.0,1.0,1152x720,1152x720,0,9,9,probable_near_duplicate
train,validation,RWF-2000,RWF-2000,1,0,val/Fight/rwf_val_fight_0042.avi,val/NonFight/rwf_val_nonfight_0040.avi,45d12fe47fc75cd30e471df89dfa3ccd84e2ccfff2c10047217067ab4fb69392,1ed5a53fea0cafff78517810b88c636bf1faa7efe64850ec238c8878433b9e5d,,,0,0,5.000000,5.000000,0.0,1.0,1152x720,1152x720,0,9,9,probable_near_duplicate
train,test,RWF-2000,RWF-2000,0,0,val/NonFight/rwf_val_nonfight_0183.avi,val/NonFight/rwf_val_nonfight_0182.avi,821ea13878322390d976b63e3cccfb50a7234cd2715657604b6da85c2acfa698,fdf75d4a1997afbf4f8d6d25e13d67aa67414b5f834d9276158262aa93ab18c7,,,0,0,5.000000,5.000000,0.0,1.0,1280x720,1280x720,0,9,9,probable_near_duplicate
train,validation,RWF-2000,RWF-2000,1,1,train/Fight/rwf_train_fight_0647.avi,train/Fight/rwf_train_fight_0646.avi,6a2bc1b4f2f5e22c09f29c8b8a693ad805cf880c0c5a7523a39f28c89059fd36,174697d14029f9e36f7829d2ad00fd0e50c38c3aafb68c09a1c8e1053c1500d1,,,0,0,5.000000,5.000000,0.0,1.0,320x240,320x240,0,9,9,probable_near_duplicate
train,test,RWF-2000,RWF-2000,0,1,train/NonFight/rwf_train_nonfight_0378.avi,train/Fight/rwf_train_fight_0340.avi,c0adbc52710ae5414f999ca863e110775396fbc9d4dd57e05f415b2da213a20b,43423056770958ae0044121434ab25c4392dd621d25cb2f0d8bc6125ec48698c,,,0,0,5.000000,5.000000,0.0,1.0,1280x720,1280x720,0,9,9,probable_near_duplicate
train,validation,RWF-2000,RWF-2000,1,0,train/Fight/rwf_train_fight_0563.avi,train/NonFight/rwf_train_nonfight_0608.avi,31396faf39691df41bef9bb80d4547ab4c173252cb3cb90245100c7308a35325,a0e22f1d64c2907bb773177d463c16844425a31b5edff800595bf46d2399bd0d,,,0,0,5.000000,5.000000,0.0,1.0,640x320,640x320,0,9,9,probable_near_duplicate
train,test,RLVS,RLVS,0,0,NonViolence/NV_185.mp4,NonViolence/NV_189.mp4,0053630f06a0e57dbbe4d6fcccabff8dfeec7fa0b2e7eaa04b361637625bce8a,5962b889b9357f871f6f0dfff4a7a9899076a770cc1d111ffebc6e4764378643,,,0,0,5.000000,2.000000,3.0,0.4,224x224,224x224,0,7,9,probable_near_duplicate
train,validation,RWF-2000,RWF-2000,0,1,train/NonFight/rwf_train_nonfight_0721.avi,train/Fight/rwf_train_fight_0703.avi,e06ff3a7b5a153016a61410d489f827bb95a3c5fadb7aefc02e50a7c3ecc11d3,f5e4b66d842a2af8ad1e201ce8a8b80124a50f334a02e32395815320925a3545,,,0,0,5.000000,5.000000,0.0,1.0,1280x720,1280x720,0,7,9,probable_near_duplicate
train,test,RWF-2000,RWF-2000,0,0,train/NonFight/rwf_train_nonfight_0357.avi,train/NonFight/rwf_train_nonfight_0358.avi,659fac7bf278817108c87ffa0cd4621f2d26ed8278416d13038e8c0acb91057c,29008d9dda79545c91e38cf1250db01eddf640da138cfbaaa6ddf1adf71f4e42,,,0,0,5.000000,5.000000,0.0,1.0,640x360,640x360,0,9,9,probable_near_duplicate
train,validation,RWF-2000,RWF-2000,1,0,train/Fight/rwf_train_fight_0561.avi,train/NonFight/rwf_train_nonfight_0608.avi,5d7869c68ad352542bcd2856521788564860ff35915c1b062b0ce1d87b456484,a0e22f1d64c2907bb773177d463c16844425a31b5edff800595bf46d2399bd0d,,,0,0,5.000000,5.000000,0.0,1.0,640x320,640x320,0,9,9,probable_near_duplicate
train,validation,RWF-2000,RWF-2000,0,0,val/NonFight/rwf_val_nonfight_0011.avi,val/NonFight/rwf_val_nonfight_0010.avi,e70762191fdb4c7ed22211497f8daee42c2b1875d5d5f72d963f82759f6a6cc3,45552b629feab3f05ec2d8f1af38ca84d7587a2e816acdcd33a1678ffc3aea73,,,0,0,5.000000,5.000000,0.0,1.0,1280x720,1280x720,0,7,9,probable_near_duplicate
train,test,RWF-2000,RWF-2000,1,1,train/Fight/rwf_train_fight_0649.avi,train/Fight/rwf_train_fight_0651.avi,dfec35beed21952dec967d46a039085831957094e2a30588d44520a0378cbd95,7446929b02a4a87b030432ff014301b336806ddb1e005963f5e9366078a844c2,,,0,0,5.000000,5.000000,0.0,1.0,320x240,320x240,0,9,9,probable_near_duplicate
train,validation,RWF-2000,RWF-2000,0,0,train/NonFight/rwf_train_nonfight_0393.avi,train/NonFight/rwf_train_nonfight_0395.avi,4377f56aca6ddadf3ba75fc7de9f8fc5732691bc847faa17e4db1df77e7a5c10,d3930e937a93fee8f2a232b9880f8cc55611e1cf3d82949bd2680ebea034b1d7,,,0,0,5.000000,5.000000,0.0,1.0,1280x720,1280x720,0,9,9,probable_near_duplicate
train,validation,RWF-2000,RWF-2000,0,0,train/NonFight/rwf_train_nonfight_0393.avi,train/NonFight/rwf_train_nonfight_0394.avi,4377f56aca6ddadf3ba75fc7de9f8fc5732691bc847faa17e4db1df77e7a5c10,e0aa8f2922f019e2e80a56a625dc298463da4b23a57be0f3cd9240112071afdc,,,0,0,5.000000,5.000000,0.0,1.0,1280x720,1280x720,0,9,9,probable_near_duplicate
train,validation,RWF-2000,RWF-2000,0,0,train/NonFight/rwf_train_nonfight_0607.avi,train/NonFight/rwf_train_nonfight_0608.avi,51dc83da450f122ec48776902954f45eb85c34a8899df272c54c29d3c3e3a28a,a0e22f1d64c2907bb773177d463c16844425a31b5edff800595bf46d2399bd0d,,,0,0,5.000000,5.000000,0.0,1.0,640x320,640x320,0,9,9,probable_near_duplicate
train,validation,RWF-2000,RWF-2000,0,0,train/NonFight/rwf_train_nonfight_0588.avi,train/NonFight/rwf_train_nonfight_0590.avi,72bf7f3680d4d9695dea6de751aa606b50dbc3b8262c12f786ec23ff0c1c8e17,71da352a4b6bed3d2b9f30ffb209916562b60d5dc38f7e664ea279cdde32042e,,,0,0,5.000000,5.000000,0.0,1.0,1280x720,1280x720,0,9,9,probable_near_duplicate
train,validation,RWF-2000,RWF-2000,0,0,train/NonFight/rwf_train_nonfight_0168.avi,train/NonFight/rwf_train_nonfight_0167.avi,17c62f61ccdbdcb271aaf2ee455983157fabf994d890c4000ea1212b060991a2,17cef2c9b58dd6870c954c3ab23d97416d5183e1f5b5d30c8a65ede40d0fdbed,,,0,0,5.000000,5.000000,0.0,1.0,1280x720,1280x720,0,8,9,probable_near_duplicate
train,validation,RWF-2000,RWF-2000,1,0,train/Fight/rwf_train_fight_0544.avi,train/NonFight/rwf_train_nonfight_0590.avi,e9f604d497e7172e9a99327137de07ad2668e8c920afd67e25305182b373da5c,71da352a4b6bed3d2b9f30ffb209916562b60d5dc38f7e664ea279cdde32042e,,,0,0,5.000000,5.000000,0.0,1.0,1280x720,1280x720,0,9,9,probable_near_duplicate
train,validation,RWF-2000,RWF-2000,1,1,train/Fight/rwf_train_fight_0437.avi,train/Fight/rwf_train_fight_0436.avi,3f12e1a8be10daf9e7ebf85edd5b490d92d316978541a6ed6b5be9e82cc8e770,da2c8ed1fba7ab24cb81a7a0e215d17c8d854f97a5f6c359048df3ce1470ce6a,,,0,0,5.000000,5.000000,0.0,1.0,1280x720,1280x720,0,9,9,probable_near_duplicate
train,validation,RWF-2000,RWF-2000,1,1,train/Fight/rwf_train_fight_0278.avi,train/Fight/rwf_train_fight_0280.avi,9bb2420c8b1ffe4ecac72b368e9b97bf3a52b6f957bcef73b393833850d92f0d,64a3f212c930fb26e6dc25820c0518fad1110a15c8812912b2182c80535c54ed,,,0,0,5.000000,5.000000,0.0,1.0,320x240,320x240,0,9,9,probable_near_duplicate
train,test,RWF-2000,RWF-2000,1,1,train/Fight/rwf_train_fight_0278.avi,train/Fight/rwf_train_fight_0279.avi,9bb2420c8b1ffe4ecac72b368e9b97bf3a52b6f957bcef73b393833850d92f0d,0fa1d34f2ff90ea667a44782a35835003673c4d2abc7c5370604a2a99677bc01,,,0,0,5.000000,5.000000,0.0,1.0,320x240,320x240,0,9,9,probable_near_duplicate
train,test,RWF-2000,RWF-2000,1,1,train/Fight/rwf_train_fight_0278.avi,train/Fight/rwf_train_fight_0282.avi,9bb2420c8b1ffe4ecac72b368e9b97bf3a52b6f957bcef73b393833850d92f0d,2c7b1fb6c5715cfd96f7b1865f8c87b9f1452fd0e260ec5126b9b674eb2a0185,,,0,0,5.000000,5.000000,0.0,1.0,320x240,320x240,0,9,9,probable_near_duplicate
train,test,RWF-2000,RWF-2000,1,1,train/Fight/rwf_train_fight_0625.avi,train/Fight/rwf_train_fight_0623.avi,60a7586f76ec7580e1b66eef0d4eacfaa1215a8034324abb02ff6f1c0670804e,162202bbb9d29f3fd28a45bf8b8aa8778bf1f4f282c0323ebd4b785b060af1d4,,,0,0,5.000000,5.000000,0.0,1.0,478x360,478x360,0,6,9,probable_near_duplicate
train,validation,RWF-2000,RWF-2000,0,0,train/NonFight/rwf_train_nonfight_0132.avi,train/NonFight/rwf_train_nonfight_0133.avi,945c82fa00fa5b3a73a6c9b41af814a6fd07745a4dfd5560d841d49c365dc13d,37a1344db9f15b99c36f75292eb8b03b12d91b4d84596e1c05dfc043987388e9,,,0,0,5.000000,5.000000,0.0,1.0,1280x720,1280x720,0,7,9,probable_near_duplicate
train,validation,RWF-2000,RWF-2000,0,0,train/NonFight/rwf_train_nonfight_0181.avi,train/NonFight/rwf_train_nonfight_0182.avi,444dd5d54ff5bc7dc9f9f0d2e985e21b83fa1269fb6c41da814f02346e4b2c58,8c9d7927f2cabb5593b2bb7713d911920d49d0a2ee9020088c5667c41df26f1b,,,0,0,5.000000,5.000000,0.0,1.0,320x240,320x240,0,8,9,probable_near_duplicate
train,validation,RWF-2000,RWF-2000,0,0,train/NonFight/rwf_train_nonfight_0169.avi,train/NonFight/rwf_train_nonfight_0170.avi,27361b105336daa70f319bf10eaba41543590f2eba31e0368a11cebfdb477f21,61d098a4ce594c799a841b89366dd383505d0d0a09edc0f805d5546454e5f337,,,0,0,5.000000,5.000000,0.0,1.0,1280x720,1280x720,0,8,9,probable_near_duplicate
train,validation,RWF-2000,RWF-2000,1,1,val/Fight/rwf_val_fight_0031.avi,val/Fight/rwf_val_fight_0030.avi,c376ee14e288e117cba66e584887fd5cf9ca1728abf480c3214cb8111e742bfe,44d0e15d2193ac452a1f7f476d61db61a799647f63615c1eb6181fe0fc79b861,,,0,0,5.000000,5.000000,0.0,1.0,1280x720,1280x720,0,9,9,probable_near_duplicate
train,test,RWF-2000,RWF-2000,1,1,train/Fight/rwf_train_fight_0652.avi,train/Fight/rwf_train_fight_0651.avi,42c7285e832d49c334c5ee1f4a50a0d405327b806a08e8000b7c0201a8586d55,7446929b02a4a87b030432ff014301b336806ddb1e005963f5e9366078a844c2,,,0,0,5.000000,5.000000,0.0,1.0,320x240,320x240,0,9,9,probable_near_duplicate
train,validation,RWF-2000,RWF-2000,1,1,train/Fight/rwf_train_fight_0648.avi,train/Fight/rwf_train_fight_0646.avi,4ff9f85243ecd30940d57e854d23c461bcb80e6bd3ed7455b6d2ba5fa989c214,174697d14029f9e36f7829d2ad00fd0e50c38c3aafb68c09a1c8e1053c1500d1,,,0,0,5.000000,5.000000,0.0,1.0,320x240,320x240,0,9,9,probable_near_duplicate
train,test,RWF-2000,RWF-2000,1,1,train/Fight/rwf_train_fight_0056.avi,train/Fight/rwf_train_fight_0053.avi,23b21c48de48d813c651f794867f81f1c31e115294ad2c2f6665e59b86b86403,44257b8b59f3b1c2539e48653143c4f7e83281f27512e05ca24ca803eeb947a3,,,0,0,5.000000,5.000000,0.0,1.0,428x240,428x240,0,9,9,probable_near_duplicate
train,test,RWF-2000,RWF-2000,1,1,train/Fight/rwf_train_fight_0056.avi,train/Fight/rwf_train_fight_0055.avi,23b21c48de48d813c651f794867f81f1c31e115294ad2c2f6665e59b86b86403,3e2ed1d727fdd3ba7f691c8661aea9062cb0ae5b9cf7c9b3b6453224da917e41,,,0,0,5.000000,5.000000,0.0,1.0,428x240,428x240,0,9,9,probable_near_duplicate
train,validation,RWF-2000,RWF-2000,1,1,train/Fight/rwf_train_fight_0494.avi,train/Fight/rwf_train_fight_0495.avi,cd3abeb93815cb0d34d8efd3b24ce2e4ac9a1894da3a550453a15d5f7ed11f82,1224b3a5e276b971acc5d6e553781f5445fe27778618fbdc4a2bf5bbe1cc07f5,,,0,0,5.000000,5.000000,0.0,1.0,1280x720,1280x720,0,9,9,probable_near_duplicate
train,test,RWF-2000,RWF-2000,1,1,train/Fight/rwf_train_fight_0494.avi,train/Fight/rwf_train_fight_0493.avi,cd3abeb93815cb0d34d8efd3b24ce2e4ac9a1894da3a550453a15d5f7ed11f82,4a1836aad7ff25cdcef8be147fce519303a3413c937a6706ecb0a13418c14847,,,0,0,5.000000,5.000000,0.0,1.0,1280x720,1280x720,0,9,9,probable_near_duplicate
train,validation,RWF-2000,RWF-2000,1,1,train/Fight/rwf_train_fight_0760.avi,train/Fight/rwf_train_fight_0703.avi,8817ea8465cc9934ff85098c7a3be250c029c120960f0d6aa788b420baad864f,f5e4b66d842a2af8ad1e201ce8a8b80124a50f334a02e32395815320925a3545,,,0,0,5.000000,5.000000,0.0,1.0,398x224,1280x720,0,8,9,probable_near_duplicate
train,validation,RWF-2000,RWF-2000,1,0,train/Fight/rwf_train_fight_0562.avi,train/NonFight/rwf_train_nonfight_0608.avi,a1a31e724d492de01f79b6a849a4ff0d746d03ec5ff31af34f8fe41546893c49,a0e22f1d64c2907bb773177d463c16844425a31b5edff800595bf46d2399bd0d,,,0,0,5.000000,5.000000,0.0,1.0,640x320,640x320,0,9,9,probable_near_duplicate
train,test,RWF-2000,RWF-2000,0,0,train/NonFight/rwf_train_nonfight_0124.avi,train/NonFight/rwf_train_nonfight_0123.avi,5544093edae505aa4513fd89b019819642c11ac8f3e23d4834161a08e62448e2,b32c5d5cf5d80a4b8a8d874126de5ac332f713c45756e51c75ad0d44b2384ada,,,0,0,5.000000,5.000000,0.0,1.0,1280x720,1280x720,0,9,9,probable_near_duplicate
train,validation,RWF-2000,RWF-2000,0,0,train/NonFight/rwf_train_nonfight_0609.avi,train/NonFight/rwf_train_nonfight_0608.avi,996962c84c532911a778fa95b4538a988abbe170a2ec9dae1d28125a6a793ef1,a0e22f1d64c2907bb773177d463c16844425a31b5edff800595bf46d2399bd0d,,,0,0,5.000000,5.000000,0.0,1.0,640x320,640x320,0,9,9,probable_near_duplicate
train,validation,RLVS,RLVS,0,0,NonViolence/NV_994.mp4,NonViolence/NV_993.mp4,c7b709e0bfcc18bdfbbe1d60c7327dc6c00d1272aad8bc5914105dbedfa5b522,0f3e37ab800c79b6a41ce673382c4acc2f65afd60ecff18b95aa4e70f650dfd7,,,0,0,4.000000,4.500000,0.5,0.8888888888888888,1280x720,1280x720,0,9,9,probable_near_duplicate
train,validation,RWF-2000,RWF-2000,1,1,train/Fight/rwf_train_fight_0333.avi,train/Fight/rwf_train_fight_0332.avi,e43b0161345eb4088573e850ce5a19c1067c05a223f1e13f4db0dd9355daf591,95c03e59ef62bcc29778da6828c34eee06b52f056f1faae33f5ee51b4a96c532,,,0,0,5.000000,5.000000,0.0,1.0,320x240,320x240,0,9,9,probable_near_duplicate
train,test,RWF-2000,RWF-2000,1,0,train/Fight/rwf_train_fight_0207.avi,train/NonFight/rwf_train_nonfight_0231.avi,6465b88fe6c4201a7ebadc2100592dc81d6d31b62d2d34bcfd60621a840038b2,8902d9d7dbcdaee0ee1c9761f4a205e3fe1b9558a9b8b7a6dfb91e6173f2f584,,,0,0,5.000000,5.000000,0.0,1.0,640x344,640x344,0,9,9,probable_near_duplicate
train,validation,RWF-2000,RWF-2000,1,1,train/Fight/rwf_train_fight_0644.avi,train/Fight/rwf_train_fight_0646.avi,3b8c6f4b65ced9719a04d402240ae79a3a547c125b7bc264e703d086763ec819,174697d14029f9e36f7829d2ad00fd0e50c38c3aafb68c09a1c8e1053c1500d1,,,0,0,5.000000,5.000000,0.0,1.0,320x240,320x240,0,9,9,probable_near_duplicate
train,validation,RWF-2000,RWF-2000,1,1,val/Fight/rwf_val_fight_0032.avi,val/Fight/rwf_val_fight_0030.avi,9b5004caf0adc0bcccb232a32db537c64368e3e971fe4f7b31db53a69c08ecf7,44d0e15d2193ac452a1f7f476d61db61a799647f63615c1eb6181fe0fc79b861,,,0,0,5.000000,5.000000,0.0,1.0,1280x720,1280x720,0,9,9,probable_near_duplicate
train,test,RWF-2000,RWF-2000,0,0,train/NonFight/rwf_train_nonfight_0152.avi,train/NonFight/rwf_train_nonfight_0654.avi,a56abdb06f14ebf4766579968c420fe08d7048b2b0d709a8b9a786d736f3c97f,5c0914fb6cf7f5f3d3e4c1bfca05bf963dc92ce35dfee87ed52844bbddae2549,,,0,0,5.000000,5.000000,0.0,1.0,320x240,320x240,0,9,9,probable_near_duplicate
train,validation,RWF-2000,RWF-2000,1,1,val/Fight/rwf_val_fight_0034.avi,val/Fight/rwf_val_fight_0030.avi,859decacf1bb89b71b11c765052bee27731f6b166aceb991ac26c7faa66e3d9b,44d0e15d2193ac452a1f7f476d61db61a799647f63615c1eb6181fe0fc79b861,,,0,0,5.000000,5.000000,0.0,1.0,1280x720,1280x720,0,9,9,probable_near_duplicate
train,validation,RWF-2000,RWF-2000,1,1,train/Fight/rwf_train_fight_0281.avi,train/Fight/rwf_train_fight_0280.avi,53b1823556402e558036848a0e8536781804f9f2fe57a03a9894cf424b16e936,64a3f212c930fb26e6dc25820c0518fad1110a15c8812912b2182c80535c54ed,,,0,0,5.000000,5.000000,0.0,1.0,320x240,320x240,0,9,9,probable_near_duplicate
train,test,RWF-2000,RWF-2000,1,1,train/Fight/rwf_train_fight_0281.avi,train/Fight/rwf_train_fight_0279.avi,53b1823556402e558036848a0e8536781804f9f2fe57a03a9894cf424b16e936,0fa1d34f2ff90ea667a44782a35835003673c4d2abc7c5370604a2a99677bc01,,,0,0,5.000000,5.000000,0.0,1.0,320x240,320x240,0,9,9,probable_near_duplicate
train,test,RWF-2000,RWF-2000,1,1,train/Fight/rwf_train_fight_0281.avi,train/Fight/rwf_train_fight_0282.avi,53b1823556402e558036848a0e8536781804f9f2fe57a03a9894cf424b16e936,2c7b1fb6c5715cfd96f7b1865f8c87b9f1452fd0e260ec5126b9b674eb2a0185,,,0,0,5.000000,5.000000,0.0,1.0,320x240,320x240,0,9,9,probable_near_duplicate
validation,test,RWF-2000,RWF-2000,1,1,train/Fight/rwf_train_fight_0472.avi,train/Fight/rwf_train_fight_0471.avi,eacf70cd5ef4e99bd2c1db6f6fc1ce1d2e4a60e9c0530460303f4dc7cb82edc4,82973ab4178f9a31617a222ea47064c3ec804f0ede3dda14845efc6dce1fd45f,,,0,0,5.000000,5.000000,0.0,1.0,640x360,640x360,0,9,9,probable_near_duplicate
validation,test,RWF-2000,RWF-2000,1,1,train/Fight/rwf_train_fight_0185.avi,train/Fight/rwf_train_fight_0184.avi,a437c2eb02b4adf8d0821cd7eeea0ea12ca527c9f82156fd915c4e80c3ba2fff,a3b935fa428736d141a883867cdbee007dc6bb92152ebc5a9b7f7b4e693644d0,,,0,0,5.000000,5.000000,0.0,1.0,1280x720,1280x720,0,8,9,probable_near_duplicate
validation,test,RWF-2000,RWF-2000,1,1,train/Fight/rwf_train_fight_0186.avi,train/Fight/rwf_train_fight_0183.avi,541bb318c403e20fe611a2928ba4d7c9096558c8da68e78583609972a2cde462,1561a80585f9c951fd71ce10e09e8aab08aa0824a89be6acebbc9a5ffde57e48,,,0,0,5.000000,5.000000,0.0,1.0,1280x720,1280x720,0,7,9,probable_near_duplicate
validation,test,RWF-2000,RWF-2000,1,1,train/Fight/rwf_train_fight_0495.avi,train/Fight/rwf_train_fight_0493.avi,1224b3a5e276b971acc5d6e553781f5445fe27778618fbdc4a2bf5bbe1cc07f5,4a1836aad7ff25cdcef8be147fce519303a3413c937a6706ecb0a13418c14847,,,0,0,5.000000,5.000000,0.0,1.0,1280x720,1280x720,0,9,9,probable_near_duplicate
validation,test,RWF-2000,RWF-2000,1,1,train/Fight/rwf_train_fight_0280.avi,train/Fight/rwf_train_fight_0279.avi,64a3f212c930fb26e6dc25820c0518fad1110a15c8812912b2182c80535c54ed,0fa1d34f2ff90ea667a44782a35835003673c4d2abc7c5370604a2a99677bc01,,,0,0,5.000000,5.000000,0.0,1.0,320x240,320x240,0,9,9,probable_near_duplicate
validation,test,RWF-2000,RWF-2000,1,1,train/Fight/rwf_train_fight_0280.avi,train/Fight/rwf_train_fight_0282.avi,64a3f212c930fb26e6dc25820c0518fad1110a15c8812912b2182c80535c54ed,2c7b1fb6c5715cfd96f7b1865f8c87b9f1452fd0e260ec5126b9b674eb2a0185,,,0,0,5.000000,5.000000,0.0,1.0,320x240,320x240,0,9,9,probable_near_duplicate
validation,test,RWF-2000,RWF-2000,1,1,train/Fight/rwf_train_fight_0187.avi,train/Fight/rwf_train_fight_0184.avi,c290ddcdd4db12f5cdecd91366010da76a08d60016690b02af429a46386e5ff4,a3b935fa428736d141a883867cdbee007dc6bb92152ebc5a9b7f7b4e693644d0,,,0,0,5.000000,5.000000,0.0,1.0,1280x720,1280x720,0,8,9,probable_near_duplicate
validation,test,RWF-2000,RWF-2000,1,1,train/Fight/rwf_train_fight_0166.avi,train/Fight/rwf_train_fight_0165.avi,84b9069a2975c525fc3f4d3ffb5c291a1156a2c45d9e792a78c472c5f4ca89de,02f86008985a7d9d0fa2c4b35263096fb836b5100636622702bca4389a9d37f8,,,0,0,5.000000,5.000000,0.0,1.0,1280x720,1280x720,0,9,9,probable_near_duplicate
validation,test,RWF-2000,RWF-2000,0,0,train/NonFight/rwf_train_nonfight_0660.avi,train/NonFight/rwf_train_nonfight_0587.avi,95de62bfeb59b65ef853074e23cc1086dd22794b41326b585ad8aefe5e8b2460,b375e584c4421f9fea7bcb63aff2573e57331dfe65d888dd8ab21d314d93434e,,,0,0,5.000000,5.000000,0.0,1.0,320x240,320x240,0,9,9,probable_near_duplicate
validation,test,RWF-2000,RWF-2000,0,0,train/NonFight/rwf_train_nonfight_0406.avi,train/NonFight/rwf_train_nonfight_0408.avi,747d409aceb7d2d9b17c8bcbcff8933c4168fd0fbfba06920b8ac93d4a02ce8d,976f9a8dc6f550847b0290b94df52c56844261426ed53534aac1e422d6d7490c,,,0,0,5.000000,5.000000,0.0,1.0,1280x720,1280x720,0,9,9,probable_near_duplicate
train,validation,RWF-2000,RWF-2000,1,1,train/Fight/rwf_train_fight_0780.avi,train/Fight/rwf_train_fight_0783.avi,2e7ef62526cae5b739a9cefbc0117bb777250853ea89ce95ad0b96c66c00e279,93e39a9db0da74f4d19ce8ec12fcaf83bec3a0915bc58759a38a9a41abdced9d,,,0,0,5.000000,5.000000,0.0,1.0,854x480,854x480,2,9,9,probable_near_duplicate
train,validation,RWF-2000,RWF-2000,0,1,train/NonFight/rwf_train_nonfight_0298.avi,train/Fight/rwf_train_fight_0277.avi,e53df4ebd681c438144869409c0f09170409783d7eaec72533ca6711d3ab7464,d24a31d300a73f10a29400bf4bba720e8a45bcb7b8ca9e292c7b450fa7d9633a,,,0,0,5.000000,5.000000,0.0,1.0,640x360,640x360,2,9,9,probable_near_duplicate
train,validation,RWF-2000,RWF-2000,1,0,train/Fight/rwf_train_fight_0542.avi,train/NonFight/rwf_train_nonfight_0590.avi,03c4b2582bbf880a591ea15f06f3c0cfe3321f7993f7008aa72300b4d768e231,71da352a4b6bed3d2b9f30ffb209916562b60d5dc38f7e664ea279cdde32042e,,,0,0,5.000000,5.000000,0.0,1.0,1280x720,1280x720,2,9,9,probable_near_duplicate
train,validation,RWF-2000,RWF-2000,1,1,train/Fight/rwf_train_fight_0469.avi,train/Fight/rwf_train_fight_0472.avi,cca27958ece8b0f2b0f3e4c6efb0cbdef74c1ab39152041e6333304ab5e8a0ad,eacf70cd5ef4e99bd2c1db6f6fc1ce1d2e4a60e9c0530460303f4dc7cb82edc4,,,0,0,5.000000,5.000000,0.0,1.0,640x360,640x360,2,8,9,probable_near_duplicate
train,test,RWF-2000,RWF-2000,1,1,train/Fight/rwf_train_fight_0469.avi,train/Fight/rwf_train_fight_0471.avi,cca27958ece8b0f2b0f3e4c6efb0cbdef74c1ab39152041e6333304ab5e8a0ad,82973ab4178f9a31617a222ea47064c3ec804f0ede3dda14845efc6dce1fd45f,,,0,0,5.000000,5.000000,0.0,1.0,640x360,640x360,2,8,9,probable_near_duplicate
train,validation,RWF-2000,RWF-2000,0,1,train/NonFight/rwf_train_nonfight_0507.avi,train/Fight/rwf_train_fight_0436.avi,9b354dcbd8d1bfe6bb3db7ebf37a8afe2759b0861ab8839532df069d66fb8724,da2c8ed1fba7ab24cb81a7a0e215d17c8d854f97a5f6c359048df3ce1470ce6a,,,0,0,5.000000,5.000000,0.0,1.0,1280x720,1280x720,2,9,9,probable_near_duplicate
train,validation,RWF-2000,RWF-2000,0,0,train/NonFight/rwf_train_nonfight_0430.avi,train/NonFight/rwf_train_nonfight_0431.avi,156734ef7f2763923e57ab3010af489548131f2245bb458565be9d64d00d49dd,82755e43f8e48adcde56c7512eec6235e882b85e7dd5d0b40934fab8ffb544a8,,,0,0,5.000000,5.000000,0.0,1.0,426x240,426x240,2,6,9,probable_near_duplicate
train,test,RLVS,RLVS,0,0,NonViolence/NV_246.mp4,NonViolence/NV_248.mp4,d0d6012f2940d549ce02c3348007d9ea58810002ee9925edac81504ae945799d,1e097ff193cdb91e016243b778ea414511c82a2555001d1628d85ba7baec43d3,,,0,0,5.000000,5.000000,0.0,1.0,224x224,224x224,2,9,9,probable_near_duplicate
train,validation,RWF-2000,RWF-2000,1,0,train/Fight/rwf_train_fight_0349.avi,train/NonFight/rwf_train_nonfight_0395.avi,b031b66d9209274048c1abd5bb3f302493fce2ded3eac0ac1c35d1a21c64ddbc,d3930e937a93fee8f2a232b9880f8cc55611e1cf3d82949bd2680ebea034b1d7,,,0,0,5.000000,5.000000,0.0,1.0,1280x720,1280x720,2,9,9,probable_near_duplicate
train,validation,RWF-2000,RWF-2000,1,0,train/Fight/rwf_train_fight_0349.avi,train/NonFight/rwf_train_nonfight_0394.avi,b031b66d9209274048c1abd5bb3f302493fce2ded3eac0ac1c35d1a21c64ddbc,e0aa8f2922f019e2e80a56a625dc298463da4b23a57be0f3cd9240112071afdc,,,0,0,5.000000,5.000000,0.0,1.0,1280x720,1280x720,2,9,9,probable_near_duplicate
train,validation,RWF-2000,RWF-2000,1,1,train/Fight/rwf_train_fight_0349.avi,train/Fight/rwf_train_fight_0350.avi,b031b66d9209274048c1abd5bb3f302493fce2ded3eac0ac1c35d1a21c64ddbc,e2135ba275ab0c5de3756756e147f6763125d86cccea1637aa49c0430f562088,,,0,0,5.000000,5.000000,0.0,1.0,1280x720,1280x720,2,8,9,probable_near_duplicate
train,validation,RLVS,RLVS,0,0,NonViolence/NV_387.mp4,NonViolence/NV_393.mp4,626b489e6227de1618847a5eb11afb0aaeff246813a4690f960411fa1443641d,4ac72bae4311899b370a76cc60f1410ba7e7c04f0cd4425a18caabd65b2208b2,,,0,0,5.000000,5.000000,0.0,1.0,224x224,224x224,2,9,9,probable_near_duplicate
train,validation,RWF-2000,RWF-2000,1,1,train/Fight/rwf_train_fight_0468.avi,train/Fight/rwf_train_fight_0472.avi,560694d2722d1cf0312e48029f696b280e0d021705966e0f695e5f3ae7986233,eacf70cd5ef4e99bd2c1db6f6fc1ce1d2e4a60e9c0530460303f4dc7cb82edc4,,,0,0,5.000000,5.000000,0.0,1.0,640x360,640x360,2,6,9,probable_near_duplicate
train,test,RWF-2000,RWF-2000,1,1,train/Fight/rwf_train_fight_0468.avi,train/Fight/rwf_train_fight_0470.avi,560694d2722d1cf0312e48029f696b280e0d021705966e0f695e5f3ae7986233,7aea2dcd95cf6e1280fec9d2f8d4dd2e0d2c82f5e4ae9dac817aa135d546d4e6,,,0,0,5.000000,5.000000,0.0,1.0,640x360,640x360,2,9,9,probable_near_duplicate
train,test,RWF-2000,RWF-2000,1,1,train/Fight/rwf_train_fight_0468.avi,train/Fight/rwf_train_fight_0471.avi,560694d2722d1cf0312e48029f696b280e0d021705966e0f695e5f3ae7986233,82973ab4178f9a31617a222ea47064c3ec804f0ede3dda14845efc6dce1fd45f,,,0,0,5.000000,5.000000,0.0,1.0,640x360,640x360,2,9,9,probable_near_duplicate
train,test,RWF-2000,RWF-2000,1,1,train/Fight/rwf_train_fight_0218.avi,train/Fight/rwf_train_fight_0219.avi,d489766dc688a1180c5e358421e2b5dddecf3469c02ff7f52989dfe2e454ce51,3d2642008b779115603e7832cfe9ebfaf34e0649a9cd428d53083f18d905f0ee,,,0,0,5.000000,5.000000,0.0,1.0,1280x720,1280x720,2,7,9,probable_near_duplicate
train,validation,RWF-2000,RWF-2000,0,1,train/NonFight/rwf_train_nonfight_0721.avi,train/Fight/rwf_train_fight_0704.avi,e06ff3a7b5a153016a61410d489f827bb95a3c5fadb7aefc02e50a7c3ecc11d3,3eec4b744795d4818f36e34da8d295d5c1240ba451fc9464f4a986f9b8e9f3ae,,,0,0,5.000000,5.000000,0.0,1.0,1280x720,1280x720,2,9,9,probable_near_duplicate
train,validation,RWF-2000,RWF-2000,0,1,train/NonFight/rwf_train_nonfight_0721.avi,train/Fight/rwf_train_fight_0765.avi,e06ff3a7b5a153016a61410d489f827bb95a3c5fadb7aefc02e50a7c3ecc11d3,653eca47da3c77fe13ebb2ed4ff29ac37f8265163fb6955ad76af41e430431f0,,,0,0,5.000000,5.000000,0.0,1.0,1280x720,398x224,2,8,9,probable_near_duplicate
train,validation,RWF-2000,RWF-2000,1,1,train/Fight/rwf_train_fight_0438.avi,train/Fight/rwf_train_fight_0436.avi,b8491d83a3a877607e88772fd253fd02e96919532b98824d9680799f2bc5d8ef,da2c8ed1fba7ab24cb81a7a0e215d17c8d854f97a5f6c359048df3ce1470ce6a,,,0,0,5.000000,5.000000,0.0,1.0,1280x720,1280x720,2,6,9,probable_near_duplicate
train,test,RWF-2000,RWF-2000,0,1,val/NonFight/rwf_val_nonfight_0093.avi,val/Fight/rwf_val_fight_0087.avi,35599854c4e598b3a7a3f1e0afe6b2e0b85763dd0d8f11fc53928ba15a804c5e,4966e3a8b1f8580b93a4783fd982d239051b21567b47463e1485c2f3e141f69a,,,0,0,5.000000,5.000000,0.0,1.0,406x720,406x720,2,8,9,probable_near_duplicate
train,validation,RWF-2000,RWF-2000,1,1,train/Fight/rwf_train_fight_0334.avi,train/Fight/rwf_train_fight_0332.avi,a460e327f8db5eab1359bb9507182688f91743f754699d759e99efaca9775c87,95c03e59ef62bcc29778da6828c34eee06b52f056f1faae33f5ee51b4a96c532,,,0,0,5.000000,5.000000,0.0,1.0,320x240,320x240,2,9,9,probable_near_duplicate
train,validation,RWF-2000,RWF-2000,1,1,train/Fight/rwf_train_fight_0269.avi,train/Fight/rwf_train_fight_0277.avi,d32b8f600b4f583108dd99e21aadc4bf163a3da1404301a5195d1cd80d68d6c8,d24a31d300a73f10a29400bf4bba720e8a45bcb7b8ca9e292c7b450fa7d9633a,,,0,0,5.000000,5.000000,0.0,1.0,640x360,640x360,2,8,9,probable_near_duplicate
train,validation,RWF-2000,RWF-2000,1,1,train/Fight/rwf_train_fight_0269.avi,train/Fight/rwf_train_fight_0273.avi,d32b8f600b4f583108dd99e21aadc4bf163a3da1404301a5195d1cd80d68d6c8,078172332afa26e1668a25a033ed29d325050598c8d854537922a50375f1051f,,,0,0,5.000000,5.000000,0.0,1.0,640x360,640x360,2,7,9,probable_near_duplicate
train,validation,RWF-2000,RWF-2000,1,1,train/Fight/rwf_train_fight_0163.avi,train/Fight/rwf_train_fight_0166.avi,49bea4e76f38b841fd6c939d4c6fe06a2aaf324a76df34355948967212bf5617,84b9069a2975c525fc3f4d3ffb5c291a1156a2c45d9e792a78c472c5f4ca89de,,,0,0,5.000000,5.000000,0.0,1.0,1280x720,1280x720,2,9,9,probable_near_duplicate
train,test,RWF-2000,RWF-2000,1,1,val/Fight/rwf_val_fight_0007.avi,val/Fight/rwf_val_fight_0009.avi,dda47b4288429c51beeccccb446dd2b7889abc269d3a155b9a32554a35e7bcbd,2e10629eb5dd190a81b3b93ff0dfe35dc8c16eeb8e88a6654a1ddec5d92f4728,,,0,0,5.000000,5.000000,0.0,1.0,320x240,320x240,2,8,9,probable_near_duplicate
train,validation,RWF-2000,RWF-2000,1,1,train/Fight/rwf_train_fight_0759.avi,train/Fight/rwf_train_fight_0704.avi,d7ccc5adf868c6a01dd115c797016f660e66a2ee58b52bdf53fe77afee8faa5d,3eec4b744795d4818f36e34da8d295d5c1240ba451fc9464f4a986f9b8e9f3ae,,,0,0,5.000000,5.000000,0.0,1.0,398x224,1280x720,2,8,9,probable_near_duplicate
train,validation,RWF-2000,RWF-2000,1,1,train/Fight/rwf_train_fight_0759.avi,train/Fight/rwf_train_fight_0765.avi,d7ccc5adf868c6a01dd115c797016f660e66a2ee58b52bdf53fe77afee8faa5d,653eca47da3c77fe13ebb2ed4ff29ac37f8265163fb6955ad76af41e430431f0,,,0,0,5.000000,5.000000,0.0,1.0,398x224,398x224,2,9,9,probable_near_duplicate
train,validation,RWF-2000,RWF-2000,0,1,train/NonFight/rwf_train_nonfight_0181.avi,train/Fight/rwf_train_fight_0467.avi,444dd5d54ff5bc7dc9f9f0d2e985e21b83fa1269fb6c41da814f02346e4b2c58,262fd7d8a600ad885e4f98d280fcb6fdb5c23cef2327763d5cbe0939e6e985c0,,,0,0,5.000000,5.000000,0.0,1.0,320x240,320x240,2,7,9,probable_near_duplicate
train,validation,RWF-2000,RWF-2000,1,1,train/Fight/rwf_train_fight_0272.avi,train/Fight/rwf_train_fight_0277.avi,c4588027bdc4564622316f8d987411aecebf5b43e34020a13f17712535362f8e,d24a31d300a73f10a29400bf4bba720e8a45bcb7b8ca9e292c7b450fa7d9633a,,,0,0,5.000000,5.000000,0.0,1.0,640x360,640x360,2,8,9,probable_near_duplicate
train,validation,RWF-2000,RWF-2000,1,0,train/Fight/rwf_train_fight_0353.avi,train/NonFight/rwf_train_nonfight_0395.avi,29262ffe2938b2660f2dff701526ca855dafc3b8dcb7eaa690abb1a08aa107a4,d3930e937a93fee8f2a232b9880f8cc55611e1cf3d82949bd2680ebea034b1d7,,,0,0,5.000000,5.000000,0.0,1.0,1280x720,1280x720,2,7,9,probable_near_duplicate
train,test,RWF-2000,RWF-2000,0,0,train/NonFight/rwf_train_nonfight_0548.avi,train/NonFight/rwf_train_nonfight_0549.avi,0aa2a0d2b946cd6458666565022743d66d2e69d47121ae8b98a24394bdacf664,25e74da2290ebee0e63db5d1e8854333b7dfb2a7c60bd5d17199cbea15057895,,,0,0,5.000000,5.000000,0.0,1.0,1280x720,1280x720,2,6,9,probable_near_duplicate
train,validation,RWF-2000,RWF-2000,1,1,train/Fight/rwf_train_fight_0164.avi,train/Fight/rwf_train_fight_0166.avi,6f92d379635f3996d3e7230aacca7f842a7dbed8c381b3a9e2656ff1991f3810,84b9069a2975c525fc3f4d3ffb5c291a1156a2c45d9e792a78c472c5f4ca89de,,,0,0,5.000000,5.000000,0.0,1.0,1280x720,1280x720,2,9,9,probable_near_duplicate
train,test,RWF-2000,RWF-2000,1,1,train/Fight/rwf_train_fight_0164.avi,train/Fight/rwf_train_fight_0165.avi,6f92d379635f3996d3e7230aacca7f842a7dbed8c381b3a9e2656ff1991f3810,02f86008985a7d9d0fa2c4b35263096fb836b5100636622702bca4389a9d37f8,,,0,0,5.000000,5.000000,0.0,1.0,1280x720,1280x720,2,8,9,probable_near_duplicate
train,validation,RWF-2000,RWF-2000,1,1,train/Fight/rwf_train_fight_0507.avi,train/Fight/rwf_train_fight_0505.avi,c795d26441e031c06edbaa25c9e6756bfaa49e141264af329d7a88e362275796,9239b64ba91c6a4e29eaa9c7dee2f07e3ef813fc8e01eb514be135749f09604a,,,0,0,5.000000,5.000000,0.0,1.0,1280x720,1280x720,2,7,9,probable_near_duplicate
train,validation,RWF-2000,RWF-2000,1,0,train/Fight/rwf_train_fight_0507.avi,train/NonFight/rwf_train_nonfight_0560.avi,c795d26441e031c06edbaa25c9e6756bfaa49e141264af329d7a88e362275796,482ee3063a8e69dbdd06f6c626cde2fee3ff7bf1177a8953b0e78c071eb6ad0f,,,0,0,5.000000,5.000000,0.0,1.0,1280x720,1280x720,2,6,9,probable_near_duplicate
train,validation,RWF-2000,RWF-2000,1,1,train/Fight/rwf_train_fight_0507.avi,train/Fight/rwf_train_fight_0506.avi,c795d26441e031c06edbaa25c9e6756bfaa49e141264af329d7a88e362275796,6da1d6a3b6f43eaddc6ab0596a2c2be38be2fd9dc326421be839d61c4fa914f8,,,0,0,5.000000,5.000000,0.0,1.0,1280x720,1280x720,2,8,9,probable_near_duplicate
train,validation,RWF-2000,RWF-2000,1,1,train/Fight/rwf_train_fight_0781.avi,train/Fight/rwf_train_fight_0783.avi,1943000f023d4bee71b28a66661b6053938e7beea3b9fedcd5a0d95626657e09,93e39a9db0da74f4d19ce8ec12fcaf83bec3a0915bc58759a38a9a41abdced9d,,,0,0,5.000000,5.000000,0.0,1.0,854x480,854x480,2,8,9,probable_near_duplicate
train,validation,RWF-2000,RWF-2000,1,1,train/Fight/rwf_train_fight_0736.avi,train/Fight/rwf_train_fight_0737.avi,32d26c81f7aa6e7659cc7746dfaf2151575efb49a4ba7be0265c26473433ffee,140d959d01ffdc8804d4a49da0601146552f50c31f208f492c5370c64feff56d,,,0,0,5.000000,5.000000,0.0,1.0,640x360,640x360,2,9,9,probable_near_duplicate
train,validation,RWF-2000,RWF-2000,1,1,train/Fight/rwf_train_fight_0734.avi,train/Fight/rwf_train_fight_0737.avi,20a915911d89bd545d2a047e4e3d7a66d406630ec3c6ecd99b57caf4b4f59d50,140d959d01ffdc8804d4a49da0601146552f50c31f208f492c5370c64feff56d,,,0,0,5.000000,5.000000,0.0,1.0,640x360,640x360,2,6,9,probable_near_duplicate
train,test,RLVS,RLVS,0,0,NonViolence/NV_262.mp4,NonViolence/NV_263.mp4,129e81ca013552ce2b76f436445cd7cd3b4a3f1531528f2b194a4812c5fd49fe,eca23ccce1abcda3fd74a0dff40997500502aaacf30149947f6917e72106f314,,,0,0,5.000000,5.000000,0.0,1.0,224x224,224x224,2,9,9,probable_near_duplicate
train,validation,RWF-2000,RWF-2000,1,1,train/Fight/rwf_train_fight_0702.avi,train/Fight/rwf_train_fight_0703.avi,3fdf090beddaadaf9d7df22bee1efc043bcd189d90aaf6c2c26a6d3fccb910fb,f5e4b66d842a2af8ad1e201ce8a8b80124a50f334a02e32395815320925a3545,,,0,0,5.000000,5.000000,0.0,1.0,1280x720,1280x720,2,6,9,probable_near_duplicate
validation,test,RWF-2000,RWF-2000,1,1,train/Fight/rwf_train_fight_0472.avi,train/Fight/rwf_train_fight_0470.avi,eacf70cd5ef4e99bd2c1db6f6fc1ce1d2e4a60e9c0530460303f4dc7cb82edc4,7aea2dcd95cf6e1280fec9d2f8d4dd2e0d2c82f5e4ae9dac817aa135d546d4e6,,,0,0,5.000000,5.000000,0.0,1.0,640x360,640x360,2,9,9,probable_near_duplicate
validation,test,RWF-2000,RWF-2000,1,1,train/Fight/rwf_train_fight_0610.avi,train/Fight/rwf_train_fight_0612.avi,98890de3073c8556b6b400dce8b9e856a05a37a1ae927793d02a3b5f8e5774a3,a60758281446a8d47598a66d0d18a8817bf0666a6b0644e2b3185670d580a66b,,,0,0,5.000000,5.000000,0.0,1.0,320x240,320x240,2,9,9,probable_near_duplicate
train,test,RWF-2000,RWF-2000,0,0,train/NonFight/rwf_train_nonfight_0230.avi,train/NonFight/rwf_train_nonfight_0231.avi,baa064d190b2b4d3fc17caf1b7ee7f89c112cf669398f154c96fd0e1c996c5ed,8902d9d7dbcdaee0ee1c9761f4a205e3fe1b9558a9b8b7a6dfb91e6173f2f584,,,0,0,5.000000,5.000000,0.0,1.0,640x344,640x344,4,8,9,probable_near_duplicate
train,validation,RWF-2000,RWF-2000,0,1,train/NonFight/rwf_train_nonfight_0519.avi,train/Fight/rwf_train_fight_0456.avi,b49f4da4d81e15600c32055db3556e5ba8f956abcc635c9623535d8f6e130e13,5e314e6360b8558f0f3bd580f6f7ed4c2fd5219b1cbc1be208898ed1232570f5,,,0,0,5.000000,5.000000,0.0,1.0,600x360,600x360,4,7,9,probable_near_duplicate
train,test,RWF-2000,RWF-2000,1,1,val/Fight/rwf_val_fight_0035.avi,val/Fight/rwf_val_fight_0036.avi,cf931be790b914c9d4f3332dba2d2ace52593948353fe83866ff9655bc45bb61,b491cbb681e065ef53288f9a51398e11d7aecfe61999c861938bd91d838a7d90,,,0,0,5.000000,5.000000,0.0,1.0,480x360,480x360,4,6,9,probable_near_duplicate
train,test,RWF-2000,RWF-2000,0,0,train/NonFight/rwf_train_nonfight_0355.avi,train/NonFight/rwf_train_nonfight_0358.avi,3976eab61d1ae3012a4300519cda0a605f6c20e296508ccb16035bb3e770c0d7,29008d9dda79545c91e38cf1250db01eddf640da138cfbaaa6ddf1adf71f4e42,,,0,0,5.000000,5.000000,0.0,1.0,640x360,640x360,4,3,9,probable_near_duplicate
train,validation,RWF-2000,RWF-2000,1,0,train/Fight/rwf_train_fight_0353.avi,train/NonFight/rwf_train_nonfight_0394.avi,29262ffe2938b2660f2dff701526ca855dafc3b8dcb7eaa690abb1a08aa107a4,e0aa8f2922f019e2e80a56a625dc298463da4b23a57be0f3cd9240112071afdc,,,0,0,5.000000,5.000000,0.0,1.0,1280x720,1280x720,4,7,9,probable_near_duplicate
train,validation,RWF-2000,RWF-2000,1,0,val/Fight/rwf_val_fight_0091.avi,val/NonFight/rwf_val_nonfight_0094.avi,b508959be1be7317eb0d944cf051b035d583df3b2f92a98e312c60a654272936,81a473c0b0d9593e99302d50015b4c87cd3e13994fd0a78a35417dca0c6dfd15,,,0,0,5.000000,5.000000,0.0,1.0,406x720,406x720,4,6,9,probable_near_duplicate
train,validation,RWF-2000,RWF-2000,1,0,train/Fight/rwf_train_fight_0351.avi,train/NonFight/rwf_train_nonfight_0395.avi,34b3d424f79be3e9e620e8a8fb171c59276ac42a923867212ee8ebc7fdd1c670,d3930e937a93fee8f2a232b9880f8cc55611e1cf3d82949bd2680ebea034b1d7,,,0,0,5.000000,5.000000,0.0,1.0,1280x720,1280x720,4,7,9,probable_near_duplicate
train,validation,RWF-2000,RWF-2000,1,0,train/Fight/rwf_train_fight_0351.avi,train/NonFight/rwf_train_nonfight_0394.avi,34b3d424f79be3e9e620e8a8fb171c59276ac42a923867212ee8ebc7fdd1c670,e0aa8f2922f019e2e80a56a625dc298463da4b23a57be0f3cd9240112071afdc,,,0,0,5.000000,5.000000,0.0,1.0,1280x720,1280x720,4,6,9,probable_near_duplicate
train,test,RWF-2000,RWF-2000,0,0,train/NonFight/rwf_train_nonfight_0124.avi,train/NonFight/rwf_train_nonfight_0125.avi,5544093edae505aa4513fd89b019819642c11ac8f3e23d4834161a08e62448e2,354086a127fb51bfc11a3f38e89919705c549f43b6ed3afd9ba71a244512f8f2,,,0,0,5.000000,5.000000,0.0,1.0,1280x720,1280x720,4,9,9,probable_near_duplicate
validation,test,RWF-2000,RWF-2000,1,1,train/Fight/rwf_train_fight_0610.avi,train/Fight/rwf_train_fight_0611.avi,98890de3073c8556b6b400dce8b9e856a05a37a1ae927793d02a3b5f8e5774a3,211f9b5eae27af891c8c930005713360bd8944a63f415a6ed86d108c81565dcc,,,0,0,5.000000,5.000000,0.0,1.0,320x240,320x240,4,5,9,probable_near_duplicate
validation,test,RWF-2000,RWF-2000,0,0,train/NonFight/rwf_train_nonfight_0229.avi,train/NonFight/rwf_train_nonfight_0231.avi,d0e448315e29173fe011c36ba3e9ec15649cba5e07669910e2322851981c0f90,8902d9d7dbcdaee0ee1c9761f4a205e3fe1b9558a9b8b7a6dfb91e6173f2f584,,,0,0,5.000000,5.000000,0.0,1.0,640x344,640x344,4,8,9,probable_near_duplicate
train,validation,RWF-2000,RWF-2000,0,0,train/NonFight/rwf_train_nonfight_0131.avi,train/NonFight/rwf_train_nonfight_0133.avi,378383e2a3c7c5406fd2e20bf73a951c34dabd870ed55475d62e8694ba222ea0,37a1344db9f15b99c36f75292eb8b03b12d91b4d84596e1c05dfc043987388e9,,,0,0,5.000000,5.000000,0.0,1.0,1280x720,1280x720,0,5,8,probable_near_duplicate
train,validation,RLVS,RLVS,0,0,NonViolence/NV_457.mp4,NonViolence/NV_456.mp4,31eb5e52b347920b32936d9d7cd4424196e05beae0b22a08572bfa5165679026,3da38d7184d59be866bae93fca91d7251f3fe66438f1226f1d41159098da0801,,,0,0,5.000000,5.000000,0.0,1.0,224x224,224x224,0,6,8,probable_near_duplicate
train,validation,RWF-2000,RWF-2000,0,1,train/NonFight/rwf_train_nonfight_0121.avi,train/Fight/rwf_train_fight_0110.avi,3918342d6cb32b058161cb9dd4cf8f9a198ac95c2e2fb453bca833a8e56f41fe,8a46038afbf7a1af2f3b5e49fbae15ffb92529c90ee6d03c2d7b6b9f671d4c2b,,,0,0,5.000000,5.000000,0.0,1.0,1280x720,1280x720,0,7,8,probable_near_duplicate
train,validation,RWF-2000,RWF-2000,0,0,train/NonFight/rwf_train_nonfight_0112.avi,train/NonFight/rwf_train_nonfight_0111.avi,9ebad857006a01d786633893d4b98da765844d4c62c52f7cfeb85217a4d3cab2,24b25071a2343d5f8c696b95259fc5d72283b8a2a50ea84d1dbba6aed9da6cbb,,,0,0,5.000000,5.000000,0.0,1.0,1280x720,1280x720,0,8,8,probable_near_duplicate
train,validation,RWF-2000,RWF-2000,1,0,val/Fight/rwf_val_fight_0086.avi,val/NonFight/rwf_val_nonfight_0094.avi,a956cf85a8bed6aa6eceb91376941e3d1a75169b732c1d95cca0af4978f306b7,81a473c0b0d9593e99302d50015b4c87cd3e13994fd0a78a35417dca0c6dfd15,,,0,0,5.000000,5.000000,0.0,1.0,406x720,406x720,0,6,8,probable_near_duplicate
train,validation,RWF-2000,RWF-2000,1,0,train/Fight/rwf_train_fight_0377.avi,train/NonFight/rwf_train_nonfight_0431.avi,abcd077fbaed44bf0086072aed41a99a65d84743404f6083d8a3e41db57d1ecd,82755e43f8e48adcde56c7512eec6235e882b85e7dd5d0b40934fab8ffb544a8,,,0,0,5.000000,5.000000,0.0,1.0,426x240,426x240,0,6,8,probable_near_duplicate
train,test,RWF-2000,RWF-2000,1,1,val/Fight/rwf_val_fight_0184.avi,val/Fight/rwf_val_fight_0182.avi,a54acd891d021475d17e3afde3e754f5d8a24c095305d1e8263eb62c547cfaa4,f15e57555c397aeb324dd5c55d2beb1bfe965312dce3a51acc77ee5354b4d592,,,0,0,5.000000,5.000000,0.0,1.0,1280x720,1280x720,0,7,8,probable_near_duplicate
train,validation,RWF-2000,RWF-2000,1,1,train/Fight/rwf_train_fight_0464.avi,train/Fight/rwf_train_fight_0465.avi,f6bb359d9690bf6c3085f67e622c0a2f2a66c5085fbc179871fb6157a6c5e194,eaacb39825d1ccd018cc5832f1057926fc3cac2d08183ab9d70057d75b80b1e7,,,0,0,5.000000,5.000000,0.0,1.0,320x240,320x240,0,7,8,probable_near_duplicate
train,validation,RWF-2000,RWF-2000,0,0,train/NonFight/rwf_train_nonfight_0230.avi,train/NonFight/rwf_train_nonfight_0229.avi,baa064d190b2b4d3fc17caf1b7ee7f89c112cf669398f154c96fd0e1c996c5ed,d0e448315e29173fe011c36ba3e9ec15649cba5e07669910e2322851981c0f90,,,0,0,5.000000,5.000000,0.0,1.0,640x344,640x344,0,8,8,probable_near_duplicate
train,test,RWF-2000,RWF-2000,1,1,train/Fight/rwf_train_fight_0292.avi,train/Fight/rwf_train_fight_0291.avi,ae3d60098a74435030ef6672a019becec1bf9caefab6d671da2680ee7149461a,ac498c34f8998f6ff4d6e42b6fd9876826146f0d9deaf2fe46a04677cd9ef952,,,0,0,5.000000,5.000000,0.0,1.0,1280x720,1280x720,0,7,8,probable_near_duplicate
train,test,RWF-2000,RWF-2000,0,0,train/NonFight/rwf_train_nonfight_0409.avi,train/NonFight/rwf_train_nonfight_0408.avi,561a5171851f0f540e997f7b524392cf83e06b196b5461c09f374db8d830a86d,976f9a8dc6f550847b0290b94df52c56844261426ed53534aac1e422d6d7490c,,,0,0,5.000000,5.000000,0.0,1.0,1280x720,1280x720,0,6,8,probable_near_duplicate
train,validation,RWF-2000,RWF-2000,0,0,val/NonFight/rwf_val_nonfight_0093.avi,val/NonFight/rwf_val_nonfight_0094.avi,35599854c4e598b3a7a3f1e0afe6b2e0b85763dd0d8f11fc53928ba15a804c5e,81a473c0b0d9593e99302d50015b4c87cd3e13994fd0a78a35417dca0c6dfd15,,,0,0,5.000000,5.000000,0.0,1.0,406x720,406x720,0,7,8,probable_near_duplicate
train,test,RWF-2000,RWF-2000,1,0,train/Fight/rwf_train_fight_0052.avi,train/NonFight/rwf_train_nonfight_0057.avi,7ff0971fea943b539cf57181b2fc8e8502f93552674493db98942095386c6d79,7c34270f8bcf64ecb444513cac792f261f6c0be1c06bc252bf6e579c2ea1047c,,,0,0,5.000000,5.000000,0.0,1.0,428x240,428x240,0,5,8,probable_near_duplicate
train,test,RWF-2000,RWF-2000,1,1,train/Fight/rwf_train_fight_0625.avi,train/Fight/rwf_train_fight_0624.avi,60a7586f76ec7580e1b66eef0d4eacfaa1215a8034324abb02ff6f1c0670804e,f34ac87b6a0488f6124c1c716e8ee361d34a0b7f6c5ff515286eac7517417bc3,,,0,0,5.000000,5.000000,0.0,1.0,478x360,478x360,0,7,8,probable_near_duplicate
train,validation,RWF-2000,RWF-2000,1,1,train/Fight/rwf_train_fight_0188.avi,train/Fight/rwf_train_fight_0185.avi,6bb44268d6e78b9a85a9362d698232158c57d50c3a7b37a0846e46f6dc20d13c,a437c2eb02b4adf8d0821cd7eeea0ea12ca527c9f82156fd915c4e80c3ba2fff,,,0,0,5.000000,5.000000,0.0,1.0,1280x720,1280x720,0,6,8,probable_near_duplicate
train,validation,RWF-2000,RWF-2000,1,1,train/Fight/rwf_train_fight_0272.avi,train/Fight/rwf_train_fight_0273.avi,c4588027bdc4564622316f8d987411aecebf5b43e34020a13f17712535362f8e,078172332afa26e1668a25a033ed29d325050598c8d854537922a50375f1051f,,,0,0,5.000000,5.000000,0.0,1.0,640x360,640x360,0,8,8,probable_near_duplicate
train,validation,RWF-2000,RWF-2000,1,1,train/Fight/rwf_train_fight_0353.avi,train/Fight/rwf_train_fight_0350.avi,29262ffe2938b2660f2dff701526ca855dafc3b8dcb7eaa690abb1a08aa107a4,e2135ba275ab0c5de3756756e147f6763125d86cccea1637aa49c0430f562088,,,0,0,5.000000,5.000000,0.0,1.0,1280x720,1280x720,0,6,8,probable_near_duplicate
train,test,RWF-2000,RWF-2000,1,0,train/Fight/rwf_train_fight_0056.avi,train/NonFight/rwf_train_nonfight_0057.avi,23b21c48de48d813c651f794867f81f1c31e115294ad2c2f6665e59b86b86403,7c34270f8bcf64ecb444513cac792f261f6c0be1c06bc252bf6e579c2ea1047c,,,0,0,5.000000,5.000000,0.0,1.0,428x240,428x240,0,5,8,probable_near_duplicate
train,validation,RWF-2000,RWF-2000,1,1,train/Fight/rwf_train_fight_0760.avi,train/Fight/rwf_train_fight_0704.avi,8817ea8465cc9934ff85098c7a3be250c029c120960f0d6aa788b420baad864f,3eec4b744795d4818f36e34da8d295d5c1240ba451fc9464f4a986f9b8e9f3ae,,,0,0,5.000000,5.000000,0.0,1.0,398x224,1280x720,0,7,8,probable_near_duplicate
train,validation,RWF-2000,RWF-2000,1,1,train/Fight/rwf_train_fight_0760.avi,train/Fight/rwf_train_fight_0765.avi,8817ea8465cc9934ff85098c7a3be250c029c120960f0d6aa788b420baad864f,653eca47da3c77fe13ebb2ed4ff29ac37f8265163fb6955ad76af41e430431f0,,,0,0,5.000000,5.000000,0.0,1.0,398x224,398x224,0,8,8,probable_near_duplicate
train,validation,RLVS,RLVS,0,0,NonViolence/NV_940.mp4,NonViolence/NV_939.mp4,1a4d8f3909ca6e99fcb7719909a39d1c848a9de274e89b3c244a62a26dc56541,1982b73d82157d1d1db8620b0dc87336f15482ff4ce15510abe7aac90d6786b6,,,0,0,1.000000,5.000000,4.0,0.2,224x224,224x224,0,7,8,probable_near_duplicate
train,test,RWF-2000,RWF-2000,0,1,train/NonFight/rwf_train_nonfight_0124.avi,train/Fight/rwf_train_fight_0113.avi,5544093edae505aa4513fd89b019819642c11ac8f3e23d4834161a08e62448e2,fa7100bc301bedf1d0b241375abdd82e59e0d7943d365748d4c7181174c9573f,,,0,0,5.000000,5.000000,0.0,1.0,1280x720,1280x720,0,5,8,probable_near_duplicate
train,validation,RWF-2000,RWF-2000,1,1,train/Fight/rwf_train_fight_0268.avi,train/Fight/rwf_train_fight_0277.avi,411494b92bc8f81850ff071789fe9494f9e3468aa62574b9c39baf181293733d,d24a31d300a73f10a29400bf4bba720e8a45bcb7b8ca9e292c7b450fa7d9633a,,,0,0,5.000000,5.000000,0.0,1.0,640x360,640x360,0,6,8,probable_near_duplicate
train,test,RLVS,RLVS,0,0,NonViolence/NV_396.mp4,NonViolence/NV_385.mp4,dadc2637c6dfc996dca0f2a109f289fe6db710542f7b2ca734a164d48b2d254d,1addf6cfd1e51e909d9ccad200a6cadc6c35da81fca7f9b12a6f715a81e853df,,,0,0,5.000000,5.000000,0.0,1.0,224x224,224x224,0,6,8,probable_near_duplicate
train,validation,RLVS,RLVS,0,0,NonViolence/NV_390.mp4,NonViolence/NV_391.mp4,917f28a9c3dbb13499a0c7ae662b03e4b054d9f22e94df39ef6c307dc967c280,6f7eac696f86b25bcd46e0785b0eb614453c286a48ad7eab6737396e47cf663c,,,0,0,5.000000,5.000000,0.0,1.0,224x224,224x224,0,8,8,probable_near_duplicate
validation,test,RLVS,RLVS,0,0,NonViolence/NV_373.mp4,NonViolence/NV_374.mp4,76c4df6393f7cc250ceec92eb72b2baf92cc41de9d4591a00988e24f7a7d0ad3,f3f9292203ffec607ee0a86074af5113032e774adfdeae2a00249320bf5ed431,,,0,0,5.000000,5.000000,0.0,1.0,224x224,224x224,0,6,8,probable_near_duplicate
validation,test,RWF-2000,RWF-2000,1,1,val/Fight/rwf_val_fight_0183.avi,val/Fight/rwf_val_fight_0182.avi,04891b687702412884e308af4cf5c3134d62e2a4725df1cdc43cbcc134bee30f,f15e57555c397aeb324dd5c55d2beb1bfe965312dce3a51acc77ee5354b4d592,,,0,0,5.000000,5.000000,0.0,1.0,1280x720,1280x720,0,6,8,probable_near_duplicate
validation,test,RWF-2000,RWF-2000,1,1,train/Fight/rwf_train_fight_0187.avi,train/Fight/rwf_train_fight_0183.avi,c290ddcdd4db12f5cdecd91366010da76a08d60016690b02af429a46386e5ff4,1561a80585f9c951fd71ce10e09e8aab08aa0824a89be6acebbc9a5ffde57e48,,,0,0,5.000000,5.000000,0.0,1.0,1280x720,1280x720,0,6,8,probable_near_duplicate
train,test,RWF-2000,RWF-2000,1,1,val/Fight/rwf_val_fight_0075.avi,val/Fight/rwf_val_fight_0077.avi,f23eabfddef2b6bad8719425d4b433c093c000ff8b1d5216e339ca28f2ac3ea5,330d92b037909c5ee09999f99bbd88ea9d3f3047d1f78babc1fc44bb4b6bf155,,,0,0,5.000000,5.000000,0.0,1.0,1280x720,1280x720,2,7,8,probable_near_duplicate
train,validation,RWF-2000,RWF-2000,1,0,val/Fight/rwf_val_fight_0186.avi,val/NonFight/rwf_val_nonfight_0184.avi,0b7c86a9fe90cb47a0066fcf72565f26caf598295f5b254f2a4e944027b8c8c2,e46c7b38861bf49d3e3eb34d861497ce3a980938c76d3e6d4c39855a42ab08d3,,,0,0,5.000000,5.000000,0.0,1.0,480x360,480x360,2,5,8,probable_near_duplicate
train,validation,RWF-2000,RWF-2000,1,1,val/Fight/rwf_val_fight_0186.avi,val/Fight/rwf_val_fight_0189.avi,0b7c86a9fe90cb47a0066fcf72565f26caf598295f5b254f2a4e944027b8c8c2,70cc8acce051dd5f21e074a590088b0f905c0022d959dc297befbcf9b78510d2,,,0,0,5.000000,5.000000,0.0,1.0,480x360,480x360,2,6,8,probable_near_duplicate
train,test,RWF-2000,RWF-2000,0,1,train/NonFight/rwf_train_nonfight_0121.avi,train/Fight/rwf_train_fight_0111.avi,3918342d6cb32b058161cb9dd4cf8f9a198ac95c2e2fb453bca833a8e56f41fe,117dcfc78fd70502e7d858104f698c5263a64d35960a9499193f906474d6407a,,,0,0,5.000000,5.000000,0.0,1.0,1280x720,1280x720,2,6,8,probable_near_duplicate
train,test,RWF-2000,RWF-2000,1,1,val/Fight/rwf_val_fight_0076.avi,val/Fight/rwf_val_fight_0077.avi,39fbd341523a6c7e695b48998869aed1cdb66be9c3c6110b72f335d00135d55c,330d92b037909c5ee09999f99bbd88ea9d3f3047d1f78babc1fc44bb4b6bf155,,,0,0,5.000000,5.000000,0.0,1.0,1280x720,1280x720,2,7,8,probable_near_duplicate
train,validation,RWF-2000,RWF-2000,0,0,train/NonFight/rwf_train_nonfight_0532.avi,train/NonFight/rwf_train_nonfight_0533.avi,5f51e9f6e846cad374f3b5910fbf7761620fe52bd2e998f7bfd11dc243335bcd,7f95e053902572398f8704b29d90b3ef64fc4ad200b572eac6281cfc8d4b8607,,,0,0,5.000000,5.000000,0.0,1.0,450x360,450x360,2,4,8,probable_near_duplicate
train,test,RWF-2000,RWF-2000,1,1,train/Fight/rwf_train_fight_0446.avi,train/Fight/rwf_train_fight_0448.avi,6f68ec88781599e2264009b54d75466cb524acabae513ed794b274f73eefc9da,e6dde7a5cec1d1ac6a3a4d4a38413abc70d0983c4afa49d30f439b941daf56e7,,,0,0,5.000000,5.000000,0.0,1.0,320x240,320x240,2,5,8,probable_near_duplicate
train,validation,RWF-2000,RWF-2000,0,0,train/NonFight/rwf_train_nonfight_0295.avi,train/NonFight/rwf_train_nonfight_0296.avi,d77af0a224094debbc957266f768626bc4ca97f8e6d5d8a648b2b0bca579beb1,634b519f71455dfcb9a0d03682b1cf814ed82231d315af27a850dd8380d29117,,,0,0,5.000000,5.000000,0.0,1.0,640x360,640x360,2,8,8,probable_near_duplicate
train,test,RWF-2000,RWF-2000,1,1,val/Fight/rwf_val_fight_0086.avi,val/Fight/rwf_val_fight_0088.avi,a956cf85a8bed6aa6eceb91376941e3d1a75169b732c1d95cca0af4978f306b7,5c7517bc697da99e9f366716901c1b2ab46de2fb7c0cae324d0e735c5224eb5e,,,0,0,5.000000,5.000000,0.0,1.0,406x720,406x720,2,8,8,probable_near_duplicate
train,test,RWF-2000,RWF-2000,1,1,val/Fight/rwf_val_fight_0164.avi,val/Fight/rwf_val_fight_0165.avi,33f219cff53feb6a9a92bb75134816d7dbb3124df11f6a98a987cde3f37f6bca,242aa37fbdc6e40166ebf3bb172ec038bf5ba04372641139d3e57cc340f28f57,,,0,0,5.000000,5.000000,0.0,1.0,1280x720,1280x720,2,3,8,probable_near_duplicate
train,test,RWF-2000,RWF-2000,1,1,val/Fight/rwf_val_fight_0164.avi,val/Fight/rwf_val_fight_0166.avi,33f219cff53feb6a9a92bb75134816d7dbb3124df11f6a98a987cde3f37f6bca,ed6b897b58efc07a60dd8a7a18273c52f9ef5e2418ba68e2e47ebf3343293a08,,,0,0,5.000000,5.000000,0.0,1.0,1280x720,1280x720,2,5,8,probable_near_duplicate
train,validation,RWF-2000,RWF-2000,1,0,train/Fight/rwf_train_fight_0352.avi,train/NonFight/rwf_train_nonfight_0395.avi,5c9b74bf2c64177b1b30c9ec84d7be27585798b9b0928fc3c94d6f8b92c4b4ea,d3930e937a93fee8f2a232b9880f8cc55611e1cf3d82949bd2680ebea034b1d7,,,0,0,5.000000,5.000000,0.0,1.0,1280x720,1280x720,2,4,8,probable_near_duplicate
train,validation,RWF-2000,RWF-2000,1,0,train/Fight/rwf_train_fight_0352.avi,train/NonFight/rwf_train_nonfight_0394.avi,5c9b74bf2c64177b1b30c9ec84d7be27585798b9b0928fc3c94d6f8b92c4b4ea,e0aa8f2922f019e2e80a56a625dc298463da4b23a57be0f3cd9240112071afdc,,,0,0,5.000000,5.000000,0.0,1.0,1280x720,1280x720,2,6,8,probable_near_duplicate
train,validation,RWF-2000,RWF-2000,1,1,train/Fight/rwf_train_fight_0352.avi,train/Fight/rwf_train_fight_0350.avi,5c9b74bf2c64177b1b30c9ec84d7be27585798b9b0928fc3c94d6f8b92c4b4ea,e2135ba275ab0c5de3756756e147f6763125d86cccea1637aa49c0430f562088,,,0,0,5.000000,5.000000,0.0,1.0,1280x720,1280x720,2,7,8,probable_near_duplicate
train,validation,RWF-2000,RWF-2000,1,1,train/Fight/rwf_train_fight_0538.avi,train/Fight/rwf_train_fight_0537.avi,3c92bdefe5bd3dc32e47ae9b8ea828ef7a67c4c58b8774318ed96864df0ca4ed,f9c6f6edc976c9ffde0546ee62f374df8a78f4d746b447373d9f44c634d8d058,,,0,0,5.000000,5.000000,0.0,1.0,320x240,320x240,2,6,8,probable_near_duplicate
train,test,RLVS,RLVS,0,0,NonViolence/NV_186.mp4,NonViolence/NV_189.mp4,50e8fd5e01fea4c1414292df7e8f501bafda24d02ebb62a9466c829143706966,5962b889b9357f871f6f0dfff4a7a9899076a770cc1d111ffebc6e4764378643,,,0,0,5.000000,2.000000,3.0,0.4,224x224,224x224,2,6,8,probable_near_duplicate
train,validation,RWF-2000,RWF-2000,1,1,train/Fight/rwf_train_fight_0466.avi,train/Fight/rwf_train_fight_0465.avi,01c4046b7d4c5bbb81782e85efb5f64446d516cc728f0a009683a2ee1d4dfcac,eaacb39825d1ccd018cc5832f1057926fc3cac2d08183ab9d70057d75b80b1e7,,,0,0,5.000000,5.000000,0.0,1.0,320x240,320x240,2,6,8,probable_near_duplicate
train,validation,RWF-2000,RWF-2000,1,1,train/Fight/rwf_train_fight_0267.avi,train/Fight/rwf_train_fight_0270.avi,4ca3e8a7d972c9e3e972c6246ca5a4775d2842e41469e7a16a5d8e41f74b5330,febda1518a536aafc28ec70cfe128ff22c72bfe4463fe7201e66c9098051ad2b,,,0,0,5.000000,5.000000,0.0,1.0,640x360,640x360,2,5,8,probable_near_duplicate
train,validation,RWF-2000,RWF-2000,1,1,train/Fight/rwf_train_fight_0132.avi,train/Fight/rwf_train_fight_0131.avi,74696e3e38ca52c6a579d5da5dcf252ada6adbf127177be0b83fbdd5415554cf,235a2b8f7089fee9486187b0eff583496f993b88967a2348aad2ce3a10c99f4d,,,0,0,5.000000,5.000000,0.0,1.0,1280x720,1280x720,2,6,8,probable_near_duplicate
train,validation,RWF-2000,RWF-2000,1,1,train/Fight/rwf_train_fight_0271.avi,train/Fight/rwf_train_fight_0273.avi,4f0d516f250a2eecb10b3884e1462ee6c245c40babeb419b0bfdfe26fcf05137,078172332afa26e1668a25a033ed29d325050598c8d854537922a50375f1051f,,,0,0,5.000000,5.000000,0.0,1.0,640x360,640x360,2,5,8,probable_near_duplicate
train,validation,RWF-2000,RWF-2000,0,0,train/NonFight/rwf_train_nonfight_0564.avi,train/NonFight/rwf_train_nonfight_0563.avi,58d2a07fb8beb4d07a6b353feb639d3ab5e74d6e32f1e3967d7e4669c96b8e45,f5e15c7ecb7237342aeae32ddd623f40a6dcb1abe7e28149de149f8eb49d45b4,,,0,0,5.000000,5.000000,0.0,1.0,1280x720,1280x720,2,3,8,probable_near_duplicate
train,validation,RWF-2000,RWF-2000,1,1,train/Fight/rwf_train_fight_0508.avi,train/Fight/rwf_train_fight_0505.avi,6cf4d3c41882dd74df528d20ca2a199ecf6f2dc4ac973e0e1ef708d640291fab,9239b64ba91c6a4e29eaa9c7dee2f07e3ef813fc8e01eb514be135749f09604a,,,0,0,5.000000,5.000000,0.0,1.0,1280x720,1280x720,2,7,8,probable_near_duplicate
train,validation,RWF-2000,RWF-2000,1,1,train/Fight/rwf_train_fight_0508.avi,train/Fight/rwf_train_fight_0506.avi,6cf4d3c41882dd74df528d20ca2a199ecf6f2dc4ac973e0e1ef708d640291fab,6da1d6a3b6f43eaddc6ab0596a2c2be38be2fd9dc326421be839d61c4fa914f8,,,0,0,5.000000,5.000000,0.0,1.0,1280x720,1280x720,2,7,8,probable_near_duplicate
train,validation,RWF-2000,RWF-2000,0,0,train/NonFight/rwf_train_nonfight_0409.avi,train/NonFight/rwf_train_nonfight_0406.avi,561a5171851f0f540e997f7b524392cf83e06b196b5461c09f374db8d830a86d,747d409aceb7d2d9b17c8bcbcff8933c4168fd0fbfba06920b8ac93d4a02ce8d,,,0,0,5.000000,5.000000,0.0,1.0,1280x720,1280x720,2,5,8,probable_near_duplicate
train,validation,RWF-2000,RWF-2000,1,0,val/Fight/rwf_val_fight_0188.avi,val/NonFight/rwf_val_nonfight_0184.avi,28eb10b7462309ebf00ed079e1790d660b2aa9790f7f0c8826bedb981c0784e4,e46c7b38861bf49d3e3eb34d861497ce3a980938c76d3e6d4c39855a42ab08d3,,,0,0,5.000000,5.000000,0.0,1.0,480x360,480x360,2,7,8,probable_near_duplicate
train,validation,RWF-2000,RWF-2000,1,1,val/Fight/rwf_val_fight_0188.avi,val/Fight/rwf_val_fight_0189.avi,28eb10b7462309ebf00ed079e1790d660b2aa9790f7f0c8826bedb981c0784e4,70cc8acce051dd5f21e074a590088b0f905c0022d959dc297befbcf9b78510d2,,,0,0,5.000000,5.000000,0.0,1.0,480x360,480x360,2,6,8,probable_near_duplicate
train,test,RWF-2000,RWF-2000,0,1,val/NonFight/rwf_val_nonfight_0093.avi,val/Fight/rwf_val_fight_0088.avi,35599854c4e598b3a7a3f1e0afe6b2e0b85763dd0d8f11fc53928ba15a804c5e,5c7517bc697da99e9f366716901c1b2ab46de2fb7c0cae324d0e735c5224eb5e,,,0,0,5.000000,5.000000,0.0,1.0,406x720,406x720,2,8,8,probable_near_duplicate
train,test,RWF-2000,RWF-2000,1,0,train/Fight/rwf_train_fight_0208.avi,train/NonFight/rwf_train_nonfight_0231.avi,06048d1cc3dee14b48ca17f18fce7a1afaeffedffce9d38fbab20ff442ee25e6,8902d9d7dbcdaee0ee1c9761f4a205e3fe1b9558a9b8b7a6dfb91e6173f2f584,,,0,0,5.000000,5.000000,0.0,1.0,640x344,640x344,2,6,8,probable_near_duplicate
train,validation,RWF-2000,RWF-2000,1,1,train/Fight/rwf_train_fight_0134.avi,train/Fight/rwf_train_fight_0131.avi,9eee44863f2659da245e5101af226cf830e69082cff6874236ba960aca73af55,235a2b8f7089fee9486187b0eff583496f993b88967a2348aad2ce3a10c99f4d,,,0,0,5.000000,5.000000,0.0,1.0,1280x720,1280x720,2,6,8,probable_near_duplicate
train,validation,RWF-2000,RWF-2000,0,1,train/NonFight/rwf_train_nonfight_0393.avi,train/Fight/rwf_train_fight_0350.avi,4377f56aca6ddadf3ba75fc7de9f8fc5732691bc847faa17e4db1df77e7a5c10,e2135ba275ab0c5de3756756e147f6763125d86cccea1637aa49c0430f562088,,,0,0,5.000000,5.000000,0.0,1.0,1280x720,1280x720,2,7,8,probable_near_duplicate
train,test,RWF-2000,RWF-2000,1,1,train/Fight/rwf_train_fight_0163.avi,train/Fight/rwf_train_fight_0165.avi,49bea4e76f38b841fd6c939d4c6fe06a2aaf324a76df34355948967212bf5617,02f86008985a7d9d0fa2c4b35263096fb836b5100636622702bca4389a9d37f8,,,0,0,5.000000,5.000000,0.0,1.0,1280x720,1280x720,2,7,8,probable_near_duplicate
train,test,RWF-2000,RWF-2000,0,0,train/NonFight/rwf_train_nonfight_0232.avi,train/NonFight/rwf_train_nonfight_0231.avi,92862a5db28e71d8681918ab6d593f42e991718654dc62c9fcd7f54241620b80,8902d9d7dbcdaee0ee1c9761f4a205e3fe1b9558a9b8b7a6dfb91e6173f2f584,,,0,0,5.000000,5.000000,0.0,1.0,640x344,640x344,2,7,8,probable_near_duplicate
train,test,RLVS,RLVS,0,0,NonViolence/NV_188.mp4,NonViolence/NV_103.mp4,fb9cbc032df6aab02f32f7808d6c6a288c304f4336bce7c6ffa4a6e7fd89856c,fe91c812adf91eb8ee366f347ec096f737b9ec39711a45041c0961b89fa7ccbf,,,0,0,5.000000,5.000000,0.0,1.0,224x224,224x224,2,8,8,probable_near_duplicate
train,validation,RWF-2000,RWF-2000,1,1,train/Fight/rwf_train_fight_0188.avi,train/Fight/rwf_train_fight_0186.avi,6bb44268d6e78b9a85a9362d698232158c57d50c3a7b37a0846e46f6dc20d13c,541bb318c403e20fe611a2928ba4d7c9096558c8da68e78583609972a2cde462,,,0,0,5.000000,5.000000,0.0,1.0,1280x720,1280x720,2,6,8,probable_near_duplicate
train,validation,RWF-2000,RWF-2000,1,1,train/Fight/rwf_train_fight_0188.avi,train/Fight/rwf_train_fight_0187.avi,6bb44268d6e78b9a85a9362d698232158c57d50c3a7b37a0846e46f6dc20d13c,c290ddcdd4db12f5cdecd91366010da76a08d60016690b02af429a46386e5ff4,,,0,0,5.000000,5.000000,0.0,1.0,1280x720,1280x720,2,6,8,probable_near_duplicate
train,test,RWF-2000,RWF-2000,1,1,train/Fight/rwf_train_fight_0188.avi,train/Fight/rwf_train_fight_0184.avi,6bb44268d6e78b9a85a9362d698232158c57d50c3a7b37a0846e46f6dc20d13c,a3b935fa428736d141a883867cdbee007dc6bb92152ebc5a9b7f7b4e693644d0,,,0,0,5.000000,5.000000,0.0,1.0,1280x720,1280x720,2,6,8,probable_near_duplicate
train,validation,RWF-2000,RWF-2000,0,1,train/NonFight/rwf_train_nonfight_0181.avi,train/Fight/rwf_train_fight_0465.avi,444dd5d54ff5bc7dc9f9f0d2e985e21b83fa1269fb6c41da814f02346e4b2c58,eaacb39825d1ccd018cc5832f1057926fc3cac2d08183ab9d70057d75b80b1e7,,,0,0,5.000000,5.000000,0.0,1.0,320x240,320x240,2,7,8,probable_near_duplicate
train,test,RWF-2000,RWF-2000,0,0,train/NonFight/rwf_train_nonfight_0550.avi,train/NonFight/rwf_train_nonfight_0549.avi,d73567224039fdef95b1b6ce42d66f97f8c9942941ea24fde4d5be798186b3d9,25e74da2290ebee0e63db5d1e8854333b7dfb2a7c60bd5d17199cbea15057895,,,0,0,5.000000,5.000000,0.0,1.0,1280x720,1280x720,2,6,8,probable_near_duplicate
train,validation,RWF-2000,RWF-2000,1,1,val/Fight/rwf_val_fight_0187.avi,val/Fight/rwf_val_fight_0189.avi,e720c28177bc09153962c243596675dc20b259116e671f4ad9efcda34632a977,70cc8acce051dd5f21e074a590088b0f905c0022d959dc297befbcf9b78510d2,,,0,0,5.000000,5.000000,0.0,1.0,480x360,480x360,2,6,8,probable_near_duplicate
train,validation,RWF-2000,RWF-2000,1,1,train/Fight/rwf_train_fight_0351.avi,train/Fight/rwf_train_fight_0350.avi,34b3d424f79be3e9e620e8a8fb171c59276ac42a923867212ee8ebc7fdd1c670,e2135ba275ab0c5de3756756e147f6763125d86cccea1637aa49c0430f562088,,,0,0,5.000000,5.000000,0.0,1.0,1280x720,1280x720,2,7,8,probable_near_duplicate
train,test,RWF-2000,RWF-2000,0,1,train/NonFight/rwf_train_nonfight_0124.avi,train/Fight/rwf_train_fight_0114.avi,5544093edae505aa4513fd89b019819642c11ac8f3e23d4834161a08e62448e2,616018b736573d70d0ebbe9f185952b72bd390d693f463f6dc363536bfe35e2f,,,0,0,5.000000,5.000000,0.0,1.0,1280x720,1280x720,2,7,8,probable_near_duplicate
train,validation,RWF-2000,RWF-2000,1,0,train/Fight/rwf_train_fight_0207.avi,train/NonFight/rwf_train_nonfight_0229.avi,6465b88fe6c4201a7ebadc2100592dc81d6d31b62d2d34bcfd60621a840038b2,d0e448315e29173fe011c36ba3e9ec15649cba5e07669910e2322851981c0f90,,,0,0,5.000000,5.000000,0.0,1.0,640x344,640x344,2,8,8,probable_near_duplicate
train,validation,RWF-2000,RWF-2000,1,1,train/Fight/rwf_train_fight_0735.avi,train/Fight/rwf_train_fight_0737.avi,cd84007bb4ea4dbf339d8d162c018f2fe132abde28acb85a167dca82a885c070,140d959d01ffdc8804d4a49da0601146552f50c31f208f492c5370c64feff56d,,,0,0,5.000000,5.000000,0.0,1.0,640x360,640x360,2,7,8,probable_near_duplicate
train,test,RWF-2000,RWF-2000,1,1,train/Fight/rwf_train_fight_0338.avi,train/Fight/rwf_train_fight_0339.avi,ca7bee6da3696373b57360b44cae0e5c678992ae35bb7afc49a653af7c15bccb,4c055af5d0844d6493cce1cdd2d6ce7c0a3b3c716807087ccad1f7f91d0ad516,,,0,0,5.000000,5.000000,0.0,1.0,1280x720,1280x720,2,4,8,probable_near_duplicate
validation,test,RWF-2000,RWF-2000,1,1,train/Fight/rwf_train_fight_0135.avi,train/Fight/rwf_train_fight_0130.avi,0e5b5bc2125778febd96f86a99f16268b76741099f2f9943d5617900ed9acfa9,f29ffd7335f0cb0b8ed07d103a4aa217c8c26c50b9780cff2f9c8cc0be9cdf12,,,0,0,5.000000,5.000000,0.0,1.0,1280x720,1280x720,2,8,8,probable_near_duplicate
validation,test,RWF-2000,RWF-2000,1,1,train/Fight/rwf_train_fight_0131.avi,train/Fight/rwf_train_fight_0130.avi,235a2b8f7089fee9486187b0eff583496f993b88967a2348aad2ce3a10c99f4d,f29ffd7335f0cb0b8ed07d103a4aa217c8c26c50b9780cff2f9c8cc0be9cdf12,,,0,0,5.000000,5.000000,0.0,1.0,1280x720,1280x720,2,8,8,probable_near_duplicate
validation,test,RWF-2000,RWF-2000,0,1,val/NonFight/rwf_val_nonfight_0094.avi,val/Fight/rwf_val_fight_0087.avi,81a473c0b0d9593e99302d50015b4c87cd3e13994fd0a78a35417dca0c6dfd15,4966e3a8b1f8580b93a4783fd982d239051b21567b47463e1485c2f3e141f69a,,,0,0,5.000000,5.000000,0.0,1.0,406x720,406x720,2,5,8,probable_near_duplicate
train,validation,RWF-2000,RWF-2000,1,1,train/Fight/rwf_train_fight_0782.avi,train/Fight/rwf_train_fight_0783.avi,f5d5c086b04d0ed9736935bed34ce2dcb3178a00f83d1ccc068217c2eab6916c,93e39a9db0da74f4d19ce8ec12fcaf83bec3a0915bc58759a38a9a41abdced9d,,,0,0,5.000000,5.000000,0.0,1.0,854x480,854x480,4,7,8,probable_near_duplicate
train,validation,RWF-2000,RWF-2000,1,1,val/Fight/rwf_val_fight_0184.avi,val/Fight/rwf_val_fight_0181.avi,a54acd891d021475d17e3afde3e754f5d8a24c095305d1e8263eb62c547cfaa4,b0e963a3903d6f1fa49b701689947e783f4511f3d05e7c231027b25e50833f27,,,0,0,5.000000,5.000000,0.0,1.0,1280x720,1280x720,4,5,8,probable_near_duplicate
train,validation,RWF-2000,RWF-2000,1,1,train/Fight/rwf_train_fight_0538.avi,train/Fight/rwf_train_fight_0536.avi,3c92bdefe5bd3dc32e47ae9b8ea828ef7a67c4c58b8774318ed96864df0ca4ed,93e0bf47fbe10134634f8d7e884dc65df5beff0c56c5bfa623e834528d0af230,,,0,0,5.000000,5.000000,0.0,1.0,320x240,320x240,4,5,8,probable_near_duplicate
train,validation,RWF-2000,RWF-2000,0,0,train/NonFight/rwf_train_nonfight_0064.avi,train/NonFight/rwf_train_nonfight_0062.avi,7ea6531885d9bad1caa1d8dc8980fe2d6d77bb3715137da9640152d7e5fc1381,257daad5eebfcce6fa14e55af2ae3cea6f1a85b6e7e2d7683dac7e2aaeca4bf5,,,0,0,5.000000,5.000000,0.0,1.0,1280x720,1280x720,4,2,8,probable_near_duplicate
train,validation,RWF-2000,RWF-2000,0,0,train/NonFight/rwf_train_nonfight_0251.avi,train/NonFight/rwf_train_nonfight_0249.avi,b4006c5e883bf7ee907fedada22b347341236a8acce6cc1ea5fb2e39f7ce3d1e,17c733ecf2eee4e80e37072efe23737f3e12f277132fca6da69f0d3f29da5637,,,0,0,5.000000,5.000000,0.0,1.0,640x360,640x360,4,5,8,probable_near_duplicate
train,validation,RWF-2000,RWF-2000,0,1,train/NonFight/rwf_train_nonfight_0175.avi,train/Fight/rwf_train_fight_0537.avi,80928c679a389505080a043911ffb739f8c2242cf0cf254c21cea493ed93555d,f9c6f6edc976c9ffde0546ee62f374df8a78f4d746b447373d9f44c634d8d058,,,0,0,5.000000,5.000000,0.0,1.0,320x240,320x240,4,6,8,probable_near_duplicate
train,validation,RWF-2000,RWF-2000,0,1,train/NonFight/rwf_train_nonfight_0175.avi,train/Fight/rwf_train_fight_0536.avi,80928c679a389505080a043911ffb739f8c2242cf0cf254c21cea493ed93555d,93e0bf47fbe10134634f8d7e884dc65df5beff0c56c5bfa623e834528d0af230,,,0,0,5.000000,5.000000,0.0,1.0,320x240,320x240,4,4,8,probable_near_duplicate
train,validation,RWF-2000,RWF-2000,0,0,train/NonFight/rwf_train_nonfight_0252.avi,train/NonFight/rwf_train_nonfight_0249.avi,8592be695ac169949c6d84e72eb0f38b137048b4861305c54adfa3168e690eff,17c733ecf2eee4e80e37072efe23737f3e12f277132fca6da69f0d3f29da5637,,,0,0,5.000000,5.000000,0.0,1.0,640x360,640x360,4,7,8,probable_near_duplicate
train,test,RWF-2000,RWF-2000,0,0,train/NonFight/rwf_train_nonfight_0488.avi,val/NonFight/rwf_val_nonfight_0039.avi,d9a1fba935168c829030e3eeb2027446a8082faf3ceccc20299c1056a4f6b4c9,b3fa7d4fb06005297d2a0d74284f017655eabaf5a3bfde56bb7b7e99b9c6f31a,,,0,0,5.000000,5.000000,0.0,1.0,320x240,320x240,4,8,8,probable_near_duplicate
train,test,RWF-2000,RWF-2000,1,0,train/Fight/rwf_train_fight_0463.avi,train/NonFight/rwf_train_nonfight_0522.avi,a2c86509c54cae3a3d8401021f3f4d19ddc324accd47dd3977501630c2b6c1e9,9c6e45738cff881a61248585b5634900962220f886b0c15a9524e26788854a71,,,0,0,5.000000,5.000000,0.0,1.0,640x358,640x358,4,6,8,probable_near_duplicate
train,test,RWF-2000,RWF-2000,1,1,train/Fight/rwf_train_fight_0163.avi,train/Fight/rwf_train_fight_0167.avi,49bea4e76f38b841fd6c939d4c6fe06a2aaf324a76df34355948967212bf5617,80ee92a8e3021f63e797c70b1bbbb11bc98194ebf196491b74e6fd7feea8d6db,,,0,0,5.000000,5.000000,0.0,1.0,1280x720,1280x720,4,5,8,probable_near_duplicate
train,validation,RWF-2000,RWF-2000,1,1,train/Fight/rwf_train_fight_0759.avi,train/Fight/rwf_train_fight_0703.avi,d7ccc5adf868c6a01dd115c797016f660e66a2ee58b52bdf53fe77afee8faa5d,f5e4b66d842a2af8ad1e201ce8a8b80124a50f334a02e32395815320925a3545,,,0,0,5.000000,5.000000,0.0,1.0,398x224,1280x720,4,7,8,probable_near_duplicate
train,validation,RWF-2000,RWF-2000,0,0,train/NonFight/rwf_train_nonfight_0250.avi,train/NonFight/rwf_train_nonfight_0249.avi,ca2ca4d2f73a9843c76adcc7c95064bb794221f11f1a42474cf64fa1f6991cea,17c733ecf2eee4e80e37072efe23737f3e12f277132fca6da69f0d3f29da5637,,,0,0,5.000000,5.000000,0.0,1.0,640x360,640x360,4,4,8,probable_near_duplicate
train,test,RWF-2000,RWF-2000,1,1,val/Fight/rwf_val_fight_0091.avi,val/Fight/rwf_val_fight_0087.avi,b508959be1be7317eb0d944cf051b035d583df3b2f92a98e312c60a654272936,4966e3a8b1f8580b93a4783fd982d239051b21567b47463e1485c2f3e141f69a,,,0,0,5.000000,5.000000,0.0,1.0,406x720,406x720,4,6,8,probable_near_duplicate
train,test,RWF-2000,RWF-2000,1,1,val/Fight/rwf_val_fight_0091.avi,val/Fight/rwf_val_fight_0088.avi,b508959be1be7317eb0d944cf051b035d583df3b2f92a98e312c60a654272936,5c7517bc697da99e9f366716901c1b2ab46de2fb7c0cae324d0e735c5224eb5e,,,0,0,5.000000,5.000000,0.0,1.0,406x720,406x720,4,5,8,probable_near_duplicate
train,validation,RLVS,RLVS,0,0,NonViolence/NV_389.mp4,NonViolence/NV_391.mp4,b5811c1bbc73d63126accc92c2cba600340f71442f428f4e572e0f168a958734,6f7eac696f86b25bcd46e0785b0eb614453c286a48ad7eab6737396e47cf663c,,,0,0,5.000000,5.000000,0.0,1.0,224x224,224x224,4,7,8,probable_near_duplicate
train,validation,RWF-2000,RWF-2000,1,1,train/Fight/rwf_train_fight_0702.avi,train/Fight/rwf_train_fight_0704.avi,3fdf090beddaadaf9d7df22bee1efc043bcd189d90aaf6c2c26a6d3fccb910fb,3eec4b744795d4818f36e34da8d295d5c1240ba451fc9464f4a986f9b8e9f3ae,,,0,0,5.000000,5.000000,0.0,1.0,1280x720,1280x720,4,7,8,probable_near_duplicate
train,validation,RWF-2000,RWF-2000,1,1,train/Fight/rwf_train_fight_0702.avi,train/Fight/rwf_train_fight_0765.avi,3fdf090beddaadaf9d7df22bee1efc043bcd189d90aaf6c2c26a6d3fccb910fb,653eca47da3c77fe13ebb2ed4ff29ac37f8265163fb6955ad76af41e430431f0,,,0,0,5.000000,5.000000,0.0,1.0,1280x720,398x224,4,6,8,probable_near_duplicate
validation,test,RWF-2000,RWF-2000,1,1,train/Fight/rwf_train_fight_0537.avi,train/Fight/rwf_train_fight_0539.avi,f9c6f6edc976c9ffde0546ee62f374df8a78f4d746b447373d9f44c634d8d058,88854f33fb2dbc794ce94983f840824790d13ee74a000ef5fbbd30998e596caa,,,0,0,5.000000,5.000000,0.0,1.0,320x240,320x240,4,5,8,probable_near_duplicate
validation,test,RWF-2000,RWF-2000,1,1,val/Fight/rwf_val_fight_0181.avi,val/Fight/rwf_val_fight_0182.avi,b0e963a3903d6f1fa49b701689947e783f4511f3d05e7c231027b25e50833f27,f15e57555c397aeb324dd5c55d2beb1bfe965312dce3a51acc77ee5354b4d592,,,0,0,5.000000,5.000000,0.0,1.0,1280x720,1280x720,4,7,8,probable_near_duplicate
train,validation,RWF-2000,RWF-2000,0,1,train/NonFight/rwf_train_nonfight_0566.avi,train/Fight/rwf_train_fight_0511.avi,fa46843e8d956aba7b81be48641297255e1fb1a150e46cd18759ea6318b2b2f5,3800a8b7c24541c25b21a8c9d73001395cc04e321c187debd02cb7014a5d1cca,,,0,0,5.000000,5.000000,0.0,1.0,1920x1080,1920x1080,6,4,8,probable_near_duplicate
train,validation,RWF-2000,RWF-2000,1,0,train/Fight/rwf_train_fight_0064.avi,train/NonFight/rwf_train_nonfight_0067.avi,34b641d5e7627f72aa45d7c5aa422566d174d549fdd1882aa55478a2d93e2f8c,0d7ae34e777fc8d7e33a28c611d17edad5c9e03ac8ea5201908a67e513e58c69,,,0,0,5.000000,5.000000,0.0,1.0,1920x1080,1920x1080,6,4,8,probable_near_duplicate
train,validation,RLVS,RLVS,0,0,NonViolence/NV_378.mp4,NonViolence/NV_364.mp4,df7b2534d382cbd4bdd3d209b055b93ce3651133158a3ad17d6218cc0af3060c,a9cdce9797509e4c16b31fe6571fbb19c6aa5e175394f959b075cc8e858151a8,,,0,0,5.000000,5.000000,0.0,1.0,224x224,224x224,6,4,8,probable_near_duplicate
train,test,RLVS,RLVS,0,0,NonViolence/NV_42.mp4,NonViolence/NV_38.mp4,4b5fe6962ca9c9dde749029a8b4300995ebed55d74d4dbb30b74abbb5139341b,f1b438c78b3f5cecf8d543bef0e62b76e63a83fe1bd795bbf4d9f19893dd9089,,,0,0,3.500000,4.400000,0.9000000000000004,0.7954545454545454,640x360,640x360,0,7,7,probable_near_duplicate
train,test,RLVS,RLVS,0,0,NonViolence/NV_444.mp4,NonViolence/NV_445.mp4,cee7930e72b5a5926735c1f0f9b031de65836604ff08aca43a98222f35bc7f35,11abf0015ff8afd04284676c6c9c332e2bc55ca3d54c8204dbf65d961e94cc31,,,0,0,5.000000,5.000000,0.0,1.0,224x224,224x224,0,6,7,probable_near_duplicate
train,test,RWF-2000,RWF-2000,1,0,train/Fight/rwf_train_fight_0054.avi,train/NonFight/rwf_train_nonfight_0057.avi,a90de783a8428483b7a955a27d74d58012c85d9c04d59173b9cf601cd0408eeb,7c34270f8bcf64ecb444513cac792f261f6c0be1c06bc252bf6e579c2ea1047c,,,0,0,5.000000,5.000000,0.0,1.0,428x240,428x240,0,5,7,probable_near_duplicate
train,test,RWF-2000,RWF-2000,0,1,train/NonFight/rwf_train_nonfight_0564.avi,train/Fight/rwf_train_fight_0509.avi,58d2a07fb8beb4d07a6b353feb639d3ab5e74d6e32f1e3967d7e4669c96b8e45,7a4b510be52f0d62aa8d1336dcc9c073c2b0b4ec22f0447232acefe698de6574,,,0,0,5.000000,5.000000,0.0,1.0,1280x720,1280x720,0,7,7,probable_near_duplicate
train,validation,RLVS,RLVS,0,0,NonViolence/NV_383.mp4,NonViolence/NV_384.mp4,8f79d2b8955a13007d277dcd6123860b42996739f11a0d8de63dba006790cef2,0a718e47808a9756c20efaffb6f02b1dd2e0703eca11bf2c4b49d2f72f23fb24,,,0,0,5.000000,5.000000,0.0,1.0,224x224,224x224,0,6,7,probable_near_duplicate
train,test,RWF-2000,RWF-2000,1,1,train/Fight/rwf_train_fight_0486.avi,train/Fight/rwf_train_fight_0484.avi,27cefeb82d86d5efb41e71a7fe5aa0832d9c0c7b08440bc6add0ad700aa05c0b,2196d8f6012f1bf7208f396318905c8d474fff059e311699dca329ce86687968,,,0,0,5.000000,5.000000,0.0,1.0,1280x720,1280x720,0,4,7,probable_near_duplicate
train,test,RLVS,RLVS,0,0,NonViolence/NV_378.mp4,NonViolence/NV_379.mp4,df7b2534d382cbd4bdd3d209b055b93ce3651133158a3ad17d6218cc0af3060c,21a9664c47a43823975e914fe1aeba86378fd5782a45754c42ff8dac369d5bc8,,,0,0,5.000000,5.000000,0.0,1.0,224x224,224x224,0,5,7,probable_near_duplicate
train,validation,RWF-2000,RWF-2000,1,1,train/Fight/rwf_train_fight_0239.avi,train/Fight/rwf_train_fight_0238.avi,bef8a1b11e4d286b2a93c09b04cb390a66c88515e8d7aeeb24c4335a4ac00fc0,3df8cd951ca6350db88cb81a34bd509e5e5565363de707340569b4aff57b3417,,,0,0,5.000000,5.000000,0.0,1.0,1280x720,1280x720,0,7,7,probable_near_duplicate
train,validation,RLVS,RLVS,0,0,NonViolence/NV_938.mp4,NonViolence/NV_952.mp4,a7507de2b5629cb32cefda8dc025ce5cb263f7f50f82e878776bad3c1e0079af,24c5975667d168350378867a5da592005e9c113a877d33f4a71e992821e3bc3e,,,0,0,5.000000,5.000000,0.0,1.0,224x224,224x224,0,4,7,probable_near_duplicate
train,test,RWF-2000,RWF-2000,1,1,val/Fight/rwf_val_fight_0084.avi,val/Fight/rwf_val_fight_0083.avi,5777eba067fe3fd8da7dc14fd4b8513fa8f1b56c2719b7d3b81895f092a0a4f6,0537ef9d17544d442644b2d840fe2999f5c8523cf5f648a7f4d796157f24092b,,,0,0,5.000000,5.000000,0.0,1.0,1280x720,1280x720,0,6,7,probable_near_duplicate
train,validation,RWF-2000,RWF-2000,1,1,train/Fight/rwf_train_fight_0457.avi,train/Fight/rwf_train_fight_0456.avi,d46bad2f724a838234b6d76da66d0f3648e920bcf001c473155b3d4ffb48c7df,5e314e6360b8558f0f3bd580f6f7ed4c2fd5219b1cbc1be208898ed1232570f5,,,0,0,5.000000,5.000000,0.0,1.0,600x360,600x360,0,5,7,probable_near_duplicate
validation,test,RWF-2000,RWF-2000,1,1,train/Fight/rwf_train_fight_0110.avi,train/Fight/rwf_train_fight_0111.avi,8a46038afbf7a1af2f3b5e49fbae15ffb92529c90ee6d03c2d7b6b9f671d4c2b,117dcfc78fd70502e7d858104f698c5263a64d35960a9499193f906474d6407a,,,0,0,5.000000,5.000000,0.0,1.0,1280x720,1280x720,0,6,7,probable_near_duplicate
validation,test,RWF-2000,RWF-2000,1,1,train/Fight/rwf_train_fight_0185.avi,train/Fight/rwf_train_fight_0183.avi,a437c2eb02b4adf8d0821cd7eeea0ea12ca527c9f82156fd915c4e80c3ba2fff,1561a80585f9c951fd71ce10e09e8aab08aa0824a89be6acebbc9a5ffde57e48,,,0,0,5.000000,5.000000,0.0,1.0,1280x720,1280x720,0,6,7,probable_near_duplicate
validation,test,RWF-2000,RWF-2000,1,1,train/Fight/rwf_train_fight_0186.avi,train/Fight/rwf_train_fight_0184.avi,541bb318c403e20fe611a2928ba4d7c9096558c8da68e78583609972a2cde462,a3b935fa428736d141a883867cdbee007dc6bb92152ebc5a9b7f7b4e693644d0,,,0,0,5.000000,5.000000,0.0,1.0,1280x720,1280x720,0,7,7,probable_near_duplicate
train,test,RWF-2000,RWF-2000,1,1,train/Fight/rwf_train_fight_0133.avi,train/Fight/rwf_train_fight_0130.avi,1ca7d188040566cd51b6623ab4c764d791e0f33d8e9c16d97672547b034e6b68,f29ffd7335f0cb0b8ed07d103a4aa217c8c26c50b9780cff2f9c8cc0be9cdf12,,,0,0,5.000000,5.000000,0.0,1.0,1280x720,1280x720,2,3,7,probable_near_duplicate
train,test,RWF-2000,RWF-2000,0,1,train/NonFight/rwf_train_nonfight_0426.avi,train/Fight/rwf_train_fight_0369.avi,69a0326b00c7a6e7522abfacd68bfae8aa71f0a799ed549f8551801d9d11b3b8,5365369272df4fe6075a8101cf9703ca2e9b8ce1e37e8a84ba23126f8ce72f44,,,0,0,5.000000,5.000000,0.0,1.0,640x360,640x360,2,4,7,probable_near_duplicate
train,test,RWF-2000,RWF-2000,1,1,train/Fight/rwf_train_fight_0446.avi,train/Fight/rwf_train_fight_0447.avi,6f68ec88781599e2264009b54d75466cb524acabae513ed794b274f73eefc9da,07198312953fa8d7e6f49647d3ccbbabd3cf30e0b033bd70e0d78ce33f86ed7f,,,0,0,5.000000,5.000000,0.0,1.0,320x240,320x240,2,5,7,probable_near_duplicate
train,validation,RWF-2000,RWF-2000,1,1,val/Fight/rwf_val_fight_0164.avi,val/Fight/rwf_val_fight_0163.avi,33f219cff53feb6a9a92bb75134816d7dbb3124df11f6a98a987cde3f37f6bca,bf04c8e9898cb4fee4c636621ee191de7212c8d229a87933ce4c82608b972e6c,,,0,0,5.000000,5.000000,0.0,1.0,1280x720,1280x720,2,6,7,probable_near_duplicate
train,validation,RLVS,RLVS,0,0,NonViolence/NV_481.mp4,NonViolence/NV_482.mp4,0868fd120526b7de1cfc213da72ddaf87affdc35a132862547bac3dfb1bd5e70,5f490ef4881ac2f95a36d9ba87da5b34ddae01117ece7425700e47f63cfdaed3,,,0,0,5.000000,5.000000,0.0,1.0,224x224,224x224,2,7,7,probable_near_duplicate
train,test,RWF-2000,RWF-2000,1,1,train/Fight/rwf_train_fight_0112.avi,train/Fight/rwf_train_fight_0111.avi,8747d1b31bc76f9f4535948f8dca5e9d847ff2118b1f34f8d562759724cb895d,117dcfc78fd70502e7d858104f698c5263a64d35960a9499193f906474d6407a,,,0,0,5.000000,5.000000,0.0,1.0,1280x720,1280x720,2,6,7,probable_near_duplicate
train,validation,RWF-2000,RWF-2000,1,0,train/Fight/rwf_train_fight_0464.avi,train/NonFight/rwf_train_nonfight_0182.avi,f6bb359d9690bf6c3085f67e622c0a2f2a66c5085fbc179871fb6157a6c5e194,8c9d7927f2cabb5593b2bb7713d911920d49d0a2ee9020088c5667c41df26f1b,,,0,0,5.000000,5.000000,0.0,1.0,320x240,320x240,2,6,7,probable_near_duplicate
train,test,RWF-2000,RWF-2000,1,1,val/Fight/rwf_val_fight_0078.avi,val/Fight/rwf_val_fight_0077.avi,9ed68524fb74be0d44ae3898d2fc5efd1decc99dc5b34834f23ab62b506d17a3,330d92b037909c5ee09999f99bbd88ea9d3f3047d1f78babc1fc44bb4b6bf155,,,0,0,5.000000,5.000000,0.0,1.0,1280x720,1280x720,2,5,7,probable_near_duplicate
train,validation,RWF-2000,RWF-2000,1,1,train/Fight/rwf_train_fight_0267.avi,train/Fight/rwf_train_fight_0273.avi,4ca3e8a7d972c9e3e972c6246ca5a4775d2842e41469e7a16a5d8e41f74b5330,078172332afa26e1668a25a033ed29d325050598c8d854537922a50375f1051f,,,0,0,5.000000,5.000000,0.0,1.0,640x360,640x360,2,4,7,probable_near_duplicate
train,test,RWF-2000,RWF-2000,1,1,train/Fight/rwf_train_fight_0410.avi,train/Fight/rwf_train_fight_0408.avi,7e281ec388e0b1f2d23c655990b362e5ff2b19eb30b5f88c5d7da04ea5038648,6c16d729227e19559bd61d2bcaf32addc056b128f8146ac659e96e7db4fdd91b,,,0,0,5.000000,5.000000,0.0,1.0,640x360,640x360,2,5,7,probable_near_duplicate
train,test,RWF-2000,RWF-2000,0,1,train/NonFight/rwf_train_nonfight_0175.avi,train/Fight/rwf_train_fight_0539.avi,80928c679a389505080a043911ffb739f8c2242cf0cf254c21cea493ed93555d,88854f33fb2dbc794ce94983f840824790d13ee74a000ef5fbbd30998e596caa,,,0,0,5.000000,5.000000,0.0,1.0,320x240,320x240,2,5,7,probable_near_duplicate
train,validation,RWF-2000,RWF-2000,1,1,val/Fight/rwf_val_fight_0185.avi,val/Fight/rwf_val_fight_0189.avi,5f3b56d5d23aa969e20697bc93e3d0ed40ae3a2774391dd97f69432a5c50f028,70cc8acce051dd5f21e074a590088b0f905c0022d959dc297befbcf9b78510d2,,,0,0,5.000000,5.000000,0.0,1.0,480x360,480x360,2,4,7,probable_near_duplicate
train,test,RWF-2000,RWF-2000,1,1,train/Fight/rwf_train_fight_0052.avi,train/Fight/rwf_train_fight_0053.avi,7ff0971fea943b539cf57181b2fc8e8502f93552674493db98942095386c6d79,44257b8b59f3b1c2539e48653143c4f7e83281f27512e05ca24ca803eeb947a3,,,0,0,5.000000,5.000000,0.0,1.0,428x240,428x240,2,5,7,probable_near_duplicate
train,test,RWF-2000,RWF-2000,1,1,train/Fight/rwf_train_fight_0247.avi,train/Fight/rwf_train_fight_0766.avi,7be24cd434959ffbd17dc85e1376bb8309422f431b0242491a4c1466dc8fc5a5,98cd21c404bf9b75135548a186c592584331e84252391244584d7b8d0b4d669c,,,0,0,5.000000,5.000000,0.0,1.0,640x360,398x224,2,4,7,probable_near_duplicate
train,validation,RWF-2000,RWF-2000,1,0,train/Fight/rwf_train_fight_0208.avi,train/NonFight/rwf_train_nonfight_0229.avi,06048d1cc3dee14b48ca17f18fce7a1afaeffedffce9d38fbab20ff442ee25e6,d0e448315e29173fe011c36ba3e9ec15649cba5e07669910e2322851981c0f90,,,0,0,5.000000,5.000000,0.0,1.0,640x344,640x344,2,6,7,probable_near_duplicate
train,test,RWF-2000,RWF-2000,1,1,train/Fight/rwf_train_fight_0134.avi,train/Fight/rwf_train_fight_0130.avi,9eee44863f2659da245e5101af226cf830e69082cff6874236ba960aca73af55,f29ffd7335f0cb0b8ed07d103a4aa217c8c26c50b9780cff2f9c8cc0be9cdf12,,,0,0,5.000000,5.000000,0.0,1.0,1280x720,1280x720,2,7,7,probable_near_duplicate
train,validation,RWF-2000,RWF-2000,0,0,train/NonFight/rwf_train_nonfight_0232.avi,train/NonFight/rwf_train_nonfight_0229.avi,92862a5db28e71d8681918ab6d593f42e991718654dc62c9fcd7f54241620b80,d0e448315e29173fe011c36ba3e9ec15649cba5e07669910e2322851981c0f90,,,0,0,5.000000,5.000000,0.0,1.0,640x344,640x344,2,5,7,probable_near_duplicate
train,test,RWF-2000,RWF-2000,1,1,train/Fight/rwf_train_fight_0188.avi,train/Fight/rwf_train_fight_0183.avi,6bb44268d6e78b9a85a9362d698232158c57d50c3a7b37a0846e46f6dc20d13c,1561a80585f9c951fd71ce10e09e8aab08aa0824a89be6acebbc9a5ffde57e48,,,0,0,5.000000,5.000000,0.0,1.0,1280x720,1280x720,2,5,7,probable_near_duplicate
train,test,RWF-2000,RWF-2000,0,1,train/NonFight/rwf_train_nonfight_0550.avi,train/Fight/rwf_train_fight_0490.avi,d73567224039fdef95b1b6ce42d66f97f8c9942941ea24fde4d5be798186b3d9,da20ce5f5daf944c1717808bf5dceddb8f83d6fc55c19296d379880d6fbd4a9a,,,0,0,5.000000,5.000000,0.0,1.0,1280x720,1280x720,2,5,7,probable_near_duplicate
train,test,RWF-2000,RWF-2000,1,1,train/Fight/rwf_train_fight_0123.avi,train/Fight/rwf_train_fight_0122.avi,2b8a4a089223ed2cb418a5f893d94f08873bec99edc241bd6844d9c3608780e5,5343d6f905828df0113a1a5750a60fda3961b0d7c7398aff974187e34177de1c,,,0,0,5.000000,5.000000,0.0,1.0,1280x720,1280x720,2,6,7,probable_near_duplicate
train,validation,RWF-2000,RWF-2000,1,0,val/Fight/rwf_val_fight_0090.avi,val/NonFight/rwf_val_nonfight_0094.avi,2bffb6dd79c0831b11bdd8ec8e93c755d343a94db6a64e1ffeb76d41fc7ecff9,81a473c0b0d9593e99302d50015b4c87cd3e13994fd0a78a35417dca0c6dfd15,,,0,0,5.000000,5.000000,0.0,1.0,406x720,406x720,2,4,7,probable_near_duplicate
train,test,RWF-2000,RWF-2000,1,1,train/Fight/rwf_train_fight_0343.avi,train/Fight/rwf_train_fight_0340.avi,f3a9b066cfc990c2614eb77d750f4368a01ac2c0bff6ec3e0809c22da050161e,43423056770958ae0044121434ab25c4392dd621d25cb2f0d8bc6125ec48698c,,,0,0,5.000000,5.000000,0.0,1.0,1280x720,1280x720,2,7,7,probable_near_duplicate
train,test,RWF-2000,RWF-2000,1,1,val/Fight/rwf_val_fight_0169.avi,val/Fight/rwf_val_fight_0167.avi,dcae560faef2143271bc80c308cab117c5dda30d6107612295995f6139df97e2,bd4b6579d6ca1f7c723628382952aa8584866a0d17663761657bec9c06e20938,,,0,0,5.000000,5.000000,0.0,1.0,1280x720,1280x720,2,4,7,probable_near_duplicate
train,test,RWF-2000,RWF-2000,1,1,train/Fight/rwf_train_fight_0212.avi,train/Fight/rwf_train_fight_0211.avi,5125ae14639a94823457d5702a955594482f5f64852e19908a39f20344626b7f,83d6da933610e5dd592d34cbe58a6c691c9f0f8c531a67ce4cc7e0f00e5c54c2,,,0,0,5.000000,5.000000,0.0,1.0,1280x720,1280x720,2,5,7,probable_near_duplicate
train,validation,RWF-2000,RWF-2000,1,0,val/Fight/rwf_val_fight_0187.avi,val/NonFight/rwf_val_nonfight_0184.avi,e720c28177bc09153962c243596675dc20b259116e671f4ad9efcda34632a977,e46c7b38861bf49d3e3eb34d861497ce3a980938c76d3e6d4c39855a42ab08d3,,,0,0,5.000000,5.000000,0.0,1.0,480x360,480x360,2,4,7,probable_near_duplicate
train,validation,RWF-2000,RWF-2000,1,1,train/Fight/rwf_train_fight_0258.avi,train/Fight/rwf_train_fight_0257.avi,59da6c7b88fdc187dc43b550394458cfe44c704a701764c51c97ba88e1d0a466,dff1f63e53407ad44748fce6bd2d0ea41b9218dc7d1e01839771ed805ba2a1d1,,,0,0,5.000000,5.000000,0.0,1.0,640x360,640x360,2,6,7,probable_near_duplicate
train,validation,RLVS,RLVS,0,0,NonViolence/NV_997.mp4,NonViolence/NV_998.mp4,be9597c01ce4a21cbf59f4719ac3ab87b9b6389bae1dc4811e673f4a2e48f5c8,9cbbbd7bb6ddc23bf3b1d3aa6350ce82f1d237ff9b26cf806f8209ecd0a1fa43,,,0,0,6.339667,6.423083,0.08341599999999971,0.987013090131328,1280x720,1280x720,2,5,7,probable_near_duplicate
train,test,RWF-2000,RWF-2000,0,0,train/NonFight/rwf_train_nonfight_0014.avi,train/NonFight/rwf_train_nonfight_0013.avi,365f582b53e4e10bddd3d1010840eac1add46c7a25a20c8e4d610c7844b35ef6,437dd8aa91cd985648a29aa0ff39d38ba17d2f4260bb73cb4f1acf219aee0182,,,0,0,5.000000,5.000000,0.0,1.0,1280x720,1280x720,2,4,7,probable_near_duplicate
train,test,RLVS,RLVS,0,0,NonViolence/NV_377.mp4,NonViolence/NV_375.mp4,6fef31928b99b6ecd38b476e06e294c152c8c942117f6b364e786a568ee63500,39f6441e3715ed327046edb043fb3939e42c8f3e6b1ae6e274d75bf8a1a35dab,,,0,0,5.000000,5.000000,0.0,1.0,224x224,224x224,2,7,7,probable_near_duplicate
validation,test,RWF-2000,RWF-2000,1,1,train/Fight/rwf_train_fight_0698.avi,train/Fight/rwf_train_fight_0697.avi,e4db1b671670e8e86de7d4107b456f943265785358824cca87610493aa7e5e43,87ea0aa6324838f9120e21673ba3534e5fe8c3c484cd7e522aab77f27fae2945,,,0,0,5.000000,5.000000,0.0,1.0,1280x720,1280x720,2,5,7,probable_near_duplicate
validation,test,RLVS,RLVS,0,0,NonViolence/NV_373.mp4,NonViolence/NV_375.mp4,76c4df6393f7cc250ceec92eb72b2baf92cc41de9d4591a00988e24f7a7d0ad3,39f6441e3715ed327046edb043fb3939e42c8f3e6b1ae6e274d75bf8a1a35dab,,,0,0,5.000000,5.000000,0.0,1.0,224x224,224x224,2,4,7,probable_near_duplicate
validation,test,RLVS,RLVS,0,0,NonViolence/NV_493.mp4,NonViolence/NV_494.mp4,9c727a5c1d414ef9af46902f8857f4411bb69b5d6065565a8a43d2e60b2f5b03,2a62334e6f85d5876184d223e638e765828bac3136a21dbd3c42083cf47bb25d,,,0,0,5.000000,5.000000,0.0,1.0,224x224,224x224,2,7,7,probable_near_duplicate
validation,test,RWF-2000,RWF-2000,1,1,train/Fight/rwf_train_fight_0536.avi,train/Fight/rwf_train_fight_0539.avi,93e0bf47fbe10134634f8d7e884dc65df5beff0c56c5bfa623e834528d0af230,88854f33fb2dbc794ce94983f840824790d13ee74a000ef5fbbd30998e596caa,,,0,0,5.000000,5.000000,0.0,1.0,320x240,320x240,2,5,7,probable_near_duplicate
validation,test,RWF-2000,RWF-2000,0,1,val/NonFight/rwf_val_nonfight_0094.avi,val/Fight/rwf_val_fight_0088.avi,81a473c0b0d9593e99302d50015b4c87cd3e13994fd0a78a35417dca0c6dfd15,5c7517bc697da99e9f366716901c1b2ab46de2fb7c0cae324d0e735c5224eb5e,,,0,0,5.000000,5.000000,0.0,1.0,406x720,406x720,2,6,7,probable_near_duplicate
train,test,RLVS,RLVS,0,0,NonViolence/NV_885.avi,NonViolence/NV_881.avi,cd79ab4c3986c449c06acfe0857bb0a2ac307a0d6b5c41b95e1a4b47f877eabb,a9150c55ad75dbbc29182a046413c3ac37415e02afdc5678ea8dfb1cf95d8234,,,0,0,5.000000,5.000000,0.0,1.0,224x224,224x224,4,6,7,probable_near_duplicate
train,validation,RWF-2000,RWF-2000,1,1,train/Fight/rwf_train_fight_0075.avi,train/Fight/rwf_train_fight_0074.avi,5689ccf8caaf6588a40367daf6c92123b6f85e2758853436a0c31a0b44ed169a,28465af8dca0b718aff179ac07acfd13024c4ff02b518035bcb903616e172967,,,0,0,5.000000,5.000000,0.0,1.0,1280x720,1280x720,4,5,7,probable_near_duplicate
train,validation,RWF-2000,RWF-2000,0,0,train/NonFight/rwf_train_nonfight_0649.avi,train/NonFight/rwf_train_nonfight_0650.avi,d294d27c19bbf97151a7c8fffea92aa1922fa34b62f4f6bd9f42c2d318a50f26,3fb9b570f4138e9fc294e42ef70b46527b670dd4fd0ff8b2b28ade603a1ede26,,,0,0,5.000000,5.000000,0.0,1.0,352x288,352x288,4,4,7,probable_near_duplicate
train,validation,RWF-2000,RWF-2000,1,1,train/Fight/rwf_train_fight_0616.avi,train/Fight/rwf_train_fight_0617.avi,0803d48e9d5afeeae0c875064840713cf2b47de2c19d4dc10e54608c9ce4f06f,d8f9912e195688c22fb0cc9d5db8f6315291439a1a9ead8279bba42b7d4bd763,,,0,0,5.000000,5.000000,0.0,1.0,352x288,352x288,4,4,7,probable_near_duplicate
train,validation,RWF-2000,RWF-2000,0,1,train/NonFight/rwf_train_nonfight_0086.avi,train/Fight/rwf_train_fight_0077.avi,6908bf3882b2997e5e8ebb73b2d178c4a6020d1878b538a310752aafeec0a739,d7e95c2754354e5beb388b25ec792958225aa63d7d818fa1a8242e7297640cfa,,,0,0,5.000000,5.000000,0.0,1.0,480x360,480x360,4,6,7,probable_near_duplicate
train,validation,RWF-2000,RWF-2000,1,1,train/Fight/rwf_train_fight_0266.avi,train/Fight/rwf_train_fight_0273.avi,657294dbb5d53cd365691fb2f7483123d47e0220c4bb5c283138965bbb75e671,078172332afa26e1668a25a033ed29d325050598c8d854537922a50375f1051f,,,0,0,5.000000,5.000000,0.0,1.0,640x360,640x360,4,5,7,probable_near_duplicate
train,test,RWF-2000,RWF-2000,0,0,train/NonFight/rwf_train_nonfight_0015.avi,train/NonFight/rwf_train_nonfight_0013.avi,7cfd8b8fd08e790286fd227250a83c7e95b4294dcf0419b97efbd8b306bc73b9,437dd8aa91cd985648a29aa0ff39d38ba17d2f4260bb73cb4f1acf219aee0182,,,0,0,5.000000,5.000000,0.0,1.0,1280x720,1280x720,4,5,7,probable_near_duplicate
train,validation,RWF-2000,RWF-2000,1,1,train/Fight/rwf_train_fight_0271.avi,train/Fight/rwf_train_fight_0277.avi,4f0d516f250a2eecb10b3884e1462ee6c245c40babeb419b0bfdfe26fcf05137,d24a31d300a73f10a29400bf4bba720e8a45bcb7b8ca9e292c7b450fa7d9633a,,,0,0,5.000000,5.000000,0.0,1.0,640x360,640x360,4,3,7,probable_near_duplicate
train,test,RWF-2000,RWF-2000,0,0,train/NonFight/rwf_train_nonfight_0088.avi,train/NonFight/rwf_train_nonfight_0087.avi,975c4944e292a72fdb93df9f262c987695025e87cdfe71a45a1a199c37235ad1,cbbcef2c7f5bedf89ff20f0ede124c252339b671f18ee16de6e79547d8b84563,,,0,0,5.000000,5.000000,0.0,1.0,1280x720,1280x720,4,6,7,probable_near_duplicate
train,test,RWF-2000,RWF-2000,1,1,train/Fight/rwf_train_fight_0344.avi,train/Fight/rwf_train_fight_0345.avi,cacb953d5cc4154031d7b4ad97ea58ffe32961bb76907bd2bf7ce754d08ed340,b23c2c37da9a8f0a1e21a8e87349d045dc0704ae63f4b0a9cdfa66c9174d1a82,,,0,0,5.000000,5.000000,0.0,1.0,1280x720,1280x720,4,5,7,probable_near_duplicate
train,validation,RWF-2000,RWF-2000,1,0,val/Fight/rwf_val_fight_0089.avi,val/NonFight/rwf_val_nonfight_0094.avi,79ae4d6ae5b236c4c43d54e255fa0675a3b51d4588a52f439febb603690f33e2,81a473c0b0d9593e99302d50015b4c87cd3e13994fd0a78a35417dca0c6dfd15,,,0,0,5.000000,5.000000,0.0,1.0,406x720,406x720,4,4,7,probable_near_duplicate
train,test,RWF-2000,RWF-2000,1,1,train/Fight/rwf_train_fight_0614.avi,train/Fight/rwf_train_fight_0613.avi,0752abf9de11afe5cff92c8b4f3e5f28997c04382b8cc84f295451ff29758d64,bd2e106f55bc8038cc0dcd6109e17d8c069788ac0965a8db07056562d2f98f54,,,0,0,5.000000,5.000000,0.0,1.0,352x288,352x288,4,4,7,probable_near_duplicate
train,validation,RWF-2000,RWF-2000,1,1,train/Fight/rwf_train_fight_0134.avi,train/Fight/rwf_train_fight_0135.avi,9eee44863f2659da245e5101af226cf830e69082cff6874236ba960aca73af55,0e5b5bc2125778febd96f86a99f16268b76741099f2f9943d5617900ed9acfa9,,,0,0,5.000000,5.000000,0.0,1.0,1280x720,1280x720,4,4,7,probable_near_duplicate
train,test,RLVS,RLVS,0,0,NonViolence/NV_188.mp4,NonViolence/NV_189.mp4,fb9cbc032df6aab02f32f7808d6c6a288c304f4336bce7c6ffa4a6e7fd89856c,5962b889b9357f871f6f0dfff4a7a9899076a770cc1d111ffebc6e4764378643,,,0,0,5.000000,2.000000,3.0,0.4,224x224,224x224,4,4,7,probable_near_duplicate
train,test,RLVS,RLVS,0,0,NonViolence/NV_507.mp4,NonViolence/NV_506.mp4,74fb5bef5e40c8da43e852c3db4b81c9783c7c8f01af84139d1a08da0cc9e685,307d8d0296b111e1360a0eb0737813b92a29ccca0730fdb060c97782ea4a4a0b,,,0,0,5.000000,5.000000,0.0,1.0,224x224,224x224,4,6,7,probable_near_duplicate
train,validation,RWF-2000,RWF-2000,1,1,train/Fight/rwf_train_fight_0272.avi,train/Fight/rwf_train_fight_0270.avi,c4588027bdc4564622316f8d987411aecebf5b43e34020a13f17712535362f8e,febda1518a536aafc28ec70cfe128ff22c72bfe4463fe7201e66c9098051ad2b,,,0,0,5.000000,5.000000,0.0,1.0,640x360,640x360,4,3,7,probable_near_duplicate
train,test,RWF-2000,RWF-2000,1,1,train/Fight/rwf_train_fight_0164.avi,train/Fight/rwf_train_fight_0167.avi,6f92d379635f3996d3e7230aacca7f842a7dbed8c381b3a9e2656ff1991f3810,80ee92a8e3021f63e797c70b1bbbb11bc98194ebf196491b74e6fd7feea8d6db,,,0,0,5.000000,5.000000,0.0,1.0,1280x720,1280x720,4,4,7,probable_near_duplicate
train,validation,RLVS,RLVS,0,0,NonViolence/NV_377.mp4,NonViolence/NV_373.mp4,6fef31928b99b6ecd38b476e06e294c152c8c942117f6b364e786a568ee63500,76c4df6393f7cc250ceec92eb72b2baf92cc41de9d4591a00988e24f7a7d0ad3,,,0,0,5.000000,5.000000,0.0,1.0,224x224,224x224,4,2,7,probable_near_duplicate
validation,test,RWF-2000,RWF-2000,1,0,train/Fight/rwf_train_fight_0511.avi,train/NonFight/rwf_train_nonfight_0565.avi,3800a8b7c24541c25b21a8c9d73001395cc04e321c187debd02cb7014a5d1cca,f1bd79a382143677e6f445f57dd658fe1f28455d5c509cc954ce2f6fdecd44f7,,,0,0,5.000000,5.000000,0.0,1.0,1920x1080,1920x1080,4,5,7,probable_near_duplicate
validation,test,RWF-2000,RWF-2000,1,1,train/Fight/rwf_train_fight_0213.avi,train/Fight/rwf_train_fight_0214.avi,e533e9581ee19303dcbb85a993c39ae026206741c7c0ee2e7b5140201b9f5e26,1762cb0f8fa7cb4b26717b356532d0e1ba2f5252836e2b951413cf3fbbfa49ab,,,0,0,5.000000,5.000000,0.0,1.0,1280x720,1280x720,4,5,7,probable_near_duplicate
train,validation,RWF-2000,RWF-2000,1,1,val/Fight/rwf_val_fight_0164.avi,val/Fight/rwf_val_fight_0162.avi,33f219cff53feb6a9a92bb75134816d7dbb3124df11f6a98a987cde3f37f6bca,bf1f23192966cc8161e38223611953dac3defdb091b73a929077fd125543bbdc,,,0,0,5.000000,5.000000,0.0,1.0,1280x720,1280x720,6,5,7,probable_near_duplicate
train,test,RWF-2000,RWF-2000,1,1,val/Fight/rwf_val_fight_0089.avi,val/Fight/rwf_val_fight_0087.avi,79ae4d6ae5b236c4c43d54e255fa0675a3b51d4588a52f439febb603690f33e2,4966e3a8b1f8580b93a4783fd982d239051b21567b47463e1485c2f3e141f69a,,,0,0,5.000000,5.000000,0.0,1.0,406x720,406x720,6,3,7,probable_near_duplicate
train,test,RWF-2000,RWF-2000,1,1,val/Fight/rwf_val_fight_0089.avi,val/Fight/rwf_val_fight_0088.avi,79ae4d6ae5b236c4c43d54e255fa0675a3b51d4588a52f439febb603690f33e2,5c7517bc697da99e9f366716901c1b2ab46de2fb7c0cae324d0e735c5224eb5e,,,0,0,5.000000,5.000000,0.0,1.0,406x720,406x720,6,3,7,probable_near_duplicate
train,test,RWF-2000,RWF-2000,1,0,train/Fight/rwf_train_fight_0123.avi,train/NonFight/rwf_train_nonfight_0144.avi,2b8a4a089223ed2cb418a5f893d94f08873bec99edc241bd6844d9c3608780e5,0dab4697d3335adf60fe999cf64fe61ff0f7a9fcc1a875f7d62bebfd79600dee,,,0,0,5.000000,5.000000,0.0,1.0,1280x720,1280x720,6,3,7,probable_near_duplicate
train,validation,RLVS,RLVS,0,0,NonViolence/NV_377.mp4,NonViolence/NV_364.mp4,6fef31928b99b6ecd38b476e06e294c152c8c942117f6b364e786a568ee63500,a9cdce9797509e4c16b31fe6571fbb19c6aa5e175394f959b075cc8e858151a8,,,0,0,5.000000,5.000000,0.0,1.0,224x224,224x224,6,4,7,probable_near_duplicate
validation,test,RLVS,RLVS,0,0,NonViolence/NV_364.mp4,NonViolence/NV_379.mp4,a9cdce9797509e4c16b31fe6571fbb19c6aa5e175394f959b075cc8e858151a8,21a9664c47a43823975e914fe1aeba86378fd5782a45754c42ff8dac369d5bc8,,,0,0,5.000000,5.000000,0.0,1.0,224x224,224x224,6,4,7,probable_near_duplicate
validation,test,RLVS,RLVS,0,0,NonViolence/NV_364.mp4,NonViolence/NV_375.mp4,a9cdce9797509e4c16b31fe6571fbb19c6aa5e175394f959b075cc8e858151a8,39f6441e3715ed327046edb043fb3939e42c8f3e6b1ae6e274d75bf8a1a35dab,,,0,0,5.000000,5.000000,0.0,1.0,224x224,224x224,6,5,7,probable_near_duplicate
train,validation,RWF-2000,RWF-2000,1,1,train/Fight/rwf_train_fight_0276.avi,train/Fight/rwf_train_fight_0275.avi,56bb908d3810f171bfe6caff2fb4d547568a9f7c7bb010c85bb2423d82361380,5e3356123499b12a4fc7187de49b6108558ed3c76099cc6a6d971ca35ebd67bd,,,0,0,5.000000,5.000000,0.0,1.0,640x360,640x360,0,5,6,probable_near_duplicate
train,test,RWF-2000,RWF-2000,1,1,train/Fight/rwf_train_fight_0445.avi,train/Fight/rwf_train_fight_0444.avi,068ce4805a3638a6276334c7cfe092b431e53f0c5dc21d2c8964e6a368129b46,f59f705ebfbda5e02fc115209fdb780b13b7efbb389dc7a0fe5333a85d904134,,,0,0,5.000000,5.000000,0.0,1.0,636x480,636x480,0,6,6,probable_near_duplicate
train,validation,RWF-2000,RWF-2000,0,1,train/NonFight/rwf_train_nonfight_0254.avi,train/Fight/rwf_train_fight_0234.avi,c36c285be46dfc1eb438d058fe1b14568e90a3cc6d21ad4836a997976bf137bd,699fc283c996fb33edba232016d4771a97d55a24b9cbf71e8ebcc80619cdee21,,,0,0,5.000000,5.000000,0.0,1.0,446x360,446x360,0,6,6,probable_near_duplicate
train,test,RWF-2000,RWF-2000,1,0,train/Fight/rwf_train_fight_0410.avi,train/NonFight/rwf_train_nonfight_0467.avi,7e281ec388e0b1f2d23c655990b362e5ff2b19eb30b5f88c5d7da04ea5038648,37f135087634775c21ad968186a442f06d878e03ddf4e3a0e1392777d6cad028,,,0,0,5.000000,5.000000,0.0,1.0,640x360,640x360,0,6,6,probable_near_duplicate
train,test,RLVS,RLVS,0,0,NonViolence/NV_541.mp4,NonViolence/NV_520.mp4,f3cba95e6b95b39fdebdd752afca1a6392fe533c17c02153286b055fcb9255f6,d58df100eebd189b6ce6645ed33d9253a15dc4b4527a1c620c91feb8a12c2d9d,,,0,0,5.000000,5.000000,0.0,1.0,224x224,224x224,0,6,6,probable_near_duplicate
train,validation,RLVS,RLVS,0,0,NonViolence/NV_510.mp4,NonViolence/NV_511.mp4,715bf05e54ea430b3bd1da054fb58ef6a9884343d55f5000916458d578b16425,da961b572e5b30b326bf0b357cb6023c05575a51f48b21bd2ffc266bfcf4359f,,,0,0,5.000000,5.000000,0.0,1.0,224x224,224x224,0,5,6,probable_near_duplicate
train,validation,RWF-2000,RWF-2000,0,0,val/NonFight/rwf_val_nonfight_0011.avi,val/NonFight/rwf_val_nonfight_0009.avi,e70762191fdb4c7ed22211497f8daee42c2b1875d5d5f72d963f82759f6a6cc3,9ad92d6f718b8f03d71d953d7f7216cbd084789d04ca3643c4a62b9546228a46,,,0,0,5.000000,5.000000,0.0,1.0,1280x720,1280x720,0,3,6,probable_near_duplicate
train,test,RLVS,RLVS,0,0,NonViolence/NV_890.avi,NonViolence/NV_891.avi,bd0ed0b26a3630ee3ca713b907134af8aa2c53d2e415d79ca0e9aa9e20fd556c,4e4b17794c3495739f92497c573562f5c6dfaed7e8ceeb64f30f093d931a9109,,,0,0,5.000000,5.000000,0.0,1.0,224x224,224x224,0,5,6,probable_near_duplicate
train,test,RLVS,RLVS,0,0,NonViolence/NV_517.mp4,NonViolence/NV_520.mp4,03e94f6b06894045b5c1e28dab0e8ed1ac2bb0cf3a2894f04410500f9f9de7d2,d58df100eebd189b6ce6645ed33d9253a15dc4b4527a1c620c91feb8a12c2d9d,,,0,0,5.000000,5.000000,0.0,1.0,224x224,224x224,0,5,6,probable_near_duplicate
train,validation,RWF-2000,RWF-2000,1,1,train/Fight/rwf_train_fight_0235.avi,train/Fight/rwf_train_fight_0234.avi,f0209755d9899265f280917d1300b1bff0380f67fec24030e87d3b6e4eee804b,699fc283c996fb33edba232016d4771a97d55a24b9cbf71e8ebcc80619cdee21,,,0,0,5.000000,5.000000,0.0,1.0,446x360,446x360,0,6,6,probable_near_duplicate
train,test,RWF-2000,RWF-2000,1,1,val/Fight/rwf_val_fight_0085.avi,val/Fight/rwf_val_fight_0083.avi,3a78ddc3bb842fd12918b7476ce0a9e31db45af8623994eb6e467bf34865f396,0537ef9d17544d442644b2d840fe2999f5c8523cf5f648a7f4d796157f24092b,,,0,0,5.000000,5.000000,0.0,1.0,1280x720,1280x720,0,6,6,probable_near_duplicate
train,test,RWF-2000,RWF-2000,1,1,val/Fight/rwf_val_fight_0068.avi,val/Fight/rwf_val_fight_0065.avi,ad7c8c20bc940f14746b3b91b69a78f24d91881fd86d36e6122ceec04c9cf2f4,5a0150b56bf4c40489d1a655bd39104dba1b58748971ea9164fe42c894888f08,,,0,0,5.000000,5.000000,0.0,1.0,1280x720,1280x720,0,6,6,probable_near_duplicate
train,test,RWF-2000,RWF-2000,1,1,val/Fight/rwf_val_fight_0079.avi,val/Fight/rwf_val_fight_0083.avi,a0f6032d3c74529328b86a5e882c2038f9862decdd59df1387d0a5ada9f37475,0537ef9d17544d442644b2d840fe2999f5c8523cf5f648a7f4d796157f24092b,,,0,0,5.000000,5.000000,0.0,1.0,1280x720,1280x720,0,6,6,probable_near_duplicate
train,validation,RLVS,RLVS,0,0,NonViolence/NV_182.mp4,NonViolence/NV_183.mp4,0b826e04f0d9e5df3a48a1d5028595b0d9abe587db2154418e05cbe78d7db684,d8c1535a73d8a5670b8cfbfcf79b22398f84c04d9c8920e7f3457d7c38ad7836,,,0,0,5.000000,5.000000,0.0,1.0,224x224,224x224,0,6,6,probable_near_duplicate
validation,test,RWF-2000,RWF-2000,1,1,train/Fight/rwf_train_fight_0388.avi,train/Fight/rwf_train_fight_0389.avi,31775ed989d206bbdaacf3429d2f5a0af2bad1536fa51a591dc719ed0e9151e5,dcdf9fcca490921a9f7ab30c13848d53d0de7f2f618074ceacc7d2ff1f2f37c1,,,0,0,5.000000,5.000000,0.0,1.0,1280x720,1280x720,0,6,6,probable_near_duplicate
train,validation,RWF-2000,RWF-2000,0,1,train/NonFight/rwf_train_nonfight_0298.avi,train/Fight/rwf_train_fight_0275.avi,e53df4ebd681c438144869409c0f09170409783d7eaec72533ca6711d3ab7464,5e3356123499b12a4fc7187de49b6108558ed3c76099cc6a6d971ca35ebd67bd,,,0,0,5.000000,5.000000,0.0,1.0,640x360,640x360,2,4,6,probable_near_duplicate
train,validation,RWF-2000,RWF-2000,1,1,train/Fight/rwf_train_fight_0459.avi,train/Fight/rwf_train_fight_0456.avi,e9fa5fe7f8085812b81d1a9ce1733ade050e6abb5bb897aa883f10298f078b60,5e314e6360b8558f0f3bd580f6f7ed4c2fd5219b1cbc1be208898ed1232570f5,,,0,0,5.000000,5.000000,0.0,1.0,600x360,600x360,2,3,6,probable_near_duplicate
train,test,RWF-2000,RWF-2000,0,1,train/NonFight/rwf_train_nonfight_0038.avi,train/Fight/rwf_train_fight_0034.avi,be8ac08bebc891fc7d177b803d78b9931d659c655fb9fe0f8a7c4f0084db8249,31159d5c208dc6684bddf908bdca7b3312835d7f11b0fe3df12bc94bd4cb66a8,,,0,0,5.000000,5.000000,0.0,1.0,640x360,640x360,2,4,6,probable_near_duplicate
train,validation,RWF-2000,RWF-2000,1,0,train/Fight/rwf_train_fight_0473.avi,train/NonFight/rwf_train_nonfight_0533.avi,49aba6d034a6be89d54e4819de104893b3842101e98da49bdab46fbd4982d61e,7f95e053902572398f8704b29d90b3ef64fc4ad200b572eac6281cfc8d4b8607,,,0,0,5.000000,5.000000,0.0,1.0,450x360,450x360,2,5,6,probable_near_duplicate
train,test,RWF-2000,RWF-2000,1,0,train/Fight/rwf_train_fight_0016.avi,train/NonFight/rwf_train_nonfight_0013.avi,451210d04956ddd03c629ceb7d95f900ad79e114494f847757a3f70afcfd982f,437dd8aa91cd985648a29aa0ff39d38ba17d2f4260bb73cb4f1acf219aee0182,,,0,0,5.000000,5.000000,0.0,1.0,1280x720,1280x720,2,4,6,probable_near_duplicate
train,validation,RWF-2000,RWF-2000,0,1,train/NonFight/rwf_train_nonfight_0190.avi,train/Fight/rwf_train_fight_0162.avi,9aadc828fd832fd08f804020820b06423159412cc8a0de871dca60c480289721,85f57b67abbabeb75bf1d9e5505e18b3577538db9293b80ebbcef533f4a2c743,,,0,0,5.000000,5.000000,0.0,1.0,1280x720,1280x720,2,5,6,probable_near_duplicate
train,validation,RLVS,RLVS,0,0,NonViolence/NV_937.mp4,NonViolence/NV_939.mp4,ce5d87aab1f91294b717de4b8b316bfbdc4cfced646322ca13bd03df1c01473e,1982b73d82157d1d1db8620b0dc87336f15482ff4ce15510abe7aac90d6786b6,,,0,0,5.000000,5.000000,0.0,1.0,224x224,224x224,2,4,6,probable_near_duplicate
train,validation,RLVS,RLVS,0,0,NonViolence/NV_624.mp4,NonViolence/NV_626.mp4,15775b7d8187d4afbf387b281fd40c84729685162a6ad30a5de42d7b668b7eaf,635a7b5d32167825cad1ff3d5b52bf7f7b4717ddd7a74c9293f4ad5e4c3eb454,,,0,0,5.000000,5.000000,0.0,1.0,224x224,224x224,2,6,6,probable_near_duplicate
train,validation,RLVS,RLVS,0,0,NonViolence/NV_1000.mp4,NonViolence/NV_998.mp4,9e2634193ffe1f674dcb24da2e4ff1920f625e068075ecba6447a0d6bc593042,9cbbbd7bb6ddc23bf3b1d3aa6350ce82f1d237ff9b26cf806f8209ecd0a1fa43,,,0,0,4.337667,6.423083,2.0854160000000004,0.6753247622675901,1280x720,1280x720,2,4,6,probable_near_duplicate
train,validation,RWF-2000,RWF-2000,1,1,train/Fight/rwf_train_fight_0266.avi,train/Fight/rwf_train_fight_0277.avi,657294dbb5d53cd365691fb2f7483123d47e0220c4bb5c283138965bbb75e671,d24a31d300a73f10a29400bf4bba720e8a45bcb7b8ca9e292c7b450fa7d9633a,,,0,0,5.000000,5.000000,0.0,1.0,640x360,640x360,2,4,6,probable_near_duplicate
train,test,RWF-2000,RWF-2000,1,1,val/Fight/rwf_val_fight_0043.avi,val/Fight/rwf_val_fight_0045.avi,19b2bd590cb49f9d18907ed115784cfe47aca52d56624dbacf7279d94758c3d1,0237f25a1f0b072e46e8b06fb8a4739dc9892986b143d070daed77b8c74ab54a,,,0,0,5.000000,5.000000,0.0,1.0,320x240,320x240,2,4,6,probable_near_duplicate
train,validation,RWF-2000,RWF-2000,1,1,train/Fight/rwf_train_fight_0271.avi,train/Fight/rwf_train_fight_0275.avi,4f0d516f250a2eecb10b3884e1462ee6c245c40babeb419b0bfdfe26fcf05137,5e3356123499b12a4fc7187de49b6108558ed3c76099cc6a6d971ca35ebd67bd,,,0,0,5.000000,5.000000,0.0,1.0,640x360,640x360,2,3,6,probable_near_duplicate
train,validation,RWF-2000,RWF-2000,1,1,train/Fight/rwf_train_fight_0271.avi,train/Fight/rwf_train_fight_0274.avi,4f0d516f250a2eecb10b3884e1462ee6c245c40babeb419b0bfdfe26fcf05137,71065c4b4a3a50c33a86aecbb5528a472ddcb2bb798667b65fa7b9b3314dcf5a,,,0,0,5.000000,5.000000,0.0,1.0,640x360,640x360,2,3,6,probable_near_duplicate
train,validation,RWF-2000,RWF-2000,0,0,train/NonFight/rwf_train_nonfight_0531.avi,train/NonFight/rwf_train_nonfight_0533.avi,1d41d3ceb4358d2bf7214228988bbdb020c5ba0aae84fdb156794614044069cd,7f95e053902572398f8704b29d90b3ef64fc4ad200b572eac6281cfc8d4b8607,,,0,0,5.000000,5.000000,0.0,1.0,450x360,450x360,2,4,6,probable_near_duplicate
train,validation,RWF-2000,RWF-2000,1,0,train/Fight/rwf_train_fight_0322.avi,train/NonFight/rwf_train_nonfight_0342.avi,66acc3ce705c6fc3c71918444eba1765c54c81ab939db6a7943bf78fa24e0ef8,75c97eca7042c9c82abbd9f338b21cc3a6a8898d0c38f913ac08727bc7a5a018,,,0,0,5.000000,5.000000,0.0,1.0,1280x720,1280x720,2,6,6,probable_near_duplicate
train,validation,RWF-2000,RWF-2000,1,0,val/Fight/rwf_val_fight_0185.avi,val/NonFight/rwf_val_nonfight_0184.avi,5f3b56d5d23aa969e20697bc93e3d0ed40ae3a2774391dd97f69432a5c50f028,e46c7b38861bf49d3e3eb34d861497ce3a980938c76d3e6d4c39855a42ab08d3,,,0,0,5.000000,5.000000,0.0,1.0,480x360,480x360,2,6,6,probable_near_duplicate
train,test,RWF-2000,RWF-2000,1,1,train/Fight/rwf_train_fight_0052.avi,train/Fight/rwf_train_fight_0055.avi,7ff0971fea943b539cf57181b2fc8e8502f93552674493db98942095386c6d79,3e2ed1d727fdd3ba7f691c8661aea9062cb0ae5b9cf7c9b3b6453224da917e41,,,0,0,5.000000,5.000000,0.0,1.0,428x240,428x240,2,5,6,probable_near_duplicate
train,test,RWF-2000,RWF-2000,1,0,train/Fight/rwf_train_fight_0581.avi,train/NonFight/rwf_train_nonfight_0622.avi,9242c112bdfe5413c3fe104f9d97f382fc5d56ad24f19b6c75618c2f87ec8450,fc92a8e4b2cf7741298beaffd72c1a9e88b2e09bd7095c82f77b0e56358ac979,,,0,0,5.000000,5.000000,0.0,1.0,480x360,480x360,2,4,6,probable_near_duplicate
train,validation,RWF-2000,RWF-2000,1,0,train/Fight/rwf_train_fight_0321.avi,train/NonFight/rwf_train_nonfight_0342.avi,b4d8caf75954ba0bfabaf1c3025fa85f9db3545fba5ec4566c6d614228f98138,75c97eca7042c9c82abbd9f338b21cc3a6a8898d0c38f913ac08727bc7a5a018,,,0,0,5.000000,5.000000,0.0,1.0,1280x720,1280x720,2,6,6,probable_near_duplicate
train,validation,RWF-2000,RWF-2000,1,1,train/Fight/rwf_train_fight_0272.avi,train/Fight/rwf_train_fight_0275.avi,c4588027bdc4564622316f8d987411aecebf5b43e34020a13f17712535362f8e,5e3356123499b12a4fc7187de49b6108558ed3c76099cc6a6d971ca35ebd67bd,,,0,0,5.000000,5.000000,0.0,1.0,640x360,640x360,2,6,6,probable_near_duplicate
train,test,RLVS,RLVS,0,0,NonViolence/NV_187.mp4,NonViolence/NV_103.mp4,b338440706c2b38a5a9c50c3d010a55eaeaf1e254bb5941bb6a590608ac7d6dd,fe91c812adf91eb8ee366f347ec096f737b9ec39711a45041c0961b89fa7ccbf,,,0,0,5.000000,5.000000,0.0,1.0,224x224,224x224,2,3,6,probable_near_duplicate
train,test,RWF-2000,RWF-2000,0,1,train/NonFight/rwf_train_nonfight_0548.avi,train/Fight/rwf_train_fight_0490.avi,0aa2a0d2b946cd6458666565022743d66d2e69d47121ae8b98a24394bdacf664,da20ce5f5daf944c1717808bf5dceddb8f83d6fc55c19296d379880d6fbd4a9a,,,0,0,5.000000,5.000000,0.0,1.0,1280x720,1280x720,2,5,6,probable_near_duplicate
train,validation,RWF-2000,RWF-2000,1,1,train/Fight/rwf_train_fight_0268.avi,train/Fight/rwf_train_fight_0273.avi,411494b92bc8f81850ff071789fe9494f9e3468aa62574b9c39baf181293733d,078172332afa26e1668a25a033ed29d325050598c8d854537922a50375f1051f,,,0,0,5.000000,5.000000,0.0,1.0,640x360,640x360,2,5,6,probable_near_duplicate
train,test,RLVS,RLVS,0,0,NonViolence/NV_377.mp4,NonViolence/NV_374.mp4,6fef31928b99b6ecd38b476e06e294c152c8c942117f6b364e786a568ee63500,f3f9292203ffec607ee0a86074af5113032e774adfdeae2a00249320bf5ed431,,,0,0,5.000000,5.000000,0.0,1.0,224x224,224x224,2,5,6,probable_near_duplicate
train,test,RWF-2000,RWF-2000,1,1,val/Fight/rwf_val_fight_0080.avi,val/Fight/rwf_val_fight_0083.avi,fb9dad6b1cd16aec6a574d2df0c12f1cc149b23b77e04bc7c961a0f3f19df1d1,0537ef9d17544d442644b2d840fe2999f5c8523cf5f648a7f4d796157f24092b,,,0,0,5.000000,5.000000,0.0,1.0,1280x720,1280x720,2,6,6,probable_near_duplicate
validation,test,RWF-2000,RWF-2000,0,0,train/NonFight/rwf_train_nonfight_0042.avi,train/NonFight/rwf_train_nonfight_0041.avi,207172b71f72092cad2217a71ebc79bd6ab08fa9f079442e5b8a31c139261f4f,8775cf7ad332f67fe117fbf7f45bd2a23ef1befe8b8bcba31a13826c4ce7a092,,,0,0,5.000000,5.000000,0.0,1.0,526x360,526x360,2,4,6,probable_near_duplicate
validation,test,RWF-2000,RWF-2000,1,1,train/Fight/rwf_train_fight_0696.avi,train/Fight/rwf_train_fight_0697.avi,2e35dbfaa8be6f07d3ee798a0b778bf0ece0fa0b58cbfebe88b8d8b9204cf939,87ea0aa6324838f9120e21673ba3534e5fe8c3c484cd7e522aab77f27fae2945,,,0,0,5.000000,5.000000,0.0,1.0,1280x720,1280x720,2,4,6,probable_near_duplicate
train,test,RWF-2000,RWF-2000,1,0,val/Fight/rwf_val_fight_0110.avi,val/NonFight/rwf_val_nonfight_0109.avi,06c860dcfc461f74e9d48add2ab53947d500dc1cb1bce99b292478d8a4a959ae,66c83733108c1dea8740630f164607d271814943273271867367ad995dd003ae,,,0,0,5.000000,5.000000,0.0,1.0,640x360,640x360,4,3,6,probable_near_duplicate
train,validation,RWF-2000,RWF-2000,0,1,train/NonFight/rwf_train_nonfight_0298.avi,train/Fight/rwf_train_fight_0270.avi,e53df4ebd681c438144869409c0f09170409783d7eaec72533ca6711d3ab7464,febda1518a536aafc28ec70cfe128ff22c72bfe4463fe7201e66c9098051ad2b,,,0,0,5.000000,5.000000,0.0,1.0,640x360,640x360,4,5,6,probable_near_duplicate
train,validation,RWF-2000,RWF-2000,0,1,train/NonFight/rwf_train_nonfight_0176.avi,train/Fight/rwf_train_fight_0537.avi,bccaf6043cc51cd96d4f6dc9e3a2c6531dc54913788dfbb96a3068f17514762e,f9c6f6edc976c9ffde0546ee62f374df8a78f4d746b447373d9f44c634d8d058,,,0,0,5.000000,5.000000,0.0,1.0,320x240,320x240,4,5,6,probable_near_duplicate
train,validation,RWF-2000,RWF-2000,0,1,train/NonFight/rwf_train_nonfight_0176.avi,train/Fight/rwf_train_fight_0536.avi,bccaf6043cc51cd96d4f6dc9e3a2c6531dc54913788dfbb96a3068f17514762e,93e0bf47fbe10134634f8d7e884dc65df5beff0c56c5bfa623e834528d0af230,,,0,0,5.000000,5.000000,0.0,1.0,320x240,320x240,4,4,6,probable_near_duplicate
train,test,RWF-2000,RWF-2000,0,1,val/NonFight/rwf_val_nonfight_0025.avi,val/Fight/rwf_val_fight_0036.avi,41129a99982cad02d9b0600ec21e73507bfb9c12865257d45d3b1acd7ee72421,b491cbb681e065ef53288f9a51398e11d7aecfe61999c861938bd91d838a7d90,,,0,0,5.000000,5.000000,0.0,1.0,480x360,480x360,4,2,6,probable_near_duplicate
train,test,RWF-2000,RWF-2000,1,1,val/Fight/rwf_val_fight_0147.avi,val/Fight/rwf_val_fight_0150.avi,e78692a8d11ec8d845e64a49d7129433f814eeed990497994ff60fe9f3fb5f5f,79626bf77fab968d855f1e97cdd853cef163d32013eb0095f0f1da6461946009,,,0,0,5.000000,5.000000,0.0,1.0,640x360,640x360,4,5,6,probable_near_duplicate
train,validation,RWF-2000,RWF-2000,1,1,train/Fight/rwf_train_fight_0112.avi,train/Fight/rwf_train_fight_0110.avi,8747d1b31bc76f9f4535948f8dca5e9d847ff2118b1f34f8d562759724cb895d,8a46038afbf7a1af2f3b5e49fbae15ffb92529c90ee6d03c2d7b6b9f671d4c2b,,,0,0,5.000000,5.000000,0.0,1.0,1280x720,1280x720,4,3,6,probable_near_duplicate
train,validation,RWF-2000,RWF-2000,0,1,train/NonFight/rwf_train_nonfight_0085.avi,train/Fight/rwf_train_fight_0077.avi,a2b89af9d0db12cde7f93b761bf5f9d92accb5b5d10e8b3a75155dc7c137530b,d7e95c2754354e5beb388b25ec792958225aa63d7d818fa1a8242e7297640cfa,,,0,0,5.000000,5.000000,0.0,1.0,480x360,480x360,4,4,6,probable_near_duplicate
train,validation,RWF-2000,RWF-2000,1,1,train/Fight/rwf_train_fight_0266.avi,train/Fight/rwf_train_fight_0275.avi,657294dbb5d53cd365691fb2f7483123d47e0220c4bb5c283138965bbb75e671,5e3356123499b12a4fc7187de49b6108558ed3c76099cc6a6d971ca35ebd67bd,,,0,0,5.000000,5.000000,0.0,1.0,640x360,640x360,4,4,6,probable_near_duplicate
train,validation,RWF-2000,RWF-2000,1,0,train/Fight/rwf_train_fight_0466.avi,train/NonFight/rwf_train_nonfight_0182.avi,01c4046b7d4c5bbb81782e85efb5f64446d516cc728f0a009683a2ee1d4dfcac,8c9d7927f2cabb5593b2bb7713d911920d49d0a2ee9020088c5667c41df26f1b,,,0,0,5.000000,5.000000,0.0,1.0,320x240,320x240,4,2,6,probable_near_duplicate
train,test,RWF-2000,RWF-2000,1,1,val/Fight/rwf_val_fight_0078.avi,val/Fight/rwf_val_fight_0074.avi,9ed68524fb74be0d44ae3898d2fc5efd1decc99dc5b34834f23ab62b506d17a3,e7985cafe708e53c8faffb17300b7b09a2cbbdf1eee1110e80a88ff9fc478cef,,,0,0,5.000000,5.000000,0.0,1.0,1280x720,1280x720,4,2,6,probable_near_duplicate
train,validation,RWF-2000,RWF-2000,1,1,train/Fight/rwf_train_fight_0267.avi,train/Fight/rwf_train_fight_0277.avi,4ca3e8a7d972c9e3e972c6246ca5a4775d2842e41469e7a16a5d8e41f74b5330,d24a31d300a73f10a29400bf4bba720e8a45bcb7b8ca9e292c7b450fa7d9633a,,,0,0,5.000000,5.000000,0.0,1.0,640x360,640x360,4,5,6,probable_near_duplicate
train,test,RWF-2000,RWF-2000,1,0,train/Fight/rwf_train_fight_0310.avi,train/NonFight/rwf_train_nonfight_0332.avi,1764f7af1ffdc5138ccc15d62919f6a3b03ef49598bed71a6b2486cddbb4585e,c6156b8626a1f6a41fec99386f95c5479efcef6b54cdf3a1ede2b09974267919,,,0,0,5.000000,5.000000,0.0,1.0,480x360,480x360,4,5,6,probable_near_duplicate
train,test,RLVS,RLVS,0,0,NonViolence/NV_185.mp4,NonViolence/NV_103.mp4,0053630f06a0e57dbbe4d6fcccabff8dfeec7fa0b2e7eaa04b361637625bce8a,fe91c812adf91eb8ee366f347ec096f737b9ec39711a45041c0961b89fa7ccbf,,,0,0,5.000000,5.000000,0.0,1.0,224x224,224x224,4,4,6,probable_near_duplicate
train,validation,RWF-2000,RWF-2000,1,0,train/Fight/rwf_train_fight_0508.avi,train/NonFight/rwf_train_nonfight_0560.avi,6cf4d3c41882dd74df528d20ca2a199ecf6f2dc4ac973e0e1ef708d640291fab,482ee3063a8e69dbdd06f6c626cde2fee3ff7bf1177a8953b0e78c071eb6ad0f,,,0,0,5.000000,5.000000,0.0,1.0,1280x720,1280x720,4,5,6,probable_near_duplicate
train,validation,RWF-2000,RWF-2000,1,1,train/Fight/rwf_train_fight_0269.avi,train/Fight/rwf_train_fight_0275.avi,d32b8f600b4f583108dd99e21aadc4bf163a3da1404301a5195d1cd80d68d6c8,5e3356123499b12a4fc7187de49b6108558ed3c76099cc6a6d971ca35ebd67bd,,,0,0,5.000000,5.000000,0.0,1.0,640x360,640x360,4,4,6,probable_near_duplicate
train,test,RWF-2000,RWF-2000,1,1,val/Fight/rwf_val_fight_0090.avi,val/Fight/rwf_val_fight_0088.avi,2bffb6dd79c0831b11bdd8ec8e93c755d343a94db6a64e1ffeb76d41fc7ecff9,5c7517bc697da99e9f366716901c1b2ab46de2fb7c0cae324d0e735c5224eb5e,,,0,0,5.000000,5.000000,0.0,1.0,406x720,406x720,4,4,6,probable_near_duplicate
train,validation,RLVS,RLVS,0,0,NonViolence/NV_377.mp4,NonViolence/NV_384.mp4,6fef31928b99b6ecd38b476e06e294c152c8c942117f6b364e786a568ee63500,0a718e47808a9756c20efaffb6f02b1dd2e0703eca11bf2c4b49d2f72f23fb24,,,0,0,5.000000,5.000000,0.0,1.0,224x224,224x224,4,4,6,probable_near_duplicate
validation,test,RWF-2000,RWF-2000,1,1,train/Fight/rwf_train_fight_0077.avi,train/Fight/rwf_train_fight_0080.avi,d7e95c2754354e5beb388b25ec792958225aa63d7d818fa1a8242e7297640cfa,676efa8e2aac54856d5ac8ff45383321ded847b739fa73988d75090d687ded8a,,,0,0,5.000000,5.000000,0.0,1.0,480x360,480x360,4,2,6,probable_near_duplicate
validation,test,RWF-2000,RWF-2000,1,1,val/Fight/rwf_val_fight_0163.avi,val/Fight/rwf_val_fight_0165.avi,bf04c8e9898cb4fee4c636621ee191de7212c8d229a87933ce4c82608b972e6c,242aa37fbdc6e40166ebf3bb172ec038bf5ba04372641139d3e57cc340f28f57,,,0,0,5.000000,5.000000,0.0,1.0,1280x720,1280x720,4,3,6,probable_near_duplicate
validation,test,RWF-2000,RWF-2000,1,1,val/Fight/rwf_val_fight_0163.avi,val/Fight/rwf_val_fight_0166.avi,bf04c8e9898cb4fee4c636621ee191de7212c8d229a87933ce4c82608b972e6c,ed6b897b58efc07a60dd8a7a18273c52f9ef5e2418ba68e2e47ebf3343293a08,,,0,0,5.000000,5.000000,0.0,1.0,1280x720,1280x720,4,3,6,probable_near_duplicate
validation,test,RLVS,RLVS,0,0,NonViolence/NV_384.mp4,NonViolence/NV_375.mp4,0a718e47808a9756c20efaffb6f02b1dd2e0703eca11bf2c4b49d2f72f23fb24,39f6441e3715ed327046edb043fb3939e42c8f3e6b1ae6e274d75bf8a1a35dab,,,0,0,5.000000,5.000000,0.0,1.0,224x224,224x224,4,5,6,probable_near_duplicate
train,validation,RWF-2000,RWF-2000,1,0,train/Fight/rwf_train_fight_0231.avi,train/NonFight/rwf_train_nonfight_0249.avi,782b18835a20be798b6d3e971f9063355d8238da363f35952a20245ffc5a3265,17c733ecf2eee4e80e37072efe23737f3e12f277132fca6da69f0d3f29da5637,,,0,0,5.000000,5.000000,0.0,1.0,640x360,640x360,6,2,6,probable_near_duplicate
train,validation,RWF-2000,RWF-2000,1,1,train/Fight/rwf_train_fight_0276.avi,train/Fight/rwf_train_fight_0270.avi,56bb908d3810f171bfe6caff2fb4d547568a9f7c7bb010c85bb2423d82361380,febda1518a536aafc28ec70cfe128ff22c72bfe4463fe7201e66c9098051ad2b,,,0,0,5.000000,5.000000,0.0,1.0,640x360,640x360,6,1,6,probable_near_duplicate
train,validation,RWF-2000,RWF-2000,0,0,train/NonFight/rwf_train_nonfight_0037.avi,train/NonFight/rwf_train_nonfight_0039.avi,84922de254bc2b13cb43b28d34bfbcf4371d7138700beb86f6e99625c7c05437,a9946ff72edc1f414b8aab6775d494bdd397b2102accd31410d6ae8176213dc2,,,0,0,5.000000,5.000000,0.0,1.0,640x360,640x360,6,3,6,probable_near_duplicate
train,validation,RWF-2000,RWF-2000,1,1,train/Fight/rwf_train_fight_0013.avi,train/Fight/rwf_train_fight_0014.avi,2d46e4aab308b8b89a49117bf308e71435c9f1eed7a650477245155b8830547b,072e691fcb16e54cbb5406d911b1265ed5365a5bd9eb736712489d096325cf9b,,,0,0,5.000000,5.000000,0.0,1.0,636x360,636x360,6,2,6,probable_near_duplicate
train,test,RLVS,RLVS,0,0,NonViolence/NV_378.mp4,NonViolence/NV_375.mp4,df7b2534d382cbd4bdd3d209b055b93ce3651133158a3ad17d6218cc0af3060c,39f6441e3715ed327046edb043fb3939e42c8f3e6b1ae6e274d75bf8a1a35dab,,,0,0,5.000000,5.000000,0.0,1.0,224x224,224x224,6,2,6,probable_near_duplicate
train,test,RLVS,RLVS,0,0,NonViolence/NV_89.mp4,NonViolence/NV_90.mp4,883fec6c7409e45c9c8952dd124244f644c0f999c5eab4cd6d6ef982623bf11e,e967401c07df68d3fb4b4fc4b4059d832436ec838de72ba442fe86ba6745aed8,,,0,0,4.604600,4.604600,0.0,1.0,640x360,640x360,6,3,6,probable_near_duplicate
train,test,RWF-2000,RWF-2000,1,1,val/Fight/rwf_val_fight_0090.avi,val/Fight/rwf_val_fight_0087.avi,2bffb6dd79c0831b11bdd8ec8e93c755d343a94db6a64e1ffeb76d41fc7ecff9,4966e3a8b1f8580b93a4783fd982d239051b21567b47463e1485c2f3e141f69a,,,0,0,5.000000,5.000000,0.0,1.0,406x720,406x720,6,4,6,probable_near_duplicate
validation,test,RWF-2000,RWF-2000,1,1,val/Fight/rwf_val_fight_0162.avi,val/Fight/rwf_val_fight_0165.avi,bf1f23192966cc8161e38223611953dac3defdb091b73a929077fd125543bbdc,242aa37fbdc6e40166ebf3bb172ec038bf5ba04372641139d3e57cc340f28f57,,,0,0,5.000000,5.000000,0.0,1.0,1280x720,1280x720,6,3,6,probable_near_duplicate
validation,test,RWF-2000,RWF-2000,1,1,train/Fight/rwf_train_fight_0166.avi,train/Fight/rwf_train_fight_0167.avi,84b9069a2975c525fc3f4d3ffb5c291a1156a2c45d9e792a78c472c5f4ca89de,80ee92a8e3021f63e797c70b1bbbb11bc98194ebf196491b74e6fd7feea8d6db,,,0,0,5.000000,5.000000,0.0,1.0,1280x720,1280x720,6,4,6,probable_near_duplicate
train,validation,RWF-2000,RWF-2000,1,0,train/Fight/rwf_train_fight_0249.avi,train/NonFight/rwf_train_nonfight_0272.avi,1af2f0cef6f92377a64d8ef2a17e270dbeca98661dcb2b7ad2a342f613766f5f,f2a741787ec732b6c2ad442ff023a33959d188051c0dd4f49247bd71a59af45d,,,0,0,5.000000,5.000000,0.0,1.0,322x240,322x240,8,0,6,probable_near_duplicate
train,validation,RWF-2000,RWF-2000,1,0,val/Fight/rwf_val_fight_0029.avi,val/NonFight/rwf_val_nonfight_0023.avi,04771d703b86a34242255de5b9ff8d246cf5cfaa2ef937cc81d1559fd2cae67e,657697c4a2fbcf6174fa9b508ab4144cf3dc95333df105fd00c386d83ad3c126,,,0,0,5.000000,5.000000,0.0,1.0,1280x720,1280x720,0,5,5,probable_near_duplicate
train,test,RWF-2000,RWF-2000,1,1,val/Fight/rwf_val_fight_0110.avi,val/Fight/rwf_val_fight_0111.avi,06c860dcfc461f74e9d48add2ab53947d500dc1cb1bce99b292478d8a4a959ae,6bd0662da957bbcd4757a35ce440fa709c7212de5ac23dfd52fb808d65bba498,,,0,0,5.000000,5.000000,0.0,1.0,640x360,640x360,0,5,5,probable_near_duplicate
train,test,RLVS,RLVS,0,0,NonViolence/NV_423.mp4,NonViolence/NV_366.mp4,57b9bb5e68cd7d1b62a5a30e8ccb57545be1c1ac44c3d3dbffad166f876f9eed,e6df26cc20e60c089048e7156246ac98d21686b5ab3793940f7dbd2ca7d8e6a2,,,0,0,5.000000,5.000000,0.0,1.0,224x224,224x224,0,5,5,probable_near_duplicate
train,validation,RWF-2000,RWF-2000,0,0,train/NonFight/rwf_train_nonfight_0461.avi,train/NonFight/rwf_train_nonfight_0462.avi,54cdf0c05c3e081de954f99b3e79ee995e1ef02154b36a9abec294da09c2d24a,cf3482a526853feb03490b45039eef1abc4bb3c5f9b4f58736deceb73bac0bf6,,,0,0,5.000000,5.000000,0.0,1.0,1280x720,1280x720,0,5,5,probable_near_duplicate
train,test,RLVS,RLVS,0,0,NonViolence/NV_87.mp4,NonViolence/NV_45.mp4,e76035288bd959548309809b0cf370f4c1c83a72c54c2eae298e0973af89d317,8590b3d63a8bc6bc74e1ea4e47bded1ea50fcb8430f6248a065648c81f8f0b98,,,0,0,4.204200,4.304300,0.10009999999999941,0.9767441860465118,640x360,640x360,0,5,5,probable_near_duplicate
train,validation,RLVS,RLVS,0,0,NonViolence/NV_684.mp4,NonViolence/NV_683.mp4,a0231c2d9bbf180d6cb328d341be1631dc7b24c8bc8a1d5461c0f06b3419b0d7,f8f8b475407290912e2bbaac2c2b56054230fb9cc9a4a5443b2ce8d226205520,,,0,0,5.000000,5.000000,0.0,1.0,224x224,224x224,0,5,5,probable_near_duplicate
train,test,RWF-2000,RWF-2000,1,1,train/Fight/rwf_train_fight_0342.avi,train/Fight/rwf_train_fight_0340.avi,573960ae0180e5372b9cbe7b05bdfb45d982cdc1829c0306938820177d7e0a94,43423056770958ae0044121434ab25c4392dd621d25cb2f0d8bc6125ec48698c,,,0,0,5.000000,5.000000,0.0,1.0,1280x720,1280x720,0,5,5,probable_near_duplicate
train,test,RWF-2000,RWF-2000,0,1,train/NonFight/rwf_train_nonfight_0799.avi,train/Fight/rwf_train_fight_0763.avi,2dd8ec5524857d8165c7da81c4ac8cefe834c81d499f2e2d74601e4787526392,d5a67ae596c23fc3a852eed329330244b5289a62e8d5e7a9b7552651b5b5cc63,,,0,0,5.000000,5.000000,0.0,1.0,398x224,398x224,0,5,5,probable_near_duplicate
train,test,RLVS,RLVS,0,0,NonViolence/NV_251.mp4,NonViolence/NV_248.mp4,fabbe0a3d609acb6c512e1c1f95882a8e4f896e95d6a0841d79b932b1d880253,1e097ff193cdb91e016243b778ea414511c82a2555001d1628d85ba7baec43d3,,,0,0,5.000000,5.000000,0.0,1.0,224x224,224x224,2,5,5,probable_near_duplicate
train,validation,RWF-2000,RWF-2000,0,0,train/NonFight/rwf_train_nonfight_0455.avi,train/NonFight/rwf_train_nonfight_0454.avi,11cd19cabc324feee6b9de2c3a67a0f52a36aa11dd3f60c518d48dab19614a8f,26db7d30d4cf3640227a0fccc962ba5f96fe3e36e1b34d49b2ed12f6ec4d519b,,,0,0,5.000000,5.000000,0.0,1.0,464x348,464x348,2,5,5,probable_near_duplicate
train,test,RLVS,RLVS,0,0,NonViolence/NV_874.avi,NonViolence/NV_877.avi,2d391fcafb596b16582077c8dae80a62ca684ca210660dd9b098154707bfb2fc,7cda97749fa81e27ac7a679d07e727f23d3b1da8c37d0ea4922e2c68a1483b3a,,,0,0,5.000000,5.000000,0.0,1.0,224x224,224x224,2,5,5,probable_near_duplicate
train,test,RLVS,RLVS,0,0,NonViolence/NV_283.mp4,NonViolence/NV_279.mp4,566a0ecbc26380d1b4e0b46643ba50041897b01a933b3f56276e2c0d4764f23a,f1bcd0ba758ae5705dc03b6be843b63566a216d27f702e7158e4472ffb3c88c2,,,0,0,3.720000,4.200000,0.48,0.8857142857142857,1280x720,1280x720,2,5,5,probable_near_duplicate
train,validation,RWF-2000,RWF-2000,1,1,train/Fight/rwf_train_fight_0276.avi,train/Fight/rwf_train_fight_0274.avi,56bb908d3810f171bfe6caff2fb4d547568a9f7c7bb010c85bb2423d82361380,71065c4b4a3a50c33a86aecbb5528a472ddcb2bb798667b65fa7b9b3314dcf5a,,,0,0,5.000000,5.000000,0.0,1.0,640x360,640x360,2,5,5,probable_near_duplicate
train,test,RLVS,RLVS,0,0,NonViolence/NV_186.mp4,NonViolence/NV_103.mp4,50e8fd5e01fea4c1414292df7e8f501bafda24d02ebb62a9466c829143706966,fe91c812adf91eb8ee366f347ec096f737b9ec39711a45041c0961b89fa7ccbf,,,0,0,5.000000,5.000000,0.0,1.0,224x224,224x224,2,5,5,probable_near_duplicate
train,validation,RWF-2000,RWF-2000,1,0,val/Fight/rwf_val_fight_0070.avi,val/NonFight/rwf_val_nonfight_0072.avi,d0a272935005a8e36cb1ca9b0429426cffa53f66c100e3c092f74d2ea6d456bc,7755a37555189eb674bd3e3bae480af8a02961d96e14c0d8d92868450e833dd8,,,0,0,5.000000,5.000000,0.0,1.0,1280x720,1280x720,2,5,5,probable_near_duplicate
train,validation,RWF-2000,RWF-2000,1,1,train/Fight/rwf_train_fight_0458.avi,train/Fight/rwf_train_fight_0456.avi,973090ef0998eb5d6708e48bac39767227dbd6b51b47d75f159730c218138510,5e314e6360b8558f0f3bd580f6f7ed4c2fd5219b1cbc1be208898ed1232570f5,,,0,0,5.000000,5.000000,0.0,1.0,600x360,600x360,2,5,5,probable_near_duplicate
train,test,RLVS,RLVS,0,0,NonViolence/NV_870.avi,NonViolence/NV_872.avi,404589426a1b0458da617d01b54ec10f90c1123b1a6f4adcd3eca97c56b42a2e,d34d150ef9d3ab3053e179d63d75ca6bbee2e3455a3d2fc9c412659bf97df30f,,,0,0,5.000000,5.000000,0.0,1.0,224x224,224x224,2,5,5,probable_near_duplicate
train,validation,RWF-2000,RWF-2000,1,1,train/Fight/rwf_train_fight_0272.avi,train/Fight/rwf_train_fight_0274.avi,c4588027bdc4564622316f8d987411aecebf5b43e34020a13f17712535362f8e,71065c4b4a3a50c33a86aecbb5528a472ddcb2bb798667b65fa7b9b3314dcf5a,,,0,0,5.000000,5.000000,0.0,1.0,640x360,640x360,2,5,5,probable_near_duplicate
train,test,RWF-2000,RWF-2000,1,1,val/Fight/rwf_val_fight_0195.avi,val/Fight/rwf_val_fight_0194.avi,4e7b7a5f59b9c34c8c460652d21a59421302bc0b57189612b02ab79c0c07e2c2,9bd595c4e85de8388934b026c2f788060786329f8b7bd48be206470f486c0e0f,,,0,0,5.000000,5.000000,0.0,1.0,1280x720,1280x720,2,5,5,probable_near_duplicate
train,test,RWF-2000,RWF-2000,1,1,train/Fight/rwf_train_fight_0199.avi,train/Fight/rwf_train_fight_0198.avi,5e3a5f62450148757c36b67b924d02e388d8e3e299dcbd49e89284afe6cc00fd,b324175103b6b94357462f32d293c4b185a1de56595a74d57054a01f2095c3a4,,,0,0,5.000000,5.000000,0.0,1.0,1280x720,1280x720,2,5,5,probable_near_duplicate
validation,test,RWF-2000,RWF-2000,1,1,train/Fight/rwf_train_fight_0162.avi,train/Fight/rwf_train_fight_0165.avi,85f57b67abbabeb75bf1d9e5505e18b3577538db9293b80ebbcef533f4a2c743,02f86008985a7d9d0fa2c4b35263096fb836b5100636622702bca4389a9d37f8,,,0,0,5.000000,5.000000,0.0,1.0,1280x720,1280x720,2,5,5,probable_near_duplicate
train,validation,RLVS,RLVS,0,0,NonViolence/NV_388.mp4,NonViolence/NV_391.mp4,b68d8f735f44273d3852f9f33f4a478e3d254dff0164425b119fd4864db2ea83,6f7eac696f86b25bcd46e0785b0eb614453c286a48ad7eab6737396e47cf663c,,,0,0,5.000000,5.000000,0.0,1.0,224x224,224x224,4,5,5,probable_near_duplicate
train,test,RWF-2000,RWF-2000,1,1,val/Fight/rwf_val_fight_0044.avi,val/Fight/rwf_val_fight_0045.avi,cd07f558b7c42cf2091f0f6b4bddd865ad49a58e0d46aadfe69b40df9daea665,0237f25a1f0b072e46e8b06fb8a4739dc9892986b143d070daed77b8c74ab54a,,,0,0,5.000000,5.000000,0.0,1.0,320x240,320x240,4,5,5,probable_near_duplicate
train,test,RLVS,RLVS,0,0,NonViolence/NV_282.mp4,NonViolence/NV_279.mp4,a69a93b753d63a00acd2865d6c2229f0de0a039b9c864415c7ac8afcd6fefc83,f1bcd0ba758ae5705dc03b6be843b63566a216d27f702e7158e4472ffb3c88c2,,,0,0,4.000000,4.200000,0.20000000000000018,0.9523809523809523,1280x720,1280x720,0,3,5,possible_near_duplicate
train,test,RWF-2000,RWF-2000,0,1,train/NonFight/rwf_train_nonfight_0176.avi,train/Fight/rwf_train_fight_0539.avi,bccaf6043cc51cd96d4f6dc9e3a2c6531dc54913788dfbb96a3068f17514762e,88854f33fb2dbc794ce94983f840824790d13ee74a000ef5fbbd30998e596caa,,,0,0,5.000000,5.000000,0.0,1.0,320x240,320x240,0,4,5,possible_near_duplicate
train,test,RWF-2000,RWF-2000,0,1,train/NonFight/rwf_train_nonfight_0037.avi,train/Fight/rwf_train_fight_0034.avi,84922de254bc2b13cb43b28d34bfbcf4371d7138700beb86f6e99625c7c05437,31159d5c208dc6684bddf908bdca7b3312835d7f11b0fe3df12bc94bd4cb66a8,,,0,0,5.000000,5.000000,0.0,1.0,640x360,640x360,0,4,5,possible_near_duplicate
train,test,RWF-2000,RWF-2000,1,1,train/Fight/rwf_train_fight_0241.avi,train/Fight/rwf_train_fight_0240.avi,66d92840083d61d534af54822a1de504d5cdca9bad0bcddfb53d77c4d69249a8,400669da13d74b1548e673f5f93fa2839243bcb55be71b05a71565215f3c78e8,,,0,0,5.000000,5.000000,0.0,1.0,1280x720,1280x720,0,3,5,possible_near_duplicate
train,test,RWF-2000,RWF-2000,1,1,train/Fight/rwf_train_fight_0485.avi,train/Fight/rwf_train_fight_0484.avi,b52c4d129fe6a4f04a326847fa80b7b686c2aab5d3843aa04fadcc931bde8d7f,2196d8f6012f1bf7208f396318905c8d474fff059e311699dca329ce86687968,,,0,0,5.000000,5.000000,0.0,1.0,1280x720,1280x720,0,4,5,possible_near_duplicate
train,validation,RLVS,RLVS,0,0,NonViolence/NV_938.mp4,NonViolence/NV_939.mp4,a7507de2b5629cb32cefda8dc025ce5cb263f7f50f82e878776bad3c1e0079af,1982b73d82157d1d1db8620b0dc87336f15482ff4ce15510abe7aac90d6786b6,,,0,0,5.000000,5.000000,0.0,1.0,224x224,224x224,0,4,5,possible_near_duplicate
train,validation,RWF-2000,RWF-2000,0,0,train/NonFight/rwf_train_nonfight_0149.avi,train/NonFight/rwf_train_nonfight_0148.avi,0386c19a06c0ce736200e98df958a5bac767c33b1f37fc3a8e8ccefa5d12acd5,b9d6d4e7a2fb5e2ad5541d8af8369a5aef143daa1408c60c1a58a4ea2e57657c,,,0,0,5.000000,5.000000,0.0,1.0,540x360,540x360,0,4,5,possible_near_duplicate
validation,test,RWF-2000,RWF-2000,1,1,train/Fight/rwf_train_fight_0487.avi,train/Fight/rwf_train_fight_0047.avi,5488e8016450db545e4aae7bb25fe1d24b3320d1dcab956da4cfe1a5d82b3eb0,11b1236ef299b1a7d4c95b4da35a4db702897bc576f1a0f4ea5a12de92ae1997,,,0,0,5.000000,5.000000,0.0,1.0,720x480,540x360,0,4,5,possible_near_duplicate
validation,test,RWF-2000,RWF-2000,0,0,train/NonFight/rwf_train_nonfight_0650.avi,train/NonFight/rwf_train_nonfight_0651.avi,3fb9b570f4138e9fc294e42ef70b46527b670dd4fd0ff8b2b28ade603a1ede26,8163a2b99bf1c28ece6e0df623aceaa8ca47375ac485462fe50c72c1becdb53a,,,0,0,5.000000,5.000000,0.0,1.0,352x288,352x288,0,4,5,possible_near_duplicate
validation,test,RLVS,RLVS,0,0,NonViolence/NV_415.mp4,NonViolence/NV_416.mp4,aee3cb5e9b4ad621f3f02ad43d6c0559cb6122704a2b315c8a829cb8e9355ef4,f45b77d7ac45cab2b6cd4aee5ce1acc4e78741af6d43976335f3e822c275c749,,,0,0,5.000000,5.000000,0.0,1.0,224x224,224x224,0,4,5,possible_near_duplicate
train,test,RWF-2000,RWF-2000,1,1,train/Fight/rwf_train_fight_0220.avi,train/Fight/rwf_train_fight_0219.avi,4edba1c1294dcbf559cb56d776a7924b36484ca384a23043e60784b398cdb10e,3d2642008b779115603e7832cfe9ebfaf34e0649a9cd428d53083f18d905f0ee,,,0,0,5.000000,5.000000,0.0,1.0,1280x720,1280x720,2,2,5,possible_near_duplicate
train,test,RWF-2000,RWF-2000,0,0,val/NonFight/rwf_val_nonfight_0122.avi,val/NonFight/rwf_val_nonfight_0121.avi,eaa7bc62497cc094f32228de9f9a8848af2d33cdf7e2f7af0ec2484513b6fb4a,55ca5b6fc65a59cde31478bb60196daa2e8354c11594ef12a7c0b0518e23dc5b,,,0,0,5.000000,5.000000,0.0,1.0,1280x720,1280x720,2,4,5,possible_near_duplicate
train,validation,RWF-2000,RWF-2000,0,0,train/NonFight/rwf_train_nonfight_0274.avi,train/NonFight/rwf_train_nonfight_0272.avi,53da45120da81acf85e333c6536b1e368e23e79ab2cba5c25ce33bd8af4065cc,f2a741787ec732b6c2ad442ff023a33959d188051c0dd4f49247bd71a59af45d,,,0,0,5.000000,5.000000,0.0,1.0,322x240,322x240,2,3,5,possible_near_duplicate
train,test,RLVS,RLVS,0,0,NonViolence/NV_453.mp4,NonViolence/NV_452.mp4,e4f468cc0da5f19ac0266dfca118f3b7926f691853767812431c5a13deedbbd6,0004ad382bbad65c6efb5901c4eb629e3b7e9b3b37417cd99e5175774ab0f9f0,,,0,0,5.000000,5.000000,0.0,1.0,224x224,224x224,2,4,5,possible_near_duplicate
train,test,RWF-2000,RWF-2000,1,1,val/Fight/rwf_val_fight_0081.avi,val/Fight/rwf_val_fight_0082.avi,898e74ef4b465a939a76ed399c539076be646d60a98816a2e449b2a4b70260a9,9539219cd7325816ea1ee54db16428fc63bda36e9f679b3319050bae69b990cd,,,0,0,5.000000,5.000000,0.0,1.0,1280x720,1280x720,2,3,5,possible_near_duplicate
train,test,RWF-2000,RWF-2000,1,1,train/Fight/rwf_train_fight_0237.avi,train/Fight/rwf_train_fight_0236.avi,d07edb6b0b36354ccefff299adac1126794fa31408892142a6fd2a781c5e29c4,6b8ddc71a335c0e54ccea6ff2f52cfa0a123b16855f9c5d4b88f46d552a1418e,,,0,0,5.000000,5.000000,0.0,1.0,1280x720,1280x720,2,3,5,possible_near_duplicate
train,validation,RWF-2000,RWF-2000,1,1,train/Fight/rwf_train_fight_0675.avi,train/Fight/rwf_train_fight_0676.avi,1d870a096160a354a718d441290b0036b21ddd805c4d981653fc5bff7b967f33,3b6eafee6acac08466028034e27c74984bd19da73e7fedab44aca09c3c80a36f,,,0,0,5.000000,5.000000,0.0,1.0,960x720,960x720,2,4,5,possible_near_duplicate
train,validation,RWF-2000,RWF-2000,1,1,train/Fight/rwf_train_fight_0132.avi,train/Fight/rwf_train_fight_0135.avi,74696e3e38ca52c6a579d5da5dcf252ada6adbf127177be0b83fbdd5415554cf,0e5b5bc2125778febd96f86a99f16268b76741099f2f9943d5617900ed9acfa9,,,0,0,5.000000,5.000000,0.0,1.0,1280x720,1280x720,2,4,5,possible_near_duplicate
train,test,RWF-2000,RWF-2000,1,1,train/Fight/rwf_train_fight_0409.avi,train/Fight/rwf_train_fight_0408.avi,c9946429a00fe795b4ff19970f6691a194a4aa17cdaf2b8cf5e0b8b14664bada,6c16d729227e19559bd61d2bcaf32addc056b128f8146ac659e96e7db4fdd91b,,,0,0,5.000000,5.000000,0.0,1.0,640x360,640x360,2,3,5,possible_near_duplicate
train,validation,RWF-2000,RWF-2000,1,1,train/Fight/rwf_train_fight_0271.avi,train/Fight/rwf_train_fight_0270.avi,4f0d516f250a2eecb10b3884e1462ee6c245c40babeb419b0bfdfe26fcf05137,febda1518a536aafc28ec70cfe128ff22c72bfe4463fe7201e66c9098051ad2b,,,0,0,5.000000,5.000000,0.0,1.0,640x360,640x360,2,4,5,possible_near_duplicate
train,test,RLVS,RLVS,0,0,NonViolence/NV_261.mp4,NonViolence/NV_263.mp4,98efa73a24a6ff1c81d38c9b0358f6272ba61645fbed6c6b66f9e03f611f42cd,eca23ccce1abcda3fd74a0dff40997500502aaacf30149947f6917e72106f314,,,0,0,5.000000,5.000000,0.0,1.0,224x224,224x224,2,3,5,possible_near_duplicate
train,validation,RLVS,RLVS,0,0,NonViolence/NV_286.mp4,NonViolence/NV_288.mp4,36395213c7450d0ec13579b6b00e70a695f1ed1ef28880a51d298d42b856907b,b7a9c9af9316b0650a580cb8494511d9942419b90856e4f407b346878d94f129,,,0,0,6.520000,5.320000,1.1999999999999993,0.8159509202453988,1280x720,1280x720,2,2,5,possible_near_duplicate
train,validation,RLVS,RLVS,0,0,NonViolence/NV_524.mp4,NonViolence/NV_525.mp4,cc0580b39b206ebae8b03ba8441d2c9dfc60b7d412bd5c8fb4d59dfea3ebf41b,f08484f6b8f1c9fef0aadb372392fd82f8be3b3a605916510777466c0375506f,,,0,0,5.000000,5.000000,0.0,1.0,224x224,224x224,2,3,5,possible_near_duplicate
train,validation,RWF-2000,RWF-2000,1,1,train/Fight/rwf_train_fight_0268.avi,train/Fight/rwf_train_fight_0275.avi,411494b92bc8f81850ff071789fe9494f9e3468aa62574b9c39baf181293733d,5e3356123499b12a4fc7187de49b6108558ed3c76099cc6a6d971ca35ebd67bd,,,0,0,5.000000,5.000000,0.0,1.0,640x360,640x360,2,4,5,possible_near_duplicate
train,test,RLVS,RLVS,0,0,NonViolence/NV_377.mp4,NonViolence/NV_379.mp4,6fef31928b99b6ecd38b476e06e294c152c8c942117f6b364e786a568ee63500,21a9664c47a43823975e914fe1aeba86378fd5782a45754c42ff8dac369d5bc8,,,0,0,5.000000,5.000000,0.0,1.0,224x224,224x224,2,3,5,possible_near_duplicate
train,test,RWF-2000,RWF-2000,0,1,train/NonFight/rwf_train_nonfight_0449.avi,train/Fight/rwf_train_fight_0396.avi,ff194ca1f55ec739bb51cfa73e6fa9425bce500e5cf3f7b42a0b0a02753a02ab,f56a120be29209bf87346e16bd04b3d4909d007d138708a51b06d7c782ddfbd8,,,0,0,5.000000,5.000000,0.0,1.0,1280x720,1280x720,2,3,5,possible_near_duplicate
train,test,RWF-2000,RWF-2000,1,1,train/Fight/rwf_train_fight_0243.avi,train/Fight/rwf_train_fight_0242.avi,c62139ca58ea434f6a93bb8bc09f7f78efb49d14b41629492fc060454eac2ce9,0c2855441b082c81dfed6849804cf68666932a2f914b05d1588617102cfbf28c,,,0,0,5.000000,5.000000,0.0,1.0,1280x720,1280x720,2,4,5,possible_near_duplicate
train,validation,RWF-2000,RWF-2000,1,1,train/Fight/rwf_train_fight_0133.avi,train/Fight/rwf_train_fight_0131.avi,1ca7d188040566cd51b6623ab4c764d791e0f33d8e9c16d97672547b034e6b68,235a2b8f7089fee9486187b0eff583496f993b88967a2348aad2ce3a10c99f4d,,,0,0,5.000000,5.000000,0.0,1.0,1280x720,1280x720,4,3,5,possible_near_duplicate
train,validation,RWF-2000,RWF-2000,0,1,train/NonFight/rwf_train_nonfight_0520.avi,train/Fight/rwf_train_fight_0456.avi,ec0644c9c330ac8f00c066900aa71c9f0bed9065b0f398373e5eced54147d88e,5e314e6360b8558f0f3bd580f6f7ed4c2fd5219b1cbc1be208898ed1232570f5,,,0,0,5.000000,5.000000,0.0,1.0,600x360,600x360,4,2,5,possible_near_duplicate
train,test,RWF-2000,RWF-2000,1,1,train/Fight/rwf_train_fight_0081.avi,train/Fight/rwf_train_fight_0080.avi,0b72a34eab8be8c170a2fddfa95def41d87fe82dc02d44ccaad87b75a89d22ee,676efa8e2aac54856d5ac8ff45383321ded847b739fa73988d75090d687ded8a,,,0,0,5.000000,5.000000,0.0,1.0,480x360,480x360,4,3,5,possible_near_duplicate
train,validation,RWF-2000,RWF-2000,1,1,train/Fight/rwf_train_fight_0618.avi,train/Fight/rwf_train_fight_0617.avi,564d4b908e525532d9a8f89e2d3a48165aeecc8a17c9a90d2a74b4c68a747c2c,d8f9912e195688c22fb0cc9d5db8f6315291439a1a9ead8279bba42b7d4bd763,,,0,0,5.000000,5.000000,0.0,1.0,352x288,352x288,4,4,5,possible_near_duplicate
train,validation,RWF-2000,RWF-2000,1,1,train/Fight/rwf_train_fight_0464.avi,train/Fight/rwf_train_fight_0467.avi,f6bb359d9690bf6c3085f67e622c0a2f2a66c5085fbc179871fb6157a6c5e194,262fd7d8a600ad885e4f98d280fcb6fdb5c23cef2327763d5cbe0939e6e985c0,,,0,0,5.000000,5.000000,0.0,1.0,320x240,320x240,4,1,5,possible_near_duplicate
train,test,RWF-2000,RWF-2000,0,1,train/NonFight/rwf_train_nonfight_0085.avi,train/Fight/rwf_train_fight_0080.avi,a2b89af9d0db12cde7f93b761bf5f9d92accb5b5d10e8b3a75155dc7c137530b,676efa8e2aac54856d5ac8ff45383321ded847b739fa73988d75090d687ded8a,,,0,0,5.000000,5.000000,0.0,1.0,480x360,480x360,4,2,5,possible_near_duplicate
train,test,RWF-2000,RWF-2000,0,1,train/NonFight/rwf_train_nonfight_0085.avi,train/Fight/rwf_train_fight_0076.avi,a2b89af9d0db12cde7f93b761bf5f9d92accb5b5d10e8b3a75155dc7c137530b,8d38902dee5f0220825da70cba00d044f507b78bab8fe731e609c7459b71b46e,,,0,0,5.000000,5.000000,0.0,1.0,480x360,480x360,4,1,5,possible_near_duplicate
train,test,RWF-2000,RWF-2000,1,1,train/Fight/rwf_train_fight_0028.avi,train/Fight/rwf_train_fight_0029.avi,ea94652c64a8dcebbd0700bc958eac153c4fb3498b4ca9c807cd43550ae1caaf,3b652a6d0c61714dfdf314d718a45e76c02d431137eec60b6cf6cb00569e7630,,,0,0,5.000000,5.000000,0.0,1.0,1280x720,1280x720,4,4,5,possible_near_duplicate
train,validation,RLVS,RLVS,0,0,NonViolence/NV_335.mp4,NonViolence/NV_288.mp4,5c141bc59a3e5edfb8989c55a2d07173437404c4cf0f6bee31af1925474b58aa,b7a9c9af9316b0650a580cb8494511d9942419b90856e4f407b346878d94f129,,,0,0,4.400000,5.320000,0.9199999999999999,0.8270676691729324,1280x720,1280x720,4,4,5,possible_near_duplicate
train,validation,RWF-2000,RWF-2000,1,1,train/Fight/rwf_train_fight_0266.avi,train/Fight/rwf_train_fight_0270.avi,657294dbb5d53cd365691fb2f7483123d47e0220c4bb5c283138965bbb75e671,febda1518a536aafc28ec70cfe128ff22c72bfe4463fe7201e66c9098051ad2b,,,0,0,5.000000,5.000000,0.0,1.0,640x360,640x360,4,2,5,possible_near_duplicate
train,validation,RWF-2000,RWF-2000,1,1,train/Fight/rwf_train_fight_0266.avi,train/Fight/rwf_train_fight_0274.avi,657294dbb5d53cd365691fb2f7483123d47e0220c4bb5c283138965bbb75e671,71065c4b4a3a50c33a86aecbb5528a472ddcb2bb798667b65fa7b9b3314dcf5a,,,0,0,5.000000,5.000000,0.0,1.0,640x360,640x360,4,3,5,possible_near_duplicate
train,test,RWF-2000,RWF-2000,0,1,train/NonFight/rwf_train_nonfight_0270.avi,train/Fight/rwf_train_fight_0766.avi,aa763ed48b00821d4af05214a184b7081e6c2e952b333d36b924bbcec2904615,98cd21c404bf9b75135548a186c592584331e84252391244584d7b8d0b4d669c,,,0,0,5.000000,5.000000,0.0,1.0,640x360,398x224,4,3,5,possible_near_duplicate
train,validation,RWF-2000,RWF-2000,1,1,train/Fight/rwf_train_fight_0267.avi,train/Fight/rwf_train_fight_0275.avi,4ca3e8a7d972c9e3e972c6246ca5a4775d2842e41469e7a16a5d8e41f74b5330,5e3356123499b12a4fc7187de49b6108558ed3c76099cc6a6d971ca35ebd67bd,,,0,0,5.000000,5.000000,0.0,1.0,640x360,640x360,4,4,5,possible_near_duplicate
train,test,RWF-2000,RWF-2000,1,1,train/Fight/rwf_train_fight_0132.avi,train/Fight/rwf_train_fight_0130.avi,74696e3e38ca52c6a579d5da5dcf252ada6adbf127177be0b83fbdd5415554cf,f29ffd7335f0cb0b8ed07d103a4aa217c8c26c50b9780cff2f9c8cc0be9cdf12,,,0,0,5.000000,5.000000,0.0,1.0,1280x720,1280x720,4,4,5,possible_near_duplicate
train,validation,RWF-2000,RWF-2000,0,1,train/NonFight/rwf_train_nonfight_0531.avi,train/Fight/rwf_train_fight_0474.avi,1d41d3ceb4358d2bf7214228988bbdb020c5ba0aae84fdb156794614044069cd,16e05acf728ea3ba248bd321ed2447813e7f9cbccf8623434a2cd994deb5b88f,,,0,0,5.000000,5.000000,0.0,1.0,450x360,450x360,4,4,5,possible_near_duplicate
train,test,RWF-2000,RWF-2000,1,1,train/Fight/rwf_train_fight_0241.avi,train/Fight/rwf_train_fight_0242.avi,66d92840083d61d534af54822a1de504d5cdca9bad0bcddfb53d77c4d69249a8,0c2855441b082c81dfed6849804cf68666932a2f914b05d1588617102cfbf28c,,,0,0,5.000000,5.000000,0.0,1.0,1280x720,1280x720,4,3,5,possible_near_duplicate
train,validation,RWF-2000,RWF-2000,1,1,train/Fight/rwf_train_fight_0269.avi,train/Fight/rwf_train_fight_0270.avi,d32b8f600b4f583108dd99e21aadc4bf163a3da1404301a5195d1cd80d68d6c8,febda1518a536aafc28ec70cfe128ff22c72bfe4463fe7201e66c9098051ad2b,,,0,0,5.000000,5.000000,0.0,1.0,640x360,640x360,4,3,5,possible_near_duplicate
train,validation,RWF-2000,RWF-2000,1,1,train/Fight/rwf_train_fight_0269.avi,train/Fight/rwf_train_fight_0274.avi,d32b8f600b4f583108dd99e21aadc4bf163a3da1404301a5195d1cd80d68d6c8,71065c4b4a3a50c33a86aecbb5528a472ddcb2bb798667b65fa7b9b3314dcf5a,,,0,0,5.000000,5.000000,0.0,1.0,640x360,640x360,4,3,5,possible_near_duplicate
train,test,RWF-2000,RWF-2000,0,0,train/NonFight/rwf_train_nonfight_0356.avi,train/NonFight/rwf_train_nonfight_0358.avi,2d5b08c6296f2d41d08282dff0f34f1abcdd1fd32cc043ac7f1664fcaed9dd60,29008d9dda79545c91e38cf1250db01eddf640da138cfbaaa6ddf1adf71f4e42,,,0,0,5.000000,5.000000,0.0,1.0,640x360,640x360,4,2,5,possible_near_duplicate
train,test,RWF-2000,RWF-2000,1,1,train/Fight/rwf_train_fight_0481.avi,train/Fight/rwf_train_fight_0480.avi,39c249dc1b65d6a46d1ddc2b9fc879753d793e2551298cc7fa631aaa4b7ad160,7793fb508bd9619be68ae76e783fe98bd338b567f1c26726fcdda050bf40ba83,,,0,0,5.000000,5.000000,0.0,1.0,640x360,640x360,4,4,5,possible_near_duplicate
train,test,RWF-2000,RWF-2000,1,1,train/Fight/rwf_train_fight_0411.avi,train/Fight/rwf_train_fight_0408.avi,48f70fb7fbbb76170e3d5b43477a4f8373d6433c49fe87e5a955dd888b2549fb,6c16d729227e19559bd61d2bcaf32addc056b128f8146ac659e96e7db4fdd91b,,,0,0,5.000000,5.000000,0.0,1.0,640x360,640x360,4,3,5,possible_near_duplicate
train,test,RLVS,RLVS,0,0,NonViolence/NV_731.mp4,NonViolence/NV_735.mp4,889d66f825dd78c0780073b9a167072f777855d9e55c999c12d8cc2c07b669ff,eb70e1130161821ca2da05b7654210f56977a9ec50bed9da9a45958740abeb31,,,0,0,5.900000,5.700000,0.20000000000000018,0.9661016949152542,368x272,368x272,4,3,5,possible_near_duplicate
train,test,RWF-2000,RWF-2000,1,1,train/Fight/rwf_train_fight_0450.avi,train/Fight/rwf_train_fight_0447.avi,248e8cbaf2c017e2003ea43655523454b432440fb9a075db79d0b86f713bc27b,07198312953fa8d7e6f49647d3ccbbabd3cf30e0b033bd70e0d78ce33f86ed7f,,,0,0,5.000000,5.000000,0.0,1.0,320x240,320x240,4,3,5,possible_near_duplicate
train,test,RWF-2000,RWF-2000,1,1,train/Fight/rwf_train_fight_0450.avi,train/Fight/rwf_train_fight_0449.avi,248e8cbaf2c017e2003ea43655523454b432440fb9a075db79d0b86f713bc27b,ba4ee80c843dad1dce79d58a775ef08d844e17d62b08b02cabf3ac9513e95622,,,0,0,5.000000,5.000000,0.0,1.0,320x240,320x240,4,4,5,possible_near_duplicate
train,validation,RWF-2000,RWF-2000,1,1,train/Fight/rwf_train_fight_0212.avi,train/Fight/rwf_train_fight_0210.avi,5125ae14639a94823457d5702a955594482f5f64852e19908a39f20344626b7f,f2f275ea34421a8001872bc1410d12db7b06af2b5f1dfa23641de759787c8e75,,,0,0,5.000000,5.000000,0.0,1.0,1280x720,1280x720,4,3,5,possible_near_duplicate
train,validation,RWF-2000,RWF-2000,1,1,train/Fight/rwf_train_fight_0164.avi,train/Fight/rwf_train_fight_0162.avi,6f92d379635f3996d3e7230aacca7f842a7dbed8c381b3a9e2656ff1991f3810,85f57b67abbabeb75bf1d9e5505e18b3577538db9293b80ebbcef533f4a2c743,,,0,0,5.000000,5.000000,0.0,1.0,1280x720,1280x720,4,4,5,possible_near_duplicate
train,validation,RLVS,RLVS,0,0,NonViolence/NV_995.mp4,NonViolence/NV_998.mp4,c5035202acb686b79b7d23d60f342c65aac73819ff427e0f0d8a910ac89a9404,9cbbbd7bb6ddc23bf3b1d3aa6350ce82f1d237ff9b26cf806f8209ecd0a1fa43,,,0,0,5.338667,6.423083,1.084416,0.831168926199459,1280x720,1280x720,4,3,5,possible_near_duplicate
validation,test,RWF-2000,RWF-2000,1,1,train/Fight/rwf_train_fight_0077.avi,train/Fight/rwf_train_fight_0076.avi,d7e95c2754354e5beb388b25ec792958225aa63d7d818fa1a8242e7297640cfa,8d38902dee5f0220825da70cba00d044f507b78bab8fe731e609c7459b71b46e,,,0,0,5.000000,5.000000,0.0,1.0,480x360,480x360,4,3,5,possible_near_duplicate
validation,test,RWF-2000,RWF-2000,1,1,train/Fight/rwf_train_fight_0210.avi,train/Fight/rwf_train_fight_0211.avi,f2f275ea34421a8001872bc1410d12db7b06af2b5f1dfa23641de759787c8e75,83d6da933610e5dd592d34cbe58a6c691c9f0f8c531a67ce4cc7e0f00e5c54c2,,,0,0,5.000000,5.000000,0.0,1.0,1280x720,1280x720,4,2,5,possible_near_duplicate
train,test,RWF-2000,RWF-2000,0,1,train/NonFight/rwf_train_nonfight_0544.avi,train/Fight/rwf_train_fight_0484.avi,4b31e139542648f4fa510141cd7a0aecb1f461f4349c499fd87afd20cb44e802,2196d8f6012f1bf7208f396318905c8d474fff059e311699dca329ce86687968,,,0,0,5.000000,5.000000,0.0,1.0,1280x720,1280x720,6,1,5,possible_near_duplicate
train,test,RLVS,RLVS,0,0,NonViolence/NV_417.mp4,NonViolence/NV_385.mp4,1b227d9ec738690e624b90fbe3411671c8ce0d190f6171d211dca2f7523ed864,1addf6cfd1e51e909d9ccad200a6cadc6c35da81fca7f9b12a6f715a81e853df,,,0,0,5.000000,5.000000,0.0,1.0,224x224,224x224,6,2,5,possible_near_duplicate
train,test,RLVS,RLVS,0,0,NonViolence/NV_301.mp4,NonViolence/NV_38.mp4,a599a29a73e941debfcc8d852f77480646d3520df3b1d4a6a1d785d6941a0aac,f1b438c78b3f5cecf8d543bef0e62b76e63a83fe1bd795bbf4d9f19893dd9089,,,0,0,5.800000,4.400000,1.3999999999999995,0.7586206896551725,640x360,640x360,6,2,5,possible_near_duplicate
train,test,RWF-2000,RWF-2000,1,1,train/Fight/rwf_train_fight_0201.avi,train/Fight/rwf_train_fight_0198.avi,d5f6ab438764d040c1ff5c0b407f0a4d4be1c3f723c60a0cd9a28881bfc0b429,b324175103b6b94357462f32d293c4b185a1de56595a74d57054a01f2095c3a4,,,0,0,5.000000,5.000000,0.0,1.0,1280x720,1280x720,6,2,5,possible_near_duplicate
train,test,RWF-2000,RWF-2000,1,1,train/Fight/rwf_train_fight_0446.avi,train/Fight/rwf_train_fight_0449.avi,6f68ec88781599e2264009b54d75466cb524acabae513ed794b274f73eefc9da,ba4ee80c843dad1dce79d58a775ef08d844e17d62b08b02cabf3ac9513e95622,,,0,0,5.000000,5.000000,0.0,1.0,320x240,320x240,6,3,5,possible_near_duplicate
train,test,RWF-2000,RWF-2000,1,0,val/Fight/rwf_val_fight_0109.avi,val/NonFight/rwf_val_nonfight_0109.avi,a4064a1b9862635d7be7213a674d7bf4fbcb53205e2da4af00e75cc76bf6a323,66c83733108c1dea8740630f164607d271814943273271867367ad995dd003ae,,,0,0,5.000000,5.000000,0.0,1.0,640x360,640x360,6,3,5,possible_near_duplicate
train,test,RWF-2000,RWF-2000,1,1,train/Fight/rwf_train_fight_0538.avi,train/Fight/rwf_train_fight_0539.avi,3c92bdefe5bd3dc32e47ae9b8ea828ef7a67c4c58b8774318ed96864df0ca4ed,88854f33fb2dbc794ce94983f840824790d13ee74a000ef5fbbd30998e596caa,,,0,0,5.000000,5.000000,0.0,1.0,320x240,320x240,6,2,5,possible_near_duplicate
train,validation,RWF-2000,RWF-2000,1,1,train/Fight/rwf_train_fight_0078.avi,train/Fight/rwf_train_fight_0077.avi,135d77c00a32d59fafb9c3b500dbe27f889651daeff0ba5e74458732c7841bba,d7e95c2754354e5beb388b25ec792958225aa63d7d818fa1a8242e7297640cfa,,,0,0,5.000000,5.000000,0.0,1.0,480x360,480x360,6,3,5,possible_near_duplicate
train,validation,RLVS,RLVS,0,0,NonViolence/NV_383.mp4,NonViolence/NV_373.mp4,8f79d2b8955a13007d277dcd6123860b42996739f11a0d8de63dba006790cef2,76c4df6393f7cc250ceec92eb72b2baf92cc41de9d4591a00988e24f7a7d0ad3,,,0,0,5.000000,5.000000,0.0,1.0,224x224,224x224,6,1,5,possible_near_duplicate
train,test,RLVS,RLVS,0,0,NonViolence/NV_383.mp4,NonViolence/NV_375.mp4,8f79d2b8955a13007d277dcd6123860b42996739f11a0d8de63dba006790cef2,39f6441e3715ed327046edb043fb3939e42c8f3e6b1ae6e274d75bf8a1a35dab,,,0,0,5.000000,5.000000,0.0,1.0,224x224,224x224,6,1,5,possible_near_duplicate
train,test,RLVS,RLVS,0,0,NonViolence/NV_197.mp4,NonViolence/NV_191.mp4,355cf2ef06ce95d5af8dc5c3fa48a2976ab9b04642e8947b02d01e817891e0d8,fe4a912045c676b97ff55058d124eed297a2537f0b7e39ca9ef8c529847f5ddd,,,0,0,5.000000,5.000000,0.0,1.0,224x224,224x224,6,2,5,possible_near_duplicate
train,test,RWF-2000,RWF-2000,1,1,train/Fight/rwf_train_fight_0767.avi,train/Fight/rwf_train_fight_0766.avi,2cf262039f0a15c4931b3bcab26349223c45424c6168235445893449329f9e86,98cd21c404bf9b75135548a186c592584331e84252391244584d7b8d0b4d669c,,,0,0,5.000000,5.000000,0.0,1.0,398x224,398x224,6,2,5,possible_near_duplicate
train,validation,RWF-2000,RWF-2000,1,1,train/Fight/rwf_train_fight_0581.avi,train/Fight/rwf_train_fight_0582.avi,9242c112bdfe5413c3fe104f9d97f382fc5d56ad24f19b6c75618c2f87ec8450,ecf9f4440fc97326d2b2b7eb38067dd3141b527729b0fc9d0edeea755eafabaa,,,0,0,5.000000,5.000000,0.0,1.0,480x360,480x360,6,1,5,possible_near_duplicate
train,test,RWF-2000,RWF-2000,1,1,train/Fight/rwf_train_fight_0079.avi,train/Fight/rwf_train_fight_0076.avi,9a86168608c09d725f02b5fe3f9369964830e2071c933bd0390222bef73e8a25,8d38902dee5f0220825da70cba00d044f507b78bab8fe731e609c7459b71b46e,,,0,0,5.000000,5.000000,0.0,1.0,480x360,480x360,6,2,5,possible_near_duplicate
train,validation,RWF-2000,RWF-2000,1,1,train/Fight/rwf_train_fight_0268.avi,train/Fight/rwf_train_fight_0270.avi,411494b92bc8f81850ff071789fe9494f9e3468aa62574b9c39baf181293733d,febda1518a536aafc28ec70cfe128ff22c72bfe4463fe7201e66c9098051ad2b,,,0,0,5.000000,5.000000,0.0,1.0,640x360,640x360,6,2,5,possible_near_duplicate
train,validation,RLVS,RLVS,0,0,NonViolence/NV_149.mp4,NonViolence/NV_183.mp4,7522fad279e5a57c0fce3a30a94de281312a7fc61b5e57c4d81719a1d32b17cf,d8c1535a73d8a5670b8cfbfcf79b22398f84c04d9c8920e7f3457d7c38ad7836,,,0,0,5.000000,5.000000,0.0,1.0,224x224,224x224,6,2,5,possible_near_duplicate
train,validation,RWF-2000,RWF-2000,0,0,train/NonFight/rwf_train_nonfight_0217.avi,train/NonFight/rwf_train_nonfight_0216.avi,5211f919663c59d51834357d6cb41d0fc8ae4626b3385dcdc31294fbf72c8c84,4d4a8e73743066426ce508bbf7eccf6b667ec07011a0faf0d2debc78dfaf20db,,,0,0,5.000000,5.000000,0.0,1.0,480x360,480x360,6,1,5,possible_near_duplicate
validation,test,RWF-2000,RWF-2000,1,1,val/Fight/rwf_val_fight_0162.avi,val/Fight/rwf_val_fight_0166.avi,bf1f23192966cc8161e38223611953dac3defdb091b73a929077fd125543bbdc,ed6b897b58efc07a60dd8a7a18273c52f9ef5e2418ba68e2e47ebf3343293a08,,,0,0,5.000000,5.000000,0.0,1.0,1280x720,1280x720,6,1,5,possible_near_duplicate
validation,test,RWF-2000,RWF-2000,0,1,train/NonFight/rwf_train_nonfight_0039.avi,train/Fight/rwf_train_fight_0034.avi,a9946ff72edc1f414b8aab6775d494bdd397b2102accd31410d6ae8176213dc2,31159d5c208dc6684bddf908bdca7b3312835d7f11b0fe3df12bc94bd4cb66a8,,,0,0,5.000000,5.000000,0.0,1.0,640x360,640x360,6,2,5,possible_near_duplicate
validation,test,RWF-2000,RWF-2000,0,0,train/NonFight/rwf_train_nonfight_0726.avi,train/NonFight/rwf_train_nonfight_0727.avi,7303e123d1425b6cad836aec75a2fdb72838ac4a7d9844885c861d7b8f112da1,72d9d7e5be3c60db5b4222ad17cc57f00dbc29d22d7b00744f2639ced23b680e,,,0,0,5.000000,5.000000,0.0,1.0,426x240,426x240,6,3,5,possible_near_duplicate
validation,test,RLVS,RLVS,0,0,NonViolence/NV_384.mp4,NonViolence/NV_374.mp4,0a718e47808a9756c20efaffb6f02b1dd2e0703eca11bf2c4b49d2f72f23fb24,f3f9292203ffec607ee0a86074af5113032e774adfdeae2a00249320bf5ed431,,,0,0,5.000000,5.000000,0.0,1.0,224x224,224x224,6,1,5,possible_near_duplicate
train,test,RLVS,RLVS,1,1,Violence/V_116.mp4,Violence/V_115.mp4,a4694e0a9fb999171a2c9ce51fa8216318b1be9214970bf80f047cbeaf699ee3,d26fdce8835dff2a471cff7d9effdf2dafa81b3b457ae2a5881558a4dd5d8fc3,,,0,0,5.105100,5.005000,0.1001000000000003,0.9803921568627451,1280x720,1280x720,0,4,4,possible_near_duplicate
train,validation,RLVS,RLVS,0,0,NonViolence/NV_701.mp4,NonViolence/NV_688.mp4,013338a2e541cec0bab4ccd29accba131089e8432c723d55f5cf58f8b80f104d,fe7691bb3d8ecccc64c6271eccd1fd3cc6f4c1bc239b23e5c6b30445b21e96cb,,,0,0,5.000000,5.000000,0.0,1.0,224x224,224x224,0,4,4,possible_near_duplicate
train,test,RLVS,RLVS,0,0,NonViolence/NV_422.mp4,NonViolence/NV_366.mp4,6a591ce0d32a5ee11bc39cfc7b763260895de88b6cb6d17167eed82b30e2f6c6,e6df26cc20e60c089048e7156246ac98d21686b5ab3793940f7dbd2ca7d8e6a2,,,0,0,5.000000,5.000000,0.0,1.0,224x224,224x224,0,3,4,possible_near_duplicate
train,test,RWF-2000,RWF-2000,1,1,train/Fight/rwf_train_fight_0516.avi,train/Fight/rwf_train_fight_0522.avi,fab8d3f9acda7630d53eb483871bdc21dac4ada190f708690a8ed0c82fa5f1dd,b786c29f018aeae162fd406537776276191e8a11009c1f638b519b875e3666e7,,,0,0,5.000000,5.000000,0.0,1.0,1280x720,1280x720,0,4,4,possible_near_duplicate
train,validation,RLVS,RLVS,0,0,NonViolence/NV_387.mp4,NonViolence/NV_386.mp4,626b489e6227de1618847a5eb11afb0aaeff246813a4690f960411fa1443641d,9a11248c6bb6b4f44a0be9ef6d61384765c4acd27c451b6b20ee1a70fc623a48,,,0,0,5.000000,5.000000,0.0,1.0,224x224,224x224,0,4,4,possible_near_duplicate
train,validation,RLVS,RLVS,0,0,NonViolence/NV_394.mp4,NonViolence/NV_393.mp4,63c3d7f8c6432b4a179a0e5b33a42b8ea4e3186aeb5b14294534eecf59b3b5b6,4ac72bae4311899b370a76cc60f1410ba7e7c04f0cd4425a18caabd65b2208b2,,,0,0,5.000000,5.000000,0.0,1.0,224x224,224x224,0,2,4,possible_near_duplicate
train,test,RLVS,RLVS,0,0,NonViolence/NV_541.mp4,NonViolence/NV_518.mp4,f3cba95e6b95b39fdebdd752afca1a6392fe533c17c02153286b055fcb9255f6,53ca93e090aa372219028ac80ffea750508474c107f7cc347f05aec2a8753193,,,0,0,5.000000,5.000000,0.0,1.0,224x224,224x224,0,4,4,possible_near_duplicate
train,validation,RWF-2000,RWF-2000,1,1,train/Fight/rwf_train_fight_0163.avi,train/Fight/rwf_train_fight_0162.avi,49bea4e76f38b841fd6c939d4c6fe06a2aaf324a76df34355948967212bf5617,85f57b67abbabeb75bf1d9e5505e18b3577538db9293b80ebbcef533f4a2c743,,,0,0,5.000000,5.000000,0.0,1.0,1280x720,1280x720,0,4,4,possible_near_duplicate
train,validation,RWF-2000,RWF-2000,1,1,train/Fight/rwf_train_fight_0429.avi,train/Fight/rwf_train_fight_0428.avi,1187ec8f26dc5c1c3285976b451b8a00cf3192cd4b2510078e3ec7480748673a,cd3a9606b6fa21a9e2549d26cfd9a42ab30ef6d7d34a59dac3fa99ae06083473,,,0,0,5.000000,5.000000,0.0,1.0,512x288,512x288,0,4,4,possible_near_duplicate
train,validation,RWF-2000,RWF-2000,0,0,train/NonFight/rwf_train_nonfight_0501.avi,train/NonFight/rwf_train_nonfight_0500.avi,deffe7d514c940feb57d25908c9a72fcbd7b7194c19005f2321abe8ae8de5ae5,e468352938f73e1b17356079254f6a5bf5afababfe7df4468ad4dce00371c4cc,,,0,0,5.000000,5.000000,0.0,1.0,640x360,640x360,0,3,4,possible_near_duplicate
train,test,RLVS,RLVS,0,0,NonViolence/NV_517.mp4,NonViolence/NV_518.mp4,03e94f6b06894045b5c1e28dab0e8ed1ac2bb0cf3a2894f04410500f9f9de7d2,53ca93e090aa372219028ac80ffea750508474c107f7cc347f05aec2a8753193,,,0,0,5.000000,5.000000,0.0,1.0,224x224,224x224,0,4,4,possible_near_duplicate
train,validation,RLVS,RLVS,0,0,NonViolence/NV_388.mp4,NonViolence/NV_386.mp4,b68d8f735f44273d3852f9f33f4a478e3d254dff0164425b119fd4864db2ea83,9a11248c6bb6b4f44a0be9ef6d61384765c4acd27c451b6b20ee1a70fc623a48,,,0,0,5.000000,5.000000,0.0,1.0,224x224,224x224,0,4,4,possible_near_duplicate
train,validation,RWF-2000,RWF-2000,1,1,val/Fight/rwf_val_fight_0068.avi,val/Fight/rwf_val_fight_0064.avi,ad7c8c20bc940f14746b3b91b69a78f24d91881fd86d36e6122ceec04c9cf2f4,5ce640af8d5939302ede9da0b75cd5c67e60df55d97aaa8e5eb59457e5864321,,,0,0,5.000000,5.000000,0.0,1.0,1280x720,1280x720,0,2,4,possible_near_duplicate
train,validation,RWF-2000,RWF-2000,1,0,val/Fight/rwf_val_fight_0079.avi,val/NonFight/rwf_val_nonfight_0079.avi,a0f6032d3c74529328b86a5e882c2038f9862decdd59df1387d0a5ada9f37475,3aaa3259768f9d011803303d03d9d76f73803c8d2033f84230c110956d227aff,,,0,0,5.000000,5.000000,0.0,1.0,1280x720,1280x720,0,3,4,possible_near_duplicate
train,test,RWF-2000,RWF-2000,0,0,train/NonFight/rwf_train_nonfight_0421.avi,train/NonFight/rwf_train_nonfight_0420.avi,bfa3518379dbabb3172f3945f33b72dbebf2f882ad9529a96715ad22e896390a,05a59c83eb4444b27ff72b337bace0696c9b4af0d208c9f265f4f46ab665c399,,,0,0,5.000000,5.000000,0.0,1.0,1280x720,1280x720,0,4,4,possible_near_duplicate
validation,test,RWF-2000,RWF-2000,1,1,val/Fight/rwf_val_fight_0064.avi,val/Fight/rwf_val_fight_0067.avi,5ce640af8d5939302ede9da0b75cd5c67e60df55d97aaa8e5eb59457e5864321,104beb5cc89457c5af91d0848bdced77e195dd3c79652e0986b64a65c8423ad3,,,0,0,5.000000,5.000000,0.0,1.0,1280x720,1280x720,0,2,4,possible_near_duplicate
validation,test,RWF-2000,RWF-2000,1,1,train/Fight/rwf_train_fight_0513.avi,train/Fight/rwf_train_fight_0522.avi,32da8e94e19a280fbd2e49e0d76540cbc988d7b647dd212f58b90e7fddf06ae7,b786c29f018aeae162fd406537776276191e8a11009c1f638b519b875e3666e7,,,0,0,5.000000,5.000000,0.0,1.0,1280x720,1280x720,0,4,4,possible_near_duplicate
train,validation,RWF-2000,RWF-2000,0,0,train/NonFight/rwf_train_nonfight_0147.avi,train/NonFight/rwf_train_nonfight_0146.avi,0d43bc5030c37a4c1814cb4d014994f2c5c200ca9c79c1d71c420cf229e76ba2,6748043ab182a79f1effa9308dca448bfd0f629c725e73c8f7ec50d5e7d61ccc,,,0,0,5.000000,5.000000,0.0,1.0,540x360,540x360,2,3,4,possible_near_duplicate
train,validation,RWF-2000,RWF-2000,1,1,train/Fight/rwf_train_fight_0088.avi,train/Fight/rwf_train_fight_0089.avi,6cfd5b246b113569a3e71a956fbfe6a9d8a80e1750dab42feac989ea796102c0,f0ef03a1a7638cd6533fa18b57c4426beeab424ffb376330c2b9381ef4b1271f,,,0,0,5.000000,5.000000,0.0,1.0,1920x1080,1920x1080,2,3,4,possible_near_duplicate
train,test,RLVS,RLVS,0,0,NonViolence/NV_885.avi,NonViolence/NV_884.avi,cd79ab4c3986c449c06acfe0857bb0a2ac307a0d6b5c41b95e1a4b47f877eabb,d975b5c63ab3be1f9e39ca856d8645dc9e22ed6e97cd42135680e9168e30afa2,,,0,0,5.000000,5.000000,0.0,1.0,224x224,224x224,2,4,4,possible_near_duplicate
train,test,RLVS,RLVS,0,0,NonViolence/NV_406.mp4,NonViolence/NV_385.mp4,2e01dbc32fcf4e37ae9391d31bb4e2ac9e0e9d68443ae4a0eec1d4135f646c08,1addf6cfd1e51e909d9ccad200a6cadc6c35da81fca7f9b12a6f715a81e853df,,,0,0,5.000000,5.000000,0.0,1.0,224x224,224x224,2,2,4,possible_near_duplicate
train,validation,RWF-2000,RWF-2000,0,1,train/NonFight/rwf_train_nonfight_0343.avi,train/Fight/rwf_train_fight_0323.avi,e6a63989f2830edafc982dc8cff8a15a74bda1f61173d77d57c59591226e1435,62624acb624357925df21949967c070ddd0ac0451aa222a2a61756c22c15cbcc,,,0,0,5.000000,5.000000,0.0,1.0,1280x720,1280x720,2,3,4,possible_near_duplicate
train,validation,RLVS,RLVS,0,0,NonViolence/NV_526.mp4,NonViolence/NV_525.mp4,774271e435b8abc3d33da0918d4ab87f10d2fa0fc9d266ea1250431665254171,f08484f6b8f1c9fef0aadb372392fd82f8be3b3a605916510777466c0375506f,,,0,0,5.000000,5.000000,0.0,1.0,224x224,224x224,2,3,4,possible_near_duplicate
train,validation,RWF-2000,RWF-2000,0,1,train/NonFight/rwf_train_nonfight_0298.avi,train/Fight/rwf_train_fight_0274.avi,e53df4ebd681c438144869409c0f09170409783d7eaec72533ca6711d3ab7464,71065c4b4a3a50c33a86aecbb5528a472ddcb2bb798667b65fa7b9b3314dcf5a,,,0,0,5.000000,5.000000,0.0,1.0,640x360,640x360,2,4,4,possible_near_duplicate
train,test,RWF-2000,RWF-2000,1,1,train/Fight/rwf_train_fight_0201.avi,train/Fight/rwf_train_fight_0200.avi,d5f6ab438764d040c1ff5c0b407f0a4d4be1c3f723c60a0cd9a28881bfc0b429,488ca123c080e55a0ea4f706ef712d9ec88b7452c2fc3646876786a32de04797,,,0,0,5.000000,5.000000,0.0,1.0,1280x720,1280x720,2,2,4,possible_near_duplicate
train,validation,RLVS,RLVS,0,0,NonViolence/NV_392.mp4,NonViolence/NV_386.mp4,8aa83a80889eafdcf49bb15791e0116ebbe8b8317923970cf9311bf7c9c00a59,9a11248c6bb6b4f44a0be9ef6d61384765c4acd27c451b6b20ee1a70fc623a48,,,0,0,5.000000,5.000000,0.0,1.0,224x224,224x224,2,4,4,possible_near_duplicate
train,validation,RLVS,RLVS,0,0,NonViolence/NV_797.mp4,NonViolence/NV_811.mp4,a840a10137d1edd067adbf634d38b76998d1d4196c85120b789a49876a631159,54b224152e5fcc309c9c868ffbf0b5f61b89ad950e3e37cb70665ea1dcab9b98,,,0,0,5.000000,5.000000,0.0,1.0,224x224,224x224,2,3,4,possible_near_duplicate
train,test,RLVS,RLVS,0,0,NonViolence/NV_376.mp4,NonViolence/NV_375.mp4,35f190c0f1684a5bbd427daae594c194f1e4950103e21c7432dd5eea95b7c57e,39f6441e3715ed327046edb043fb3939e42c8f3e6b1ae6e274d75bf8a1a35dab,,,0,0,5.000000,5.000000,0.0,1.0,224x224,224x224,2,3,4,possible_near_duplicate
train,test,RLVS,RLVS,0,0,NonViolence/NV_376.mp4,NonViolence/NV_374.mp4,35f190c0f1684a5bbd427daae594c194f1e4950103e21c7432dd5eea95b7c57e,f3f9292203ffec607ee0a86074af5113032e774adfdeae2a00249320bf5ed431,,,0,0,5.000000,5.000000,0.0,1.0,224x224,224x224,2,3,4,possible_near_duplicate
train,validation,RWF-2000,RWF-2000,0,0,train/NonFight/rwf_train_nonfight_0452.avi,train/NonFight/rwf_train_nonfight_0454.avi,cc303a756da282a25556e76792596fcc17f7427dcf5398c102d136852834b40d,26db7d30d4cf3640227a0fccc962ba5f96fe3e36e1b34d49b2ed12f6ec4d519b,,,0,0,5.000000,5.000000,0.0,1.0,464x348,464x348,2,3,4,possible_near_duplicate
train,test,RWF-2000,RWF-2000,0,0,train/NonFight/rwf_train_nonfight_0452.avi,train/NonFight/rwf_train_nonfight_0453.avi,cc303a756da282a25556e76792596fcc17f7427dcf5398c102d136852834b40d,048cf700244e3a8bfa0e72e6752b661c8191bb4e9f09c47ba0ac03a72dbfe861,,,0,0,5.000000,5.000000,0.0,1.0,464x348,464x348,2,3,4,possible_near_duplicate
train,validation,RWF-2000,RWF-2000,1,1,train/Fight/rwf_train_fight_0267.avi,train/Fight/rwf_train_fight_0274.avi,4ca3e8a7d972c9e3e972c6246ca5a4775d2842e41469e7a16a5d8e41f74b5330,71065c4b4a3a50c33a86aecbb5528a472ddcb2bb798667b65fa7b9b3314dcf5a,,,0,0,5.000000,5.000000,0.0,1.0,640x360,640x360,2,4,4,possible_near_duplicate
train,test,RWF-2000,RWF-2000,1,0,train/Fight/rwf_train_fight_0409.avi,train/NonFight/rwf_train_nonfight_0467.avi,c9946429a00fe795b4ff19970f6691a194a4aa17cdaf2b8cf5e0b8b14664bada,37f135087634775c21ad968186a442f06d878e03ddf4e3a0e1392777d6cad028,,,0,0,5.000000,5.000000,0.0,1.0,640x360,640x360,2,3,4,possible_near_duplicate
train,test,RLVS,RLVS,0,0,NonViolence/NV_731.mp4,NonViolence/NV_732.mp4,889d66f825dd78c0780073b9a167072f777855d9e55c999c12d8cc2c07b669ff,cc64f762c6745958e659f17f7451f42e40d1f1c4c963ce766bec69cb7b46162e,,,0,0,5.900000,6.700000,0.7999999999999998,0.8805970149253731,368x272,368x272,2,4,4,possible_near_duplicate
train,test,RLVS,RLVS,0,0,NonViolence/NV_706.mp4,NonViolence/NV_705.mp4,7ea5da87d6cda1a1c368e75662c450d0520b7827f91b6e0752d0e59c12126a90,7520933da54707bcb49ede66ce0ec77b745ad2635af2f34b6f38e868d2c94b6f,,,0,0,5.000000,5.000000,0.0,1.0,224x224,224x224,2,4,4,possible_near_duplicate
train,validation,RLVS,RLVS,0,0,NonViolence/NV_964.mp4,NonViolence/NV_963.mp4,beecda8d08c23a881f810189a8e5ac1458ef691fa2dc361826b52efd7b60cd54,91e6be304b705136289d8b701f6e8aea0cc00d9333de85883f2a87bf7d3f37cb,,,0,0,5.000000,5.000000,0.0,1.0,224x224,224x224,2,3,4,possible_near_duplicate
train,validation,RLVS,RLVS,0,0,NonViolence/NV_388.mp4,NonViolence/NV_393.mp4,b68d8f735f44273d3852f9f33f4a478e3d254dff0164425b119fd4864db2ea83,4ac72bae4311899b370a76cc60f1410ba7e7c04f0cd4425a18caabd65b2208b2,,,0,0,5.000000,5.000000,0.0,1.0,224x224,224x224,2,4,4,possible_near_duplicate
train,test,RWF-2000,RWF-2000,1,1,train/Fight/rwf_train_fight_0515.avi,train/Fight/rwf_train_fight_0514.avi,cda8323a5978498ad3c936866c33aea931a8397404a69daf424b1fdf28d1c983,4da393116722bbe069f12df278620dd8aaeb439325f92374ed6fa4e9d18b80cc,,,0,0,5.000000,5.000000,0.0,1.0,1280x720,1280x720,2,2,4,possible_near_duplicate
train,test,RLVS,RLVS,0,0,NonViolence/NV_876.avi,NonViolence/NV_877.avi,fec5408b781dc56c3edbc177524e940e30cdbb672232c74447e4a69208aca431,7cda97749fa81e27ac7a679d07e727f23d3b1da8c37d0ea4922e2c68a1483b3a,,,0,0,5.000000,5.000000,0.0,1.0,224x224,224x224,2,4,4,possible_near_duplicate
train,test,RWF-2000,RWF-2000,1,1,val/Fight/rwf_val_fight_0193.avi,val/Fight/rwf_val_fight_0194.avi,1f2ea94cff7c34c879587ec8cbd65f25de3f4c929cabaa59f80ede36b7f4e04d,9bd595c4e85de8388934b026c2f788060786329f8b7bd48be206470f486c0e0f,,,0,0,5.000000,5.000000,0.0,1.0,1280x720,1280x720,2,1,4,possible_near_duplicate
validation,test,RWF-2000,RWF-2000,0,1,train/NonFight/rwf_train_nonfight_0693.avi,train/Fight/rwf_train_fight_0667.avi,11523978964d013ec61c697b7d19960d1a83e5162948b42711402de682431db4,a8f25fc819a080cffe1817b679620fa441c4c21b1cae1498047054f5baf73c87,,,0,0,5.000000,5.000000,0.0,1.0,1280x720,1280x720,2,2,4,possible_near_duplicate
train,test,RWF-2000,RWF-2000,0,0,train/NonFight/rwf_train_nonfight_0455.avi,train/NonFight/rwf_train_nonfight_0453.avi,11cd19cabc324feee6b9de2c3a67a0f52a36aa11dd3f60c518d48dab19614a8f,048cf700244e3a8bfa0e72e6752b661c8191bb4e9f09c47ba0ac03a72dbfe861,,,0,0,5.000000,5.000000,0.0,1.0,464x348,464x348,4,3,4,possible_near_duplicate
train,test,RWF-2000,RWF-2000,1,0,train/Fight/rwf_train_fight_0583.avi,train/NonFight/rwf_train_nonfight_0622.avi,dde1c138812382325455d2b8ac9a15e3b656c508b5c6808319169e4880c76ace,fc92a8e4b2cf7741298beaffd72c1a9e88b2e09bd7095c82f77b0e56358ac979,,,0,0,5.000000,5.000000,0.0,1.0,480x360,480x360,4,2,4,possible_near_duplicate
train,test,RLVS,RLVS,0,0,NonViolence/NV_225.mp4,NonViolence/NV_228.mp4,69d720bdfd19fb042b3dfe678887a00b2d50b06eaca11c9d2bea51c798bb29cf,fa128d7fca7ac90832da2e9d0a9968d9b4285b5224b1dfa49ae4951efc975c57,,,0,0,5.000000,5.000000,0.0,1.0,224x224,224x224,4,1,4,possible_near_duplicate
train,validation,RWF-2000,RWF-2000,0,1,train/NonFight/rwf_train_nonfight_0295.avi,train/Fight/rwf_train_fight_0274.avi,d77af0a224094debbc957266f768626bc4ca97f8e6d5d8a648b2b0bca579beb1,71065c4b4a3a50c33a86aecbb5528a472ddcb2bb798667b65fa7b9b3314dcf5a,,,0,0,5.000000,5.000000,0.0,1.0,640x360,640x360,4,3,4,possible_near_duplicate
train,validation,RWF-2000,RWF-2000,1,1,train/Fight/rwf_train_fight_0677.avi,train/Fight/rwf_train_fight_0676.avi,d63a1507d678e7e1b57795c675436f38b9b3d72cc10ef8ccceac092ff130037d,3b6eafee6acac08466028034e27c74984bd19da73e7fedab44aca09c3c80a36f,,,0,0,5.000000,5.000000,0.0,1.0,960x720,960x720,4,3,4,possible_near_duplicate
train,validation,RWF-2000,RWF-2000,1,1,train/Fight/rwf_train_fight_0473.avi,train/Fight/rwf_train_fight_0474.avi,49aba6d034a6be89d54e4819de104893b3842101e98da49bdab46fbd4982d61e,16e05acf728ea3ba248bd321ed2447813e7f9cbccf8623434a2cd994deb5b88f,,,0,0,5.000000,5.000000,0.0,1.0,450x360,450x360,4,3,4,possible_near_duplicate
train,test,RWF-2000,RWF-2000,1,1,val/Fight/rwf_val_fight_0109.avi,val/Fight/rwf_val_fight_0111.avi,a4064a1b9862635d7be7213a674d7bf4fbcb53205e2da4af00e75cc76bf6a323,6bd0662da957bbcd4757a35ce440fa709c7212de5ac23dfd52fb808d65bba498,,,0,0,5.000000,5.000000,0.0,1.0,640x360,640x360,4,2,4,possible_near_duplicate
train,test,RLVS,RLVS,0,0,NonViolence/NV_704.mp4,NonViolence/NV_705.mp4,d91234ee78b063cdd8ac10ef92220653dcfa87a56868764da8eb5acba07a573f,7520933da54707bcb49ede66ce0ec77b745ad2635af2f34b6f38e868d2c94b6f,,,0,0,5.000000,5.000000,0.0,1.0,224x224,224x224,4,4,4,possible_near_duplicate
train,validation,RWF-2000,RWF-2000,0,0,train/NonFight/rwf_train_nonfight_0043.avi,train/NonFight/rwf_train_nonfight_0042.avi,f1cc0b2a10661de91bfd4827c3667892f29a3f74f1e4b1f5f882cd0e85e72380,207172b71f72092cad2217a71ebc79bd6ab08fa9f079442e5b8a31c139261f4f,,,0,0,5.000000,5.000000,0.0,1.0,526x360,526x360,4,2,4,possible_near_duplicate
train,test,RWF-2000,RWF-2000,0,0,train/NonFight/rwf_train_nonfight_0043.avi,train/NonFight/rwf_train_nonfight_0041.avi,f1cc0b2a10661de91bfd4827c3667892f29a3f74f1e4b1f5f882cd0e85e72380,8775cf7ad332f67fe117fbf7f45bd2a23ef1befe8b8bcba31a13826c4ce7a092,,,0,0,5.000000,5.000000,0.0,1.0,526x360,526x360,4,2,4,possible_near_duplicate
train,validation,RWF-2000,RWF-2000,0,0,train/NonFight/rwf_train_nonfight_0274.avi,train/NonFight/rwf_train_nonfight_0273.avi,53da45120da81acf85e333c6536b1e368e23e79ab2cba5c25ce33bd8af4065cc,6c611cfe6eaf90002c1bc5e907169b54ea37e55b209cf114bf537de11e120ae6,,,0,0,5.000000,5.000000,0.0,1.0,322x240,322x240,4,3,4,possible_near_duplicate
train,test,RLVS,RLVS,0,0,NonViolence/NV_218.mp4,NonViolence/NV_215.mp4,5ef606a8de514e556ae01832c0c76cb885eab135227f3bd875434782b3a8bd4c,641bb3591fe7cd5552cff81770d76d601c4adeb211f6434dd2e7142ca10fed6f,,,0,0,5.000000,5.000000,0.0,1.0,224x224,224x224,4,2,4,possible_near_duplicate
train,validation,RLVS,RLVS,0,0,NonViolence/NV_376.mp4,NonViolence/NV_373.mp4,35f190c0f1684a5bbd427daae594c194f1e4950103e21c7432dd5eea95b7c57e,76c4df6393f7cc250ceec92eb72b2baf92cc41de9d4591a00988e24f7a7d0ad3,,,0,0,5.000000,5.000000,0.0,1.0,224x224,224x224,4,4,4,possible_near_duplicate
train,test,RWF-2000,RWF-2000,0,1,train/NonFight/rwf_train_nonfight_0086.avi,train/Fight/rwf_train_fight_0080.avi,6908bf3882b2997e5e8ebb73b2d178c4a6020d1878b538a310752aafeec0a739,676efa8e2aac54856d5ac8ff45383321ded847b739fa73988d75090d687ded8a,,,0,0,5.000000,5.000000,0.0,1.0,480x360,480x360,4,1,4,possible_near_duplicate
train,validation,RWF-2000,RWF-2000,1,1,train/Fight/rwf_train_fight_0776.avi,train/Fight/rwf_train_fight_0779.avi,6388a960e36080a43e9c2d47cc34de322a3cd5c9f06d4612498afbdb87f1c636,506fa25a1303d0ebb44c3bde5d54fff160830b79eb613b4334f44b84780b6a84,,,0,0,5.000000,5.000000,0.0,1.0,368x276,368x276,4,1,4,possible_near_duplicate
train,validation,RLVS,RLVS,0,0,NonViolence/NV_247.mp4,NonViolence/NV_237.mp4,9920b51a4a6fd04d7da560ecc9568a6a995c90d4dce6ecd4b8799931340bbbeb,a7f53b67b64e8cadb863f09d8e98e654f6b9d67415773d65c395c390c6c5229b,,,0,0,4.504500,4.270933,0.23356699999999986,0.9481480741480742,854x480,854x480,4,3,4,possible_near_duplicate
train,test,RLVS,RLVS,0,0,NonViolence/NV_35.mp4,NonViolence/NV_38.mp4,6555001c7ca4f1b72297a7bc701ef284e79fa9112130fd950b25ae2ac4170aea,f1b438c78b3f5cecf8d543bef0e62b76e63a83fe1bd795bbf4d9f19893dd9089,,,0,0,4.100000,4.400000,0.3000000000000007,0.9318181818181817,640x360,640x360,4,3,4,possible_near_duplicate
train,test,RWF-2000,RWF-2000,1,1,val/Fight/rwf_val_fight_0004.avi,val/Fight/rwf_val_fight_0001.avi,f263534e13c908a96f5ca2d537005743ea9ab626c584a3a935cab3390557b42b,2675c60505d92ebced2c2b7cc2d3c13810a797168901f05ac12a19a9e0c7aa53,,,0,0,5.000000,5.000000,0.0,1.0,1280x720,1280x720,4,1,4,possible_near_duplicate
train,test,RWF-2000,RWF-2000,1,1,train/Fight/rwf_train_fight_0078.avi,train/Fight/rwf_train_fight_0080.avi,135d77c00a32d59fafb9c3b500dbe27f889651daeff0ba5e74458732c7841bba,676efa8e2aac54856d5ac8ff45383321ded847b739fa73988d75090d687ded8a,,,0,0,5.000000,5.000000,0.0,1.0,480x360,480x360,4,2,4,possible_near_duplicate
train,test,RWF-2000,RWF-2000,1,1,train/Fight/rwf_train_fight_0078.avi,train/Fight/rwf_train_fight_0076.avi,135d77c00a32d59fafb9c3b500dbe27f889651daeff0ba5e74458732c7841bba,8d38902dee5f0220825da70cba00d044f507b78bab8fe731e609c7459b71b46e,,,0,0,5.000000,5.000000,0.0,1.0,480x360,480x360,4,3,4,possible_near_duplicate
train,validation,RLVS,RLVS,0,0,NonViolence/NV_534.mp4,NonViolence/NV_535.mp4,bee739f065024ec7a51840d489b2a940ddc21ad93e2d88eaa2fe9fb4071b4d46,ddbc74ec896c15f860a7b96d08113de8eb5737a48ad3cfac0a55adca59d2d094,,,0,0,5.000000,5.000000,0.0,1.0,224x224,224x224,4,3,4,possible_near_duplicate
train,test,RLVS,RLVS,0,0,NonViolence/NV_758.mp4,NonViolence/NV_751.mp4,281872a00c1e86f8dc089d5e6c7ddb56471ec50a335b23d182e131bb9d1b1d21,a7881d015902337a42bddde70deee6b69b42134a0c5603ffb208749c814426c0,,,0,0,5.000000,5.000000,0.0,1.0,224x224,224x224,4,2,4,possible_near_duplicate
train,validation,RWF-2000,RWF-2000,1,1,train/Fight/rwf_train_fight_0777.avi,train/Fight/rwf_train_fight_0779.avi,3ecbd207343154341d9d963154ef73c025142d648033091053af7354981daa8a,506fa25a1303d0ebb44c3bde5d54fff160830b79eb613b4334f44b84780b6a84,,,0,0,5.000000,5.000000,0.0,1.0,368x276,368x276,4,4,4,possible_near_duplicate
train,validation,RLVS,RLVS,0,0,NonViolence/NV_710.mp4,NonViolence/NV_709.mp4,1badb5d1fe77217082420ff9164f5345db6c1f58f4fcf67fbda20b3a1697284e,759aa2fbc35aec4fb815e1468bd39f7c34c5a2ea6cbd986ce8dbc3b2d9c0a007,,,0,0,5.000000,5.000000,0.0,1.0,224x224,224x224,4,2,4,possible_near_duplicate
train,test,RWF-2000,RWF-2000,1,1,val/Fight/rwf_val_fight_0158.avi,val/Fight/rwf_val_fight_0157.avi,cfe1fd4770241474af2414ee4083b76ecb8995214cc65d821b84a853c9a397fb,d9155a4c482aeafa2936f45332078ded46715c86e4a678208c1f1554965a0e6e,,,0,0,5.000000,5.000000,0.0,1.0,480x360,480x360,4,3,4,possible_near_duplicate
train,test,RWF-2000,RWF-2000,1,1,train/Fight/rwf_train_fight_0534.avi,train/Fight/rwf_train_fight_0535.avi,740a290b8b6001beec375dfec569742638f8927ebebbe1c3e3f34583ed91284f,9888a2dc86c9d55a901b780afae481ca8503ca17421349c7cc3a38f23a231e26,,,0,0,5.000000,5.000000,0.0,1.0,1280x720,1280x720,4,3,4,possible_near_duplicate
train,validation,RLVS,RLVS,1,1,Violence/V_616.mp4,Violence/V_617.mp4,45f0f2ab22170671c9249589143d8971d7244094ccff389d07f700277c4059fc,fcebc863da0af473726a9dc5a57c359a98c9bafea952906afce20647a4a4d0fd,,,0,0,5.000000,5.000000,0.0,1.0,224x224,224x224,4,2,4,possible_near_duplicate
train,validation,RWF-2000,RWF-2000,1,1,val/Fight/rwf_val_fight_0177.avi,val/Fight/rwf_val_fight_0176.avi,8948104c620c36e25a73f3f7008bbb6547eecbb5fd01e431858c03bc917f8580,f007fec0687bdcd7a5d9a1a3678ab08d19d0689b7f087d81583f81fac7e2e3ba,,,0,0,5.000000,5.000000,0.0,1.0,480x360,480x360,4,2,4,possible_near_duplicate
train,validation,RWF-2000,RWF-2000,1,1,train/Fight/rwf_train_fight_0212.avi,train/Fight/rwf_train_fight_0213.avi,5125ae14639a94823457d5702a955594482f5f64852e19908a39f20344626b7f,e533e9581ee19303dcbb85a993c39ae026206741c7c0ee2e7b5140201b9f5e26,,,0,0,5.000000,5.000000,0.0,1.0,1280x720,1280x720,4,2,4,possible_near_duplicate
train,test,RWF-2000,RWF-2000,0,1,train/NonFight/rwf_train_nonfight_0545.avi,train/Fight/rwf_train_fight_0484.avi,c73da3967300306cd8dd033b34c17f5de23f2ac3afefbff9794a46fac329731e,2196d8f6012f1bf7208f396318905c8d474fff059e311699dca329ce86687968,,,0,0,5.000000,5.000000,0.0,1.0,1280x720,1280x720,4,2,4,possible_near_duplicate
train,validation,RWF-2000,RWF-2000,1,1,train/Fight/rwf_train_fight_0615.avi,train/Fight/rwf_train_fight_0617.avi,1bfaa0d2111e9a2ff4824320f75b2f7cdcdadae6e2b90f3c5f60cc2c7366241f,d8f9912e195688c22fb0cc9d5db8f6315291439a1a9ead8279bba42b7d4bd763,,,0,0,5.000000,5.000000,0.0,1.0,352x288,352x288,4,2,4,possible_near_duplicate
train,test,RWF-2000,RWF-2000,1,1,val/Fight/rwf_val_fight_0068.avi,val/Fight/rwf_val_fight_0067.avi,ad7c8c20bc940f14746b3b91b69a78f24d91881fd86d36e6122ceec04c9cf2f4,104beb5cc89457c5af91d0848bdced77e195dd3c79652e0986b64a65c8423ad3,,,0,0,5.000000,5.000000,0.0,1.0,1280x720,1280x720,4,3,4,possible_near_duplicate
train,validation,RLVS,RLVS,0,0,NonViolence/NV_495.mp4,NonViolence/NV_493.mp4,06d8ad296b3a2e182b0ba74420932aa5a4cb277287100cf2e033f4713edaa42d,9c727a5c1d414ef9af46902f8857f4411bb69b5d6065565a8a43d2e60b2f5b03,,,0,0,5.000000,5.000000,0.0,1.0,224x224,224x224,4,3,4,possible_near_duplicate
train,test,RLVS,RLVS,0,0,NonViolence/NV_495.mp4,NonViolence/NV_494.mp4,06d8ad296b3a2e182b0ba74420932aa5a4cb277287100cf2e033f4713edaa42d,2a62334e6f85d5876184d223e638e765828bac3136a21dbd3c42083cf47bb25d,,,0,0,5.000000,5.000000,0.0,1.0,224x224,224x224,4,4,4,possible_near_duplicate
train,test,RWF-2000,RWF-2000,0,0,train/NonFight/rwf_train_nonfight_0553.avi,train/NonFight/rwf_train_nonfight_0505.avi,73c637af0526720dada253ccc6a278a21f8bd7fe3306eeb2e152264a4cda76aa,cc8a100ee0caf9ea1a6cd559789a4b7ccff2f3e1bd99d85bfcdc8bb25443181d,,,0,0,5.000000,5.000000,0.0,1.0,320x240,320x240,4,3,4,possible_near_duplicate
train,validation,RWF-2000,RWF-2000,1,1,train/Fight/rwf_train_fight_0510.avi,train/Fight/rwf_train_fight_0511.avi,4c9b628893028bbb7a3a0ef89cbb02ef37d324ed88974ba8b785c6f6cc3f02d8,3800a8b7c24541c25b21a8c9d73001395cc04e321c187debd02cb7014a5d1cca,,,0,0,5.000000,5.000000,0.0,1.0,1920x1080,1920x1080,4,3,4,possible_near_duplicate
train,test,RWF-2000,RWF-2000,1,0,train/Fight/rwf_train_fight_0510.avi,train/NonFight/rwf_train_nonfight_0565.avi,4c9b628893028bbb7a3a0ef89cbb02ef37d324ed88974ba8b785c6f6cc3f02d8,f1bd79a382143677e6f445f57dd658fe1f28455d5c509cc954ce2f6fdecd44f7,,,0,0,5.000000,5.000000,0.0,1.0,1920x1080,1920x1080,4,1,4,possible_near_duplicate
train,validation,RWF-2000,RWF-2000,1,1,train/Fight/rwf_train_fight_0268.avi,train/Fight/rwf_train_fight_0274.avi,411494b92bc8f81850ff071789fe9494f9e3468aa62574b9c39baf181293733d,71065c4b4a3a50c33a86aecbb5528a472ddcb2bb798667b65fa7b9b3314dcf5a,,,0,0,5.000000,5.000000,0.0,1.0,640x360,640x360,4,3,4,possible_near_duplicate
train,test,RWF-2000,RWF-2000,1,1,train/Fight/rwf_train_fight_0475.avi,train/Fight/rwf_train_fight_0476.avi,68f2e7772d709a12dab4c9b0b1cf51513dda5f3d0a741aef8db43fdb3a54f7e6,00921e9d4deee0d5a304ab6b48df00b4b709150f0245600956d49f7645a745c4,,,0,0,5.000000,5.000000,0.0,1.0,320x240,320x240,4,3,4,possible_near_duplicate
validation,test,RWF-2000,RWF-2000,1,1,train/Fight/rwf_train_fight_0162.avi,train/Fight/rwf_train_fight_0167.avi,85f57b67abbabeb75bf1d9e5505e18b3577538db9293b80ebbcef533f4a2c743,80ee92a8e3021f63e797c70b1bbbb11bc98194ebf196491b74e6fd7feea8d6db,,,0,0,5.000000,5.000000,0.0,1.0,1280x720,1280x720,4,3,4,possible_near_duplicate
validation,test,RWF-2000,RWF-2000,0,0,train/NonFight/rwf_train_nonfight_0406.avi,train/NonFight/rwf_train_nonfight_0407.avi,747d409aceb7d2d9b17c8bcbcff8933c4168fd0fbfba06920b8ac93d4a02ce8d,890816049b067b2238af999d210d4cb3874ec855654ddefc63c40991b45c888c,,,0,0,5.000000,5.000000,0.0,1.0,1280x720,1280x720,4,2,4,possible_near_duplicate
train,test,RLVS,RLVS,0,0,NonViolence/NV_692.mp4,NonViolence/NV_694.mp4,b9859f4c7c95b6f04fa1404b8dfb7ae5700c69fb62afcf4aa75f52bbfdcf346a,d21132157dbd6c1415ce72a2e3d34627db03dc0c286fa713be8ca83603bcc7d2,,,0,0,5.000000,5.000000,0.0,1.0,224x224,224x224,6,2,4,possible_near_duplicate
train,test,RWF-2000,RWF-2000,1,1,train/Fight/rwf_train_fight_0248.avi,train/Fight/rwf_train_fight_0766.avi,acd02a7ec909e6c211ffddb9b8c11381a106d7422cf4b24d4d06264f61cf7911,98cd21c404bf9b75135548a186c592584331e84252391244584d7b8d0b4d669c,,,0,0,5.000000,5.000000,0.0,1.0,640x360,398x224,6,2,4,possible_near_duplicate
train,test,RWF-2000,RWF-2000,0,0,train/NonFight/rwf_train_nonfight_0566.avi,train/NonFight/rwf_train_nonfight_0565.avi,fa46843e8d956aba7b81be48641297255e1fb1a150e46cd18759ea6318b2b2f5,f1bd79a382143677e6f445f57dd658fe1f28455d5c509cc954ce2f6fdecd44f7,,,0,0,5.000000,5.000000,0.0,1.0,1920x1080,1920x1080,6,2,4,possible_near_duplicate
train,test,RWF-2000,RWF-2000,1,1,train/Fight/rwf_train_fight_0081.avi,train/Fight/rwf_train_fight_0076.avi,0b72a34eab8be8c170a2fddfa95def41d87fe82dc02d44ccaad87b75a89d22ee,8d38902dee5f0220825da70cba00d044f507b78bab8fe731e609c7459b71b46e,,,0,0,5.000000,5.000000,0.0,1.0,480x360,480x360,6,2,4,possible_near_duplicate
train,validation,RWF-2000,RWF-2000,1,1,train/Fight/rwf_train_fight_0155.avi,train/Fight/rwf_train_fight_0154.avi,bd60cc6dcfa7365bda54942add71cd78afd5e6b531b35fce6277d46c99123d56,ee59152bd9bf864e5d3447c3dcb62f6102d607b9e1e83c2b9c62a95e08043103,,,0,0,5.000000,5.000000,0.0,1.0,1280x720,1280x720,6,2,4,possible_near_duplicate
train,validation,RWF-2000,RWF-2000,1,1,train/Fight/rwf_train_fight_0466.avi,train/Fight/rwf_train_fight_0467.avi,01c4046b7d4c5bbb81782e85efb5f64446d516cc728f0a009683a2ee1d4dfcac,262fd7d8a600ad885e4f98d280fcb6fdb5c23cef2327763d5cbe0939e6e985c0,,,0,0,5.000000,5.000000,0.0,1.0,320x240,320x240,6,1,4,possible_near_duplicate
train,test,RWF-2000,RWF-2000,0,1,train/NonFight/rwf_train_nonfight_0099.avi,train/Fight/rwf_train_fight_0086.avi,1db58d1470a11eab629eeee778e0d7b15d8bdb9d39806e8f0bf0de9e663bc8c6,15429da03cc36fd352295163c1a58e1389e1b4fc4e452554dc3e111d70447d1b,,,0,0,5.000000,5.000000,0.0,1.0,1920x1080,1920x1080,6,2,4,possible_near_duplicate
train,validation,RLVS,RLVS,0,0,NonViolence/NV_352.mp4,NonViolence/NV_341.mp4,995f44009d616f3bac6f800ebd6debdc40d323a6dd72716f482cdf23932f4738,40b2190f6d7919eaf730ba6032ffab3855fd8fbbffc4e2e72035eac38ab1e369,,,0,0,3.803800,4.404400,0.6006,0.8636363636363636,640x360,640x360,6,3,4,possible_near_duplicate
train,test,RLVS,RLVS,0,0,NonViolence/NV_234.mp4,NonViolence/NV_235.mp4,1742a20062dfd9c075a1dc86a0f0fd32429a369e81470affa8e4c4169ae756f3,88af8eab69be48103ac2f11ff50e69456629f228a38c5abdd7937a76d7b17dd4,,,0,0,5.000000,5.000000,0.0,1.0,224x224,224x224,6,3,4,possible_near_duplicate
train,test,RWF-2000,RWF-2000,1,1,val/Fight/rwf_val_fight_0002.avi,val/Fight/rwf_val_fight_0001.avi,2e0407991bd15cbe279e249c3eef0ca7625644d54caa373b9c26f1320c3c5fc3,2675c60505d92ebced2c2b7cc2d3c13810a797168901f05ac12a19a9e0c7aa53,,,0,0,5.000000,5.000000,0.0,1.0,1280x720,1280x720,6,3,4,possible_near_duplicate
train,test,RLVS,RLVS,0,0,NonViolence/NV_870.avi,NonViolence/NV_877.avi,404589426a1b0458da617d01b54ec10f90c1123b1a6f4adcd3eca97c56b42a2e,7cda97749fa81e27ac7a679d07e727f23d3b1da8c37d0ea4922e2c68a1483b3a,,,0,0,5.000000,5.000000,0.0,1.0,224x224,224x224,6,1,4,possible_near_duplicate
train,test,RWF-2000,RWF-2000,1,1,train/Fight/rwf_train_fight_0199.avi,train/Fight/rwf_train_fight_0200.avi,5e3a5f62450148757c36b67b924d02e388d8e3e299dcbd49e89284afe6cc00fd,488ca123c080e55a0ea4f706ef712d9ec88b7452c2fc3646876786a32de04797,,,0,0,5.000000,5.000000,0.0,1.0,1280x720,1280x720,6,2,4,possible_near_duplicate
train,test,RWF-2000,RWF-2000,1,1,val/Fight/rwf_val_fight_0028.avi,val/Fight/rwf_val_fight_0027.avi,5e7c04b3fd54648320258385b37f126944fc98d110fdd44cd59ba9c8448613d8,322ea847d20071827a4748a9c7d5877ef1c01028e9df569d469df9b6b7877941,,,0,0,5.000000,5.000000,0.0,1.0,1280x720,1280x720,6,2,4,possible_near_duplicate
train,test,RLVS,RLVS,0,0,NonViolence/NV_187.mp4,NonViolence/NV_189.mp4,b338440706c2b38a5a9c50c3d010a55eaeaf1e254bb5941bb6a590608ac7d6dd,5962b889b9357f871f6f0dfff4a7a9899076a770cc1d111ffebc6e4764378643,,,0,0,5.000000,2.000000,3.0,0.4,224x224,224x224,6,2,4,possible_near_duplicate
train,test,RWF-2000,RWF-2000,1,1,train/Fight/rwf_train_fight_0615.avi,train/Fight/rwf_train_fight_0613.avi,1bfaa0d2111e9a2ff4824320f75b2f7cdcdadae6e2b90f3c5f60cc2c7366241f,bd2e106f55bc8038cc0dcd6109e17d8c069788ac0965a8db07056562d2f98f54,,,0,0,5.000000,5.000000,0.0,1.0,352x288,352x288,6,2,4,possible_near_duplicate
train,validation,RWF-2000,RWF-2000,1,0,val/Fight/rwf_val_fight_0084.avi,val/NonFight/rwf_val_nonfight_0079.avi,5777eba067fe3fd8da7dc14fd4b8513fa8f1b56c2719b7d3b81895f092a0a4f6,3aaa3259768f9d011803303d03d9d76f73803c8d2033f84230c110956d227aff,,,0,0,5.000000,5.000000,0.0,1.0,1280x720,1280x720,6,2,4,possible_near_duplicate
validation,test,RWF-2000,RWF-2000,0,0,val/NonFight/rwf_val_nonfight_0108.avi,val/NonFight/rwf_val_nonfight_0109.avi,563f6b1c05a28c37c7475e799509594bda97c5f557d98960ea96eca063f0485e,66c83733108c1dea8740630f164607d271814943273271867367ad995dd003ae,,,0,0,5.000000,5.000000,0.0,1.0,640x360,640x360,6,1,4,possible_near_duplicate
validation,test,RWF-2000,RWF-2000,0,1,val/NonFight/rwf_val_nonfight_0079.avi,val/Fight/rwf_val_fight_0083.avi,3aaa3259768f9d011803303d03d9d76f73803c8d2033f84230c110956d227aff,0537ef9d17544d442644b2d840fe2999f5c8523cf5f648a7f4d796157f24092b,,,0,0,5.000000,5.000000,0.0,1.0,1280x720,1280x720,6,1,4,possible_near_duplicate
train,validation,RWF-2000,RWF-2000,0,1,train/NonFight/rwf_train_nonfight_0297.avi,train/Fight/rwf_train_fight_0275.avi,6ddea7c4278eed6bd21eeaaa1ed6c7233aca78f74369a922dc4344c21d64aabd,5e3356123499b12a4fc7187de49b6108558ed3c76099cc6a6d971ca35ebd67bd,,,0,0,5.000000,5.000000,0.0,1.0,640x360,640x360,8,0,4,possible_near_duplicate
train,validation,RWF-2000,RWF-2000,1,1,train/Fight/rwf_train_fight_0699.avi,train/Fight/rwf_train_fight_0698.avi,ceac731800094c6c4c560846996b176a17669eacb6985b133b2aedaaf6664f84,e4db1b671670e8e86de7d4107b456f943265785358824cca87610493aa7e5e43,,,0,0,5.000000,5.000000,0.0,1.0,1280x720,1280x720,8,0,4,possible_near_duplicate
train,validation,RLVS,RLVS,0,0,NonViolence/NV_372.mp4,NonViolence/NV_373.mp4,bdd6e4759827880b2e4ac61e4e0721c84f008e71a52b5bf51bb5a4c2a4f465e5,76c4df6393f7cc250ceec92eb72b2baf92cc41de9d4591a00988e24f7a7d0ad3,,,0,0,5.000000,5.000000,0.0,1.0,224x224,224x224,8,0,4,possible_near_duplicate
train,validation,RWF-2000,RWF-2000,1,1,train/Fight/rwf_train_fight_0459.avi,train/Fight/rwf_train_fight_0610.avi,e9fa5fe7f8085812b81d1a9ce1733ade050e6abb5bb897aa883f10298f078b60,98890de3073c8556b6b400dce8b9e856a05a37a1ae927793d02a3b5f8e5774a3,,,0,0,5.000000,5.000000,0.0,1.0,600x360,320x240,8,0,4,possible_near_duplicate
train,validation,RLVS,RLVS,0,0,NonViolence/NV_655.mp4,NonViolence/NV_658.mp4,e16d54b05769e4a7732489a0da5e4c5645b6bbce94cd093e800e87c43920b61b,d42f156b2005609ef4ed3e5ae7d4475bec5131ffdbfa2320b4cceeaecfa77a2d,,,0,0,5.000000,5.000000,0.0,1.0,224x224,224x224,8,0,4,possible_near_duplicate
train,validation,RWF-2000,RWF-2000,1,0,train/Fight/rwf_train_fight_0100.avi,train/NonFight/rwf_train_nonfight_0111.avi,eb2669f6af156373d724fab3a732195f04456a76ae857cfa2e0a038223c7a8db,24b25071a2343d5f8c696b95259fc5d72283b8a2a50ea84d1dbba6aed9da6cbb,,,0,0,5.000000,5.000000,0.0,1.0,1280x720,1280x720,8,0,4,possible_near_duplicate
validation,test,RLVS,RLVS,0,0,NonViolence/NV_364.mp4,NonViolence/NV_374.mp4,a9cdce9797509e4c16b31fe6571fbb19c6aa5e175394f959b075cc8e858151a8,f3f9292203ffec607ee0a86074af5113032e774adfdeae2a00249320bf5ed431,,,0,0,5.000000,5.000000,0.0,1.0,224x224,224x224,8,0,4,possible_near_duplicate
train,test,RWF-2000,RWF-2000,1,1,train/Fight/rwf_train_fight_0519.avi,train/Fight/rwf_train_fight_0514.avi,e9cbaee1ab3ca95c1956c0edd1cdaedae458592a3e1c1bddb8c5094517f7385d,4da393116722bbe069f12df278620dd8aaeb439325f92374ed6fa4e9d18b80cc,,,0,0,5.000000,5.000000,0.0,1.0,1280x720,1280x720,0,3,3,possible_near_duplicate
train,validation,RWF-2000,RWF-2000,0,0,val/NonFight/rwf_val_nonfight_0194.avi,val/NonFight/rwf_val_nonfight_0195.avi,cc5d1ba5e876fa442489bc6b854d6a7ceae94e83b12017558b500c684f08d83c,92df65d4cdf4694a3c63abe39d9e6cd31371a77d64f02aa8e7bb849b28779921,,,0,0,5.000000,5.000000,0.0,1.0,640x358,640x358,0,3,3,possible_near_duplicate
train,test,RLVS,RLVS,0,0,NonViolence/NV_155.mp4,NonViolence/NV_154.mp4,27c9e89eff53352f855c11564e01207c443881594c7d662f9f66cc892d911b3f,92fec964d679af176979200107652940b09b4824227ee510d98dd938b871468c,,,0,0,5.000000,5.000000,0.0,1.0,224x224,224x224,0,3,3,possible_near_duplicate
train,test,RWF-2000,RWF-2000,0,0,train/NonFight/rwf_train_nonfight_0419.avi,train/NonFight/rwf_train_nonfight_0420.avi,88500500f0749faea6f25b18ba432a0724d7feb368bd5a8059b76287ceef46fc,05a59c83eb4444b27ff72b337bace0696c9b4af0d208c9f265f4f46ab665c399,,,0,0,5.000000,5.000000,0.0,1.0,1280x720,1280x720,0,3,3,possible_near_duplicate
train,test,RLVS,RLVS,0,0,NonViolence/NV_882.avi,NonViolence/NV_881.avi,97bae6b8bee1eadf916a60c8d55aa6133e7e35202bebf0a72df3a271ed903632,a9150c55ad75dbbc29182a046413c3ac37415e02afdc5678ea8dfb1cf95d8234,,,0,0,5.000000,5.000000,0.0,1.0,224x224,224x224,0,3,3,possible_near_duplicate
train,validation,RWF-2000,RWF-2000,1,1,train/Fight/rwf_train_fight_0521.avi,train/Fight/rwf_train_fight_0513.avi,23b2da4c38de51129a9cfc412a3d995107b946850e52fef43e4a278ea89a68b5,32da8e94e19a280fbd2e49e0d76540cbc988d7b647dd212f58b90e7fddf06ae7,,,0,0,5.000000,5.000000,0.0,1.0,1280x720,1280x720,0,3,3,possible_near_duplicate
train,validation,RWF-2000,RWF-2000,0,0,train/NonFight/rwf_train_nonfight_0297.avi,train/NonFight/rwf_train_nonfight_0296.avi,6ddea7c4278eed6bd21eeaaa1ed6c7233aca78f74369a922dc4344c21d64aabd,634b519f71455dfcb9a0d03682b1cf814ed82231d315af27a850dd8380d29117,,,0,0,5.000000,5.000000,0.0,1.0,640x360,640x360,2,3,3,possible_near_duplicate
train,test,RLVS,RLVS,0,0,NonViolence/NV_258.mp4,NonViolence/NV_259.mp4,5727e7b453188628fb5d5e214b91d591db2dac99811324608bfe543b1a556357,06b4b428a105f87af4f651b637528c11067bc958d22ae44508778063249fdbf7,,,0,0,5.000000,5.000000,0.0,1.0,224x224,224x224,2,3,3,possible_near_duplicate
train,test,RLVS,RLVS,1,1,Violence/V_704.mp4,Violence/V_703.mp4,2a7dc583c4759b4e352c61bec495e12ad833320596394754b7d02a61aafba311,d66db3869b7076c350065b3d8fa2417cefbd1c29854cc48ed636faa7eb979aea,,,0,0,5.000000,5.000000,0.0,1.0,224x224,224x224,2,3,3,possible_near_duplicate
train,validation,RWF-2000,RWF-2000,0,0,train/NonFight/rwf_train_nonfight_0038.avi,train/NonFight/rwf_train_nonfight_0039.avi,be8ac08bebc891fc7d177b803d78b9931d659c655fb9fe0f8a7c4f0084db8249,a9946ff72edc1f414b8aab6775d494bdd397b2102accd31410d6ae8176213dc2,,,0,0,5.000000,5.000000,0.0,1.0,640x360,640x360,2,3,3,possible_near_duplicate
train,validation,RLVS,RLVS,0,0,NonViolence/NV_579.mp4,NonViolence/NV_580.mp4,aa743079b647eea0c7eaa0567f080027bcb399177f7db480f045a287362776e8,3a0ff77c53fe01f306aee63ac598d6157fadf3b32e1ccda0afaa81b9e1635f55,,,0,0,5.000000,5.000000,0.0,1.0,224x224,224x224,2,3,3,possible_near_duplicate
train,test,RLVS,RLVS,0,0,NonViolence/NV_261.mp4,NonViolence/NV_259.mp4,98efa73a24a6ff1c81d38c9b0358f6272ba61645fbed6c6b66f9e03f611f42cd,06b4b428a105f87af4f651b637528c11067bc958d22ae44508778063249fdbf7,,,0,0,5.000000,5.000000,0.0,1.0,224x224,224x224,2,3,3,possible_near_duplicate
train,validation,RLVS,RLVS,0,0,NonViolence/NV_383.mp4,NonViolence/NV_364.mp4,8f79d2b8955a13007d277dcd6123860b42996739f11a0d8de63dba006790cef2,a9cdce9797509e4c16b31fe6571fbb19c6aa5e175394f959b075cc8e858151a8,,,0,0,5.000000,5.000000,0.0,1.0,224x224,224x224,2,3,3,possible_near_duplicate
train,test,RLVS,RLVS,0,0,NonViolence/NV_883.avi,NonViolence/NV_884.avi,6746ccc28355ffd03cad8e093b6ede302027bc6370385e745012f485c999c8e4,d975b5c63ab3be1f9e39ca856d8645dc9e22ed6e97cd42135680e9168e30afa2,,,0,0,5.000000,5.000000,0.0,1.0,224x224,224x224,2,3,3,possible_near_duplicate
train,test,RLVS,RLVS,0,0,NonViolence/NV_873.avi,NonViolence/NV_877.avi,15a6d0a47d9f0bb247d1597f51153a86906b99f87900210ddbf82f55b5b7ab92,7cda97749fa81e27ac7a679d07e727f23d3b1da8c37d0ea4922e2c68a1483b3a,,,0,0,5.000000,5.000000,0.0,1.0,224x224,224x224,2,3,3,possible_near_duplicate
train,test,RWF-2000,RWF-2000,1,1,train/Fight/rwf_train_fight_0202.avi,train/Fight/rwf_train_fight_0200.avi,6107b8435eaf0d3c46fa583e52d3c5a4160eb6ede863ccdd9090f36cd444de88,488ca123c080e55a0ea4f706ef712d9ec88b7452c2fc3646876786a32de04797,,,0,0,5.000000,5.000000,0.0,1.0,1280x720,1280x720,2,3,3,possible_near_duplicate
train,test,RLVS,RLVS,0,0,NonViolence/NV_870.avi,NonViolence/NV_869.avi,404589426a1b0458da617d01b54ec10f90c1123b1a6f4adcd3eca97c56b42a2e,082f6a12e83ccfa26677ff20855e6b420250601beac71d3ccdef764a249e29d6,,,0,0,5.000000,5.000000,0.0,1.0,224x224,224x224,2,3,3,possible_near_duplicate
train,validation,RLVS,RLVS,0,0,NonViolence/NV_187.mp4,NonViolence/NV_183.mp4,b338440706c2b38a5a9c50c3d010a55eaeaf1e254bb5941bb6a590608ac7d6dd,d8c1535a73d8a5670b8cfbfcf79b22398f84c04d9c8920e7f3457d7c38ad7836,,,0,0,5.000000,5.000000,0.0,1.0,224x224,224x224,2,3,3,possible_near_duplicate
train,validation,RLVS,RLVS,0,0,NonViolence/NV_460.mp4,NonViolence/NV_459.mp4,5910bc4cf6d77319ad62513ab3e0f195dded0c0f82eddf99d86fcfa0807ea281,027f00f4865d7f45f3870ca8e20b89a96c59ad6480029a933eaddb5ac205b764,,,0,0,5.000000,5.000000,0.0,1.0,224x224,224x224,2,3,3,possible_near_duplicate
train,test,RWF-2000,RWF-2000,1,1,train/Fight/rwf_train_fight_0030.avi,train/Fight/rwf_train_fight_0029.avi,6ce8964536f9e9b3176089500ce2d2c92aeaebd15bc7c2e08f03d5c4592fe0c0,3b652a6d0c61714dfdf314d718a45e76c02d431137eec60b6cf6cb00569e7630,,,0,0,5.000000,5.000000,0.0,1.0,1280x720,1280x720,2,3,3,possible_near_duplicate
train,validation,RWF-2000,RWF-2000,1,1,train/Fight/rwf_train_fight_0133.avi,train/Fight/rwf_train_fight_0135.avi,1ca7d188040566cd51b6623ab4c764d791e0f33d8e9c16d97672547b034e6b68,0e5b5bc2125778febd96f86a99f16268b76741099f2f9943d5617900ed9acfa9,,,0,0,5.000000,5.000000,0.0,1.0,1280x720,1280x720,4,3,3,possible_near_duplicate
train,test,RLVS,RLVS,0,0,NonViolence/NV_166.mp4,NonViolence/NV_158.mp4,c81c3e9f00d6c1af9a12fe224c905a7858c3e06b5b448c62cd7bce6c107c4bf4,ade2b4e8806af6d76e7fe1c7843f5f0441a5e6bf0a6499f1dcfe3dd3eaf28d35,,,0,0,5.000000,5.000000,0.0,1.0,224x224,224x224,4,3,3,possible_near_duplicate
train,test,RLVS,RLVS,0,0,NonViolence/NV_245.mp4,NonViolence/NV_248.mp4,568c0b31fe6c0de569cf967be7aee014475e6eea6efc15683b58e81365085a28,1e097ff193cdb91e016243b778ea414511c82a2555001d1628d85ba7baec43d3,,,0,0,5.000000,5.000000,0.0,1.0,224x224,224x224,4,3,3,possible_near_duplicate
train,validation,RLVS,RLVS,0,0,NonViolence/NV_865.avi,NonViolence/NV_866.avi,4917221b155490887b5722273d47680e79ea39eb63e5c70f8b518bf0aa1fb789,3ed741febe2a88c0ff1a5d083498bf3add47a5cafd5c39ad81fdf216f5d65d23,,,0,0,5.000000,5.000000,0.0,1.0,224x224,224x224,4,3,3,possible_near_duplicate
train,validation,RLVS,RLVS,0,0,NonViolence/NV_868.avi,NonViolence/NV_866.avi,c70330427f5776f6a260ed06073a194a03ac1256a9fa56f3434138716765468e,3ed741febe2a88c0ff1a5d083498bf3add47a5cafd5c39ad81fdf216f5d65d23,,,0,0,5.000000,5.000000,0.0,1.0,224x224,224x224,4,3,3,possible_near_duplicate
train,test,RWF-2000,RWF-2000,1,1,val/Fight/rwf_val_fight_0156.avi,val/Fight/rwf_val_fight_0157.avi,e321d62c451fc134ea5e2db77035329908846ceff6ff9927f3c8c298862e31f2,d9155a4c482aeafa2936f45332078ded46715c86e4a678208c1f1554965a0e6e,,,0,0,5.000000,5.000000,0.0,1.0,480x360,480x360,4,3,3,possible_near_duplicate
train,test,RLVS,RLVS,0,0,NonViolence/NV_737.mp4,NonViolence/NV_735.mp4,dc13fb0936aa9daee8aa531bda1a4f71185037f802ed0779fed5e3ddd5cdb891,eb70e1130161821ca2da05b7654210f56977a9ec50bed9da9a45958740abeb31,,,0,0,4.900000,5.700000,0.7999999999999998,0.8596491228070176,368x272,368x272,4,3,3,possible_near_duplicate
train,test,RLVS,RLVS,0,0,NonViolence/NV_886.avi,NonViolence/NV_884.avi,b5493bb3bb265e415b8484f2d7ef50e75b3c88738d9f347b09da4132cf9d6b24,d975b5c63ab3be1f9e39ca856d8645dc9e22ed6e97cd42135680e9168e30afa2,,,0,0,5.000000,5.000000,0.0,1.0,224x224,224x224,4,3,3,possible_near_duplicate
train,test,RLVS,RLVS,0,0,NonViolence/NV_882.avi,NonViolence/NV_884.avi,97bae6b8bee1eadf916a60c8d55aa6133e7e35202bebf0a72df3a271ed903632,d975b5c63ab3be1f9e39ca856d8645dc9e22ed6e97cd42135680e9168e30afa2,,,0,0,5.000000,5.000000,0.0,1.0,224x224,224x224,4,3,3,possible_near_duplicate
train,test,RLVS,RLVS,0,0,NonViolence/NV_382.mp4,NonViolence/NV_375.mp4,f01a15e99958e2b6463417ea79b7c3b5cd5701bd23302d387366ff2f8da14e93,39f6441e3715ed327046edb043fb3939e42c8f3e6b1ae6e274d75bf8a1a35dab,,,0,0,5.000000,5.000000,0.0,1.0,224x224,224x224,4,3,3,possible_near_duplicate
train,test,RLVS,RLVS,0,0,NonViolence/NV_638.mp4,NonViolence/NV_637.mp4,c69ca211383f3baff956b8da2d51c03cd8b14f8ad4a4b52c3f739ecb3aa6f564,79f36f46ec35582d7dd379a695754090f96bed156d821eebc2afef3c41aaf3ca,,,0,0,5.000000,5.000000,0.0,1.0,224x224,224x224,6,3,3,possible_near_duplicate
train,test,RWF-2000,RWF-2000,0,0,train/NonFight/rwf_train_nonfight_0409.avi,train/NonFight/rwf_train_nonfight_0407.avi,561a5171851f0f540e997f7b524392cf83e06b196b5461c09f374db8d830a86d,890816049b067b2238af999d210d4cb3874ec855654ddefc63c40991b45c888c,,,0,0,5.000000,5.000000,0.0,1.0,1280x720,1280x720,6,3,3,possible_near_duplicate
train,test,RLVS,RLVS,0,0,NonViolence/NV_793.mp4,NonViolence/NV_794.mp4,3bb9a14b8620566416ba7a790bc05d4ade21d93d458d1e1ebaaae83fd25893c1,d992917d384bf946d22d4cd5629118298e471240372a4b8e0f4eba29d39e7a78,,,0,0,5.000000,5.000000,0.0,1.0,224x224,224x224,0,2,3,isolated_frame_similarity
train,test,RWF-2000,RWF-2000,1,1,train/Fight/rwf_train_fight_0516.avi,train/Fight/rwf_train_fight_0514.avi,fab8d3f9acda7630d53eb483871bdc21dac4ada190f708690a8ed0c82fa5f1dd,4da393116722bbe069f12df278620dd8aaeb439325f92374ed6fa4e9d18b80cc,,,0,0,5.000000,5.000000,0.0,1.0,1280x720,1280x720,0,2,3,isolated_frame_similarity
train,test,RWF-2000,RWF-2000,1,1,train/Fight/rwf_train_fight_0751.avi,train/Fight/rwf_train_fight_0752.avi,a0ab89e6afabfb47bd7887b08b2f02495bd2c1fbf9733e2467f71761af5f68e5,ae4ed8c3b707afc88167e0a5236dab5c999b15a3a42e0dee1cdc9353ecc6b1c0,,,0,0,5.000000,5.000000,0.0,1.0,320x240,320x240,0,2,3,isolated_frame_similarity
train,validation,RWF-2000,RWF-2000,1,1,train/Fight/rwf_train_fight_0592.avi,train/Fight/rwf_train_fight_0591.avi,e2fa925a8e147ea197dcdeacc0c5bb43f1a0738e3dd116162b7f57c00eb5ee24,e035eaedc9cb2e97d4b544bb7e28e8a1cc12a690fefa6ab0ed8afe00192949e4,,,0,0,5.000000,5.000000,0.0,1.0,720x720,720x720,0,2,3,isolated_frame_similarity
train,validation,RLVS,RLVS,1,1,Violence/V_116.mp4,Violence/V_117.mp4,a4694e0a9fb999171a2c9ce51fa8216318b1be9214970bf80f047cbeaf699ee3,3e1a88a09f03f5c761b6e5bc47f264a3df3862e9daf07c02fe12682a1ff421ce,,,0,0,5.105100,4.904900,0.2002000000000006,0.9607843137254901,1280x720,1280x720,2,2,3,isolated_frame_similarity
train,validation,RWF-2000,RWF-2000,0,1,train/NonFight/rwf_train_nonfight_0559.avi,train/Fight/rwf_train_fight_0505.avi,6e56dfc6c5cba7657c44a87ce45cba6611430b7fd50e346924a60efeb82611c8,9239b64ba91c6a4e29eaa9c7dee2f07e3ef813fc8e01eb514be135749f09604a,,,0,0,5.000000,5.000000,0.0,1.0,1280x720,1280x720,2,2,3,isolated_frame_similarity
train,validation,RLVS,RLVS,0,0,NonViolence/NV_221.mp4,NonViolence/NV_222.mp4,568479d57111a0fec2ef2cb56d4827355c96a499f1a8c2781a17d99fc90cee4b,0e085960fea3c66079c94b4ee0cf1f511e77a0ebdc5e7d68066ac142f4fe418c,,,0,0,5.000000,5.000000,0.0,1.0,224x224,224x224,2,2,3,isolated_frame_similarity
train,validation,RLVS,RLVS,0,0,NonViolence/NV_394.mp4,NonViolence/NV_386.mp4,63c3d7f8c6432b4a179a0e5b33a42b8ea4e3186aeb5b14294534eecf59b3b5b6,9a11248c6bb6b4f44a0be9ef6d61384765c4acd27c451b6b20ee1a70fc623a48,,,0,0,5.000000,5.000000,0.0,1.0,224x224,224x224,2,2,3,isolated_frame_similarity
train,validation,RLVS,RLVS,0,0,NonViolence/NV_686.mp4,NonViolence/NV_685.mp4,2ce1081b8d40303d8f173c0fc050d35b2a718c5973d2552ba2b8866f34a331b1,e0b45b413bde395e13e18c5a64a90b7930f38a944c48104992b6c34472337fc0,,,0,0,5.000000,5.000000,0.0,1.0,224x224,224x224,2,2,3,isolated_frame_similarity
train,test,RLVS,RLVS,0,0,NonViolence/NV_773.mp4,NonViolence/NV_805.mp4,75fabf1f2c9148db6f5973a54f2b5fbf70814942be90f7aea5605db89ec14ab2,564e452d1153ad18662847763407335d9a4318d68de4c535e79090c5584ba664,,,0,0,5.000000,5.000000,0.0,1.0,224x224,224x224,2,2,3,isolated_frame_similarity
train,test,RLVS,RLVS,0,0,NonViolence/NV_284.mp4,NonViolence/NV_279.mp4,9ed462ab78ba5cc410126dd0344cb30a6ab5069329a80a6cb23c1f6f78a0efcf,f1bcd0ba758ae5705dc03b6be843b63566a216d27f702e7158e4472ffb3c88c2,,,0,0,4.200000,4.200000,0.0,1.0,1280x720,1280x720,2,2,3,isolated_frame_similarity
train,test,RLVS,RLVS,0,0,NonViolence/NV_382.mp4,NonViolence/NV_374.mp4,f01a15e99958e2b6463417ea79b7c3b5cd5701bd23302d387366ff2f8da14e93,f3f9292203ffec607ee0a86074af5113032e774adfdeae2a00249320bf5ed431,,,0,0,5.000000,5.000000,0.0,1.0,224x224,224x224,2,2,3,isolated_frame_similarity
train,test,RWF-2000,RWF-2000,1,1,train/Fight/rwf_train_fight_0609.avi,train/Fight/rwf_train_fight_0608.avi,7ff030bbcee624b6113494e75723de0135043fd965fafcaa91078b9af93dee62,4ec3173c453017f398d871eafb2f38b0dfb31b3fc7df8ac2c9d2ab3ed21dfe21,,,0,0,5.000000,5.000000,0.0,1.0,1280x720,1280x720,4,2,3,isolated_frame_similarity
train,validation,RWF-2000,RWF-2000,1,1,train/Fight/rwf_train_fight_0583.avi,train/Fight/rwf_train_fight_0582.avi,dde1c138812382325455d2b8ac9a15e3b656c508b5c6808319169e4880c76ace,ecf9f4440fc97326d2b2b7eb38067dd3141b527729b0fc9d0edeea755eafabaa,,,0,0,5.000000,5.000000,0.0,1.0,480x360,480x360,4,2,3,isolated_frame_similarity
train,validation,RWF-2000,RWF-2000,1,1,train/Fight/rwf_train_fight_0073.avi,train/Fight/rwf_train_fight_0074.avi,dd9897efdd778ef816f2441aeaf3e19a538652482c4dcb87b97968a45f1d323a,28465af8dca0b718aff179ac07acfd13024c4ff02b518035bcb903616e172967,,,0,0,5.000000,5.000000,0.0,1.0,1280x720,1280x720,4,2,3,isolated_frame_similarity
train,test,RWF-2000,RWF-2000,1,0,train/Fight/rwf_train_fight_0032.avi,train/NonFight/rwf_train_nonfight_0032.avi,54b7fcd7aa06f9149a4b5c97f315ac3224b0283ede2bf5aae80ce703834296c6,e88637e201bbe0d6b1f5f84069ee6459b3a4346670813d6f9c628089d1f958f5,,,0,0,5.000000,5.000000,0.0,1.0,1280x720,1280x720,4,2,3,isolated_frame_similarity
train,test,RWF-2000,RWF-2000,1,1,val/Fight/rwf_val_fight_0147.avi,val/Fight/rwf_val_fight_0148.avi,e78692a8d11ec8d845e64a49d7129433f814eeed990497994ff60fe9f3fb5f5f,2c418592c3cf34e61b371ce4e9da41799ee422e96c81618e54ea14f3e2e9af59,,,0,0,5.000000,5.000000,0.0,1.0,640x360,640x360,4,2,3,isolated_frame_similarity
train,validation,RLVS,RLVS,0,0,NonViolence/NV_704.mp4,NonViolence/NV_699.mp4,d91234ee78b063cdd8ac10ef92220653dcfa87a56868764da8eb5acba07a573f,1df8b91751309777b494566f553eb9d5f5dad69bb1b772e024d9057b4ec6de10,,,0,0,5.000000,5.000000,0.0,1.0,224x224,224x224,4,2,3,isolated_frame_similarity
train,validation,RWF-2000,RWF-2000,1,1,train/Fight/rwf_train_fight_0081.avi,train/Fight/rwf_train_fight_0077.avi,0b72a34eab8be8c170a2fddfa95def41d87fe82dc02d44ccaad87b75a89d22ee,d7e95c2754354e5beb388b25ec792958225aa63d7d818fa1a8242e7297640cfa,,,0,0,5.000000,5.000000,0.0,1.0,480x360,480x360,4,2,3,isolated_frame_similarity
train,test,RWF-2000,RWF-2000,1,1,train/Fight/rwf_train_fight_0533.avi,train/Fight/rwf_train_fight_0535.avi,846b4b2c15d0f8c403e46375d00b71e6f761ce271b66a891704e35c1658452db,9888a2dc86c9d55a901b780afae481ca8503ca17421349c7cc3a38f23a231e26,,,0,0,5.000000,5.000000,0.0,1.0,1280x720,1280x720,4,1,3,isolated_frame_similarity
train,test,RWF-2000,RWF-2000,1,1,val/Fight/rwf_val_fight_0081.avi,val/Fight/rwf_val_fight_0083.avi,898e74ef4b465a939a76ed399c539076be646d60a98816a2e449b2a4b70260a9,0537ef9d17544d442644b2d840fe2999f5c8523cf5f648a7f4d796157f24092b,,,0,0,5.000000,5.000000,0.0,1.0,1280x720,1280x720,4,2,3,isolated_frame_similarity
train,validation,RLVS,RLVS,0,0,NonViolence/NV_624.mp4,NonViolence/NV_625.mp4,15775b7d8187d4afbf387b281fd40c84729685162a6ad30a5de42d7b668b7eaf,76245128c4c91441cac66135f6820facfe2a198d9fa47eec90159f685654b2d1,,,0,0,5.000000,5.000000,0.0,1.0,224x224,224x224,4,1,3,isolated_frame_similarity
train,validation,RLVS,RLVS,0,0,NonViolence/NV_537.mp4,NonViolence/NV_456.mp4,997e8840599ba3ca0cfd5f92de45840cf9c4c959876dbbb81ccd5d81cde46200,3da38d7184d59be866bae93fca91d7251f3fe66438f1226f1d41159098da0801,,,0,0,5.000000,5.000000,0.0,1.0,224x224,224x224,4,2,3,isolated_frame_similarity
train,test,RLVS,RLVS,0,0,NonViolence/NV_760.mp4,NonViolence/NV_751.mp4,ed91e6c1346b0049a6cb83c48f640ea84ff2e21eaa9c7bd2b0608f469dfa4c42,a7881d015902337a42bddde70deee6b69b42134a0c5603ffb208749c814426c0,,,0,0,5.000000,5.000000,0.0,1.0,224x224,224x224,4,1,3,isolated_frame_similarity
train,validation,RLVS,RLVS,0,0,NonViolence/NV_513.mp4,NonViolence/NV_514.mp4,50403ff62f1ce6cbf730020d6149b9981eb5ca55bcb7ccc540499b783c80ac84,daa1ad18dacfce32936044a165ef0cb3c2bb5809f9e5f5d5fd3a40d7e97ba2ae,,,0,0,5.000000,5.000000,0.0,1.0,224x224,224x224,4,2,3,isolated_frame_similarity
train,test,RLVS,RLVS,0,0,NonViolence/NV_733.mp4,NonViolence/NV_735.mp4,c46c7d470aa442e36e845584bd47596cb3e865400cf88bc78d6ee4100685c715,eb70e1130161821ca2da05b7654210f56977a9ec50bed9da9a45958740abeb31,,,0,0,6.000000,5.700000,0.2999999999999998,0.9500000000000001,368x272,368x272,4,2,3,isolated_frame_similarity
train,validation,RWF-2000,RWF-2000,1,0,val/Fight/rwf_val_fight_0070.avi,val/NonFight/rwf_val_nonfight_0071.avi,d0a272935005a8e36cb1ca9b0429426cffa53f66c100e3c092f74d2ea6d456bc,0434585b706eef38e4bc1a3d314a5c1104123ed94c2bddfe3986e150e84cc8ec,,,0,0,5.000000,5.000000,0.0,1.0,1280x720,1280x720,4,2,3,isolated_frame_similarity
train,test,RLVS,RLVS,0,0,NonViolence/NV_883.avi,NonViolence/NV_881.avi,6746ccc28355ffd03cad8e093b6ede302027bc6370385e745012f485c999c8e4,a9150c55ad75dbbc29182a046413c3ac37415e02afdc5678ea8dfb1cf95d8234,,,0,0,5.000000,5.000000,0.0,1.0,224x224,224x224,4,2,3,isolated_frame_similarity
train,test,RLVS,RLVS,0,0,NonViolence/NV_873.avi,NonViolence/NV_872.avi,15a6d0a47d9f0bb247d1597f51153a86906b99f87900210ddbf82f55b5b7ab92,d34d150ef9d3ab3053e179d63d75ca6bbee2e3455a3d2fc9c412659bf97df30f,,,0,0,5.000000,5.000000,0.0,1.0,224x224,224x224,4,2,3,isolated_frame_similarity
train,test,RWF-2000,RWF-2000,1,1,val/Fight/rwf_val_fight_0190.avi,val/Fight/rwf_val_fight_0194.avi,8293f4bffc26dad1fb5a376e562cc8bf94b335bcce5fc3d76f44d3e8c40a38b8,9bd595c4e85de8388934b026c2f788060786329f8b7bd48be206470f486c0e0f,,,0,0,5.000000,5.000000,0.0,1.0,1280x720,1280x720,4,2,3,isolated_frame_similarity
train,validation,RWF-2000,RWF-2000,0,1,train/NonFight/rwf_train_nonfight_0097.avi,train/Fight/rwf_train_fight_0089.avi,4eae5efbde2eec452363d3afa32c9833041c8388fb5a79b98fa10410bfef3487,f0ef03a1a7638cd6533fa18b57c4426beeab424ffb376330c2b9381ef4b1271f,,,0,0,5.000000,5.000000,0.0,1.0,1920x1080,1920x1080,4,2,3,isolated_frame_similarity
train,test,RLVS,RLVS,0,0,NonViolence/NV_669.mp4,NonViolence/NV_671.mp4,d773d2c70e4d5b7cd00a0b24c1fa7f46416974db6fa7a4a58cda5dfb5056b380,f7f37ee174bf03ee39af8c162815a6f70e13b1c1415380e2572b8f5db6060925,,,0,0,5.000000,5.000000,0.0,1.0,224x224,224x224,4,2,3,isolated_frame_similarity
train,test,RLVS,RLVS,0,0,NonViolence/NV_734.mp4,NonViolence/NV_735.mp4,62732012dec740e2ed1f726b44ed05ed58b8940cc7d837c0bb3d2b310dc7c98f,eb70e1130161821ca2da05b7654210f56977a9ec50bed9da9a45958740abeb31,,,0,0,5.200000,5.700000,0.5,0.9122807017543859,368x272,368x272,4,1,3,isolated_frame_similarity
train,validation,RLVS,RLVS,0,0,NonViolence/NV_188.mp4,NonViolence/NV_183.mp4,fb9cbc032df6aab02f32f7808d6c6a288c304f4336bce7c6ffa4a6e7fd89856c,d8c1535a73d8a5670b8cfbfcf79b22398f84c04d9c8920e7f3457d7c38ad7836,,,0,0,5.000000,5.000000,0.0,1.0,224x224,224x224,4,2,3,isolated_frame_similarity
train,test,RWF-2000,RWF-2000,1,0,train/Fight/rwf_train_fight_0411.avi,train/NonFight/rwf_train_nonfight_0467.avi,48f70fb7fbbb76170e3d5b43477a4f8373d6433c49fe87e5a955dd888b2549fb,37f135087634775c21ad968186a442f06d878e03ddf4e3a0e1392777d6cad028,,,0,0,5.000000,5.000000,0.0,1.0,640x360,640x360,4,2,3,isolated_frame_similarity
train,test,RLVS,RLVS,0,0,NonViolence/NV_886.avi,NonViolence/NV_881.avi,b5493bb3bb265e415b8484f2d7ef50e75b3c88738d9f347b09da4132cf9d6b24,a9150c55ad75dbbc29182a046413c3ac37415e02afdc5678ea8dfb1cf95d8234,,,0,0,5.000000,5.000000,0.0,1.0,224x224,224x224,4,2,3,isolated_frame_similarity
train,test,RLVS,RLVS,0,0,NonViolence/NV_757.mp4,NonViolence/NV_751.mp4,6e7d9a8236db3c8f1a9f6425f1b360fc7e5db5b4253e8f3784d51a62a93bf4e1,a7881d015902337a42bddde70deee6b69b42134a0c5603ffb208749c814426c0,,,0,0,5.000000,5.000000,0.0,1.0,224x224,224x224,4,1,3,isolated_frame_similarity
train,validation,RWF-2000,RWF-2000,1,1,train/Fight/rwf_train_fight_0298.avi,train/Fight/rwf_train_fight_0297.avi,03de51e19b905414e179157508d546fdc4d8af049709ed4bcedb8e1febca2565,00038ecc1b7a8a6e953100d03a77d093e0c72a8c5523bc6ae9204b712af61c47,,,0,0,5.000000,5.000000,0.0,1.0,640x360,640x360,4,2,3,isolated_frame_similarity
train,test,RWF-2000,RWF-2000,1,0,train/Fight/rwf_train_fight_0324.avi,train/NonFight/rwf_train_nonfight_0345.avi,13826df8b0aebfba23c35782ed2ba09c50e455f80fb0047787c711811702c084,780f06eabf65fb79d3c81737d4df6b4ee0cdc9120a000e9f9df9f4da7fb998f9,,,0,0,5.000000,5.000000,0.0,1.0,1280x720,1280x720,4,2,3,isolated_frame_similarity
train,test,RLVS,RLVS,0,0,NonViolence/NV_115.mp4,NonViolence/NV_240.mp4,79be656a14f7ea2656c4ac8df8463423cd05c85824bb3877081d9dc86b24da13,163cce1747af84e862b1357e106bb5bac72b125501ae0db248f972f13a052f7c,,,0,0,5.000000,5.000000,0.0,1.0,224x224,224x224,4,2,3,isolated_frame_similarity
train,validation,RLVS,RLVS,0,0,NonViolence/NV_285.mp4,NonViolence/NV_288.mp4,89a7a6ee37e2438b4011d4a45a2a9f35af83f1008baf2f0b3d7158dc38edaac9,b7a9c9af9316b0650a580cb8494511d9942419b90856e4f407b346878d94f129,,,0,0,4.400000,5.320000,0.9199999999999999,0.8270676691729324,1280x720,1280x720,4,2,3,isolated_frame_similarity
train,validation,RWF-2000,RWF-2000,1,0,val/Fight/rwf_val_fight_0105.avi,val/NonFight/rwf_val_nonfight_0105.avi,8741ccbe5a01648a14c3d26f63db8072d0b61efd386dff0bb1b716ff0891a2a5,8d8e412d6400df76b3d3c5ee176af6c971f9ab3c962058a2286f63629e6cbe97,,,0,0,5.000000,5.000000,0.0,1.0,424x320,424x320,4,1,3,isolated_frame_similarity
train,validation,RLVS,RLVS,0,0,NonViolence/NV_382.mp4,NonViolence/NV_384.mp4,f01a15e99958e2b6463417ea79b7c3b5cd5701bd23302d387366ff2f8da14e93,0a718e47808a9756c20efaffb6f02b1dd2e0703eca11bf2c4b49d2f72f23fb24,,,0,0,5.000000,5.000000,0.0,1.0,224x224,224x224,4,2,3,isolated_frame_similarity
train,validation,RWF-2000,RWF-2000,1,1,train/Fight/rwf_train_fight_0592.avi,train/Fight/rwf_train_fight_0590.avi,e2fa925a8e147ea197dcdeacc0c5bb43f1a0738e3dd116162b7f57c00eb5ee24,925659d392de292f6d06105e5d302deca25cc12e07442b9d572fca381cadf729,,,0,0,5.000000,5.000000,0.0,1.0,720x720,720x720,4,2,3,isolated_frame_similarity
validation,test,RWF-2000,RWF-2000,0,0,train/NonFight/rwf_train_nonfight_0454.avi,train/NonFight/rwf_train_nonfight_0453.avi,26db7d30d4cf3640227a0fccc962ba5f96fe3e36e1b34d49b2ed12f6ec4d519b,048cf700244e3a8bfa0e72e6752b661c8191bb4e9f09c47ba0ac03a72dbfe861,,,0,0,5.000000,5.000000,0.0,1.0,464x348,464x348,4,2,3,isolated_frame_similarity
validation,test,RLVS,RLVS,0,0,NonViolence/NV_229.mp4,NonViolence/NV_228.mp4,8368284fee1930f0cf7f0dd4fbd7a0f218a003d8b7df40cbf16d8a81f9985a71,fa128d7fca7ac90832da2e9d0a9968d9b4285b5224b1dfa49ae4951efc975c57,,,0,0,5.000000,5.000000,0.0,1.0,224x224,224x224,4,2,3,isolated_frame_similarity
validation,test,RWF-2000,RWF-2000,1,1,val/Fight/rwf_val_fight_0064.avi,val/Fight/rwf_val_fight_0065.avi,5ce640af8d5939302ede9da0b75cd5c67e60df55d97aaa8e5eb59457e5864321,5a0150b56bf4c40489d1a655bd39104dba1b58748971ea9164fe42c894888f08,,,0,0,5.000000,5.000000,0.0,1.0,1280x720,1280x720,4,2,3,isolated_frame_similarity
train,validation,RWF-2000,RWF-2000,0,1,train/NonFight/rwf_train_nonfight_0084.avi,train/Fight/rwf_train_fight_0077.avi,d7432429c3f8869eaa400aa65273364c615e158db4effd1cf2e6d5b4b3243b36,d7e95c2754354e5beb388b25ec792958225aa63d7d818fa1a8242e7297640cfa,,,0,0,5.000000,5.000000,0.0,1.0,480x360,480x360,6,1,3,isolated_frame_similarity
train,test,RWF-2000,RWF-2000,1,1,train/Fight/rwf_train_fight_0394.avi,train/Fight/rwf_train_fight_0393.avi,7a9d8de6e8034bcce2a0a534527590b879ba3b7455e0468fe4dd9f9f01ca775d,2552251be9aa2a7e8267a6f64d34c1b02cbc3e3bf9a09cec06de49fdd87b4e17,,,0,0,5.000000,5.000000,0.0,1.0,1280x720,1280x720,6,1,3,isolated_frame_similarity
train,validation,RWF-2000,RWF-2000,1,1,train/Fight/rwf_train_fight_0386.avi,train/Fight/rwf_train_fight_0385.avi,e0c7ac39f87a362a42a1737ae6c50a264a317dc8a42ec4b781a9b607520f460d,07dd70cbd9b377e86074347dd3be81aa1089ddd037684ebc9bc0757f1551ed8d,,,0,0,5.000000,5.000000,0.0,1.0,320x240,320x240,6,1,3,isolated_frame_similarity
train,test,RLVS,RLVS,0,0,NonViolence/NV_695.mp4,NonViolence/NV_694.mp4,2461e760124cf404a0bcf809831d21e505b258f894cf990ff6c2ab9372b85f66,d21132157dbd6c1415ce72a2e3d34627db03dc0c286fa713be8ca83603bcc7d2,,,0,0,5.000000,5.000000,0.0,1.0,224x224,224x224,6,1,3,isolated_frame_similarity
train,test,RLVS,RLVS,0,0,NonViolence/NV_759.mp4,NonViolence/NV_751.mp4,03dd7e98dc49f032c9ca1ae0c4ea3e27d7621bed245ca133bca7af5b27ab8098,a7881d015902337a42bddde70deee6b69b42134a0c5603ffb208749c814426c0,,,0,0,5.000000,5.000000,0.0,1.0,224x224,224x224,6,2,3,isolated_frame_similarity
train,validation,RWF-2000,RWF-2000,0,1,train/NonFight/rwf_train_nonfight_0444.avi,train/Fight/rwf_train_fight_0388.avi,9004b8a4ee601d292c739eda6184d3554ebe07bbd72916a7c4aafdd2159afa2c,31775ed989d206bbdaacf3429d2f5a0af2bad1536fa51a591dc719ed0e9151e5,,,0,0,5.000000,5.000000,0.0,1.0,1280x720,1280x720,6,1,3,isolated_frame_similarity
train,test,RLVS,RLVS,0,0,NonViolence/NV_196.mp4,NonViolence/NV_191.mp4,3f23b89449b6a57237849d118972176dac1ff9da6115bff879289bd81fe477d7,fe4a912045c676b97ff55058d124eed297a2537f0b7e39ca9ef8c529847f5ddd,,,0,0,5.000000,5.000000,0.0,1.0,224x224,224x224,6,1,3,isolated_frame_similarity
train,validation,RWF-2000,RWF-2000,1,1,train/Fight/rwf_train_fight_0655.avi,train/Fight/rwf_train_fight_0653.avi,2221be69fcaf331dd52390b5d4ce734b7ef22fe916a543e404ca7383bad99f81,21fa1c2bb60e2702198daf82d7fa6a6c713677358737a089c51b85f2f3a0b51e,,,0,0,5.000000,5.000000,0.0,1.0,1280x720,1280x720,6,2,3,isolated_frame_similarity
train,test,RWF-2000,RWF-2000,0,1,train/NonFight/rwf_train_nonfight_0426.avi,train/Fight/rwf_train_fight_0368.avi,69a0326b00c7a6e7522abfacd68bfae8aa71f0a799ed549f8551801d9d11b3b8,58c7ce07ba88c7d1cbae970d16e270f5ad76293d52e933d25a90eb2e56fdfe5c,,,0,0,5.000000,5.000000,0.0,1.0,640x360,640x360,6,1,3,isolated_frame_similarity
train,test,RWF-2000,RWF-2000,1,1,train/Fight/rwf_train_fight_0300.avi,train/Fight/rwf_train_fight_0301.avi,dc22fdac4bac72e961112d1dab6cd2d529f8a19eba893549302a998b1e25639c,1d33793b409098f8a6ef13b29f89913666733fb8a1aa6b213e7ae3d9ec935e1f,,,0,0,5.000000,5.000000,0.0,1.0,320x240,320x240,6,1,3,isolated_frame_similarity
train,test,RWF-2000,RWF-2000,0,0,train/NonFight/rwf_train_nonfight_0649.avi,train/NonFight/rwf_train_nonfight_0651.avi,d294d27c19bbf97151a7c8fffea92aa1922fa34b62f4f6bd9f42c2d318a50f26,8163a2b99bf1c28ece6e0df623aceaa8ca47375ac485462fe50c72c1becdb53a,,,0,0,5.000000,5.000000,0.0,1.0,352x288,352x288,6,1,3,isolated_frame_similarity
train,validation,RLVS,RLVS,0,0,NonViolence/NV_690.mp4,NonViolence/NV_688.mp4,d1444b1cc79b66548b9f82031a0facfdc81435c61e462b74cb3196575e57f613,fe7691bb3d8ecccc64c6271eccd1fd3cc6f4c1bc239b23e5c6b30445b21e96cb,,,0,0,5.000000,5.000000,0.0,1.0,224x224,224x224,6,2,3,isolated_frame_similarity
train,validation,RWF-2000,RWF-2000,1,1,val/Fight/rwf_val_fight_0174.avi,val/Fight/rwf_val_fight_0176.avi,9d413218dc2bd97766867d74ea50813cecfab9c5d0ca12c09aa377d06fa1a8a0,f007fec0687bdcd7a5d9a1a3678ab08d19d0689b7f087d81583f81fac7e2e3ba,,,0,0,5.000000,5.000000,0.0,1.0,480x360,480x360,6,1,3,isolated_frame_similarity
train,validation,RWF-2000,RWF-2000,1,1,train/Fight/rwf_train_fight_0750.avi,train/Fight/rwf_train_fight_0747.avi,6ce4fb31121d68f10278689e78be89044bade11fa6b6ecdd0453d5c5335bd5a2,b3591901f33374db4eb4c155108cb01b742a9d03d83a393d9e94a56aa7862590,,,0,0,5.000000,5.000000,0.0,1.0,320x240,320x240,6,1,3,isolated_frame_similarity
train,validation,RLVS,RLVS,0,0,NonViolence/NV_218.mp4,NonViolence/NV_219.mp4,5ef606a8de514e556ae01832c0c76cb885eab135227f3bd875434782b3a8bd4c,4a4e2f22eaca05da40ee5dc5e218950dd8a979432f22375cd7f018aad8ff0eea,,,0,0,5.000000,5.000000,0.0,1.0,224x224,224x224,6,2,3,isolated_frame_similarity
train,test,RLVS,RLVS,0,0,NonViolence/NV_451.mp4,NonViolence/NV_452.mp4,85d1e0e199afc65a4d371327b072499d736446da502d1c849a1c8348626dfb2e,0004ad382bbad65c6efb5901c4eb629e3b7e9b3b37417cd99e5175774ab0f9f0,,,0,0,5.000000,5.000000,0.0,1.0,224x224,224x224,6,1,3,isolated_frame_similarity
train,validation,RWF-2000,RWF-2000,0,1,train/NonFight/rwf_train_nonfight_0538.avi,train/Fight/rwf_train_fight_0477.avi,1545928ef21087f81c21a8540665c7d2ac409e7ed1de765112c0b930c79f0df7,4a5b3642f1cc39b147ac501c52a4b98712596927ca33b4ce0e8ad8907a02642e,,,0,0,5.000000,5.000000,0.0,1.0,320x240,320x240,6,1,3,isolated_frame_similarity
train,test,RWF-2000,RWF-2000,0,1,train/NonFight/rwf_train_nonfight_0538.avi,train/Fight/rwf_train_fight_0476.avi,1545928ef21087f81c21a8540665c7d2ac409e7ed1de765112c0b930c79f0df7,00921e9d4deee0d5a304ab6b48df00b4b709150f0245600956d49f7645a745c4,,,0,0,5.000000,5.000000,0.0,1.0,320x240,320x240,6,1,3,isolated_frame_similarity
train,test,RWF-2000,RWF-2000,0,1,val/NonFight/rwf_val_nonfight_0158.avi,val/Fight/rwf_val_fight_0175.avi,f7a002107159b51cec61581d460fa3057df879e16d7f9279f04741a0d622d648,fa8ac7c1d0fe9d52ce0761004024c699738db527d2e4feebdadc99d070114dd8,,,0,0,5.000000,5.000000,0.0,1.0,480x360,480x360,6,1,3,isolated_frame_similarity
train,test,RWF-2000,RWF-2000,1,1,train/Fight/rwf_train_fight_0618.avi,train/Fight/rwf_train_fight_0613.avi,564d4b908e525532d9a8f89e2d3a48165aeecc8a17c9a90d2a74b4c68a747c2c,bd2e106f55bc8038cc0dcd6109e17d8c069788ac0965a8db07056562d2f98f54,,,0,0,5.000000,5.000000,0.0,1.0,352x288,352x288,6,1,3,isolated_frame_similarity
train,validation,RLVS,RLVS,0,0,NonViolence/NV_376.mp4,NonViolence/NV_364.mp4,35f190c0f1684a5bbd427daae594c194f1e4950103e21c7432dd5eea95b7c57e,a9cdce9797509e4c16b31fe6571fbb19c6aa5e175394f959b075cc8e858151a8,,,0,0,5.000000,5.000000,0.0,1.0,224x224,224x224,6,1,3,isolated_frame_similarity
train,validation,RLVS,RLVS,0,0,NonViolence/NV_689.mp4,NonViolence/NV_688.mp4,0b3940600bd86980791bdb5eaa228d8a3180799f79410fe1d2be54ae744cb323,fe7691bb3d8ecccc64c6271eccd1fd3cc6f4c1bc239b23e5c6b30445b21e96cb,,,0,0,5.000000,5.000000,0.0,1.0,224x224,224x224,6,2,3,isolated_frame_similarity
train,validation,RWF-2000,RWF-2000,0,1,train/NonFight/rwf_train_nonfight_0099.avi,train/Fight/rwf_train_fight_0087.avi,1db58d1470a11eab629eeee778e0d7b15d8bdb9d39806e8f0bf0de9e663bc8c6,2b1ece335d42040f08d46638a0199e2abb5a53608a54b7c8c653d60a6aa0685b,,,0,0,5.000000,5.000000,0.0,1.0,1920x1080,1920x1080,6,1,3,isolated_frame_similarity
train,validation,RWF-2000,RWF-2000,1,1,train/Fight/rwf_train_fight_0387.avi,train/Fight/rwf_train_fight_0388.avi,f0e154e1cf9b46d92bf5cf06983cb3190fe7cbf1b38de13fec5643bfc5f9a2d8,31775ed989d206bbdaacf3429d2f5a0af2bad1536fa51a591dc719ed0e9151e5,,,0,0,5.000000,5.000000,0.0,1.0,1280x720,1280x720,6,1,3,isolated_frame_similarity
train,test,RLVS,RLVS,0,0,NonViolence/NV_36.mp4,NonViolence/NV_38.mp4,84c12f615ac56583e66a5a2ff4efa304c91a61ef204f322c5d82cc096f02da3a,f1b438c78b3f5cecf8d543bef0e62b76e63a83fe1bd795bbf4d9f19893dd9089,,,0,0,4.500000,4.400000,0.09999999999999964,0.9777777777777779,640x360,640x360,6,2,3,isolated_frame_similarity
train,test,RWF-2000,RWF-2000,1,1,train/Fight/rwf_train_fight_0607.avi,train/Fight/rwf_train_fight_0608.avi,1a657c0d355e45643127d5d9cabcbf85646632aa962737c00ef44e7469cb826e,4ec3173c453017f398d871eafb2f38b0dfb31b3fc7df8ac2c9d2ab3ed21dfe21,,,0,0,5.000000,5.000000,0.0,1.0,1280x720,1280x720,6,2,3,isolated_frame_similarity
train,test,RWF-2000,RWF-2000,1,1,train/Fight/rwf_train_fight_0390.avi,train/Fight/rwf_train_fight_0389.avi,ce8977c0a5a7c96a3372f60f3039c0c812ca7cce44856aae87b5732700c1354f,dcdf9fcca490921a9f7ab30c13848d53d0de7f2f618074ceacc7d2ff1f2f37c1,,,0,0,5.000000,5.000000,0.0,1.0,1280x720,1280x720,6,1,3,isolated_frame_similarity
train,test,RLVS,RLVS,0,0,NonViolence/NV_383.mp4,NonViolence/NV_374.mp4,8f79d2b8955a13007d277dcd6123860b42996739f11a0d8de63dba006790cef2,f3f9292203ffec607ee0a86074af5113032e774adfdeae2a00249320bf5ed431,,,0,0,5.000000,5.000000,0.0,1.0,224x224,224x224,6,1,3,isolated_frame_similarity
train,test,RLVS,RLVS,0,0,NonViolence/NV_752.mp4,NonViolence/NV_751.mp4,75d7eb314699d7e007a5ccb9f50c3acd11763f4dbc53214da4234285ddcb807b,a7881d015902337a42bddde70deee6b69b42134a0c5603ffb208749c814426c0,,,0,0,5.000000,5.000000,0.0,1.0,224x224,224x224,6,2,3,isolated_frame_similarity
train,validation,RLVS,RLVS,0,0,NonViolence/NV_758.mp4,NonViolence/NV_753.mp4,281872a00c1e86f8dc089d5e6c7ddb56471ec50a335b23d182e131bb9d1b1d21,39ce72892c74a68f46f2ec4f88d6f2cc3024248866c4b44427806a2c2107d9a6,,,0,0,5.000000,5.000000,0.0,1.0,224x224,224x224,6,1,3,isolated_frame_similarity
train,test,RWF-2000,RWF-2000,1,1,train/Fight/rwf_train_fight_0604.avi,train/Fight/rwf_train_fight_0603.avi,d9b67545fb0d47ee06bd0c4576599620889f7396e756804ebc67449b3661c25c,4141bf0166f9efacdd8c6074923ec1c79923c91d22a83d3413eaf0432df3bfb6,,,0,0,5.000000,5.000000,0.0,1.0,640x354,640x354,6,1,3,isolated_frame_similarity
train,test,RWF-2000,RWF-2000,0,1,train/NonFight/rwf_train_nonfight_0445.avi,train/Fight/rwf_train_fight_0389.avi,269a4a5ac19b0f587b79349ec602b942c84bb61538317061d3e5a5f967d7a539,dcdf9fcca490921a9f7ab30c13848d53d0de7f2f618074ceacc7d2ff1f2f37c1,,,0,0,5.000000,5.000000,0.0,1.0,1280x720,1280x720,6,1,3,isolated_frame_similarity
train,validation,RWF-2000,RWF-2000,0,1,train/NonFight/rwf_train_nonfight_0097.avi,train/Fight/rwf_train_fight_0087.avi,4eae5efbde2eec452363d3afa32c9833041c8388fb5a79b98fa10410bfef3487,2b1ece335d42040f08d46638a0199e2abb5a53608a54b7c8c653d60a6aa0685b,,,0,0,5.000000,5.000000,0.0,1.0,1920x1080,1920x1080,6,2,3,isolated_frame_similarity
train,test,RLVS,RLVS,0,0,NonViolence/NV_378.mp4,NonViolence/NV_374.mp4,df7b2534d382cbd4bdd3d209b055b93ce3651133158a3ad17d6218cc0af3060c,f3f9292203ffec607ee0a86074af5113032e774adfdeae2a00249320bf5ed431,,,0,0,5.000000,5.000000,0.0,1.0,224x224,224x224,6,2,3,isolated_frame_similarity
train,test,RWF-2000,RWF-2000,1,1,train/Fight/rwf_train_fight_0202.avi,train/Fight/rwf_train_fight_0198.avi,6107b8435eaf0d3c46fa583e52d3c5a4160eb6ede863ccdd9090f36cd444de88,b324175103b6b94357462f32d293c4b185a1de56595a74d57054a01f2095c3a4,,,0,0,5.000000,5.000000,0.0,1.0,1280x720,1280x720,6,2,3,isolated_frame_similarity
train,test,RLVS,RLVS,0,0,NonViolence/NV_737.mp4,NonViolence/NV_732.mp4,dc13fb0936aa9daee8aa531bda1a4f71185037f802ed0779fed5e3ddd5cdb891,cc64f762c6745958e659f17f7451f42e40d1f1c4c963ce766bec69cb7b46162e,,,0,0,4.900000,6.700000,1.7999999999999998,0.7313432835820896,368x272,368x272,6,1,3,isolated_frame_similarity
train,validation,RWF-2000,RWF-2000,1,1,train/Fight/rwf_train_fight_0079.avi,train/Fight/rwf_train_fight_0077.avi,9a86168608c09d725f02b5fe3f9369964830e2071c933bd0390222bef73e8a25,d7e95c2754354e5beb388b25ec792958225aa63d7d818fa1a8242e7297640cfa,,,0,0,5.000000,5.000000,0.0,1.0,480x360,480x360,6,2,3,isolated_frame_similarity
train,validation,RWF-2000,RWF-2000,0,1,train/NonFight/rwf_train_nonfight_0344.avi,train/Fight/rwf_train_fight_0323.avi,e68a6455b053e116e08d2d18d9e442401ecdb93b3c6e3f7be457a573729d879d,62624acb624357925df21949967c070ddd0ac0451aa222a2a61756c22c15cbcc,,,0,0,5.000000,5.000000,0.0,1.0,1280x720,1280x720,6,1,3,isolated_frame_similarity
train,test,RLVS,RLVS,0,0,NonViolence/NV_146.mp4,NonViolence/NV_110.mp4,b5dfc327a53fcf8151f822608a1fda6f41a7c3b4f427998a9c4893b601ce0229,79864df1a7bb8bec32b35561ba597a1e99598401d2eca9305c33a432811c7b9e,,,0,0,5.000000,5.000000,0.0,1.0,224x224,224x224,6,1,3,isolated_frame_similarity
train,test,RWF-2000,RWF-2000,1,1,train/Fight/rwf_train_fight_0717.avi,train/Fight/rwf_train_fight_0716.avi,e1dbeff64700b872833e9d1ef0175c9488c36b09eaa1e089964d417cb30f8606,d1a3a2c9a4ccc7940f024fff1797792136837a9d5c2fca8d5d621433ba7a3290,,,0,0,5.000000,5.000000,0.0,1.0,320x240,320x240,6,2,3,isolated_frame_similarity
train,validation,RWF-2000,RWF-2000,1,1,train/Fight/rwf_train_fight_0011.avi,train/Fight/rwf_train_fight_0010.avi,c65dd173174e94cb5b1da93cc3de567eb36c361bd86d95399e5b72290c0ad815,e3b9e9cf45ffacd86794835f9adabcafb952b5fa2df17424ae45238a2fa3e663,,,0,0,5.000000,5.000000,0.0,1.0,320x240,320x240,6,2,3,isolated_frame_similarity
train,test,RLVS,RLVS,0,0,NonViolence/NV_691.mp4,NonViolence/NV_694.mp4,419e86d0dd07494bbe67ea0b11e30699fb8f0bc13adb8688de313fe6bfcadf4d,d21132157dbd6c1415ce72a2e3d34627db03dc0c286fa713be8ca83603bcc7d2,,,0,0,5.000000,5.000000,0.0,1.0,224x224,224x224,6,2,3,isolated_frame_similarity
train,test,RWF-2000,RWF-2000,1,0,train/Fight/rwf_train_fight_0461.avi,train/NonFight/rwf_train_nonfight_0522.avi,55760fe06096982cbdb956d0610197a167c19e4fd76cb055b1de441719e65ede,9c6e45738cff881a61248585b5634900962220f886b0c15a9524e26788854a71,,,0,0,5.000000,5.000000,0.0,1.0,640x358,640x358,6,1,3,isolated_frame_similarity
train,validation,RLVS,RLVS,0,0,NonViolence/NV_382.mp4,NonViolence/NV_364.mp4,f01a15e99958e2b6463417ea79b7c3b5cd5701bd23302d387366ff2f8da14e93,a9cdce9797509e4c16b31fe6571fbb19c6aa5e175394f959b075cc8e858151a8,,,0,0,5.000000,5.000000,0.0,1.0,224x224,224x224,6,2,3,isolated_frame_similarity
train,test,RLVS,RLVS,0,0,NonViolence/NV_876.avi,NonViolence/NV_872.avi,fec5408b781dc56c3edbc177524e940e30cdbb672232c74447e4a69208aca431,d34d150ef9d3ab3053e179d63d75ca6bbee2e3455a3d2fc9c412659bf97df30f,,,0,0,5.000000,5.000000,0.0,1.0,224x224,224x224,6,2,3,isolated_frame_similarity
train,validation,RWF-2000,RWF-2000,1,1,train/Fight/rwf_train_fight_0094.avi,train/Fight/rwf_train_fight_0096.avi,c18f697d097f9713ffe9ec9f6a95c2af5550ba32a3633dddbe0a7d31766504c2,3bb050143388a4fb63d334f918b8fc0fc8d689e1fe483b2cd84caaa07a9158eb,,,0,0,5.000000,5.000000,0.0,1.0,368x276,368x276,6,1,3,isolated_frame_similarity
validation,test,RWF-2000,RWF-2000,1,1,train/Fight/rwf_train_fight_0210.avi,train/Fight/rwf_train_fight_0214.avi,f2f275ea34421a8001872bc1410d12db7b06af2b5f1dfa23641de759787c8e75,1762cb0f8fa7cb4b26717b356532d0e1ba2f5252836e2b951413cf3fbbfa49ab,,,0,0,5.000000,5.000000,0.0,1.0,1280x720,1280x720,6,1,3,isolated_frame_similarity
validation,test,RLVS,RLVS,0,0,NonViolence/NV_753.mp4,NonViolence/NV_751.mp4,39ce72892c74a68f46f2ec4f88d6f2cc3024248866c4b44427806a2c2107d9a6,a7881d015902337a42bddde70deee6b69b42134a0c5603ffb208749c814426c0,,,0,0,5.000000,5.000000,0.0,1.0,224x224,224x224,6,1,3,isolated_frame_similarity
validation,test,RWF-2000,RWF-2000,1,1,train/Fight/rwf_train_fight_0500.avi,train/Fight/rwf_train_fight_0501.avi,992f71817c5c2429c2ce886b64eb82613dcb831a30d60fcb901445ac10d3fa31,2b10ef215a019f850eb3560cb6251351beeb7bded532f29462c9c39814d75cb7,,,0,0,5.000000,5.000000,0.0,1.0,568x320,568x320,6,1,3,isolated_frame_similarity
validation,test,RLVS,RLVS,0,0,NonViolence/NV_183.mp4,NonViolence/NV_103.mp4,d8c1535a73d8a5670b8cfbfcf79b22398f84c04d9c8920e7f3457d7c38ad7836,fe91c812adf91eb8ee366f347ec096f737b9ec39711a45041c0961b89fa7ccbf,,,0,0,5.000000,5.000000,0.0,1.0,224x224,224x224,6,2,3,isolated_frame_similarity
train,test,RWF-2000,RWF-2000,0,1,train/NonFight/rwf_train_nonfight_0444.avi,train/Fight/rwf_train_fight_0389.avi,9004b8a4ee601d292c739eda6184d3554ebe07bbd72916a7c4aafdd2159afa2c,dcdf9fcca490921a9f7ab30c13848d53d0de7f2f618074ceacc7d2ff1f2f37c1,,,0,0,5.000000,5.000000,0.0,1.0,1280x720,1280x720,8,0,3,isolated_frame_similarity
train,validation,RLVS,RLVS,0,0,NonViolence/NV_372.mp4,NonViolence/NV_364.mp4,bdd6e4759827880b2e4ac61e4e0721c84f008e71a52b5bf51bb5a4c2a4f465e5,a9cdce9797509e4c16b31fe6571fbb19c6aa5e175394f959b075cc8e858151a8,,,0,0,5.000000,5.000000,0.0,1.0,224x224,224x224,8,0,3,isolated_frame_similarity
train,test,RWF-2000,RWF-2000,1,1,train/Fight/rwf_train_fight_0182.avi,train/Fight/rwf_train_fight_0184.avi,f99d3e0c3a45ed0f79b2b4a02bd211cf39812ff1b848265e4362e2f1bfe7d683,a3b935fa428736d141a883867cdbee007dc6bb92152ebc5a9b7f7b4e693644d0,,,0,0,5.000000,5.000000,0.0,1.0,1280x720,1280x720,8,0,3,isolated_frame_similarity
train,validation,RWF-2000,RWF-2000,1,0,val/Fight/rwf_val_fight_0159.avi,val/NonFight/rwf_val_nonfight_0147.avi,21d9e9c2a8bebd6749e12c5eb7374171c0ea20be580b20c37e5b4857249d17c5,b9eb24aaf504f858cb86c955ac55826acfdec42a1e6fdf8d379fee3bd16dad1b,,,0,0,5.000000,5.000000,0.0,1.0,480x360,480x360,8,0,3,isolated_frame_similarity
train,validation,RWF-2000,RWF-2000,1,0,train/Fight/rwf_train_fight_0127.avi,train/NonFight/rwf_train_nonfight_0148.avi,c0d0bb458305dd459a9e9da3d49aeb5fe64180aadf34cf2fdad154137dc89c7c,b9d6d4e7a2fb5e2ad5541d8af8369a5aef143daa1408c60c1a58a4ea2e57657c,,,0,0,5.000000,5.000000,0.0,1.0,540x360,540x360,8,0,3,isolated_frame_similarity
train,test,RLVS,RLVS,0,0,NonViolence/NV_304.mp4,NonViolence/NV_38.mp4,51686ddbae59953c2f8d1e5b6fc56979e6801490802338a41409c394085bac58,f1b438c78b3f5cecf8d543bef0e62b76e63a83fe1bd795bbf4d9f19893dd9089,,,0,0,4.300000,4.400000,0.10000000000000053,0.9772727272727272,640x360,640x360,8,0,3,isolated_frame_similarity
train,test,RWF-2000,RWF-2000,1,0,train/Fight/rwf_train_fight_0296.avi,train/NonFight/rwf_train_nonfight_0317.avi,f2a06b333e4620065f29c721c29e484b4609edc76a35c669d4d1ab8bac38c5c6,71885a9373b933b5ac1acf29a2fccd72e2235e3e6037534e2623104c4e098a8f,,,0,0,5.000000,5.000000,0.0,1.0,624x352,624x352,8,0,3,isolated_frame_similarity
train,validation,RWF-2000,RWF-2000,1,0,val/Fight/rwf_val_fight_0070.avi,val/NonFight/rwf_val_nonfight_0070.avi,d0a272935005a8e36cb1ca9b0429426cffa53f66c100e3c092f74d2ea6d456bc,c67eb3863ef0c125f7efddfc73bca195984c46950b79aa63f9da59e18572b3f4,,,0,0,5.000000,5.000000,0.0,1.0,1280x720,1280x720,8,0,3,isolated_frame_similarity
train,test,RWF-2000,RWF-2000,0,0,train/NonFight/rwf_train_nonfight_0346.avi,train/NonFight/rwf_train_nonfight_0345.avi,62a893235ddbe4f8ea281187aed9f3cec04237f0c817375edf9cb435e4559748,780f06eabf65fb79d3c81737d4df6b4ee0cdc9120a000e9f9df9f4da7fb998f9,,,0,0,5.000000,5.000000,0.0,1.0,1280x720,1280x720,8,0,3,isolated_frame_similarity
train,test,RWF-2000,RWF-2000,0,1,train/NonFight/rwf_train_nonfight_0259.avi,train/Fight/rwf_train_fight_0236.avi,b1c3f0c08e027ba0c8911bb626ebf95794a3524f1ce88ede46cab353889f7376,6b8ddc71a335c0e54ccea6ff2f52cfa0a123b16855f9c5d4b88f46d552a1418e,,,0,0,5.000000,5.000000,0.0,1.0,1280x720,1280x720,8,0,3,isolated_frame_similarity
train,test,RLVS,RLVS,0,0,NonViolence/NV_521.mp4,NonViolence/NV_520.mp4,9a635d37f5384779103e25d8674a5496b6af665bb19f464bf76c38d9a9fd3424,d58df100eebd189b6ce6645ed33d9253a15dc4b4527a1c620c91feb8a12c2d9d,,,0,0,5.000000,5.000000,0.0,1.0,224x224,224x224,8,0,3,isolated_frame_similarity
train,validation,RLVS,RLVS,0,0,NonViolence/NV_378.mp4,NonViolence/NV_373.mp4,df7b2534d382cbd4bdd3d209b055b93ce3651133158a3ad17d6218cc0af3060c,76c4df6393f7cc250ceec92eb72b2baf92cc41de9d4591a00988e24f7a7d0ad3,,,0,0,5.000000,5.000000,0.0,1.0,224x224,224x224,8,0,3,isolated_frame_similarity
train,test,RWF-2000,RWF-2000,1,0,train/Fight/rwf_train_fight_0294.avi,train/NonFight/rwf_train_nonfight_0317.avi,ef9234b232e12fb0dcf6566a54c07f9602e32ba3f1774a0a155fcf4381cb514b,71885a9373b933b5ac1acf29a2fccd72e2235e3e6037534e2623104c4e098a8f,,,0,0,5.000000,5.000000,0.0,1.0,624x352,624x352,8,0,3,isolated_frame_similarity
train,validation,RLVS,RLVS,0,0,NonViolence/NV_540.mp4,NonViolence/NV_504.mp4,3c897ceae1fddc0c43d6e9066adff3771c2ae72f5127519f019a0757f8e95538,bfb199e041c8198b5b375091f047b51370dbcdb1ef97b1982d0d42bf4332b26d,,,0,0,5.000000,5.000000,0.0,1.0,224x224,224x224,8,0,3,isolated_frame_similarity
train,validation,RWF-2000,RWF-2000,0,0,train/NonFight/rwf_train_nonfight_0262.avi,train/NonFight/rwf_train_nonfight_0264.avi,578fc05271dd3f20c4cf933b55f390bd6daca626250ef1fef745a1881c4cb32b,0d2b947bb209a5a323ec8e1c0ac845db605c5e67907697dab6f58fe93f85c1d1,,,0,0,5.000000,5.000000,0.0,1.0,1280x720,1280x720,8,0,3,isolated_frame_similarity
train,validation,RLVS,RLVS,0,0,NonViolence/NV_175.mp4,NonViolence/NV_183.mp4,0a592b9583210b0432eb7b32e2943e295daefc7c5df8857d8baba96f09fe6b4c,d8c1535a73d8a5670b8cfbfcf79b22398f84c04d9c8920e7f3457d7c38ad7836,,,0,0,5.000000,5.000000,0.0,1.0,224x224,224x224,8,0,3,isolated_frame_similarity
train,validation,RWF-2000,RWF-2000,0,1,train/NonFight/rwf_train_nonfight_0199.avi,train/Fight/rwf_train_fight_0178.avi,d1b9dc5579f17f1573aa16597b2d6ff309faf1d1761dddbf05487230791c4d45,8966c2b4fb80120290d0368a4861a2a6e7d6bea28b4e5958685337bb798dc094,,,0,0,5.000000,5.000000,0.0,1.0,480x360,480x360,8,0,3,isolated_frame_similarity
validation,test,RWF-2000,RWF-2000,1,1,train/Fight/rwf_train_fight_0213.avi,train/Fight/rwf_train_fight_0211.avi,e533e9581ee19303dcbb85a993c39ae026206741c7c0ee2e7b5140201b9f5e26,83d6da933610e5dd592d34cbe58a6c691c9f0f8c531a67ce4cc7e0f00e5c54c2,,,0,0,5.000000,5.000000,0.0,1.0,1280x720,1280x720,8,0,3,isolated_frame_similarity
train,test,RWF-2000,RWF-2000,1,1,train/Fight/rwf_train_fight_0519.avi,train/Fight/rwf_train_fight_0522.avi,e9cbaee1ab3ca95c1956c0edd1cdaedae458592a3e1c1bddb8c5094517f7385d,b786c29f018aeae162fd406537776276191e8a11009c1f638b519b875e3666e7,,,0,0,5.000000,5.000000,0.0,1.0,1280x720,1280x720,0,2,2,isolated_frame_similarity
train,validation,RLVS,RLVS,0,0,NonViolence/NV_529.mp4,NonViolence/NV_531.mp4,af9fd97bb996c0cc85f4ef9a4eb62647d8e6ddee099cc7d953a0b858d5da2858,95a7248cc478133fe367e20b2b6ed988b3d49d18c8b8fa9981626d39545d6428,,,0,0,5.000000,5.000000,0.0,1.0,224x224,224x224,0,2,2,isolated_frame_similarity
train,validation,RWF-2000,RWF-2000,1,1,train/Fight/rwf_train_fight_0677.avi,train/Fight/rwf_train_fight_0678.avi,d63a1507d678e7e1b57795c675436f38b9b3d72cc10ef8ccceac092ff130037d,de0978be447a8a1093cc5bd2de42c9175b0647ddc666831a54f646cc7108c654,,,0,0,5.000000,5.000000,0.0,1.0,960x720,960x720,0,1,2,isolated_frame_similarity
train,validation,RLVS,RLVS,0,0,NonViolence/NV_253.mp4,NonViolence/NV_254.mp4,02ef60b28ac367b89a9b7ff62cab9b35097f12953ad3519ea1ae00f3e3481d40,e0a48464584bac4b299dabef57e6cb264bd8628e128e954a45152a8c6f9085a9,,,0,0,5.000000,5.000000,0.0,1.0,224x224,224x224,0,2,2,isolated_frame_similarity
train,validation,RLVS,RLVS,0,0,NonViolence/NV_343.mp4,NonViolence/NV_341.mp4,e37d57b520043568b65966bb21bc93692b6a18464034b42b8d45ebe64a2d44a2,40b2190f6d7919eaf730ba6032ffab3855fd8fbbffc4e2e72035eac38ab1e369,,,0,0,3.703700,4.404400,0.7006999999999999,0.8409090909090909,640x360,640x360,0,2,2,isolated_frame_similarity
train,validation,RLVS,RLVS,0,0,NonViolence/NV_686.mp4,NonViolence/NV_688.mp4,2ce1081b8d40303d8f173c0fc050d35b2a718c5973d2552ba2b8866f34a331b1,fe7691bb3d8ecccc64c6271eccd1fd3cc6f4c1bc239b23e5c6b30445b21e96cb,,,0,0,5.000000,5.000000,0.0,1.0,224x224,224x224,0,2,2,isolated_frame_similarity
validation,test,RLVS,RLVS,1,1,Violence/V_805.mp4,Violence/V_806.mp4,6edeb83b1606b11a18cb10d879a3bf440d82a942f641228a81e67bb523bb6872,be3974725ac38ec4b756b971ccad13ff7b733714a933a0351ccff800907c94bd,,,0,0,5.100000,5.100000,0.0,1.0,406x664,406x664,0,2,2,isolated_frame_similarity
validation,test,RLVS,RLVS,0,0,NonViolence/NV_380.mp4,NonViolence/NV_379.mp4,2215edbcb952a6874af1f0d767ae0f26f70bbaa4a7d3e02abb5ff8ffa80b6e96,21a9664c47a43823975e914fe1aeba86378fd5782a45754c42ff8dac369d5bc8,,,0,0,5.000000,5.000000,0.0,1.0,224x224,224x224,0,2,2,isolated_frame_similarity
train,test,RWF-2000,RWF-2000,1,1,train/Fight/rwf_train_fight_0059.avi,train/Fight/rwf_train_fight_0058.avi,bc509867e2789a4895745f01545a08020f04f69867e26b4d29345d717bdc668f,81c8816d5b491b0d3996ac036891cdb1493b5efc5afac7a59546c5bb4caacd47,,,0,0,5.000000,5.000000,0.0,1.0,1280x720,1280x720,2,1,2,isolated_frame_similarity
train,test,RLVS,RLVS,0,0,NonViolence/NV_251.mp4,NonViolence/NV_252.mp4,fabbe0a3d609acb6c512e1c1f95882a8e4f896e95d6a0841d79b932b1d880253,cc44d28dd7e7416663a27be76ed577f737d02fd34a727ea92a411b973eaab75d,,,0,0,5.000000,5.000000,0.0,1.0,224x224,224x224,2,2,2,isolated_frame_similarity
train,validation,RWF-2000,RWF-2000,1,1,val/Fight/rwf_val_fight_0172.avi,val/Fight/rwf_val_fight_0171.avi,231a6bdd0f6658a2f499cbe435f17c62731856cf42e0b2097aa624b0cd4a5659,f3bac226f19cac7e8ac42b75a1abd4c80480b9589ca63655c3e5eaca148124d0,,,0,0,5.000000,5.000000,0.0,1.0,1280x720,1280x720,2,2,2,isolated_frame_similarity
train,test,RLVS,RLVS,0,0,NonViolence/NV_636.mp4,NonViolence/NV_637.mp4,84163b585ae05084ef2c8aaa8f7e67b1ea5c16344a20c4038c519a168c6810dc,79f36f46ec35582d7dd379a695754090f96bed156d821eebc2afef3c41aaf3ca,,,0,0,5.000000,5.000000,0.0,1.0,224x224,224x224,2,1,2,isolated_frame_similarity
train,test,RWF-2000,RWF-2000,1,1,train/Fight/rwf_train_fight_0573.avi,train/Fight/rwf_train_fight_0572.avi,abd021b66c7440885d9ba969c9e51ddde8493b0d0ece39ef83355f6f6972cb70,eb55d33af8d8ab6d23dba6b6761ad91f9065ba34fee20fba557ed8f6a44c56f6,,,0,0,5.000000,5.000000,0.0,1.0,204x360,204x360,2,1,2,isolated_frame_similarity
train,validation,RLVS,RLVS,0,0,NonViolence/NV_937.mp4,NonViolence/NV_952.mp4,ce5d87aab1f91294b717de4b8b316bfbdc4cfced646322ca13bd03df1c01473e,24c5975667d168350378867a5da592005e9c113a877d33f4a71e992821e3bc3e,,,0,0,5.000000,5.000000,0.0,1.0,224x224,224x224,2,2,2,isolated_frame_similarity
train,validation,RWF-2000,RWF-2000,0,0,train/NonFight/rwf_train_nonfight_0463.avi,train/NonFight/rwf_train_nonfight_0462.avi,239546e938ea5b752007b7097bfe5420af9e5427d4421d560d18d8d4759ca047,cf3482a526853feb03490b45039eef1abc4bb3c5f9b4f58736deceb73bac0bf6,,,0,0,5.000000,5.000000,0.0,1.0,1280x720,1280x720,2,2,2,isolated_frame_similarity
train,validation,RLVS,RLVS,0,0,NonViolence/NV_492.mp4,NonViolence/NV_493.mp4,f6831f24eea147318a75c576f9b1e770dd1654b277d47918e673920bf12c6bf0,9c727a5c1d414ef9af46902f8857f4411bb69b5d6065565a8a43d2e60b2f5b03,,,0,0,5.000000,5.000000,0.0,1.0,224x224,224x224,2,2,2,isolated_frame_similarity
train,validation,RLVS,RLVS,0,0,NonViolence/NV_223.mp4,NonViolence/NV_222.mp4,a346129ae5275f93ee36fdd1fc99f1f00c7f1a859fdc2741faba341e91c53412,0e085960fea3c66079c94b4ee0cf1f511e77a0ebdc5e7d68066ac142f4fe418c,,,0,0,5.000000,5.000000,0.0,1.0,224x224,224x224,2,2,2,isolated_frame_similarity
train,test,RLVS,RLVS,0,0,NonViolence/NV_418.mp4,NonViolence/NV_416.mp4,39d639c11ebfea69e6a75ddad74e1ba04d4c9428af4fd72e6590d3ad9d1bcefe,f45b77d7ac45cab2b6cd4aee5ce1acc4e78741af6d43976335f3e822c275c749,,,0,0,5.000000,5.000000,0.0,1.0,224x224,224x224,2,1,2,isolated_frame_similarity
train,test,RWF-2000,RWF-2000,1,0,train/Fight/rwf_train_fight_0290.avi,train/NonFight/rwf_train_nonfight_0177.avi,4bad0b22577ee3fb060f3d65a4350cb721b9f6f0852cdaa6c9d3f2fae2fb5c55,599bc1d98933bc85acbcfff57fe5dbdd99de718fa09e70b7959de7f5c152696b,,,0,0,5.000000,5.000000,0.0,1.0,320x240,320x240,2,2,2,isolated_frame_similarity
train,validation,RLVS,RLVS,0,0,NonViolence/NV_534.mp4,NonViolence/NV_531.mp4,bee739f065024ec7a51840d489b2a940ddc21ad93e2d88eaa2fe9fb4071b4d46,95a7248cc478133fe367e20b2b6ed988b3d49d18c8b8fa9981626d39545d6428,,,0,0,5.000000,5.000000,0.0,1.0,224x224,224x224,2,1,2,isolated_frame_similarity
train,validation,RLVS,RLVS,0,0,NonViolence/NV_700.mp4,NonViolence/NV_702.mp4,ce783e245ea5399773949ba9e87746cfa09abc8c6892985cd2ec47f82132bb47,f652b491bdd19838f1abfa05a49b8bfa59aa95e1a7dd167b2b422a7aa983125b,,,0,0,5.000000,5.000000,0.0,1.0,224x224,224x224,2,1,2,isolated_frame_similarity
train,validation,RWF-2000,RWF-2000,1,1,val/Fight/rwf_val_fight_0116.avi,val/Fight/rwf_val_fight_0115.avi,ef181cff2e9fa4572b795dcd8c404ee5a44a57a40c9657927636f4e5aed4d449,e047ea2ba622af1ca8e5864eafdc97f670ff3ca50ce57341495f2009a104f69b,,,0,0,5.000000,5.000000,0.0,1.0,640x360,640x360,2,2,2,isolated_frame_similarity
train,validation,RWF-2000,RWF-2000,0,0,train/NonFight/rwf_train_nonfight_0460.avi,train/NonFight/rwf_train_nonfight_0462.avi,410b6768f40e3731e9d9de436b54aede35a697e8bba8a8b646bc6371ac55c7b2,cf3482a526853feb03490b45039eef1abc4bb3c5f9b4f58736deceb73bac0bf6,,,0,0,5.000000,5.000000,0.0,1.0,1280x720,1280x720,2,2,2,isolated_frame_similarity
train,validation,RLVS,RLVS,0,0,NonViolence/NV_255.mp4,NonViolence/NV_254.mp4,7cf146dc66bc64c32082f10d842ffaad2ed283e1b9f11137683281bb5d3bb21f,e0a48464584bac4b299dabef57e6cb264bd8628e128e954a45152a8c6f9085a9,,,0,0,5.000000,5.000000,0.0,1.0,224x224,224x224,2,2,2,isolated_frame_similarity
train,test,RLVS,RLVS,0,0,NonViolence/NV_527.mp4,NonViolence/NV_528.mp4,a7fa485fea2dd7907c27401e18d43adf9626e09d482277a01707ea5c6179e94c,e3f78d31546853f638ab8b0381343d685bf9adedda3cb228d956c3102298295d,,,0,0,5.000000,5.000000,0.0,1.0,224x224,224x224,2,2,2,isolated_frame_similarity
train,test,RLVS,RLVS,0,0,NonViolence/NV_149.mp4,NonViolence/NV_156.mp4,7522fad279e5a57c0fce3a30a94de281312a7fc61b5e57c4d81719a1d32b17cf,ae763fa88e70a3a24915596c7a1ffeb7fc4bf0a9ef48ad12bff92ae86138c410,,,0,0,5.000000,5.000000,0.0,1.0,224x224,224x224,2,2,2,isolated_frame_similarity
validation,test,RWF-2000,RWF-2000,1,1,train/Fight/rwf_train_fight_0222.avi,train/Fight/rwf_train_fight_0223.avi,b774bf625534570a85571b7251333d98d9a9ecf69f5a2f61c215eb8d7577a2ef,c091764c0976ffcc70ff42fb98f9410fac70bc331c4b5fefef4bca6b28422585,,,0,0,5.000000,5.000000,0.0,1.0,640x320,640x320,2,2,2,isolated_frame_similarity
train,validation,RLVS,RLVS,0,0,NonViolence/NV_532.mp4,NonViolence/NV_531.mp4,54e5ebe08c75d8dd2e1b448e93cbf835c1db5129a268eff105c2ccf3604007d3,95a7248cc478133fe367e20b2b6ed988b3d49d18c8b8fa9981626d39545d6428,,,0,0,5.000000,5.000000,0.0,1.0,224x224,224x224,4,2,2,isolated_frame_similarity
train,test,RWF-2000,RWF-2000,1,1,val/Fight/rwf_val_fight_0062.avi,val/Fight/rwf_val_fight_0063.avi,0de797c314484ec8a84d5ae78f2cb6f58916c2729a7390dce06dd8ab738f2511,c71399a1d057071b7f063c5ffb96a0465e08c0874c53264e3e55905c9f1f6bba,,,0,0,5.000000,5.000000,0.0,1.0,480x360,480x360,4,1,2,isolated_frame_similarity
train,validation,RLVS,RLVS,0,0,NonViolence/NV_33.mp4,NonViolence/NV_43.mp4,19f93946de642aa8a7ca118c570bca37d3ac7849eee4475bfbf2775424bd37b5,59ef3a7e55829cdf8ae424f4ede48628e5a4a428518831c732ffb35e791f5123,,,0,0,5.320000,4.720000,0.6000000000000005,0.8872180451127819,640x360,640x360,4,1,2,isolated_frame_similarity
train,validation,RLVS,RLVS,0,0,NonViolence/NV_62.mp4,NonViolence/NV_51.mp4,2f7c0f5d4548fa028696c35a943c81cd00d66c27420f6fb0ad136de3b83e52a9,899cebf0acc3bd748c7080f9adf184382cb0839044a00db68e5c00d944ac0076,,,0,0,5.000000,5.000000,0.0,1.0,224x224,224x224,4,2,2,isolated_frame_similarity
train,test,RWF-2000,RWF-2000,1,1,val/Fight/rwf_val_fight_0147.avi,val/Fight/rwf_val_fight_0151.avi,e78692a8d11ec8d845e64a49d7129433f814eeed990497994ff60fe9f3fb5f5f,2327862244d5b97544304ecda760991fdc0f4f2b848fa40e24bc13143e1c8868,,,0,0,5.000000,5.000000,0.0,1.0,640x360,640x360,4,1,2,isolated_frame_similarity
train,validation,RWF-2000,RWF-2000,0,1,train/NonFight/rwf_train_nonfight_0559.avi,train/Fight/rwf_train_fight_0506.avi,6e56dfc6c5cba7657c44a87ce45cba6611430b7fd50e346924a60efeb82611c8,6da1d6a3b6f43eaddc6ab0596a2c2be38be2fd9dc326421be839d61c4fa914f8,,,0,0,5.000000,5.000000,0.0,1.0,1280x720,1280x720,4,1,2,isolated_frame_similarity
train,validation,RLVS,RLVS,0,0,NonViolence/NV_690.mp4,NonViolence/NV_683.mp4,d1444b1cc79b66548b9f82031a0facfdc81435c61e462b74cb3196575e57f613,f8f8b475407290912e2bbaac2c2b56054230fb9cc9a4a5443b2ce8d226205520,,,0,0,5.000000,5.000000,0.0,1.0,224x224,224x224,4,1,2,isolated_frame_similarity
train,validation,RLVS,RLVS,0,0,NonViolence/NV_701.mp4,NonViolence/NV_685.mp4,013338a2e541cec0bab4ccd29accba131089e8432c723d55f5cf58f8b80f104d,e0b45b413bde395e13e18c5a64a90b7930f38a944c48104992b6c34472337fc0,,,0,0,5.000000,5.000000,0.0,1.0,224x224,224x224,4,2,2,isolated_frame_similarity
train,test,RWF-2000,RWF-2000,0,0,train/NonFight/rwf_train_nonfight_0375.avi,train/NonFight/rwf_train_nonfight_0376.avi,9fc4f50e84df1a8f4b7f4efd51319496d6edf4f7a034c3173360d8fd81ad7c4f,ecb4c14e2bb64f256e87c03a37a9d0b0c1ec4f11fcf0cc5f57ec23af8150db44,,,0,0,5.000000,5.000000,0.0,1.0,1280x720,1280x720,4,1,2,isolated_frame_similarity
train,validation,RLVS,RLVS,0,0,NonViolence/NV_836.mp4,NonViolence/NV_829.mp4,be0639e6e74170bc4ee057ea64d830c2e6113ee2216d297105946a7992588eb7,1bfda470b044fce0631f59f52d53ec0194efc0631341956c36a360874ca47e4e,,,0,0,6.160000,4.520000,1.6400000000000006,0.7337662337662337,854x480,854x480,4,1,2,isolated_frame_similarity
train,validation,RWF-2000,RWF-2000,0,1,train/NonFight/rwf_train_nonfight_0315.avi,train/Fight/rwf_train_fight_0289.avi,dcb5d02e5f337b9fc234f1d985a6293a1e3bd4e02339d08cbcbbcbd089bb8580,53db7a4f21974028580948d385490df6f9e78d5097d31df436da233d7b3e5ac4,,,0,0,5.000000,5.000000,0.0,1.0,1280x720,1280x720,4,2,2,isolated_frame_similarity
train,test,RLVS,RLVS,0,0,NonViolence/NV_937.mp4,NonViolence/NV_936.mp4,ce5d87aab1f91294b717de4b8b316bfbdc4cfced646322ca13bd03df1c01473e,d39221a0ea54b0e64419f1de95c5e8bf72460d6efd7c10a59bb4265cfb0360c7,,,0,0,5.000000,5.000000,0.0,1.0,224x224,224x224,4,2,2,isolated_frame_similarity
train,validation,RLVS,RLVS,0,0,NonViolence/NV_186.mp4,NonViolence/NV_183.mp4,50e8fd5e01fea4c1414292df7e8f501bafda24d02ebb62a9466c829143706966,d8c1535a73d8a5670b8cfbfcf79b22398f84c04d9c8920e7f3457d7c38ad7836,,,0,0,5.000000,5.000000,0.0,1.0,224x224,224x224,4,1,2,isolated_frame_similarity
train,validation,RWF-2000,RWF-2000,1,1,train/Fight/rwf_train_fight_0516.avi,train/Fight/rwf_train_fight_0513.avi,fab8d3f9acda7630d53eb483871bdc21dac4ada190f708690a8ed0c82fa5f1dd,32da8e94e19a280fbd2e49e0d76540cbc988d7b647dd212f58b90e7fddf06ae7,,,0,0,5.000000,5.000000,0.0,1.0,1280x720,1280x720,4,2,2,isolated_frame_similarity
train,test,RLVS,RLVS,0,0,NonViolence/NV_740.mp4,NonViolence/NV_741.mp4,3e6efe1904ff8fbd37bb8459119ff1bb4ce23d8905957bdf1da0218d98c54395,5e369a4643f8fdc6254ac963dacb31340a08e9934d852e08a1d7e87bf62484b3,,,0,0,4.671333,4.604600,0.06673300000000015,0.9857143560521161,854x480,854x480,4,2,2,isolated_frame_similarity
train,validation,RWF-2000,RWF-2000,1,1,train/Fight/rwf_train_fight_0776.avi,train/Fight/rwf_train_fight_0778.avi,6388a960e36080a43e9c2d47cc34de322a3cd5c9f06d4612498afbdb87f1c636,7ac0293950db290553844e9b7b71a6b06e1af49b02a25ddd7ce4b284fe5aa6c2,,,0,0,5.000000,5.000000,0.0,1.0,368x276,368x276,4,1,2,isolated_frame_similarity
train,test,RWF-2000,RWF-2000,1,1,train/Fight/rwf_train_fight_0715.avi,train/Fight/rwf_train_fight_0716.avi,3f210702c50e26dd66ae0491d7e192b0e0a4265e475847c7d13cdfcbe475c741,d1a3a2c9a4ccc7940f024fff1797792136837a9d5c2fca8d5d621433ba7a3290,,,0,0,5.000000,5.000000,0.0,1.0,320x240,320x240,4,1,2,isolated_frame_similarity
train,validation,RLVS,RLVS,0,0,NonViolence/NV_60.mp4,NonViolence/NV_133.mp4,4b126a5a44e54bc161827dbf4598698a90abcb4bb63db61afe39eda085d4fab4,b18cdb7933f4037bc28882edc2ed882b56836b6410970f923ec677c3e7df9936,,,0,0,5.000000,5.000000,0.0,1.0,224x224,224x224,4,2,2,isolated_frame_similarity
train,validation,RLVS,RLVS,0,0,NonViolence/NV_471.mp4,NonViolence/NV_470.mp4,c2be8b1535ec0d1350722efcada2548644218a366c85fc3c127a026f1662cff2,dcb85cdb0fb53b37548352525bf9612e3ed6a4ed8bd6373997425ef0ba9b90d9,,,0,0,5.000000,5.000000,0.0,1.0,224x224,224x224,4,2,2,isolated_frame_similarity
train,test,RWF-2000,RWF-2000,1,1,train/Fight/rwf_train_fight_0558.avi,train/Fight/rwf_train_fight_0559.avi,6c81ee9c841fa5c1ec71845b4bf33342f32c0cb0d0e5bcfac5ac5a195380b621,ee245de15b2d748c0c277fc82590759de64dd9d5d7043e44d085ac3c60db6277,,,0,0,5.000000,5.000000,0.0,1.0,640x352,640x352,4,1,2,isolated_frame_similarity
train,validation,RLVS,RLVS,0,0,NonViolence/NV_230.mp4,NonViolence/NV_229.mp4,448aad8470e41beb25774ae5d72b255fa6c5abdc739a92b5aa097d1785c71715,8368284fee1930f0cf7f0dd4fbd7a0f218a003d8b7df40cbf16d8a81f9985a71,,,0,0,5.000000,5.000000,0.0,1.0,224x224,224x224,4,1,2,isolated_frame_similarity
train,validation,RLVS,RLVS,1,1,Violence/V_112.mp4,Violence/V_113.mp4,6911bb8de17e5293a2ec3217ed668a597ad777b4480e44e9084d032efb5380c0,4f27a4a17c55fcc812fccb78ee5cde3c61512cbb5706ccd17932c186e7683d86,,,0,0,4.404400,5.405400,1.0010000000000003,0.8148148148148148,204x360,204x360,4,2,2,isolated_frame_similarity
train,validation,RWF-2000,RWF-2000,0,1,train/NonFight/rwf_train_nonfight_0714.avi,train/Fight/rwf_train_fight_0694.avi,f59865a27a5943dd01341a4b421413bb709307df9ceaef46d4377d8dae695561,be2e15d53d7403a9c452558d7354bae3fe8744a734243c9a38a6b067d9acce9d,,,0,0,5.000000,5.000000,0.0,1.0,1280x720,1280x720,4,2,2,isolated_frame_similarity
train,test,RWF-2000,RWF-2000,1,1,val/Fight/rwf_val_fight_0192.avi,val/Fight/rwf_val_fight_0194.avi,9c1b362d55b2e5026348d31b1b77db0194ee7489a8c22fa9dfdf7233adcd8438,9bd595c4e85de8388934b026c2f788060786329f8b7bd48be206470f486c0e0f,,,0,0,5.000000,5.000000,0.0,1.0,1280x720,1280x720,4,2,2,isolated_frame_similarity
train,validation,RWF-2000,RWF-2000,1,1,train/Fight/rwf_train_fight_0502.avi,train/Fight/rwf_train_fight_0503.avi,595544ffc129060f93d198ce2ac852b1081198c0260a5a73965c8efc8f60b0f2,06f9a221e75bc5c9a58e34138506a3a77ce0c491bc32c0f15a79b8bd87eb14fc,,,0,0,5.000000,5.000000,0.0,1.0,568x320,568x320,4,2,2,isolated_frame_similarity
train,test,RWF-2000,RWF-2000,1,1,val/Fight/rwf_val_fight_0146.avi,val/Fight/rwf_val_fight_0150.avi,3420f55a10723a3ffa1e880ade253db829f1618e66a4511bb2719956cd15d883,79626bf77fab968d855f1e97cdd853cef163d32013eb0095f0f1da6461946009,,,0,0,5.000000,5.000000,0.0,1.0,640x360,640x360,4,2,2,isolated_frame_similarity
train,validation,RLVS,RLVS,0,0,NonViolence/NV_487.mp4,NonViolence/NV_488.mp4,6c3bdec209ed015402c676f17e9da47c7d67b802dbfbd0b5aaac913c348ef5d2,9c22f0d15f30eeadce39388cadbf8e856a3505df3e0b288fc68cf97b3a75deec,,,0,0,5.000000,5.000000,0.0,1.0,224x224,224x224,4,1,2,isolated_frame_similarity
train,test,RLVS,RLVS,0,0,NonViolence/NV_646.mp4,NonViolence/NV_647.mp4,7db5e30760702682d0133606ebeaddae3092f4286d1dc7ed2c6433496cf78eba,997de0b51c1486d72a064064ced0c103fb3cedf3523f16d2f1a5c09b1bba6d49,,,0,0,5.000000,5.000000,0.0,1.0,224x224,224x224,4,1,2,isolated_frame_similarity
train,validation,RLVS,RLVS,0,0,NonViolence/NV_757.mp4,NonViolence/NV_753.mp4,6e7d9a8236db3c8f1a9f6425f1b360fc7e5db5b4253e8f3784d51a62a93bf4e1,39ce72892c74a68f46f2ec4f88d6f2cc3024248866c4b44427806a2c2107d9a6,,,0,0,5.000000,5.000000,0.0,1.0,224x224,224x224,4,1,2,isolated_frame_similarity
train,test,RWF-2000,RWF-2000,1,1,train/Fight/rwf_train_fight_0450.avi,train/Fight/rwf_train_fight_0448.avi,248e8cbaf2c017e2003ea43655523454b432440fb9a075db79d0b86f713bc27b,e6dde7a5cec1d1ac6a3a4d4a38413abc70d0983c4afa49d30f439b941daf56e7,,,0,0,5.000000,5.000000,0.0,1.0,320x240,320x240,4,2,2,isolated_frame_similarity
train,test,RLVS,RLVS,0,0,NonViolence/NV_730.mp4,NonViolence/NV_735.mp4,cc0ba048022cd3f8cceb2e20fdaa894b84a985fe784c9e9ae83fc151c0997ea2,eb70e1130161821ca2da05b7654210f56977a9ec50bed9da9a45958740abeb31,,,0,0,5.800000,5.700000,0.09999999999999964,0.9827586206896552,368x272,368x272,4,1,2,isolated_frame_similarity
train,test,RLVS,RLVS,0,0,NonViolence/NV_730.mp4,NonViolence/NV_732.mp4,cc0ba048022cd3f8cceb2e20fdaa894b84a985fe784c9e9ae83fc151c0997ea2,cc64f762c6745958e659f17f7451f42e40d1f1c4c963ce766bec69cb7b46162e,,,0,0,5.800000,6.700000,0.9000000000000004,0.8656716417910447,368x272,368x272,4,2,2,isolated_frame_similarity
train,test,RWF-2000,RWF-2000,1,1,train/Fight/rwf_train_fight_0571.avi,train/Fight/rwf_train_fight_0570.avi,4dc1cf7813f9da5b1c75a01b26d479b446dd2713921474a7f7ef2a6084cece61,6ec2ef4f51a8dd59de9fbbc21d1e4cbc79da859a3b982f94307c04355ca64e74,,,0,0,5.000000,5.000000,0.0,1.0,204x360,204x360,4,1,2,isolated_frame_similarity
train,validation,RLVS,RLVS,0,0,NonViolence/NV_382.mp4,NonViolence/NV_373.mp4,f01a15e99958e2b6463417ea79b7c3b5cd5701bd23302d387366ff2f8da14e93,76c4df6393f7cc250ceec92eb72b2baf92cc41de9d4591a00988e24f7a7d0ad3,,,0,0,5.000000,5.000000,0.0,1.0,224x224,224x224,4,1,2,isolated_frame_similarity
validation,test,RWF-2000,RWF-2000,1,1,val/Fight/rwf_val_fight_0176.avi,val/Fight/rwf_val_fight_0175.avi,f007fec0687bdcd7a5d9a1a3678ab08d19d0689b7f087d81583f81fac7e2e3ba,fa8ac7c1d0fe9d52ce0761004024c699738db527d2e4feebdadc99d070114dd8,,,0,0,5.000000,5.000000,0.0,1.0,480x360,480x360,4,1,2,isolated_frame_similarity
validation,test,RLVS,RLVS,1,1,Violence/V_117.mp4,Violence/V_115.mp4,3e1a88a09f03f5c761b6e5bc47f264a3df3862e9daf07c02fe12682a1ff421ce,d26fdce8835dff2a471cff7d9effdf2dafa81b3b457ae2a5881558a4dd5d8fc3,,,0,0,4.904900,5.005000,0.1001000000000003,0.98,1280x720,1280x720,4,2,2,isolated_frame_similarity
validation,test,RLVS,RLVS,0,0,NonViolence/NV_536.mp4,NonViolence/NV_518.mp4,58ef6c89370c75f12616ab0f16fa22ead8e20370b570b6fd3623e07cb61214a1,53ca93e090aa372219028ac80ffea750508474c107f7cc347f05aec2a8753193,,,0,0,5.000000,5.000000,0.0,1.0,224x224,224x224,4,1,2,isolated_frame_similarity
validation,test,RLVS,RLVS,0,0,NonViolence/NV_415.mp4,NonViolence/NV_414.mp4,aee3cb5e9b4ad621f3f02ad43d6c0559cb6122704a2b315c8a829cb8e9355ef4,a209a2d540ead0d929fc7d70bfbcf806fea21a16c3c6fcdf755cb66bc9bd7277,,,0,0,5.000000,5.000000,0.0,1.0,224x224,224x224,4,1,2,isolated_frame_similarity
train,validation,RLVS,RLVS,0,0,NonViolence/NV_833.mp4,NonViolence/NV_829.mp4,cc807f007fce67ff4d3358ffb76dafc6f738151a1f8ad7a93c8f1e849ccaf61a,1bfda470b044fce0631f59f52d53ec0194efc0631341956c36a360874ca47e4e,,,0,0,5.360000,4.520000,0.8400000000000007,0.8432835820895521,854x480,854x480,6,1,2,isolated_frame_similarity
train,validation,RWF-2000,RWF-2000,1,1,train/Fight/rwf_train_fight_0088.avi,train/Fight/rwf_train_fight_0087.avi,6cfd5b246b113569a3e71a956fbfe6a9d8a80e1750dab42feac989ea796102c0,2b1ece335d42040f08d46638a0199e2abb5a53608a54b7c8c653d60a6aa0685b,,,0,0,5.000000,5.000000,0.0,1.0,1920x1080,1920x1080,6,1,2,isolated_frame_similarity
train,validation,RWF-2000,RWF-2000,0,1,train/NonFight/rwf_train_nonfight_0297.avi,train/Fight/rwf_train_fight_0274.avi,6ddea7c4278eed6bd21eeaaa1ed6c7233aca78f74369a922dc4344c21d64aabd,71065c4b4a3a50c33a86aecbb5528a472ddcb2bb798667b65fa7b9b3314dcf5a,,,0,0,5.000000,5.000000,0.0,1.0,640x360,640x360,6,1,2,isolated_frame_similarity
train,validation,RWF-2000,RWF-2000,1,1,train/Fight/rwf_train_fight_0699.avi,train/Fight/rwf_train_fight_0696.avi,ceac731800094c6c4c560846996b176a17669eacb6985b133b2aedaaf6664f84,2e35dbfaa8be6f07d3ee798a0b778bf0ece0fa0b58cbfebe88b8d8b9204cf939,,,0,0,5.000000,5.000000,0.0,1.0,1280x720,1280x720,6,1,2,isolated_frame_similarity
train,test,RWF-2000,RWF-2000,1,1,train/Fight/rwf_train_fight_0699.avi,train/Fight/rwf_train_fight_0697.avi,ceac731800094c6c4c560846996b176a17669eacb6985b133b2aedaaf6664f84,87ea0aa6324838f9120e21673ba3534e5fe8c3c484cd7e522aab77f27fae2945,,,0,0,5.000000,5.000000,0.0,1.0,1280x720,1280x720,6,1,2,isolated_frame_similarity
train,test,RLVS,RLVS,0,0,NonViolence/NV_874.avi,NonViolence/NV_872.avi,2d391fcafb596b16582077c8dae80a62ca684ca210660dd9b098154707bfb2fc,d34d150ef9d3ab3053e179d63d75ca6bbee2e3455a3d2fc9c412659bf97df30f,,,0,0,5.000000,5.000000,0.0,1.0,224x224,224x224,6,1,2,isolated_frame_similarity
train,validation,RLVS,RLVS,0,0,NonViolence/NV_759.mp4,NonViolence/NV_753.mp4,03dd7e98dc49f032c9ca1ae0c4ea3e27d7621bed245ca133bca7af5b27ab8098,39ce72892c74a68f46f2ec4f88d6f2cc3024248866c4b44427806a2c2107d9a6,,,0,0,5.000000,5.000000,0.0,1.0,224x224,224x224,6,1,2,isolated_frame_similarity
train,test,RLVS,RLVS,0,0,NonViolence/NV_754.mp4,NonViolence/NV_751.mp4,67cc9628e16da8603fded1ff861d6ce9a363a70d567a73f596ec82e337f9c9d0,a7881d015902337a42bddde70deee6b69b42134a0c5603ffb208749c814426c0,,,0,0,5.000000,5.000000,0.0,1.0,224x224,224x224,6,1,2,isolated_frame_similarity
train,test,RLVS,RLVS,0,0,NonViolence/NV_372.mp4,NonViolence/NV_374.mp4,bdd6e4759827880b2e4ac61e4e0721c84f008e71a52b5bf51bb5a4c2a4f465e5,f3f9292203ffec607ee0a86074af5113032e774adfdeae2a00249320bf5ed431,,,0,0,5.000000,5.000000,0.0,1.0,224x224,224x224,6,1,2,isolated_frame_similarity
train,test,RWF-2000,RWF-2000,1,1,train/Fight/rwf_train_fight_0372.avi,train/Fight/rwf_train_fight_0371.avi,a8b742c34592c70757a44ba6a4b1f80a327e61dc960137c5063d6959fed5f08c,0b098233b66685fc1e14db5c307604e60ccc1698852cd51885d104494783c229,,,0,0,5.000000,5.000000,0.0,1.0,640x356,640x356,6,1,2,isolated_frame_similarity
train,test,RWF-2000,RWF-2000,1,1,val/Fight/rwf_val_fight_0003.avi,val/Fight/rwf_val_fight_0001.avi,b60970dca79f7186ab0cc83303b30c64f02c53964a719c7c98dcae5be7e18c44,2675c60505d92ebced2c2b7cc2d3c13810a797168901f05ac12a19a9e0c7aa53,,,0,0,5.000000,5.000000,0.0,1.0,1280x720,1280x720,6,1,2,isolated_frame_similarity
train,test,RWF-2000,RWF-2000,1,0,train/Fight/rwf_train_fight_0462.avi,train/NonFight/rwf_train_nonfight_0522.avi,b1f72c2518200d3c8dab28624544e396b1502fc91c6697f8d21e860d65cb216a,9c6e45738cff881a61248585b5634900962220f886b0c15a9524e26788854a71,,,0,0,5.000000,5.000000,0.0,1.0,640x358,640x358,6,1,2,isolated_frame_similarity
train,validation,RLVS,RLVS,0,0,NonViolence/NV_703.mp4,NonViolence/NV_699.mp4,fba9867bbda2870b95bd161c95aee9bbd7e00ac526b030d4d690acff35f62abd,1df8b91751309777b494566f553eb9d5f5dad69bb1b772e024d9057b4ec6de10,,,0,0,5.000000,5.000000,0.0,1.0,224x224,224x224,6,1,2,isolated_frame_similarity
train,validation,RLVS,RLVS,0,0,NonViolence/NV_703.mp4,NonViolence/NV_683.mp4,fba9867bbda2870b95bd161c95aee9bbd7e00ac526b030d4d690acff35f62abd,f8f8b475407290912e2bbaac2c2b56054230fb9cc9a4a5443b2ce8d226205520,,,0,0,5.000000,5.000000,0.0,1.0,224x224,224x224,6,2,2,isolated_frame_similarity
train,test,RWF-2000,RWF-2000,1,1,train/Fight/rwf_train_fight_0124.avi,train/Fight/rwf_train_fight_0125.avi,beb280857c4c99d02108f795e40b3c10e3ad4e06f7f94ab3a33898ebedba038d,8de602b3e5f2aaef96f426f5133ae54f82a64e3c58daa4e7a49aa5440df301aa,,,0,0,5.000000,5.000000,0.0,1.0,1280x720,1280x720,6,1,2,isolated_frame_similarity
train,validation,RLVS,RLVS,1,1,Violence/V_148.mp4,Violence/V_133.mp4,72125250aed9ce7b2c245688a2b4ab0bb5614ced6cbf0f560d29a331a6150461,e1ecddaa0dc5118ddebe12a0252975c7881ce866d123a79e57cf74ec97fc7f60,,,0,0,5.900000,5.900000,0.0,1.0,640x360,640x360,6,1,2,isolated_frame_similarity
train,test,RWF-2000,RWF-2000,1,1,val/Fight/rwf_val_fight_0026.avi,val/Fight/rwf_val_fight_0027.avi,7144888d55877b5275c5ab22341cf8c6c23162cb4cf1f4cabf40514f3207d3df,322ea847d20071827a4748a9c7d5877ef1c01028e9df569d469df9b6b7877941,,,0,0,5.000000,5.000000,0.0,1.0,1280x720,1280x720,6,1,2,isolated_frame_similarity
train,validation,RLVS,RLVS,1,1,Violence/V_366.mp4,Violence/V_365.mp4,047b66906871d8cc6129bef353e61c465b79fa6ca2210d91dc68e8f70eefea5b,e8e8db9920142fa3c09e200c5d373bcb43ef9a070c21e28e8f769383246e05a4,,,0,0,5.005000,5.005000,0.0,1.0,1280x720,1280x720,6,2,2,isolated_frame_similarity
train,validation,RLVS,RLVS,0,0,NonViolence/NV_704.mp4,NonViolence/NV_702.mp4,d91234ee78b063cdd8ac10ef92220653dcfa87a56868764da8eb5acba07a573f,f652b491bdd19838f1abfa05a49b8bfa59aa95e1a7dd167b2b422a7aa983125b,,,0,0,5.000000,5.000000,0.0,1.0,224x224,224x224,6,2,2,isolated_frame_similarity
train,test,RWF-2000,RWF-2000,0,0,train/NonFight/rwf_train_nonfight_0490.avi,train/NonFight/rwf_train_nonfight_0505.avi,207e13efd328b15e8ffd7668060fbffb865a1e364adf0901330beded05a754bf,cc8a100ee0caf9ea1a6cd559789a4b7ccff2f3e1bd99d85bfcdc8bb25443181d,,,0,0,5.000000,5.000000,0.0,1.0,320x240,320x240,6,2,2,isolated_frame_similarity
train,test,RWF-2000,RWF-2000,1,1,train/Fight/rwf_train_fight_0616.avi,train/Fight/rwf_train_fight_0613.avi,0803d48e9d5afeeae0c875064840713cf2b47de2c19d4dc10e54608c9ce4f06f,bd2e106f55bc8038cc0dcd6109e17d8c069788ac0965a8db07056562d2f98f54,,,0,0,5.000000,5.000000,0.0,1.0,352x288,352x288,6,1,2,isolated_frame_similarity
train,validation,RWF-2000,RWF-2000,1,1,train/Fight/rwf_train_fight_0182.avi,train/Fight/rwf_train_fight_0185.avi,f99d3e0c3a45ed0f79b2b4a02bd211cf39812ff1b848265e4362e2f1bfe7d683,a437c2eb02b4adf8d0821cd7eeea0ea12ca527c9f82156fd915c4e80c3ba2fff,,,0,0,5.000000,5.000000,0.0,1.0,1280x720,1280x720,6,1,2,isolated_frame_similarity
train,test,RWF-2000,RWF-2000,1,1,train/Fight/rwf_train_fight_0182.avi,train/Fight/rwf_train_fight_0183.avi,f99d3e0c3a45ed0f79b2b4a02bd211cf39812ff1b848265e4362e2f1bfe7d683,1561a80585f9c951fd71ce10e09e8aab08aa0824a89be6acebbc9a5ffde57e48,,,0,0,5.000000,5.000000,0.0,1.0,1280x720,1280x720,6,1,2,isolated_frame_similarity
train,test,RLVS,RLVS,0,0,NonViolence/NV_171.mp4,NonViolence/NV_103.mp4,f775639394860a0167f38225b8ccc6484c99f283a016d340191b37dee369ce1e,fe91c812adf91eb8ee366f347ec096f737b9ec39711a45041c0961b89fa7ccbf,,,0,0,5.000000,5.000000,0.0,1.0,224x224,224x224,6,1,2,isolated_frame_similarity
train,validation,RWF-2000,RWF-2000,1,1,train/Fight/rwf_train_fight_0695.avi,train/Fight/rwf_train_fight_0698.avi,bcb55ac74a230ebb8b83c4a654ca17088435cae0476f5aa27ba45138fd52a869,e4db1b671670e8e86de7d4107b456f943265785358824cca87610493aa7e5e43,,,0,0,5.000000,5.000000,0.0,1.0,1280x720,1280x720,6,1,2,isolated_frame_similarity
train,validation,RWF-2000,RWF-2000,1,1,train/Fight/rwf_train_fight_0695.avi,train/Fight/rwf_train_fight_0696.avi,bcb55ac74a230ebb8b83c4a654ca17088435cae0476f5aa27ba45138fd52a869,2e35dbfaa8be6f07d3ee798a0b778bf0ece0fa0b58cbfebe88b8d8b9204cf939,,,0,0,5.000000,5.000000,0.0,1.0,1280x720,1280x720,6,1,2,isolated_frame_similarity
train,validation,RWF-2000,RWF-2000,0,1,train/NonFight/rwf_train_nonfight_0082.avi,train/Fight/rwf_train_fight_0074.avi,4b207b2d6eca1c87309f2841aebb197909f4c80714834af7853476669277454e,28465af8dca0b718aff179ac07acfd13024c4ff02b518035bcb903616e172967,,,0,0,5.000000,5.000000,0.0,1.0,1280x720,1280x720,6,1,2,isolated_frame_similarity
train,validation,RWF-2000,RWF-2000,0,1,train/NonFight/rwf_train_nonfight_0098.avi,train/Fight/rwf_train_fight_0087.avi,3664a49329cc10321ab3eff8d0b45fc2886739d65b68e763faa324f0a276cab2,2b1ece335d42040f08d46638a0199e2abb5a53608a54b7c8c653d60a6aa0685b,,,0,0,5.000000,5.000000,0.0,1.0,1920x1080,1920x1080,6,2,2,isolated_frame_similarity
train,test,RWF-2000,RWF-2000,0,1,train/NonFight/rwf_train_nonfight_0098.avi,train/Fight/rwf_train_fight_0085.avi,3664a49329cc10321ab3eff8d0b45fc2886739d65b68e763faa324f0a276cab2,f26a0ad92d41f2b3f69f9c46ec96fe1ba95963599e2576ce4324b6e71d01a369,,,0,0,5.000000,5.000000,0.0,1.0,1920x1080,1920x1080,6,1,2,isolated_frame_similarity
train,validation,RWF-2000,RWF-2000,0,1,val/NonFight/rwf_val_nonfight_0158.avi,val/Fight/rwf_val_fight_0176.avi,f7a002107159b51cec61581d460fa3057df879e16d7f9279f04741a0d622d648,f007fec0687bdcd7a5d9a1a3678ab08d19d0689b7f087d81583f81fac7e2e3ba,,,0,0,5.000000,5.000000,0.0,1.0,480x360,480x360,6,1,2,isolated_frame_similarity
train,validation,RLVS,RLVS,0,0,NonViolence/NV_834.mp4,NonViolence/NV_828.mp4,f479eb4cc00637b745c067671e8ead93178679e4f9f783c8fd559e15b937d576,13a5ee4f8235879f20f5beb862849ad77a56a3b349860dbb1808ae5ac8f3e062,,,0,0,4.920000,5.520000,0.5999999999999996,0.891304347826087,854x480,854x480,6,1,2,isolated_frame_similarity
train,test,RWF-2000,RWF-2000,0,1,train/NonFight/rwf_train_nonfight_0086.avi,train/Fight/rwf_train_fight_0076.avi,6908bf3882b2997e5e8ebb73b2d178c4a6020d1878b538a310752aafeec0a739,8d38902dee5f0220825da70cba00d044f507b78bab8fe731e609c7459b71b46e,,,0,0,5.000000,5.000000,0.0,1.0,480x360,480x360,6,1,2,isolated_frame_similarity
train,validation,RLVS,RLVS,0,0,NonViolence/NV_760.mp4,NonViolence/NV_753.mp4,ed91e6c1346b0049a6cb83c48f640ea84ff2e21eaa9c7bd2b0608f469dfa4c42,39ce72892c74a68f46f2ec4f88d6f2cc3024248866c4b44427806a2c2107d9a6,,,0,0,5.000000,5.000000,0.0,1.0,224x224,224x224,6,2,2,isolated_frame_similarity
train,validation,RLVS,RLVS,0,0,NonViolence/NV_689.mp4,NonViolence/NV_702.mp4,0b3940600bd86980791bdb5eaa228d8a3180799f79410fe1d2be54ae744cb323,f652b491bdd19838f1abfa05a49b8bfa59aa95e1a7dd167b2b422a7aa983125b,,,0,0,5.000000,5.000000,0.0,1.0,224x224,224x224,6,1,2,isolated_frame_similarity
train,test,RLVS,RLVS,0,0,NonViolence/NV_736.mp4,NonViolence/NV_735.mp4,1106b3fcdd2d72ce8d1bdefff5df544afad7d63dcabab4e327ab9a7e3a3d9ea3,eb70e1130161821ca2da05b7654210f56977a9ec50bed9da9a45958740abeb31,,,0,0,6.200000,5.700000,0.5,0.9193548387096774,368x272,368x272,6,1,2,isolated_frame_similarity
train,test,RWF-2000,RWF-2000,1,1,train/Fight/rwf_train_fight_0296.avi,train/Fight/rwf_train_fight_0293.avi,f2a06b333e4620065f29c721c29e484b4609edc76a35c669d4d1ab8bac38c5c6,e5ebe2b8210761a91528fb4cb45cf4b542378fb109ed3e6943d883b4ad895d36,,,0,0,5.000000,5.000000,0.0,1.0,624x352,624x352,6,1,2,isolated_frame_similarity
train,validation,RWF-2000,RWF-2000,1,1,train/Fight/rwf_train_fight_0675.avi,train/Fight/rwf_train_fight_0678.avi,1d870a096160a354a718d441290b0036b21ddd805c4d981653fc5bff7b967f33,de0978be447a8a1093cc5bd2de42c9175b0647ddc666831a54f646cc7108c654,,,0,0,5.000000,5.000000,0.0,1.0,960x720,960x720,6,1,2,isolated_frame_similarity
train,validation,RLVS,RLVS,0,0,NonViolence/NV_458.mp4,NonViolence/NV_459.mp4,13dd1431e238a63f40fc2983d95558fb6ba6ef44bc3f2dd3a1eb9de4696e915a,027f00f4865d7f45f3870ca8e20b89a96c59ad6480029a933eaddb5ac205b764,,,0,0,5.000000,5.000000,0.0,1.0,224x224,224x224,6,1,2,isolated_frame_similarity
train,test,RWF-2000,RWF-2000,0,1,train/NonFight/rwf_train_nonfight_0424.avi,train/Fight/rwf_train_fight_0369.avi,868d9537cae2b648781133b5b0c30e414f952873dde348868da0ad54a964d663,5365369272df4fe6075a8101cf9703ca2e9b8ce1e37e8a84ba23126f8ce72f44,,,0,0,5.000000,5.000000,0.0,1.0,640x360,640x360,6,1,2,isolated_frame_similarity
train,validation,RLVS,RLVS,0,0,NonViolence/NV_346.mp4,NonViolence/NV_351.mp4,1c15793ae1bc691e4e8b088ec107fd4fc645976d028feaad416941cd0189d97d,d246bc44110616d4cb2dd614ef139e81bbfc1d7f0ebfa61946bc0b7d22d46349,,,0,0,5.105100,6.806800,1.7016999999999998,0.75,640x360,640x360,6,1,2,isolated_frame_similarity
train,validation,RWF-2000,RWF-2000,1,1,val/Fight/rwf_val_fight_0161.avi,val/Fight/rwf_val_fight_0163.avi,0291dd700d8c189cb61f596457d909835f1c9ff6f966f792d0bfe8df46fe363e,bf04c8e9898cb4fee4c636621ee191de7212c8d229a87933ce4c82608b972e6c,,,0,0,5.000000,5.000000,0.0,1.0,1280x720,1280x720,6,1,2,isolated_frame_similarity
train,validation,RLVS,RLVS,0,0,NonViolence/NV_287.mp4,NonViolence/NV_288.mp4,28d93aede11b204639e1725bb9ab228ed414547c12c76e3c253504ae61ab7ba8,b7a9c9af9316b0650a580cb8494511d9942419b90856e4f407b346878d94f129,,,0,0,4.400000,5.320000,0.9199999999999999,0.8270676691729324,1280x720,1280x720,6,2,2,isolated_frame_similarity
train,validation,RWF-2000,RWF-2000,1,1,train/Fight/rwf_train_fight_0084.avi,train/Fight/rwf_train_fight_0087.avi,8a94453d6c02175c5e3b88a2e78de73d237ca38ffbe3ee464a6cfef92a1f9d72,2b1ece335d42040f08d46638a0199e2abb5a53608a54b7c8c653d60a6aa0685b,,,0,0,5.000000,5.000000,0.0,1.0,1920x1080,1920x1080,6,1,2,isolated_frame_similarity
train,test,RWF-2000,RWF-2000,0,1,train/NonFight/rwf_train_nonfight_0466.avi,train/Fight/rwf_train_fight_0408.avi,1eefb00d545ec3b0524aefcfa8c8d865dfcc9420be0a741ab5c1fa336be97bcf,6c16d729227e19559bd61d2bcaf32addc056b128f8146ac659e96e7db4fdd91b,,,0,0,5.000000,5.000000,0.0,1.0,640x360,640x360,6,1,2,isolated_frame_similarity
train,validation,RLVS,RLVS,0,0,NonViolence/NV_720.mp4,NonViolence/NV_718.mp4,69bed0f2d4b6b6ecc4aab2feff6ec6e6473c7c7cf9ba07ee16a82db9c9a03696,69fcbb5d86c1bdab762e79fa76bd7a0ff1e9291dec9a62b18f234ce2b64d7472,,,0,0,5.000000,5.000000,0.0,1.0,224x224,224x224,6,2,2,isolated_frame_similarity
train,validation,RWF-2000,RWF-2000,1,1,train/Fight/rwf_train_fight_0158.avi,train/Fight/rwf_train_fight_0159.avi,6adbf310d16afe75cbd470f8b9c1f5d9de3cdafc3fe56df4575bee80c61ee87d,5c8641acc6807c4ffa19703f4288aba86999a7aa366f152a0c9cb501df996e74,,,0,0,5.000000,5.000000,0.0,1.0,1280x720,1280x720,6,1,2,isolated_frame_similarity
train,validation,RWF-2000,RWF-2000,1,0,val/Fight/rwf_val_fight_0072.avi,val/NonFight/rwf_val_nonfight_0070.avi,e17f163aef2342c22853ee62e7ce2696ed7f23e399ef58e332849574a4522a3b,c67eb3863ef0c125f7efddfc73bca195984c46950b79aa63f9da59e18572b3f4,,,0,0,5.000000,5.000000,0.0,1.0,1280x720,1280x720,6,1,2,isolated_frame_similarity
train,validation,RWF-2000,RWF-2000,0,0,train/NonFight/rwf_train_nonfight_0268.avi,train/NonFight/rwf_train_nonfight_0269.avi,31b38cea41f156bbd8a50b18726a33b1fca840e833fccd7d51a483fb03bd2767,f0d095949ce064a9a9ba87eaa460e147ce049bd4032ef8e2ddfcab1a5a00b06a,,,0,0,5.000000,5.000000,0.0,1.0,640x360,640x360,6,1,2,isolated_frame_similarity
train,test,RWF-2000,RWF-2000,0,1,train/NonFight/rwf_train_nonfight_0543.avi,train/Fight/rwf_train_fight_0484.avi,e2a04acd6d10a9498614601117e254d1ffcede33995bbe598dd1d11901ab1994,2196d8f6012f1bf7208f396318905c8d474fff059e311699dca329ce86687968,,,0,0,5.000000,5.000000,0.0,1.0,1280x720,1280x720,6,1,2,isolated_frame_similarity
train,test,RWF-2000,RWF-2000,1,1,train/Fight/rwf_train_fight_0294.avi,train/Fight/rwf_train_fight_0293.avi,ef9234b232e12fb0dcf6566a54c07f9602e32ba3f1774a0a155fcf4381cb514b,e5ebe2b8210761a91528fb4cb45cf4b542378fb109ed3e6943d883b4ad895d36,,,0,0,5.000000,5.000000,0.0,1.0,624x352,624x352,6,1,2,isolated_frame_similarity
train,validation,RWF-2000,RWF-2000,1,1,train/Fight/rwf_train_fight_0777.avi,train/Fight/rwf_train_fight_0778.avi,3ecbd207343154341d9d963154ef73c025142d648033091053af7354981daa8a,7ac0293950db290553844e9b7b71a6b06e1af49b02a25ddd7ce4b284fe5aa6c2,,,0,0,5.000000,5.000000,0.0,1.0,368x276,368x276,6,1,2,isolated_frame_similarity
train,test,RLVS,RLVS,0,0,NonViolence/NV_190.mp4,NonViolence/NV_192.mp4,538d953daa13cde0917d11e479eaad287b31fb348542ec60a54bea33dc42cd55,2cb2c24e86aa121aef51781e8fc99101c24cbe881eafbf3ed5001400831d94bb,,,0,0,5.000000,5.000000,0.0,1.0,224x224,224x224,6,1,2,isolated_frame_similarity
train,test,RLVS,RLVS,0,0,NonViolence/NV_190.mp4,NonViolence/NV_191.mp4,538d953daa13cde0917d11e479eaad287b31fb348542ec60a54bea33dc42cd55,fe4a912045c676b97ff55058d124eed297a2537f0b7e39ca9ef8c529847f5ddd,,,0,0,5.000000,5.000000,0.0,1.0,224x224,224x224,6,2,2,isolated_frame_similarity
train,test,RLVS,RLVS,0,0,NonViolence/NV_734.mp4,NonViolence/NV_732.mp4,62732012dec740e2ed1f726b44ed05ed58b8940cc7d837c0bb3d2b310dc7c98f,cc64f762c6745958e659f17f7451f42e40d1f1c4c963ce766bec69cb7b46162e,,,0,0,5.200000,6.700000,1.5,0.7761194029850746,368x272,368x272,6,1,2,isolated_frame_similarity
train,validation,RWF-2000,RWF-2000,1,1,train/Fight/rwf_train_fight_0326.avi,train/Fight/rwf_train_fight_0327.avi,fd8acf7e70d27ca19a45fa4622d955b8f522486c15a92a12f268235aad1dc5e9,3b4139a5e99be470beec1afd643634b032e4c63defe8f7217b29dad8cae9d338,,,0,0,5.000000,5.000000,0.0,1.0,1270x720,1270x720,6,1,2,isolated_frame_similarity
train,validation,RLVS,RLVS,0,0,NonViolence/NV_55.mp4,NonViolence/NV_133.mp4,17addeffba62d317114a68cd24918e1ea210bba821cf5b1cca1cae94010b94f8,b18cdb7933f4037bc28882edc2ed882b56836b6410970f923ec677c3e7df9936,,,0,0,5.000000,5.000000,0.0,1.0,224x224,224x224,6,1,2,isolated_frame_similarity
train,validation,RLVS,RLVS,0,0,NonViolence/NV_750.mp4,NonViolence/NV_753.mp4,a687bc61c117b7ce73a9ce61fc2362cd962c6f76105ef9446430cfbb7f21143a,39ce72892c74a68f46f2ec4f88d6f2cc3024248866c4b44427806a2c2107d9a6,,,0,0,5.000000,5.000000,0.0,1.0,224x224,224x224,6,1,2,isolated_frame_similarity
train,test,RWF-2000,RWF-2000,1,1,train/Fight/rwf_train_fight_0395.avi,train/Fight/rwf_train_fight_0393.avi,fd324ab0ec65fd7923fa9cb5eb985481bd370193618fc481919d919b0ced8507,2552251be9aa2a7e8267a6f64d34c1b02cbc3e3bf9a09cec06de49fdd87b4e17,,,0,0,5.000000,5.000000,0.0,1.0,1280x720,1280x720,6,1,2,isolated_frame_similarity
train,test,RWF-2000,RWF-2000,1,1,train/Fight/rwf_train_fight_0079.avi,train/Fight/rwf_train_fight_0080.avi,9a86168608c09d725f02b5fe3f9369964830e2071c933bd0390222bef73e8a25,676efa8e2aac54856d5ac8ff45383321ded847b739fa73988d75090d687ded8a,,,0,0,5.000000,5.000000,0.0,1.0,480x360,480x360,6,1,2,isolated_frame_similarity
train,validation,RLVS,RLVS,0,0,NonViolence/NV_700.mp4,NonViolence/NV_688.mp4,ce783e245ea5399773949ba9e87746cfa09abc8c6892985cd2ec47f82132bb47,fe7691bb3d8ecccc64c6271eccd1fd3cc6f4c1bc239b23e5c6b30445b21e96cb,,,0,0,5.000000,5.000000,0.0,1.0,224x224,224x224,6,1,2,isolated_frame_similarity
train,validation,RLVS,RLVS,0,0,NonViolence/NV_257.mp4,NonViolence/NV_237.mp4,30409230883cbf6c64d01ae59978a141cefc6325d0c384e824753b0563892843,a7f53b67b64e8cadb863f09d8e98e654f6b9d67415773d65c395c390c6c5229b,,,0,0,5.372033,4.270933,1.1010999999999997,0.7950310431823483,854x480,854x480,6,1,2,isolated_frame_similarity
train,test,RLVS,RLVS,0,0,NonViolence/NV_755.mp4,NonViolence/NV_751.mp4,8885430a5fded2c1551ea46f27f8ad5ba9251e41b55b4852b1ccc77c0f72b99b,a7881d015902337a42bddde70deee6b69b42134a0c5603ffb208749c814426c0,,,0,0,5.000000,5.000000,0.0,1.0,224x224,224x224,6,1,2,isolated_frame_similarity
train,validation,RWF-2000,RWF-2000,1,1,train/Fight/rwf_train_fight_0587.avi,train/Fight/rwf_train_fight_0590.avi,5e1f15918eaaecb9409aee9253a449b93b2951360e51b45bec4b1a1674aa7478,925659d392de292f6d06105e5d302deca25cc12e07442b9d572fca381cadf729,,,0,0,5.000000,5.000000,0.0,1.0,720x720,720x720,6,2,2,isolated_frame_similarity
train,test,RLVS,RLVS,1,1,Violence/V_264.mp4,Violence/V_263.mp4,8c8885353f5ffeb5e7c9dd161c05f9cd73a26a78875560acb1e1440cdf23539c,20ccf8a7898df923d998028f908183997ce62689061f8e37eacb85581a1ad2f0,,,0,0,5.300000,4.900000,0.39999999999999947,0.9245283018867926,398x720,398x720,6,1,2,isolated_frame_similarity
train,validation,RWF-2000,RWF-2000,1,0,train/Fight/rwf_train_fight_0268.avi,train/NonFight/rwf_train_nonfight_0296.avi,411494b92bc8f81850ff071789fe9494f9e3468aa62574b9c39baf181293733d,634b519f71455dfcb9a0d03682b1cf814ed82231d315af27a850dd8380d29117,,,0,0,5.000000,5.000000,0.0,1.0,640x360,640x360,6,1,2,isolated_frame_similarity
train,validation,RLVS,RLVS,0,0,NonViolence/NV_182.mp4,NonViolence/NV_165.mp4,0b826e04f0d9e5df3a48a1d5028595b0d9abe587db2154418e05cbe78d7db684,4f1f004d8736f14a4873d2ae7d278a9feee2f11ff1c68f52fd08248a4d3f1346,,,0,0,5.000000,5.000000,0.0,1.0,224x224,224x224,6,1,2,isolated_frame_similarity
validation,test,RWF-2000,RWF-2000,1,1,train/Fight/rwf_train_fight_0087.avi,train/Fight/rwf_train_fight_0085.avi,2b1ece335d42040f08d46638a0199e2abb5a53608a54b7c8c653d60a6aa0685b,f26a0ad92d41f2b3f69f9c46ec96fe1ba95963599e2576ce4324b6e71d01a369,,,0,0,5.000000,5.000000,0.0,1.0,1920x1080,1920x1080,6,1,2,isolated_frame_similarity
validation,test,RWF-2000,RWF-2000,0,1,train/NonFight/rwf_train_nonfight_0042.avi,train/Fight/rwf_train_fight_0038.avi,207172b71f72092cad2217a71ebc79bd6ab08fa9f079442e5b8a31c139261f4f,b3724ba45395996a6f28f1db929468a44b9f447b293e12c75e3d9ac964657747,,,0,0,5.000000,5.000000,0.0,1.0,526x360,526x360,6,1,2,isolated_frame_similarity
validation,test,RLVS,RLVS,0,0,NonViolence/NV_709.mp4,NonViolence/NV_705.mp4,759aa2fbc35aec4fb815e1468bd39f7c34c5a2ea6cbd986ce8dbc3b2d9c0a007,7520933da54707bcb49ede66ce0ec77b745ad2635af2f34b6f38e868d2c94b6f,,,0,0,5.000000,5.000000,0.0,1.0,224x224,224x224,6,1,2,isolated_frame_similarity
validation,test,RLVS,RLVS,0,0,NonViolence/NV_51.mp4,NonViolence/NV_329.mp4,899cebf0acc3bd748c7080f9adf184382cb0839044a00db68e5c00d944ac0076,713e638edd9a13c89bb5e5550c57a54f6f222f0f0d4286b03b9e81b97d898bdf,,,0,0,5.000000,5.000000,0.0,1.0,224x224,224x224,6,1,2,isolated_frame_similarity
validation,test,RWF-2000,RWF-2000,1,1,train/Fight/rwf_train_fight_0477.avi,train/Fight/rwf_train_fight_0476.avi,4a5b3642f1cc39b147ac501c52a4b98712596927ca33b4ce0e8ad8907a02642e,00921e9d4deee0d5a304ab6b48df00b4b709150f0245600956d49f7645a745c4,,,0,0,5.000000,5.000000,0.0,1.0,320x240,320x240,6,2,2,isolated_frame_similarity
validation,test,RWF-2000,RWF-2000,1,1,train/Fight/rwf_train_fight_0287.avi,train/Fight/rwf_train_fight_0285.avi,01e7b7b3e818cd2cb161369c5c6635d8a858a006dcfa48b6573a0626441c4e27,f43bcaf85ac3e3249e53705c333d78091fd2de2e921b993b0853a95d105a5233,,,0,0,5.000000,5.000000,0.0,1.0,1280x720,1280x720,6,1,2,isolated_frame_similarity
validation,test,RWF-2000,RWF-2000,1,1,train/Fight/rwf_train_fight_0513.avi,train/Fight/rwf_train_fight_0512.avi,32da8e94e19a280fbd2e49e0d76540cbc988d7b647dd212f58b90e7fddf06ae7,4a7ba9a352a2e33ac283749cf05b299174c7b4ed829a1718108dd727351a65b0,,,0,0,5.000000,5.000000,0.0,1.0,1280x720,1280x720,6,1,2,isolated_frame_similarity
validation,test,RLVS,RLVS,1,1,Violence/V_105.mp4,Violence/V_103.mp4,2b39606cd7b510ce18eaebad38ded39753dffadbd3ea501ce465c691b80b315e,f9affb7ff646c66ee54ce5584d90c44f2255758c1e4ca5ba81748995f00ffab3,,,0,0,5.105100,5.005000,0.1001000000000003,0.9803921568627451,640x360,640x360,6,1,2,isolated_frame_similarity
train,validation,RWF-2000,RWF-2000,1,1,train/Fight/rwf_train_fight_0739.avi,train/Fight/rwf_train_fight_0740.avi,c684adb32c96f1103f9cb3418c5f6fcb364cd44a907033ee7e1ccb4617949b78,df0c769d155b94c7a65ae6b3d05625f9a141425bca2eae5018ccee3e38cc8a04,,,0,0,5.000000,5.000000,0.0,1.0,320x240,320x240,8,0,2,isolated_frame_similarity
train,test,RLVS,RLVS,0,0,NonViolence/NV_874.avi,NonViolence/NV_869.avi,2d391fcafb596b16582077c8dae80a62ca684ca210660dd9b098154707bfb2fc,082f6a12e83ccfa26677ff20855e6b420250601beac71d3ccdef764a249e29d6,,,0,0,5.000000,5.000000,0.0,1.0,224x224,224x224,8,0,2,isolated_frame_similarity
train,validation,RWF-2000,RWF-2000,1,1,train/Fight/rwf_train_fight_0632.avi,train/Fight/rwf_train_fight_0633.avi,52845cf5f8cf6604fb2739ecfd748a327b2e48567cab20274fad106f37adb2e6,1e3f51bff4e29b38495e454c2ea4708733e2c17171c72a794a6682468a0f38ed,,,0,0,5.000000,5.000000,0.0,1.0,640x360,640x360,8,0,2,isolated_frame_similarity
train,test,RLVS,RLVS,0,0,NonViolence/NV_323.mp4,NonViolence/NV_322.mp4,5075c67c35fb53478ca123e4b70a5df20c9c1728dcef221abae9f8cd7489fb16,3b2bb0d7c51fa37cdd20ba63e865b2c0debef33ff712d570ccf1a4b84d8b2c7c,,,0,0,5.213542,5.213542,0.0,1.0,1280x720,1280x720,8,0,2,isolated_frame_similarity
train,test,RLVS,RLVS,0,0,NonViolence/NV_196.mp4,NonViolence/NV_192.mp4,3f23b89449b6a57237849d118972176dac1ff9da6115bff879289bd81fe477d7,2cb2c24e86aa121aef51781e8fc99101c24cbe881eafbf3ed5001400831d94bb,,,0,0,5.000000,5.000000,0.0,1.0,224x224,224x224,8,0,2,isolated_frame_similarity
train,validation,RWF-2000,RWF-2000,0,1,train/NonFight/rwf_train_nonfight_0520.avi,train/Fight/rwf_train_fight_0610.avi,ec0644c9c330ac8f00c066900aa71c9f0bed9065b0f398373e5eced54147d88e,98890de3073c8556b6b400dce8b9e856a05a37a1ae927793d02a3b5f8e5774a3,,,0,0,5.000000,5.000000,0.0,1.0,600x360,320x240,8,0,2,isolated_frame_similarity
train,validation,RLVS,RLVS,0,0,NonViolence/NV_96.mp4,NonViolence/NV_237.mp4,19090b81f26d35bd1fc6710222839f4b312fd8bbd06b24a33a7fd37b6f2fb61d,a7f53b67b64e8cadb863f09d8e98e654f6b9d67415773d65c395c390c6c5229b,,,0,0,5.705700,4.270933,1.434767,0.7485379532747954,854x480,854x480,8,0,2,isolated_frame_similarity
train,validation,RWF-2000,RWF-2000,1,0,train/Fight/rwf_train_fight_0118.avi,train/NonFight/rwf_train_nonfight_0141.avi,569a3b83dc401a675f7a4100275d0274bb3c38d758a810840013432780b5486b,10978d4749c7585b37a62b0fd1adfe23a11a34cd60fc3f04101bfcbcb27a788c,,,0,0,5.000000,5.000000,0.0,1.0,1280x720,1280x720,8,0,2,isolated_frame_similarity
train,test,RWF-2000,RWF-2000,1,1,train/Fight/rwf_train_fight_0459.avi,train/Fight/rwf_train_fight_0612.avi,e9fa5fe7f8085812b81d1a9ce1733ade050e6abb5bb897aa883f10298f078b60,a60758281446a8d47598a66d0d18a8817bf0666a6b0644e2b3185670d580a66b,,,0,0,5.000000,5.000000,0.0,1.0,600x360,320x240,8,0,2,isolated_frame_similarity
train,validation,RWF-2000,RWF-2000,0,1,train/NonFight/rwf_train_nonfight_0532.avi,train/Fight/rwf_train_fight_0474.avi,5f51e9f6e846cad374f3b5910fbf7761620fe52bd2e998f7bfd11dc243335bcd,16e05acf728ea3ba248bd321ed2447813e7f9cbccf8623434a2cd994deb5b88f,,,0,0,5.000000,5.000000,0.0,1.0,450x360,450x360,8,0,2,isolated_frame_similarity
train,test,RWF-2000,RWF-2000,0,1,train/NonFight/rwf_train_nonfight_0260.avi,train/Fight/rwf_train_fight_0236.avi,7de09e644f3c47fa8cc92b063b32007cee1f2a1b000948b9a8eeafe44ce8a1aa,6b8ddc71a335c0e54ccea6ff2f52cfa0a123b16855f9c5d4b88f46d552a1418e,,,0,0,5.000000,5.000000,0.0,1.0,1280x720,1280x720,8,0,2,isolated_frame_similarity
train,validation,RLVS,RLVS,0,0,NonViolence/NV_704.mp4,NonViolence/NV_688.mp4,d91234ee78b063cdd8ac10ef92220653dcfa87a56868764da8eb5acba07a573f,fe7691bb3d8ecccc64c6271eccd1fd3cc6f4c1bc239b23e5c6b30445b21e96cb,,,0,0,5.000000,5.000000,0.0,1.0,224x224,224x224,8,0,2,isolated_frame_similarity
train,validation,RWF-2000,RWF-2000,1,1,train/Fight/rwf_train_fight_0182.avi,train/Fight/rwf_train_fight_0186.avi,f99d3e0c3a45ed0f79b2b4a02bd211cf39812ff1b848265e4362e2f1bfe7d683,541bb318c403e20fe611a2928ba4d7c9096558c8da68e78583609972a2cde462,,,0,0,5.000000,5.000000,0.0,1.0,1280x720,1280x720,8,0,2,isolated_frame_similarity
train,test,RWF-2000,RWF-2000,1,1,train/Fight/rwf_train_fight_0695.avi,train/Fight/rwf_train_fight_0697.avi,bcb55ac74a230ebb8b83c4a654ca17088435cae0476f5aa27ba45138fd52a869,87ea0aa6324838f9120e21673ba3534e5fe8c3c484cd7e522aab77f27fae2945,,,0,0,5.000000,5.000000,0.0,1.0,1280x720,1280x720,8,0,2,isolated_frame_similarity
train,test,RWF-2000,RWF-2000,0,1,val/NonFight/rwf_val_nonfight_0157.avi,val/Fight/rwf_val_fight_0175.avi,788187e0192c281060aa8d7fc53e5bf44c165e20db7402b9dde95a5c7b339963,fa8ac7c1d0fe9d52ce0761004024c699738db527d2e4feebdadc99d070114dd8,,,0,0,5.000000,5.000000,0.0,1.0,480x360,480x360,8,0,2,isolated_frame_similarity
train,test,RWF-2000,RWF-2000,0,1,train/NonFight/rwf_train_nonfight_0098.avi,train/Fight/rwf_train_fight_0086.avi,3664a49329cc10321ab3eff8d0b45fc2886739d65b68e763faa324f0a276cab2,15429da03cc36fd352295163c1a58e1389e1b4fc4e452554dc3e111d70447d1b,,,0,0,5.000000,5.000000,0.0,1.0,1920x1080,1920x1080,8,0,2,isolated_frame_similarity
train,validation,RWF-2000,RWF-2000,1,1,train/Fight/rwf_train_fight_0012.avi,train/Fight/rwf_train_fight_0010.avi,8dd96666641270968d296e70f9765f127f016e8e316230cd87a0e67d5760c573,e3b9e9cf45ffacd86794835f9adabcafb952b5fa2df17424ae45238a2fa3e663,,,0,0,5.000000,5.000000,0.0,1.0,320x240,320x240,8,0,2,isolated_frame_similarity
train,validation,RWF-2000,RWF-2000,0,1,train/NonFight/rwf_train_nonfight_0702.avi,train/Fight/rwf_train_fight_0676.avi,affe81aa0cd2b615c18f631bee78984a262577b233f91ffa4e8bae9d6f815e4c,3b6eafee6acac08466028034e27c74984bd19da73e7fedab44aca09c3c80a36f,,,0,0,5.000000,5.000000,0.0,1.0,960x720,960x720,8,0,2,isolated_frame_similarity
train,test,RLVS,RLVS,0,0,NonViolence/NV_376.mp4,NonViolence/NV_379.mp4,35f190c0f1684a5bbd427daae594c194f1e4950103e21c7432dd5eea95b7c57e,21a9664c47a43823975e914fe1aeba86378fd5782a45754c42ff8dac369d5bc8,,,0,0,5.000000,5.000000,0.0,1.0,224x224,224x224,8,0,2,isolated_frame_similarity
train,validation,RWF-2000,RWF-2000,1,0,val/Fight/rwf_val_fight_0081.avi,val/NonFight/rwf_val_nonfight_0079.avi,898e74ef4b465a939a76ed399c539076be646d60a98816a2e449b2a4b70260a9,3aaa3259768f9d011803303d03d9d76f73803c8d2033f84230c110956d227aff,,,0,0,5.000000,5.000000,0.0,1.0,1280x720,1280x720,8,0,2,isolated_frame_similarity
train,validation,RLVS,RLVS,0,0,NonViolence/NV_101.mp4,NonViolence/NV_134.mp4,286477f34d6fbf2529f5fea0bfb9b5bf6d559bb1e9bb2af974ce78a35a03fe60,65cc09dd213d961079ece542ecbf4d583ca984d58e12a2321c1256aa0e9f1677,,,0,0,5.000000,5.000000,0.0,1.0,224x224,224x224,8,0,2,isolated_frame_similarity
train,validation,RWF-2000,RWF-2000,1,1,train/Fight/rwf_train_fight_0176.avi,train/Fight/rwf_train_fight_0178.avi,6c3bfcc31051399d6be3e578cb421398d94f5a88d19b52e98549f21c05855bb0,8966c2b4fb80120290d0368a4861a2a6e7d6bea28b4e5958685337bb798dc094,,,0,0,5.000000,5.000000,0.0,1.0,480x360,480x360,8,0,2,isolated_frame_similarity
train,validation,RWF-2000,RWF-2000,0,1,train/NonFight/rwf_train_nonfight_0099.avi,train/Fight/rwf_train_fight_0089.avi,1db58d1470a11eab629eeee778e0d7b15d8bdb9d39806e8f0bf0de9e663bc8c6,f0ef03a1a7638cd6533fa18b57c4426beeab424ffb376330c2b9381ef4b1271f,,,0,0,5.000000,5.000000,0.0,1.0,1920x1080,1920x1080,8,0,2,isolated_frame_similarity
train,validation,RLVS,RLVS,0,0,Violence/V_504.mp4,NonViolence/NV_237.mp4,824edfa52b7b6fecd85754be7f841cdd5cecb7519103623d4c17f2a325039612,a7f53b67b64e8cadb863f09d8e98e654f6b9d67415773d65c395c390c6c5229b,,,0,0,5.372033,4.270933,1.1010999999999997,0.7950310431823483,854x480,854x480,8,0,2,isolated_frame_similarity
train,validation,RWF-2000,RWF-2000,0,0,train/NonFight/rwf_train_nonfight_0692.avi,train/NonFight/rwf_train_nonfight_0693.avi,11a3863cc26bffcd1ee6b3995642803b8db69d02aad65e91d2cc7a892309d57d,11523978964d013ec61c697b7d19960d1a83e5162948b42711402de682431db4,,,0,0,5.000000,5.000000,0.0,1.0,1280x720,1280x720,8,0,2,isolated_frame_similarity
train,test,RWF-2000,RWF-2000,0,1,train/NonFight/rwf_train_nonfight_0692.avi,train/Fight/rwf_train_fight_0667.avi,11a3863cc26bffcd1ee6b3995642803b8db69d02aad65e91d2cc7a892309d57d,a8f25fc819a080cffe1817b679620fa441c4c21b1cae1498047054f5baf73c87,,,0,0,5.000000,5.000000,0.0,1.0,1280x720,1280x720,8,0,2,isolated_frame_similarity
train,validation,RWF-2000,RWF-2000,1,0,val/Fight/rwf_val_fight_0071.avi,val/NonFight/rwf_val_nonfight_0072.avi,d1ade31c2e94e36f696d1ec7619052b670fb049944e2c4d3b8d3b0611689737a,7755a37555189eb674bd3e3bae480af8a02961d96e14c0d8d92868450e833dd8,,,0,0,5.000000,5.000000,0.0,1.0,1280x720,1280x720,8,0,2,isolated_frame_similarity
train,validation,RLVS,RLVS,0,0,NonViolence/NV_458.mp4,NonViolence/NV_456.mp4,13dd1431e238a63f40fc2983d95558fb6ba6ef44bc3f2dd3a1eb9de4696e915a,3da38d7184d59be866bae93fca91d7251f3fe66438f1226f1d41159098da0801,,,0,0,5.000000,5.000000,0.0,1.0,224x224,224x224,8,0,2,isolated_frame_similarity
train,test,RLVS,RLVS,0,0,NonViolence/NV_346.mp4,NonViolence/NV_345.mp4,1c15793ae1bc691e4e8b088ec107fd4fc645976d028feaad416941cd0189d97d,3dce1cd3cda6b5e53ea98b2888cd6a55272b882921d4924c6177679e6b5f0526,,,0,0,5.105100,4.504500,0.6006,0.8823529411764706,640x360,640x360,8,0,2,isolated_frame_similarity
train,validation,RLVS,RLVS,0,0,NonViolence/NV_533.mp4,NonViolence/NV_531.mp4,0ff07f0a60350cbca550287c29b07e1ca4fd7e88dea99c084a284658cf51db28,95a7248cc478133fe367e20b2b6ed988b3d49d18c8b8fa9981626d39545d6428,,,0,0,5.000000,5.000000,0.0,1.0,224x224,224x224,8,0,2,isolated_frame_similarity
train,test,RWF-2000,RWF-2000,1,0,train/Fight/rwf_train_fight_0762.avi,train/NonFight/rwf_train_nonfight_0794.avi,5535bf775046a70ce0b8984c50ae6d010e4be156157e9011c7c6e1d6e98c7f6f,a2dbe8c3c628772b0f65f30f950b4d9c3f128d61a0939a2d8975162d2d870bfb,,,0,0,5.000000,5.000000,0.0,1.0,398x224,398x224,8,0,2,isolated_frame_similarity
train,test,RLVS,RLVS,0,0,NonViolence/NV_197.mp4,NonViolence/NV_192.mp4,355cf2ef06ce95d5af8dc5c3fa48a2976ab9b04642e8947b02d01e817891e0d8,2cb2c24e86aa121aef51781e8fc99101c24cbe881eafbf3ed5001400831d94bb,,,0,0,5.000000,5.000000,0.0,1.0,224x224,224x224,8,0,2,isolated_frame_similarity
train,test,RLVS,RLVS,0,0,NonViolence/NV_873.avi,NonViolence/NV_869.avi,15a6d0a47d9f0bb247d1597f51153a86906b99f87900210ddbf82f55b5b7ab92,082f6a12e83ccfa26677ff20855e6b420250601beac71d3ccdef764a249e29d6,,,0,0,5.000000,5.000000,0.0,1.0,224x224,224x224,8,0,2,isolated_frame_similarity
train,validation,RLVS,RLVS,0,0,NonViolence/NV_756.mp4,NonViolence/NV_753.mp4,64fa2f7b16f534cc2a6eca6fcdacd623437369e7d5b306d03e01d31a2e58321d,39ce72892c74a68f46f2ec4f88d6f2cc3024248866c4b44427806a2c2107d9a6,,,0,0,5.000000,5.000000,0.0,1.0,224x224,224x224,8,0,2,isolated_frame_similarity
train,test,RWF-2000,RWF-2000,0,1,train/NonFight/rwf_train_nonfight_0557.avi,train/Fight/rwf_train_fight_0501.avi,9cadf0e249d25b2e8e3eae8358f46f65952c62fad2a8ed6ed69229985a5bd3a4,2b10ef215a019f850eb3560cb6251351beeb7bded532f29462c9c39814d75cb7,,,0,0,5.000000,5.000000,0.0,1.0,568x320,568x320,8,0,2,isolated_frame_similarity
train,validation,RLVS,RLVS,0,0,NonViolence/NV_75.mp4,NonViolence/NV_133.mp4,8e272b114a001a1fc5a963b7d72c5cbd335c95e716c6d876bee242345126319f,b18cdb7933f4037bc28882edc2ed882b56836b6410970f923ec677c3e7df9936,,,0,0,5.000000,5.000000,0.0,1.0,224x224,224x224,8,0,2,isolated_frame_similarity
train,validation,RLVS,RLVS,0,0,NonViolence/NV_686.mp4,NonViolence/NV_699.mp4,2ce1081b8d40303d8f173c0fc050d35b2a718c5973d2552ba2b8866f34a331b1,1df8b91751309777b494566f553eb9d5f5dad69bb1b772e024d9057b4ec6de10,,,0,0,5.000000,5.000000,0.0,1.0,224x224,224x224,8,0,2,isolated_frame_similarity
train,validation,RWF-2000,RWF-2000,1,1,train/Fight/rwf_train_fight_0636.avi,train/Fight/rwf_train_fight_0633.avi,be36e8ed8fc985d7140e9ed5f62dbc083e1e1a314e5a5b1dcb2461bd25128cf2,1e3f51bff4e29b38495e454c2ea4708733e2c17171c72a794a6682468a0f38ed,,,0,0,5.000000,5.000000,0.0,1.0,640x360,640x360,8,0,2,isolated_frame_similarity
train,test,RWF-2000,RWF-2000,0,1,train/NonFight/rwf_train_nonfight_0097.avi,train/Fight/rwf_train_fight_0085.avi,4eae5efbde2eec452363d3afa32c9833041c8388fb5a79b98fa10410bfef3487,f26a0ad92d41f2b3f69f9c46ec96fe1ba95963599e2576ce4324b6e71d01a369,,,0,0,5.000000,5.000000,0.0,1.0,1920x1080,1920x1080,8,0,2,isolated_frame_similarity
train,test,RLVS,RLVS,0,0,NonViolence/NV_750.mp4,NonViolence/NV_751.mp4,a687bc61c117b7ce73a9ce61fc2362cd962c6f76105ef9446430cfbb7f21143a,a7881d015902337a42bddde70deee6b69b42134a0c5603ffb208749c814426c0,,,0,0,5.000000,5.000000,0.0,1.0,224x224,224x224,8,0,2,isolated_frame_similarity
train,test,RWF-2000,RWF-2000,1,1,train/Fight/rwf_train_fight_0212.avi,train/Fight/rwf_train_fight_0214.avi,5125ae14639a94823457d5702a955594482f5f64852e19908a39f20344626b7f,1762cb0f8fa7cb4b26717b356532d0e1ba2f5252836e2b951413cf3fbbfa49ab,,,0,0,5.000000,5.000000,0.0,1.0,1280x720,1280x720,8,0,2,isolated_frame_similarity
train,test,RLVS,RLVS,0,0,NonViolence/NV_840.mp4,NonViolence/NV_831.mp4,e3871c28eac24128010886db8f813aba619a47a5e4e6f13f9a3390aa472837db,56d7a207f821829a16f669052ecd1c0fd6f987935193710f364cda4d14b982a4,,,0,0,4.520000,5.400000,0.8800000000000008,0.8370370370370369,854x480,854x480,8,0,2,isolated_frame_similarity
train,validation,RWF-2000,RWF-2000,0,1,val/NonFight/rwf_val_nonfight_0159.avi,val/Fight/rwf_val_fight_0176.avi,e36428b5a006913caf5dacb2a592cf08b6b40ac0fad6fdfd6c2702b5af9ad65a,f007fec0687bdcd7a5d9a1a3678ab08d19d0689b7f087d81583f81fac7e2e3ba,,,0,0,5.000000,5.000000,0.0,1.0,480x360,480x360,8,0,2,isolated_frame_similarity
train,validation,RWF-2000,RWF-2000,0,0,val/NonFight/rwf_val_nonfight_0006.avi,val/NonFight/rwf_val_nonfight_0005.avi,3c3af26c975a48906fae4890757d63eabf0e80cec12404eea3f3a0cc39886348,8adde9e7c6c2617ab5e0bbd7c402b694cd84ef0d00637a98c501d7d5383b6723,,,0,0,5.000000,5.000000,0.0,1.0,1280x720,1280x720,8,0,2,isolated_frame_similarity
train,validation,RWF-2000,RWF-2000,1,1,train/Fight/rwf_train_fight_0095.avi,train/Fight/rwf_train_fight_0096.avi,568c951b39ad041b9ea55a30aca0b3b8c82c13486fa02402304b5bfaeba06f51,3bb050143388a4fb63d334f918b8fc0fc8d689e1fe483b2cd84caaa07a9158eb,,,0,0,5.000000,5.000000,0.0,1.0,368x276,368x276,8,0,2,isolated_frame_similarity
train,validation,RLVS,RLVS,0,0,NonViolence/NV_940.mp4,NonViolence/NV_952.mp4,1a4d8f3909ca6e99fcb7719909a39d1c848a9de274e89b3c244a62a26dc56541,24c5975667d168350378867a5da592005e9c113a877d33f4a71e992821e3bc3e,,,0,0,1.000000,5.000000,4.0,0.2,224x224,224x224,8,0,2,isolated_frame_similarity
train,test,RWF-2000,RWF-2000,1,1,val/Fight/rwf_val_fight_0068.avi,val/Fight/rwf_val_fight_0066.avi,ad7c8c20bc940f14746b3b91b69a78f24d91881fd86d36e6122ceec04c9cf2f4,1a9c78f04745ca40ead40922db882cec38ab87e429b1f3628fe83d895ffa7c81,,,0,0,5.000000,5.000000,0.0,1.0,1280x720,1280x720,8,0,2,isolated_frame_similarity
train,test,RWF-2000,RWF-2000,1,1,train/Fight/rwf_train_fight_0040.avi,train/Fight/rwf_train_fight_0039.avi,3df83296c6a10c9e3f5c3aca35343e6bfd3b83a5af4083819c1b1ba109727d2f,dd0ff78ea0cb7906037e50ee1143207ddef661aa1181c6626cb523b6adc68bd7,,,0,0,5.000000,5.000000,0.0,1.0,526x360,526x360,8,0,2,isolated_frame_similarity
train,validation,RLVS,RLVS,0,0,NonViolence/NV_708.mp4,NonViolence/NV_709.mp4,fe7f1abcd5559d8f7db4b28b527f0e4b4b3360e354d6f35534a7ee73eaee0dcf,759aa2fbc35aec4fb815e1468bd39f7c34c5a2ea6cbd986ce8dbc3b2d9c0a007,,,0,0,5.000000,5.000000,0.0,1.0,224x224,224x224,8,0,2,isolated_frame_similarity
train,test,RLVS,RLVS,0,0,NonViolence/NV_232.mp4,NonViolence/NV_235.mp4,e4b0077b558ca4d432c850db4707d00aaf55068e307c247393b236933c0b1b07,88af8eab69be48103ac2f11ff50e69456629f228a38c5abdd7937a76d7b17dd4,,,0,0,5.000000,5.000000,0.0,1.0,224x224,224x224,8,0,2,isolated_frame_similarity
train,validation,RWF-2000,RWF-2000,1,0,train/Fight/rwf_train_fight_0099.avi,train/NonFight/rwf_train_nonfight_0111.avi,80cbb2c7cfc1ce68e371c538a40133f0e8d3a71c02b56dd4dfdb11097d957548,24b25071a2343d5f8c696b95259fc5d72283b8a2a50ea84d1dbba6aed9da6cbb,,,0,0,5.000000,5.000000,0.0,1.0,1280x720,1280x720,8,0,2,isolated_frame_similarity
train,test,RWF-2000,RWF-2000,1,0,train/Fight/rwf_train_fight_0460.avi,train/NonFight/rwf_train_nonfight_0522.avi,1b371906a86bae10cc92ab3adcdc6a9e1493f2a98cc59414a591f7ebadd925fe,9c6e45738cff881a61248585b5634900962220f886b0c15a9524e26788854a71,,,0,0,5.000000,5.000000,0.0,1.0,640x358,640x358,8,0,2,isolated_frame_similarity
train,validation,RWF-2000,RWF-2000,1,1,train/Fight/rwf_train_fight_0457.avi,train/Fight/rwf_train_fight_0610.avi,d46bad2f724a838234b6d76da66d0f3648e920bcf001c473155b3d4ffb48c7df,98890de3073c8556b6b400dce8b9e856a05a37a1ae927793d02a3b5f8e5774a3,,,0,0,5.000000,5.000000,0.0,1.0,600x360,320x240,8,0,2,isolated_frame_similarity
train,validation,historical_enrichment_v1,RLVS,0,1,test_sport/boxe_03_CycVhzGQazQ.mp4,Violence/V_338.mp4,8efc38d9963df135a8c1f10ede8a5d0194ede0c7ee3b6b2356a8c5837ac16270,a08e5d3d6ba2fd07b82b012c77e4a433d88edb8f392fdf7c13f926dfcca0988e,CycVhzGQazQ,,0,0,18.240000,4.104100,14.1359,0.22500548245614035,640x338,640x360,8,0,2,isolated_frame_similarity
validation,test,RLVS,RLVS,0,0,NonViolence/NV_373.mp4,NonViolence/NV_379.mp4,76c4df6393f7cc250ceec92eb72b2baf92cc41de9d4591a00988e24f7a7d0ad3,21a9664c47a43823975e914fe1aeba86378fd5782a45754c42ff8dac369d5bc8,,,0,0,5.000000,5.000000,0.0,1.0,224x224,224x224,8,0,2,isolated_frame_similarity
validation,test,RWF-2000,RWF-2000,1,1,train/Fight/rwf_train_fight_0733.avi,train/Fight/rwf_train_fight_0125.avi,9158fe807015e84c90719fa54063842fb510bad456bdd1d0596ab30ec7f01b27,8de602b3e5f2aaef96f426f5133ae54f82a64e3c58daa4e7a49aa5440df301aa,,,0,0,5.000000,5.000000,0.0,1.0,640x360,1280x720,8,0,2,isolated_frame_similarity
validation,test,RWF-2000,RWF-2000,1,1,train/Fight/rwf_train_fight_0617.avi,train/Fight/rwf_train_fight_0613.avi,d8f9912e195688c22fb0cc9d5db8f6315291439a1a9ead8279bba42b7d4bd763,bd2e106f55bc8038cc0dcd6109e17d8c069788ac0965a8db07056562d2f98f54,,,0,0,5.000000,5.000000,0.0,1.0,352x288,352x288,8,0,2,isolated_frame_similarity
validation,test,RWF-2000,RWF-2000,0,1,train/NonFight/rwf_train_nonfight_0005.avi,train/Fight/rwf_train_fight_0008.avi,9622f38a724d52558e9ad89ebe085f58073512e3d7b72b29030d645bae52799a,c5014b3a8d65505de79ec41cd20658666e6470c77b19772f4dac28eba473ee4b,,,0,0,5.000000,5.000000,0.0,1.0,1280x720,1280x720,8,0,2,isolated_frame_similarity
validation,test,RWF-2000,RWF-2000,1,1,train/Fight/rwf_train_fight_0089.avi,train/Fight/rwf_train_fight_0085.avi,f0ef03a1a7638cd6533fa18b57c4426beeab424ffb376330c2b9381ef4b1271f,f26a0ad92d41f2b3f69f9c46ec96fe1ba95963599e2576ce4324b6e71d01a369,,,0,0,5.000000,5.000000,0.0,1.0,1920x1080,1920x1080,8,0,2,isolated_frame_similarity
train,test,RLVS,RLVS,1,1,Violence/V_109.mp4,Violence/V_108.mp4,daa89098104d4968b66f82fc44fb26fff61ce409f5b34194c0be95dfe0ce6fdf,6b02930394f63e82863ef882782a7d1e0a97900bbdd6edbc0c453eab59164bfa,,,0,0,3.603600,4.004000,0.4003999999999994,0.9000000000000001,640x360,640x360,0,1,1,isolated_frame_similarity
train,test,RLVS,RLVS,0,0,NonViolence/NV_701.mp4,NonViolence/NV_694.mp4,013338a2e541cec0bab4ccd29accba131089e8432c723d55f5cf58f8b80f104d,d21132157dbd6c1415ce72a2e3d34627db03dc0c286fa713be8ca83603bcc7d2,,,0,0,5.000000,5.000000,0.0,1.0,224x224,224x224,0,1,1,isolated_frame_similarity
train,validation,RLVS,RLVS,0,0,NonViolence/NV_621.mp4,NonViolence/NV_622.mp4,c40d31ab794bbd06d5756ff6147a65c551a8b9cb2ab415b7f66ffb0f1a0cf9a7,17004c249d74e518d686de0266077bfc82e8d61a3d76c16c7730f2b1fadddbbd,,,0,0,5.000000,5.000000,0.0,1.0,224x224,224x224,0,1,1,isolated_frame_similarity
train,validation,RLVS,RLVS,0,0,NonViolence/NV_657.mp4,NonViolence/NV_656.mp4,25c9b707961140f962b2c0e013ba0e4891b05e3e83d78884c458c55f1955bb05,91eb1a5962b5a89f8fd581a11cfaef14123e26e5af99257ce1a195e01233074b,,,0,0,5.000000,5.000000,0.0,1.0,224x224,224x224,0,1,1,isolated_frame_similarity
train,validation,RLVS,RLVS,0,0,NonViolence/NV_992.mp4,NonViolence/NV_993.mp4,2626cf9d83d1ca104999839e50a9edc44d319196797902deebb3b17d3b6f56a2,0f3e37ab800c79b6a41ce673382c4acc2f65afd60ecff18b95aa4e70f650dfd7,,,0,0,179.900000,4.500000,175.4,0.025013896609227346,1280x720,1280x720,0,1,1,isolated_frame_similarity
train,validation,RLVS,RLVS,1,1,Violence/V_491.mp4,Violence/V_490.mp4,cda7591b7c23e11fb64c12e683212f76ff1bbfd79c63dc366f70a146d80ac285,c6d018694ab82e7e3f9b4788b604e10019b89074ce93713a3039b514974e146c,,,0,0,4.404404,4.704705,0.30030099999999926,0.9361700680489001,576x712,576x712,0,1,1,isolated_frame_similarity
train,test,RLVS,RLVS,0,0,NonViolence/NV_471.mp4,NonViolence/NV_472.mp4,c2be8b1535ec0d1350722efcada2548644218a366c85fc3c127a026f1662cff2,3aedcf1a2d12ac1e4a09ab62361f2c2afd69e0668aa74248187cfc69bcfe2556,,,0,0,5.000000,5.000000,0.0,1.0,224x224,224x224,0,1,1,isolated_frame_similarity
train,test,RWF-2000,RWF-2000,1,1,train/Fight/rwf_train_fight_0518.avi,train/Fight/rwf_train_fight_0522.avi,4e85adf079bdc80f421f53767de7b29e29d5dc94f21b11db5e61b5a9911c4d73,b786c29f018aeae162fd406537776276191e8a11009c1f638b519b875e3666e7,,,0,0,5.000000,5.000000,0.0,1.0,1280x720,1280x720,0,1,1,isolated_frame_similarity
train,test,RLVS,RLVS,1,1,Violence/V_137.mp4,Violence/V_138.mp4,72f16238d36197ebd07f829899c5e5d309fedb11c1139586efa040b1aa0092a9,964e3d5b0043e9bb38af96492d10dd9eeb43e87b6b6ace7474d3a5e914951acd,,,0,0,5.900000,5.900000,0.0,1.0,640x360,640x360,0,1,1,isolated_frame_similarity
train,test,RLVS,RLVS,0,0,NonViolence/NV_126.mp4,NonViolence/NV_123.mp4,cbf12a8fefaed0a66d6839971880da29bc451b1da735dbe6b66439b8782f920e,ef181bae15ed15154d7084117bbfee3fb16fbca5b87026c5ce5bb472dd293f78,,,0,0,5.000000,5.000000,0.0,1.0,224x224,224x224,0,1,1,isolated_frame_similarity
train,test,RLVS,RLVS,0,0,NonViolence/NV_157.mp4,NonViolence/NV_158.mp4,99dff2c83fd06b43ac44739760f2331fbcda3b56b8b2fe65a300a13686966c4c,ade2b4e8806af6d76e7fe1c7843f5f0441a5e6bf0a6499f1dcfe3dd3eaf28d35,,,0,0,5.000000,5.000000,0.0,1.0,224x224,224x224,0,1,1,isolated_frame_similarity
validation,test,RLVS,RLVS,1,1,Violence/V_135.mp4,Violence/V_139.mp4,8e03fc36bf98e9e38f9c3694ced5b0390938e4ea2ed1e112d78831f932949b56,bfd15347d0f64fa7ae451f3e39ab98e62660acd9cf687e29e454b9a3e62640f6,,,0,0,5.900000,5.900000,0.0,1.0,640x360,640x360,0,1,1,isolated_frame_similarity
train,test,RLVS,RLVS,0,0,NonViolence/NV_639.mp4,NonViolence/NV_640.mp4,757d1e5f150e68ddf213b3bf1fb7388fa9769088e6479b3051ee1b7d68e9fb78,c9ff5355180096f1daee0c0d7c3aef64cf432a333247e092245f5305afbec0d3,,,0,0,5.000000,5.000000,0.0,1.0,224x224,224x224,2,1,1,isolated_frame_similarity
train,test,RLVS,RLVS,1,1,Violence/V_911.mp4,Violence/V_910.mp4,1e0bf50b55d80a6fa5244b73901d3f158b472eb1b8f71fd9c1f9e3d2067f0990,ee525af114705d14ec1f236a6b0b218a91caa71e1dd67a63cf998066da065637,,,0,0,4.724138,4.517241,0.20689699999999966,0.9562042853108864,360x360,360x360,2,1,1,isolated_frame_similarity
train,test,RLVS,RLVS,1,1,Violence/V_407.mp4,Violence/V_398.mp4,e851aba4f7356e84c2130d53c87c345bbe86064c8c0af853de3604e6d3bbdfff,1cde2dd1e3798a417bebf1f046a91e710f2d976b452aa79ca7cca27bbf5fbc1a,,,0,0,4.600000,136.966667,132.366667,0.033584813741579914,1280x720,1280x720,2,1,1,isolated_frame_similarity
train,test,RLVS,RLVS,0,0,NonViolence/NV_599.mp4,NonViolence/NV_619.mp4,08199c916a362edb4964bdef1fee6b1f950690ad486781faf377fd623a4c16cb,15fcaf056cd1d59c1d6984dc32ea627cf103d918ec31af5d1a139b87721ec518,,,0,0,5.000000,5.000000,0.0,1.0,224x224,224x224,2,1,1,isolated_frame_similarity
train,test,RLVS,RLVS,1,1,Violence/V_411.mp4,Violence/V_398.mp4,0bd597879f6d149c2477e63d423e98a5e25284f2d4dcf61a7be8f3b2dd5dd5c9,1cde2dd1e3798a417bebf1f046a91e710f2d976b452aa79ca7cca27bbf5fbc1a,,,0,0,3.700000,136.966667,133.266667,0.02701387192257515,1280x720,1280x720,2,1,1,isolated_frame_similarity
train,test,RLVS,RLVS,0,0,NonViolence/NV_446.mp4,NonViolence/NV_445.mp4,9646ca2aefcb9f8df412886064971ff8f821bda5371c313647c533950dcbc0ae,11abf0015ff8afd04284676c6c9c332e2bc55ca3d54c8204dbf65d961e94cc31,,,0,0,5.000000,5.000000,0.0,1.0,224x224,224x224,2,1,1,isolated_frame_similarity
train,test,RLVS,RLVS,0,0,NonViolence/NV_988.mp4,NonViolence/NV_986.mp4,80b3b2661a3475ce2e430dcd2b6f7b05a8b9d004600d27e440326b8eb5b2ece7,15f53dffe624e415c99a1e030c7e59962d89df46ae16a11cfe21262cceba5b2a,,,0,0,5.000000,5.000000,0.0,1.0,224x224,224x224,2,1,1,isolated_frame_similarity
train,test,RWF-2000,RWF-2000,1,1,train/Fight/rwf_train_fight_0294.avi,train/Fight/rwf_train_fight_0295.avi,ef9234b232e12fb0dcf6566a54c07f9602e32ba3f1774a0a155fcf4381cb514b,fb6a086238b042849933232108de79911c98bb95340efd8aff71b59a9cb88594,,,0,0,5.000000,5.000000,0.0,1.0,624x352,624x352,2,1,1,isolated_frame_similarity
train,test,RWF-2000,RWF-2000,1,1,train/Fight/rwf_train_fight_0217.avi,train/Fight/rwf_train_fight_0219.avi,09c23802591353de2d7c4121248dde7001f55d5e769cbf5508def2ddc4395762,3d2642008b779115603e7832cfe9ebfaf34e0649a9cd428d53083f18d905f0ee,,,0,0,5.000000,5.000000,0.0,1.0,1280x720,1280x720,2,1,1,isolated_frame_similarity
train,test,RLVS,RLVS,0,0,NonViolence/NV_162.mp4,NonViolence/NV_161.mp4,af30d599a669f8b08615dbfad88e21dda4a47acba4bb1b7ea70299aa860b0636,1e54e59e767d2b771b586e6bf97c3395e385e3008631908acf24cc398f423aff,,,0,0,5.000000,5.000000,0.0,1.0,224x224,224x224,2,1,1,isolated_frame_similarity
train,test,RLVS,RLVS,0,0,NonViolence/NV_880.avi,NonViolence/NV_879.avi,f59e2469f502fcc98a636c3c7d8012fdae07e80c61443c0af2cf81c791207629,6b1ec45abb4177cc51cbd5baac0829e7646993b1196027b08ca0350fe6924200,,,0,0,5.000000,5.000000,0.0,1.0,224x224,224x224,2,1,1,isolated_frame_similarity
train,test,RLVS,RLVS,0,0,NonViolence/NV_148.mp4,NonViolence/NV_156.mp4,8a4d8eebd05fe2f4f1f549f6861b9f0e1f02014d0db7fc7b7066fb76c8a230c6,ae763fa88e70a3a24915596c7a1ffeb7fc4bf0a9ef48ad12bff92ae86138c410,,,0,0,5.000000,5.000000,0.0,1.0,224x224,224x224,2,1,1,isolated_frame_similarity
train,validation,RLVS,RLVS,0,0,NonViolence/NV_220.mp4,NonViolence/NV_219.mp4,ad74fbc7d1a53f1838e43d326acabaf44b82ad4eba00da6916a758003a91e947,4a4e2f22eaca05da40ee5dc5e218950dd8a979432f22375cd7f018aad8ff0eea,,,0,0,5.000000,5.000000,0.0,1.0,224x224,224x224,4,1,1,isolated_frame_similarity
train,test,RLVS,RLVS,0,0,NonViolence/NV_169.mp4,NonViolence/NV_167.mp4,fc8d6f8cf61c0bd1714049c6a2e8fe8979133027483e8566c453a72173fffca5,4e51a05f7af821463587ad97f8a651bc3779d352da1985af51a6ae0fbc2a3330,,,0,0,5.000000,5.000000,0.0,1.0,224x224,224x224,4,1,1,isolated_frame_similarity
train,validation,RLVS,RLVS,0,0,NonViolence/NV_166.mp4,NonViolence/NV_165.mp4,c81c3e9f00d6c1af9a12fe224c905a7858c3e06b5b448c62cd7bce6c107c4bf4,4f1f004d8736f14a4873d2ae7d278a9feee2f11ff1c68f52fd08248a4d3f1346,,,0,0,5.000000,5.000000,0.0,1.0,224x224,224x224,4,1,1,isolated_frame_similarity
train,test,RWF-2000,RWF-2000,1,1,val/Fight/rwf_val_fight_0076.avi,val/Fight/rwf_val_fight_0074.avi,39fbd341523a6c7e695b48998869aed1cdb66be9c3c6110b72f335d00135d55c,e7985cafe708e53c8faffb17300b7b09a2cbbdf1eee1110e80a88ff9fc478cef,,,0,0,5.000000,5.000000,0.0,1.0,1280x720,1280x720,4,1,1,isolated_frame_similarity
train,validation,RLVS,RLVS,1,1,Violence/V_911.mp4,Violence/V_912.mp4,1e0bf50b55d80a6fa5244b73901d3f158b472eb1b8f71fd9c1f9e3d2067f0990,94e1a85dde7f8bebe792db1dda1af3bbe1e378889eb03ff6c6464deeff60da10,,,0,0,4.724138,4.206897,0.5172410000000003,0.8905110307954593,360x360,360x360,4,1,1,isolated_frame_similarity
train,validation,RLVS,RLVS,1,1,Violence/V_92.mp4,Violence/V_514.mp4,7999766b2879f42629e1c03c730d0e0ab2a0859933dc769a6234e71eb22ebd4e,5254bf67824a71b8b28d246a5c3c089d77b58155a878846e826d16b2857c5070,,,0,0,5.005000,5.105100,0.1001000000000003,0.9803921568627451,640x360,640x360,4,1,1,isolated_frame_similarity
train,test,RLVS,RLVS,0,0,NonViolence/NV_526.mp4,NonViolence/NV_528.mp4,774271e435b8abc3d33da0918d4ab87f10d2fa0fc9d266ea1250431665254171,e3f78d31546853f638ab8b0381343d685bf9adedda3cb228d956c3102298295d,,,0,0,5.000000,5.000000,0.0,1.0,224x224,224x224,4,1,1,isolated_frame_similarity
train,test,RLVS,RLVS,1,1,Violence/V_588.mp4,Violence/V_587.mp4,577562055ccddf7cd887955a22a126274fb79643156034ac0582a646e9b8eb7a,e5be00f3b738ad14af89deb6bf48f85f7e7e68f00341bd9c34a3836efff1a815,,,0,0,5.000000,5.000000,0.0,1.0,224x224,224x224,4,1,1,isolated_frame_similarity
train,validation,RLVS,RLVS,1,1,Violence/V_118.mp4,Violence/V_117.mp4,414dbb8bf8eff4bda74fee41250d4b2c500f0f464b0fe0353fa5a4993f663837,3e1a88a09f03f5c761b6e5bc47f264a3df3862e9daf07c02fe12682a1ff421ce,,,0,0,5.005000,4.904900,0.1001000000000003,0.98,1280x720,1280x720,4,1,1,isolated_frame_similarity
train,validation,RLVS,RLVS,0,0,NonViolence/NV_239.mp4,NonViolence/NV_249.mp4,fd2657c40b1f3c30a413acf96d20eadc5e09d172eaf3d53879502c6920027967,c1e0451cc534b797bd04733fb82704560aa52477add7c60833f6c0088982a95b,,,0,0,5.000000,5.000000,0.0,1.0,224x224,224x224,4,1,1,isolated_frame_similarity
train,test,RLVS,RLVS,0,0,NonViolence/NV_176.mp4,NonViolence/NV_177.mp4,fbfdf01fa2907951409f92da2effa9edb25cc7f85de07a57271a7753e34484d3,2207b49d37eafef898ae4664bc6a0da9ebb34cb836eeeb60ffb06c28244fe703,,,0,0,5.000000,5.000000,0.0,1.0,224x224,224x224,4,1,1,isolated_frame_similarity
train,test,RLVS,RLVS,0,0,NonViolence/NV_253.mp4,NonViolence/NV_252.mp4,02ef60b28ac367b89a9b7ff62cab9b35097f12953ad3519ea1ae00f3e3481d40,cc44d28dd7e7416663a27be76ed577f737d02fd34a727ea92a411b973eaab75d,,,0,0,5.000000,5.000000,0.0,1.0,224x224,224x224,4,1,1,isolated_frame_similarity
train,validation,RLVS,RLVS,0,0,NonViolence/NV_328.mp4,NonViolence/NV_280.mp4,4fd46cb8262013965c1655be7b966ca11b1720855dab41d504dbbd594b7a772f,56cf6f750bdd6072c1e8c1a899a47dcc6c307ff001b9c334b6acb5144a63d1cd,,,0,0,5.000000,5.000000,0.0,1.0,224x224,224x224,4,1,1,isolated_frame_similarity
train,test,RLVS,RLVS,1,1,Violence/V_129.mp4,Violence/V_128.mp4,1e2b31999942fd9726e43a437b37b1f4771893d33c67e3a8ce70e11d47b6b034,cf10a14b4539e9ce6b6fa30985d3c349552b4b3094a69c81b3ac215cb7aa391c,,,0,0,5.900000,5.900000,0.0,1.0,640x360,640x360,4,1,1,isolated_frame_similarity
train,validation,RWF-2000,RWF-2000,0,1,train/NonFight/rwf_train_nonfight_0275.avi,train/Fight/rwf_train_fight_0250.avi,55d28550b55cb67567ba0d35106704b4418bb78f56cc4101198d61c92e911da2,0323974d22fbda18f66f7a604de9681525d42d84c8a39a5aab9e03107464434d,,,0,0,5.000000,5.000000,0.0,1.0,640x360,640x360,4,1,1,isolated_frame_similarity
train,validation,RLVS,RLVS,1,1,Violence/V_869.mp4,Violence/V_868.mp4,b7ed836f008216cf8c0de246488e4b2f9241c6b660dc13f1dda15c73528667cf,048f594c0056f95bfd69a9140bbe0886eac165ce0ba9a45a2b45e364bba0ecbf,,,0,0,4.200000,4.300000,0.09999999999999964,0.9767441860465117,726x670,726x670,4,1,1,isolated_frame_similarity
train,validation,RLVS,RLVS,0,0,NonViolence/NV_720.mp4,NonViolence/NV_714.mp4,69bed0f2d4b6b6ecc4aab2feff6ec6e6473c7c7cf9ba07ee16a82db9c9a03696,caf3a2b84b72c1a1aa72a8ecd1c8458d50966cfc4607f0779ab4ef94da75a07a,,,0,0,5.000000,5.000000,0.0,1.0,224x224,224x224,4,1,1,isolated_frame_similarity
train,test,RLVS,RLVS,0,0,NonViolence/NV_987.mp4,NonViolence/NV_986.mp4,32e9a506f0172c1cdf9560d7c02ecf3c3c95694801cc4363011b3c6420b18cf7,15f53dffe624e415c99a1e030c7e59962d89df46ae16a11cfe21262cceba5b2a,,,0,0,5.000000,5.000000,0.0,1.0,224x224,224x224,4,1,1,isolated_frame_similarity
train,validation,RLVS,RLVS,0,0,NonViolence/NV_538.mp4,NonViolence/NV_469.mp4,66893693370b6bccefc69dbc9a85465eef568da15756dc4ba5b8563ef6e1b640,4ebffeb4fb8399aad6571019a8b2a26f1b98e1a9f2f047890b1f0d571b7e9870,,,0,0,5.000000,5.000000,0.0,1.0,224x224,224x224,4,1,1,isolated_frame_similarity
train,validation,RLVS,RLVS,0,0,NonViolence/NV_352.mp4,NonViolence/NV_338.mp4,995f44009d616f3bac6f800ebd6debdc40d323a6dd72716f482cdf23932f4738,9a4df07c955d700bb3d0673414d355162ae96ca14b91c4db7db606cce6921aad,,,0,0,3.803800,6.006000,2.2022000000000004,0.6333333333333333,640x360,640x360,4,1,1,isolated_frame_similarity
train,test,RLVS,RLVS,1,1,Violence/V_104.mp4,Violence/V_108.mp4,4b3006687ac414641fe4a04fce0ee78049101934c871ed9627762dfb3db7cd01,6b02930394f63e82863ef882782a7d1e0a97900bbdd6edbc0c453eab59164bfa,,,0,0,5.005000,4.004000,1.0010000000000003,0.7999999999999999,640x360,640x360,4,1,1,isolated_frame_similarity
train,validation,RLVS,RLVS,0,0,NonViolence/NV_213.mp4,NonViolence/NV_212.mp4,3d6d17abb96dc00e8e39024a918835c34cc584aca8d4d07276b9c6beddbbda18,fe279486911b713335d2cc737082e3d73cab33a7b0f7e2a329de049f2f821aee,,,0,0,5.000000,5.000000,0.0,1.0,224x224,224x224,4,1,1,isolated_frame_similarity
train,validation,RWF-2000,RWF-2000,1,1,train/Fight/rwf_train_fight_0319.avi,train/Fight/rwf_train_fight_0318.avi,123261ae9c24978b74d9fc84c50cfd131d9acc5df01a15a7e3098145f47aeb10,ddb6493d0a151a249257d6e9781d9f8b5fb1021b53c639dcf0dc312e95ba9c0d,,,0,0,5.000000,5.000000,0.0,1.0,1280x720,1280x720,4,1,1,isolated_frame_similarity
train,test,RLVS,RLVS,0,0,NonViolence/NV_78.mp4,NonViolence/NV_10.mp4,bb8314946eb808c2ae56181edb6711ed87b8e7985b188445fb5e58198461c030,cc2c82215458bb6e45aea47de2711f68d2b9c9e63a5814ca24b09a7392e5e763,,,0,0,5.000000,5.000000,0.0,1.0,224x224,224x224,4,1,1,isolated_frame_similarity
train,test,RLVS,RLVS,0,0,NonViolence/NV_175.mp4,NonViolence/NV_158.mp4,0a592b9583210b0432eb7b32e2943e295daefc7c5df8857d8baba96f09fe6b4c,ade2b4e8806af6d76e7fe1c7843f5f0441a5e6bf0a6499f1dcfe3dd3eaf28d35,,,0,0,5.000000,5.000000,0.0,1.0,224x224,224x224,4,1,1,isolated_frame_similarity
train,test,RLVS,RLVS,0,0,NonViolence/NV_738.mp4,NonViolence/NV_741.mp4,2d935add3ef15cb74566326c5d4ba125ceb97e3ddd117fe0b7d38811f890599e,5e369a4643f8fdc6254ac963dacb31340a08e9934d852e08a1d7e87bf62484b3,,,0,0,5.105100,4.604600,0.5005000000000006,0.9019607843137254,854x480,854x480,4,1,1,isolated_frame_similarity
train,test,RLVS,RLVS,0,0,NonViolence/NV_382.mp4,NonViolence/NV_379.mp4,f01a15e99958e2b6463417ea79b7c3b5cd5701bd23302d387366ff2f8da14e93,21a9664c47a43823975e914fe1aeba86378fd5782a45754c42ff8dac369d5bc8,,,0,0,5.000000,5.000000,0.0,1.0,224x224,224x224,4,1,1,isolated_frame_similarity
train,validation,RWF-2000,RWF-2000,1,0,val/Fight/rwf_val_fight_0080.avi,val/NonFight/rwf_val_nonfight_0079.avi,fb9dad6b1cd16aec6a574d2df0c12f1cc149b23b77e04bc7c961a0f3f19df1d1,3aaa3259768f9d011803303d03d9d76f73803c8d2033f84230c110956d227aff,,,0,0,5.000000,5.000000,0.0,1.0,1280x720,1280x720,4,1,1,isolated_frame_similarity
validation,test,RLVS,RLVS,0,0,NonViolence/NV_165.mp4,NonViolence/NV_158.mp4,4f1f004d8736f14a4873d2ae7d278a9feee2f11ff1c68f52fd08248a4d3f1346,ade2b4e8806af6d76e7fe1c7843f5f0441a5e6bf0a6499f1dcfe3dd3eaf28d35,,,0,0,5.000000,5.000000,0.0,1.0,224x224,224x224,4,1,1,isolated_frame_similarity
validation,test,RLVS,RLVS,0,0,NonViolence/NV_892.avi,NonViolence/NV_891.avi,9db8a797e462e640c9212c9c20d68d8ae673c9ad5e2dae5e63d4a82008390de6,4e4b17794c3495739f92497c573562f5c6dfaed7e8ceeb64f30f093d931a9109,,,0,0,5.000000,5.000000,0.0,1.0,224x224,224x224,4,1,1,isolated_frame_similarity
train,validation,RLVS,RLVS,0,0,NonViolence/NV_532.mp4,NonViolence/NV_535.mp4,54e5ebe08c75d8dd2e1b448e93cbf835c1db5129a268eff105c2ccf3604007d3,ddbc74ec896c15f860a7b96d08113de8eb5737a48ad3cfac0a55adca59d2d094,,,0,0,5.000000,5.000000,0.0,1.0,224x224,224x224,6,1,1,isolated_frame_similarity
train,validation,RLVS,RLVS,0,0,NonViolence/NV_200.mp4,NonViolence/NV_201.mp4,22350850d1a25b5ec8c4ed57ec29932c78fe5959c4ca30b4ee2d053f827683bc,241d65e2d9604d54ded3da71ffad2a109b30ad35c381aec5a019644c94374d77,,,0,0,5.000000,5.000000,0.0,1.0,224x224,224x224,6,1,1,isolated_frame_similarity
train,test,RLVS,RLVS,1,1,Violence/V_590.mp4,Violence/V_589.mp4,bd59b2fc16d4bb518ed6a263cccab3ccbee5a09c6b68d1b3358f6fdf9863bdf1,ed491b5d7fe79283952f3640b2c7ef12597f6f5494bb78e4ec871c8bfc81fbd9,,,0,0,5.000000,5.000000,0.0,1.0,224x224,224x224,6,1,1,isolated_frame_similarity
train,test,RWF-2000,RWF-2000,1,1,val/Fight/rwf_val_fight_0075.avi,val/Fight/rwf_val_fight_0074.avi,f23eabfddef2b6bad8719425d4b433c093c000ff8b1d5216e339ca28f2ac3ea5,e7985cafe708e53c8faffb17300b7b09a2cbbdf1eee1110e80a88ff9fc478cef,,,0,0,5.000000,5.000000,0.0,1.0,1280x720,1280x720,6,1,1,isolated_frame_similarity
train,test,RWF-2000,RWF-2000,1,1,train/Fight/rwf_train_fight_0665.avi,train/Fight/rwf_train_fight_0664.avi,b5cc01c8212bff57995b8e5a666c26b6aa87cd0a46a8c330336e8ef1c3522dc4,10177f67cfd3d10621d08f22be363a355cf65356a520fc3a695045c35c6262e3,,,0,0,5.000000,5.000000,0.0,1.0,1280x720,1280x720,6,1,1,isolated_frame_similarity
train,test,RLVS,RLVS,0,0,NonViolence/NV_209.mp4,NonViolence/NV_210.mp4,a185e3d687322e76c1171a1f213c4640267c820d07714e1545a601dede89ca45,952ac4fbdfe29694ef7e7e3854c326c3700d5b0d884a4667eba983aba8f77feb,,,0,0,5.000000,5.000000,0.0,1.0,224x224,224x224,6,1,1,isolated_frame_similarity
train,test,RWF-2000,RWF-2000,1,1,train/Fight/rwf_train_fight_0627.avi,train/Fight/rwf_train_fight_0626.avi,33eea338a2e94b23df57e9198c8970c84a95130be13556c13ed0f43a27c00714,4c42803c0d95f2bf7946639246acf3bcf115a529c78dbce7149409a7b86d7193,,,0,0,5.000000,5.000000,0.0,1.0,626x360,626x360,6,1,1,isolated_frame_similarity
train,test,RLVS,RLVS,0,0,NonViolence/NV_166.mp4,NonViolence/NV_167.mp4,c81c3e9f00d6c1af9a12fe224c905a7858c3e06b5b448c62cd7bce6c107c4bf4,4e51a05f7af821463587ad97f8a651bc3779d352da1985af51a6ae0fbc2a3330,,,0,0,5.000000,5.000000,0.0,1.0,224x224,224x224,6,1,1,isolated_frame_similarity
train,validation,RWF-2000,RWF-2000,1,1,train/Fight/rwf_train_fight_0519.avi,train/Fight/rwf_train_fight_0513.avi,e9cbaee1ab3ca95c1956c0edd1cdaedae458592a3e1c1bddb8c5094517f7385d,32da8e94e19a280fbd2e49e0d76540cbc988d7b647dd212f58b90e7fddf06ae7,,,0,0,5.000000,5.000000,0.0,1.0,1280x720,1280x720,6,1,1,isolated_frame_similarity
train,validation,RWF-2000,RWF-2000,1,1,train/Fight/rwf_train_fight_0654.avi,train/Fight/rwf_train_fight_0653.avi,1f15f379d43295dc71ce08cdf8b1ed9d00ffd47698f61af26e830e51a68f4f1c,21fa1c2bb60e2702198daf82d7fa6a6c713677358737a089c51b85f2f3a0b51e,,,0,0,5.000000,5.000000,0.0,1.0,1280x720,1280x720,6,1,1,isolated_frame_similarity
train,validation,RLVS,RLVS,0,0,NonViolence/NV_754.mp4,NonViolence/NV_753.mp4,67cc9628e16da8603fded1ff861d6ce9a363a70d567a73f596ec82e337f9c9d0,39ce72892c74a68f46f2ec4f88d6f2cc3024248866c4b44427806a2c2107d9a6,,,0,0,5.000000,5.000000,0.0,1.0,224x224,224x224,6,1,1,isolated_frame_similarity
train,validation,RLVS,RLVS,1,1,Violence/V_109.mp4,Violence/V_106.mp4,daa89098104d4968b66f82fc44fb26fff61ce409f5b34194c0be95dfe0ce6fdf,953da36ce84576b9047082a2446ed2eb96417014cbfc4619f6d65f6b1fa38c29,,,0,0,3.603600,5.005000,1.4013999999999998,0.7200000000000001,640x360,640x360,6,1,1,isolated_frame_similarity
train,test,RWF-2000,RWF-2000,1,1,train/Fight/rwf_train_fight_0524.avi,train/Fight/rwf_train_fight_0525.avi,7b753bcfa472b20bdef2e5d6522b8a18b5e27d6dafb7ce1eb2763d5de22645ed,0d8813281b2783aeea1cbe06da7fafe87ce540a03b44b613640e5bf578101307,,,0,0,5.000000,5.000000,0.0,1.0,480x360,480x360,6,1,1,isolated_frame_similarity
train,test,RWF-2000,RWF-2000,1,1,train/Fight/rwf_train_fight_0666.avi,train/Fight/rwf_train_fight_0667.avi,375b2b5ce096763adeb85018c6621b4df214463fda836d585093a5420ecbf84a,a8f25fc819a080cffe1817b679620fa441c4c21b1cae1498047054f5baf73c87,,,0,0,5.000000,5.000000,0.0,1.0,1280x720,1280x720,6,1,1,isolated_frame_similarity
train,test,RLVS,RLVS,1,1,Violence/V_107.mp4,Violence/V_108.mp4,977fb9cce3942ae7a95168a1fe69ffd46f75ed75a84ee88006ee9a84b33e9d46,6b02930394f63e82863ef882782a7d1e0a97900bbdd6edbc0c453eab59164bfa,,,0,0,5.005000,4.004000,1.0010000000000003,0.7999999999999999,640x360,640x360,6,1,1,isolated_frame_similarity
train,test,RLVS,RLVS,0,0,NonViolence/NV_241.mp4,NonViolence/NV_240.mp4,aff5888f3da0244cdbe42e81ad80569e6493dc2472908ca7c153b2b7657feea2,163cce1747af84e862b1357e106bb5bac72b125501ae0db248f972f13a052f7c,,,0,0,5.000000,5.000000,0.0,1.0,224x224,224x224,6,1,1,isolated_frame_similarity
train,validation,RWF-2000,RWF-2000,1,1,train/Fight/rwf_train_fight_0160.avi,train/Fight/rwf_train_fight_0159.avi,d5a25d86c0bcb1d39b182982ab2956a85dbbf108753da4c3da28c2e838131d93,5c8641acc6807c4ffa19703f4288aba86999a7aa366f152a0c9cb501df996e74,,,0,0,5.000000,5.000000,0.0,1.0,1280x720,1280x720,6,1,1,isolated_frame_similarity
train,validation,RWF-2000,RWF-2000,1,0,val/Fight/rwf_val_fight_0109.avi,val/NonFight/rwf_val_nonfight_0108.avi,a4064a1b9862635d7be7213a674d7bf4fbcb53205e2da4af00e75cc76bf6a323,563f6b1c05a28c37c7475e799509594bda97c5f557d98960ea96eca063f0485e,,,0,0,5.000000,5.000000,0.0,1.0,640x360,640x360,6,1,1,isolated_frame_similarity
train,validation,RWF-2000,RWF-2000,0,0,train/NonFight/rwf_train_nonfight_0559.avi,train/NonFight/rwf_train_nonfight_0560.avi,6e56dfc6c5cba7657c44a87ce45cba6611430b7fd50e346924a60efeb82611c8,482ee3063a8e69dbdd06f6c626cde2fee3ff7bf1177a8953b0e78c071eb6ad0f,,,0,0,5.000000,5.000000,0.0,1.0,1280x720,1280x720,6,1,1,isolated_frame_similarity
train,validation,RLVS,RLVS,0,0,NonViolence/NV_381.mp4,NonViolence/NV_380.mp4,fe177aa84882119295afa62ba4763c5f7890e8ed5591e51c73b3205be36dbaca,2215edbcb952a6874af1f0d767ae0f26f70bbaa4a7d3e02abb5ff8ffa80b6e96,,,0,0,5.000000,5.000000,0.0,1.0,224x224,224x224,6,1,1,isolated_frame_similarity
train,test,RLVS,RLVS,0,0,NonViolence/NV_381.mp4,NonViolence/NV_375.mp4,fe177aa84882119295afa62ba4763c5f7890e8ed5591e51c73b3205be36dbaca,39f6441e3715ed327046edb043fb3939e42c8f3e6b1ae6e274d75bf8a1a35dab,,,0,0,5.000000,5.000000,0.0,1.0,224x224,224x224,6,1,1,isolated_frame_similarity
train,validation,RWF-2000,RWF-2000,1,1,train/Fight/rwf_train_fight_0182.avi,train/Fight/rwf_train_fight_0187.avi,f99d3e0c3a45ed0f79b2b4a02bd211cf39812ff1b848265e4362e2f1bfe7d683,c290ddcdd4db12f5cdecd91366010da76a08d60016690b02af429a46386e5ff4,,,0,0,5.000000,5.000000,0.0,1.0,1280x720,1280x720,6,1,1,isolated_frame_similarity
train,validation,RWF-2000,RWF-2000,0,1,train/NonFight/rwf_train_nonfight_0080.avi,train/Fight/rwf_train_fight_0074.avi,81a4e311f9819e598473e49ed9201b41cd36b1e5cfbfdcb6ee611084bb1a721d,28465af8dca0b718aff179ac07acfd13024c4ff02b518035bcb903616e172967,,,0,0,5.000000,5.000000,0.0,1.0,1280x720,1280x720,6,1,1,isolated_frame_similarity
train,validation,RLVS,RLVS,0,0,NonViolence/NV_171.mp4,NonViolence/NV_183.mp4,f775639394860a0167f38225b8ccc6484c99f283a016d340191b37dee369ce1e,d8c1535a73d8a5670b8cfbfcf79b22398f84c04d9c8920e7f3457d7c38ad7836,,,0,0,5.000000,5.000000,0.0,1.0,224x224,224x224,6,1,1,isolated_frame_similarity
train,test,RLVS,RLVS,0,0,NonViolence/NV_113.mp4,NonViolence/NV_199.mp4,b306e92923cf1915c5db0ea2ce70fb2853cffc5350e6ff68419c395351bb05d7,27f30788428ebb88d1cfeafc665172f3f78ef3e55dc7be5d58de91b01a196ed0,,,0,0,5.000000,5.000000,0.0,1.0,224x224,224x224,6,1,1,isolated_frame_similarity
train,validation,RWF-2000,RWF-2000,1,1,val/Fight/rwf_val_fight_0114.avi,val/Fight/rwf_val_fight_0115.avi,94057ff8375c652f4ae6ebe709c612e9718fb6deeb3e6800af4b75a2b6042d54,e047ea2ba622af1ca8e5864eafdc97f670ff3ca50ce57341495f2009a104f69b,,,0,0,5.000000,5.000000,0.0,1.0,640x360,640x360,6,1,1,isolated_frame_similarity
train,validation,RWF-2000,RWF-2000,0,1,train/NonFight/rwf_train_nonfight_0077.avi,train/Fight/rwf_train_fight_0065.avi,805975e2d5dde2099fe820f4193982e76680549e54a74db323fef0c7b2186614,924f0df971a05fc4966fd30363aa1992eeaa37a3c7a4ab5ae6012c7418928c4c,,,0,0,5.000000,5.000000,0.0,1.0,406x720,406x720,6,1,1,isolated_frame_similarity
train,test,RWF-2000,RWF-2000,1,1,val/Fight/rwf_val_fight_0149.avi,val/Fight/rwf_val_fight_0150.avi,4c5e5e385138dbca194d3245325e66cfb1e7c52423ed6630fdf58e547b484a17,79626bf77fab968d855f1e97cdd853cef163d32013eb0095f0f1da6461946009,,,0,0,5.000000,5.000000,0.0,1.0,640x360,640x360,6,1,1,isolated_frame_similarity
train,validation,RWF-2000,RWF-2000,0,1,train/NonFight/rwf_train_nonfight_0098.avi,train/Fight/rwf_train_fight_0089.avi,3664a49329cc10321ab3eff8d0b45fc2886739d65b68e763faa324f0a276cab2,f0ef03a1a7638cd6533fa18b57c4426beeab424ffb376330c2b9381ef4b1271f,,,0,0,5.000000,5.000000,0.0,1.0,1920x1080,1920x1080,6,1,1,isolated_frame_similarity
train,test,RLVS,RLVS,0,0,NonViolence/NV_451.mp4,NonViolence/NV_450.mp4,85d1e0e199afc65a4d371327b072499d736446da502d1c849a1c8348626dfb2e,a4eb9c29a0778d99554ca93566d0dedf6d6a39701a185aefd0a0eb59f68a0167,,,0,0,5.000000,5.000000,0.0,1.0,224x224,224x224,6,1,1,isolated_frame_similarity
train,test,RWF-2000,RWF-2000,1,1,train/Fight/rwf_train_fight_0517.avi,train/Fight/rwf_train_fight_0514.avi,e551a53b99e7a0a2b08a1dc7d173176236b1f3902b937c4103bf5935ad9b2465,4da393116722bbe069f12df278620dd8aaeb439325f92374ed6fa4e9d18b80cc,,,0,0,5.000000,5.000000,0.0,1.0,1280x720,1280x720,6,1,1,isolated_frame_similarity
train,validation,RLVS,RLVS,0,0,NonViolence/NV_376.mp4,NonViolence/NV_384.mp4,35f190c0f1684a5bbd427daae594c194f1e4950103e21c7432dd5eea95b7c57e,0a718e47808a9756c20efaffb6f02b1dd2e0703eca11bf2c4b49d2f72f23fb24,,,0,0,5.000000,5.000000,0.0,1.0,224x224,224x224,6,1,1,isolated_frame_similarity
train,validation,RLVS,RLVS,0,0,NonViolence/NV_698.mp4,NonViolence/NV_699.mp4,d33210cfafa518bbffa3e18ae5b6a4832066249eadfbc01c1c256200f7906b41,1df8b91751309777b494566f553eb9d5f5dad69bb1b772e024d9057b4ec6de10,,,0,0,5.000000,5.000000,0.0,1.0,224x224,224x224,6,1,1,isolated_frame_similarity
train,validation,RLVS,RLVS,0,0,NonViolence/NV_698.mp4,NonViolence/NV_696.mp4,d33210cfafa518bbffa3e18ae5b6a4832066249eadfbc01c1c256200f7906b41,626fbdf7cb0e97c6bab5303b9f1f612c917ae53546b3f74609efe92025dc0d13,,,0,0,5.000000,5.000000,0.0,1.0,224x224,224x224,6,1,1,isolated_frame_similarity
train,test,RWF-2000,RWF-2000,1,1,train/Fight/rwf_train_fight_0551.avi,train/Fight/rwf_train_fight_0552.avi,2cb6b3c18ef84e01783f48d5d2e22f8f3637a503c20c18f7e98188d276385db3,59c846af7f4d0db3ca3890c8cc701c74350f86ab16c06a0146c5d6f7b957c69b,,,0,0,5.000000,5.000000,0.0,1.0,640x360,640x360,6,1,1,isolated_frame_similarity
train,validation,RLVS,RLVS,0,0,NonViolence/NV_399.mp4,NonViolence/NV_398.mp4,9ac94830c25ff743b99f6861dc90abee910ff27db16210bf59185f94aa209d05,def2e8d8d6e33760c814c4d86e59f7c2e87b0e5ebd819e0eb58d6092881d31c7,,,0,0,5.000000,5.000000,0.0,1.0,224x224,224x224,6,1,1,isolated_frame_similarity
train,test,RWF-2000,RWF-2000,1,1,train/Fight/rwf_train_fight_0639.avi,train/Fight/rwf_train_fight_0640.avi,136ee65be4efba5b40e63f19735a6ee54a0c11b1a981b87d5c8f63992977dd10,692d57d922528a617108ea1802ffbd3fb7b497e1204750f95028257425759543,,,0,0,5.000000,5.000000,0.0,1.0,426x240,426x240,6,1,1,isolated_frame_similarity
train,validation,RLVS,RLVS,0,0,NonViolence/NV_684.mp4,NonViolence/NV_699.mp4,a0231c2d9bbf180d6cb328d341be1631dc7b24c8bc8a1d5461c0f06b3419b0d7,1df8b91751309777b494566f553eb9d5f5dad69bb1b772e024d9057b4ec6de10,,,0,0,5.000000,5.000000,0.0,1.0,224x224,224x224,6,1,1,isolated_frame_similarity
train,test,RWF-2000,RWF-2000,0,1,train/NonFight/rwf_train_nonfight_0099.avi,train/Fight/rwf_train_fight_0085.avi,1db58d1470a11eab629eeee778e0d7b15d8bdb9d39806e8f0bf0de9e663bc8c6,f26a0ad92d41f2b3f69f9c46ec96fe1ba95963599e2576ce4324b6e71d01a369,,,0,0,5.000000,5.000000,0.0,1.0,1920x1080,1920x1080,6,1,1,isolated_frame_similarity
train,validation,RWF-2000,RWF-2000,1,1,train/Fight/rwf_train_fight_0422.avi,train/Fight/rwf_train_fight_0421.avi,17077faf6ccc669e8486bdff36cb9a960907f1c75f86e9b0b565bb339b377f6e,6f09a93f201ae2c8ff4e6e60bf4001d4e74d4a34429043f055c3f1e1e0d2a2da,,,0,0,5.000000,5.000000,0.0,1.0,1280x720,1280x720,6,1,1,isolated_frame_similarity
train,validation,RLVS,RLVS,0,0,NonViolence/NV_515.mp4,NonViolence/NV_511.mp4,5eb4fc605b8dd1132a86f7b192bfd189426dca15ce8fa2e1a4634ebd87b930f2,da961b572e5b30b326bf0b357cb6023c05575a51f48b21bd2ffc266bfcf4359f,,,0,0,5.000000,5.000000,0.0,1.0,224x224,224x224,6,1,1,isolated_frame_similarity
train,test,RWF-2000,RWF-2000,1,1,train/Fight/rwf_train_fight_0296.avi,train/Fight/rwf_train_fight_0295.avi,f2a06b333e4620065f29c721c29e484b4609edc76a35c669d4d1ab8bac38c5c6,fb6a086238b042849933232108de79911c98bb95340efd8aff71b59a9cb88594,,,0,0,5.000000,5.000000,0.0,1.0,624x352,624x352,6,1,1,isolated_frame_similarity
train,validation,RLVS,RLVS,1,1,Violence/V_215.mp4,Violence/V_216.mp4,56c55be2d3f5d37b49a500c3775d88e9de4b5d9c6e4f2a80368c1ae09d179fca,0d68459720bea88c734201585828d190819002d4c3240f10c090df4ebdd1eb9c,,,0,0,5.200000,5.200000,0.0,1.0,438x452,438x452,6,1,1,isolated_frame_similarity
train,test,RLVS,RLVS,0,0,NonViolence/NV_60.mp4,NonViolence/NV_59.mp4,4b126a5a44e54bc161827dbf4598698a90abcb4bb63db61afe39eda085d4fab4,29897fe22d94420901ea6b5366f4a9b69186d957445e913c27adadf228b011c3,,,0,0,5.000000,5.000000,0.0,1.0,224x224,224x224,6,1,1,isolated_frame_similarity
train,test,RWF-2000,RWF-2000,1,1,val/Fight/rwf_val_fight_0191.avi,val/Fight/rwf_val_fight_0194.avi,af8075fc03f837593953593825f093157009d9049922f04db8a9023709d5bd31,9bd595c4e85de8388934b026c2f788060786329f8b7bd48be206470f486c0e0f,,,0,0,5.000000,5.000000,0.0,1.0,1280x720,1280x720,6,1,1,isolated_frame_similarity
train,test,RLVS,RLVS,0,0,NonViolence/NV_521.mp4,NonViolence/NV_518.mp4,9a635d37f5384779103e25d8674a5496b6af665bb19f464bf76c38d9a9fd3424,53ca93e090aa372219028ac80ffea750508474c107f7cc347f05aec2a8753193,,,0,0,5.000000,5.000000,0.0,1.0,224x224,224x224,6,1,1,isolated_frame_similarity
train,test,RWF-2000,RWF-2000,1,1,val/Fight/rwf_val_fight_0012.avi,val/Fight/rwf_val_fight_0013.avi,cdc6870263fe045d050844d788067ee74e1adc114410567c18def11ac2c288e8,4566372d5f76c194e2ff098838c2736c2ff6d9895d43a668e47033c3765de8e7,,,0,0,5.000000,5.000000,0.0,1.0,1280x720,1280x720,6,1,1,isolated_frame_similarity
train,test,RLVS,RLVS,0,0,NonViolence/NV_211.mp4,NonViolence/NV_210.mp4,151ade3d6e0a46497d9d1c1359ed6317c97417e07ab8b61db4e7b9eda4b5ac3c,952ac4fbdfe29694ef7e7e3854c326c3700d5b0d884a4667eba983aba8f77feb,,,0,0,5.000000,5.000000,0.0,1.0,224x224,224x224,6,1,1,isolated_frame_similarity
train,test,RLVS,RLVS,0,0,NonViolence/NV_168.mp4,NonViolence/NV_110.mp4,11abaf97eaec1d1fbf5c569e02d24bfa9f414769df9446322a3fed5dc0f07fd1,79864df1a7bb8bec32b35561ba597a1e99598401d2eca9305c33a432811c7b9e,,,0,0,5.000000,5.000000,0.0,1.0,224x224,224x224,6,1,1,isolated_frame_similarity
train,validation,RLVS,RWF-2000,0,0,NonViolence/NV_92.mp4,train/NonFight/rwf_train_nonfight_0359.avi,6f66bc431e80af1577c2d13865e23e9456f1f74fc17d8fadba48cec308476d2b,886990b9bce3f5b2d22476a8befa0da905ff1fbe3629b4fbc5018dc7328fa7ea,,,0,0,5.320000,5.000000,0.3200000000000003,0.9398496240601504,640x360,320x240,6,1,1,isolated_frame_similarity
train,test,RWF-2000,RWF-2000,1,1,val/Fight/rwf_val_fight_0108.avi,val/Fight/rwf_val_fight_0111.avi,149cd8474cdd5e9fa200f8411c39bbfafdafa64bf7c2551b05b849eabe7af450,6bd0662da957bbcd4757a35ce440fa709c7212de5ac23dfd52fb808d65bba498,,,0,0,5.000000,5.000000,0.0,1.0,640x360,640x360,6,1,1,isolated_frame_similarity
train,validation,RWF-2000,RWF-2000,1,1,val/Fight/rwf_val_fight_0126.avi,val/Fight/rwf_val_fight_0125.avi,b1091bee4818af2071b9b2ce023e7b8bb997d59293f1e339c6ae57ed309c84c1,bded52dbdad3a4c093ce09a6a2e1f9ff803bf921a0a2cf616b5a9f42946a1e92,,,0,0,5.000000,5.000000,0.0,1.0,920x720,920x720,6,1,1,isolated_frame_similarity
train,test,RLVS,RLVS,0,0,NonViolence/NV_418.mp4,NonViolence/NV_414.mp4,39d639c11ebfea69e6a75ddad74e1ba04d4c9428af4fd72e6590d3ad9d1bcefe,a209a2d540ead0d929fc7d70bfbcf806fea21a16c3c6fcdf755cb66bc9bd7277,,,0,0,5.000000,5.000000,0.0,1.0,224x224,224x224,6,1,1,isolated_frame_similarity
train,validation,RLVS,RLVS,1,1,Violence/V_360.mp4,Violence/V_361.mp4,0c7c3d1e0a98c81373b502d77aa67baae7d80d697f7a83092896e5c5013f094d,49260f06a230340e37f20b8a42779a6095a9bc42a21fa1f172840189d13d2c1f,,,0,0,6.706700,7.407400,0.7007000000000003,0.9054054054054054,1280x720,1280x720,6,1,1,isolated_frame_similarity
train,test,RLVS,RLVS,0,0,NonViolence/NV_100.mp4,NonViolence/NV_333.mp4,10d0fde2197315feb13157197d90f59ad99f966d5f8e259d3d0a71c1fff4d165,f2cdef6b7df70796384fb920b917e0922d1c19b795e275a917f559543e9b2519,,,0,0,5.000000,5.000000,0.0,1.0,224x224,224x224,6,1,1,isolated_frame_similarity
train,validation,RLVS,RLVS,0,0,NonViolence/NV_130.mp4,NonViolence/NV_129.mp4,5ea2202203e7e265f75e74c74e996ad042d8b046b92c47c9a8f1473047d2df23,5d9513825464d3c6e5029f2c3fd39dc8e801e0574e75d2961252d3de6b1c1ab6,,,0,0,5.000000,5.000000,0.0,1.0,224x224,224x224,6,1,1,isolated_frame_similarity
train,validation,RLVS,RLVS,1,1,Violence/V_618.mp4,Violence/V_617.mp4,a514f22e74c954b0ba15c02c53d43b8d003d5f88e6714022e6534b971bd6e0e6,fcebc863da0af473726a9dc5a57c359a98c9bafea952906afce20647a4a4d0fd,,,0,0,5.000000,5.000000,0.0,1.0,224x224,224x224,6,1,1,isolated_frame_similarity
train,validation,RWF-2000,RWF-2000,0,1,train/NonFight/rwf_train_nonfight_0445.avi,train/Fight/rwf_train_fight_0388.avi,269a4a5ac19b0f587b79349ec602b942c84bb61538317061d3e5a5f967d7a539,31775ed989d206bbdaacf3429d2f5a0af2bad1536fa51a591dc719ed0e9151e5,,,0,0,5.000000,5.000000,0.0,1.0,1280x720,1280x720,6,1,1,isolated_frame_similarity
train,validation,RLVS,RLVS,1,1,Violence/V_104.mp4,Violence/V_105.mp4,4b3006687ac414641fe4a04fce0ee78049101934c871ed9627762dfb3db7cd01,2b39606cd7b510ce18eaebad38ded39753dffadbd3ea501ce465c691b80b315e,,,0,0,5.005000,5.105100,0.1001000000000003,0.9803921568627451,640x360,640x360,6,1,1,isolated_frame_similarity
train,test,RWF-2000,RWF-2000,1,1,val/Fight/rwf_val_fight_0024.avi,val/Fight/rwf_val_fight_0023.avi,6c96714992047c902f990365ba51d45ffa788c5b3ef3330724e27046ef4d8f0a,c240b82abe47c41c986506bf1c230fa12ddddd877139484fb33a6d350cb1aa43,,,0,0,5.000000,5.000000,0.0,1.0,640x360,640x360,6,1,1,isolated_frame_similarity
train,validation,RLVS,RLVS,0,0,NonViolence/NV_984.mp4,NonViolence/NV_985.mp4,e5a7f08e265af63856b452631f8e210e27118788d046ae3498da27bd363a8311,062b72c19d1e18291027a8fb67ef5ad175a3cdd1337d5f8dd5932ec9fe8b6961,,,0,0,5.000000,5.000000,0.0,1.0,224x224,224x224,6,1,1,isolated_frame_similarity
train,test,RLVS,RLVS,0,0,NonViolence/NV_160.mp4,NonViolence/NV_161.mp4,2d512a2b3ebf7716dfdfc25715cf97baea09e2467691f5b23e7ebd451b66a93e,1e54e59e767d2b771b586e6bf97c3395e385e3008631908acf24cc398f423aff,,,0,0,5.000000,5.000000,0.0,1.0,224x224,224x224,6,1,1,isolated_frame_similarity
train,validation,RLVS,RLVS,0,0,NonViolence/NV_55.mp4,NonViolence/NV_280.mp4,17addeffba62d317114a68cd24918e1ea210bba821cf5b1cca1cae94010b94f8,56cf6f750bdd6072c1e8c1a899a47dcc6c307ff001b9c334b6acb5144a63d1cd,,,0,0,5.000000,5.000000,0.0,1.0,224x224,224x224,6,1,1,isolated_frame_similarity
train,test,RLVS,RLVS,1,1,Violence/V_569.mp4,Violence/V_570.mp4,55f24b4aaa85549080f06e7c659bde7d728a9165655461964066860ec1db7fe7,41b6c5b589b6c5cc9e60b48522456b271f8b26e364be91ded179cc08d1b3742c,,,0,0,5.000000,5.000000,0.0,1.0,224x224,224x224,6,1,1,isolated_frame_similarity
train,validation,RLVS,RLVS,0,0,NonViolence/NV_265.mp4,NonViolence/NV_264.mp4,9249f83662a7bd90745ce775ff4217b4a69e92fa27f70ddb5bbbba4864911acb,b8edeb98e818bac0c73dd4c030183d19d8e031c21911969ed6d9bfeb97fcc6cb,,,0,0,5.000000,5.000000,0.0,1.0,224x224,224x224,6,1,1,isolated_frame_similarity
train,validation,RWF-2000,RWF-2000,1,1,train/Fight/rwf_train_fight_0458.avi,train/Fight/rwf_train_fight_0610.avi,973090ef0998eb5d6708e48bac39767227dbd6b51b47d75f159730c218138510,98890de3073c8556b6b400dce8b9e856a05a37a1ae927793d02a3b5f8e5774a3,,,0,0,5.000000,5.000000,0.0,1.0,600x360,320x240,6,1,1,isolated_frame_similarity
train,test,RLVS,RLVS,0,0,NonViolence/NV_449.mp4,NonViolence/NV_450.mp4,5e86664df8349c59952570e6c09f04e84ce2cb3656783fe68b3f9f393a253c5c,a4eb9c29a0778d99554ca93566d0dedf6d6a39701a185aefd0a0eb59f68a0167,,,0,0,5.000000,5.000000,0.0,1.0,224x224,224x224,6,1,1,isolated_frame_similarity
train,test,RWF-2000,RWF-2000,1,1,val/Fight/rwf_val_fight_0005.avi,val/Fight/rwf_val_fight_0001.avi,2f0b0f8848fdba4ecddf61efa9793f20e878a7815445a2d1eeceaa4d0ae6c768,2675c60505d92ebced2c2b7cc2d3c13810a797168901f05ac12a19a9e0c7aa53,,,0,0,5.000000,5.000000,0.0,1.0,1280x720,1280x720,6,1,1,isolated_frame_similarity
train,validation,RWF-2000,RWF-2000,1,1,train/Fight/rwf_train_fight_0589.avi,train/Fight/rwf_train_fight_0590.avi,5fac8ba14e07ef5916dda392b61ca793b443a7eab3b5689c0c8307001c3c44b6,925659d392de292f6d06105e5d302deca25cc12e07442b9d572fca381cadf729,,,0,0,5.000000,5.000000,0.0,1.0,720x720,720x720,6,1,1,isolated_frame_similarity
train,test,RWF-2000,RWF-2000,1,1,train/Fight/rwf_train_fight_0045.avi,train/Fight/rwf_train_fight_0039.avi,284278ed7927038a5f7f31bc1d32a3c8380b01d2b458fb3db7fa516d6a9e3eea,dd0ff78ea0cb7906037e50ee1143207ddef661aa1181c6626cb523b6adc68bd7,,,0,0,5.000000,5.000000,0.0,1.0,526x360,526x360,6,1,1,isolated_frame_similarity
train,validation,RLVS,RLVS,0,0,NonViolence/NV_706.mp4,NonViolence/NV_709.mp4,7ea5da87d6cda1a1c368e75662c450d0520b7827f91b6e0752d0e59c12126a90,759aa2fbc35aec4fb815e1468bd39f7c34c5a2ea6cbd986ce8dbc3b2d9c0a007,,,0,0,5.000000,5.000000,0.0,1.0,224x224,224x224,6,1,1,isolated_frame_similarity
train,validation,RLVS,RLVS,0,0,NonViolence/NV_796.mp4,NonViolence/NV_811.mp4,183958027c72c1ae081be90536cf503ca36648a9114577edb1415795fcccca21,54b224152e5fcc309c9c868ffbf0b5f61b89ad950e3e37cb70665ea1dcab9b98,,,0,0,5.000000,5.000000,0.0,1.0,224x224,224x224,6,1,1,isolated_frame_similarity
train,validation,RLVS,RLVS,0,0,NonViolence/NV_964.mp4,NonViolence/NV_966.mp4,beecda8d08c23a881f810189a8e5ac1458ef691fa2dc361826b52efd7b60cd54,290107656a40bbe6132ba530cb9b1b6f437e8af261d1366b48fcd68af8f7e1fc,,,0,0,5.000000,5.000000,0.0,1.0,224x224,224x224,6,1,1,isolated_frame_similarity
train,validation,RWF-2000,RWF-2000,1,1,train/Fight/rwf_train_fight_0256.avi,train/Fight/rwf_train_fight_0257.avi,ccc3bdd9b6cec5b1203937ee23b3e66e7799257cd1e961a1990ef82927966794,dff1f63e53407ad44748fce6bd2d0ea41b9218dc7d1e01839771ed805ba2a1d1,,,0,0,5.000000,5.000000,0.0,1.0,640x360,640x360,6,1,1,isolated_frame_similarity
train,test,RWF-2000,RWF-2000,1,1,train/Fight/rwf_train_fight_0602.avi,train/Fight/rwf_train_fight_0603.avi,bae21ec489fe91e87ac829921ae18f1ece4ab93cb97ddb0292421e7bc9e71952,4141bf0166f9efacdd8c6074923ec1c79923c91d22a83d3413eaf0432df3bfb6,,,0,0,5.000000,5.000000,0.0,1.0,640x354,640x354,6,1,1,isolated_frame_similarity
train,test,RWF-2000,RWF-2000,1,1,train/Fight/rwf_train_fight_0786.avi,train/Fight/rwf_train_fight_0785.avi,d114671bdd4228e1b6ebec09387a659368d62e1f5b247de631792c422791819b,ed2d76c6cac9133e3efe0f025324b5342ca7a5be21bfb3812c48326a052ec363,,,0,0,5.000000,5.000000,0.0,1.0,648x486,648x486,6,1,1,isolated_frame_similarity
train,validation,RWF-2000,RWF-2000,1,1,train/Fight/rwf_train_fight_0384.avi,train/Fight/rwf_train_fight_0385.avi,ef23183e918c38c4f3fc1c3d3e370b2d23f2eaba2635ba8bfa5e72b675109ae9,07dd70cbd9b377e86074347dd3be81aa1089ddd037684ebc9bc0757f1551ed8d,,,0,0,5.000000,5.000000,0.0,1.0,320x240,320x240,6,1,1,isolated_frame_similarity
train,validation,RLVS,RLVS,0,0,NonViolence/NV_935.mp4,NonViolence/NV_941.mp4,545f00dd013ff9f1ce6b83e1717dc545f9bcf0fb5473d46ff2abd74862624cf9,902c40a0a014785199774dd80bf5b09cf4af0b801dd955ee8c35aebb98fda164,,,0,0,5.000000,5.000000,0.0,1.0,224x224,224x224,6,1,1,isolated_frame_similarity
train,validation,RLVS,RLVS,0,0,NonViolence/NV_713.mp4,NonViolence/NV_714.mp4,12c501c91cc8bf560a0c7b910ff701e991397c6855c6305777ef257c1f367617,caf3a2b84b72c1a1aa72a8ecd1c8458d50966cfc4607f0779ab4ef94da75a07a,,,0,0,5.000000,5.000000,0.0,1.0,224x224,224x224,6,1,1,isolated_frame_similarity
train,validation,RLVS,RLVS,0,0,NonViolence/NV_522.mp4,NonViolence/NV_536.mp4,f54bcb4919b543479a735270ecc8a570250c939638926f3e61a28dfc7e9d1a09,58ef6c89370c75f12616ab0f16fa22ead8e20370b570b6fd3623e07cb61214a1,,,0,0,5.000000,5.000000,0.0,1.0,224x224,224x224,6,1,1,isolated_frame_similarity
train,validation,RLVS,RLVS,0,0,NonViolence/NV_157.mp4,NonViolence/NV_165.mp4,99dff2c83fd06b43ac44739760f2331fbcda3b56b8b2fe65a300a13686966c4c,4f1f004d8736f14a4873d2ae7d278a9feee2f11ff1c68f52fd08248a4d3f1346,,,0,0,5.000000,5.000000,0.0,1.0,224x224,224x224,6,1,1,isolated_frame_similarity
train,validation,RWF-2000,RWF-2000,1,1,train/Fight/rwf_train_fight_0392.avi,train/Fight/rwf_train_fight_0391.avi,532495d3b95d357ad8c6f4ebc27428d79c941274ba9e4bd988e76b4bc6efa17c,8ecc8707eb69cba8ee6f5a3075b101ff0c25fba9d1d5adb0de6ea7ed837a1ddb,,,0,0,5.000000,5.000000,0.0,1.0,1280x720,1280x720,6,1,1,isolated_frame_similarity
train,validation,RLVS,RLVS,0,0,NonViolence/NV_396.mp4,NonViolence/NV_368.mp4,dadc2637c6dfc996dca0f2a109f289fe6db710542f7b2ca734a164d48b2d254d,20e8e7b8b2db1dc385b1c1cbf2b8dbe3c203028365afe4645adfb0aeda65f617,,,0,0,5.000000,5.000000,0.0,1.0,224x224,224x224,6,1,1,isolated_frame_similarity
train,validation,RWF-2000,RWF-2000,1,1,train/Fight/rwf_train_fight_0475.avi,train/Fight/rwf_train_fight_0477.avi,68f2e7772d709a12dab4c9b0b1cf51513dda5f3d0a741aef8db43fdb3a54f7e6,4a5b3642f1cc39b147ac501c52a4b98712596927ca33b4ce0e8ad8907a02642e,,,0,0,5.000000,5.000000,0.0,1.0,320x240,320x240,6,1,1,isolated_frame_similarity
validation,test,RWF-2000,RWF-2000,0,0,train/NonFight/rwf_train_nonfight_0377.avi,train/NonFight/rwf_train_nonfight_0376.avi,ac25b0ae77cb00dde24abf5e87e21f9787476a6dba2e0cb17bed4286d6e1ddb8,ecb4c14e2bb64f256e87c03a37a9d0b0c1ec4f11fcf0cc5f57ec23af8150db44,,,0,0,5.000000,5.000000,0.0,1.0,1280x720,1280x720,6,1,1,isolated_frame_similarity
validation,test,RLVS,RLVS,0,0,NonViolence/NV_769.mp4,NonViolence/NV_771.mp4,477a88605bd465e31f37644eb9a09639a56ade1b455330ca6d24388a9c3f2093,86f597d589f400b0bc034f943a62f98603749744a512c80f61376ecc718bd7f2,,,0,0,5.000000,5.000000,0.0,1.0,224x224,224x224,6,1,1,isolated_frame_similarity
validation,test,RLVS,RLVS,1,1,Violence/V_48.mp4,Violence/V_49.mp4,fed88e1d8f76a7f7c1ce28b558899a4c1b14c5bf92c6451fed11560037c7030b,0e4e736165605b2bac8f037fac68aed08368726233713ece52a85cfffb78ddfd,,,0,0,3.600000,4.000000,0.3999999999999999,0.9,406x406,406x406,6,1,1,isolated_frame_similarity
validation,test,RLVS,RLVS,0,0,NonViolence/NV_380.mp4,NonViolence/NV_375.mp4,2215edbcb952a6874af1f0d767ae0f26f70bbaa4a7d3e02abb5ff8ffa80b6e96,39f6441e3715ed327046edb043fb3939e42c8f3e6b1ae6e274d75bf8a1a35dab,,,0,0,5.000000,5.000000,0.0,1.0,224x224,224x224,6,1,1,isolated_frame_similarity
validation,test,RWF-2000,RWF-2000,0,0,train/NonFight/rwf_train_nonfight_0647.avi,train/NonFight/rwf_train_nonfight_0646.avi,01c5f172a47dcfb2181dc44330e924df805f7135bb47786ce9532d816bec63c8,8e266e8c7314eb8defc49ac8a815e1dd448671b7456e5e99dd5d9025f7b7f357,,,0,0,5.000000,5.000000,0.0,1.0,480x360,480x360,6,1,1,isolated_frame_similarity
validation,test,RLVS,RLVS,1,1,Violence/V_105.mp4,Violence/V_108.mp4,2b39606cd7b510ce18eaebad38ded39753dffadbd3ea501ce465c691b80b315e,6b02930394f63e82863ef882782a7d1e0a97900bbdd6edbc0c453eab59164bfa,,,0,0,5.105100,4.004000,1.1011000000000006,0.784313725490196,640x360,640x360,6,1,1,isolated_frame_similarity
train,test,RWF-2000,RWF-2000,0,1,train/NonFight/rwf_train_nonfight_0084.avi,train/Fight/rwf_train_fight_0080.avi,d7432429c3f8869eaa400aa65273364c615e158db4effd1cf2e6d5b4b3243b36,676efa8e2aac54856d5ac8ff45383321ded847b739fa73988d75090d687ded8a,,,0,0,5.000000,5.000000,0.0,1.0,480x360,480x360,8,0,1,isolated_frame_similarity
train,test,RWF-2000,RWF-2000,0,1,train/NonFight/rwf_train_nonfight_0084.avi,train/Fight/rwf_train_fight_0076.avi,d7432429c3f8869eaa400aa65273364c615e158db4effd1cf2e6d5b4b3243b36,8d38902dee5f0220825da70cba00d044f507b78bab8fe731e609c7459b71b46e,,,0,0,5.000000,5.000000,0.0,1.0,480x360,480x360,8,0,1,isolated_frame_similarity
train,validation,RLVS,RLVS,0,0,NonViolence/NV_833.mp4,NonViolence/NV_828.mp4,cc807f007fce67ff4d3358ffb76dafc6f738151a1f8ad7a93c8f1e849ccaf61a,13a5ee4f8235879f20f5beb862849ad77a56a3b349860dbb1808ae5ac8f3e062,,,0,0,5.360000,5.520000,0.15999999999999925,0.9710144927536233,854x480,854x480,8,0,1,isolated_frame_similarity
train,test,RWF-2000,RWF-2000,1,1,train/Fight/rwf_train_fight_0088.avi,train/Fight/rwf_train_fight_0085.avi,6cfd5b246b113569a3e71a956fbfe6a9d8a80e1750dab42feac989ea796102c0,f26a0ad92d41f2b3f69f9c46ec96fe1ba95963599e2576ce4324b6e71d01a369,,,0,0,5.000000,5.000000,0.0,1.0,1920x1080,1920x1080,8,0,1,isolated_frame_similarity
train,validation,RWF-2000,RWF-2000,0,1,train/NonFight/rwf_train_nonfight_0297.avi,train/Fight/rwf_train_fight_0277.avi,6ddea7c4278eed6bd21eeaaa1ed6c7233aca78f74369a922dc4344c21d64aabd,d24a31d300a73f10a29400bf4bba720e8a45bcb7b8ca9e292c7b450fa7d9633a,,,0,0,5.000000,5.000000,0.0,1.0,640x360,640x360,8,0,1,isolated_frame_similarity
train,validation,RLVS,RLVS,1,1,Violence/V_364.mp4,Violence/V_121.mp4,5e1ab08d930a4405259a54c526b7c8a4e92f3c8e1736c9878de8f7373f5e2346,a305c7df0d06dfa65ec582d39d2f5d05f33742a247867949d81528a222da86f2,,,0,0,5.105100,5.005000,0.1001000000000003,0.9803921568627451,1280x720,1280x720,8,0,1,isolated_frame_similarity
train,test,RLVS,RLVS,1,1,Violence/V_680.mp4,Violence/V_671.mp4,ba797c2f13d8b92af005bf58c9b623478f67cb34f733a76a76f95af406d3532d,e3db54abdbf3fa357246df6378ad4c90cfc624f8c2314cf0d15476e1e829d7c8,,,0,0,5.000000,5.000000,0.0,1.0,224x224,224x224,8,0,1,isolated_frame_similarity
train,validation,RLVS,RLVS,1,1,Violence/V_531.mp4,Violence/V_594.mp4,62f361e876042f76a236df3cd212b781972f9a611a2c1adb9eff6ccc17ef0775,c675b36c9c7ec95cb0924e0b55b5f0404add0f7864ca3736db3492c83b9616b3,,,0,0,5.000000,5.000000,0.0,1.0,224x224,224x224,8,0,1,isolated_frame_similarity
train,validation,RLVS,RLVS,0,0,NonViolence/NV_142.mp4,NonViolence/NV_144.mp4,846412d7a6f0530cdf3aae3beab341b65b1084c7488803ae27e04b0ddb73a944,ab2b7109bdc0d37fa771ea067845b20a665c08f751c0497f5f4183dbaa1f7bce,,,0,0,3.800000,4.520000,0.7199999999999998,0.84070796460177,640x360,640x360,8,0,1,isolated_frame_similarity
train,test,RWF-2000,RWF-2000,1,1,val/Fight/rwf_val_fight_0172.avi,val/Fight/rwf_val_fight_0167.avi,231a6bdd0f6658a2f499cbe435f17c62731856cf42e0b2097aa624b0cd4a5659,bd4b6579d6ca1f7c723628382952aa8584866a0d17663761657bec9c06e20938,,,0,0,5.000000,5.000000,0.0,1.0,1280x720,1280x720,8,0,1,isolated_frame_similarity
train,validation,RLVS,RLVS,0,0,NonViolence/NV_417.mp4,NonViolence/NV_368.mp4,1b227d9ec738690e624b90fbe3411671c8ce0d190f6171d211dca2f7523ed864,20e8e7b8b2db1dc385b1c1cbf2b8dbe3c203028365afe4645adfb0aeda65f617,,,0,0,5.000000,5.000000,0.0,1.0,224x224,224x224,8,0,1,isolated_frame_similarity
train,validation,RLVS,RLVS,0,0,NonViolence/NV_406.mp4,NonViolence/NV_368.mp4,2e01dbc32fcf4e37ae9391d31bb4e2ac9e0e9d68443ae4a0eec1d4135f646c08,20e8e7b8b2db1dc385b1c1cbf2b8dbe3c203028365afe4645adfb0aeda65f617,,,0,0,5.000000,5.000000,0.0,1.0,224x224,224x224,8,0,1,isolated_frame_similarity
train,validation,RLVS,RLVS,0,0,NonViolence/NV_372.mp4,NonViolence/NV_384.mp4,bdd6e4759827880b2e4ac61e4e0721c84f008e71a52b5bf51bb5a4c2a4f465e5,0a718e47808a9756c20efaffb6f02b1dd2e0703eca11bf2c4b49d2f72f23fb24,,,0,0,5.000000,5.000000,0.0,1.0,224x224,224x224,8,0,1,isolated_frame_similarity
train,test,RLVS,RLVS,0,0,NonViolence/NV_372.mp4,NonViolence/NV_375.mp4,bdd6e4759827880b2e4ac61e4e0721c84f008e71a52b5bf51bb5a4c2a4f465e5,39f6441e3715ed327046edb043fb3939e42c8f3e6b1ae6e274d75bf8a1a35dab,,,0,0,5.000000,5.000000,0.0,1.0,224x224,224x224,8,0,1,isolated_frame_similarity
train,test,RLVS,RLVS,1,1,Violence/V_109.mp4,Violence/V_423.mp4,daa89098104d4968b66f82fc44fb26fff61ce409f5b34194c0be95dfe0ce6fdf,4c7069cb246186f98b6eeaf61bf144a08ad5b9836b546547613ee48761dd9ef0,,,0,0,3.603600,4.400000,0.7964000000000002,0.819,640x360,1280x720,8,0,1,isolated_frame_similarity
train,validation,RWF-2000,RWF-2000,1,0,val/Fight/rwf_val_fight_0110.avi,val/NonFight/rwf_val_nonfight_0108.avi,06c860dcfc461f74e9d48add2ab53947d500dc1cb1bce99b292478d8a4a959ae,563f6b1c05a28c37c7475e799509594bda97c5f557d98960ea96eca063f0485e,,,0,0,5.000000,5.000000,0.0,1.0,640x360,640x360,8,0,1,isolated_frame_similarity
train,validation,RLVS,RLVS,1,1,Violence/V_116.mp4,Violence/V_90.mp4,a4694e0a9fb999171a2c9ce51fa8216318b1be9214970bf80f047cbeaf699ee3,481b6636e0e042470ec741bc81bac31e359856a3476f4cc36d3991e7199978e1,,,0,0,5.105100,5.005000,0.1001000000000003,0.9803921568627451,1280x720,640x360,8,0,1,isolated_frame_similarity
train,test,RLVS,RLVS,0,1,NonViolence/NV_282.mp4,Violence/V_951.mp4,a69a93b753d63a00acd2865d6c2229f0de0a039b9c864415c7ac8afcd6fefc83,de3a77dc4cbc3c893e16bb01454c7a370eed07f9e7b50bc865add90be3705cb8,,,0,0,4.000000,4.900000,0.9000000000000004,0.8163265306122448,1280x720,640x360,8,0,1,isolated_frame_similarity
train,validation,RLVS,RLVS,0,0,NonViolence/NV_56.mp4,NonViolence/NV_133.mp4,ade532e1b81470a2fe03843a9a32e41f048ed16422cbfcfddb68601c97bd8e43,b18cdb7933f4037bc28882edc2ed882b56836b6410970f923ec677c3e7df9936,,,0,0,5.000000,5.000000,0.0,1.0,224x224,224x224,8,0,1,isolated_frame_similarity
train,validation,RLVS,RLVS,0,0,NonViolence/NV_56.mp4,NonViolence/NV_280.mp4,ade532e1b81470a2fe03843a9a32e41f048ed16422cbfcfddb68601c97bd8e43,56cf6f750bdd6072c1e8c1a899a47dcc6c307ff001b9c334b6acb5144a63d1cd,,,0,0,5.000000,5.000000,0.0,1.0,224x224,224x224,8,0,1,isolated_frame_similarity
train,validation,RWF-2000,RWF-2000,1,0,train/Fight/rwf_train_fight_0249.avi,train/NonFight/rwf_train_nonfight_0273.avi,1af2f0cef6f92377a64d8ef2a17e270dbeca98661dcb2b7ad2a342f613766f5f,6c611cfe6eaf90002c1bc5e907169b54ea37e55b209cf114bf537de11e120ae6,,,0,0,5.000000,5.000000,0.0,1.0,322x240,322x240,8,0,1,isolated_frame_similarity
train,validation,RLVS,RLVS,0,0,NonViolence/NV_73.mp4,NonViolence/NV_51.mp4,282398dacc832e772cdee6f8b14a03a8150900cb1d48ba714dbc6e606a0f96e6,899cebf0acc3bd748c7080f9adf184382cb0839044a00db68e5c00d944ac0076,,,0,0,5.000000,5.000000,0.0,1.0,224x224,224x224,8,0,1,isolated_frame_similarity
train,validation,RLVS,RLVS,0,0,NonViolence/NV_793.mp4,NonViolence/NV_795.mp4,3bb9a14b8620566416ba7a790bc05d4ade21d93d458d1e1ebaaae83fd25893c1,c29eebbfd0191a8b627f79b17e11e1800ddcd8fad7eb2ec61c5a647b023c7f1c,,,0,0,5.000000,5.000000,0.0,1.0,224x224,224x224,8,0,1,isolated_frame_similarity
train,validation,RLVS,RLVS,0,0,NonViolence/NV_703.mp4,NonViolence/NV_688.mp4,fba9867bbda2870b95bd161c95aee9bbd7e00ac526b030d4d690acff35f62abd,fe7691bb3d8ecccc64c6271eccd1fd3cc6f4c1bc239b23e5c6b30445b21e96cb,,,0,0,5.000000,5.000000,0.0,1.0,224x224,224x224,8,0,1,isolated_frame_similarity
train,validation,RWF-2000,RWF-2000,1,0,train/Fight/rwf_train_fight_0276.avi,train/NonFight/rwf_train_nonfight_0296.avi,56bb908d3810f171bfe6caff2fb4d547568a9f7c7bb010c85bb2423d82361380,634b519f71455dfcb9a0d03682b1cf814ed82231d315af27a850dd8380d29117,,,0,0,5.000000,5.000000,0.0,1.0,640x360,640x360,8,0,1,isolated_frame_similarity
train,test,RWF-2000,RWF-2000,1,1,train/Fight/rwf_train_fight_0459.avi,train/Fight/rwf_train_fight_0611.avi,e9fa5fe7f8085812b81d1a9ce1733ade050e6abb5bb897aa883f10298f078b60,211f9b5eae27af891c8c930005713360bd8944a63f415a6ed86d108c81565dcc,,,0,0,5.000000,5.000000,0.0,1.0,600x360,320x240,8,0,1,isolated_frame_similarity
train,validation,RLVS,RLVS,1,1,Violence/V_107.mp4,Violence/V_105.mp4,977fb9cce3942ae7a95168a1fe69ffd46f75ed75a84ee88006ee9a84b33e9d46,2b39606cd7b510ce18eaebad38ded39753dffadbd3ea501ce465c691b80b315e,,,0,0,5.005000,5.105100,0.1001000000000003,0.9803921568627451,640x360,640x360,8,0,1,isolated_frame_similarity
train,test,RLVS,RLVS,1,1,Violence/V_107.mp4,Violence/V_103.mp4,977fb9cce3942ae7a95168a1fe69ffd46f75ed75a84ee88006ee9a84b33e9d46,f9affb7ff646c66ee54ce5584d90c44f2255758c1e4ca5ba81748995f00ffab3,,,0,0,5.005000,5.005000,0.0,1.0,640x360,640x360,8,0,1,isolated_frame_similarity
train,test,RLVS,RLVS,1,1,Violence/V_107.mp4,Violence/V_426.mp4,977fb9cce3942ae7a95168a1fe69ffd46f75ed75a84ee88006ee9a84b33e9d46,3c0593c6576e33b069400fbd1d606996e37cebad0c82e9d2a8592bd10d341f69,,,0,0,5.005000,4.400000,0.6049999999999995,0.8791208791208792,640x360,1280x720,8,0,1,isolated_frame_similarity
train,test,RWF-2000,RWF-2000,1,1,val/Fight/rwf_val_fight_0152.avi,val/Fight/rwf_val_fight_0154.avi,17fa684a422d29923369b624252a2d8a12ddb7c4526fb23d7494e2d5f5557e57,1fd3140119ce4d66e468f6a2312fea07038259646e0e0aa5fa2952b1eb9eede3,,,0,0,5.000000,5.000000,0.0,1.0,1280x720,1280x720,8,0,1,isolated_frame_similarity
train,validation,RLVS,RWF-2000,1,0,Violence/V_772.mp4,train/NonFight/rwf_train_nonfight_0756.avi,c7c21b97b07fd7e4ec873e08f8eb411b173fa18e4188285e1d1170bb13ab4d4f,46520b6c1f4f27dc1ed79f50106db6d03bc47e961003b1bd37e6dc9138d09ed2,,,0,0,4.000000,5.000000,1.0,0.8,724x668,320x240,8,0,1,isolated_frame_similarity
train,validation,RLVS,RLVS,1,1,Violence/V_120.mp4,Violence/V_90.mp4,9bb7f118fa2ca27da7d17bf109869f269553b03d3bef57f15772a9af1c82e4da,481b6636e0e042470ec741bc81bac31e359856a3476f4cc36d3991e7199978e1,,,0,0,4.904900,5.005000,0.1001000000000003,0.98,1280x720,640x360,8,0,1,isolated_frame_similarity
train,test,RLVS,RWF-2000,1,1,Violence/V_235.mp4,val/Fight/rwf_val_fight_0111.avi,6e0e650f65b0d9bd615c747af09da1fc39a909d675189b5fdb1891e03697742a,6bd0662da957bbcd4757a35ce440fa709c7212de5ac23dfd52fb808d65bba498,,,0,0,5.100000,5.000000,0.09999999999999964,0.9803921568627452,402x720,640x360,8,0,1,isolated_frame_similarity
train,test,RLVS,RLVS,1,1,Violence/V_148.mp4,Violence/V_115.mp4,72125250aed9ce7b2c245688a2b4ab0bb5614ced6cbf0f560d29a331a6150461,d26fdce8835dff2a471cff7d9effdf2dafa81b3b457ae2a5881558a4dd5d8fc3,,,0,0,5.900000,5.005000,0.8950000000000005,0.8483050847457626,640x360,1280x720,8,0,1,isolated_frame_similarity
train,test,RLVS,RLVS,0,0,NonViolence/NV_278.mp4,NonViolence/NV_279.mp4,855d53e61f6d4bd57b84739a10f5358b095120be7d3101318c4e5199b6a1c3e9,f1bcd0ba758ae5705dc03b6be843b63566a216d27f702e7158e4472ffb3c88c2,,,0,0,4.200000,4.200000,0.0,1.0,1280x720,1280x720,8,0,1,isolated_frame_similarity
train,validation,RWF-2000,RWF-2000,0,1,train/NonFight/rwf_train_nonfight_0295.avi,train/Fight/rwf_train_fight_0275.avi,d77af0a224094debbc957266f768626bc4ca97f8e6d5d8a648b2b0bca579beb1,5e3356123499b12a4fc7187de49b6108558ed3c76099cc6a6d971ca35ebd67bd,,,0,0,5.000000,5.000000,0.0,1.0,640x360,640x360,8,0,1,isolated_frame_similarity
train,validation,RWF-2000,RWF-2000,0,1,train/NonFight/rwf_train_nonfight_0295.avi,train/Fight/rwf_train_fight_0277.avi,d77af0a224094debbc957266f768626bc4ca97f8e6d5d8a648b2b0bca579beb1,d24a31d300a73f10a29400bf4bba720e8a45bcb7b8ca9e292c7b450fa7d9633a,,,0,0,5.000000,5.000000,0.0,1.0,640x360,640x360,8,0,1,isolated_frame_similarity
train,validation,RWF-2000,RWF-2000,0,1,train/NonFight/rwf_train_nonfight_0295.avi,train/Fight/rwf_train_fight_0273.avi,d77af0a224094debbc957266f768626bc4ca97f8e6d5d8a648b2b0bca579beb1,078172332afa26e1668a25a033ed29d325050598c8d854537922a50375f1051f,,,0,0,5.000000,5.000000,0.0,1.0,640x360,640x360,8,0,1,isolated_frame_similarity
train,test,RWF-2000,RWF-2000,1,1,train/Fight/rwf_train_fight_0370.avi,train/Fight/rwf_train_fight_0371.avi,d5c60f0776e2ce2547c0fd6dbcb264250b684a7ea37d9cb9b542383fa295b4a7,0b098233b66685fc1e14db5c307604e60ccc1698852cd51885d104494783c229,,,0,0,5.000000,5.000000,0.0,1.0,640x356,640x356,8,0,1,isolated_frame_similarity
train,validation,RLVS,RLVS,0,0,NonViolence/NV_839.mp4,NonViolence/NV_841.mp4,6496e8e9b0484f9d6e715b2972648842ff0b91baec56469fe5a34f68b8ec7c22,410de905660a88713514d95a64c9d2a9ea41f6de24b6b13f8aecf4ba27ba5db2,,,0,0,6.480000,4.520000,1.9600000000000009,0.6975308641975307,854x480,854x480,8,0,1,isolated_frame_similarity
train,validation,RLVS,RWF-2000,1,0,Violence/V_118.mp4,train/NonFight/rwf_train_nonfight_0359.avi,414dbb8bf8eff4bda74fee41250d4b2c500f0f464b0fe0353fa5a4993f663837,886990b9bce3f5b2d22476a8befa0da905ff1fbe3629b4fbc5018dc7328fa7ea,,,0,0,5.005000,5.000000,0.004999999999999893,0.999000999000999,1280x720,320x240,8,0,1,isolated_frame_similarity
train,validation,RLVS,RLVS,0,0,NonViolence/NV_690.mp4,NonViolence/NV_685.mp4,d1444b1cc79b66548b9f82031a0facfdc81435c61e462b74cb3196575e57f613,e0b45b413bde395e13e18c5a64a90b7930f38a944c48104992b6c34472337fc0,,,0,0,5.000000,5.000000,0.0,1.0,224x224,224x224,8,0,1,isolated_frame_similarity
train,test,RLVS,RLVS,0,0,NonViolence/NV_159.mp4,NonViolence/NV_161.mp4,407430966f1d50195badb13e03aacdd6769f0d94122b35d7934e4f48a6376859,1e54e59e767d2b771b586e6bf97c3395e385e3008631908acf24cc398f423aff,,,0,0,5.000000,5.000000,0.0,1.0,224x224,224x224,8,0,1,isolated_frame_similarity
train,validation,RLVS,RLVS,0,0,NonViolence/NV_704.mp4,NonViolence/NV_685.mp4,d91234ee78b063cdd8ac10ef92220653dcfa87a56868764da8eb5acba07a573f,e0b45b413bde395e13e18c5a64a90b7930f38a944c48104992b6c34472337fc0,,,0,0,5.000000,5.000000,0.0,1.0,224x224,224x224,8,0,1,isolated_frame_similarity
train,validation,RLVS,RLVS,0,0,NonViolence/NV_704.mp4,NonViolence/NV_709.mp4,d91234ee78b063cdd8ac10ef92220653dcfa87a56868764da8eb5acba07a573f,759aa2fbc35aec4fb815e1468bd39f7c34c5a2ea6cbd986ce8dbc3b2d9c0a007,,,0,0,5.000000,5.000000,0.0,1.0,224x224,224x224,8,0,1,isolated_frame_similarity
train,validation,RLVS,RLVS,0,0,NonViolence/NV_704.mp4,NonViolence/NV_696.mp4,d91234ee78b063cdd8ac10ef92220653dcfa87a56868764da8eb5acba07a573f,626fbdf7cb0e97c6bab5303b9f1f612c917ae53546b3f74609efe92025dc0d13,,,0,0,5.000000,5.000000,0.0,1.0,224x224,224x224,8,0,1,isolated_frame_similarity
train,test,RLVS,RLVS,1,0,Violence/V_709.mp4,NonViolence/NV_550.mp4,3b560abe55e5bb8db66df4b2d905d263102ad7232ad273e70068b6acc254a4f3,9683adba05ed02d6d6b4d35f9207383d8eacd2cae65b118f0ae136291382e314,,,0,0,5.000000,5.000000,0.0,1.0,224x224,224x224,8,0,1,isolated_frame_similarity
train,validation,RLVS,RLVS,0,0,NonViolence/NV_381.mp4,NonViolence/NV_386.mp4,fe177aa84882119295afa62ba4763c5f7890e8ed5591e51c73b3205be36dbaca,9a11248c6bb6b4f44a0be9ef6d61384765c4acd27c451b6b20ee1a70fc623a48,,,0,0,5.000000,5.000000,0.0,1.0,224x224,224x224,8,0,1,isolated_frame_similarity
train,test,RLVS,RLVS,0,0,NonViolence/NV_381.mp4,NonViolence/NV_379.mp4,fe177aa84882119295afa62ba4763c5f7890e8ed5591e51c73b3205be36dbaca,21a9664c47a43823975e914fe1aeba86378fd5782a45754c42ff8dac369d5bc8,,,0,0,5.000000,5.000000,0.0,1.0,224x224,224x224,8,0,1,isolated_frame_similarity
train,validation,RWF-2000,RWF-2000,1,1,train/Fight/rwf_train_fight_0226.avi,train/Fight/rwf_train_fight_0228.avi,519c0ea5586f590028473434c537ad059861b5aa3c7d18e414effad6a66dedac,cc4428ffc72f1f7dfb521cb39e1d04fef006ce77dfe37bbb757e1f92180b542a,,,0,0,5.000000,5.000000,0.0,1.0,320x240,320x240,8,0,1,isolated_frame_similarity
train,test,RWF-2000,RWF-2000,0,1,train/NonFight/rwf_train_nonfight_0043.avi,train/Fight/rwf_train_fight_0038.avi,f1cc0b2a10661de91bfd4827c3667892f29a3f74f1e4b1f5f882cd0e85e72380,b3724ba45395996a6f28f1db929468a44b9f447b293e12c75e3d9ac964657747,,,0,0,5.000000,5.000000,0.0,1.0,526x360,526x360,8,0,1,isolated_frame_similarity
train,validation,RLVS,RLVS,0,0,NonViolence/NV_665.mp4,NonViolence/NV_670.mp4,2eb31944038021c2f61c8c41e8deb188727077c75ee1ed44fe458db7d8af67cd,e99142e540fa9dafdc8295d83dda1e5c00c829c1ede57d6d3ac2be14b9c28a05,,,0,0,5.000000,5.000000,0.0,1.0,224x224,224x224,8,0,1,isolated_frame_similarity
train,test,RLVS,RLVS,0,0,NonViolence/NV_171.mp4,NonViolence/NV_189.mp4,f775639394860a0167f38225b8ccc6484c99f283a016d340191b37dee369ce1e,5962b889b9357f871f6f0dfff4a7a9899076a770cc1d111ffebc6e4764378643,,,0,0,5.000000,2.000000,3.0,0.4,224x224,224x224,8,0,1,isolated_frame_similarity
train,validation,RWF-2000,RWF-2000,1,1,train/Fight/rwf_train_fight_0588.avi,train/Fight/rwf_train_fight_0590.avi,7aa2fe347ca44f09c6a4b89761b1889796c8c1a18d6240ba12fdd5299409a085,925659d392de292f6d06105e5d302deca25cc12e07442b9d572fca381cadf729,,,0,0,5.000000,5.000000,0.0,1.0,720x720,720x720,8,0,1,isolated_frame_similarity
train,validation,RWF-2000,RWF-2000,1,0,val/Fight/rwf_val_fight_0106.avi,val/NonFight/rwf_val_nonfight_0105.avi,84241929e98f4edf716e55571c5d1a1a7db06e355e399e281327cf9a6a46b21a,8d8e412d6400df76b3d3c5ee176af6c971f9ab3c962058a2286f63629e6cbe97,,,0,0,5.000000,5.000000,0.0,1.0,424x320,424x320,8,0,1,isolated_frame_similarity
train,validation,RLVS,RLVS,1,1,Violence/V_252.mp4,Violence/V_251.mp4,e1244bec31c94ef047bd2f093789ac47b135846d935a1c436415e8e93382e045,cd4a653d22bfdc3941ccfd5477313bac5ba68522c2b9a915fc22493f935a2fdb,,,0,0,4.600000,4.700000,0.10000000000000053,0.978723404255319,442x720,442x720,8,0,1,isolated_frame_similarity
train,test,RLVS,RLVS,1,1,Violence/V_532.mp4,Violence/V_612.mp4,3cb6b04e43d5c4b203a9504fc352bde55bc1a5319d0c8d5d630c2d9cefac1962,91bfa0e3320b9810b3d423721838affe5ef505cc995bdbfb5305a36790907f1c,,,0,0,5.000000,5.000000,0.0,1.0,224x224,224x224,8,0,1,isolated_frame_similarity
train,validation,RWF-2000,RWF-2000,1,1,val/Fight/rwf_val_fight_0114.avi,val/Fight/rwf_val_fight_0113.avi,94057ff8375c652f4ae6ebe709c612e9718fb6deeb3e6800af4b75a2b6042d54,0901e44b984661cf546ec6c72bd7773b89c2fd6b4d1ca16565df5b1ddd65806d,,,0,0,5.000000,5.000000,0.0,1.0,640x360,640x360,8,0,1,isolated_frame_similarity
train,validation,RWF-2000,RWF-2000,1,1,train/Fight/rwf_train_fight_0635.avi,train/Fight/rwf_train_fight_0633.avi,710af62d24c0e602dc437da91d0e50a67339a7a19c21875dd2fa70a91f6c3421,1e3f51bff4e29b38495e454c2ea4708733e2c17171c72a794a6682468a0f38ed,,,0,0,5.000000,5.000000,0.0,1.0,640x360,640x360,8,0,1,isolated_frame_similarity
train,test,RLVS,RLVS,0,0,NonViolence/NV_231.mp4,NonViolence/NV_235.mp4,c81545d4e2a0fb6518a58c6927a7d5981e039ce64ada0d2fb766e9d48254692a,88af8eab69be48103ac2f11ff50e69456629f228a38c5abdd7937a76d7b17dd4,,,0,0,5.000000,5.000000,0.0,1.0,224x224,224x224,8,0,1,isolated_frame_similarity
train,test,RLVS,RLVS,0,0,NonViolence/NV_836.mp4,NonViolence/NV_831.mp4,be0639e6e74170bc4ee057ea64d830c2e6113ee2216d297105946a7992588eb7,56d7a207f821829a16f669052ecd1c0fd6f987935193710f364cda4d14b982a4,,,0,0,6.160000,5.400000,0.7599999999999998,0.8766233766233766,854x480,854x480,8,0,1,isolated_frame_similarity
train,test,RWF-2000,RWF-2000,1,1,val/Fight/rwf_val_fight_0149.avi,val/Fight/rwf_val_fight_0151.avi,4c5e5e385138dbca194d3245325e66cfb1e7c52423ed6630fdf58e547b484a17,2327862244d5b97544304ecda760991fdc0f4f2b848fa40e24bc13143e1c8868,,,0,0,5.000000,5.000000,0.0,1.0,640x360,640x360,8,0,1,isolated_frame_similarity
train,test,RWF-2000,RWF-2000,1,1,val/Fight/rwf_val_fight_0149.avi,val/Fight/rwf_val_fight_0148.avi,4c5e5e385138dbca194d3245325e66cfb1e7c52423ed6630fdf58e547b484a17,2c418592c3cf34e61b371ce4e9da41799ee422e96c81618e54ea14f3e2e9af59,,,0,0,5.000000,5.000000,0.0,1.0,640x360,640x360,8,0,1,isolated_frame_similarity
train,validation,RLVS,RLVS,0,0,NonViolence/NV_838.mp4,NonViolence/NV_828.mp4,a25efbbbb36834f2e93bb2f134ec0d34371faae6fbfa9fd59607eb49a8de3f5b,13a5ee4f8235879f20f5beb862849ad77a56a3b349860dbb1808ae5ac8f3e062,,,0,0,4.360000,5.520000,1.1599999999999993,0.7898550724637682,854x480,854x480,8,0,1,isolated_frame_similarity
train,test,RLVS,RLVS,0,0,NonViolence/NV_838.mp4,NonViolence/NV_831.mp4,a25efbbbb36834f2e93bb2f134ec0d34371faae6fbfa9fd59607eb49a8de3f5b,56d7a207f821829a16f669052ecd1c0fd6f987935193710f364cda4d14b982a4,,,0,0,4.360000,5.400000,1.04,0.8074074074074075,854x480,854x480,8,0,1,isolated_frame_similarity
train,validation,RWF-2000,RWF-2000,1,0,val/Fight/rwf_val_fight_0131.avi,val/NonFight/rwf_val_nonfight_0134.avi,83860072799a5c3a2e946cf6a360dbf5fa17fcc061894f854b51cba2ba4d7265,140b374f69fde0c989f1e9aa24665e08ada0e435c21c0e1dec15fb93c97b37e1,,,0,0,5.000000,5.000000,0.0,1.0,1280x720,1280x720,8,0,1,isolated_frame_similarity
train,validation,RWF-2000,RWF-2000,1,1,train/Fight/rwf_train_fight_0568.avi,train/Fight/rwf_train_fight_0567.avi,1e3541ea861a31dd91157ac72629752a4e30913a833c3da04b25ed0f2d7c5686,d1b219258b3e259d803277a5ed68ec39ca0d6630f38276b39c9dd76ce63df3fc,,,0,0,5.000000,5.000000,0.0,1.0,320x262,320x262,8,0,1,isolated_frame_similarity
train,test,RWF-2000,RWF-2000,1,1,val/Fight/rwf_val_fight_0159.avi,val/Fight/rwf_val_fight_0157.avi,21d9e9c2a8bebd6749e12c5eb7374171c0ea20be580b20c37e5b4857249d17c5,d9155a4c482aeafa2936f45332078ded46715c86e4a678208c1f1554965a0e6e,,,0,0,5.000000,5.000000,0.0,1.0,480x360,480x360,8,0,1,isolated_frame_similarity
train,test,RWF-2000,RWF-2000,0,1,train/NonFight/rwf_train_nonfight_0594.avi,train/Fight/rwf_train_fight_0552.avi,219f6b5b7cbcec9455ccd82c92b72482c10a369ce7094c0e0183374cc3835a56,59c846af7f4d0db3ca3890c8cc701c74350f86ab16c06a0146c5d6f7b957c69b,,,0,0,5.000000,5.000000,0.0,1.0,640x360,640x360,8,0,1,isolated_frame_similarity
train,validation,RLVS,RWF-2000,1,1,Violence/V_721.mp4,train/Fight/rwf_train_fight_0676.avi,13f6a9a4de1cf45abe5854b7ce5941fa1cce830cf6416274ce0d471b58f85f27,3b6eafee6acac08466028034e27c74984bd19da73e7fedab44aca09c3c80a36f,,,0,0,5.000000,5.000000,0.0,1.0,224x224,960x720,8,0,1,isolated_frame_similarity
train,validation,RWF-2000,RWF-2000,1,1,train/Fight/rwf_train_fight_0156.avi,train/Fight/rwf_train_fight_0159.avi,222039c2903cad697d03398db209d19363afe77c36179f3d6011f4054a8b739b,5c8641acc6807c4ffa19703f4288aba86999a7aa366f152a0c9cb501df996e74,,,0,0,5.000000,5.000000,0.0,1.0,1280x720,1280x720,8,0,1,isolated_frame_similarity
train,validation,RWF-2000,RWF-2000,0,1,train/NonFight/rwf_train_nonfight_0198.avi,train/Fight/rwf_train_fight_0178.avi,bba67c43a40d2defe9a56418700766eb4fb32cd1d64d8e8357dfb59c3208ace8,8966c2b4fb80120290d0368a4861a2a6e7d6bea28b4e5958685337bb798dc094,,,0,0,5.000000,5.000000,0.0,1.0,480x360,480x360,8,0,1,isolated_frame_similarity
train,test,RLVS,RLVS,0,0,NonViolence/NV_86.mp4,NonViolence/NV_45.mp4,3e8bdd6414cadff22c9a32540e7a66279fde2fac55ea2e3020b74a00f8b6ff75,8590b3d63a8bc6bc74e1ea4e47bded1ea50fcb8430f6248a065648c81f8f0b98,,,0,0,4.304300,4.304300,0.0,1.0,640x360,640x360,8,0,1,isolated_frame_similarity
train,validation,RWF-2000,RWF-2000,0,0,train/NonFight/rwf_train_nonfight_0702.avi,val/NonFight/rwf_val_nonfight_0124.avi,affe81aa0cd2b615c18f631bee78984a262577b233f91ffa4e8bae9d6f815e4c,899a87c369ed5fffdf3581df0950f7107046f39a5835f999c96369a6168d8de8,,,0,0,5.000000,5.000000,0.0,1.0,960x720,1280x720,8,0,1,isolated_frame_similarity
train,test,RLVS,RLVS,0,0,NonViolence/NV_834.mp4,NonViolence/NV_831.mp4,f479eb4cc00637b745c067671e8ead93178679e4f9f783c8fd559e15b937d576,56d7a207f821829a16f669052ecd1c0fd6f987935193710f364cda4d14b982a4,,,0,0,4.920000,5.400000,0.4800000000000004,0.911111111111111,854x480,854x480,8,0,1,isolated_frame_similarity
train,test,RWF-2000,RWF-2000,0,1,train/NonFight/rwf_train_nonfight_0190.avi,train/Fight/rwf_train_fight_0167.avi,9aadc828fd832fd08f804020820b06423159412cc8a0de871dca60c480289721,80ee92a8e3021f63e797c70b1bbbb11bc98194ebf196491b74e6fd7feea8d6db,,,0,0,5.000000,5.000000,0.0,1.0,1280x720,1280x720,8,0,1,isolated_frame_similarity
train,test,RWF-2000,RWF-2000,0,1,train/NonFight/rwf_train_nonfight_0190.avi,train/Fight/rwf_train_fight_0165.avi,9aadc828fd832fd08f804020820b06423159412cc8a0de871dca60c480289721,02f86008985a7d9d0fa2c4b35263096fb836b5100636622702bca4389a9d37f8,,,0,0,5.000000,5.000000,0.0,1.0,1280x720,1280x720,8,0,1,isolated_frame_similarity
train,validation,RLVS,RLVS,0,0,NonViolence/NV_376.mp4,NonViolence/NV_380.mp4,35f190c0f1684a5bbd427daae594c194f1e4950103e21c7432dd5eea95b7c57e,2215edbcb952a6874af1f0d767ae0f26f70bbaa4a7d3e02abb5ff8ffa80b6e96,,,0,0,5.000000,5.000000,0.0,1.0,224x224,224x224,8,0,1,isolated_frame_similarity
train,test,RLVS,RLVS,1,0,Violence/V_766.mp4,NonViolence/NV_990.mp4,67cbcba3ed3c69d036223ddac8865aea7cf81c27ea8c1fed1b2c67ca17431c3f,d4df3d6ccc444803ad40c5147e2df4c599cc4b03f2a3e964b245cd96ec7b60c4,,,0,0,4.104100,5.422083,1.317983,0.7569231234564281,1280x720,1280x720,8,0,1,isolated_frame_similarity
train,test,RLVS,RLVS,1,1,Violence/V_605.mp4,Violence/V_606.mp4,a940dbb5329d733c5999ab74ad2457e8f281ba9ce204388b1fa7e60e80a976a6,f43caa9ae2a2cea7758282147cf7c95e68376d2fd30f0dd792abb4c44c27bb60,,,0,0,5.000000,5.000000,0.0,1.0,224x224,224x224,8,0,1,isolated_frame_similarity
train,validation,RWF-2000,RWF-2000,1,1,train/Fight/rwf_train_fight_0489.avi,train/Fight/rwf_train_fight_0487.avi,d0d44ae739cd5391a71e56529b1d17785bf2ba805a14ef56b1cbd0ce826c193c,5488e8016450db545e4aae7bb25fe1d24b3320d1dcab956da4cfe1a5d82b3eb0,,,0,0,5.000000,5.000000,0.0,1.0,720x480,720x480,8,0,1,isolated_frame_similarity
train,test,RWF-2000,RWF-2000,1,1,train/Fight/rwf_train_fight_0489.avi,train/Fight/rwf_train_fight_0047.avi,d0d44ae739cd5391a71e56529b1d17785bf2ba805a14ef56b1cbd0ce826c193c,11b1236ef299b1a7d4c95b4da35a4db702897bc576f1a0f4ea5a12de92ae1997,,,0,0,5.000000,5.000000,0.0,1.0,720x480,540x360,8,0,1,isolated_frame_similarity
train,test,RWF-2000,RWF-2000,1,1,train/Fight/rwf_train_fight_0489.avi,train/Fight/rwf_train_fight_0488.avi,d0d44ae739cd5391a71e56529b1d17785bf2ba805a14ef56b1cbd0ce826c193c,8a1e2f9e4bf5492f2a76f01bba608dc91508edbe81bcaeca4ec20fb066189205,,,0,0,5.000000,5.000000,0.0,1.0,720x480,720x480,8,0,1,isolated_frame_similarity
train,validation,RLVS,RLVS,0,0,NonViolence/NV_698.mp4,NonViolence/NV_702.mp4,d33210cfafa518bbffa3e18ae5b6a4832066249eadfbc01c1c256200f7906b41,f652b491bdd19838f1abfa05a49b8bfa59aa95e1a7dd167b2b422a7aa983125b,,,0,0,5.000000,5.000000,0.0,1.0,224x224,224x224,8,0,1,isolated_frame_similarity
train,test,RLVS,RLVS,0,0,NonViolence/NV_698.mp4,NonViolence/NV_694.mp4,d33210cfafa518bbffa3e18ae5b6a4832066249eadfbc01c1c256200f7906b41,d21132157dbd6c1415ce72a2e3d34627db03dc0c286fa713be8ca83603bcc7d2,,,0,0,5.000000,5.000000,0.0,1.0,224x224,224x224,8,0,1,isolated_frame_similarity
train,test,RLVS,RLVS,0,0,NonViolence/NV_523.mp4,NonViolence/NV_520.mp4,ffa38ef2a9c18d9025e1f91da1b4d9210de9e58011e63a3b1f2e88d8478510ea,d58df100eebd189b6ce6645ed33d9253a15dc4b4527a1c620c91feb8a12c2d9d,,,0,0,5.000000,5.000000,0.0,1.0,224x224,224x224,8,0,1,isolated_frame_similarity
train,validation,RLVS,RWF-2000,1,0,Violence/V_273.mp4,train/NonFight/rwf_train_nonfight_0216.avi,c3f5bcad1b187934c26c08c1c653625e718d54ed91d75d72e443f31bdd8965de,4d4a8e73743066426ce508bbf7eccf6b667ec07011a0faf0d2debc78dfaf20db,,,0,0,5.111111,5.000000,0.11111100000000018,0.9782608908317585,440x360,480x360,8,0,1,isolated_frame_similarity
train,validation,RLVS,RLVS,0,0,NonViolence/NV_537.mp4,NonViolence/NV_536.mp4,997e8840599ba3ca0cfd5f92de45840cf9c4c959876dbbb81ccd5d81cde46200,58ef6c89370c75f12616ab0f16fa22ead8e20370b570b6fd3623e07cb61214a1,,,0,0,5.000000,5.000000,0.0,1.0,224x224,224x224,8,0,1,isolated_frame_similarity
train,validation,RLVS,RLVS,0,0,NonViolence/NV_513.mp4,NonViolence/NV_511.mp4,50403ff62f1ce6cbf730020d6149b9981eb5ca55bcb7ccc540499b783c80ac84,da961b572e5b30b326bf0b357cb6023c05575a51f48b21bd2ffc266bfcf4359f,,,0,0,5.000000,5.000000,0.0,1.0,224x224,224x224,8,0,1,isolated_frame_similarity
train,validation,RWF-2000,RWF-2000,1,0,train/Fight/rwf_train_fight_0266.avi,train/NonFight/rwf_train_nonfight_0296.avi,657294dbb5d53cd365691fb2f7483123d47e0220c4bb5c283138965bbb75e671,634b519f71455dfcb9a0d03682b1cf814ed82231d315af27a850dd8380d29117,,,0,0,5.000000,5.000000,0.0,1.0,640x360,640x360,8,0,1,isolated_frame_similarity
train,validation,RLVS,RLVS,0,0,NonViolence/NV_689.mp4,NonViolence/NV_699.mp4,0b3940600bd86980791bdb5eaa228d8a3180799f79410fe1d2be54ae744cb323,1df8b91751309777b494566f553eb9d5f5dad69bb1b772e024d9057b4ec6de10,,,0,0,5.000000,5.000000,0.0,1.0,224x224,224x224,8,0,1,isolated_frame_similarity
train,validation,RLVS,RLVS,0,0,NonViolence/NV_689.mp4,NonViolence/NV_685.mp4,0b3940600bd86980791bdb5eaa228d8a3180799f79410fe1d2be54ae744cb323,e0b45b413bde395e13e18c5a64a90b7930f38a944c48104992b6c34472337fc0,,,0,0,5.000000,5.000000,0.0,1.0,224x224,224x224,8,0,1,isolated_frame_similarity
train,test,RWF-2000,RWF-2000,0,0,train/NonFight/rwf_train_nonfight_0452.avi,train/NonFight/rwf_train_nonfight_0646.avi,cc303a756da282a25556e76792596fcc17f7427dcf5398c102d136852834b40d,8e266e8c7314eb8defc49ac8a815e1dd448671b7456e5e99dd5d9025f7b7f357,,,0,0,5.000000,5.000000,0.0,1.0,464x348,480x360,8,0,1,isolated_frame_similarity
train,test,RLVS,RLVS,0,0,NonViolence/NV_101.mp4,NonViolence/NV_10.mp4,286477f34d6fbf2529f5fea0bfb9b5bf6d559bb1e9bb2af974ce78a35a03fe60,cc2c82215458bb6e45aea47de2711f68d2b9c9e63a5814ca24b09a7392e5e763,,,0,0,5.000000,5.000000,0.0,1.0,224x224,224x224,8,0,1,isolated_frame_similarity
train,validation,RLVS,RLVS,0,0,NonViolence/NV_868.avi,NonViolence/NV_867.avi,c70330427f5776f6a260ed06073a194a03ac1256a9fa56f3434138716765468e,29eb37cb4664fb590eb1129468b0caf5b4ca1bc0c920a59a2327ad1bc7c6348b,,,0,0,5.000000,5.000000,0.0,1.0,224x224,224x224,8,0,1,isolated_frame_similarity
train,validation,RLVS,RLVS,0,0,NonViolence/NV_328.mp4,NonViolence/NV_133.mp4,4fd46cb8262013965c1655be7b966ca11b1720855dab41d504dbbd594b7a772f,b18cdb7933f4037bc28882edc2ed882b56836b6410970f923ec677c3e7df9936,,,0,0,5.000000,5.000000,0.0,1.0,224x224,224x224,8,0,1,isolated_frame_similarity
train,test,RWF-2000,RWF-2000,1,1,train/Fight/rwf_train_fight_0041.avi,train/Fight/rwf_train_fight_0039.avi,2928eaa7e54d80a7d80d5a9d000449a51371d7ae80c850b96ced2185bef30c88,dd0ff78ea0cb7906037e50ee1143207ddef661aa1181c6626cb523b6adc68bd7,,,0,0,5.000000,5.000000,0.0,1.0,526x360,526x360,8,0,1,isolated_frame_similarity
train,test,RWF-2000,RWF-2000,1,1,train/Fight/rwf_train_fight_0061.avi,train/Fight/rwf_train_fight_0058.avi,0dc4f0989d333a71926ca1445f325cfda8287ef98ddb6a77a7323afed5b31492,81c8816d5b491b0d3996ac036891cdb1493b5efc5afac7a59546c5bb4caacd47,,,0,0,5.000000,5.000000,0.0,1.0,1280x720,1280x720,8,0,1,isolated_frame_similarity
train,validation,RLVS,RLVS,0,0,NonViolence/NV_912.mp4,NonViolence/NV_913.mp4,b66bcfda506a5c39da92387f57b24fa559a63a795b23161808623347172735c9,678425b98fe221e905018868df5aaa4373b0fdadca20b7d5f0b1c01fb5d3e814,,,0,0,5.000000,5.000000,0.0,1.0,224x224,224x224,8,0,1,isolated_frame_similarity
train,test,RLVS,RLVS,1,1,Violence/V_473.mp4,Violence/V_958.mp4,2d3fe4a7ee6891186974263ac7d99449db858ff273fcc35734c845585854fdb4,2da10b3241187452885b36044e65dbf713c25f0b3a63107652e9bedfeecd2081,,,0,0,4.204204,4.204200,3.9999999996709334e-06,0.9999990485713824,396x720,194x298,8,0,1,isolated_frame_similarity
train,test,RLVS,RLVS,0,0,NonViolence/NV_395.mp4,NonViolence/NV_379.mp4,6235660611a274607a68fe7afb7c85e4414a33ba693e044abf2402c9a70fedc8,21a9664c47a43823975e914fe1aeba86378fd5782a45754c42ff8dac369d5bc8,,,0,0,5.000000,5.000000,0.0,1.0,224x224,224x224,8,0,1,isolated_frame_similarity
train,test,RWF-2000,RWF-2000,1,1,train/Fight/rwf_train_fight_0732.avi,train/Fight/rwf_train_fight_0125.avi,487fafe38158e0e9e1fed3922d068daee8cddec7aae7e460707c04f55f9f7f52,8de602b3e5f2aaef96f426f5133ae54f82a64e3c58daa4e7a49aa5440df301aa,,,0,0,5.000000,5.000000,0.0,1.0,640x360,1280x720,8,0,1,isolated_frame_similarity
train,validation,RLVS,RLVS,0,0,NonViolence/NV_682.mp4,NonViolence/NV_679.mp4,96d6d0785115ccebc566e20503ae8b38060ecc127fea87886b5f8f5023ad9e9e,98a4edf8b3934f0e88ea8081fea91258264ca21d8a2490a73cfa69e0f5f2dc06,,,0,0,5.000000,5.000000,0.0,1.0,224x224,224x224,8,0,1,isolated_frame_similarity
train,validation,RLVS,RLVS,1,1,Violence/V_94.mp4,Violence/V_121.mp4,72bebed758594f293d8908ac752e99fc5e485326ab620d355c43235f93be1091,a305c7df0d06dfa65ec582d39d2f5d05f33742a247867949d81528a222da86f2,,,0,0,4.004000,5.005000,1.0010000000000003,0.7999999999999999,640x360,1280x720,8,0,1,isolated_frame_similarity
train,validation,RLVS,RLVS,1,1,Violence/V_94.mp4,Violence/V_338.mp4,72bebed758594f293d8908ac752e99fc5e485326ab620d355c43235f93be1091,a08e5d3d6ba2fd07b82b012c77e4a433d88edb8f392fdf7c13f926dfcca0988e,,,0,0,4.004000,4.104100,0.1001000000000003,0.975609756097561,640x360,640x360,8,0,1,isolated_frame_similarity
train,validation,RLVS,RLVS,1,1,Violence/V_94.mp4,Violence/V_514.mp4,72bebed758594f293d8908ac752e99fc5e485326ab620d355c43235f93be1091,5254bf67824a71b8b28d246a5c3c089d77b58155a878846e826d16b2857c5070,,,0,0,4.004000,5.105100,1.1011000000000006,0.784313725490196,640x360,640x360,8,0,1,isolated_frame_similarity
train,test,RLVS,RLVS,0,0,NonViolence/NV_972.mp4,NonViolence/NV_973.mp4,1d2729a4059ecc14fc891ab29ddd6ef92b830f4fd3e44b162b82d4a56138c8c1,df8f740a866545b542ccfb6d22a3215471a88dc5eff2ad34bc34f86f786f7155,,,0,0,5.000000,5.000000,0.0,1.0,224x224,224x224,8,0,1,isolated_frame_similarity
train,test,RLVS,RLVS,0,0,NonViolence/NV_736.mp4,NonViolence/NV_732.mp4,1106b3fcdd2d72ce8d1bdefff5df544afad7d63dcabab4e327ab9a7e3a3d9ea3,cc64f762c6745958e659f17f7451f42e40d1f1c4c963ce766bec69cb7b46162e,,,0,0,6.200000,6.700000,0.5,0.9253731343283582,368x272,368x272,8,0,1,isolated_frame_similarity
train,test,RWF-2000,RLVS,1,1,train/Fight/rwf_train_fight_0422.avi,Violence/V_763.mp4,17077faf6ccc669e8486bdff36cb9a960907f1c75f86e9b0b565bb339b377f6e,612bbaa314c952438c6b0bbceb2c0ce5b90dde471302851b4cd169bde35b94a1,,,0,0,5.000000,4.304300,0.6957000000000004,0.86086,1280x720,1280x720,8,0,1,isolated_frame_similarity
train,validation,RLVS,RLVS,0,0,NonViolence/NV_515.mp4,NonViolence/NV_514.mp4,5eb4fc605b8dd1132a86f7b192bfd189426dca15ce8fa2e1a4634ebd87b930f2,daa1ad18dacfce32936044a165ef0cb3c2bb5809f9e5f5d5fd3a40d7e97ba2ae,,,0,0,5.000000,5.000000,0.0,1.0,224x224,224x224,8,0,1,isolated_frame_similarity
train,validation,RWF-2000,RWF-2000,1,0,val/Fight/rwf_val_fight_0071.avi,val/NonFight/rwf_val_nonfight_0070.avi,d1ade31c2e94e36f696d1ec7619052b670fb049944e2c4d3b8d3b0611689737a,c67eb3863ef0c125f7efddfc73bca195984c46950b79aa63f9da59e18572b3f4,,,0,0,5.000000,5.000000,0.0,1.0,1280x720,1280x720,8,0,1,isolated_frame_similarity
train,test,RWF-2000,RWF-2000,0,1,train/NonFight/rwf_train_nonfight_0007.avi,train/Fight/rwf_train_fight_0008.avi,8f5a4a029beba8056835847cbc7ff3b0b15a36d27c4f08abf601e9d4da905ffe,c5014b3a8d65505de79ec41cd20658666e6470c77b19772f4dac28eba473ee4b,,,0,0,5.000000,5.000000,0.0,1.0,1280x720,1280x720,8,0,1,isolated_frame_similarity
train,validation,RWF-2000,RLVS,0,0,train/NonFight/rwf_train_nonfight_0551.avi,NonViolence/NV_129.mp4,cb4bd0dd84ea036274a98affb6defa9341ded7fa707ca7cfcb4c8544b36cab65,5d9513825464d3c6e5029f2c3fd39dc8e801e0574e75d2961252d3de6b1c1ab6,,,0,0,5.000000,5.000000,0.0,1.0,1280x720,224x224,8,0,1,isolated_frame_similarity
train,test,RWF-2000,RWF-2000,0,1,train/NonFight/rwf_train_nonfight_0424.avi,train/Fight/rwf_train_fight_0368.avi,868d9537cae2b648781133b5b0c30e414f952873dde348868da0ad54a964d663,58c7ce07ba88c7d1cbae970d16e270f5ad76293d52e933d25a90eb2e56fdfe5c,,,0,0,5.000000,5.000000,0.0,1.0,640x360,640x360,8,0,1,isolated_frame_similarity
train,validation,RWF-2000,RWF-2000,1,1,train/Fight/rwf_train_fight_0364.avi,train/Fight/rwf_train_fight_0365.avi,cebdc7ca828082265b927fa60738ecef1dc3a2eb238220b375e7021218a122cd,e3fe944051a350c6122336e8ed70f0c8addd83f595bd8fd384fcd185c91330c8,,,0,0,5.000000,5.000000,0.0,1.0,772x480,772x480,8,0,1,isolated_frame_similarity
train,validation,RLVS,RLVS,0,0,NonViolence/NV_903.avi,NonViolence/NV_892.avi,dfb54f1c984cc0668c0dff68f2baacdc32e2c777db3b84944d0d0823cb2525af,9db8a797e462e640c9212c9c20d68d8ae673c9ad5e2dae5e63d4a82008390de6,,,0,0,5.000000,5.000000,0.0,1.0,224x224,224x224,8,0,1,isolated_frame_similarity
train,validation,RWF-2000,RWF-2000,1,0,train/Fight/rwf_train_fight_0271.avi,train/NonFight/rwf_train_nonfight_0296.avi,4f0d516f250a2eecb10b3884e1462ee6c245c40babeb419b0bfdfe26fcf05137,634b519f71455dfcb9a0d03682b1cf814ed82231d315af27a850dd8380d29117,,,0,0,5.000000,5.000000,0.0,1.0,640x360,640x360,8,0,1,isolated_frame_similarity
train,test,RWF-2000,RWF-2000,0,1,train/NonFight/rwf_train_nonfight_0686.avi,train/Fight/rwf_train_fight_0664.avi,8b83a1843f65a59d420d78d55989882685f20e926b67be8dff1573ec8616216d,10177f67cfd3d10621d08f22be363a355cf65356a520fc3a695045c35c6262e3,,,0,0,5.000000,5.000000,0.0,1.0,1280x720,1280x720,8,0,1,isolated_frame_similarity
train,validation,RLVS,RLVS,0,0,NonViolence/NV_114.mp4,NonViolence/NV_219.mp4,2b552e81591e68860721aa69452d2dcaff8ee1c6eb1ef9d5c1d3addcc508e407,4a4e2f22eaca05da40ee5dc5e218950dd8a979432f22375cd7f018aad8ff0eea,,,0,0,5.000000,5.000000,0.0,1.0,224x224,224x224,8,0,1,isolated_frame_similarity
train,validation,RLVS,RLVS,0,0,NonViolence/NV_346.mp4,NonViolence/NV_349.mp4,1c15793ae1bc691e4e8b088ec107fd4fc645976d028feaad416941cd0189d97d,a866d534d0979c8e881db1b788fb2e2c8092c72a36d2a02cb1aa682599757ebc,,,0,0,5.105100,4.904900,0.2002000000000006,0.9607843137254901,640x360,640x360,8,0,1,isolated_frame_similarity
train,validation,RLVS,RLVS,0,0,NonViolence/NV_347.mp4,NonViolence/NV_338.mp4,906a60a04b3e5df0c0bc817076f1ad5d9ba4c98590ebfceab13a45ce7b74ab0e,9a4df07c955d700bb3d0673414d355162ae96ca14b91c4db7db606cce6921aad,,,0,0,4.404400,6.006000,1.6016000000000004,0.7333333333333333,640x360,640x360,8,0,1,isolated_frame_similarity
train,validation,RLVS,RLVS,0,0,NonViolence/NV_533.mp4,NonViolence/NV_535.mp4,0ff07f0a60350cbca550287c29b07e1ca4fd7e88dea99c084a284658cf51db28,ddbc74ec896c15f860a7b96d08113de8eb5737a48ad3cfac0a55adca59d2d094,,,0,0,5.000000,5.000000,0.0,1.0,224x224,224x224,8,0,1,isolated_frame_similarity
train,test,RLVS,RLVS,0,0,NonViolence/NV_151.mp4,NonViolence/NV_152.mp4,d8903fd9c54b5b9caaf958a0365b62be6fccd60fe182c5853ab6b60b0e8ab84b,601b05df439a6200a38afd4b1de480af0a17de0e907494d7effca49d62a6912c,,,0,0,5.000000,5.000000,0.0,1.0,224x224,224x224,8,0,1,isolated_frame_similarity
train,validation,RWF-2000,RWF-2000,1,0,train/Fight/rwf_train_fight_0355.avi,train/NonFight/rwf_train_nonfight_0245.avi,1adf457173f6b5073619d1fe3b5a0de86fbee1efdc32356a84817d0ce7820175,5217e54d8f41c243d5768e283bde6c666068f6e84850ec767c404177be83b1ee,,,0,0,5.000000,5.000000,0.0,1.0,320x240,320x240,8,0,1,isolated_frame_similarity
train,test,RWF-2000,RWF-2000,1,1,train/Fight/rwf_train_fight_0387.avi,train/Fight/rwf_train_fight_0389.avi,f0e154e1cf9b46d92bf5cf06983cb3190fe7cbf1b38de13fec5643bfc5f9a2d8,dcdf9fcca490921a9f7ab30c13848d53d0de7f2f618074ceacc7d2ff1f2f37c1,,,0,0,5.000000,5.000000,0.0,1.0,1280x720,1280x720,8,0,1,isolated_frame_similarity
train,validation,RWF-2000,RWF-2000,1,1,val/Fight/rwf_val_fight_0161.avi,val/Fight/rwf_val_fight_0162.avi,0291dd700d8c189cb61f596457d909835f1c9ff6f966f792d0bfe8df46fe363e,bf1f23192966cc8161e38223611953dac3defdb091b73a929077fd125543bbdc,,,0,0,5.000000,5.000000,0.0,1.0,1280x720,1280x720,8,0,1,isolated_frame_similarity
train,test,RWF-2000,RWF-2000,1,1,val/Fight/rwf_val_fight_0161.avi,val/Fight/rwf_val_fight_0165.avi,0291dd700d8c189cb61f596457d909835f1c9ff6f966f792d0bfe8df46fe363e,242aa37fbdc6e40166ebf3bb172ec038bf5ba04372641139d3e57cc340f28f57,,,0,0,5.000000,5.000000,0.0,1.0,1280x720,1280x720,8,0,1,isolated_frame_similarity
train,test,RWF-2000,RWF-2000,1,1,val/Fight/rwf_val_fight_0161.avi,val/Fight/rwf_val_fight_0166.avi,0291dd700d8c189cb61f596457d909835f1c9ff6f966f792d0bfe8df46fe363e,ed6b897b58efc07a60dd8a7a18273c52f9ef5e2418ba68e2e47ebf3343293a08,,,0,0,5.000000,5.000000,0.0,1.0,1280x720,1280x720,8,0,1,isolated_frame_similarity
train,test,RWF-2000,RWF-2000,1,1,train/Fight/rwf_train_fight_0084.avi,train/Fight/rwf_train_fight_0085.avi,8a94453d6c02175c5e3b88a2e78de73d237ca38ffbe3ee464a6cfef92a1f9d72,f26a0ad92d41f2b3f69f9c46ec96fe1ba95963599e2576ce4324b6e71d01a369,,,0,0,5.000000,5.000000,0.0,1.0,1920x1080,1920x1080,8,0,1,isolated_frame_similarity
train,test,RWF-2000,RWF-2000,1,1,train/Fight/rwf_train_fight_0084.avi,train/Fight/rwf_train_fight_0086.avi,8a94453d6c02175c5e3b88a2e78de73d237ca38ffbe3ee464a6cfef92a1f9d72,15429da03cc36fd352295163c1a58e1389e1b4fc4e452554dc3e111d70447d1b,,,0,0,5.000000,5.000000,0.0,1.0,1920x1080,1920x1080,8,0,1,isolated_frame_similarity
train,validation,RLVS,RLVS,0,0,NonViolence/NV_510.mp4,NonViolence/NV_512.mp4,715bf05e54ea430b3bd1da054fb58ef6a9884343d55f5000916458d578b16425,39380676fc0c9bb7a926bbfc05959e92962b4b065700fcc676320576b920cd60,,,0,0,5.000000,5.000000,0.0,1.0,224x224,224x224,8,0,1,isolated_frame_similarity
train,test,RLVS,RLVS,0,0,NonViolence/NV_230.mp4,NonViolence/NV_228.mp4,448aad8470e41beb25774ae5d72b255fa6c5abdc739a92b5aa097d1785c71715,fa128d7fca7ac90832da2e9d0a9968d9b4285b5224b1dfa49ae4951efc975c57,,,0,0,5.000000,5.000000,0.0,1.0,224x224,224x224,8,0,1,isolated_frame_similarity
train,test,RLVS,RLVS,0,0,NonViolence/NV_887.avi,NonViolence/NV_884.avi,364223c24ba6393a07b40a80d39c49581ae564f242310c3aaf7ac760657d42c8,d975b5c63ab3be1f9e39ca856d8645dc9e22ed6e97cd42135680e9168e30afa2,,,0,0,5.000000,5.000000,0.0,1.0,224x224,224x224,8,0,1,isolated_frame_similarity
train,validation,RWF-2000,RWF-2000,1,0,val/Fight/rwf_val_fight_0108.avi,val/NonFight/rwf_val_nonfight_0108.avi,149cd8474cdd5e9fa200f8411c39bbfafdafa64bf7c2551b05b849eabe7af450,563f6b1c05a28c37c7475e799509594bda97c5f557d98960ea96eca063f0485e,,,0,0,5.000000,5.000000,0.0,1.0,640x360,640x360,8,0,1,isolated_frame_similarity
train,test,RWF-2000,RWF-2000,1,0,val/Fight/rwf_val_fight_0108.avi,val/NonFight/rwf_val_nonfight_0109.avi,149cd8474cdd5e9fa200f8411c39bbfafdafa64bf7c2551b05b849eabe7af450,66c83733108c1dea8740630f164607d271814943273271867367ad995dd003ae,,,0,0,5.000000,5.000000,0.0,1.0,640x360,640x360,8,0,1,isolated_frame_similarity
train,validation,RLVS,RLVS,0,0,NonViolence/NV_197.mp4,NonViolence/NV_198.mp4,355cf2ef06ce95d5af8dc5c3fa48a2976ab9b04642e8947b02d01e817891e0d8,64dc94edc791c17642442e70d43dcd9b907407db9cde6ae019a4b4d0db9e4950,,,0,0,5.000000,5.000000,0.0,1.0,224x224,224x224,8,0,1,isolated_frame_similarity
train,validation,RLVS,RLVS,0,0,NonViolence/NV_752.mp4,NonViolence/NV_753.mp4,75d7eb314699d7e007a5ccb9f50c3acd11763f4dbc53214da4234285ddcb807b,39ce72892c74a68f46f2ec4f88d6f2cc3024248866c4b44427806a2c2107d9a6,,,0,0,5.000000,5.000000,0.0,1.0,224x224,224x224,8,0,1,isolated_frame_similarity
train,validation,RWF-2000,RWF-2000,1,1,train/Fight/rwf_train_fight_0093.avi,train/Fight/rwf_train_fight_0096.avi,be7e1ab8823212c9d94f62bfa4ff721c22f40b602d6d5168cb9cbcf33c50aad5,3bb050143388a4fb63d334f918b8fc0fc8d689e1fe483b2cd84caaa07a9158eb,,,0,0,5.000000,5.000000,0.0,1.0,368x276,368x276,8,0,1,isolated_frame_similarity
train,test,RWF-2000,RWF-2000,1,1,val/Fight/rwf_val_fight_0098.avi,val/Fight/rwf_val_fight_0097.avi,d825fbcaa87132707123ef81b8a91abf6174546ff96754d7c0e0ff7e93d48681,fb42a016db7146b9ce2f553c6f9f6f2f4c022a09a14c7b9cc7bbea63e213119b,,,0,0,5.000000,5.000000,0.0,1.0,424x320,424x320,8,0,1,isolated_frame_similarity
train,validation,RWF-2000,RWF-2000,1,1,train/Fight/rwf_train_fight_0614.avi,train/Fight/rwf_train_fight_0617.avi,0752abf9de11afe5cff92c8b4f3e5f28997c04382b8cc84f295451ff29758d64,d8f9912e195688c22fb0cc9d5db8f6315291439a1a9ead8279bba42b7d4bd763,,,0,0,5.000000,5.000000,0.0,1.0,352x288,352x288,8,0,1,isolated_frame_similarity
train,validation,RWF-2000,RWF-2000,0,0,train/NonFight/rwf_train_nonfight_0529.avi,train/NonFight/rwf_train_nonfight_0642.avi,4752d4eb5ca0c6d98f74bf75844e19897d9d3f01245abf03579e7128485efb9f,91ba349665393fcd72b990647eb6394ad9e6446cd7de58a158f134bc3d6f90d6,,,0,0,5.000000,5.000000,0.0,1.0,320x240,320x240,8,0,1,isolated_frame_similarity
train,test,RWF-2000,RWF-2000,1,0,val/Fight/rwf_val_fight_0054.avi,train/NonFight/rwf_train_nonfight_0234.avi,22fcf17baf83d8773d9f307db94b82af480b45d46d072e9adce47cec5c737baa,91243d4523bf4e7e00241506421add30f40f5804aba0c17288c8ddf47d41169a,,,0,0,5.000000,5.000000,0.0,1.0,1280x720,320x240,8,0,1,isolated_frame_similarity
train,test,RLVS,RLVS,0,0,NonViolence/NV_756.mp4,NonViolence/NV_751.mp4,64fa2f7b16f534cc2a6eca6fcdacd623437369e7d5b306d03e01d31a2e58321d,a7881d015902337a42bddde70deee6b69b42134a0c5603ffb208749c814426c0,,,0,0,5.000000,5.000000,0.0,1.0,224x224,224x224,8,0,1,isolated_frame_similarity
train,validation,RLVS,RLVS,0,0,NonViolence/NV_534.mp4,NonViolence/NV_536.mp4,bee739f065024ec7a51840d489b2a940ddc21ad93e2d88eaa2fe9fb4071b4d46,58ef6c89370c75f12616ab0f16fa22ead8e20370b570b6fd3623e07cb61214a1,,,0,0,5.000000,5.000000,0.0,1.0,224x224,224x224,8,0,1,isolated_frame_similarity
train,validation,RLVS,RLVS,0,0,NonViolence/NV_75.mp4,NonViolence/NV_134.mp4,8e272b114a001a1fc5a963b7d72c5cbd335c95e716c6d876bee242345126319f,65cc09dd213d961079ece542ecbf4d583ca984d58e12a2321c1256aa0e9f1677,,,0,0,5.000000,5.000000,0.0,1.0,224x224,224x224,8,0,1,isolated_frame_similarity
train,validation,RWF-2000,RLVS,1,1,train/Fight/rwf_train_fight_0241.avi,Violence/V_653.mp4,66d92840083d61d534af54822a1de504d5cdca9bad0bcddfb53d77c4d69249a8,bc71daff4c9133122c811215fce1ff7f5a9293ac9ef8b21b0f995cbf87510c8a,,,0,0,5.000000,5.000000,0.0,1.0,1280x720,224x224,8,0,1,isolated_frame_similarity
train,test,RWF-2000,RWF-2000,1,1,train/Fight/rwf_train_fight_0286.avi,train/Fight/rwf_train_fight_0285.avi,18b2654674d50c38022a68815003bdc2cdd40660d24f8d9350be275f802faf83,f43bcaf85ac3e3249e53705c333d78091fd2de2e921b993b0853a95d105a5233,,,0,0,5.000000,5.000000,0.0,1.0,1280x720,1280x720,8,0,1,isolated_frame_similarity
train,test,RLVS,RLVS,1,1,Violence/V_406.mp4,Violence/V_132.mp4,286fcdad8f9c96a2fab8446b7d1553ea3d77841fc6b7d447cfb37bc8ca91798a,9a4b0a1a9f6f23238c0d2f671211913a23e4f5eb1da06eca45bb6f0988521f92,,,0,0,3.809015,5.900000,2.0909850000000003,0.6455957627118644,360x360,640x360,8,0,1,isolated_frame_similarity
train,test,RWF-2000,RWF-2000,1,1,train/Fight/rwf_train_fight_0718.avi,train/Fight/rwf_train_fight_0719.avi,a75a1bb73c799770f40aed1dc9d4c275a09d1316bf2d61e8c2e9dedf3e451d03,60a037e763903c26beecfa794e0cb8aae28cdf25d363f8eb7b7f755d9074f970,,,0,0,5.000000,5.000000,0.0,1.0,320x240,320x240,8,0,1,isolated_frame_similarity
train,test,RWF-2000,RWF-2000,1,1,train/Fight/rwf_train_fight_0718.avi,train/Fight/rwf_train_fight_0716.avi,a75a1bb73c799770f40aed1dc9d4c275a09d1316bf2d61e8c2e9dedf3e451d03,d1a3a2c9a4ccc7940f024fff1797792136837a9d5c2fca8d5d621433ba7a3290,,,0,0,5.000000,5.000000,0.0,1.0,320x240,320x240,8,0,1,isolated_frame_similarity
train,validation,RWF-2000,RWF-2000,1,0,train/Fight/rwf_train_fight_0269.avi,train/NonFight/rwf_train_nonfight_0296.avi,d32b8f600b4f583108dd99e21aadc4bf163a3da1404301a5195d1cd80d68d6c8,634b519f71455dfcb9a0d03682b1cf814ed82231d315af27a850dd8380d29117,,,0,0,5.000000,5.000000,0.0,1.0,640x360,640x360,8,0,1,isolated_frame_similarity
train,validation,RWF-2000,RWF-2000,1,1,train/Fight/rwf_train_fight_0221.avi,train/Fight/rwf_train_fight_0222.avi,52c207378ea8f6b8a6a319a14c3f430a5d80b5caaf781613eaaa58dcb45886b5,b774bf625534570a85571b7251333d98d9a9ecf69f5a2f61c215eb8d7577a2ef,,,0,0,5.000000,5.000000,0.0,1.0,640x320,640x320,8,0,1,isolated_frame_similarity
train,validation,RLVS,RLVS,1,1,Violence/V_595.mp4,Violence/V_594.mp4,5b6a8fc4f911989dda9c8af1ad6b8e2174a8fef160e1314040c29d233f5525eb,c675b36c9c7ec95cb0924e0b55b5f0404add0f7864ca3736db3492c83b9616b3,,,0,0,5.000000,5.000000,0.0,1.0,224x224,224x224,8,0,1,isolated_frame_similarity
train,test,RLVS,RLVS,1,1,Violence/V_595.mp4,Violence/V_570.mp4,5b6a8fc4f911989dda9c8af1ad6b8e2174a8fef160e1314040c29d233f5525eb,41b6c5b589b6c5cc9e60b48522456b271f8b26e364be91ded179cc08d1b3742c,,,0,0,5.000000,5.000000,0.0,1.0,224x224,224x224,8,0,1,isolated_frame_similarity
train,validation,RLVS,RLVS,0,0,NonViolence/NV_53.mp4,NonViolence/NV_131.mp4,282932428c38a90a933245a8733437d5b2eae8bd5449e5af37c6df880b4baf51,742a3b299c1b136eb35d47605ac0f291be725606003d1e49f926fbf16b6d99f8,,,0,0,5.000000,5.000000,0.0,1.0,224x224,224x224,8,0,1,isolated_frame_similarity
train,validation,RWF-2000,RWF-2000,1,1,train/Fight/rwf_train_fight_0174.avi,train/Fight/rwf_train_fight_0178.avi,ad777f323628581e006c04a01f3bf1c2f41cbddbd52c901cd74caf0ca8e07823,8966c2b4fb80120290d0368a4861a2a6e7d6bea28b4e5958685337bb798dc094,,,0,0,5.000000,5.000000,0.0,1.0,480x360,480x360,8,0,1,isolated_frame_similarity
train,test,RWF-2000,RWF-2000,0,1,train/NonFight/rwf_train_nonfight_0097.avi,train/Fight/rwf_train_fight_0086.avi,4eae5efbde2eec452363d3afa32c9833041c8388fb5a79b98fa10410bfef3487,15429da03cc36fd352295163c1a58e1389e1b4fc4e452554dc3e111d70447d1b,,,0,0,5.000000,5.000000,0.0,1.0,1920x1080,1920x1080,8,0,1,isolated_frame_similarity
train,test,RLVS,RLVS,0,0,NonViolence/NV_473.mp4,NonViolence/NV_472.mp4,dd358d8fcc9518542a3fe737341df3e114bfcc2781fc725103370ce5ea7dc1ad,3aedcf1a2d12ac1e4a09ab62361f2c2afd69e0668aa74248187cfc69bcfe2556,,,0,0,5.000000,5.000000,0.0,1.0,224x224,224x224,8,0,1,isolated_frame_similarity
train,validation,RLVS,RLVS,1,1,Violence/V_104.mp4,Violence/V_106.mp4,4b3006687ac414641fe4a04fce0ee78049101934c871ed9627762dfb3db7cd01,953da36ce84576b9047082a2446ed2eb96417014cbfc4619f6d65f6b1fa38c29,,,0,0,5.005000,5.005000,0.0,1.0,640x360,640x360,8,0,1,isolated_frame_similarity
train,test,RWF-2000,RWF-2000,1,1,val/Fight/rwf_val_fight_0007.avi,val/Fight/rwf_val_fight_0006.avi,dda47b4288429c51beeccccb446dd2b7889abc269d3a155b9a32554a35e7bcbd,021500d339b9625e2b458dcb6025c8449ac9eee5d00754f5ede84d4aebd2bd4d,,,0,0,5.000000,5.000000,0.0,1.0,320x240,320x240,8,0,1,isolated_frame_similarity
train,validation,RLVS,RLVS,0,0,NonViolence/NV_378.mp4,NonViolence/NV_384.mp4,df7b2534d382cbd4bdd3d209b055b93ce3651133158a3ad17d6218cc0af3060c,0a718e47808a9756c20efaffb6f02b1dd2e0703eca11bf2c4b49d2f72f23fb24,,,0,0,5.000000,5.000000,0.0,1.0,224x224,224x224,8,0,1,isolated_frame_similarity
train,validation,RLVS,RLVS,0,1,NonViolence/NV_5.mp4,Violence/V_446.mp4,fbcc259d385381c3fab143c93238f2d9443baafc9093205189e2b844f91e3b7f,5bc31d138b309f0f4032cf4d615cf425939f6868a06e8fe10f8e2b03ed917914,,,0,0,4.920000,3.800000,1.12,0.7723577235772358,1280x720,1280x720,8,0,1,isolated_frame_similarity
train,validation,RLVS,RLVS,0,0,NonViolence/NV_719.mp4,NonViolence/NV_718.mp4,780d98b4143bcd5d3923ca9c07e82914c585b9b46f71a6a817ff8a52f130fe63,69fcbb5d86c1bdab762e79fa76bd7a0ff1e9291dec9a62b18f234ce2b64d7472,,,0,0,5.000000,5.000000,0.0,1.0,224x224,224x224,8,0,1,isolated_frame_similarity
train,validation,RWF-2000,RWF-2000,0,0,val/NonFight/rwf_val_nonfight_0146.avi,val/NonFight/rwf_val_nonfight_0147.avi,050e67d01eee562a56fa84c826d4085344e3d97e76548f5246409177917fd405,b9eb24aaf504f858cb86c955ac55826acfdec42a1e6fdf8d379fee3bd16dad1b,,,0,0,5.000000,5.000000,0.0,1.0,480x360,480x360,8,0,1,isolated_frame_similarity
train,validation,RLVS,RLVS,1,1,Violence/V_363.mp4,Violence/V_338.mp4,69e148c6dbed36453b3506b1f22264842b587aeb29da75c4c1bc6f4807f2b295,a08e5d3d6ba2fd07b82b012c77e4a433d88edb8f392fdf7c13f926dfcca0988e,,,0,0,5.505500,4.104100,1.4013999999999998,0.7454545454545455,1280x720,640x360,8,0,1,isolated_frame_similarity
train,validation,RLVS,RLVS,0,1,NonViolence/NV_361.mp4,Violence/V_59.mp4,95c7ab1f7f0c9d80305dfde870da2c912c72b5465470383afe3aec051bab7365,741f5cd6a291dd2397ef083c813072fc5eaa4df5e1bf6eee775cfb5ffeb28c66,,,0,0,5.985367,5.400000,0.5853669999999997,0.9022003162045035,1920x1080,406x510,8,0,1,isolated_frame_similarity
train,validation,RLVS,RLVS,0,0,NonViolence/NV_697.mp4,NonViolence/NV_699.mp4,57691146d0a9f4cb80587dbcb6f18d109afcf4f834d38fc0664e460334f01414,1df8b91751309777b494566f553eb9d5f5dad69bb1b772e024d9057b4ec6de10,,,0,0,5.000000,5.000000,0.0,1.0,224x224,224x224,8,0,1,isolated_frame_similarity
train,validation,RLVS,RLVS,0,0,NonViolence/NV_57.mp4,NonViolence/NV_129.mp4,955641288b487e837769e9f0651e950245c75d5ad6893f4dee7109a91c894756,5d9513825464d3c6e5029f2c3fd39dc8e801e0574e75d2961252d3de6b1c1ab6,,,0,0,5.000000,5.000000,0.0,1.0,224x224,224x224,8,0,1,isolated_frame_similarity
train,validation,RLVS,RWF-2000,0,0,NonViolence/NV_894.avi,val/NonFight/rwf_val_nonfight_0070.avi,eed28b9d35fd05cabbe7c569ef2177e2e322b509b3f63557409d4a1f493b80ec,c67eb3863ef0c125f7efddfc73bca195984c46950b79aa63f9da59e18572b3f4,,,0,0,5.000000,5.000000,0.0,1.0,224x224,1280x720,8,0,1,isolated_frame_similarity
train,validation,RLVS,RWF-2000,0,0,NonViolence/NV_894.avi,val/NonFight/rwf_val_nonfight_0071.avi,eed28b9d35fd05cabbe7c569ef2177e2e322b509b3f63557409d4a1f493b80ec,0434585b706eef38e4bc1a3d314a5c1104123ed94c2bddfe3986e150e84cc8ec,,,0,0,5.000000,5.000000,0.0,1.0,224x224,1280x720,8,0,1,isolated_frame_similarity
train,test,RLVS,RLVS,1,1,Violence/V_673.mp4,Violence/V_674.mp4,8ce049e76b04e67ad4f11c69aa062601ac7818ef4009e2cd2883dab75266f26e,76b9f183440b428c716cb864be394bb8208ee1618f0c9294e3da7aec198d26f7,,,0,0,5.000000,5.000000,0.0,1.0,224x224,224x224,8,0,1,isolated_frame_similarity
train,test,RLVS,RLVS,0,0,NonViolence/NV_888.avi,NonViolence/NV_884.avi,34dc5a3835e9ae12040e98369b69749fd63ecc52215d4ad53b43faeadf5b64e5,d975b5c63ab3be1f9e39ca856d8645dc9e22ed6e97cd42135680e9168e30afa2,,,0,0,5.000000,5.000000,0.0,1.0,224x224,224x224,8,0,1,isolated_frame_similarity
train,test,RWF-2000,RWF-2000,1,1,train/Fight/rwf_train_fight_0060.avi,train/Fight/rwf_train_fight_0058.avi,e40f7541270fbbb23e82a5ac2b97f771eea7b30b05241df1475773b58aad530a,81c8816d5b491b0d3996ac036891cdb1493b5efc5afac7a59546c5bb4caacd47,,,0,0,5.000000,5.000000,0.0,1.0,1280x720,1280x720,8,0,1,isolated_frame_similarity
train,validation,RLVS,RLVS,0,0,NonViolence/NV_234.mp4,NonViolence/NV_233.mp4,1742a20062dfd9c075a1dc86a0f0fd32429a369e81470affa8e4c4169ae756f3,f7b964e6b53e23bdffa3d025e1df87157e2558d707bd35ac60d98ca42e40c72c,,,0,0,5.000000,5.000000,0.0,1.0,224x224,224x224,8,0,1,isolated_frame_similarity
train,validation,RLVS,RLVS,0,0,NonViolence/NV_111.mp4,NonViolence/NV_133.mp4,94cf4a359148f1b3aaac3ded37b04a5d1add4abf85f251f26d9219734ca38f7c,b18cdb7933f4037bc28882edc2ed882b56836b6410970f923ec677c3e7df9936,,,0,0,5.000000,5.000000,0.0,1.0,224x224,224x224,8,0,1,isolated_frame_similarity
train,validation,RLVS,RLVS,0,0,NonViolence/NV_111.mp4,NonViolence/NV_280.mp4,94cf4a359148f1b3aaac3ded37b04a5d1add4abf85f251f26d9219734ca38f7c,56cf6f750bdd6072c1e8c1a899a47dcc6c307ff001b9c334b6acb5144a63d1cd,,,0,0,5.000000,5.000000,0.0,1.0,224x224,224x224,8,0,1,isolated_frame_similarity
train,validation,RWF-2000,RWF-2000,1,1,val/Fight/rwf_val_fight_0160.avi,val/Fight/rwf_val_fight_0163.avi,e5010c9fd67cfb2a3c9231552cacac9a0d9e603cf7c5d2e97023c44412ff88e1,bf04c8e9898cb4fee4c636621ee191de7212c8d229a87933ce4c82608b972e6c,,,0,0,5.000000,5.000000,0.0,1.0,1280x720,1280x720,8,0,1,isolated_frame_similarity
train,test,RWF-2000,RWF-2000,1,1,val/Fight/rwf_val_fight_0160.avi,val/Fight/rwf_val_fight_0165.avi,e5010c9fd67cfb2a3c9231552cacac9a0d9e603cf7c5d2e97023c44412ff88e1,242aa37fbdc6e40166ebf3bb172ec038bf5ba04372641139d3e57cc340f28f57,,,0,0,5.000000,5.000000,0.0,1.0,1280x720,1280x720,8,0,1,isolated_frame_similarity
train,validation,RWF-2000,RWF-2000,1,1,train/Fight/rwf_train_fight_0518.avi,train/Fight/rwf_train_fight_0513.avi,4e85adf079bdc80f421f53767de7b29e29d5dc94f21b11db5e61b5a9911c4d73,32da8e94e19a280fbd2e49e0d76540cbc988d7b647dd212f58b90e7fddf06ae7,,,0,0,5.000000,5.000000,0.0,1.0,1280x720,1280x720,8,0,1,isolated_frame_similarity
train,validation,RLVS,RLVS,0,0,NonViolence/NV_342.mp4,NonViolence/NV_351.mp4,acd41361704c1742794fb6430ed3c041d804917980794369b9379ef11bd744ac,d246bc44110616d4cb2dd614ef139e81bbfc1d7f0ebfa61946bc0b7d22d46349,,,0,0,4.504500,6.806800,2.3023,0.6617647058823529,640x360,640x360,8,0,1,isolated_frame_similarity
train,test,RWF-2000,RWF-2000,1,1,train/Fight/rwf_train_fight_0244.avi,train/Fight/rwf_train_fight_0242.avi,27e86eb8104169f68558ce5fa8ff9dc788ab4cd724c28b69bf0828d232a02844,0c2855441b082c81dfed6849804cf68666932a2f914b05d1588617102cfbf28c,,,0,0,5.000000,5.000000,0.0,1.0,1280x720,1280x720,8,0,1,isolated_frame_similarity
train,test,RWF-2000,RWF-2000,1,1,train/Fight/rwf_train_fight_0244.avi,train/Fight/rwf_train_fight_0240.avi,27e86eb8104169f68558ce5fa8ff9dc788ab4cd724c28b69bf0828d232a02844,400669da13d74b1548e673f5f93fa2839243bcb55be71b05a71565215f3c78e8,,,0,0,5.000000,5.000000,0.0,1.0,1280x720,1280x720,8,0,1,isolated_frame_similarity
train,test,RLVS,RLVS,1,1,Violence/V_78.mp4,Violence/V_77.mp4,3466da75c4463b2f196055dd171e14e118e6c04ddfe3094bf5fcf6285d88700d,8ae4fd311adcf6f1b82cad146418d14cd4981f134199b49c6dc21a49cf7ab9f1,,,0,0,5.005000,5.105100,0.1001000000000003,0.9803921568627451,640x360,640x360,8,0,1,isolated_frame_similarity
train,validation,RWF-2000,RWF-2000,1,0,train/Fight/rwf_train_fight_0272.avi,train/NonFight/rwf_train_nonfight_0296.avi,c4588027bdc4564622316f8d987411aecebf5b43e34020a13f17712535362f8e,634b519f71455dfcb9a0d03682b1cf814ed82231d315af27a850dd8380d29117,,,0,0,5.000000,5.000000,0.0,1.0,640x360,640x360,8,0,1,isolated_frame_similarity
train,test,RLVS,RLVS,1,1,Violence/V_693.mp4,Violence/V_703.mp4,544e3a1b3ec5b4824c8ecad0bb669daebb7263fad461ae004199e43facca29c6,d66db3869b7076c350065b3d8fa2417cefbd1c29854cc48ed636faa7eb979aea,,,0,0,5.000000,5.000000,0.0,1.0,224x224,224x224,8,0,1,isolated_frame_similarity
train,validation,RLVS,RLVS,0,0,NonViolence/NV_904.avi,NonViolence/NV_892.avi,01c1038ce8d11f640b72cda003496f3952e155777959567896a6b355057cb4ac,9db8a797e462e640c9212c9c20d68d8ae673c9ad5e2dae5e63d4a82008390de6,,,0,0,5.000000,5.000000,0.0,1.0,224x224,224x224,8,0,1,isolated_frame_similarity
train,validation,RWF-2000,RWF-2000,1,1,train/Fight/rwf_train_fight_0175.avi,train/Fight/rwf_train_fight_0178.avi,2f7b6dacfe2335a2b260e555e0f57169c4d5277afd0f5e47af91314ff0378bc1,8966c2b4fb80120290d0368a4861a2a6e7d6bea28b4e5958685337bb798dc094,,,0,0,5.000000,5.000000,0.0,1.0,480x360,480x360,8,0,1,isolated_frame_similarity
train,test,RLVS,RLVS,0,0,NonViolence/NV_121.mp4,NonViolence/NV_123.mp4,7e7d7a714c1d14ee4b09ab12edb14a80593e3078180df623bc7be88bd1780771,ef181bae15ed15154d7084117bbfee3fb16fbca5b87026c5ce5bb472dd293f78,,,0,0,5.000000,5.000000,0.0,1.0,224x224,224x224,8,0,1,isolated_frame_similarity
train,validation,RWF-2000,RWF-2000,0,0,val/NonFight/rwf_val_nonfight_0106.avi,val/NonFight/rwf_val_nonfight_0105.avi,4005aa16f52c59e99e081f212ef181d4b7debcc3eb7f0611d8baa41ec19397e8,8d8e412d6400df76b3d3c5ee176af6c971f9ab3c962058a2286f63629e6cbe97,,,0,0,5.000000,5.000000,0.0,1.0,424x320,424x320,8,0,1,isolated_frame_similarity
train,validation,RWF-2000,RWF-2000,1,1,val/Fight/rwf_val_fight_0173.avi,val/Fight/rwf_val_fight_0171.avi,42a212f60c2020ddabfa41bff7cd738955af9466d8f0b8ead81b0f28297419f7,f3bac226f19cac7e8ac42b75a1abd4c80480b9589ca63655c3e5eaca148124d0,,,0,0,5.000000,5.000000,0.0,1.0,1280x720,1280x720,8,0,1,isolated_frame_similarity
train,test,RWF-2000,RWF-2000,0,1,val/NonFight/rwf_val_nonfight_0081.avi,val/Fight/rwf_val_fight_0083.avi,8a8024fb55f6f6423d61f78216720ead71d33bdb2447e9f482f564a1c40cf533,0537ef9d17544d442644b2d840fe2999f5c8523cf5f648a7f4d796157f24092b,,,0,0,5.000000,5.000000,0.0,1.0,1280x720,1280x720,8,0,1,isolated_frame_similarity
train,test,RWF-2000,RWF-2000,0,1,val/NonFight/rwf_val_nonfight_0081.avi,val/Fight/rwf_val_fight_0082.avi,8a8024fb55f6f6423d61f78216720ead71d33bdb2447e9f482f564a1c40cf533,9539219cd7325816ea1ee54db16428fc63bda36e9f679b3319050bae69b990cd,,,0,0,5.000000,5.000000,0.0,1.0,1280x720,1280x720,8,0,1,isolated_frame_similarity
train,validation,RLVS,RLVS,0,0,NonViolence/NV_835.mp4,NonViolence/NV_828.mp4,764c5a897c725f1d0513a257395323144a2ac5fa34a312751138ebad98adc646,13a5ee4f8235879f20f5beb862849ad77a56a3b349860dbb1808ae5ac8f3e062,,,0,0,5.560000,5.520000,0.040000000000000036,0.9928057553956835,854x480,854x480,8,0,1,isolated_frame_similarity
train,validation,RLVS,RLVS,0,0,NonViolence/NV_835.mp4,NonViolence/NV_829.mp4,764c5a897c725f1d0513a257395323144a2ac5fa34a312751138ebad98adc646,1bfda470b044fce0631f59f52d53ec0194efc0631341956c36a360874ca47e4e,,,0,0,5.560000,4.520000,1.04,0.8129496402877697,854x480,854x480,8,0,1,isolated_frame_similarity
train,test,RLVS,RLVS,0,0,NonViolence/NV_938.mp4,NonViolence/NV_936.mp4,a7507de2b5629cb32cefda8dc025ce5cb263f7f50f82e878776bad3c1e0079af,d39221a0ea54b0e64419f1de95c5e8bf72460d6efd7c10a59bb4265cfb0360c7,,,0,0,5.000000,5.000000,0.0,1.0,224x224,224x224,8,0,1,isolated_frame_similarity
train,test,RLVS,RLVS,1,1,Violence/V_866.mp4,Violence/V_863.mp4,2659f7e9aa05ee01d107b23285f20651a5836361a927fbe578b4c7131e201b95,a857f38ad696b940d5ebcf6d830e70cdb9407a08a2132dd7e0bf1ded2d35156d,,,0,0,4.100000,3.900000,0.19999999999999973,0.951219512195122,726x670,726x670,8,0,1,isolated_frame_similarity
train,validation,RLVS,RLVS,0,1,NonViolence/NV_4.mp4,Violence/V_446.mp4,fbcc259d385381c3fab143c93238f2d9443baafc9093205189e2b844f91e3b7f,5bc31d138b309f0f4032cf4d615cf425939f6868a06e8fe10f8e2b03ed917914,,,0,0,4.920000,3.800000,1.12,0.7723577235772358,1280x720,1280x720,8,0,1,isolated_frame_similarity
train,test,RWF-2000,RWF-2000,1,1,train/Fight/rwf_train_fight_0521.avi,train/Fight/rwf_train_fight_0512.avi,23b2da4c38de51129a9cfc412a3d995107b946850e52fef43e4a278ea89a68b5,4a7ba9a352a2e33ac283749cf05b299174c7b4ed829a1718108dd727351a65b0,,,0,0,5.000000,5.000000,0.0,1.0,1280x720,1280x720,8,0,1,isolated_frame_similarity
train,test,RWF-2000,RWF-2000,1,1,train/Fight/rwf_train_fight_0764.avi,train/Fight/rwf_train_fight_0763.avi,333d7e71fe4b9571601641e2688310cf80f8060f14856fea8fd847ed4818fa8b,d5a67ae596c23fc3a852eed329330244b5289a62e8d5e7a9b7552651b5b5cc63,,,0,0,5.000000,5.000000,0.0,1.0,398x224,398x224,8,0,1,isolated_frame_similarity
train,test,RWF-2000,RWF-2000,1,1,train/Fight/rwf_train_fight_0212.avi,train/Fight/rwf_train_fight_0215.avi,5125ae14639a94823457d5702a955594482f5f64852e19908a39f20344626b7f,10ad2448aed583bca18b77f1df2ea9ad2cd24f668296d6074fd67665e453d094,,,0,0,5.000000,5.000000,0.0,1.0,1280x720,1280x720,8,0,1,isolated_frame_similarity
train,test,RWF-2000,RWF-2000,0,0,train/NonFight/rwf_train_nonfight_0763.avi,train/NonFight/rwf_train_nonfight_0764.avi,f79ebf8d15ab41a57d29893d299e3def35e858c7fc3e7e379a6deb51a646b2c0,994af5a1419bf59e5225168fd0de7a6018d7abb0ed26312dd8d1af85efa7aff3,,,0,0,5.000000,5.000000,0.0,1.0,1280x720,1280x720,8,0,1,isolated_frame_similarity
train,validation,RLVS,RLVS,0,0,NonViolence/NV_840.mp4,NonViolence/NV_828.mp4,e3871c28eac24128010886db8f813aba619a47a5e4e6f13f9a3390aa472837db,13a5ee4f8235879f20f5beb862849ad77a56a3b349860dbb1808ae5ac8f3e062,,,0,0,4.520000,5.520000,1.0,0.8188405797101449,854x480,854x480,8,0,1,isolated_frame_similarity
train,test,RLVS,RLVS,0,0,NonViolence/NV_255.mp4,NonViolence/NV_252.mp4,7cf146dc66bc64c32082f10d842ffaad2ed283e1b9f11137683281bb5d3bb21f,cc44d28dd7e7416663a27be76ed577f737d02fd34a727ea92a411b973eaab75d,,,0,0,5.000000,5.000000,0.0,1.0,224x224,224x224,8,0,1,isolated_frame_similarity
train,validation,RLVS,RLVS,0,0,NonViolence/NV_755.mp4,NonViolence/NV_753.mp4,8885430a5fded2c1551ea46f27f8ad5ba9251e41b55b4852b1ccc77c0f72b99b,39ce72892c74a68f46f2ec4f88d6f2cc3024248866c4b44427806a2c2107d9a6,,,0,0,5.000000,5.000000,0.0,1.0,224x224,224x224,8,0,1,isolated_frame_similarity
train,validation,RWF-2000,RWF-2000,1,0,val/Fight/rwf_val_fight_0085.avi,val/NonFight/rwf_val_nonfight_0079.avi,3a78ddc3bb842fd12918b7476ce0a9e31db45af8623994eb6e467bf34865f396,3aaa3259768f9d011803303d03d9d76f73803c8d2033f84230c110956d227aff,,,0,0,5.000000,5.000000,0.0,1.0,1280x720,1280x720,8,0,1,isolated_frame_similarity
train,validation,RLVS,RLVS,1,1,Violence/V_578.mp4,Violence/V_594.mp4,2f7d8b6e730b9455c586592921ad0c79bb9c4dc6e84ba3f00d72c54e2e8b7f40,c675b36c9c7ec95cb0924e0b55b5f0404add0f7864ca3736db3492c83b9616b3,,,0,0,5.000000,5.000000,0.0,1.0,224x224,224x224,8,0,1,isolated_frame_similarity
train,validation,RLVS,RLVS,1,1,Violence/V_85.mp4,Violence/V_106.mp4,e8c1500b3034b1e2a93cc0166982453f0642882129133a91068b765f23ed1943,953da36ce84576b9047082a2446ed2eb96417014cbfc4619f6d65f6b1fa38c29,,,0,0,5.005000,5.005000,0.0,1.0,640x360,640x360,8,0,1,isolated_frame_similarity
train,test,RLVS,RLVS,1,1,Violence/V_458.mp4,Violence/V_420.mp4,325f336ffdc83600c67bf2efbd2c9787620565e47793e58cbd7f1ff62104501f,6bb413293106d02ba6d66255ba91bd7ff345b5271b2cf08f00973439e7b73153,,,0,0,4.600000,4.500000,0.09999999999999964,0.9782608695652175,1280x720,1280x720,8,0,1,isolated_frame_similarity
train,test,RLVS,RLVS,0,0,NonViolence/NV_403.mp4,NonViolence/NV_404.mp4,88498a3687129323c3f8418d1bb6915d131f64698e48ec170b6b9b56616c909a,675fec1271e2c756642f51f04666efa0a5dcb87da14ab77fb0c65c5188a01844,,,0,0,5.000000,5.000000,0.0,1.0,224x224,224x224,8,0,1,isolated_frame_similarity
train,test,RWF-2000,RWF-2000,1,1,train/Fight/rwf_train_fight_0043.avi,train/Fight/rwf_train_fight_0039.avi,d6785b6786cf30ae8e7d38028a64a37acc4fab3ea52963224c7b97971d4f2735,dd0ff78ea0cb7906037e50ee1143207ddef661aa1181c6626cb523b6adc68bd7,,,0,0,5.000000,5.000000,0.0,1.0,526x360,526x360,8,0,1,isolated_frame_similarity
train,test,RWF-2000,RWF-2000,1,1,train/Fight/rwf_train_fight_0571.avi,train/Fight/rwf_train_fight_0572.avi,4dc1cf7813f9da5b1c75a01b26d479b446dd2713921474a7f7ef2a6084cece61,eb55d33af8d8ab6d23dba6b6761ad91f9065ba34fee20fba557ed8f6a44c56f6,,,0,0,5.000000,5.000000,0.0,1.0,204x360,204x360,8,0,1,isolated_frame_similarity
train,test,RLVS,RLVS,0,0,NonViolence/NV_708.mp4,NonViolence/NV_705.mp4,fe7f1abcd5559d8f7db4b28b527f0e4b4b3360e354d6f35534a7ee73eaee0dcf,7520933da54707bcb49ede66ce0ec77b745ad2635af2f34b6f38e868d2c94b6f,,,0,0,5.000000,5.000000,0.0,1.0,224x224,224x224,8,0,1,isolated_frame_similarity
train,test,RLVS,RLVS,1,1,Violence/V_602.mp4,Violence/V_601.mp4,0279d7221a22279a9f348284673b0d1844fa6e8df09b0bbe8e145278b49d7305,5741695b1f316e99813776a784d5cdfc797102f255a7bb8e5e059a54e1749982,,,0,0,5.000000,5.000000,0.0,1.0,224x224,224x224,8,0,1,isolated_frame_similarity
train,validation,RWF-2000,RWF-2000,0,0,val/NonFight/rwf_val_nonfight_0080.avi,val/NonFight/rwf_val_nonfight_0079.avi,6889321753bd3e1ad73d49ba5cf08d96ccaa5e44f5440b069ab58dd14e733cd6,3aaa3259768f9d011803303d03d9d76f73803c8d2033f84230c110956d227aff,,,0,0,5.000000,5.000000,0.0,1.0,1280x720,1280x720,8,0,1,isolated_frame_similarity
train,test,RWF-2000,RWF-2000,0,1,val/NonFight/rwf_val_nonfight_0080.avi,val/Fight/rwf_val_fight_0083.avi,6889321753bd3e1ad73d49ba5cf08d96ccaa5e44f5440b069ab58dd14e733cd6,0537ef9d17544d442644b2d840fe2999f5c8523cf5f648a7f4d796157f24092b,,,0,0,5.000000,5.000000,0.0,1.0,1280x720,1280x720,8,0,1,isolated_frame_similarity
train,validation,RLVS,RLVS,0,1,NonViolence/NV_126.mp4,Violence/V_151.mp4,cbf12a8fefaed0a66d6839971880da29bc451b1da735dbe6b66439b8782f920e,aed026daec43834b40f6828a31100449b7af998bd7ddd5a3659982df3c3d3234,,,0,0,5.000000,5.900000,0.9000000000000004,0.847457627118644,224x224,640x360,8,0,1,isolated_frame_similarity
train,validation,RWF-2000,RWF-2000,1,1,val/Fight/rwf_val_fight_0170.avi,val/Fight/rwf_val_fight_0171.avi,2af8bd020dec708efa52695ef8d048244aaae2e7b91ac967b40661f244010301,f3bac226f19cac7e8ac42b75a1abd4c80480b9589ca63655c3e5eaca148124d0,,,0,0,5.000000,5.000000,0.0,1.0,1280x720,1280x720,8,0,1,isolated_frame_similarity
train,validation,RLVS,RLVS,0,0,NonViolence/NV_935.mp4,NonViolence/NV_951.mp4,545f00dd013ff9f1ce6b83e1717dc545f9bcf0fb5473d46ff2abd74862624cf9,3c203ae90fb86df8b25765f6f58575980afbc8df7d8f68d08abaf42443aee28a,,,0,0,5.000000,5.000000,0.0,1.0,224x224,224x224,8,0,1,isolated_frame_similarity
train,test,RLVS,RLVS,0,0,NonViolence/NV_448.mp4,NonViolence/NV_385.mp4,554fa8c0fbc171dd760353cdc6a68859352e4b247b12e58ca0000e2f38e5b337,1addf6cfd1e51e909d9ccad200a6cadc6c35da81fca7f9b12a6f715a81e853df,,,0,0,5.000000,5.000000,0.0,1.0,224x224,224x224,8,0,1,isolated_frame_similarity
train,test,RLVS,RLVS,1,1,Violence/V_586.mp4,Violence/V_587.mp4,90e8925ebafa11e3d305be49b773070983eac2de2635fd416690f7e037c09173,e5be00f3b738ad14af89deb6bf48f85f7e7e68f00341bd9c34a3836efff1a815,,,0,0,5.000000,5.000000,0.0,1.0,224x224,224x224,8,0,1,isolated_frame_similarity
train,validation,RLVS,RLVS,0,0,NonViolence/NV_842.mp4,NonViolence/NV_828.mp4,395ee59fc880d5eadc44971ad08d0c25f0ca7879e2e322dd2a982803c907e297,13a5ee4f8235879f20f5beb862849ad77a56a3b349860dbb1808ae5ac8f3e062,,,0,0,5.480000,5.520000,0.03999999999999915,0.992753623188406,854x480,854x480,8,0,1,isolated_frame_similarity
train,test,RLVS,RLVS,0,0,NonViolence/NV_522.mp4,NonViolence/NV_528.mp4,f54bcb4919b543479a735270ecc8a570250c939638926f3e61a28dfc7e9d1a09,e3f78d31546853f638ab8b0381343d685bf9adedda3cb228d956c3102298295d,,,0,0,5.000000,5.000000,0.0,1.0,224x224,224x224,8,0,1,isolated_frame_similarity
train,test,RLVS,RLVS,0,0,NonViolence/NV_522.mp4,NonViolence/NV_518.mp4,f54bcb4919b543479a735270ecc8a570250c939638926f3e61a28dfc7e9d1a09,53ca93e090aa372219028ac80ffea750508474c107f7cc347f05aec2a8753193,,,0,0,5.000000,5.000000,0.0,1.0,224x224,224x224,8,0,1,isolated_frame_similarity
train,test,RLVS,RLVS,0,0,NonViolence/NV_182.mp4,NonViolence/NV_156.mp4,0b826e04f0d9e5df3a48a1d5028595b0d9abe587db2154418e05cbe78d7db684,ae763fa88e70a3a24915596c7a1ffeb7fc4bf0a9ef48ad12bff92ae86138c410,,,0,0,5.000000,5.000000,0.0,1.0,224x224,224x224,8,0,1,isolated_frame_similarity
train,test,RLVS,RLVS,0,0,NonViolence/NV_182.mp4,NonViolence/NV_158.mp4,0b826e04f0d9e5df3a48a1d5028595b0d9abe587db2154418e05cbe78d7db684,ade2b4e8806af6d76e7fe1c7843f5f0441a5e6bf0a6499f1dcfe3dd3eaf28d35,,,0,0,5.000000,5.000000,0.0,1.0,224x224,224x224,8,0,1,isolated_frame_similarity
train,validation,RWF-2000,RWF-2000,0,0,val/NonFight/rwf_val_nonfight_0007.avi,val/NonFight/rwf_val_nonfight_0005.avi,171a6544a1a7050627f418110a0e3af8c46c87c8f1cbb3962c38328d32f2e4ac,8adde9e7c6c2617ab5e0bbd7c402b694cd84ef0d00637a98c501d7d5383b6723,,,0,0,5.000000,5.000000,0.0,1.0,1280x720,1280x720,8,0,1,isolated_frame_similarity
train,test,RWF-2000,RWF-2000,1,1,val/Fight/rwf_val_fight_0073.avi,val/Fight/rwf_val_fight_0074.avi,1a09310cac9395352f2883005ec67910d33edc2003dea74c081acbef54e9665c,e7985cafe708e53c8faffb17300b7b09a2cbbdf1eee1110e80a88ff9fc478cef,,,0,0,5.000000,5.000000,0.0,1.0,1280x720,1280x720,8,0,1,isolated_frame_similarity
train,validation,RWF-2000,RWF-2000,1,0,train/Fight/rwf_train_fight_0192.avi,train/NonFight/rwf_train_nonfight_0216.avi,88cb1a942062e7c9870775307abe4d14725c4d2a2bc7f745a5adc3dc9364912a,4d4a8e73743066426ce508bbf7eccf6b667ec07011a0faf0d2debc78dfaf20db,,,0,0,5.000000,5.000000,0.0,1.0,480x360,480x360,8,0,1,isolated_frame_similarity
train,test,RWF-2000,RWF-2000,1,1,val/Fight/rwf_val_fight_0080.avi,val/Fight/rwf_val_fight_0082.avi,fb9dad6b1cd16aec6a574d2df0c12f1cc149b23b77e04bc7c961a0f3f19df1d1,9539219cd7325816ea1ee54db16428fc63bda36e9f679b3319050bae69b990cd,,,0,0,5.000000,5.000000,0.0,1.0,1280x720,1280x720,8,0,1,isolated_frame_similarity
train,validation,RLVS,RLVS,0,0,NonViolence/NV_149.mp4,NonViolence/NV_165.mp4,7522fad279e5a57c0fce3a30a94de281312a7fc61b5e57c4d81719a1d32b17cf,4f1f004d8736f14a4873d2ae7d278a9feee2f11ff1c68f52fd08248a4d3f1346,,,0,0,5.000000,5.000000,0.0,1.0,224x224,224x224,8,0,1,isolated_frame_similarity
train,validation,RLVS,RLVS,0,0,NonViolence/NV_148.mp4,NonViolence/NV_165.mp4,8a4d8eebd05fe2f4f1f549f6861b9f0e1f02014d0db7fc7b7066fb76c8a230c6,4f1f004d8736f14a4873d2ae7d278a9feee2f11ff1c68f52fd08248a4d3f1346,,,0,0,5.000000,5.000000,0.0,1.0,224x224,224x224,8,0,1,isolated_frame_similarity
train,validation,RLVS,RLVS,0,0,NonViolence/NV_148.mp4,NonViolence/NV_183.mp4,8a4d8eebd05fe2f4f1f549f6861b9f0e1f02014d0db7fc7b7066fb76c8a230c6,d8c1535a73d8a5670b8cfbfcf79b22398f84c04d9c8920e7f3457d7c38ad7836,,,0,0,5.000000,5.000000,0.0,1.0,224x224,224x224,8,0,1,isolated_frame_similarity
train,validation,RWF-2000,RWF-2000,1,0,train/Fight/rwf_train_fight_0232.avi,train/NonFight/rwf_train_nonfight_0249.avi,a73fd200690dc4bcdff3b17f986e8c001f99f904dea68407dd402ee24512afeb,17c733ecf2eee4e80e37072efe23737f3e12f277132fca6da69f0d3f29da5637,,,0,0,5.000000,5.000000,0.0,1.0,640x360,640x360,8,0,1,isolated_frame_similarity
train,validation,RLVS,RLVS,1,1,Violence/V_941.mp4,Violence/V_942.mp4,17ff75138b5154ef572470f697721bd014e764bf9452a1647207bdf79a1623c0,b1a15a2a21d29830dd1902ea7f41e1ed33fe71a0399bfbd1988acd0b3ce47336,,,0,0,4.931034,5.310345,0.3793109999999995,0.9285713075139187,202x360,202x360,8,0,1,isolated_frame_similarity
train,test,RLVS,RLVS,0,0,NonViolence/NV_243.mp4,NonViolence/NV_240.mp4,8c1077925d4d8afc7f5e6a6d4772a1293980d93b43908dbb366c2a7618af6110,163cce1747af84e862b1357e106bb5bac72b125501ae0db248f972f13a052f7c,,,0,0,5.000000,5.000000,0.0,1.0,224x224,224x224,8,0,1,isolated_frame_similarity
train,test,RWF-2000,RWF-2000,1,1,train/Fight/rwf_train_fight_0392.avi,train/Fight/rwf_train_fight_0393.avi,532495d3b95d357ad8c6f4ebc27428d79c941274ba9e4bd988e76b4bc6efa17c,2552251be9aa2a7e8267a6f64d34c1b02cbc3e3bf9a09cec06de49fdd87b4e17,,,0,0,5.000000,5.000000,0.0,1.0,1280x720,1280x720,8,0,1,isolated_frame_similarity
train,test,RWF-2000,RWF-2000,1,0,train/Fight/rwf_train_fight_0683.avi,train/NonFight/rwf_train_nonfight_0576.avi,108bb927923a00177f1c7c429f9a2904e46ffa04486d94e2c1efd5afbd099505,4c242cc6e72ee2267bd2f3a4fa480866aa34d307478d939bcca0ef0182f5ee6a,,,0,0,5.000000,5.000000,0.0,1.0,480x360,320x240,8,0,1,isolated_frame_similarity
train,validation,RLVS,RLVS,1,1,Violence/V_76.mp4,Violence/V_75.mp4,d78389ecd585d9d25467a9b21ab0de24031ea9561ba670b19d5618d3e53711df,f31d636f02ea2fba810b2531771118a8588881f6a97749a37c142404a24f4227,,,0,0,5.005000,5.005000,0.0,1.0,640x360,640x360,8,0,1,isolated_frame_similarity
train,test,RWF-2000,RWF-2000,1,0,train/Fight/rwf_train_fight_0565.avi,val/NonFight/rwf_val_nonfight_0128.avi,ce7bba9f38b91927a3528825940ea07c47cdfc2050114b643d486cc5722cf4f9,b25f8d40ad7d81cf77726d6144492023329bfcb189695d6fc45e0ee2832f8467,,,0,0,5.000000,5.000000,0.0,1.0,320x240,1280x720,8,0,1,isolated_frame_similarity
train,test,RWF-2000,RWF-2000,1,1,train/Fight/rwf_train_fight_0243.avi,train/Fight/rwf_train_fight_0240.avi,c62139ca58ea434f6a93bb8bc09f7f78efb49d14b41629492fc060454eac2ce9,400669da13d74b1548e673f5f93fa2839243bcb55be71b05a71565215f3c78e8,,,0,0,5.000000,5.000000,0.0,1.0,1280x720,1280x720,8,0,1,isolated_frame_similarity
train,validation,RLVS,RLVS,1,1,Violence/V_434.mp4,Violence/V_114.mp4,a35c6f71df756661a2cc1d449015b6852817f5ce6f600a1507a3c8a192b2ed01,55b619f6536418d89dbdea19a7b4804347d7fd469462ef05c453dcd17488cff0,,,0,0,3.900000,5.005000,1.105,0.7792207792207793,1280x720,1280x720,8,0,1,isolated_frame_similarity
train,test,RWF-2000,RWF-2000,1,1,train/Fight/rwf_train_fight_0628.avi,train/Fight/rwf_train_fight_0626.avi,6380fd8bbd120afddce479f4f56734a5310735a24426ad0acc7a39bded580b00,4c42803c0d95f2bf7946639246acf3bcf115a529c78dbce7149409a7b86d7193,,,0,0,5.000000,5.000000,0.0,1.0,626x360,626x360,8,0,1,isolated_frame_similarity
train,validation,historical_enrichment_v1,RLVS,0,1,test_sport/boxe_03_CycVhzGQazQ.mp4,Violence/V_114.mp4,8efc38d9963df135a8c1f10ede8a5d0194ede0c7ee3b6b2356a8c5837ac16270,55b619f6536418d89dbdea19a7b4804347d7fd469462ef05c453dcd17488cff0,CycVhzGQazQ,,0,0,18.240000,5.005000,13.235,0.27439692982456143,640x338,1280x720,8,0,1,isolated_frame_similarity
train,validation,historical_enrichment_v1,RLVS,0,1,test_danse/contemporaine_01_CoPUfvwcHmE.mp4,Violence/V_514.mp4,8ea57f0d52bd2c5a3fc99e4febb0502b3aed9d7f321cae3458efca59bf0c9ddd,5254bf67824a71b8b28d246a5c3c089d77b58155a878846e826d16b2857c5070,CoPUfvwcHmE,,0,0,107.880000,5.105100,102.7749,0.04732202447163515,640x360,640x360,8,0,1,isolated_frame_similarity
validation,test,RLVS,RLVS,1,1,Violence/V_597.mp4,Violence/V_596.mp4,b02123596b6d8b61a61eee2aebbd9bdccbafc305d414f30e78069a227f7cd6c3,12d43365748a8968f0db54e2c28ce80772a46a49197e6bdb48f27cc8b2eab40e,,,0,0,5.000000,5.000000,0.0,1.0,224x224,224x224,8,0,1,isolated_frame_similarity
validation,test,RLVS,RLVS,0,0,NonViolence/NV_897.avi,NonViolence/NV_896.avi,3e95a6c02f25cf004123450a4127e272b1f61dedbf2c09db10abc11da3a3414b,d8cc667f50709da77953cbf2e3bac680c1d50921781e357fc52cb864ecd416fc,,,0,0,5.000000,5.000000,0.0,1.0,224x224,224x224,8,0,1,isolated_frame_similarity
validation,test,RWF-2000,RWF-2000,1,1,train/Fight/rwf_train_fight_0087.avi,train/Fight/rwf_train_fight_0086.avi,2b1ece335d42040f08d46638a0199e2abb5a53608a54b7c8c653d60a6aa0685b,15429da03cc36fd352295163c1a58e1389e1b4fc4e452554dc3e111d70447d1b,,,0,0,5.000000,5.000000,0.0,1.0,1920x1080,1920x1080,8,0,1,isolated_frame_similarity
validation,test,RWF-2000,RWF-2000,0,1,val/NonFight/rwf_val_nonfight_0108.avi,val/Fight/rwf_val_fight_0111.avi,563f6b1c05a28c37c7475e799509594bda97c5f557d98960ea96eca063f0485e,6bd0662da957bbcd4757a35ce440fa709c7212de5ac23dfd52fb808d65bba498,,,0,0,5.000000,5.000000,0.0,1.0,640x360,640x360,8,0,1,isolated_frame_similarity
validation,test,RWF-2000,RLVS,1,0,train/Fight/rwf_train_fight_0733.avi,NonViolence/NV_936.mp4,9158fe807015e84c90719fa54063842fb510bad456bdd1d0596ab30ec7f01b27,d39221a0ea54b0e64419f1de95c5e8bf72460d6efd7c10a59bb4265cfb0360c7,,,0,0,5.000000,5.000000,0.0,1.0,640x360,224x224,8,0,1,isolated_frame_similarity
validation,test,RLVS,RLVS,0,0,NonViolence/NV_219.mp4,NonViolence/NV_215.mp4,4a4e2f22eaca05da40ee5dc5e218950dd8a979432f22375cd7f018aad8ff0eea,641bb3591fe7cd5552cff81770d76d601c4adeb211f6434dd2e7142ca10fed6f,,,0,0,5.000000,5.000000,0.0,1.0,224x224,224x224,8,0,1,isolated_frame_similarity
validation,test,RLVS,RLVS,0,0,NonViolence/NV_656.mp4,NonViolence/NV_647.mp4,91eb1a5962b5a89f8fd581a11cfaef14123e26e5af99257ce1a195e01233074b,997de0b51c1486d72a064064ced0c103fb3cedf3523f16d2f1a5c09b1bba6d49,,,0,0,5.000000,5.000000,0.0,1.0,224x224,224x224,8,0,1,isolated_frame_similarity
validation,test,RLVS,RLVS,0,0,NonViolence/NV_413.mp4,NonViolence/NV_414.mp4,b0f75682bae983fed7f6fd05bdbf0c83549a448bc2e4739a2417595420a26662,a209a2d540ead0d929fc7d70bfbcf806fea21a16c3c6fcdf755cb66bc9bd7277,,,0,0,5.000000,5.000000,0.0,1.0,224x224,224x224,8,0,1,isolated_frame_similarity
validation,test,RLVS,RLVS,0,0,NonViolence/NV_828.mp4,NonViolence/NV_831.mp4,13a5ee4f8235879f20f5beb862849ad77a56a3b349860dbb1808ae5ac8f3e062,56d7a207f821829a16f669052ecd1c0fd6f987935193710f364cda4d14b982a4,,,0,0,5.520000,5.400000,0.11999999999999922,0.9782608695652175,854x480,854x480,8,0,1,isolated_frame_similarity
validation,test,RLVS,RWF-2000,1,1,Violence/V_653.mp4,train/Fight/rwf_train_fight_0240.avi,bc71daff4c9133122c811215fce1ff7f5a9293ac9ef8b21b0f995cbf87510c8a,400669da13d74b1548e673f5f93fa2839243bcb55be71b05a71565215f3c78e8,,,0,0,5.000000,5.000000,0.0,1.0,224x224,1280x720,8,0,1,isolated_frame_similarity
validation,test,RLVS,RLVS,0,0,NonViolence/NV_351.mp4,NonViolence/NV_345.mp4,d246bc44110616d4cb2dd614ef139e81bbfc1d7f0ebfa61946bc0b7d22d46349,3dce1cd3cda6b5e53ea98b2888cd6a55272b882921d4924c6177679e6b5f0526,,,0,0,6.806800,4.504500,2.3023,0.6617647058823529,640x360,640x360,8,0,1,isolated_frame_similarity
validation,test,RLVS,RLVS,0,0,NonViolence/NV_254.mp4,NonViolence/NV_263.mp4,e0a48464584bac4b299dabef57e6cb264bd8628e128e954a45152a8c6f9085a9,eca23ccce1abcda3fd74a0dff40997500502aaacf30149947f6917e72106f314,,,0,0,5.000000,5.000000,0.0,1.0,224x224,224x224,8,0,1,isolated_frame_similarity
validation,test,RLVS,RLVS,0,0,NonViolence/NV_536.mp4,NonViolence/NV_528.mp4,58ef6c89370c75f12616ab0f16fa22ead8e20370b570b6fd3623e07cb61214a1,e3f78d31546853f638ab8b0381343d685bf9adedda3cb228d956c3102298295d,,,0,0,5.000000,5.000000,0.0,1.0,224x224,224x224,8,0,1,isolated_frame_similarity
validation,test,RLVS,RLVS,0,0,NonViolence/NV_939.mp4,NonViolence/NV_936.mp4,1982b73d82157d1d1db8620b0dc87336f15482ff4ce15510abe7aac90d6786b6,d39221a0ea54b0e64419f1de95c5e8bf72460d6efd7c10a59bb4265cfb0360c7,,,0,0,5.000000,5.000000,0.0,1.0,224x224,224x224,8,0,1,isolated_frame_similarity
validation,test,RLVS,RLVS,1,1,Violence/V_338.mp4,Violence/V_115.mp4,a08e5d3d6ba2fd07b82b012c77e4a433d88edb8f392fdf7c13f926dfcca0988e,d26fdce8835dff2a471cff7d9effdf2dafa81b3b457ae2a5881558a4dd5d8fc3,,,0,0,4.104100,5.005000,0.9009,0.82,640x360,1280x720,8,0,1,isolated_frame_similarity
validation,test,RLVS,RLVS,1,1,Violence/V_114.mp4,Violence/V_242.mp4,55b619f6536418d89dbdea19a7b4804347d7fd469462ef05c453dcd17488cff0,50f2fc912683ed5d40daf12de39a582505b4937aad8dfd88e707ccbb85430fe8,,,0,0,5.005000,3.600000,1.4049999999999998,0.7192807192807193,1280x720,1280x720,8,0,1,isolated_frame_similarity
validation,test,RWF-2000,RWF-2000,1,0,train/Fight/rwf_train_fight_0582.avi,train/NonFight/rwf_train_nonfight_0622.avi,ecf9f4440fc97326d2b2b7eb38067dd3141b527729b0fc9d0edeea755eafabaa,fc92a8e4b2cf7741298beaffd72c1a9e88b2e09bd7095c82f77b0e56358ac979,,,0,0,5.000000,5.000000,0.0,1.0,480x360,480x360,8,0,1,isolated_frame_similarity
validation,test,RLVS,RLVS,1,1,Violence/V_106.mp4,Violence/V_103.mp4,953da36ce84576b9047082a2446ed2eb96417014cbfc4619f6d65f6b1fa38c29,f9affb7ff646c66ee54ce5584d90c44f2255758c1e4ca5ba81748995f00ffab3,,,0,0,5.005000,5.005000,0.0,1.0,640x360,640x360,8,0,1,isolated_frame_similarity
validation,test,RLVS,RLVS,1,1,Violence/V_133.mp4,Violence/V_242.mp4,e1ecddaa0dc5118ddebe12a0252975c7881ce866d123a79e57cf74ec97fc7f60,50f2fc912683ed5d40daf12de39a582505b4937aad8dfd88e707ccbb85430fe8,,,0,0,5.900000,3.600000,2.3000000000000003,0.6101694915254237,640x360,1280x720,8,0,1,isolated_frame_similarity
validation,test,RLVS,RLVS,0,0,NonViolence/NV_183.mp4,NonViolence/NV_189.mp4,d8c1535a73d8a5670b8cfbfcf79b22398f84c04d9c8920e7f3457d7c38ad7836,5962b889b9357f871f6f0dfff4a7a9899076a770cc1d111ffebc6e4764378643,,,0,0,5.000000,2.000000,3.0,0.4,224x224,224x224,8,0,1,isolated_frame_similarity
validation,test,RWF-2000,RWF-2000,1,1,train/Fight/rwf_train_fight_0213.avi,train/Fight/rwf_train_fight_0215.avi,e533e9581ee19303dcbb85a993c39ae026206741c7c0ee2e7b5140201b9f5e26,10ad2448aed583bca18b77f1df2ea9ad2cd24f668296d6074fd67665e453d094,,,0,0,5.000000,5.000000,0.0,1.0,1280x720,1280x720,8,0,1,isolated_frame_similarity
validation,test,RLVS,RLVS,0,0,NonViolence/NV_525.mp4,NonViolence/NV_518.mp4,f08484f6b8f1c9fef0aadb372392fd82f8be3b3a605916510777466c0375506f,53ca93e090aa372219028ac80ffea750508474c107f7cc347f05aec2a8753193,,,0,0,5.000000,5.000000,0.0,1.0,224x224,224x224,8,0,1,isolated_frame_similarity
validation,test,RLVS,RLVS,0,0,NonViolence/NV_525.mp4,NonViolence/NV_520.mp4,f08484f6b8f1c9fef0aadb372392fd82f8be3b3a605916510777466c0375506f,d58df100eebd189b6ce6645ed33d9253a15dc4b4527a1c620c91feb8a12c2d9d,,,0,0,5.000000,5.000000,0.0,1.0,224x224,224x224,8,0,1,isolated_frame_similarity
validation,test,RLVS,RLVS,0,0,NonViolence/NV_601.mp4,NonViolence/NV_616.mp4,eee9ce55c53b09f925027b0db8c32b0c078e53653bab9d28f511af11300dea6e,2c97fc5bd69aabf30c165c78820909db51d8913808b5f83d76d35537ce307a2d,,,0,0,5.000000,5.000000,0.0,1.0,224x224,224x224,8,0,1,isolated_frame_similarity
validation,test,RLVS,RLVS,0,0,NonViolence/NV_368.mp4,NonViolence/NV_385.mp4,20e8e7b8b2db1dc385b1c1cbf2b8dbe3c203028365afe4645adfb0aeda65f617,1addf6cfd1e51e909d9ccad200a6cadc6c35da81fca7f9b12a6f715a81e853df,,,0,0,5.000000,5.000000,0.0,1.0,224x224,224x224,8,0,1,isolated_frame_similarity
validation,test,RWF-2000,RWF-2000,0,0,train/NonFight/rwf_train_nonfight_0691.avi,train/NonFight/rwf_train_nonfight_0225.avi,06bf323a8ada83f4879cc177b9a2365f4175abf7265d89a7716a389af22afc67,0b7a60eaf858d6c92851268834e0a5d5c1cc23775da27f91cad7192d3a3d5855,,,0,0,5.000000,5.000000,0.0,1.0,320x240,320x240,8,0,1,isolated_frame_similarity
validation,test,RWF-2000,RWF-2000,0,0,train/NonFight/rwf_train_nonfight_0647.avi,train/NonFight/rwf_train_nonfight_0453.avi,01c5f172a47dcfb2181dc44330e924df805f7135bb47786ce9532d816bec63c8,048cf700244e3a8bfa0e72e6752b661c8191bb4e9f09c47ba0ac03a72dbfe861,,,0,0,5.000000,5.000000,0.0,1.0,480x360,464x348,8,0,1,isolated_frame_similarity
validation,test,RLVS,RLVS,0,0,NonViolence/NV_384.mp4,NonViolence/NV_379.mp4,0a718e47808a9756c20efaffb6f02b1dd2e0703eca11bf2c4b49d2f72f23fb24,21a9664c47a43823975e914fe1aeba86378fd5782a45754c42ff8dac369d5bc8,,,0,0,5.000000,5.000000,0.0,1.0,224x224,224x224,8,0,1,isolated_frame_similarity
validation,test,RLVS,RLVS,1,0,Violence/V_465.mp4,NonViolence/NV_385.mp4,1ad7db2fbbc5ea29fe44270164e190c4f655b1d5328d3cbf42a63cfbba6b3440,1addf6cfd1e51e909d9ccad200a6cadc6c35da81fca7f9b12a6f715a81e853df,,,0,0,4.704705,5.000000,0.2952950000000003,0.9409409999999999,1280x720,224x224,8,0,1,isolated_frame_similarity
