row_type,model,display_name,threshold,metric,value,fpr,tpr,precision,recall,tn,fp,fn,tp,accuracy,f1,ms_per_frame
summary,original,SIRCH original (epoch 4),,roc_auc,0.9445596432552954,,,,,,,,,,,36.87481104034016
summary,original,SIRCH original (epoch 4),,average_precision,0.941545102783126,,,,,,,,,,,36.87481104034016
summary,original,SIRCH original (epoch 4),,pr_auc_trapezoid,0.9414306116179195,,,,,,,,,,,36.87481104034016
confusion_threshold,original,SIRCH original (epoch 4),0.5,confusion_matrix_and_metrics,,0.19333333333333333,0.9297658862876255,0.8273809523809523,0.9297658862876255,242,58,21,278,0.8681135225375626,0.8755905511811024,36.87481104034016
confusion_threshold,original,SIRCH original (epoch 4),0.65,confusion_matrix_and_metrics,,0.13,0.8762541806020067,0.8704318936877077,0.8762541806020067,261,39,37,262,0.8731218697829716,0.8733333333333333,36.87481104034016
confusion_threshold,original,SIRCH original (epoch 4),0.7,confusion_matrix_and_metrics,,0.12666666666666668,0.8595317725752508,0.8711864406779661,0.8595317725752508,262,38,42,257,0.8664440734557596,0.8653198653198653,36.87481104034016
roc_point,original,SIRCH original (epoch 4),inf,roc_point_0,,0.0,0.0,,,,,,,,,
roc_point,original,SIRCH original (epoch 4),0.9989637732505798,roc_point_1,,0.0,0.0033444816053511705,,,,,,,,,
roc_point,original,SIRCH original (epoch 4),0.9907270073890686,roc_point_2,,0.0,0.2976588628762542,,,,,,,,,
roc_point,original,SIRCH original (epoch 4),0.9903445839881897,roc_point_3,,0.0033333333333333335,0.2976588628762542,,,,,,,,,
roc_point,original,SIRCH original (epoch 4),0.9820827841758728,roc_point_4,,0.0033333333333333335,0.4214046822742475,,,,,,,,,
roc_point,original,SIRCH original (epoch 4),0.9820308685302734,roc_point_5,,0.006666666666666667,0.4214046822742475,,,,,,,,,
roc_point,original,SIRCH original (epoch 4),0.981650173664093,roc_point_6,,0.006666666666666667,0.431438127090301,,,,,,,,,
roc_point,original,SIRCH original (epoch 4),0.9811505675315857,roc_point_7,,0.01,0.431438127090301,,,,,,,,,
roc_point,original,SIRCH original (epoch 4),0.9809300899505615,roc_point_8,,0.01,0.43478260869565216,,,,,,,,,
roc_point,original,SIRCH original (epoch 4),0.9808758497238159,roc_point_9,,0.013333333333333334,0.43478260869565216,,,,,,,,,
roc_point,original,SIRCH original (epoch 4),0.980259895324707,roc_point_10,,0.013333333333333334,0.43812709030100333,,,,,,,,,
roc_point,original,SIRCH original (epoch 4),0.9801065921783447,roc_point_11,,0.016666666666666666,0.43812709030100333,,,,,,,,,
roc_point,original,SIRCH original (epoch 4),0.9740124344825745,roc_point_12,,0.016666666666666666,0.49498327759197325,,,,,,,,,
roc_point,original,SIRCH original (epoch 4),0.9738927483558655,roc_point_13,,0.02,0.49498327759197325,,,,,,,,,
roc_point,original,SIRCH original (epoch 4),0.9732444286346436,roc_point_14,,0.02,0.4983277591973244,,,,,,,,,
roc_point,original,SIRCH original (epoch 4),0.9729662537574768,roc_point_15,,0.023333333333333334,0.4983277591973244,,,,,,,,,
roc_point,original,SIRCH original (epoch 4),0.9670523405075073,roc_point_16,,0.023333333333333334,0.5418060200668896,,,,,,,,,
roc_point,original,SIRCH original (epoch 4),0.9668413996696472,roc_point_17,,0.02666666666666667,0.5418060200668896,,,,,,,,,
roc_point,original,SIRCH original (epoch 4),0.9636803269386292,roc_point_18,,0.02666666666666667,0.5618729096989966,,,,,,,,,
roc_point,original,SIRCH original (epoch 4),0.963527262210846,roc_point_19,,0.03,0.5618729096989966,,,,,,,,,
roc_point,original,SIRCH original (epoch 4),0.9630829095840454,roc_point_20,,0.03,0.5652173913043478,,,,,,,,,
roc_point,original,SIRCH original (epoch 4),0.9610760807991028,roc_point_21,,0.04,0.5652173913043478,,,,,,,,,
roc_point,original,SIRCH original (epoch 4),0.9584683179855347,roc_point_22,,0.04,0.5886287625418061,,,,,,,,,
roc_point,original,SIRCH original (epoch 4),0.9576399326324463,roc_point_23,,0.043333333333333335,0.5886287625418061,,,,,,,,,
roc_point,original,SIRCH original (epoch 4),0.9521842002868652,roc_point_24,,0.043333333333333335,0.6053511705685619,,,,,,,,,
roc_point,original,SIRCH original (epoch 4),0.9520663022994995,roc_point_25,,0.04666666666666667,0.6053511705685619,,,,,,,,,
roc_point,original,SIRCH original (epoch 4),0.9444606304168701,roc_point_26,,0.04666666666666667,0.6321070234113713,,,,,,,,,
roc_point,original,SIRCH original (epoch 4),0.9435514211654663,roc_point_27,,0.05,0.6321070234113713,,,,,,,,,
roc_point,original,SIRCH original (epoch 4),0.9390707015991211,roc_point_28,,0.05,0.6488294314381271,,,,,,,,,
roc_point,original,SIRCH original (epoch 4),0.9389183521270752,roc_point_29,,0.05333333333333334,0.6488294314381271,,,,,,,,,
roc_point,original,SIRCH original (epoch 4),0.9214854836463928,roc_point_30,,0.05333333333333334,0.6989966555183946,,,,,,,,,
roc_point,original,SIRCH original (epoch 4),0.9189581871032715,roc_point_31,,0.056666666666666664,0.6989966555183946,,,,,,,,,
roc_point,original,SIRCH original (epoch 4),0.9144445061683655,roc_point_32,,0.056666666666666664,0.705685618729097,,,,,,,,,
roc_point,original,SIRCH original (epoch 4),0.9131208062171936,roc_point_33,,0.06,0.705685618729097,,,,,,,,,
roc_point,original,SIRCH original (epoch 4),0.9102084040641785,roc_point_34,,0.06,0.7190635451505016,,,,,,,,,
roc_point,original,SIRCH original (epoch 4),0.908521294593811,roc_point_35,,0.06333333333333334,0.7190635451505016,,,,,,,,,
roc_point,original,SIRCH original (epoch 4),0.9076950550079346,roc_point_36,,0.06333333333333334,0.7224080267558528,,,,,,,,,
roc_point,original,SIRCH original (epoch 4),0.9069967865943909,roc_point_37,,0.07,0.7224080267558528,,,,,,,,,
roc_point,original,SIRCH original (epoch 4),0.8897159695625305,roc_point_38,,0.07,0.7525083612040134,,,,,,,,,
roc_point,original,SIRCH original (epoch 4),0.8781377077102661,roc_point_39,,0.07333333333333333,0.7525083612040134,,,,,,,,,
roc_point,original,SIRCH original (epoch 4),0.8776571750640869,roc_point_40,,0.07333333333333333,0.7558528428093646,,,,,,,,,
roc_point,original,SIRCH original (epoch 4),0.8746987581253052,roc_point_41,,0.08,0.7558528428093646,,,,,,,,,
roc_point,original,SIRCH original (epoch 4),0.868490993976593,roc_point_42,,0.08,0.7759197324414716,,,,,,,,,
roc_point,original,SIRCH original (epoch 4),0.8652671575546265,roc_point_43,,0.08666666666666667,0.7759197324414716,,,,,,,,,
roc_point,original,SIRCH original (epoch 4),0.8614608645439148,roc_point_44,,0.08666666666666667,0.7792642140468228,,,,,,,,,
roc_point,original,SIRCH original (epoch 4),0.8609947562217712,roc_point_45,,0.09333333333333334,0.7792642140468228,,,,,,,,,
roc_point,original,SIRCH original (epoch 4),0.8457625508308411,roc_point_46,,0.09333333333333334,0.7959866220735786,,,,,,,,,
roc_point,original,SIRCH original (epoch 4),0.8450495600700378,roc_point_47,,0.09666666666666666,0.7959866220735786,,,,,,,,,
roc_point,original,SIRCH original (epoch 4),0.8318489789962769,roc_point_48,,0.09666666666666666,0.802675585284281,,,,,,,,,
roc_point,original,SIRCH original (epoch 4),0.8229222893714905,roc_point_49,,0.10333333333333333,0.802675585284281,,,,,,,,,
roc_point,original,SIRCH original (epoch 4),0.8224997520446777,roc_point_50,,0.10333333333333333,0.8060200668896321,,,,,,,,,
roc_point,original,SIRCH original (epoch 4),0.813491940498352,roc_point_51,,0.10666666666666667,0.8060200668896321,,,,,,,,,
roc_point,original,SIRCH original (epoch 4),0.8105307221412659,roc_point_52,,0.10666666666666667,0.8127090301003345,,,,,,,,,
roc_point,original,SIRCH original (epoch 4),0.8057618141174316,roc_point_53,,0.11,0.8127090301003345,,,,,,,,,
roc_point,original,SIRCH original (epoch 4),0.8037418127059937,roc_point_54,,0.11,0.8160535117056856,,,,,,,,,
roc_point,original,SIRCH original (epoch 4),0.8026552796363831,roc_point_55,,0.11333333333333333,0.8160535117056856,,,,,,,,,
roc_point,original,SIRCH original (epoch 4),0.7969329357147217,roc_point_56,,0.11333333333333333,0.822742474916388,,,,,,,,,
roc_point,original,SIRCH original (epoch 4),0.7889857888221741,roc_point_57,,0.11666666666666667,0.822742474916388,,,,,,,,,
roc_point,original,SIRCH original (epoch 4),0.7818815112113953,roc_point_58,,0.11666666666666667,0.8327759197324415,,,,,,,,,
roc_point,original,SIRCH original (epoch 4),0.7697075605392456,roc_point_59,,0.12,0.8327759197324415,,,,,,,,,
roc_point,original,SIRCH original (epoch 4),0.7486537098884583,roc_point_60,,0.12,0.8394648829431438,,,,,,,,,
roc_point,original,SIRCH original (epoch 4),0.7395440340042114,roc_point_61,,0.12333333333333334,0.8394648829431438,,,,,,,,,
roc_point,original,SIRCH original (epoch 4),0.7138398885726929,roc_point_62,,0.12333333333333334,0.8561872909698997,,,,,,,,,
roc_point,original,SIRCH original (epoch 4),0.7135124802589417,roc_point_63,,0.12666666666666668,0.8561872909698997,,,,,,,,,
roc_point,original,SIRCH original (epoch 4),0.6932693123817444,roc_point_64,,0.12666666666666668,0.8662207357859532,,,,,,,,,
roc_point,original,SIRCH original (epoch 4),0.6705120801925659,roc_point_65,,0.13,0.8662207357859532,,,,,,,,,
roc_point,original,SIRCH original (epoch 4),0.6501347422599792,roc_point_66,,0.13,0.8762541806020067,,,,,,,,,
roc_point,original,SIRCH original (epoch 4),0.6488312482833862,roc_point_67,,0.13333333333333333,0.8762541806020067,,,,,,,,,
roc_point,original,SIRCH original (epoch 4),0.6471279263496399,roc_point_68,,0.13333333333333333,0.8795986622073578,,,,,,,,,
roc_point,original,SIRCH original (epoch 4),0.6439141631126404,roc_point_69,,0.13666666666666666,0.8795986622073578,,,,,,,,,
roc_point,original,SIRCH original (epoch 4),0.6414873003959656,roc_point_70,,0.13666666666666666,0.882943143812709,,,,,,,,,
roc_point,original,SIRCH original (epoch 4),0.6239920854568481,roc_point_71,,0.14333333333333334,0.882943143812709,,,,,,,,,
roc_point,original,SIRCH original (epoch 4),0.6142632961273193,roc_point_72,,0.14333333333333334,0.8896321070234113,,,,,,,,,
roc_point,original,SIRCH original (epoch 4),0.6124508380889893,roc_point_73,,0.14666666666666667,0.8896321070234113,,,,,,,,,
roc_point,original,SIRCH original (epoch 4),0.6016814112663269,roc_point_74,,0.14666666666666667,0.8963210702341137,,,,,,,,,
roc_point,original,SIRCH original (epoch 4),0.6000950932502747,roc_point_75,,0.15,0.8963210702341137,,,,,,,,,
roc_point,original,SIRCH original (epoch 4),0.5923686623573303,roc_point_76,,0.15,0.903010033444816,,,,,,,,,
roc_point,original,SIRCH original (epoch 4),0.5834771394729614,roc_point_77,,0.16333333333333333,0.903010033444816,,,,,,,,,
roc_point,original,SIRCH original (epoch 4),0.5643495321273804,roc_point_78,,0.16333333333333333,0.9163879598662207,,,,,,,,,
roc_point,original,SIRCH original (epoch 4),0.5578233599662781,roc_point_79,,0.16666666666666666,0.9163879598662207,,,,,,,,,
roc_point,original,SIRCH original (epoch 4),0.5492945313453674,roc_point_80,,0.16666666666666666,0.9264214046822743,,,,,,,,,
roc_point,original,SIRCH original (epoch 4),0.5439444780349731,roc_point_81,,0.17333333333333334,0.9264214046822743,,,,,,,,,
roc_point,original,SIRCH original (epoch 4),0.5297648906707764,roc_point_82,,0.17333333333333334,0.9297658862876255,,,,,,,,,
roc_point,original,SIRCH original (epoch 4),0.5035728216171265,roc_point_83,,0.19333333333333333,0.9297658862876255,,,,,,,,,
roc_point,original,SIRCH original (epoch 4),0.49777767062187195,roc_point_84,,0.19333333333333333,0.9331103678929766,,,,,,,,,
roc_point,original,SIRCH original (epoch 4),0.4859457015991211,roc_point_85,,0.19666666666666666,0.9331103678929766,,,,,,,,,
roc_point,original,SIRCH original (epoch 4),0.44774526357650757,roc_point_86,,0.19666666666666666,0.9565217391304348,,,,,,,,,
roc_point,original,SIRCH original (epoch 4),0.4432840347290039,roc_point_87,,0.2,0.9565217391304348,,,,,,,,,
roc_point,original,SIRCH original (epoch 4),0.4395938217639923,roc_point_88,,0.2,0.959866220735786,,,,,,,,,
roc_point,original,SIRCH original (epoch 4),0.4181969165802002,roc_point_89,,0.20333333333333334,0.959866220735786,,,,,,,,,
roc_point,original,SIRCH original (epoch 4),0.41603943705558777,roc_point_90,,0.20333333333333334,0.9632107023411371,,,,,,,,,
roc_point,original,SIRCH original (epoch 4),0.37322819232940674,roc_point_91,,0.22,0.9632107023411371,,,,,,,,,
roc_point,original,SIRCH original (epoch 4),0.37174272537231445,roc_point_92,,0.22,0.9665551839464883,,,,,,,,,
roc_point,original,SIRCH original (epoch 4),0.2449040561914444,roc_point_93,,0.2733333333333333,0.9665551839464883,,,,,,,,,
roc_point,original,SIRCH original (epoch 4),0.24308906495571136,roc_point_94,,0.2733333333333333,0.9698996655518395,,,,,,,,,
roc_point,original,SIRCH original (epoch 4),0.22735123336315155,roc_point_95,,0.2866666666666667,0.9698996655518395,,,,,,,,,
roc_point,original,SIRCH original (epoch 4),0.22576507925987244,roc_point_96,,0.2866666666666667,0.9732441471571907,,,,,,,,,
roc_point,original,SIRCH original (epoch 4),0.13040274381637573,roc_point_97,,0.3433333333333333,0.9732441471571907,,,,,,,,,
roc_point,original,SIRCH original (epoch 4),0.12043803185224533,roc_point_98,,0.3433333333333333,0.9765886287625418,,,,,,,,,
roc_point,original,SIRCH original (epoch 4),0.0787721499800682,roc_point_99,,0.37,0.9765886287625418,,,,,,,,,
roc_point,original,SIRCH original (epoch 4),0.0666607990860939,roc_point_100,,0.37,0.979933110367893,,,,,,,,,
roc_point,original,SIRCH original (epoch 4),0.0626375749707222,roc_point_101,,0.37666666666666665,0.979933110367893,,,,,,,,,
roc_point,original,SIRCH original (epoch 4),0.061585333198308945,roc_point_102,,0.37666666666666665,0.9832775919732442,,,,,,,,,
roc_point,original,SIRCH original (epoch 4),0.046419769525527954,roc_point_103,,0.4166666666666667,0.9832775919732442,,,,,,,,,
roc_point,original,SIRCH original (epoch 4),0.04445740208029747,roc_point_104,,0.4166666666666667,0.9866220735785953,,,,,,,,,
roc_point,original,SIRCH original (epoch 4),0.04335220903158188,roc_point_105,,0.42,0.9866220735785953,,,,,,,,,
roc_point,original,SIRCH original (epoch 4),0.043327417224645615,roc_point_106,,0.42,0.9899665551839465,,,,,,,,,
roc_point,original,SIRCH original (epoch 4),0.030228089541196823,roc_point_107,,0.45666666666666667,0.9899665551839465,,,,,,,,,
roc_point,original,SIRCH original (epoch 4),0.029885614290833473,roc_point_108,,0.45666666666666667,0.9933110367892977,,,,,,,,,
roc_point,original,SIRCH original (epoch 4),0.028440428897738457,roc_point_109,,0.46,0.9933110367892977,,,,,,,,,
roc_point,original,SIRCH original (epoch 4),0.026033952832221985,roc_point_110,,0.4666666666666667,0.9933110367892977,,,,,,,,,
roc_point,original,SIRCH original (epoch 4),0.021520433947443962,roc_point_111,,0.48333333333333334,0.9933110367892977,,,,,,,,,
roc_point,original,SIRCH original (epoch 4),0.02075893245637417,roc_point_112,,0.48333333333333334,0.9966555183946488,,,,,,,,,
roc_point,original,SIRCH original (epoch 4),0.007166597526520491,roc_point_113,,0.62,0.9966555183946488,,,,,,,,,
roc_point,original,SIRCH original (epoch 4),0.00695472676306963,roc_point_114,,0.62,1.0,,,,,,,,,
roc_point,original,SIRCH original (epoch 4),0.0003006845945492387,roc_point_115,,1.0,1.0,,,,,,,,,
precision_recall_point,original,SIRCH original (epoch 4),0.0003006845945492387,pr_point_0,,,,0.4991652754590985,1.0,,,,,,,
precision_recall_point,original,SIRCH original (epoch 4),0.0003147390962112695,pr_point_1,,,,0.5,1.0,,,,,,,
precision_recall_point,original,SIRCH original (epoch 4),0.00034665377461351454,pr_point_2,,,,0.5008375209380235,1.0,,,,,,,
precision_recall_point,original,SIRCH original (epoch 4),0.0003585766244214028,pr_point_3,,,,0.5016778523489933,1.0,,,,,,,
precision_recall_point,original,SIRCH original (epoch 4),0.000389840395655483,pr_point_4,,,,0.5025210084033613,1.0,,,,,,,
precision_recall_point,original,SIRCH original (epoch 4),0.0004070836876053363,pr_point_5,,,,0.5033670033670034,1.0,,,,,,,
precision_recall_point,original,SIRCH original (epoch 4),0.000414503738284111,pr_point_6,,,,0.5042158516020236,1.0,,,,,,,
precision_recall_point,original,SIRCH original (epoch 4),0.0004275156825315207,pr_point_7,,,,0.5050675675675675,1.0,,,,,,,
precision_recall_point,original,SIRCH original (epoch 4),0.00047580988029949367,pr_point_8,,,,0.505922165820643,1.0,,,,,,,
precision_recall_point,original,SIRCH original (epoch 4),0.0004856814630329609,pr_point_9,,,,0.5067796610169492,1.0,,,,,,,
precision_recall_point,original,SIRCH original (epoch 4),0.0005030264728702605,pr_point_10,,,,0.5076400679117148,1.0,,,,,,,
precision_recall_point,original,SIRCH original (epoch 4),0.0005115930689498782,pr_point_11,,,,0.5085034013605442,1.0,,,,,,,
precision_recall_point,original,SIRCH original (epoch 4),0.0005274862633086741,pr_point_12,,,,0.5093696763202725,1.0,,,,,,,
precision_recall_point,original,SIRCH original (epoch 4),0.0005296515882946551,pr_point_13,,,,0.5102389078498294,1.0,,,,,,,
precision_recall_point,original,SIRCH original (epoch 4),0.0005304458318278193,pr_point_14,,,,0.5111111111111111,1.0,,,,,,,
precision_recall_point,original,SIRCH original (epoch 4),0.0005395778571255505,pr_point_15,,,,0.511986301369863,1.0,,,,,,,
precision_recall_point,original,SIRCH original (epoch 4),0.0005524447187781334,pr_point_16,,,,0.5128644939965694,1.0,,,,,,,
precision_recall_point,original,SIRCH original (epoch 4),0.0005591105436906219,pr_point_17,,,,0.5137457044673539,1.0,,,,,,,
precision_recall_point,original,SIRCH original (epoch 4),0.0005768824485130608,pr_point_18,,,,0.5146299483648882,1.0,,,,,,,
precision_recall_point,original,SIRCH original (epoch 4),0.0005903623532503843,pr_point_19,,,,0.5155172413793103,1.0,,,,,,,
precision_recall_point,original,SIRCH original (epoch 4),0.0005968448240309954,pr_point_20,,,,0.5164075993091537,1.0,,,,,,,
precision_recall_point,original,SIRCH original (epoch 4),0.0006226407713256776,pr_point_21,,,,0.5173010380622838,1.0,,,,,,,
precision_recall_point,original,SIRCH original (epoch 4),0.0006243795505724847,pr_point_22,,,,0.5181975736568457,1.0,,,,,,,
precision_recall_point,original,SIRCH original (epoch 4),0.0006757636438123882,pr_point_23,,,,0.5190972222222222,1.0,,,,,,,
precision_recall_point,original,SIRCH original (epoch 4),0.000704584235791117,pr_point_24,,,,0.52,1.0,,,,,,,
precision_recall_point,original,SIRCH original (epoch 4),0.0007090420695021749,pr_point_25,,,,0.5209059233449478,1.0,,,,,,,
precision_recall_point,original,SIRCH original (epoch 4),0.0007137559005059302,pr_point_26,,,,0.5218150087260035,1.0,,,,,,,
precision_recall_point,original,SIRCH original (epoch 4),0.0007462124922312796,pr_point_27,,,,0.5227272727272727,1.0,,,,,,,
precision_recall_point,original,SIRCH original (epoch 4),0.000747253536246717,pr_point_28,,,,0.5236427320490368,1.0,,,,,,,
precision_recall_point,original,SIRCH original (epoch 4),0.000768659170717001,pr_point_29,,,,0.5245614035087719,1.0,,,,,,,
precision_recall_point,original,SIRCH original (epoch 4),0.000820246699731797,pr_point_30,,,,0.5254833040421792,1.0,,,,,,,
precision_recall_point,original,SIRCH original (epoch 4),0.0008208088111132383,pr_point_31,,,,0.5264084507042254,1.0,,,,,,,
precision_recall_point,original,SIRCH original (epoch 4),0.0008321135537698865,pr_point_32,,,,0.527336860670194,1.0,,,,,,,
precision_recall_point,original,SIRCH original (epoch 4),0.0008632660028524697,pr_point_33,,,,0.5282685512367491,1.0,,,,,,,
precision_recall_point,original,SIRCH original (epoch 4),0.0008825634140521288,pr_point_34,,,,0.5292035398230088,1.0,,,,,,,
precision_recall_point,original,SIRCH original (epoch 4),0.0009206653339788318,pr_point_35,,,,0.5301418439716312,1.0,,,,,,,
precision_recall_point,original,SIRCH original (epoch 4),0.0009288258734159172,pr_point_36,,,,0.5310834813499112,1.0,,,,,,,
precision_recall_point,original,SIRCH original (epoch 4),0.0009902262827381492,pr_point_37,,,,0.5320284697508897,1.0,,,,,,,
precision_recall_point,original,SIRCH original (epoch 4),0.0009999951580539346,pr_point_38,,,,0.5329768270944741,1.0,,,,,,,
precision_recall_point,original,SIRCH original (epoch 4),0.0010199438547715545,pr_point_39,,,,0.5339285714285714,1.0,,,,,,,
precision_recall_point,original,SIRCH original (epoch 4),0.0010530635481700301,pr_point_40,,,,0.5348837209302325,1.0,,,,,,,
precision_recall_point,original,SIRCH original (epoch 4),0.0010929357958957553,pr_point_41,,,,0.53584229390681,1.0,,,,,,,
precision_recall_point,original,SIRCH original (epoch 4),0.0010965879773721099,pr_point_42,,,,0.5368043087971275,1.0,,,,,,,
precision_recall_point,original,SIRCH original (epoch 4),0.0011190983932465315,pr_point_43,,,,0.5377697841726619,1.0,,,,,,,
precision_recall_point,original,SIRCH original (epoch 4),0.0011469983728602529,pr_point_44,,,,0.5387387387387388,1.0,,,,,,,
precision_recall_point,original,SIRCH original (epoch 4),0.0011498327367007732,pr_point_45,,,,0.5397111913357401,1.0,,,,,,,
precision_recall_point,original,SIRCH original (epoch 4),0.0012057292042300105,pr_point_46,,,,0.5406871609403255,1.0,,,,,,,
precision_recall_point,original,SIRCH original (epoch 4),0.001207683701068163,pr_point_47,,,,0.5416666666666666,1.0,,,,,,,
precision_recall_point,original,SIRCH original (epoch 4),0.0012253462336957455,pr_point_48,,,,0.542649727767695,1.0,,,,,,,
precision_recall_point,original,SIRCH original (epoch 4),0.001233135350048542,pr_point_49,,,,0.5436363636363636,1.0,,,,,,,
precision_recall_point,original,SIRCH original (epoch 4),0.001257584197446704,pr_point_50,,,,0.5446265938069217,1.0,,,,,,,
precision_recall_point,original,SIRCH original (epoch 4),0.0012690327130258083,pr_point_51,,,,0.5456204379562044,1.0,,,,,,,
precision_recall_point,original,SIRCH original (epoch 4),0.0012718993239104748,pr_point_52,,,,0.546617915904936,1.0,,,,,,,
precision_recall_point,original,SIRCH original (epoch 4),0.0012923490721732378,pr_point_53,,,,0.5476190476190477,1.0,,,,,,,
precision_recall_point,original,SIRCH original (epoch 4),0.0013143483083695173,pr_point_54,,,,0.5486238532110091,1.0,,,,,,,
precision_recall_point,original,SIRCH original (epoch 4),0.0013177356449887156,pr_point_55,,,,0.5496323529411765,1.0,,,,,,,
precision_recall_point,original,SIRCH original (epoch 4),0.00133104610722512,pr_point_56,,,,0.5506445672191529,1.0,,,,,,,
precision_recall_point,original,SIRCH original (epoch 4),0.0013354027178138494,pr_point_57,,,,0.551660516605166,1.0,,,,,,,
precision_recall_point,original,SIRCH original (epoch 4),0.0013487699907273054,pr_point_58,,,,0.5526802218114603,1.0,,,,,,,
precision_recall_point,original,SIRCH original (epoch 4),0.0013863927451893687,pr_point_59,,,,0.5537037037037037,1.0,,,,,,,
precision_recall_point,original,SIRCH original (epoch 4),0.0014168642228469253,pr_point_60,,,,0.5547309833024119,1.0,,,,,,,
precision_recall_point,original,SIRCH original (epoch 4),0.0014391614822670817,pr_point_61,,,,0.5557620817843866,1.0,,,,,,,
precision_recall_point,original,SIRCH original (epoch 4),0.0014451913302764297,pr_point_62,,,,0.5567970204841713,1.0,,,,,,,
precision_recall_point,original,SIRCH original (epoch 4),0.0014793038135394454,pr_point_63,,,,0.5578358208955224,1.0,,,,,,,
precision_recall_point,original,SIRCH original (epoch 4),0.001531110261566937,pr_point_64,,,,0.5588785046728972,1.0,,,,,,,
precision_recall_point,original,SIRCH original (epoch 4),0.0016101511428132653,pr_point_65,,,,0.5599250936329588,1.0,,,,,,,
precision_recall_point,original,SIRCH original (epoch 4),0.0016384669579565525,pr_point_66,,,,0.5609756097560976,1.0,,,,,,,
precision_recall_point,original,SIRCH original (epoch 4),0.0016459164908155799,pr_point_67,,,,0.5620300751879699,1.0,,,,,,,
precision_recall_point,original,SIRCH original (epoch 4),0.0016655790386721492,pr_point_68,,,,0.5630885122410546,1.0,,,,,,,
precision_recall_point,original,SIRCH original (epoch 4),0.0017554940422996879,pr_point_69,,,,0.5641509433962264,1.0,,,,,,,
precision_recall_point,original,SIRCH original (epoch 4),0.0017822819063439965,pr_point_70,,,,0.5652173913043478,1.0,,,,,,,
precision_recall_point,original,SIRCH original (epoch 4),0.001835153205320239,pr_point_71,,,,0.5662878787878788,1.0,,,,,,,
precision_recall_point,original,SIRCH original (epoch 4),0.0018649589037522674,pr_point_72,,,,0.5673624288425048,1.0,,,,,,,
precision_recall_point,original,SIRCH original (epoch 4),0.0018810423789545894,pr_point_73,,,,0.5684410646387833,1.0,,,,,,,
precision_recall_point,original,SIRCH original (epoch 4),0.001906404155306518,pr_point_74,,,,0.5695238095238095,1.0,,,,,,,
precision_recall_point,original,SIRCH original (epoch 4),0.0019199054222553968,pr_point_75,,,,0.5706106870229007,1.0,,,,,,,
precision_recall_point,original,SIRCH original (epoch 4),0.0019526733085513115,pr_point_76,,,,0.5717017208413002,1.0,,,,,,,
precision_recall_point,original,SIRCH original (epoch 4),0.0020406378898769617,pr_point_77,,,,0.5727969348659003,1.0,,,,,,,
precision_recall_point,original,SIRCH original (epoch 4),0.0020605449099093676,pr_point_78,,,,0.5738963531669866,1.0,,,,,,,
precision_recall_point,original,SIRCH original (epoch 4),0.002076471922919154,pr_point_79,,,,0.575,1.0,,,,,,,
precision_recall_point,original,SIRCH original (epoch 4),0.0022043806966394186,pr_point_80,,,,0.5761078998073218,1.0,,,,,,,
precision_recall_point,original,SIRCH original (epoch 4),0.0022751365322619677,pr_point_81,,,,0.5772200772200772,1.0,,,,,,,
precision_recall_point,original,SIRCH original (epoch 4),0.0022910272236913443,pr_point_82,,,,0.5783365570599613,1.0,,,,,,,
precision_recall_point,original,SIRCH original (epoch 4),0.0023371530696749687,pr_point_83,,,,0.5794573643410853,1.0,,,,,,,
precision_recall_point,original,SIRCH original (epoch 4),0.002548291813582182,pr_point_84,,,,0.5805825242718446,1.0,,,,,,,
precision_recall_point,original,SIRCH original (epoch 4),0.0026599764823913574,pr_point_85,,,,0.5817120622568094,1.0,,,,,,,
precision_recall_point,original,SIRCH original (epoch 4),0.0026627101469784975,pr_point_86,,,,0.5828460038986355,1.0,,,,,,,
precision_recall_point,original,SIRCH original (epoch 4),0.0027325479313731194,pr_point_87,,,,0.583984375,1.0,,,,,,,
precision_recall_point,original,SIRCH original (epoch 4),0.002784260781481862,pr_point_88,,,,0.5851272015655578,1.0,,,,,,,
precision_recall_point,original,SIRCH original (epoch 4),0.0028360995929688215,pr_point_89,,,,0.5862745098039216,1.0,,,,,,,
precision_recall_point,original,SIRCH original (epoch 4),0.002923686057329178,pr_point_90,,,,0.587426326129666,1.0,,,,,,,
precision_recall_point,original,SIRCH original (epoch 4),0.0032266515772789717,pr_point_91,,,,0.5885826771653543,1.0,,,,,,,
precision_recall_point,original,SIRCH original (epoch 4),0.0032612946815788746,pr_point_92,,,,0.5897435897435898,1.0,,,,,,,
precision_recall_point,original,SIRCH original (epoch 4),0.0035366590600460768,pr_point_93,,,,0.5909090909090909,1.0,,,,,,,
precision_recall_point,original,SIRCH original (epoch 4),0.003594478825107217,pr_point_94,,,,0.592079207920792,1.0,,,,,,,
precision_recall_point,original,SIRCH original (epoch 4),0.0036363410763442516,pr_point_95,,,,0.5932539682539683,1.0,,,,,,,
precision_recall_point,original,SIRCH original (epoch 4),0.003690588753670454,pr_point_96,,,,0.5944333996023857,1.0,,,,,,,
precision_recall_point,original,SIRCH original (epoch 4),0.0037537445314228535,pr_point_97,,,,0.5956175298804781,1.0,,,,,,,
precision_recall_point,original,SIRCH original (epoch 4),0.0037778462283313274,pr_point_98,,,,0.5968063872255489,1.0,,,,,,,
precision_recall_point,original,SIRCH original (epoch 4),0.003929899539798498,pr_point_99,,,,0.598,1.0,,,,,,,
precision_recall_point,original,SIRCH original (epoch 4),0.004101911559700966,pr_point_100,,,,0.5991983967935872,1.0,,,,,,,
precision_recall_point,original,SIRCH original (epoch 4),0.0041585457511246204,pr_point_101,,,,0.6004016064257028,1.0,,,,,,,
precision_recall_point,original,SIRCH original (epoch 4),0.004203020129352808,pr_point_102,,,,0.6016096579476862,1.0,,,,,,,
precision_recall_point,original,SIRCH original (epoch 4),0.00479002483189106,pr_point_103,,,,0.6028225806451613,1.0,,,,,,,
precision_recall_point,original,SIRCH original (epoch 4),0.004797718953341246,pr_point_104,,,,0.604040404040404,1.0,,,,,,,
precision_recall_point,original,SIRCH original (epoch 4),0.004839051514863968,pr_point_105,,,,0.6052631578947368,1.0,,,,,,,
precision_recall_point,original,SIRCH original (epoch 4),0.0049124425277113914,pr_point_106,,,,0.6064908722109533,1.0,,,,,,,
precision_recall_point,original,SIRCH original (epoch 4),0.005144922062754631,pr_point_107,,,,0.6077235772357723,1.0,,,,,,,
precision_recall_point,original,SIRCH original (epoch 4),0.0055917780846357346,pr_point_108,,,,0.6089613034623218,1.0,,,,,,,
precision_recall_point,original,SIRCH original (epoch 4),0.005928289145231247,pr_point_109,,,,0.610204081632653,1.0,,,,,,,
precision_recall_point,original,SIRCH original (epoch 4),0.006138232070952654,pr_point_110,,,,0.6114519427402862,1.0,,,,,,,
precision_recall_point,original,SIRCH original (epoch 4),0.006187683902680874,pr_point_111,,,,0.6127049180327869,1.0,,,,,,,
precision_recall_point,original,SIRCH original (epoch 4),0.0064401281997561455,pr_point_112,,,,0.6139630390143738,1.0,,,,,,,
precision_recall_point,original,SIRCH original (epoch 4),0.0066593484953045845,pr_point_113,,,,0.6152263374485597,1.0,,,,,,,
precision_recall_point,original,SIRCH original (epoch 4),0.00695472676306963,pr_point_114,,,,0.6164948453608248,1.0,,,,,,,
precision_recall_point,original,SIRCH original (epoch 4),0.007166597526520491,pr_point_115,,,,0.6157024793388429,0.9966555183946488,,,,,,,
precision_recall_point,original,SIRCH original (epoch 4),0.007625033613294363,pr_point_116,,,,0.6169772256728778,0.9966555183946488,,,,,,,
precision_recall_point,original,SIRCH original (epoch 4),0.007820600643754005,pr_point_117,,,,0.6182572614107884,0.9966555183946488,,,,,,,
precision_recall_point,original,SIRCH original (epoch 4),0.007995805703103542,pr_point_118,,,,0.6195426195426196,0.9966555183946488,,,,,,,
precision_recall_point,original,SIRCH original (epoch 4),0.008055275306105614,pr_point_119,,,,0.6208333333333333,0.9966555183946488,,,,,,,
precision_recall_point,original,SIRCH original (epoch 4),0.008121101185679436,pr_point_120,,,,0.6221294363256785,0.9966555183946488,,,,,,,
precision_recall_point,original,SIRCH original (epoch 4),0.008418225683271885,pr_point_121,,,,0.6234309623430963,0.9966555183946488,,,,,,,
precision_recall_point,original,SIRCH original (epoch 4),0.008467121981084347,pr_point_122,,,,0.6247379454926625,0.9966555183946488,,,,,,,
precision_recall_point,original,SIRCH original (epoch 4),0.008560317568480968,pr_point_123,,,,0.6260504201680672,0.9966555183946488,,,,,,,
precision_recall_point,original,SIRCH original (epoch 4),0.008785738609731197,pr_point_124,,,,0.6273684210526316,0.9966555183946488,,,,,,,
precision_recall_point,original,SIRCH original (epoch 4),0.008867952041327953,pr_point_125,,,,0.6286919831223629,0.9966555183946488,,,,,,,
precision_recall_point,original,SIRCH original (epoch 4),0.0088803106918931,pr_point_126,,,,0.6300211416490487,0.9966555183946488,,,,,,,
precision_recall_point,original,SIRCH original (epoch 4),0.00889684446156025,pr_point_127,,,,0.6313559322033898,0.9966555183946488,,,,,,,
precision_recall_point,original,SIRCH original (epoch 4),0.008986205793917179,pr_point_128,,,,0.6326963906581741,0.9966555183946488,,,,,,,
precision_recall_point,original,SIRCH original (epoch 4),0.00954710878431797,pr_point_129,,,,0.6340425531914894,0.9966555183946488,,,,,,,
precision_recall_point,original,SIRCH original (epoch 4),0.009624912403523922,pr_point_130,,,,0.6353944562899787,0.9966555183946488,,,,,,,
precision_recall_point,original,SIRCH original (epoch 4),0.00976967066526413,pr_point_131,,,,0.6367521367521367,0.9966555183946488,,,,,,,
precision_recall_point,original,SIRCH original (epoch 4),0.00980803370475769,pr_point_132,,,,0.6381156316916489,0.9966555183946488,,,,,,,
precision_recall_point,original,SIRCH original (epoch 4),0.009838186204433441,pr_point_133,,,,0.6394849785407726,0.9966555183946488,,,,,,,
precision_recall_point,original,SIRCH original (epoch 4),0.009982595220208168,pr_point_134,,,,0.6408602150537634,0.9966555183946488,,,,,,,
precision_recall_point,original,SIRCH original (epoch 4),0.010492061264812946,pr_point_135,,,,0.6422413793103449,0.9966555183946488,,,,,,,
precision_recall_point,original,SIRCH original (epoch 4),0.010518217459321022,pr_point_136,,,,0.6436285097192225,0.9966555183946488,,,,,,,
precision_recall_point,original,SIRCH original (epoch 4),0.010823833756148815,pr_point_137,,,,0.645021645021645,0.9966555183946488,,,,,,,
precision_recall_point,original,SIRCH original (epoch 4),0.011226236820220947,pr_point_138,,,,0.6464208242950108,0.9966555183946488,,,,,,,
precision_recall_point,original,SIRCH original (epoch 4),0.011311065405607224,pr_point_139,,,,0.6478260869565218,0.9966555183946488,,,,,,,
precision_recall_point,original,SIRCH original (epoch 4),0.011765594594180584,pr_point_140,,,,0.6492374727668845,0.9966555183946488,,,,,,,
precision_recall_point,original,SIRCH original (epoch 4),0.012306321412324905,pr_point_141,,,,0.6506550218340611,0.9966555183946488,,,,,,,
precision_recall_point,original,SIRCH original (epoch 4),0.012483784928917885,pr_point_142,,,,0.6520787746170679,0.9966555183946488,,,,,,,
precision_recall_point,original,SIRCH original (epoch 4),0.012844815850257874,pr_point_143,,,,0.6535087719298246,0.9966555183946488,,,,,,,
precision_recall_point,original,SIRCH original (epoch 4),0.013211228884756565,pr_point_144,,,,0.654945054945055,0.9966555183946488,,,,,,,
precision_recall_point,original,SIRCH original (epoch 4),0.013650971464812756,pr_point_145,,,,0.6563876651982379,0.9966555183946488,,,,,,,
precision_recall_point,original,SIRCH original (epoch 4),0.01478002592921257,pr_point_146,,,,0.6578366445916115,0.9966555183946488,,,,,,,
precision_recall_point,original,SIRCH original (epoch 4),0.015689048916101456,pr_point_147,,,,0.6592920353982301,0.9966555183946488,,,,,,,
precision_recall_point,original,SIRCH original (epoch 4),0.015819044783711433,pr_point_148,,,,0.6607538802660754,0.9966555183946488,,,,,,,
precision_recall_point,original,SIRCH original (epoch 4),0.01594352349638939,pr_point_149,,,,0.6622222222222223,0.9966555183946488,,,,,,,
precision_recall_point,original,SIRCH original (epoch 4),0.016889898106455803,pr_point_150,,,,0.6636971046770601,0.9966555183946488,,,,,,,
precision_recall_point,original,SIRCH original (epoch 4),0.017798911780118942,pr_point_151,,,,0.6651785714285714,0.9966555183946488,,,,,,,
precision_recall_point,original,SIRCH original (epoch 4),0.018061120063066483,pr_point_152,,,,0.6666666666666666,0.9966555183946488,,,,,,,
precision_recall_point,original,SIRCH original (epoch 4),0.018375491723418236,pr_point_153,,,,0.6681614349775785,0.9966555183946488,,,,,,,
precision_recall_point,original,SIRCH original (epoch 4),0.01869824342429638,pr_point_154,,,,0.6696629213483146,0.9966555183946488,,,,,,,
precision_recall_point,original,SIRCH original (epoch 4),0.020682571455836296,pr_point_155,,,,0.6711711711711712,0.9966555183946488,,,,,,,
precision_recall_point,original,SIRCH original (epoch 4),0.02075893245637417,pr_point_156,,,,0.672686230248307,0.9966555183946488,,,,,,,
precision_recall_point,original,SIRCH original (epoch 4),0.021520433947443962,pr_point_157,,,,0.6719457013574661,0.9933110367892977,,,,,,,
precision_recall_point,original,SIRCH original (epoch 4),0.02215111255645752,pr_point_158,,,,0.673469387755102,0.9933110367892977,,,,,,,
precision_recall_point,original,SIRCH original (epoch 4),0.02224046364426613,pr_point_159,,,,0.675,0.9933110367892977,,,,,,,
precision_recall_point,original,SIRCH original (epoch 4),0.023357348516583443,pr_point_160,,,,0.6765375854214123,0.9933110367892977,,,,,,,
precision_recall_point,original,SIRCH original (epoch 4),0.02470356784760952,pr_point_161,,,,0.678082191780822,0.9933110367892977,,,,,,,
precision_recall_point,original,SIRCH original (epoch 4),0.026033952832221985,pr_point_162,,,,0.6796338672768879,0.9933110367892977,,,,,,,
precision_recall_point,original,SIRCH original (epoch 4),0.028440428897738457,pr_point_163,,,,0.6827586206896552,0.9933110367892977,,,,,,,
precision_recall_point,original,SIRCH original (epoch 4),0.029885614290833473,pr_point_164,,,,0.684331797235023,0.9933110367892977,,,,,,,
precision_recall_point,original,SIRCH original (epoch 4),0.030228089541196823,pr_point_165,,,,0.6836027713625866,0.9899665551839465,,,,,,,
precision_recall_point,original,SIRCH original (epoch 4),0.03029789589345455,pr_point_166,,,,0.6851851851851852,0.9899665551839465,,,,,,,
precision_recall_point,original,SIRCH original (epoch 4),0.031455148011446,pr_point_167,,,,0.6867749419953596,0.9899665551839465,,,,,,,
precision_recall_point,original,SIRCH original (epoch 4),0.03313126787543297,pr_point_168,,,,0.6883720930232559,0.9899665551839465,,,,,,,
precision_recall_point,original,SIRCH original (epoch 4),0.03386133164167404,pr_point_169,,,,0.6899766899766899,0.9899665551839465,,,,,,,
precision_recall_point,original,SIRCH original (epoch 4),0.03436248376965523,pr_point_170,,,,0.6915887850467289,0.9899665551839465,,,,,,,
precision_recall_point,original,SIRCH original (epoch 4),0.039037398993968964,pr_point_171,,,,0.6932084309133489,0.9899665551839465,,,,,,,
precision_recall_point,original,SIRCH original (epoch 4),0.03933677077293396,pr_point_172,,,,0.6948356807511737,0.9899665551839465,,,,,,,
precision_recall_point,original,SIRCH original (epoch 4),0.04077386483550072,pr_point_173,,,,0.6964705882352941,0.9899665551839465,,,,,,,
precision_recall_point,original,SIRCH original (epoch 4),0.04126011207699776,pr_point_174,,,,0.6981132075471698,0.9899665551839465,,,,,,,
precision_recall_point,original,SIRCH original (epoch 4),0.042928505688905716,pr_point_175,,,,0.6997635933806147,0.9899665551839465,,,,,,,
precision_recall_point,original,SIRCH original (epoch 4),0.043327417224645615,pr_point_176,,,,0.7014218009478673,0.9899665551839465,,,,,,,
precision_recall_point,original,SIRCH original (epoch 4),0.04335220903158188,pr_point_177,,,,0.7007125890736342,0.9866220735785953,,,,,,,
precision_recall_point,original,SIRCH original (epoch 4),0.04445740208029747,pr_point_178,,,,0.7023809523809523,0.9866220735785953,,,,,,,
precision_recall_point,original,SIRCH original (epoch 4),0.046419769525527954,pr_point_179,,,,0.7016706443914081,0.9832775919732442,,,,,,,
precision_recall_point,original,SIRCH original (epoch 4),0.04666062816977501,pr_point_180,,,,0.7033492822966507,0.9832775919732442,,,,,,,
precision_recall_point,original,SIRCH original (epoch 4),0.047425612807273865,pr_point_181,,,,0.7050359712230215,0.9832775919732442,,,,,,,
precision_recall_point,original,SIRCH original (epoch 4),0.048432741314172745,pr_point_182,,,,0.7067307692307693,0.9832775919732442,,,,,,,
precision_recall_point,original,SIRCH original (epoch 4),0.049462124705314636,pr_point_183,,,,0.708433734939759,0.9832775919732442,,,,,,,
precision_recall_point,original,SIRCH original (epoch 4),0.05181240290403366,pr_point_184,,,,0.7101449275362319,0.9832775919732442,,,,,,,
precision_recall_point,original,SIRCH original (epoch 4),0.053234439343214035,pr_point_185,,,,0.711864406779661,0.9832775919732442,,,,,,,
precision_recall_point,original,SIRCH original (epoch 4),0.05476232245564461,pr_point_186,,,,0.7135922330097088,0.9832775919732442,,,,,,,
precision_recall_point,original,SIRCH original (epoch 4),0.05498120188713074,pr_point_187,,,,0.7153284671532847,0.9832775919732442,,,,,,,
precision_recall_point,original,SIRCH original (epoch 4),0.05521255359053612,pr_point_188,,,,0.7170731707317073,0.9832775919732442,,,,,,,
precision_recall_point,original,SIRCH original (epoch 4),0.05790184065699577,pr_point_189,,,,0.7188264058679706,0.9832775919732442,,,,,,,
precision_recall_point,original,SIRCH original (epoch 4),0.0594540573656559,pr_point_190,,,,0.7205882352941176,0.9832775919732442,,,,,,,
precision_recall_point,original,SIRCH original (epoch 4),0.061585333198308945,pr_point_191,,,,0.7223587223587223,0.9832775919732442,,,,,,,
precision_recall_point,original,SIRCH original (epoch 4),0.0626375749707222,pr_point_192,,,,0.7216748768472906,0.979933110367893,,,,,,,
precision_recall_point,original,SIRCH original (epoch 4),0.06367501616477966,pr_point_193,,,,0.7234567901234568,0.979933110367893,,,,,,,
precision_recall_point,original,SIRCH original (epoch 4),0.0666607990860939,pr_point_194,,,,0.7252475247524752,0.979933110367893,,,,,,,
precision_recall_point,original,SIRCH original (epoch 4),0.0787721499800682,pr_point_195,,,,0.7245657568238213,0.9765886287625418,,,,,,,
precision_recall_point,original,SIRCH original (epoch 4),0.09819786995649338,pr_point_196,,,,0.7263681592039801,0.9765886287625418,,,,,,,
precision_recall_point,original,SIRCH original (epoch 4),0.10132189095020294,pr_point_197,,,,0.7281795511221946,0.9765886287625418,,,,,,,
precision_recall_point,original,SIRCH original (epoch 4),0.1021164059638977,pr_point_198,,,,0.73,0.9765886287625418,,,,,,,
precision_recall_point,original,SIRCH original (epoch 4),0.10494299232959747,pr_point_199,,,,0.731829573934837,0.9765886287625418,,,,,,,
precision_recall_point,original,SIRCH original (epoch 4),0.1057480052113533,pr_point_200,,,,0.7336683417085427,0.9765886287625418,,,,,,,
precision_recall_point,original,SIRCH original (epoch 4),0.10769541561603546,pr_point_201,,,,0.7355163727959698,0.9765886287625418,,,,,,,
precision_recall_point,original,SIRCH original (epoch 4),0.10966113954782486,pr_point_202,,,,0.7373737373737373,0.9765886287625418,,,,,,,
precision_recall_point,original,SIRCH original (epoch 4),0.12043803185224533,pr_point_203,,,,0.739240506329114,0.9765886287625418,,,,,,,
precision_recall_point,original,SIRCH original (epoch 4),0.13040274381637573,pr_point_204,,,,0.7385786802030457,0.9732441471571907,,,,,,,
precision_recall_point,original,SIRCH original (epoch 4),0.13201916217803955,pr_point_205,,,,0.7404580152671756,0.9732441471571907,,,,,,,
precision_recall_point,original,SIRCH original (epoch 4),0.13509732484817505,pr_point_206,,,,0.7423469387755102,0.9732441471571907,,,,,,,
precision_recall_point,original,SIRCH original (epoch 4),0.13717196881771088,pr_point_207,,,,0.7442455242966752,0.9732441471571907,,,,,,,
precision_recall_point,original,SIRCH original (epoch 4),0.13804757595062256,pr_point_208,,,,0.7461538461538462,0.9732441471571907,,,,,,,
precision_recall_point,original,SIRCH original (epoch 4),0.14027057588100433,pr_point_209,,,,0.7480719794344473,0.9732441471571907,,,,,,,
precision_recall_point,original,SIRCH original (epoch 4),0.14630009233951569,pr_point_210,,,,0.75,0.9732441471571907,,,,,,,
precision_recall_point,original,SIRCH original (epoch 4),0.16114576160907745,pr_point_211,,,,0.751937984496124,0.9732441471571907,,,,,,,
precision_recall_point,original,SIRCH original (epoch 4),0.1659979224205017,pr_point_212,,,,0.7538860103626943,0.9732441471571907,,,,,,,
precision_recall_point,original,SIRCH original (epoch 4),0.17934489250183105,pr_point_213,,,,0.7558441558441559,0.9732441471571907,,,,,,,
precision_recall_point,original,SIRCH original (epoch 4),0.1851152628660202,pr_point_214,,,,0.7578125,0.9732441471571907,,,,,,,
precision_recall_point,original,SIRCH original (epoch 4),0.19030651450157166,pr_point_215,,,,0.7597911227154047,0.9732441471571907,,,,,,,
precision_recall_point,original,SIRCH original (epoch 4),0.19441832602024078,pr_point_216,,,,0.7617801047120419,0.9732441471571907,,,,,,,
precision_recall_point,original,SIRCH original (epoch 4),0.19517748057842255,pr_point_217,,,,0.7637795275590551,0.9732441471571907,,,,,,,
precision_recall_point,original,SIRCH original (epoch 4),0.20469129085540771,pr_point_218,,,,0.7657894736842106,0.9732441471571907,,,,,,,
precision_recall_point,original,SIRCH original (epoch 4),0.2197629064321518,pr_point_219,,,,0.7678100263852242,0.9732441471571907,,,,,,,
precision_recall_point,original,SIRCH original (epoch 4),0.22271251678466797,pr_point_220,,,,0.7698412698412699,0.9732441471571907,,,,,,,
precision_recall_point,original,SIRCH original (epoch 4),0.22576507925987244,pr_point_221,,,,0.7718832891246684,0.9732441471571907,,,,,,,
precision_recall_point,original,SIRCH original (epoch 4),0.22735123336315155,pr_point_222,,,,0.7712765957446809,0.9698996655518395,,,,,,,
precision_recall_point,original,SIRCH original (epoch 4),0.22932162880897522,pr_point_223,,,,0.7733333333333333,0.9698996655518395,,,,,,,
precision_recall_point,original,SIRCH original (epoch 4),0.23215943574905396,pr_point_224,,,,0.7754010695187166,0.9698996655518395,,,,,,,
precision_recall_point,original,SIRCH original (epoch 4),0.23897910118103027,pr_point_225,,,,0.7774798927613941,0.9698996655518395,,,,,,,
precision_recall_point,original,SIRCH original (epoch 4),0.24308906495571136,pr_point_226,,,,0.7795698924731183,0.9698996655518395,,,,,,,
precision_recall_point,original,SIRCH original (epoch 4),0.2449040561914444,pr_point_227,,,,0.7789757412398922,0.9665551839464883,,,,,,,
precision_recall_point,original,SIRCH original (epoch 4),0.2464388608932495,pr_point_228,,,,0.7810810810810811,0.9665551839464883,,,,,,,
precision_recall_point,original,SIRCH original (epoch 4),0.25973770022392273,pr_point_229,,,,0.7831978319783198,0.9665551839464883,,,,,,,
precision_recall_point,original,SIRCH original (epoch 4),0.26014986634254456,pr_point_230,,,,0.7853260869565217,0.9665551839464883,,,,,,,
precision_recall_point,original,SIRCH original (epoch 4),0.26290273666381836,pr_point_231,,,,0.7874659400544959,0.9665551839464883,,,,,,,
precision_recall_point,original,SIRCH original (epoch 4),0.26884329319000244,pr_point_232,,,,0.7896174863387978,0.9665551839464883,,,,,,,
precision_recall_point,original,SIRCH original (epoch 4),0.28264564275741577,pr_point_233,,,,0.7917808219178082,0.9665551839464883,,,,,,,
precision_recall_point,original,SIRCH original (epoch 4),0.2905227839946747,pr_point_234,,,,0.7939560439560439,0.9665551839464883,,,,,,,
precision_recall_point,original,SIRCH original (epoch 4),0.2987833619117737,pr_point_235,,,,0.7961432506887053,0.9665551839464883,,,,,,,
precision_recall_point,original,SIRCH original (epoch 4),0.3130604922771454,pr_point_236,,,,0.7983425414364641,0.9665551839464883,,,,,,,
precision_recall_point,original,SIRCH original (epoch 4),0.3274974822998047,pr_point_237,,,,0.8005540166204986,0.9665551839464883,,,,,,,
precision_recall_point,original,SIRCH original (epoch 4),0.3341589868068695,pr_point_238,,,,0.8027777777777778,0.9665551839464883,,,,,,,
precision_recall_point,original,SIRCH original (epoch 4),0.3505350649356842,pr_point_239,,,,0.8050139275766016,0.9665551839464883,,,,,,,
precision_recall_point,original,SIRCH original (epoch 4),0.3581562936306,pr_point_240,,,,0.8072625698324022,0.9665551839464883,,,,,,,
precision_recall_point,original,SIRCH original (epoch 4),0.36219027638435364,pr_point_241,,,,0.8095238095238095,0.9665551839464883,,,,,,,
precision_recall_point,original,SIRCH original (epoch 4),0.36330845952033997,pr_point_242,,,,0.8117977528089888,0.9665551839464883,,,,,,,
precision_recall_point,original,SIRCH original (epoch 4),0.37174272537231445,pr_point_243,,,,0.8140845070422535,0.9665551839464883,,,,,,,
precision_recall_point,original,SIRCH original (epoch 4),0.37322819232940674,pr_point_244,,,,0.8135593220338984,0.9632107023411371,,,,,,,
precision_recall_point,original,SIRCH original (epoch 4),0.3908434212207794,pr_point_245,,,,0.8158640226628895,0.9632107023411371,,,,,,,
precision_recall_point,original,SIRCH original (epoch 4),0.3942638635635376,pr_point_246,,,,0.8181818181818182,0.9632107023411371,,,,,,,
precision_recall_point,original,SIRCH original (epoch 4),0.3964257836341858,pr_point_247,,,,0.8205128205128205,0.9632107023411371,,,,,,,
precision_recall_point,original,SIRCH original (epoch 4),0.4121529161930084,pr_point_248,,,,0.8228571428571428,0.9632107023411371,,,,,,,
precision_recall_point,original,SIRCH original (epoch 4),0.41603943705558777,pr_point_249,,,,0.8252148997134671,0.9632107023411371,,,,,,,
precision_recall_point,original,SIRCH original (epoch 4),0.4181969165802002,pr_point_250,,,,0.8247126436781609,0.959866220735786,,,,,,,
precision_recall_point,original,SIRCH original (epoch 4),0.4395938217639923,pr_point_251,,,,0.8270893371757925,0.959866220735786,,,,,,,
precision_recall_point,original,SIRCH original (epoch 4),0.4432840347290039,pr_point_252,,,,0.8265895953757225,0.9565217391304348,,,,,,,
precision_recall_point,original,SIRCH original (epoch 4),0.44774526357650757,pr_point_253,,,,0.8289855072463768,0.9565217391304348,,,,,,,
precision_recall_point,original,SIRCH original (epoch 4),0.45120754837989807,pr_point_254,,,,0.8284883720930233,0.9531772575250836,,,,,,,
precision_recall_point,original,SIRCH original (epoch 4),0.45658037066459656,pr_point_255,,,,0.8279883381924198,0.9498327759197325,,,,,,,
precision_recall_point,original,SIRCH original (epoch 4),0.47019878029823303,pr_point_256,,,,0.827485380116959,0.9464882943143813,,,,,,,
precision_recall_point,original,SIRCH original (epoch 4),0.47351211309432983,pr_point_257,,,,0.8269794721407625,0.9431438127090301,,,,,,,
precision_recall_point,original,SIRCH original (epoch 4),0.4813958704471588,pr_point_258,,,,0.8264705882352941,0.939799331103679,,,,,,,
precision_recall_point,original,SIRCH original (epoch 4),0.48233816027641296,pr_point_259,,,,0.8259587020648967,0.9364548494983278,,,,,,,
precision_recall_point,original,SIRCH original (epoch 4),0.4859457015991211,pr_point_260,,,,0.8254437869822485,0.9331103678929766,,,,,,,
precision_recall_point,original,SIRCH original (epoch 4),0.49777767062187195,pr_point_261,,,,0.827893175074184,0.9331103678929766,,,,,,,
precision_recall_point,original,SIRCH original (epoch 4),0.5035728216171265,pr_point_262,,,,0.8273809523809523,0.9297658862876255,,,,,,,
precision_recall_point,original,SIRCH original (epoch 4),0.5113558173179626,pr_point_263,,,,0.8298507462686567,0.9297658862876255,,,,,,,
precision_recall_point,original,SIRCH original (epoch 4),0.5173196196556091,pr_point_264,,,,0.8323353293413174,0.9297658862876255,,,,,,,
precision_recall_point,original,SIRCH original (epoch 4),0.5208641290664673,pr_point_265,,,,0.8348348348348348,0.9297658862876255,,,,,,,
precision_recall_point,original,SIRCH original (epoch 4),0.5279904007911682,pr_point_266,,,,0.8373493975903614,0.9297658862876255,,,,,,,
precision_recall_point,original,SIRCH original (epoch 4),0.5293445587158203,pr_point_267,,,,0.8398791540785498,0.9297658862876255,,,,,,,
precision_recall_point,original,SIRCH original (epoch 4),0.5297648906707764,pr_point_268,,,,0.8424242424242424,0.9297658862876255,,,,,,,
precision_recall_point,original,SIRCH original (epoch 4),0.5439444780349731,pr_point_269,,,,0.8419452887537994,0.9264214046822743,,,,,,,
precision_recall_point,original,SIRCH original (epoch 4),0.5492083430290222,pr_point_270,,,,0.8445121951219512,0.9264214046822743,,,,,,,
precision_recall_point,original,SIRCH original (epoch 4),0.5492945313453674,pr_point_271,,,,0.8470948012232415,0.9264214046822743,,,,,,,
precision_recall_point,original,SIRCH original (epoch 4),0.5541285276412964,pr_point_272,,,,0.8466257668711656,0.9230769230769231,,,,,,,
precision_recall_point,original,SIRCH original (epoch 4),0.5560693144798279,pr_point_273,,,,0.8461538461538461,0.919732441471572,,,,,,,
precision_recall_point,original,SIRCH original (epoch 4),0.5578233599662781,pr_point_274,,,,0.845679012345679,0.9163879598662207,,,,,,,
precision_recall_point,original,SIRCH original (epoch 4),0.5643495321273804,pr_point_275,,,,0.848297213622291,0.9163879598662207,,,,,,,
precision_recall_point,original,SIRCH original (epoch 4),0.5683609247207642,pr_point_276,,,,0.8478260869565217,0.9130434782608695,,,,,,,
precision_recall_point,original,SIRCH original (epoch 4),0.5739919543266296,pr_point_277,,,,0.8473520249221184,0.9096989966555183,,,,,,,
precision_recall_point,original,SIRCH original (epoch 4),0.5784516930580139,pr_point_278,,,,0.846875,0.9063545150501672,,,,,,,
precision_recall_point,original,SIRCH original (epoch 4),0.5834771394729614,pr_point_279,,,,0.8463949843260188,0.903010033444816,,,,,,,
precision_recall_point,original,SIRCH original (epoch 4),0.5836842060089111,pr_point_280,,,,0.8490566037735849,0.903010033444816,,,,,,,
precision_recall_point,original,SIRCH original (epoch 4),0.5838881134986877,pr_point_281,,,,0.8517350157728707,0.903010033444816,,,,,,,
precision_recall_point,original,SIRCH original (epoch 4),0.5903152227401733,pr_point_282,,,,0.8544303797468354,0.903010033444816,,,,,,,
precision_recall_point,original,SIRCH original (epoch 4),0.5923686623573303,pr_point_283,,,,0.8571428571428571,0.903010033444816,,,,,,,
precision_recall_point,original,SIRCH original (epoch 4),0.5929992198944092,pr_point_284,,,,0.856687898089172,0.8996655518394648,,,,,,,
precision_recall_point,original,SIRCH original (epoch 4),0.6000950932502747,pr_point_285,,,,0.8562300319488818,0.8963210702341137,,,,,,,
precision_recall_point,original,SIRCH original (epoch 4),0.6016814112663269,pr_point_286,,,,0.8589743589743589,0.8963210702341137,,,,,,,
precision_recall_point,original,SIRCH original (epoch 4),0.6038166284561157,pr_point_287,,,,0.8585209003215434,0.8929765886287625,,,,,,,
precision_recall_point,original,SIRCH original (epoch 4),0.6124508380889893,pr_point_288,,,,0.8580645161290322,0.8896321070234113,,,,,,,
precision_recall_point,original,SIRCH original (epoch 4),0.6142632961273193,pr_point_289,,,,0.86084142394822,0.8896321070234113,,,,,,,
precision_recall_point,original,SIRCH original (epoch 4),0.6197802424430847,pr_point_290,,,,0.8603896103896104,0.8862876254180602,,,,,,,
precision_recall_point,original,SIRCH original (epoch 4),0.6239920854568481,pr_point_291,,,,0.8599348534201955,0.882943143812709,,,,,,,
precision_recall_point,original,SIRCH original (epoch 4),0.6336947679519653,pr_point_292,,,,0.8627450980392157,0.882943143812709,,,,,,,
precision_recall_point,original,SIRCH original (epoch 4),0.6414873003959656,pr_point_293,,,,0.8655737704918033,0.882943143812709,,,,,,,
precision_recall_point,original,SIRCH original (epoch 4),0.6439141631126404,pr_point_294,,,,0.8651315789473685,0.8795986622073578,,,,,,,
precision_recall_point,original,SIRCH original (epoch 4),0.6471279263496399,pr_point_295,,,,0.8679867986798679,0.8795986622073578,,,,,,,
precision_recall_point,original,SIRCH original (epoch 4),0.6488312482833862,pr_point_296,,,,0.8675496688741722,0.8762541806020067,,,,,,,
precision_recall_point,original,SIRCH original (epoch 4),0.6501347422599792,pr_point_297,,,,0.8704318936877077,0.8762541806020067,,,,,,,
precision_recall_point,original,SIRCH original (epoch 4),0.6561978459358215,pr_point_298,,,,0.87,0.8729096989966555,,,,,,,
precision_recall_point,original,SIRCH original (epoch 4),0.6626660823822021,pr_point_299,,,,0.8695652173913043,0.8695652173913043,,,,,,,
precision_recall_point,original,SIRCH original (epoch 4),0.6705120801925659,pr_point_300,,,,0.8691275167785235,0.8662207357859532,,,,,,,
precision_recall_point,original,SIRCH original (epoch 4),0.6932693123817444,pr_point_301,,,,0.8720538720538721,0.8662207357859532,,,,,,,
precision_recall_point,original,SIRCH original (epoch 4),0.6944336891174316,pr_point_302,,,,0.8716216216216216,0.862876254180602,,,,,,,
precision_recall_point,original,SIRCH original (epoch 4),0.7011874914169312,pr_point_303,,,,0.8711864406779661,0.8595317725752508,,,,,,,
precision_recall_point,original,SIRCH original (epoch 4),0.7135124802589417,pr_point_304,,,,0.8707482993197279,0.8561872909698997,,,,,,,
precision_recall_point,original,SIRCH original (epoch 4),0.7138398885726929,pr_point_305,,,,0.8737201365187713,0.8561872909698997,,,,,,,
precision_recall_point,original,SIRCH original (epoch 4),0.7171890735626221,pr_point_306,,,,0.8732876712328768,0.8528428093645485,,,,,,,
precision_recall_point,original,SIRCH original (epoch 4),0.7201797366142273,pr_point_307,,,,0.872852233676976,0.8494983277591973,,,,,,,
precision_recall_point,original,SIRCH original (epoch 4),0.723595380783081,pr_point_308,,,,0.8724137931034482,0.8461538461538461,,,,,,,
precision_recall_point,original,SIRCH original (epoch 4),0.7313559651374817,pr_point_309,,,,0.8719723183391004,0.842809364548495,,,,,,,
precision_recall_point,original,SIRCH original (epoch 4),0.7395440340042114,pr_point_310,,,,0.8715277777777778,0.8394648829431438,,,,,,,
precision_recall_point,original,SIRCH original (epoch 4),0.7486537098884583,pr_point_311,,,,0.8745644599303136,0.8394648829431438,,,,,,,
precision_recall_point,original,SIRCH original (epoch 4),0.7596126198768616,pr_point_312,,,,0.8741258741258742,0.8361204013377926,,,,,,,
precision_recall_point,original,SIRCH original (epoch 4),0.7697075605392456,pr_point_313,,,,0.8736842105263158,0.8327759197324415,,,,,,,
precision_recall_point,original,SIRCH original (epoch 4),0.7818815112113953,pr_point_314,,,,0.8767605633802817,0.8327759197324415,,,,,,,
precision_recall_point,original,SIRCH original (epoch 4),0.7833793759346008,pr_point_315,,,,0.8763250883392226,0.8294314381270903,,,,,,,
precision_recall_point,original,SIRCH original (epoch 4),0.7870938181877136,pr_point_316,,,,0.875886524822695,0.8260869565217391,,,,,,,
precision_recall_point,original,SIRCH original (epoch 4),0.7889857888221741,pr_point_317,,,,0.8754448398576512,0.822742474916388,,,,,,,
precision_recall_point,original,SIRCH original (epoch 4),0.7969329357147217,pr_point_318,,,,0.8785714285714286,0.822742474916388,,,,,,,
precision_recall_point,original,SIRCH original (epoch 4),0.8007171750068665,pr_point_319,,,,0.8781362007168458,0.8193979933110368,,,,,,,
precision_recall_point,original,SIRCH original (epoch 4),0.8026552796363831,pr_point_320,,,,0.8776978417266187,0.8160535117056856,,,,,,,
precision_recall_point,original,SIRCH original (epoch 4),0.8037418127059937,pr_point_321,,,,0.8808664259927798,0.8160535117056856,,,,,,,
precision_recall_point,original,SIRCH original (epoch 4),0.8057618141174316,pr_point_322,,,,0.8804347826086957,0.8127090301003345,,,,,,,
precision_recall_point,original,SIRCH original (epoch 4),0.8105307221412659,pr_point_323,,,,0.8836363636363637,0.8127090301003345,,,,,,,
precision_recall_point,original,SIRCH original (epoch 4),0.8127017021179199,pr_point_324,,,,0.8832116788321168,0.8093645484949833,,,,,,,
precision_recall_point,original,SIRCH original (epoch 4),0.813491940498352,pr_point_325,,,,0.8827838827838828,0.8060200668896321,,,,,,,
precision_recall_point,original,SIRCH original (epoch 4),0.8224997520446777,pr_point_326,,,,0.8860294117647058,0.8060200668896321,,,,,,,
precision_recall_point,original,SIRCH original (epoch 4),0.8229222893714905,pr_point_327,,,,0.8856088560885609,0.802675585284281,,,,,,,
precision_recall_point,original,SIRCH original (epoch 4),0.8235827088356018,pr_point_328,,,,0.8888888888888888,0.802675585284281,,,,,,,
precision_recall_point,original,SIRCH original (epoch 4),0.8318489789962769,pr_point_329,,,,0.8921933085501859,0.802675585284281,,,,,,,
precision_recall_point,original,SIRCH original (epoch 4),0.8368686437606812,pr_point_330,,,,0.8917910447761194,0.7993311036789298,,,,,,,
precision_recall_point,original,SIRCH original (epoch 4),0.8450495600700378,pr_point_331,,,,0.8913857677902621,0.7959866220735786,,,,,,,
precision_recall_point,original,SIRCH original (epoch 4),0.8457625508308411,pr_point_332,,,,0.8947368421052632,0.7959866220735786,,,,,,,
precision_recall_point,original,SIRCH original (epoch 4),0.8499886393547058,pr_point_333,,,,0.8943396226415095,0.7926421404682275,,,,,,,
precision_recall_point,original,SIRCH original (epoch 4),0.850524365901947,pr_point_334,,,,0.8939393939393939,0.7892976588628763,,,,,,,
precision_recall_point,original,SIRCH original (epoch 4),0.8535388112068176,pr_point_335,,,,0.8935361216730038,0.7859531772575251,,,,,,,
precision_recall_point,original,SIRCH original (epoch 4),0.8544406294822693,pr_point_336,,,,0.8931297709923665,0.782608695652174,,,,,,,
precision_recall_point,original,SIRCH original (epoch 4),0.8609947562217712,pr_point_337,,,,0.89272030651341,0.7792642140468228,,,,,,,
precision_recall_point,original,SIRCH original (epoch 4),0.8610540628433228,pr_point_338,,,,0.8961538461538462,0.7792642140468228,,,,,,,
precision_recall_point,original,SIRCH original (epoch 4),0.8614608645439148,pr_point_339,,,,0.8996138996138996,0.7792642140468228,,,,,,,
precision_recall_point,original,SIRCH original (epoch 4),0.8652671575546265,pr_point_340,,,,0.8992248062015504,0.7759197324414716,,,,,,,
precision_recall_point,original,SIRCH original (epoch 4),0.8659234642982483,pr_point_341,,,,0.9027237354085603,0.7759197324414716,,,,,,,
precision_recall_point,original,SIRCH original (epoch 4),0.868490993976593,pr_point_342,,,,0.90625,0.7759197324414716,,,,,,,
precision_recall_point,original,SIRCH original (epoch 4),0.8686239123344421,pr_point_343,,,,0.9058823529411765,0.7725752508361204,,,,,,,
precision_recall_point,original,SIRCH original (epoch 4),0.8696876168251038,pr_point_344,,,,0.905511811023622,0.7692307692307693,,,,,,,
precision_recall_point,original,SIRCH original (epoch 4),0.8701773881912231,pr_point_345,,,,0.9051383399209486,0.7658862876254181,,,,,,,
precision_recall_point,original,SIRCH original (epoch 4),0.8711848258972168,pr_point_346,,,,0.9047619047619048,0.7625418060200669,,,,,,,
precision_recall_point,original,SIRCH original (epoch 4),0.8741114139556885,pr_point_347,,,,0.9043824701195219,0.7591973244147158,,,,,,,
precision_recall_point,original,SIRCH original (epoch 4),0.8746987581253052,pr_point_348,,,,0.904,0.7558528428093646,,,,,,,
precision_recall_point,original,SIRCH original (epoch 4),0.8772898316383362,pr_point_349,,,,0.9076305220883534,0.7558528428093646,,,,,,,
precision_recall_point,original,SIRCH original (epoch 4),0.8776571750640869,pr_point_350,,,,0.9112903225806451,0.7558528428093646,,,,,,,
precision_recall_point,original,SIRCH original (epoch 4),0.8781377077102661,pr_point_351,,,,0.9109311740890689,0.7525083612040134,,,,,,,
precision_recall_point,original,SIRCH original (epoch 4),0.8897159695625305,pr_point_352,,,,0.9146341463414634,0.7525083612040134,,,,,,,
precision_recall_point,original,SIRCH original (epoch 4),0.8901858329772949,pr_point_353,,,,0.9142857142857143,0.7491638795986622,,,,,,,
precision_recall_point,original,SIRCH original (epoch 4),0.8908892869949341,pr_point_354,,,,0.9139344262295082,0.745819397993311,,,,,,,
precision_recall_point,original,SIRCH original (epoch 4),0.8953706622123718,pr_point_355,,,,0.9135802469135802,0.7424749163879598,,,,,,,
precision_recall_point,original,SIRCH original (epoch 4),0.8985945582389832,pr_point_356,,,,0.9132231404958677,0.7391304347826086,,,,,,,
precision_recall_point,original,SIRCH original (epoch 4),0.898779571056366,pr_point_357,,,,0.9128630705394191,0.7357859531772575,,,,,,,
precision_recall_point,original,SIRCH original (epoch 4),0.8997556567192078,pr_point_358,,,,0.9125,0.7324414715719063,,,,,,,
precision_recall_point,original,SIRCH original (epoch 4),0.9028154015541077,pr_point_359,,,,0.9121338912133892,0.7290969899665551,,,,,,,
precision_recall_point,original,SIRCH original (epoch 4),0.9042957425117493,pr_point_360,,,,0.9117647058823529,0.725752508361204,,,,,,,
precision_recall_point,original,SIRCH original (epoch 4),0.9069967865943909,pr_point_361,,,,0.9113924050632911,0.7224080267558528,,,,,,,
precision_recall_point,original,SIRCH original (epoch 4),0.9074333310127258,pr_point_362,,,,0.9152542372881356,0.7224080267558528,,,,,,,
precision_recall_point,original,SIRCH original (epoch 4),0.9076950550079346,pr_point_363,,,,0.9191489361702128,0.7224080267558528,,,,,,,
precision_recall_point,original,SIRCH original (epoch 4),0.908521294593811,pr_point_364,,,,0.9188034188034188,0.7190635451505016,,,,,,,
precision_recall_point,original,SIRCH original (epoch 4),0.9102084040641785,pr_point_365,,,,0.9227467811158798,0.7190635451505016,,,,,,,
precision_recall_point,original,SIRCH original (epoch 4),0.9110062718391418,pr_point_366,,,,0.9224137931034483,0.7157190635451505,,,,,,,
precision_recall_point,original,SIRCH original (epoch 4),0.9115344285964966,pr_point_367,,,,0.922077922077922,0.7123745819397993,,,,,,,
precision_recall_point,original,SIRCH original (epoch 4),0.9130085110664368,pr_point_368,,,,0.9217391304347826,0.7090301003344481,,,,,,,
precision_recall_point,original,SIRCH original (epoch 4),0.9131208062171936,pr_point_369,,,,0.9213973799126638,0.705685618729097,,,,,,,
precision_recall_point,original,SIRCH original (epoch 4),0.9144445061683655,pr_point_370,,,,0.9254385964912281,0.705685618729097,,,,,,,
precision_recall_point,original,SIRCH original (epoch 4),0.9154917597770691,pr_point_371,,,,0.9251101321585903,0.7023411371237458,,,,,,,
precision_recall_point,original,SIRCH original (epoch 4),0.9189581871032715,pr_point_372,,,,0.9247787610619469,0.6989966555183946,,,,,,,
precision_recall_point,original,SIRCH original (epoch 4),0.9214854836463928,pr_point_373,,,,0.9288888888888889,0.6989966555183946,,,,,,,
precision_recall_point,original,SIRCH original (epoch 4),0.9235954284667969,pr_point_374,,,,0.9285714285714286,0.6956521739130435,,,,,,,
precision_recall_point,original,SIRCH original (epoch 4),0.9253636002540588,pr_point_375,,,,0.9282511210762332,0.6923076923076923,,,,,,,
precision_recall_point,original,SIRCH original (epoch 4),0.9256585240364075,pr_point_376,,,,0.9279279279279279,0.6889632107023411,,,,,,,
precision_recall_point,original,SIRCH original (epoch 4),0.9260014295578003,pr_point_377,,,,0.9276018099547512,0.68561872909699,,,,,,,
precision_recall_point,original,SIRCH original (epoch 4),0.9281150698661804,pr_point_378,,,,0.9272727272727272,0.6822742474916388,,,,,,,
precision_recall_point,original,SIRCH original (epoch 4),0.9291847348213196,pr_point_379,,,,0.9269406392694064,0.6789297658862876,,,,,,,
precision_recall_point,original,SIRCH original (epoch 4),0.930885374546051,pr_point_380,,,,0.926605504587156,0.6755852842809364,,,,,,,
precision_recall_point,original,SIRCH original (epoch 4),0.9338163733482361,pr_point_381,,,,0.9262672811059908,0.6722408026755853,,,,,,,
precision_recall_point,original,SIRCH original (epoch 4),0.9338520765304565,pr_point_382,,,,0.9259259259259259,0.6688963210702341,,,,,,,
precision_recall_point,original,SIRCH original (epoch 4),0.9344356060028076,pr_point_383,,,,0.9255813953488372,0.6655518394648829,,,,,,,
precision_recall_point,original,SIRCH original (epoch 4),0.9349319338798523,pr_point_384,,,,0.9252336448598131,0.6622073578595318,,,,,,,
precision_recall_point,original,SIRCH original (epoch 4),0.9360489845275879,pr_point_385,,,,0.9248826291079812,0.6588628762541806,,,,,,,
precision_recall_point,original,SIRCH original (epoch 4),0.9362455010414124,pr_point_386,,,,0.9245283018867925,0.6555183946488294,,,,,,,
precision_recall_point,original,SIRCH original (epoch 4),0.9372302889823914,pr_point_387,,,,0.9241706161137441,0.6521739130434783,,,,,,,
precision_recall_point,original,SIRCH original (epoch 4),0.9389183521270752,pr_point_388,,,,0.9238095238095239,0.6488294314381271,,,,,,,
precision_recall_point,original,SIRCH original (epoch 4),0.9390707015991211,pr_point_389,,,,0.9282296650717703,0.6488294314381271,,,,,,,
precision_recall_point,original,SIRCH original (epoch 4),0.939495861530304,pr_point_390,,,,0.9278846153846154,0.6454849498327759,,,,,,,
precision_recall_point,original,SIRCH original (epoch 4),0.9395034909248352,pr_point_391,,,,0.927536231884058,0.6421404682274248,,,,,,,
precision_recall_point,original,SIRCH original (epoch 4),0.9411864876747131,pr_point_392,,,,0.9271844660194175,0.6387959866220736,,,,,,,
precision_recall_point,original,SIRCH original (epoch 4),0.9426165223121643,pr_point_393,,,,0.926829268292683,0.6354515050167224,,,,,,,
precision_recall_point,original,SIRCH original (epoch 4),0.9435514211654663,pr_point_394,,,,0.9264705882352942,0.6321070234113713,,,,,,,
precision_recall_point,original,SIRCH original (epoch 4),0.9444606304168701,pr_point_395,,,,0.9310344827586207,0.6321070234113713,,,,,,,
precision_recall_point,original,SIRCH original (epoch 4),0.9459198117256165,pr_point_396,,,,0.9306930693069307,0.6287625418060201,,,,,,,
precision_recall_point,original,SIRCH original (epoch 4),0.9470254778862,pr_point_397,,,,0.9303482587064676,0.6254180602006689,,,,,,,
precision_recall_point,original,SIRCH original (epoch 4),0.9473565220832825,pr_point_398,,,,0.93,0.6220735785953178,,,,,,,
precision_recall_point,original,SIRCH original (epoch 4),0.9479576945304871,pr_point_399,,,,0.9296482412060302,0.6187290969899666,,,,,,,
precision_recall_point,original,SIRCH original (epoch 4),0.9490325450897217,pr_point_400,,,,0.9292929292929293,0.6153846153846154,,,,,,,
precision_recall_point,original,SIRCH original (epoch 4),0.9506443738937378,pr_point_401,,,,0.9289340101522843,0.6120401337792643,,,,,,,
precision_recall_point,original,SIRCH original (epoch 4),0.9516347646713257,pr_point_402,,,,0.9285714285714286,0.6086956521739131,,,,,,,
precision_recall_point,original,SIRCH original (epoch 4),0.9520663022994995,pr_point_403,,,,0.9282051282051282,0.6053511705685619,,,,,,,
precision_recall_point,original,SIRCH original (epoch 4),0.9521842002868652,pr_point_404,,,,0.9329896907216495,0.6053511705685619,,,,,,,
precision_recall_point,original,SIRCH original (epoch 4),0.953552782535553,pr_point_405,,,,0.9326424870466321,0.6020066889632107,,,,,,,
precision_recall_point,original,SIRCH original (epoch 4),0.9544552564620972,pr_point_406,,,,0.9322916666666666,0.5986622073578596,,,,,,,
precision_recall_point,original,SIRCH original (epoch 4),0.95489501953125,pr_point_407,,,,0.9319371727748691,0.5953177257525084,,,,,,,
precision_recall_point,original,SIRCH original (epoch 4),0.9549763798713684,pr_point_408,,,,0.9315789473684211,0.5919732441471572,,,,,,,
precision_recall_point,original,SIRCH original (epoch 4),0.9576399326324463,pr_point_409,,,,0.9312169312169312,0.5886287625418061,,,,,,,
precision_recall_point,original,SIRCH original (epoch 4),0.9584683179855347,pr_point_410,,,,0.9361702127659575,0.5886287625418061,,,,,,,
precision_recall_point,original,SIRCH original (epoch 4),0.9585020542144775,pr_point_411,,,,0.9358288770053476,0.5852842809364549,,,,,,,
precision_recall_point,original,SIRCH original (epoch 4),0.9587836265563965,pr_point_412,,,,0.9354838709677419,0.5819397993311036,,,,,,,
precision_recall_point,original,SIRCH original (epoch 4),0.9590942859649658,pr_point_413,,,,0.9351351351351351,0.5785953177257525,,,,,,,
precision_recall_point,original,SIRCH original (epoch 4),0.9591376185417175,pr_point_414,,,,0.9347826086956522,0.5752508361204013,,,,,,,
precision_recall_point,original,SIRCH original (epoch 4),0.959858238697052,pr_point_415,,,,0.9344262295081968,0.5719063545150501,,,,,,,
precision_recall_point,original,SIRCH original (epoch 4),0.9608389139175415,pr_point_416,,,,0.9340659340659341,0.568561872909699,,,,,,,
precision_recall_point,original,SIRCH original (epoch 4),0.9610760807991028,pr_point_417,,,,0.9337016574585635,0.5652173913043478,,,,,,,
precision_recall_point,original,SIRCH original (epoch 4),0.9612911939620972,pr_point_418,,,,0.9388888888888889,0.5652173913043478,,,,,,,
precision_recall_point,original,SIRCH original (epoch 4),0.9614795446395874,pr_point_419,,,,0.9441340782122905,0.5652173913043478,,,,,,,
precision_recall_point,original,SIRCH original (epoch 4),0.9630829095840454,pr_point_420,,,,0.949438202247191,0.5652173913043478,,,,,,,
precision_recall_point,original,SIRCH original (epoch 4),0.963527262210846,pr_point_421,,,,0.9491525423728814,0.5618729096989966,,,,,,,
precision_recall_point,original,SIRCH original (epoch 4),0.9636803269386292,pr_point_422,,,,0.9545454545454546,0.5618729096989966,,,,,,,
precision_recall_point,original,SIRCH original (epoch 4),0.9644818902015686,pr_point_423,,,,0.9542857142857143,0.5585284280936454,,,,,,,
precision_recall_point,original,SIRCH original (epoch 4),0.9655386209487915,pr_point_424,,,,0.9540229885057471,0.5551839464882943,,,,,,,
precision_recall_point,original,SIRCH original (epoch 4),0.9658753871917725,pr_point_425,,,,0.953757225433526,0.5518394648829431,,,,,,,
precision_recall_point,original,SIRCH original (epoch 4),0.9664159417152405,pr_point_426,,,,0.9534883720930233,0.5484949832775919,,,,,,,
precision_recall_point,original,SIRCH original (epoch 4),0.9665907621383667,pr_point_427,,,,0.9532163742690059,0.5451505016722408,,,,,,,
precision_recall_point,original,SIRCH original (epoch 4),0.9668413996696472,pr_point_428,,,,0.9529411764705882,0.5418060200668896,,,,,,,
precision_recall_point,original,SIRCH original (epoch 4),0.9670523405075073,pr_point_429,,,,0.9585798816568047,0.5418060200668896,,,,,,,
precision_recall_point,original,SIRCH original (epoch 4),0.9685075879096985,pr_point_430,,,,0.9583333333333334,0.5384615384615384,,,,,,,
precision_recall_point,original,SIRCH original (epoch 4),0.9691613912582397,pr_point_431,,,,0.9580838323353293,0.5351170568561873,,,,,,,
precision_recall_point,original,SIRCH original (epoch 4),0.9692814946174622,pr_point_432,,,,0.9578313253012049,0.5317725752508361,,,,,,,
precision_recall_point,original,SIRCH original (epoch 4),0.9695479273796082,pr_point_433,,,,0.9575757575757575,0.5284280936454849,,,,,,,
precision_recall_point,original,SIRCH original (epoch 4),0.9698053002357483,pr_point_434,,,,0.9573170731707317,0.5250836120401338,,,,,,,
precision_recall_point,original,SIRCH original (epoch 4),0.9701594710350037,pr_point_435,,,,0.9570552147239264,0.5217391304347826,,,,,,,
precision_recall_point,original,SIRCH original (epoch 4),0.9710975289344788,pr_point_436,,,,0.9567901234567902,0.5183946488294314,,,,,,,
precision_recall_point,original,SIRCH original (epoch 4),0.9712669849395752,pr_point_437,,,,0.9565217391304348,0.5150501672240803,,,,,,,
precision_recall_point,original,SIRCH original (epoch 4),0.9721576571464539,pr_point_438,,,,0.95625,0.5117056856187291,,,,,,,
precision_recall_point,original,SIRCH original (epoch 4),0.9724770188331604,pr_point_439,,,,0.9559748427672956,0.5083612040133779,,,,,,,
precision_recall_point,original,SIRCH original (epoch 4),0.9725021123886108,pr_point_440,,,,0.9556962025316456,0.5050167224080268,,,,,,,
precision_recall_point,original,SIRCH original (epoch 4),0.9725084900856018,pr_point_441,,,,0.9554140127388535,0.5016722408026756,,,,,,,
precision_recall_point,original,SIRCH original (epoch 4),0.9729662537574768,pr_point_442,,,,0.9551282051282052,0.4983277591973244,,,,,,,
precision_recall_point,original,SIRCH original (epoch 4),0.9732444286346436,pr_point_443,,,,0.9612903225806452,0.4983277591973244,,,,,,,
precision_recall_point,original,SIRCH original (epoch 4),0.9738927483558655,pr_point_444,,,,0.961038961038961,0.49498327759197325,,,,,,,
precision_recall_point,original,SIRCH original (epoch 4),0.9740124344825745,pr_point_445,,,,0.9673202614379085,0.49498327759197325,,,,,,,
precision_recall_point,original,SIRCH original (epoch 4),0.9742028713226318,pr_point_446,,,,0.9671052631578947,0.4916387959866221,,,,,,,
precision_recall_point,original,SIRCH original (epoch 4),0.9742059707641602,pr_point_447,,,,0.9668874172185431,0.4882943143812709,,,,,,,
precision_recall_point,original,SIRCH original (epoch 4),0.974571168422699,pr_point_448,,,,0.9666666666666667,0.48494983277591974,,,,,,,
precision_recall_point,original,SIRCH original (epoch 4),0.9746795296669006,pr_point_449,,,,0.9664429530201343,0.4816053511705686,,,,,,,
precision_recall_point,original,SIRCH original (epoch 4),0.975018322467804,pr_point_450,,,,0.9662162162162162,0.4782608695652174,,,,,,,
precision_recall_point,original,SIRCH original (epoch 4),0.9764906167984009,pr_point_451,,,,0.9659863945578231,0.47491638795986624,,,,,,,
precision_recall_point,original,SIRCH original (epoch 4),0.9768797755241394,pr_point_452,,,,0.9657534246575342,0.47157190635451507,,,,,,,
precision_recall_point,original,SIRCH original (epoch 4),0.976933479309082,pr_point_453,,,,0.9655172413793104,0.4682274247491639,,,,,,,
precision_recall_point,original,SIRCH original (epoch 4),0.9775106906890869,pr_point_454,,,,0.9652777777777778,0.46488294314381273,,,,,,,
precision_recall_point,original,SIRCH original (epoch 4),0.9777005314826965,pr_point_455,,,,0.965034965034965,0.46153846153846156,,,,,,,
precision_recall_point,original,SIRCH original (epoch 4),0.9778661131858826,pr_point_456,,,,0.9647887323943662,0.45819397993311034,,,,,,,
precision_recall_point,original,SIRCH original (epoch 4),0.9787459969520569,pr_point_457,,,,0.9645390070921985,0.45484949832775917,,,,,,,
precision_recall_point,original,SIRCH original (epoch 4),0.9792035818099976,pr_point_458,,,,0.9642857142857143,0.451505016722408,,,,,,,
precision_recall_point,original,SIRCH original (epoch 4),0.9793795943260193,pr_point_459,,,,0.9640287769784173,0.44816053511705684,,,,,,,
precision_recall_point,original,SIRCH original (epoch 4),0.9797220230102539,pr_point_460,,,,0.9637681159420289,0.44481605351170567,,,,,,,
precision_recall_point,original,SIRCH original (epoch 4),0.9800466895103455,pr_point_461,,,,0.9635036496350365,0.4414715719063545,,,,,,,
precision_recall_point,original,SIRCH original (epoch 4),0.9801065921783447,pr_point_462,,,,0.9632352941176471,0.43812709030100333,,,,,,,
precision_recall_point,original,SIRCH original (epoch 4),0.980259895324707,pr_point_463,,,,0.9703703703703703,0.43812709030100333,,,,,,,
precision_recall_point,original,SIRCH original (epoch 4),0.9808758497238159,pr_point_464,,,,0.9701492537313433,0.43478260869565216,,,,,,,
precision_recall_point,original,SIRCH original (epoch 4),0.9809300899505615,pr_point_465,,,,0.9774436090225563,0.43478260869565216,,,,,,,
precision_recall_point,original,SIRCH original (epoch 4),0.9811505675315857,pr_point_466,,,,0.9772727272727273,0.431438127090301,,,,,,,
precision_recall_point,original,SIRCH original (epoch 4),0.981650173664093,pr_point_467,,,,0.9847328244274809,0.431438127090301,,,,,,,
precision_recall_point,original,SIRCH original (epoch 4),0.9817653298377991,pr_point_468,,,,0.9846153846153847,0.4280936454849498,,,,,,,
precision_recall_point,original,SIRCH original (epoch 4),0.981888473033905,pr_point_469,,,,0.9844961240310077,0.42474916387959866,,,,,,,
precision_recall_point,original,SIRCH original (epoch 4),0.9820308685302734,pr_point_470,,,,0.984375,0.4214046822742475,,,,,,,
precision_recall_point,original,SIRCH original (epoch 4),0.9820827841758728,pr_point_471,,,,0.9921259842519685,0.4214046822742475,,,,,,,
precision_recall_point,original,SIRCH original (epoch 4),0.9821953773498535,pr_point_472,,,,0.9920634920634921,0.4180602006688963,,,,,,,
precision_recall_point,original,SIRCH original (epoch 4),0.9824579358100891,pr_point_473,,,,0.992,0.41471571906354515,,,,,,,
precision_recall_point,original,SIRCH original (epoch 4),0.9827010035514832,pr_point_474,,,,0.9919354838709677,0.411371237458194,,,,,,,
precision_recall_point,original,SIRCH original (epoch 4),0.9827699661254883,pr_point_475,,,,0.991869918699187,0.4080267558528428,,,,,,,
precision_recall_point,original,SIRCH original (epoch 4),0.9829314351081848,pr_point_476,,,,0.9918032786885246,0.40468227424749165,,,,,,,
precision_recall_point,original,SIRCH original (epoch 4),0.9841272234916687,pr_point_477,,,,0.9917355371900827,0.4013377926421405,,,,,,,
precision_recall_point,original,SIRCH original (epoch 4),0.9848266839981079,pr_point_478,,,,0.9916666666666667,0.3979933110367893,,,,,,,
precision_recall_point,original,SIRCH original (epoch 4),0.9850358963012695,pr_point_479,,,,0.9915966386554622,0.39464882943143814,,,,,,,
precision_recall_point,original,SIRCH original (epoch 4),0.9850368499755859,pr_point_480,,,,0.9915254237288136,0.391304347826087,,,,,,,
precision_recall_point,original,SIRCH original (epoch 4),0.9851869344711304,pr_point_481,,,,0.9914529914529915,0.3879598662207358,,,,,,,
precision_recall_point,original,SIRCH original (epoch 4),0.9852170348167419,pr_point_482,,,,0.9913793103448276,0.38461538461538464,,,,,,,
precision_recall_point,original,SIRCH original (epoch 4),0.9854016304016113,pr_point_483,,,,0.991304347826087,0.38127090301003347,,,,,,,
precision_recall_point,original,SIRCH original (epoch 4),0.9857445359230042,pr_point_484,,,,0.9912280701754386,0.3779264214046823,,,,,,,
precision_recall_point,original,SIRCH original (epoch 4),0.98578280210495,pr_point_485,,,,0.9911504424778761,0.3745819397993311,,,,,,,
precision_recall_point,original,SIRCH original (epoch 4),0.9859704971313477,pr_point_486,,,,0.9910714285714286,0.3712374581939799,,,,,,,
precision_recall_point,original,SIRCH original (epoch 4),0.9859775900840759,pr_point_487,,,,0.990990990990991,0.36789297658862874,,,,,,,
precision_recall_point,original,SIRCH original (epoch 4),0.9863171577453613,pr_point_488,,,,0.990909090909091,0.36454849498327757,,,,,,,
precision_recall_point,original,SIRCH original (epoch 4),0.9864202737808228,pr_point_489,,,,0.9908256880733946,0.3612040133779264,,,,,,,
precision_recall_point,original,SIRCH original (epoch 4),0.9864500164985657,pr_point_490,,,,0.9907407407407407,0.35785953177257523,,,,,,,
precision_recall_point,original,SIRCH original (epoch 4),0.9864707589149475,pr_point_491,,,,0.9906542056074766,0.35451505016722407,,,,,,,
precision_recall_point,original,SIRCH original (epoch 4),0.9868678450584412,pr_point_492,,,,0.9905660377358491,0.3511705685618729,,,,,,,
precision_recall_point,original,SIRCH original (epoch 4),0.9869081377983093,pr_point_493,,,,0.9904761904761905,0.34782608695652173,,,,,,,
precision_recall_point,original,SIRCH original (epoch 4),0.9869294166564941,pr_point_494,,,,0.9903846153846154,0.34448160535117056,,,,,,,
precision_recall_point,original,SIRCH original (epoch 4),0.986976146697998,pr_point_495,,,,0.9902912621359223,0.3411371237458194,,,,,,,
precision_recall_point,original,SIRCH original (epoch 4),0.9871687889099121,pr_point_496,,,,0.9901960784313726,0.3377926421404682,,,,,,,
precision_recall_point,original,SIRCH original (epoch 4),0.987426221370697,pr_point_497,,,,0.9900990099009901,0.33444816053511706,,,,,,,
precision_recall_point,original,SIRCH original (epoch 4),0.9883520603179932,pr_point_498,,,,0.99,0.3311036789297659,,,,,,,
precision_recall_point,original,SIRCH original (epoch 4),0.988538920879364,pr_point_499,,,,0.98989898989899,0.3277591973244147,,,,,,,
precision_recall_point,original,SIRCH original (epoch 4),0.9890901446342468,pr_point_500,,,,0.9897959183673469,0.32441471571906355,,,,,,,
precision_recall_point,original,SIRCH original (epoch 4),0.9893431663513184,pr_point_501,,,,0.9896907216494846,0.3210702341137124,,,,,,,
precision_recall_point,original,SIRCH original (epoch 4),0.9897136092185974,pr_point_502,,,,0.9895833333333334,0.3177257525083612,,,,,,,
precision_recall_point,original,SIRCH original (epoch 4),0.98993980884552,pr_point_503,,,,0.9894736842105263,0.31438127090301005,,,,,,,
precision_recall_point,original,SIRCH original (epoch 4),0.9899810552597046,pr_point_504,,,,0.9893617021276596,0.3110367892976589,,,,,,,
precision_recall_point,original,SIRCH original (epoch 4),0.9900032877922058,pr_point_505,,,,0.989247311827957,0.3076923076923077,,,,,,,
precision_recall_point,original,SIRCH original (epoch 4),0.9900053143501282,pr_point_506,,,,0.9891304347826086,0.30434782608695654,,,,,,,
precision_recall_point,original,SIRCH original (epoch 4),0.9903329014778137,pr_point_507,,,,0.989010989010989,0.3010033444816054,,,,,,,
precision_recall_point,original,SIRCH original (epoch 4),0.9903445839881897,pr_point_508,,,,0.9888888888888889,0.2976588628762542,,,,,,,
precision_recall_point,original,SIRCH original (epoch 4),0.9907270073890686,pr_point_509,,,,1.0,0.2976588628762542,,,,,,,
precision_recall_point,original,SIRCH original (epoch 4),0.9908472299575806,pr_point_510,,,,1.0,0.29431438127090304,,,,,,,
precision_recall_point,original,SIRCH original (epoch 4),0.9908990263938904,pr_point_511,,,,1.0,0.2909698996655518,,,,,,,
precision_recall_point,original,SIRCH original (epoch 4),0.9909100532531738,pr_point_512,,,,1.0,0.28762541806020064,,,,,,,
precision_recall_point,original,SIRCH original (epoch 4),0.9909782409667969,pr_point_513,,,,1.0,0.2842809364548495,,,,,,,
precision_recall_point,original,SIRCH original (epoch 4),0.9911542534828186,pr_point_514,,,,1.0,0.2809364548494983,,,,,,,
precision_recall_point,original,SIRCH original (epoch 4),0.9912968873977661,pr_point_515,,,,1.0,0.27759197324414714,,,,,,,
precision_recall_point,original,SIRCH original (epoch 4),0.9914134740829468,pr_point_516,,,,1.0,0.27424749163879597,,,,,,,
precision_recall_point,original,SIRCH original (epoch 4),0.9915397763252258,pr_point_517,,,,1.0,0.2709030100334448,,,,,,,
precision_recall_point,original,SIRCH original (epoch 4),0.9916468858718872,pr_point_518,,,,1.0,0.26755852842809363,,,,,,,
precision_recall_point,original,SIRCH original (epoch 4),0.9918665885925293,pr_point_519,,,,1.0,0.26421404682274247,,,,,,,
precision_recall_point,original,SIRCH original (epoch 4),0.9918903708457947,pr_point_520,,,,1.0,0.2608695652173913,,,,,,,
precision_recall_point,original,SIRCH original (epoch 4),0.9919177889823914,pr_point_521,,,,1.0,0.25752508361204013,,,,,,,
precision_recall_point,original,SIRCH original (epoch 4),0.9919374585151672,pr_point_522,,,,1.0,0.25418060200668896,,,,,,,
precision_recall_point,original,SIRCH original (epoch 4),0.9920044541358948,pr_point_523,,,,1.0,0.2508361204013378,,,,,,,
precision_recall_point,original,SIRCH original (epoch 4),0.9920165538787842,pr_point_524,,,,1.0,0.24749163879598662,,,,,,,
precision_recall_point,original,SIRCH original (epoch 4),0.9922214150428772,pr_point_525,,,,1.0,0.24414715719063546,,,,,,,
precision_recall_point,original,SIRCH original (epoch 4),0.992310643196106,pr_point_526,,,,1.0,0.2408026755852843,,,,,,,
precision_recall_point,original,SIRCH original (epoch 4),0.9923269152641296,pr_point_527,,,,1.0,0.23745819397993312,,,,,,,
precision_recall_point,original,SIRCH original (epoch 4),0.9926331043243408,pr_point_528,,,,1.0,0.23411371237458195,,,,,,,
precision_recall_point,original,SIRCH original (epoch 4),0.9927350878715515,pr_point_529,,,,1.0,0.23076923076923078,,,,,,,
precision_recall_point,original,SIRCH original (epoch 4),0.9928323030471802,pr_point_530,,,,1.0,0.22742474916387959,,,,,,,
precision_recall_point,original,SIRCH original (epoch 4),0.9930932521820068,pr_point_531,,,,1.0,0.22408026755852842,,,,,,,
precision_recall_point,original,SIRCH original (epoch 4),0.9931547045707703,pr_point_532,,,,1.0,0.22073578595317725,,,,,,,
precision_recall_point,original,SIRCH original (epoch 4),0.9931811690330505,pr_point_533,,,,1.0,0.21739130434782608,,,,,,,
precision_recall_point,original,SIRCH original (epoch 4),0.9934155941009521,pr_point_534,,,,1.0,0.2140468227424749,,,,,,,
precision_recall_point,original,SIRCH original (epoch 4),0.9934256672859192,pr_point_535,,,,1.0,0.21070234113712374,,,,,,,
precision_recall_point,original,SIRCH original (epoch 4),0.9934513568878174,pr_point_536,,,,1.0,0.20735785953177258,,,,,,,
precision_recall_point,original,SIRCH original (epoch 4),0.9934738278388977,pr_point_537,,,,1.0,0.2040133779264214,,,,,,,
precision_recall_point,original,SIRCH original (epoch 4),0.9936361312866211,pr_point_538,,,,1.0,0.20066889632107024,,,,,,,
precision_recall_point,original,SIRCH original (epoch 4),0.9938957095146179,pr_point_539,,,,1.0,0.19732441471571907,,,,,,,
precision_recall_point,original,SIRCH original (epoch 4),0.9939852952957153,pr_point_540,,,,1.0,0.1939799331103679,,,,,,,
precision_recall_point,original,SIRCH original (epoch 4),0.9941533207893372,pr_point_541,,,,1.0,0.19063545150501673,,,,,,,
precision_recall_point,original,SIRCH original (epoch 4),0.9941829442977905,pr_point_542,,,,1.0,0.18729096989966554,,,,,,,
precision_recall_point,original,SIRCH original (epoch 4),0.9942218661308289,pr_point_543,,,,1.0,0.18394648829431437,,,,,,,
precision_recall_point,original,SIRCH original (epoch 4),0.9942289590835571,pr_point_544,,,,1.0,0.1806020066889632,,,,,,,
precision_recall_point,original,SIRCH original (epoch 4),0.994257390499115,pr_point_545,,,,1.0,0.17725752508361203,,,,,,,
precision_recall_point,original,SIRCH original (epoch 4),0.9942980408668518,pr_point_546,,,,1.0,0.17391304347826086,,,,,,,
precision_recall_point,original,SIRCH original (epoch 4),0.9943609237670898,pr_point_547,,,,1.0,0.1705685618729097,,,,,,,
precision_recall_point,original,SIRCH original (epoch 4),0.9943885803222656,pr_point_548,,,,1.0,0.16722408026755853,,,,,,,
precision_recall_point,original,SIRCH original (epoch 4),0.9944877624511719,pr_point_549,,,,1.0,0.16387959866220736,,,,,,,
precision_recall_point,original,SIRCH original (epoch 4),0.994570255279541,pr_point_550,,,,1.0,0.1605351170568562,,,,,,,
precision_recall_point,original,SIRCH original (epoch 4),0.994577169418335,pr_point_551,,,,1.0,0.15719063545150502,,,,,,,
precision_recall_point,original,SIRCH original (epoch 4),0.9945822954177856,pr_point_552,,,,1.0,0.15384615384615385,,,,,,,
precision_recall_point,original,SIRCH original (epoch 4),0.9946813583374023,pr_point_553,,,,1.0,0.1505016722408027,,,,,,,
precision_recall_point,original,SIRCH original (epoch 4),0.9946985840797424,pr_point_554,,,,1.0,0.14715719063545152,,,,,,,
precision_recall_point,original,SIRCH original (epoch 4),0.9948335289955139,pr_point_555,,,,1.0,0.14381270903010032,,,,,,,
precision_recall_point,original,SIRCH original (epoch 4),0.9952036142349243,pr_point_556,,,,1.0,0.14046822742474915,,,,,,,
precision_recall_point,original,SIRCH original (epoch 4),0.9953458309173584,pr_point_557,,,,1.0,0.13712374581939799,,,,,,,
precision_recall_point,original,SIRCH original (epoch 4),0.9954971671104431,pr_point_558,,,,1.0,0.13377926421404682,,,,,,,
precision_recall_point,original,SIRCH original (epoch 4),0.9955870509147644,pr_point_559,,,,1.0,0.13043478260869565,,,,,,,
precision_recall_point,original,SIRCH original (epoch 4),0.995721697807312,pr_point_560,,,,1.0,0.12709030100334448,,,,,,,
precision_recall_point,original,SIRCH original (epoch 4),0.9957330822944641,pr_point_561,,,,1.0,0.12374581939799331,,,,,,,
precision_recall_point,original,SIRCH original (epoch 4),0.9959675073623657,pr_point_562,,,,1.0,0.12040133779264214,,,,,,,
precision_recall_point,original,SIRCH original (epoch 4),0.9959782958030701,pr_point_563,,,,1.0,0.11705685618729098,,,,,,,
precision_recall_point,original,SIRCH original (epoch 4),0.9959784746170044,pr_point_564,,,,1.0,0.11371237458193979,,,,,,,
precision_recall_point,original,SIRCH original (epoch 4),0.9960054159164429,pr_point_565,,,,1.0,0.11036789297658862,,,,,,,
precision_recall_point,original,SIRCH original (epoch 4),0.9960058331489563,pr_point_566,,,,1.0,0.10702341137123746,,,,,,,
precision_recall_point,original,SIRCH original (epoch 4),0.9962766170501709,pr_point_567,,,,1.0,0.10367892976588629,,,,,,,
precision_recall_point,original,SIRCH original (epoch 4),0.9962989091873169,pr_point_568,,,,1.0,0.10033444816053512,,,,,,,
precision_recall_point,original,SIRCH original (epoch 4),0.9963513612747192,pr_point_569,,,,1.0,0.09698996655518395,,,,,,,
precision_recall_point,original,SIRCH original (epoch 4),0.996376633644104,pr_point_570,,,,1.0,0.09364548494983277,,,,,,,
precision_recall_point,original,SIRCH original (epoch 4),0.9964030981063843,pr_point_571,,,,1.0,0.0903010033444816,,,,,,,
precision_recall_point,original,SIRCH original (epoch 4),0.9965119957923889,pr_point_572,,,,1.0,0.08695652173913043,,,,,,,
precision_recall_point,original,SIRCH original (epoch 4),0.9965202212333679,pr_point_573,,,,1.0,0.08361204013377926,,,,,,,
precision_recall_point,original,SIRCH original (epoch 4),0.9965653419494629,pr_point_574,,,,1.0,0.0802675585284281,,,,,,,
precision_recall_point,original,SIRCH original (epoch 4),0.9966417551040649,pr_point_575,,,,1.0,0.07692307692307693,,,,,,,
precision_recall_point,original,SIRCH original (epoch 4),0.9968255162239075,pr_point_576,,,,1.0,0.07357859531772576,,,,,,,
precision_recall_point,original,SIRCH original (epoch 4),0.9969592690467834,pr_point_577,,,,1.0,0.07023411371237458,,,,,,,
precision_recall_point,original,SIRCH original (epoch 4),0.9970743656158447,pr_point_578,,,,1.0,0.06688963210702341,,,,,,,
precision_recall_point,original,SIRCH original (epoch 4),0.9970883727073669,pr_point_579,,,,1.0,0.06354515050167224,,,,,,,
precision_recall_point,original,SIRCH original (epoch 4),0.9971073865890503,pr_point_580,,,,1.0,0.06020066889632107,,,,,,,
precision_recall_point,original,SIRCH original (epoch 4),0.9972305297851562,pr_point_581,,,,1.0,0.056856187290969896,,,,,,,
precision_recall_point,original,SIRCH original (epoch 4),0.9973667860031128,pr_point_582,,,,1.0,0.05351170568561873,,,,,,,
precision_recall_point,original,SIRCH original (epoch 4),0.997398853302002,pr_point_583,,,,1.0,0.05016722408026756,,,,,,,
precision_recall_point,original,SIRCH original (epoch 4),0.9976150393486023,pr_point_584,,,,1.0,0.046822742474916385,,,,,,,
precision_recall_point,original,SIRCH original (epoch 4),0.9977495074272156,pr_point_585,,,,1.0,0.043478260869565216,,,,,,,
precision_recall_point,original,SIRCH original (epoch 4),0.9977893233299255,pr_point_586,,,,1.0,0.04013377926421405,,,,,,,
precision_recall_point,original,SIRCH original (epoch 4),0.9978246092796326,pr_point_587,,,,1.0,0.03678929765886288,,,,,,,
precision_recall_point,original,SIRCH original (epoch 4),0.9979506731033325,pr_point_588,,,,1.0,0.033444816053511704,,,,,,,
precision_recall_point,original,SIRCH original (epoch 4),0.9979637861251831,pr_point_589,,,,1.0,0.030100334448160536,,,,,,,
precision_recall_point,original,SIRCH original (epoch 4),0.9981921911239624,pr_point_590,,,,1.0,0.026755852842809364,,,,,,,
precision_recall_point,original,SIRCH original (epoch 4),0.9982810020446777,pr_point_591,,,,1.0,0.023411371237458192,,,,,,,
precision_recall_point,original,SIRCH original (epoch 4),0.9982924461364746,pr_point_592,,,,1.0,0.020066889632107024,,,,,,,
precision_recall_point,original,SIRCH original (epoch 4),0.9983533024787903,pr_point_593,,,,1.0,0.016722408026755852,,,,,,,
precision_recall_point,original,SIRCH original (epoch 4),0.9985917210578918,pr_point_594,,,,1.0,0.013377926421404682,,,,,,,
precision_recall_point,original,SIRCH original (epoch 4),0.9987133741378784,pr_point_595,,,,1.0,0.010033444816053512,,,,,,,
precision_recall_point,original,SIRCH original (epoch 4),0.9988386034965515,pr_point_596,,,,1.0,0.006688963210702341,,,,,,,
precision_recall_point,original,SIRCH original (epoch 4),0.9989637732505798,pr_point_597,,,,1.0,0.0033444816053511705,,,,,,,
precision_recall_point,original,SIRCH original (epoch 4),,pr_point_598,,,,1.0,0.0,,,,,,,
summary,augmente,SIRCH augment?,,roc_auc,0.9766666666666668,,,,,,,,,,,38.3345846341727
summary,augmente,SIRCH augment?,,average_precision,0.9737533966194699,,,,,,,,,,,38.3345846341727
summary,augmente,SIRCH augment?,,pr_auc_trapezoid,0.9736969749167792,,,,,,,,,,,38.3345846341727
confusion_threshold,augmente,SIRCH augment?,0.5,confusion_matrix_and_metrics,,0.12333333333333334,0.9632107023411371,0.8861538461538462,0.9632107023411371,263,37,11,288,0.9198664440734557,0.9230769230769231,38.3345846341727
confusion_threshold,augmente,SIRCH augment?,0.65,confusion_matrix_and_metrics,,0.08333333333333333,0.9163879598662207,0.9163879598662207,0.9163879598662207,275,25,25,274,0.9165275459098498,0.9163879598662207,38.3345846341727
confusion_threshold,augmente,SIRCH augment?,0.7,confusion_matrix_and_metrics,,0.06666666666666667,0.903010033444816,0.9310344827586207,0.903010033444816,280,20,29,270,0.9181969949916527,0.9168081494057725,38.3345846341727
roc_point,augmente,SIRCH augment?,inf,roc_point_0,,0.0,0.0,,,,,,,,,
roc_point,augmente,SIRCH augment?,0.996407151222229,roc_point_1,,0.0,0.0033444816053511705,,,,,,,,,
roc_point,augmente,SIRCH augment?,0.986285388469696,roc_point_2,,0.0,0.22742474916387959,,,,,,,,,
roc_point,augmente,SIRCH augment?,0.9862016439437866,roc_point_3,,0.0033333333333333335,0.22742474916387959,,,,,,,,,
roc_point,augmente,SIRCH augment?,0.9403572082519531,roc_point_4,,0.0033333333333333335,0.5919732441471572,,,,,,,,,
roc_point,augmente,SIRCH augment?,0.9393929243087769,roc_point_5,,0.006666666666666667,0.5919732441471572,,,,,,,,,
roc_point,augmente,SIRCH augment?,0.9270048141479492,roc_point_6,,0.006666666666666667,0.6387959866220736,,,,,,,,,
roc_point,augmente,SIRCH augment?,0.9255566000938416,roc_point_7,,0.01,0.6387959866220736,,,,,,,,,
roc_point,augmente,SIRCH augment?,0.9147328734397888,roc_point_8,,0.01,0.6722408026755853,,,,,,,,,
roc_point,augmente,SIRCH augment?,0.9145894050598145,roc_point_9,,0.013333333333333334,0.6722408026755853,,,,,,,,,
roc_point,augmente,SIRCH augment?,0.9134732484817505,roc_point_10,,0.013333333333333334,0.6822742474916388,,,,,,,,,
roc_point,augmente,SIRCH augment?,0.911449670791626,roc_point_11,,0.023333333333333334,0.6822742474916388,,,,,,,,,
roc_point,augmente,SIRCH augment?,0.9031552076339722,roc_point_12,,0.023333333333333334,0.7023411371237458,,,,,,,,,
roc_point,augmente,SIRCH augment?,0.902679979801178,roc_point_13,,0.02666666666666667,0.7023411371237458,,,,,,,,,
roc_point,augmente,SIRCH augment?,0.9014432430267334,roc_point_14,,0.02666666666666667,0.7090301003344481,,,,,,,,,
roc_point,augmente,SIRCH augment?,0.8939008712768555,roc_point_15,,0.03,0.7090301003344481,,,,,,,,,
roc_point,augmente,SIRCH augment?,0.8728483319282532,roc_point_16,,0.03,0.745819397993311,,,,,,,,,
roc_point,augmente,SIRCH augment?,0.8652656674385071,roc_point_17,,0.03666666666666667,0.745819397993311,,,,,,,,,
roc_point,augmente,SIRCH augment?,0.849804699420929,roc_point_18,,0.03666666666666667,0.7692307692307693,,,,,,,,,
roc_point,augmente,SIRCH augment?,0.8481811881065369,roc_point_19,,0.04,0.7692307692307693,,,,,,,,,
roc_point,augmente,SIRCH augment?,0.8425610065460205,roc_point_20,,0.04,0.782608695652174,,,,,,,,,
roc_point,augmente,SIRCH augment?,0.8421967029571533,roc_point_21,,0.043333333333333335,0.782608695652174,,,,,,,,,
roc_point,augmente,SIRCH augment?,0.8283491730690002,roc_point_22,,0.043333333333333335,0.8093645484949833,,,,,,,,,
roc_point,augmente,SIRCH augment?,0.8263731002807617,roc_point_23,,0.04666666666666667,0.8093645484949833,,,,,,,,,
roc_point,augmente,SIRCH augment?,0.7949702143669128,roc_point_24,,0.04666666666666667,0.8327759197324415,,,,,,,,,
roc_point,augmente,SIRCH augment?,0.7926828861236572,roc_point_25,,0.05,0.8327759197324415,,,,,,,,,
roc_point,augmente,SIRCH augment?,0.7575057744979858,roc_point_26,,0.05,0.862876254180602,,,,,,,,,
roc_point,augmente,SIRCH augment?,0.757495641708374,roc_point_27,,0.05333333333333334,0.862876254180602,,,,,,,,,
roc_point,augmente,SIRCH augment?,0.7470154762268066,roc_point_28,,0.05333333333333334,0.8795986622073578,,,,,,,,,
roc_point,augmente,SIRCH augment?,0.7449615597724915,roc_point_29,,0.056666666666666664,0.8795986622073578,,,,,,,,,
roc_point,augmente,SIRCH augment?,0.7349196672439575,roc_point_30,,0.056666666666666664,0.8896321070234113,,,,,,,,,
roc_point,augmente,SIRCH augment?,0.726121187210083,roc_point_31,,0.06333333333333334,0.8896321070234113,,,,,,,,,
roc_point,augmente,SIRCH augment?,0.7219241857528687,roc_point_32,,0.06333333333333334,0.8929765886287625,,,,,,,,,
roc_point,augmente,SIRCH augment?,0.7188394665718079,roc_point_33,,0.06666666666666667,0.8929765886287625,,,,,,,,,
roc_point,augmente,SIRCH augment?,0.7020385265350342,roc_point_34,,0.06666666666666667,0.903010033444816,,,,,,,,,
roc_point,augmente,SIRCH augment?,0.6988688111305237,roc_point_35,,0.07,0.903010033444816,,,,,,,,,
roc_point,augmente,SIRCH augment?,0.6878395080566406,roc_point_36,,0.07,0.9130434782608695,,,,,,,,,
roc_point,augmente,SIRCH augment?,0.6782760620117188,roc_point_37,,0.07666666666666666,0.9130434782608695,,,,,,,,,
roc_point,augmente,SIRCH augment?,0.6676107048988342,roc_point_38,,0.07666666666666666,0.9163879598662207,,,,,,,,,
roc_point,augmente,SIRCH augment?,0.6565238833427429,roc_point_39,,0.08333333333333333,0.9163879598662207,,,,,,,,,
roc_point,augmente,SIRCH augment?,0.6484494209289551,roc_point_40,,0.08333333333333333,0.919732441471572,,,,,,,,,
roc_point,augmente,SIRCH augment?,0.6386771202087402,roc_point_41,,0.09,0.919732441471572,,,,,,,,,
roc_point,augmente,SIRCH augment?,0.6330674886703491,roc_point_42,,0.09,0.9230769230769231,,,,,,,,,
roc_point,augmente,SIRCH augment?,0.6263722777366638,roc_point_43,,0.09333333333333334,0.9230769230769231,,,,,,,,,
roc_point,augmente,SIRCH augment?,0.6060557961463928,roc_point_44,,0.09333333333333334,0.9331103678929766,,,,,,,,,
roc_point,augmente,SIRCH augment?,0.6024667024612427,roc_point_45,,0.09666666666666666,0.9331103678929766,,,,,,,,,
roc_point,augmente,SIRCH augment?,0.5729160904884338,roc_point_46,,0.09666666666666666,0.9531772575250836,,,,,,,,,
roc_point,augmente,SIRCH augment?,0.5613670349121094,roc_point_47,,0.10333333333333333,0.9531772575250836,,,,,,,,,
roc_point,augmente,SIRCH augment?,0.5599298477172852,roc_point_48,,0.10333333333333333,0.959866220735786,,,,,,,,,
roc_point,augmente,SIRCH augment?,0.5251749157905579,roc_point_49,,0.11666666666666667,0.959866220735786,,,,,,,,,
roc_point,augmente,SIRCH augment?,0.5170177817344666,roc_point_50,,0.11666666666666667,0.9632107023411371,,,,,,,,,
roc_point,augmente,SIRCH augment?,0.4829570949077606,roc_point_51,,0.12666666666666668,0.9632107023411371,,,,,,,,,
roc_point,augmente,SIRCH augment?,0.4822147786617279,roc_point_52,,0.12666666666666668,0.9665551839464883,,,,,,,,,
roc_point,augmente,SIRCH augment?,0.4817580580711365,roc_point_53,,0.13,0.9665551839464883,,,,,,,,,
roc_point,augmente,SIRCH augment?,0.47743675112724304,roc_point_54,,0.13,0.9698996655518395,,,,,,,,,
roc_point,augmente,SIRCH augment?,0.4681170582771301,roc_point_55,,0.13333333333333333,0.9698996655518395,,,,,,,,,
roc_point,augmente,SIRCH augment?,0.4552157521247864,roc_point_56,,0.13333333333333333,0.9732441471571907,,,,,,,,,
roc_point,augmente,SIRCH augment?,0.44369325041770935,roc_point_57,,0.14666666666666667,0.9732441471571907,,,,,,,,,
roc_point,augmente,SIRCH augment?,0.4344501793384552,roc_point_58,,0.14666666666666667,0.9765886287625418,,,,,,,,,
roc_point,augmente,SIRCH augment?,0.4251851737499237,roc_point_59,,0.16,0.9765886287625418,,,,,,,,,
roc_point,augmente,SIRCH augment?,0.4150305688381195,roc_point_60,,0.16,0.979933110367893,,,,,,,,,
roc_point,augmente,SIRCH augment?,0.3982127606868744,roc_point_61,,0.16333333333333333,0.979933110367893,,,,,,,,,
roc_point,augmente,SIRCH augment?,0.3662513792514801,roc_point_62,,0.16333333333333333,0.9832775919732442,,,,,,,,,
roc_point,augmente,SIRCH augment?,0.3590618073940277,roc_point_63,,0.17333333333333334,0.9832775919732442,,,,,,,,,
roc_point,augmente,SIRCH augment?,0.35231539607048035,roc_point_64,,0.17333333333333334,0.9866220735785953,,,,,,,,,
roc_point,augmente,SIRCH augment?,0.333091676235199,roc_point_65,,0.18,0.9866220735785953,,,,,,,,,
roc_point,augmente,SIRCH augment?,0.32889875769615173,roc_point_66,,0.18,0.9899665551839465,,,,,,,,,
roc_point,augmente,SIRCH augment?,0.24310049414634705,roc_point_67,,0.23666666666666666,0.9899665551839465,,,,,,,,,
roc_point,augmente,SIRCH augment?,0.23874413967132568,roc_point_68,,0.23666666666666666,0.9933110367892977,,,,,,,,,
roc_point,augmente,SIRCH augment?,0.2235688716173172,roc_point_69,,0.24333333333333335,0.9933110367892977,,,,,,,,,
roc_point,augmente,SIRCH augment?,0.22322340309619904,roc_point_70,,0.24333333333333335,0.9966555183946488,,,,,,,,,
roc_point,augmente,SIRCH augment?,0.15920649468898773,roc_point_71,,0.28,0.9966555183946488,,,,,,,,,
roc_point,augmente,SIRCH augment?,0.1577112078666687,roc_point_72,,0.28,1.0,,,,,,,,,
roc_point,augmente,SIRCH augment?,0.11122958362102509,roc_point_73,,0.33666666666666667,1.0,,,,,,,,,
roc_point,augmente,SIRCH augment?,0.1090158224105835,roc_point_74,,0.3433333333333333,1.0,,,,,,,,,
roc_point,augmente,SIRCH augment?,0.00036842329427599907,roc_point_75,,1.0,1.0,,,,,,,,,
precision_recall_point,augmente,SIRCH augment?,0.00036842329427599907,pr_point_0,,,,0.4991652754590985,1.0,,,,,,,
precision_recall_point,augmente,SIRCH augment?,0.0004336383135523647,pr_point_1,,,,0.5,1.0,,,,,,,
precision_recall_point,augmente,SIRCH augment?,0.0004741934244520962,pr_point_2,,,,0.5008375209380235,1.0,,,,,,,
precision_recall_point,augmente,SIRCH augment?,0.0004969948204234242,pr_point_3,,,,0.5016778523489933,1.0,,,,,,,
precision_recall_point,augmente,SIRCH augment?,0.0005325413658283651,pr_point_4,,,,0.5025210084033613,1.0,,,,,,,
precision_recall_point,augmente,SIRCH augment?,0.0005934021319262683,pr_point_5,,,,0.5033670033670034,1.0,,,,,,,
precision_recall_point,augmente,SIRCH augment?,0.000599248509388417,pr_point_6,,,,0.5042158516020236,1.0,,,,,,,
precision_recall_point,augmente,SIRCH augment?,0.0006731953471899033,pr_point_7,,,,0.5050675675675675,1.0,,,,,,,
precision_recall_point,augmente,SIRCH augment?,0.000687493069563061,pr_point_8,,,,0.505922165820643,1.0,,,,,,,
precision_recall_point,augmente,SIRCH augment?,0.0007596104987896979,pr_point_9,,,,0.5067796610169492,1.0,,,,,,,
precision_recall_point,augmente,SIRCH augment?,0.0007874700822867453,pr_point_10,,,,0.5076400679117148,1.0,,,,,,,
precision_recall_point,augmente,SIRCH augment?,0.0008171219378709793,pr_point_11,,,,0.5085034013605442,1.0,,,,,,,
precision_recall_point,augmente,SIRCH augment?,0.000850844953674823,pr_point_12,,,,0.5093696763202725,1.0,,,,,,,
precision_recall_point,augmente,SIRCH augment?,0.0009799350518733263,pr_point_13,,,,0.5102389078498294,1.0,,,,,,,
precision_recall_point,augmente,SIRCH augment?,0.001031770370900631,pr_point_14,,,,0.5111111111111111,1.0,,,,,,,
precision_recall_point,augmente,SIRCH augment?,0.0010878397151827812,pr_point_15,,,,0.511986301369863,1.0,,,,,,,
precision_recall_point,augmente,SIRCH augment?,0.0011330799898132682,pr_point_16,,,,0.5128644939965694,1.0,,,,,,,
precision_recall_point,augmente,SIRCH augment?,0.0011564476881176233,pr_point_17,,,,0.5137457044673539,1.0,,,,,,,
precision_recall_point,augmente,SIRCH augment?,0.0011574339587241411,pr_point_18,,,,0.5146299483648882,1.0,,,,,,,
precision_recall_point,augmente,SIRCH augment?,0.0011608927743509412,pr_point_19,,,,0.5155172413793103,1.0,,,,,,,
precision_recall_point,augmente,SIRCH augment?,0.00117712770588696,pr_point_20,,,,0.5164075993091537,1.0,,,,,,,
precision_recall_point,augmente,SIRCH augment?,0.0012379575055092573,pr_point_21,,,,0.5173010380622838,1.0,,,,,,,
precision_recall_point,augmente,SIRCH augment?,0.0013110913569107652,pr_point_22,,,,0.5181975736568457,1.0,,,,,,,
precision_recall_point,augmente,SIRCH augment?,0.0014268807135522366,pr_point_23,,,,0.5190972222222222,1.0,,,,,,,
precision_recall_point,augmente,SIRCH augment?,0.001520800869911909,pr_point_24,,,,0.52,1.0,,,,,,,
precision_recall_point,augmente,SIRCH augment?,0.0015345095889642835,pr_point_25,,,,0.5209059233449478,1.0,,,,,,,
precision_recall_point,augmente,SIRCH augment?,0.0016047669341787696,pr_point_26,,,,0.5218150087260035,1.0,,,,,,,
precision_recall_point,augmente,SIRCH augment?,0.0016452709678560495,pr_point_27,,,,0.5227272727272727,1.0,,,,,,,
precision_recall_point,augmente,SIRCH augment?,0.0017504558200016618,pr_point_28,,,,0.5236427320490368,1.0,,,,,,,
precision_recall_point,augmente,SIRCH augment?,0.0017643739702180028,pr_point_29,,,,0.5245614035087719,1.0,,,,,,,
precision_recall_point,augmente,SIRCH augment?,0.0017963723512366414,pr_point_30,,,,0.5254833040421792,1.0,,,,,,,
precision_recall_point,augmente,SIRCH augment?,0.00196474464610219,pr_point_31,,,,0.5264084507042254,1.0,,,,,,,
precision_recall_point,augmente,SIRCH augment?,0.0019661197438836098,pr_point_32,,,,0.527336860670194,1.0,,,,,,,
precision_recall_point,augmente,SIRCH augment?,0.002032332820817828,pr_point_33,,,,0.5282685512367491,1.0,,,,,,,
precision_recall_point,augmente,SIRCH augment?,0.002077304059639573,pr_point_34,,,,0.5292035398230088,1.0,,,,,,,
precision_recall_point,augmente,SIRCH augment?,0.002103162696585059,pr_point_35,,,,0.5301418439716312,1.0,,,,,,,
precision_recall_point,augmente,SIRCH augment?,0.0021317312493920326,pr_point_36,,,,0.5310834813499112,1.0,,,,,,,
precision_recall_point,augmente,SIRCH augment?,0.0023190381471067667,pr_point_37,,,,0.5320284697508897,1.0,,,,,,,
precision_recall_point,augmente,SIRCH augment?,0.0023207333870232105,pr_point_38,,,,0.5329768270944741,1.0,,,,,,,
precision_recall_point,augmente,SIRCH augment?,0.0023263487964868546,pr_point_39,,,,0.5339285714285714,1.0,,,,,,,
precision_recall_point,augmente,SIRCH augment?,0.0023522917181253433,pr_point_40,,,,0.5348837209302325,1.0,,,,,,,
precision_recall_point,augmente,SIRCH augment?,0.002355986274778843,pr_point_41,,,,0.53584229390681,1.0,,,,,,,
precision_recall_point,augmente,SIRCH augment?,0.0023575592786073685,pr_point_42,,,,0.5368043087971275,1.0,,,,,,,
precision_recall_point,augmente,SIRCH augment?,0.0023957588709890842,pr_point_43,,,,0.5377697841726619,1.0,,,,,,,
precision_recall_point,augmente,SIRCH augment?,0.0024002438876777887,pr_point_44,,,,0.5387387387387388,1.0,,,,,,,
precision_recall_point,augmente,SIRCH augment?,0.0024314841721206903,pr_point_45,,,,0.5397111913357401,1.0,,,,,,,
precision_recall_point,augmente,SIRCH augment?,0.0024777858052402735,pr_point_46,,,,0.5406871609403255,1.0,,,,,,,
precision_recall_point,augmente,SIRCH augment?,0.0024779816158115864,pr_point_47,,,,0.5416666666666666,1.0,,,,,,,
precision_recall_point,augmente,SIRCH augment?,0.0025149371940642595,pr_point_48,,,,0.542649727767695,1.0,,,,,,,
precision_recall_point,augmente,SIRCH augment?,0.0027681789360940456,pr_point_49,,,,0.5436363636363636,1.0,,,,,,,
precision_recall_point,augmente,SIRCH augment?,0.0029089555609971285,pr_point_50,,,,0.5446265938069217,1.0,,,,,,,
precision_recall_point,augmente,SIRCH augment?,0.0029544958379119635,pr_point_51,,,,0.5456204379562044,1.0,,,,,,,
precision_recall_point,augmente,SIRCH augment?,0.0029576821252703667,pr_point_52,,,,0.546617915904936,1.0,,,,,,,
precision_recall_point,augmente,SIRCH augment?,0.002966001396998763,pr_point_53,,,,0.5476190476190477,1.0,,,,,,,
precision_recall_point,augmente,SIRCH augment?,0.0029753961134701967,pr_point_54,,,,0.5486238532110091,1.0,,,,,,,
precision_recall_point,augmente,SIRCH augment?,0.003054604632779956,pr_point_55,,,,0.5496323529411765,1.0,,,,,,,
precision_recall_point,augmente,SIRCH augment?,0.0030817666556686163,pr_point_56,,,,0.5506445672191529,1.0,,,,,,,
precision_recall_point,augmente,SIRCH augment?,0.0031923723872750998,pr_point_57,,,,0.551660516605166,1.0,,,,,,,
precision_recall_point,augmente,SIRCH augment?,0.00321060698479414,pr_point_58,,,,0.5526802218114603,1.0,,,,,,,
precision_recall_point,augmente,SIRCH augment?,0.0032115180511027575,pr_point_59,,,,0.5537037037037037,1.0,,,,,,,
precision_recall_point,augmente,SIRCH augment?,0.0032159462571144104,pr_point_60,,,,0.5547309833024119,1.0,,,,,,,
precision_recall_point,augmente,SIRCH augment?,0.0033008139580488205,pr_point_61,,,,0.5557620817843866,1.0,,,,,,,
precision_recall_point,augmente,SIRCH augment?,0.003333763685077429,pr_point_62,,,,0.5567970204841713,1.0,,,,,,,
precision_recall_point,augmente,SIRCH augment?,0.003358111483976245,pr_point_63,,,,0.5578358208955224,1.0,,,,,,,
precision_recall_point,augmente,SIRCH augment?,0.0034113293513655663,pr_point_64,,,,0.5588785046728972,1.0,,,,,,,
precision_recall_point,augmente,SIRCH augment?,0.0035151662304997444,pr_point_65,,,,0.5599250936329588,1.0,,,,,,,
precision_recall_point,augmente,SIRCH augment?,0.0038703412283211946,pr_point_66,,,,0.5609756097560976,1.0,,,,,,,
precision_recall_point,augmente,SIRCH augment?,0.004003262147307396,pr_point_67,,,,0.5620300751879699,1.0,,,,,,,
precision_recall_point,augmente,SIRCH augment?,0.004219395108520985,pr_point_68,,,,0.5630885122410546,1.0,,,,,,,
precision_recall_point,augmente,SIRCH augment?,0.004260560497641563,pr_point_69,,,,0.5641509433962264,1.0,,,,,,,
precision_recall_point,augmente,SIRCH augment?,0.004272792488336563,pr_point_70,,,,0.5652173913043478,1.0,,,,,,,
precision_recall_point,augmente,SIRCH augment?,0.004376043565571308,pr_point_71,,,,0.5662878787878788,1.0,,,,,,,
precision_recall_point,augmente,SIRCH augment?,0.004487466998398304,pr_point_72,,,,0.5673624288425048,1.0,,,,,,,
precision_recall_point,augmente,SIRCH augment?,0.004853924736380577,pr_point_73,,,,0.5684410646387833,1.0,,,,,,,
precision_recall_point,augmente,SIRCH augment?,0.005560749210417271,pr_point_74,,,,0.5695238095238095,1.0,,,,,,,
precision_recall_point,augmente,SIRCH augment?,0.005812693852931261,pr_point_75,,,,0.5706106870229007,1.0,,,,,,,
precision_recall_point,augmente,SIRCH augment?,0.005848177708685398,pr_point_76,,,,0.5717017208413002,1.0,,,,,,,
precision_recall_point,augmente,SIRCH augment?,0.005881037563085556,pr_point_77,,,,0.5727969348659003,1.0,,,,,,,
precision_recall_point,augmente,SIRCH augment?,0.0059106964617967606,pr_point_78,,,,0.5738963531669866,1.0,,,,,,,
precision_recall_point,augmente,SIRCH augment?,0.005919331684708595,pr_point_79,,,,0.575,1.0,,,,,,,
precision_recall_point,augmente,SIRCH augment?,0.006044080480933189,pr_point_80,,,,0.5761078998073218,1.0,,,,,,,
precision_recall_point,augmente,SIRCH augment?,0.006595274433493614,pr_point_81,,,,0.5772200772200772,1.0,,,,,,,
precision_recall_point,augmente,SIRCH augment?,0.006653470918536186,pr_point_82,,,,0.5783365570599613,1.0,,,,,,,
precision_recall_point,augmente,SIRCH augment?,0.006869153119623661,pr_point_83,,,,0.5794573643410853,1.0,,,,,,,
precision_recall_point,augmente,SIRCH augment?,0.006963465828448534,pr_point_84,,,,0.5805825242718446,1.0,,,,,,,
precision_recall_point,augmente,SIRCH augment?,0.007331109140068293,pr_point_85,,,,0.5817120622568094,1.0,,,,,,,
precision_recall_point,augmente,SIRCH augment?,0.007338195573538542,pr_point_86,,,,0.5828460038986355,1.0,,,,,,,
precision_recall_point,augmente,SIRCH augment?,0.007339036092162132,pr_point_87,,,,0.583984375,1.0,,,,,,,
precision_recall_point,augmente,SIRCH augment?,0.007562998216599226,pr_point_88,,,,0.5851272015655578,1.0,,,,,,,
precision_recall_point,augmente,SIRCH augment?,0.0075843799859285355,pr_point_89,,,,0.5862745098039216,1.0,,,,,,,
precision_recall_point,augmente,SIRCH augment?,0.0076645477674901485,pr_point_90,,,,0.587426326129666,1.0,,,,,,,
precision_recall_point,augmente,SIRCH augment?,0.0076895360834896564,pr_point_91,,,,0.5885826771653543,1.0,,,,,,,
precision_recall_point,augmente,SIRCH augment?,0.0077021862380206585,pr_point_92,,,,0.5897435897435898,1.0,,,,,,,
precision_recall_point,augmente,SIRCH augment?,0.007722062990069389,pr_point_93,,,,0.5909090909090909,1.0,,,,,,,
precision_recall_point,augmente,SIRCH augment?,0.007882924750447273,pr_point_94,,,,0.592079207920792,1.0,,,,,,,
precision_recall_point,augmente,SIRCH augment?,0.008110948838293552,pr_point_95,,,,0.5932539682539683,1.0,,,,,,,
precision_recall_point,augmente,SIRCH augment?,0.00821728352457285,pr_point_96,,,,0.5944333996023857,1.0,,,,,,,
precision_recall_point,augmente,SIRCH augment?,0.008254709653556347,pr_point_97,,,,0.5956175298804781,1.0,,,,,,,
precision_recall_point,augmente,SIRCH augment?,0.00858384557068348,pr_point_98,,,,0.5968063872255489,1.0,,,,,,,
precision_recall_point,augmente,SIRCH augment?,0.008890380151569843,pr_point_99,,,,0.598,1.0,,,,,,,
precision_recall_point,augmente,SIRCH augment?,0.00895314384251833,pr_point_100,,,,0.5991983967935872,1.0,,,,,,,
precision_recall_point,augmente,SIRCH augment?,0.00901444535702467,pr_point_101,,,,0.6004016064257028,1.0,,,,,,,
precision_recall_point,augmente,SIRCH augment?,0.009101876057684422,pr_point_102,,,,0.6016096579476862,1.0,,,,,,,
precision_recall_point,augmente,SIRCH augment?,0.009165143594145775,pr_point_103,,,,0.6028225806451613,1.0,,,,,,,
precision_recall_point,augmente,SIRCH augment?,0.009917526505887508,pr_point_104,,,,0.604040404040404,1.0,,,,,,,
precision_recall_point,augmente,SIRCH augment?,0.010084573179483414,pr_point_105,,,,0.6052631578947368,1.0,,,,,,,
precision_recall_point,augmente,SIRCH augment?,0.010659734718501568,pr_point_106,,,,0.6064908722109533,1.0,,,,,,,
precision_recall_point,augmente,SIRCH augment?,0.010905362665653229,pr_point_107,,,,0.6077235772357723,1.0,,,,,,,
precision_recall_point,augmente,SIRCH augment?,0.010966391302645206,pr_point_108,,,,0.6089613034623218,1.0,,,,,,,
precision_recall_point,augmente,SIRCH augment?,0.0112060671672225,pr_point_109,,,,0.610204081632653,1.0,,,,,,,
precision_recall_point,augmente,SIRCH augment?,0.011662779375910759,pr_point_110,,,,0.6114519427402862,1.0,,,,,,,
precision_recall_point,augmente,SIRCH augment?,0.01176899392157793,pr_point_111,,,,0.6127049180327869,1.0,,,,,,,
precision_recall_point,augmente,SIRCH augment?,0.011823293752968311,pr_point_112,,,,0.6139630390143738,1.0,,,,,,,
precision_recall_point,augmente,SIRCH augment?,0.012075764127075672,pr_point_113,,,,0.6152263374485597,1.0,,,,,,,
precision_recall_point,augmente,SIRCH augment?,0.012137121520936489,pr_point_114,,,,0.6164948453608248,1.0,,,,,,,
precision_recall_point,augmente,SIRCH augment?,0.014283733442425728,pr_point_115,,,,0.6177685950413223,1.0,,,,,,,
precision_recall_point,augmente,SIRCH augment?,0.014390673488378525,pr_point_116,,,,0.6190476190476191,1.0,,,,,,,
precision_recall_point,augmente,SIRCH augment?,0.016171889379620552,pr_point_117,,,,0.6203319502074689,1.0,,,,,,,
precision_recall_point,augmente,SIRCH augment?,0.0162179134786129,pr_point_118,,,,0.6216216216216216,1.0,,,,,,,
precision_recall_point,augmente,SIRCH augment?,0.016261503100395203,pr_point_119,,,,0.6229166666666667,1.0,,,,,,,
precision_recall_point,augmente,SIRCH augment?,0.01665431447327137,pr_point_120,,,,0.6242171189979123,1.0,,,,,,,
precision_recall_point,augmente,SIRCH augment?,0.017018383368849754,pr_point_121,,,,0.6255230125523012,1.0,,,,,,,
precision_recall_point,augmente,SIRCH augment?,0.017378326505422592,pr_point_122,,,,0.6268343815513627,1.0,,,,,,,
precision_recall_point,augmente,SIRCH augment?,0.017414532601833344,pr_point_123,,,,0.6281512605042017,1.0,,,,,,,
precision_recall_point,augmente,SIRCH augment?,0.01837225630879402,pr_point_124,,,,0.6294736842105263,1.0,,,,,,,
precision_recall_point,augmente,SIRCH augment?,0.01963880844414234,pr_point_125,,,,0.630801687763713,1.0,,,,,,,
precision_recall_point,augmente,SIRCH augment?,0.02020835317671299,pr_point_126,,,,0.6321353065539113,1.0,,,,,,,
precision_recall_point,augmente,SIRCH augment?,0.020670464262366295,pr_point_127,,,,0.6334745762711864,1.0,,,,,,,
precision_recall_point,augmente,SIRCH augment?,0.020715851336717606,pr_point_128,,,,0.6348195329087049,1.0,,,,,,,
precision_recall_point,augmente,SIRCH augment?,0.021254438906908035,pr_point_129,,,,0.6361702127659574,1.0,,,,,,,
precision_recall_point,augmente,SIRCH augment?,0.02126515470445156,pr_point_130,,,,0.6375266524520256,1.0,,,,,,,
precision_recall_point,augmente,SIRCH augment?,0.021739929914474487,pr_point_131,,,,0.6388888888888888,1.0,,,,,,,
precision_recall_point,augmente,SIRCH augment?,0.02200906164944172,pr_point_132,,,,0.6402569593147751,1.0,,,,,,,
precision_recall_point,augmente,SIRCH augment?,0.02301623299717903,pr_point_133,,,,0.6416309012875536,1.0,,,,,,,
precision_recall_point,augmente,SIRCH augment?,0.023147383704781532,pr_point_134,,,,0.6430107526881721,1.0,,,,,,,
precision_recall_point,augmente,SIRCH augment?,0.023176703602075577,pr_point_135,,,,0.6443965517241379,1.0,,,,,,,
precision_recall_point,augmente,SIRCH augment?,0.023248091340065002,pr_point_136,,,,0.6457883369330454,1.0,,,,,,,
precision_recall_point,augmente,SIRCH augment?,0.025786977261304855,pr_point_137,,,,0.6471861471861472,1.0,,,,,,,
precision_recall_point,augmente,SIRCH augment?,0.026973528787493706,pr_point_138,,,,0.648590021691974,1.0,,,,,,,
precision_recall_point,augmente,SIRCH augment?,0.027163855731487274,pr_point_139,,,,0.65,1.0,,,,,,,
precision_recall_point,augmente,SIRCH augment?,0.027833692729473114,pr_point_140,,,,0.6514161220043573,1.0,,,,,,,
precision_recall_point,augmente,SIRCH augment?,0.02790452539920807,pr_point_141,,,,0.6528384279475983,1.0,,,,,,,
precision_recall_point,augmente,SIRCH augment?,0.029128188267350197,pr_point_142,,,,0.6542669584245077,1.0,,,,,,,
precision_recall_point,augmente,SIRCH augment?,0.02954692393541336,pr_point_143,,,,0.6557017543859649,1.0,,,,,,,
precision_recall_point,augmente,SIRCH augment?,0.029793279245495796,pr_point_144,,,,0.6571428571428571,1.0,,,,,,,
precision_recall_point,augmente,SIRCH augment?,0.030394921079277992,pr_point_145,,,,0.6585903083700441,1.0,,,,,,,
precision_recall_point,augmente,SIRCH augment?,0.03067401982843876,pr_point_146,,,,0.6600441501103753,1.0,,,,,,,
precision_recall_point,augmente,SIRCH augment?,0.03125756233930588,pr_point_147,,,,0.661504424778761,1.0,,,,,,,
precision_recall_point,augmente,SIRCH augment?,0.03162645548582077,pr_point_148,,,,0.6629711751662971,1.0,,,,,,,
precision_recall_point,augmente,SIRCH augment?,0.031925540417432785,pr_point_149,,,,0.6644444444444444,1.0,,,,,,,
precision_recall_point,augmente,SIRCH augment?,0.032365843653678894,pr_point_150,,,,0.6659242761692651,1.0,,,,,,,
precision_recall_point,augmente,SIRCH augment?,0.033863626420497894,pr_point_151,,,,0.6674107142857143,1.0,,,,,,,
precision_recall_point,augmente,SIRCH augment?,0.035823382437229156,pr_point_152,,,,0.668903803131991,1.0,,,,,,,
precision_recall_point,augmente,SIRCH augment?,0.03701009228825569,pr_point_153,,,,0.6704035874439462,1.0,,,,,,,
precision_recall_point,augmente,SIRCH augment?,0.037043698132038116,pr_point_154,,,,0.6719101123595506,1.0,,,,,,,
precision_recall_point,augmente,SIRCH augment?,0.03822513297200203,pr_point_155,,,,0.6734234234234234,1.0,,,,,,,
precision_recall_point,augmente,SIRCH augment?,0.03836863115429878,pr_point_156,,,,0.6749435665914221,1.0,,,,,,,
precision_recall_point,augmente,SIRCH augment?,0.039765506982803345,pr_point_157,,,,0.6764705882352942,1.0,,,,,,,
precision_recall_point,augmente,SIRCH augment?,0.04063735529780388,pr_point_158,,,,0.6780045351473923,1.0,,,,,,,
precision_recall_point,augmente,SIRCH augment?,0.04098479077219963,pr_point_159,,,,0.6795454545454546,1.0,,,,,,,
precision_recall_point,augmente,SIRCH augment?,0.041116148233413696,pr_point_160,,,,0.6810933940774487,1.0,,,,,,,
precision_recall_point,augmente,SIRCH augment?,0.043564651161432266,pr_point_161,,,,0.682648401826484,1.0,,,,,,,
precision_recall_point,augmente,SIRCH augment?,0.04424099251627922,pr_point_162,,,,0.6842105263157895,1.0,,,,,,,
precision_recall_point,augmente,SIRCH augment?,0.04466501623392105,pr_point_163,,,,0.6857798165137615,1.0,,,,,,,
precision_recall_point,augmente,SIRCH augment?,0.04559014365077019,pr_point_164,,,,0.6873563218390805,1.0,,,,,,,
precision_recall_point,augmente,SIRCH augment?,0.04586401209235191,pr_point_165,,,,0.6889400921658986,1.0,,,,,,,
precision_recall_point,augmente,SIRCH augment?,0.048474278301000595,pr_point_166,,,,0.6905311778290993,1.0,,,,,,,
precision_recall_point,augmente,SIRCH augment?,0.0486217625439167,pr_point_167,,,,0.6921296296296297,1.0,,,,,,,
precision_recall_point,augmente,SIRCH augment?,0.049561209976673126,pr_point_168,,,,0.6937354988399071,1.0,,,,,,,
precision_recall_point,augmente,SIRCH augment?,0.0500597283244133,pr_point_169,,,,0.6953488372093023,1.0,,,,,,,
precision_recall_point,augmente,SIRCH augment?,0.050724729895591736,pr_point_170,,,,0.696969696969697,1.0,,,,,,,
precision_recall_point,augmente,SIRCH augment?,0.05132531374692917,pr_point_171,,,,0.6985981308411215,1.0,,,,,,,
precision_recall_point,augmente,SIRCH augment?,0.05271400138735771,pr_point_172,,,,0.7002341920374707,1.0,,,,,,,
precision_recall_point,augmente,SIRCH augment?,0.05626270920038223,pr_point_173,,,,0.7018779342723005,1.0,,,,,,,
precision_recall_point,augmente,SIRCH augment?,0.05880523473024368,pr_point_174,,,,0.7035294117647058,1.0,,,,,,,
precision_recall_point,augmente,SIRCH augment?,0.05977166071534157,pr_point_175,,,,0.7051886792452831,1.0,,,,,,,
precision_recall_point,augmente,SIRCH augment?,0.06065721437335014,pr_point_176,,,,0.706855791962175,1.0,,,,,,,
precision_recall_point,augmente,SIRCH augment?,0.06204228475689888,pr_point_177,,,,0.7085308056872038,1.0,,,,,,,
precision_recall_point,augmente,SIRCH augment?,0.0689738318324089,pr_point_178,,,,0.7102137767220903,1.0,,,,,,,
precision_recall_point,augmente,SIRCH augment?,0.07993318885564804,pr_point_179,,,,0.7119047619047619,1.0,,,,,,,
precision_recall_point,augmente,SIRCH augment?,0.08140081912279129,pr_point_180,,,,0.7136038186157518,1.0,,,,,,,
precision_recall_point,augmente,SIRCH augment?,0.0829949676990509,pr_point_181,,,,0.715311004784689,1.0,,,,,,,
precision_recall_point,augmente,SIRCH augment?,0.08355985581874847,pr_point_182,,,,0.7170263788968825,1.0,,,,,,,
precision_recall_point,augmente,SIRCH augment?,0.08679117262363434,pr_point_183,,,,0.71875,1.0,,,,,,,
precision_recall_point,augmente,SIRCH augment?,0.08763158321380615,pr_point_184,,,,0.7204819277108434,1.0,,,,,,,
precision_recall_point,augmente,SIRCH augment?,0.08963552862405777,pr_point_185,,,,0.7222222222222222,1.0,,,,,,,
precision_recall_point,augmente,SIRCH augment?,0.09059565514326096,pr_point_186,,,,0.7239709443099274,1.0,,,,,,,
precision_recall_point,augmente,SIRCH augment?,0.09064719080924988,pr_point_187,,,,0.7257281553398058,1.0,,,,,,,
precision_recall_point,augmente,SIRCH augment?,0.09103517234325409,pr_point_188,,,,0.7274939172749392,1.0,,,,,,,
precision_recall_point,augmente,SIRCH augment?,0.09283331036567688,pr_point_189,,,,0.7292682926829268,1.0,,,,,,,
precision_recall_point,augmente,SIRCH augment?,0.09380310773849487,pr_point_190,,,,0.7310513447432763,1.0,,,,,,,
precision_recall_point,augmente,SIRCH augment?,0.10079971700906754,pr_point_191,,,,0.7328431372549019,1.0,,,,,,,
precision_recall_point,augmente,SIRCH augment?,0.10208707302808762,pr_point_192,,,,0.7346437346437347,1.0,,,,,,,
precision_recall_point,augmente,SIRCH augment?,0.10287149250507355,pr_point_193,,,,0.7364532019704434,1.0,,,,,,,
precision_recall_point,augmente,SIRCH augment?,0.10490686446428299,pr_point_194,,,,0.7382716049382716,1.0,,,,,,,
precision_recall_point,augmente,SIRCH augment?,0.10638664662837982,pr_point_195,,,,0.7400990099009901,1.0,,,,,,,
precision_recall_point,augmente,SIRCH augment?,0.10698721557855606,pr_point_196,,,,0.7419354838709677,1.0,,,,,,,
precision_recall_point,augmente,SIRCH augment?,0.1090158224105835,pr_point_197,,,,0.7437810945273632,1.0,,,,,,,
precision_recall_point,augmente,SIRCH augment?,0.11122958362102509,pr_point_198,,,,0.7475,1.0,,,,,,,
precision_recall_point,augmente,SIRCH augment?,0.11643392592668533,pr_point_199,,,,0.7493734335839599,1.0,,,,,,,
precision_recall_point,augmente,SIRCH augment?,0.11780931055545807,pr_point_200,,,,0.7512562814070352,1.0,,,,,,,
precision_recall_point,augmente,SIRCH augment?,0.11856050789356232,pr_point_201,,,,0.7531486146095718,1.0,,,,,,,
precision_recall_point,augmente,SIRCH augment?,0.11971762776374817,pr_point_202,,,,0.7550505050505051,1.0,,,,,,,
precision_recall_point,augmente,SIRCH augment?,0.12340046465396881,pr_point_203,,,,0.7569620253164557,1.0,,,,,,,
precision_recall_point,augmente,SIRCH augment?,0.12513785064220428,pr_point_204,,,,0.7588832487309645,1.0,,,,,,,
precision_recall_point,augmente,SIRCH augment?,0.12645713984966278,pr_point_205,,,,0.7608142493638677,1.0,,,,,,,
precision_recall_point,augmente,SIRCH augment?,0.13331793248653412,pr_point_206,,,,0.7627551020408163,1.0,,,,,,,
precision_recall_point,augmente,SIRCH augment?,0.13849344849586487,pr_point_207,,,,0.7647058823529411,1.0,,,,,,,
precision_recall_point,augmente,SIRCH augment?,0.14017686247825623,pr_point_208,,,,0.7666666666666667,1.0,,,,,,,
precision_recall_point,augmente,SIRCH augment?,0.14191679656505585,pr_point_209,,,,0.7686375321336761,1.0,,,,,,,
precision_recall_point,augmente,SIRCH augment?,0.1484963446855545,pr_point_210,,,,0.770618556701031,1.0,,,,,,,
precision_recall_point,augmente,SIRCH augment?,0.14956119656562805,pr_point_211,,,,0.772609819121447,1.0,,,,,,,
precision_recall_point,augmente,SIRCH augment?,0.15002314746379852,pr_point_212,,,,0.7746113989637305,1.0,,,,,,,
precision_recall_point,augmente,SIRCH augment?,0.15347477793693542,pr_point_213,,,,0.7766233766233767,1.0,,,,,,,
precision_recall_point,augmente,SIRCH augment?,0.15748125314712524,pr_point_214,,,,0.7786458333333334,1.0,,,,,,,
precision_recall_point,augmente,SIRCH augment?,0.1577112078666687,pr_point_215,,,,0.7806788511749347,1.0,,,,,,,
precision_recall_point,augmente,SIRCH augment?,0.15920649468898773,pr_point_216,,,,0.7801047120418848,0.9966555183946488,,,,,,,
precision_recall_point,augmente,SIRCH augment?,0.15978646278381348,pr_point_217,,,,0.7821522309711286,0.9966555183946488,,,,,,,
precision_recall_point,augmente,SIRCH augment?,0.1623455137014389,pr_point_218,,,,0.7842105263157895,0.9966555183946488,,,,,,,
precision_recall_point,augmente,SIRCH augment?,0.17536570131778717,pr_point_219,,,,0.7862796833773087,0.9966555183946488,,,,,,,
precision_recall_point,augmente,SIRCH augment?,0.18374882638454437,pr_point_220,,,,0.7883597883597884,0.9966555183946488,,,,,,,
precision_recall_point,augmente,SIRCH augment?,0.19175724685192108,pr_point_221,,,,0.7904509283819628,0.9966555183946488,,,,,,,
precision_recall_point,augmente,SIRCH augment?,0.1932993233203888,pr_point_222,,,,0.7925531914893617,0.9966555183946488,,,,,,,
precision_recall_point,augmente,SIRCH augment?,0.19555264711380005,pr_point_223,,,,0.7946666666666666,0.9966555183946488,,,,,,,
precision_recall_point,augmente,SIRCH augment?,0.20033690333366394,pr_point_224,,,,0.7967914438502673,0.9966555183946488,,,,,,,
precision_recall_point,augmente,SIRCH augment?,0.21236927807331085,pr_point_225,,,,0.7989276139410187,0.9966555183946488,,,,,,,
precision_recall_point,augmente,SIRCH augment?,0.22282811999320984,pr_point_226,,,,0.8010752688172043,0.9966555183946488,,,,,,,
precision_recall_point,augmente,SIRCH augment?,0.22322340309619904,pr_point_227,,,,0.8032345013477089,0.9966555183946488,,,,,,,
precision_recall_point,augmente,SIRCH augment?,0.2235688716173172,pr_point_228,,,,0.8027027027027027,0.9933110367892977,,,,,,,
precision_recall_point,augmente,SIRCH augment?,0.2296469509601593,pr_point_229,,,,0.8048780487804879,0.9933110367892977,,,,,,,
precision_recall_point,augmente,SIRCH augment?,0.23874413967132568,pr_point_230,,,,0.8070652173913043,0.9933110367892977,,,,,,,
precision_recall_point,augmente,SIRCH augment?,0.24310049414634705,pr_point_231,,,,0.8065395095367848,0.9899665551839465,,,,,,,
precision_recall_point,augmente,SIRCH augment?,0.24619701504707336,pr_point_232,,,,0.8087431693989071,0.9899665551839465,,,,,,,
precision_recall_point,augmente,SIRCH augment?,0.24657520651817322,pr_point_233,,,,0.810958904109589,0.9899665551839465,,,,,,,
precision_recall_point,augmente,SIRCH augment?,0.24665942788124084,pr_point_234,,,,0.8131868131868132,0.9899665551839465,,,,,,,
precision_recall_point,augmente,SIRCH augment?,0.2521543502807617,pr_point_235,,,,0.8154269972451791,0.9899665551839465,,,,,,,
precision_recall_point,augmente,SIRCH augment?,0.2562844157218933,pr_point_236,,,,0.8176795580110497,0.9899665551839465,,,,,,,
precision_recall_point,augmente,SIRCH augment?,0.26282092928886414,pr_point_237,,,,0.8199445983379502,0.9899665551839465,,,,,,,
precision_recall_point,augmente,SIRCH augment?,0.26428255438804626,pr_point_238,,,,0.8222222222222222,0.9899665551839465,,,,,,,
precision_recall_point,augmente,SIRCH augment?,0.27307459712028503,pr_point_239,,,,0.8245125348189415,0.9899665551839465,,,,,,,
precision_recall_point,augmente,SIRCH augment?,0.2775682210922241,pr_point_240,,,,0.8268156424581006,0.9899665551839465,,,,,,,
precision_recall_point,augmente,SIRCH augment?,0.2831837236881256,pr_point_241,,,,0.8291316526610645,0.9899665551839465,,,,,,,
precision_recall_point,augmente,SIRCH augment?,0.2859612703323364,pr_point_242,,,,0.8314606741573034,0.9899665551839465,,,,,,,
precision_recall_point,augmente,SIRCH augment?,0.2916187644004822,pr_point_243,,,,0.8338028169014085,0.9899665551839465,,,,,,,
precision_recall_point,augmente,SIRCH augment?,0.30665862560272217,pr_point_244,,,,0.8361581920903954,0.9899665551839465,,,,,,,
precision_recall_point,augmente,SIRCH augment?,0.3109550476074219,pr_point_245,,,,0.8385269121813032,0.9899665551839465,,,,,,,
precision_recall_point,augmente,SIRCH augment?,0.32265162467956543,pr_point_246,,,,0.8409090909090909,0.9899665551839465,,,,,,,
precision_recall_point,augmente,SIRCH augment?,0.32499682903289795,pr_point_247,,,,0.8433048433048433,0.9899665551839465,,,,,,,
precision_recall_point,augmente,SIRCH augment?,0.32889875769615173,pr_point_248,,,,0.8457142857142858,0.9899665551839465,,,,,,,
precision_recall_point,augmente,SIRCH augment?,0.333091676235199,pr_point_249,,,,0.8452722063037249,0.9866220735785953,,,,,,,
precision_recall_point,augmente,SIRCH augment?,0.35177573561668396,pr_point_250,,,,0.8477011494252874,0.9866220735785953,,,,,,,
precision_recall_point,augmente,SIRCH augment?,0.35231539607048035,pr_point_251,,,,0.8501440922190202,0.9866220735785953,,,,,,,
precision_recall_point,augmente,SIRCH augment?,0.3590618073940277,pr_point_252,,,,0.8497109826589595,0.9832775919732442,,,,,,,
precision_recall_point,augmente,SIRCH augment?,0.36347442865371704,pr_point_253,,,,0.8521739130434782,0.9832775919732442,,,,,,,
precision_recall_point,augmente,SIRCH augment?,0.36377474665641785,pr_point_254,,,,0.8546511627906976,0.9832775919732442,,,,,,,
precision_recall_point,augmente,SIRCH augment?,0.3662513792514801,pr_point_255,,,,0.8571428571428571,0.9832775919732442,,,,,,,
precision_recall_point,augmente,SIRCH augment?,0.3982127606868744,pr_point_256,,,,0.8567251461988304,0.979933110367893,,,,,,,
precision_recall_point,augmente,SIRCH augment?,0.4150305688381195,pr_point_257,,,,0.8592375366568915,0.979933110367893,,,,,,,
precision_recall_point,augmente,SIRCH augment?,0.4251851737499237,pr_point_258,,,,0.8588235294117647,0.9765886287625418,,,,,,,
precision_recall_point,augmente,SIRCH augment?,0.4261839687824249,pr_point_259,,,,0.8613569321533924,0.9765886287625418,,,,,,,
precision_recall_point,augmente,SIRCH augment?,0.4287962019443512,pr_point_260,,,,0.863905325443787,0.9765886287625418,,,,,,,
precision_recall_point,augmente,SIRCH augment?,0.42889654636383057,pr_point_261,,,,0.8664688427299704,0.9765886287625418,,,,,,,
precision_recall_point,augmente,SIRCH augment?,0.4344501793384552,pr_point_262,,,,0.8690476190476191,0.9765886287625418,,,,,,,
precision_recall_point,augmente,SIRCH augment?,0.44369325041770935,pr_point_263,,,,0.8686567164179104,0.9732441471571907,,,,,,,
precision_recall_point,augmente,SIRCH augment?,0.44581207633018494,pr_point_264,,,,0.8712574850299402,0.9732441471571907,,,,,,,
precision_recall_point,augmente,SIRCH augment?,0.44872528314590454,pr_point_265,,,,0.8738738738738738,0.9732441471571907,,,,,,,
precision_recall_point,augmente,SIRCH augment?,0.45428353548049927,pr_point_266,,,,0.8765060240963856,0.9732441471571907,,,,,,,
precision_recall_point,augmente,SIRCH augment?,0.4552157521247864,pr_point_267,,,,0.879154078549849,0.9732441471571907,,,,,,,
precision_recall_point,augmente,SIRCH augment?,0.4681170582771301,pr_point_268,,,,0.8787878787878788,0.9698996655518395,,,,,,,
precision_recall_point,augmente,SIRCH augment?,0.47743675112724304,pr_point_269,,,,0.8814589665653495,0.9698996655518395,,,,,,,
precision_recall_point,augmente,SIRCH augment?,0.4817580580711365,pr_point_270,,,,0.8810975609756098,0.9665551839464883,,,,,,,
precision_recall_point,augmente,SIRCH augment?,0.4822147786617279,pr_point_271,,,,0.8837920489296636,0.9665551839464883,,,,,,,
precision_recall_point,augmente,SIRCH augment?,0.4829570949077606,pr_point_272,,,,0.8834355828220859,0.9632107023411371,,,,,,,
precision_recall_point,augmente,SIRCH augment?,0.5067580938339233,pr_point_273,,,,0.8861538461538462,0.9632107023411371,,,,,,,
precision_recall_point,augmente,SIRCH augment?,0.5107105374336243,pr_point_274,,,,0.8888888888888888,0.9632107023411371,,,,,,,
precision_recall_point,augmente,SIRCH augment?,0.5170177817344666,pr_point_275,,,,0.891640866873065,0.9632107023411371,,,,,,,
precision_recall_point,augmente,SIRCH augment?,0.5251749157905579,pr_point_276,,,,0.8913043478260869,0.959866220735786,,,,,,,
precision_recall_point,augmente,SIRCH augment?,0.5393913984298706,pr_point_277,,,,0.8940809968847352,0.959866220735786,,,,,,,
precision_recall_point,augmente,SIRCH augment?,0.5399546027183533,pr_point_278,,,,0.896875,0.959866220735786,,,,,,,
precision_recall_point,augmente,SIRCH augment?,0.5454618334770203,pr_point_279,,,,0.8996865203761756,0.959866220735786,,,,,,,
precision_recall_point,augmente,SIRCH augment?,0.5599298477172852,pr_point_280,,,,0.9025157232704403,0.959866220735786,,,,,,,
precision_recall_point,augmente,SIRCH augment?,0.5608663558959961,pr_point_281,,,,0.9022082018927445,0.9565217391304348,,,,,,,
precision_recall_point,augmente,SIRCH augment?,0.5613670349121094,pr_point_282,,,,0.9018987341772152,0.9531772575250836,,,,,,,
precision_recall_point,augmente,SIRCH augment?,0.5634427070617676,pr_point_283,,,,0.9047619047619048,0.9531772575250836,,,,,,,
precision_recall_point,augmente,SIRCH augment?,0.5729160904884338,pr_point_284,,,,0.9076433121019108,0.9531772575250836,,,,,,,
precision_recall_point,augmente,SIRCH augment?,0.5774020552635193,pr_point_285,,,,0.9073482428115016,0.9498327759197325,,,,,,,
precision_recall_point,augmente,SIRCH augment?,0.5833058953285217,pr_point_286,,,,0.907051282051282,0.9464882943143813,,,,,,,
precision_recall_point,augmente,SIRCH augment?,0.5851802825927734,pr_point_287,,,,0.9067524115755627,0.9431438127090301,,,,,,,
precision_recall_point,augmente,SIRCH augment?,0.5895599126815796,pr_point_288,,,,0.9064516129032258,0.939799331103679,,,,,,,
precision_recall_point,augmente,SIRCH augment?,0.6001827120780945,pr_point_289,,,,0.9061488673139159,0.9364548494983278,,,,,,,
precision_recall_point,augmente,SIRCH augment?,0.6024667024612427,pr_point_290,,,,0.9058441558441559,0.9331103678929766,,,,,,,
precision_recall_point,augmente,SIRCH augment?,0.6060557961463928,pr_point_291,,,,0.9087947882736156,0.9331103678929766,,,,,,,
precision_recall_point,augmente,SIRCH augment?,0.6063668727874756,pr_point_292,,,,0.9084967320261438,0.9297658862876255,,,,,,,
precision_recall_point,augmente,SIRCH augment?,0.6225214004516602,pr_point_293,,,,0.9081967213114754,0.9264214046822743,,,,,,,
precision_recall_point,augmente,SIRCH augment?,0.6263722777366638,pr_point_294,,,,0.9078947368421053,0.9230769230769231,,,,,,,
precision_recall_point,augmente,SIRCH augment?,0.6330674886703491,pr_point_295,,,,0.9108910891089109,0.9230769230769231,,,,,,,
precision_recall_point,augmente,SIRCH augment?,0.6386771202087402,pr_point_296,,,,0.9105960264900662,0.919732441471572,,,,,,,
precision_recall_point,augmente,SIRCH augment?,0.6480609774589539,pr_point_297,,,,0.9136212624584718,0.919732441471572,,,,,,,
precision_recall_point,augmente,SIRCH augment?,0.6484494209289551,pr_point_298,,,,0.9166666666666666,0.919732441471572,,,,,,,
precision_recall_point,augmente,SIRCH augment?,0.6565238833427429,pr_point_299,,,,0.9163879598662207,0.9163879598662207,,,,,,,
precision_recall_point,augmente,SIRCH augment?,0.6570042967796326,pr_point_300,,,,0.9194630872483222,0.9163879598662207,,,,,,,
precision_recall_point,augmente,SIRCH augment?,0.6676107048988342,pr_point_301,,,,0.9225589225589226,0.9163879598662207,,,,,,,
precision_recall_point,augmente,SIRCH augment?,0.6782760620117188,pr_point_302,,,,0.9222972972972973,0.9130434782608695,,,,,,,
precision_recall_point,augmente,SIRCH augment?,0.6814579367637634,pr_point_303,,,,0.9254237288135593,0.9130434782608695,,,,,,,
precision_recall_point,augmente,SIRCH augment?,0.6878395080566406,pr_point_304,,,,0.9285714285714286,0.9130434782608695,,,,,,,
precision_recall_point,augmente,SIRCH augment?,0.6916850209236145,pr_point_305,,,,0.9283276450511946,0.9096989966555183,,,,,,,
precision_recall_point,augmente,SIRCH augment?,0.6951707601547241,pr_point_306,,,,0.928082191780822,0.9063545150501672,,,,,,,
precision_recall_point,augmente,SIRCH augment?,0.6988688111305237,pr_point_307,,,,0.9278350515463918,0.903010033444816,,,,,,,
precision_recall_point,augmente,SIRCH augment?,0.7020385265350342,pr_point_308,,,,0.9310344827586207,0.903010033444816,,,,,,,
precision_recall_point,augmente,SIRCH augment?,0.7057945728302002,pr_point_309,,,,0.9307958477508651,0.8996655518394648,,,,,,,
precision_recall_point,augmente,SIRCH augment?,0.7163882255554199,pr_point_310,,,,0.9305555555555556,0.8963210702341137,,,,,,,
precision_recall_point,augmente,SIRCH augment?,0.7188394665718079,pr_point_311,,,,0.9303135888501742,0.8929765886287625,,,,,,,
precision_recall_point,augmente,SIRCH augment?,0.7219241857528687,pr_point_312,,,,0.9335664335664335,0.8929765886287625,,,,,,,
precision_recall_point,augmente,SIRCH augment?,0.726121187210083,pr_point_313,,,,0.9333333333333333,0.8896321070234113,,,,,,,
precision_recall_point,augmente,SIRCH augment?,0.7302862405776978,pr_point_314,,,,0.9366197183098591,0.8896321070234113,,,,,,,
precision_recall_point,augmente,SIRCH augment?,0.7349196672439575,pr_point_315,,,,0.9399293286219081,0.8896321070234113,,,,,,,
precision_recall_point,augmente,SIRCH augment?,0.7352818846702576,pr_point_316,,,,0.9397163120567376,0.8862876254180602,,,,,,,
precision_recall_point,augmente,SIRCH augment?,0.743640124797821,pr_point_317,,,,0.9395017793594306,0.882943143812709,,,,,,,
precision_recall_point,augmente,SIRCH augment?,0.7449615597724915,pr_point_318,,,,0.9392857142857143,0.8795986622073578,,,,,,,
precision_recall_point,augmente,SIRCH augment?,0.7470154762268066,pr_point_319,,,,0.942652329749104,0.8795986622073578,,,,,,,
precision_recall_point,augmente,SIRCH augment?,0.7494328618049622,pr_point_320,,,,0.9424460431654677,0.8762541806020067,,,,,,,
precision_recall_point,augmente,SIRCH augment?,0.7529721856117249,pr_point_321,,,,0.9422382671480144,0.8729096989966555,,,,,,,
precision_recall_point,augmente,SIRCH augment?,0.7546275854110718,pr_point_322,,,,0.9420289855072463,0.8695652173913043,,,,,,,
precision_recall_point,augmente,SIRCH augment?,0.7572800517082214,pr_point_323,,,,0.9418181818181818,0.8662207357859532,,,,,,,
precision_recall_point,augmente,SIRCH augment?,0.757495641708374,pr_point_324,,,,0.9416058394160584,0.862876254180602,,,,,,,
precision_recall_point,augmente,SIRCH augment?,0.7575057744979858,pr_point_325,,,,0.945054945054945,0.862876254180602,,,,,,,
precision_recall_point,augmente,SIRCH augment?,0.7585110664367676,pr_point_326,,,,0.9448529411764706,0.8595317725752508,,,,,,,
precision_recall_point,augmente,SIRCH augment?,0.7677269577980042,pr_point_327,,,,0.9446494464944649,0.8561872909698997,,,,,,,
precision_recall_point,augmente,SIRCH augment?,0.7761903405189514,pr_point_328,,,,0.9444444444444444,0.8528428093645485,,,,,,,
precision_recall_point,augmente,SIRCH augment?,0.7770035266876221,pr_point_329,,,,0.9442379182156134,0.8494983277591973,,,,,,,
precision_recall_point,augmente,SIRCH augment?,0.7782386541366577,pr_point_330,,,,0.9440298507462687,0.8461538461538461,,,,,,,
precision_recall_point,augmente,SIRCH augment?,0.7813708186149597,pr_point_331,,,,0.9438202247191011,0.842809364548495,,,,,,,
precision_recall_point,augmente,SIRCH augment?,0.7838250994682312,pr_point_332,,,,0.943609022556391,0.8394648829431438,,,,,,,
precision_recall_point,augmente,SIRCH augment?,0.792219877243042,pr_point_333,,,,0.9433962264150944,0.8361204013377926,,,,,,,
precision_recall_point,augmente,SIRCH augment?,0.7926828861236572,pr_point_334,,,,0.9431818181818182,0.8327759197324415,,,,,,,
precision_recall_point,augmente,SIRCH augment?,0.7949702143669128,pr_point_335,,,,0.9467680608365019,0.8327759197324415,,,,,,,
precision_recall_point,augmente,SIRCH augment?,0.809930145740509,pr_point_336,,,,0.9465648854961832,0.8294314381270903,,,,,,,
precision_recall_point,augmente,SIRCH augment?,0.8114900588989258,pr_point_337,,,,0.946360153256705,0.8260869565217391,,,,,,,
precision_recall_point,augmente,SIRCH augment?,0.8210688829421997,pr_point_338,,,,0.9461538461538461,0.822742474916388,,,,,,,
precision_recall_point,augmente,SIRCH augment?,0.8236760497093201,pr_point_339,,,,0.9459459459459459,0.8193979933110368,,,,,,,
precision_recall_point,augmente,SIRCH augment?,0.824770987033844,pr_point_340,,,,0.9457364341085271,0.8160535117056856,,,,,,,
precision_recall_point,augmente,SIRCH augment?,0.8254875540733337,pr_point_341,,,,0.9455252918287937,0.8127090301003345,,,,,,,
precision_recall_point,augmente,SIRCH augment?,0.8263731002807617,pr_point_342,,,,0.9453125,0.8093645484949833,,,,,,,
precision_recall_point,augmente,SIRCH augment?,0.8283491730690002,pr_point_343,,,,0.9490196078431372,0.8093645484949833,,,,,,,
precision_recall_point,augmente,SIRCH augment?,0.8311585783958435,pr_point_344,,,,0.9488188976377953,0.8060200668896321,,,,,,,
precision_recall_point,augmente,SIRCH augment?,0.8347883820533752,pr_point_345,,,,0.9486166007905138,0.802675585284281,,,,,,,
precision_recall_point,augmente,SIRCH augment?,0.834855318069458,pr_point_346,,,,0.9484126984126984,0.7993311036789298,,,,,,,
precision_recall_point,augmente,SIRCH augment?,0.8353888988494873,pr_point_347,,,,0.9482071713147411,0.7959866220735786,,,,,,,
precision_recall_point,augmente,SIRCH augment?,0.835763692855835,pr_point_348,,,,0.948,0.7926421404682275,,,,,,,
precision_recall_point,augmente,SIRCH augment?,0.8381332755088806,pr_point_349,,,,0.9477911646586346,0.7892976588628763,,,,,,,
precision_recall_point,augmente,SIRCH augment?,0.8391445875167847,pr_point_350,,,,0.9475806451612904,0.7859531772575251,,,,,,,
precision_recall_point,augmente,SIRCH augment?,0.8421967029571533,pr_point_351,,,,0.9473684210526315,0.782608695652174,,,,,,,
precision_recall_point,augmente,SIRCH augment?,0.8425610065460205,pr_point_352,,,,0.9512195121951219,0.782608695652174,,,,,,,
precision_recall_point,augmente,SIRCH augment?,0.8432680368423462,pr_point_353,,,,0.9510204081632653,0.7792642140468228,,,,,,,
precision_recall_point,augmente,SIRCH augment?,0.8444660305976868,pr_point_354,,,,0.9508196721311475,0.7759197324414716,,,,,,,
precision_recall_point,augmente,SIRCH augment?,0.8479471802711487,pr_point_355,,,,0.9506172839506173,0.7725752508361204,,,,,,,
precision_recall_point,augmente,SIRCH augment?,0.8481811881065369,pr_point_356,,,,0.9504132231404959,0.7692307692307693,,,,,,,
precision_recall_point,augmente,SIRCH augment?,0.849804699420929,pr_point_357,,,,0.9543568464730291,0.7692307692307693,,,,,,,
precision_recall_point,augmente,SIRCH augment?,0.8532530665397644,pr_point_358,,,,0.9541666666666667,0.7658862876254181,,,,,,,
precision_recall_point,augmente,SIRCH augment?,0.8553305268287659,pr_point_359,,,,0.9539748953974896,0.7625418060200669,,,,,,,
precision_recall_point,augmente,SIRCH augment?,0.8562556505203247,pr_point_360,,,,0.9537815126050421,0.7591973244147158,,,,,,,
precision_recall_point,augmente,SIRCH augment?,0.8599647283554077,pr_point_361,,,,0.9535864978902954,0.7558528428093646,,,,,,,
precision_recall_point,augmente,SIRCH augment?,0.8607562184333801,pr_point_362,,,,0.9533898305084746,0.7525083612040134,,,,,,,
precision_recall_point,augmente,SIRCH augment?,0.861246645450592,pr_point_363,,,,0.9531914893617022,0.7491638795986622,,,,,,,
precision_recall_point,augmente,SIRCH augment?,0.8652656674385071,pr_point_364,,,,0.9529914529914529,0.745819397993311,,,,,,,
precision_recall_point,augmente,SIRCH augment?,0.868716299533844,pr_point_365,,,,0.9570815450643777,0.745819397993311,,,,,,,
precision_recall_point,augmente,SIRCH augment?,0.8728483319282532,pr_point_366,,,,0.9612068965517241,0.745819397993311,,,,,,,
precision_recall_point,augmente,SIRCH augment?,0.8737455606460571,pr_point_367,,,,0.961038961038961,0.7424749163879598,,,,,,,
precision_recall_point,augmente,SIRCH augment?,0.8764492869377136,pr_point_368,,,,0.9608695652173913,0.7391304347826086,,,,,,,
precision_recall_point,augmente,SIRCH augment?,0.8784224987030029,pr_point_369,,,,0.9606986899563319,0.7357859531772575,,,,,,,
precision_recall_point,augmente,SIRCH augment?,0.8819262385368347,pr_point_370,,,,0.9605263157894737,0.7324414715719063,,,,,,,
precision_recall_point,augmente,SIRCH augment?,0.8825212121009827,pr_point_371,,,,0.960352422907489,0.7290969899665551,,,,,,,
precision_recall_point,augmente,SIRCH augment?,0.8849949240684509,pr_point_372,,,,0.9601769911504425,0.725752508361204,,,,,,,
precision_recall_point,augmente,SIRCH augment?,0.8851205706596375,pr_point_373,,,,0.96,0.7224080267558528,,,,,,,
precision_recall_point,augmente,SIRCH augment?,0.8859310150146484,pr_point_374,,,,0.9598214285714286,0.7190635451505016,,,,,,,
precision_recall_point,augmente,SIRCH augment?,0.8867824673652649,pr_point_375,,,,0.9596412556053812,0.7157190635451505,,,,,,,
precision_recall_point,augmente,SIRCH augment?,0.8881691694259644,pr_point_376,,,,0.9594594594594594,0.7123745819397993,,,,,,,
precision_recall_point,augmente,SIRCH augment?,0.8939008712768555,pr_point_377,,,,0.9592760180995475,0.7090301003344481,,,,,,,
precision_recall_point,augmente,SIRCH augment?,0.9014432430267334,pr_point_378,,,,0.9636363636363636,0.7090301003344481,,,,,,,
precision_recall_point,augmente,SIRCH augment?,0.9014819860458374,pr_point_379,,,,0.9634703196347032,0.705685618729097,,,,,,,
precision_recall_point,augmente,SIRCH augment?,0.902679979801178,pr_point_380,,,,0.963302752293578,0.7023411371237458,,,,,,,
precision_recall_point,augmente,SIRCH augment?,0.9031552076339722,pr_point_381,,,,0.967741935483871,0.7023411371237458,,,,,,,
precision_recall_point,augmente,SIRCH augment?,0.9050594568252563,pr_point_382,,,,0.9675925925925926,0.6989966555183946,,,,,,,
precision_recall_point,augmente,SIRCH augment?,0.9073441624641418,pr_point_383,,,,0.9674418604651163,0.6956521739130435,,,,,,,
precision_recall_point,augmente,SIRCH augment?,0.9084650874137878,pr_point_384,,,,0.9672897196261683,0.6923076923076923,,,,,,,
precision_recall_point,augmente,SIRCH augment?,0.9086772799491882,pr_point_385,,,,0.9671361502347418,0.6889632107023411,,,,,,,
precision_recall_point,augmente,SIRCH augment?,0.9093446135520935,pr_point_386,,,,0.9669811320754716,0.68561872909699,,,,,,,
precision_recall_point,augmente,SIRCH augment?,0.911449670791626,pr_point_387,,,,0.966824644549763,0.6822742474916388,,,,,,,
precision_recall_point,augmente,SIRCH augment?,0.9118442535400391,pr_point_388,,,,0.9714285714285714,0.6822742474916388,,,,,,,
precision_recall_point,augmente,SIRCH augment?,0.9132445454597473,pr_point_389,,,,0.9760765550239234,0.6822742474916388,,,,,,,
precision_recall_point,augmente,SIRCH augment?,0.9134732484817505,pr_point_390,,,,0.9807692307692307,0.6822742474916388,,,,,,,
precision_recall_point,augmente,SIRCH augment?,0.9136667847633362,pr_point_391,,,,0.9806763285024155,0.6789297658862876,,,,,,,
precision_recall_point,augmente,SIRCH augment?,0.913866400718689,pr_point_392,,,,0.9805825242718447,0.6755852842809364,,,,,,,
precision_recall_point,augmente,SIRCH augment?,0.9145894050598145,pr_point_393,,,,0.9804878048780488,0.6722408026755853,,,,,,,
precision_recall_point,augmente,SIRCH augment?,0.9147328734397888,pr_point_394,,,,0.9852941176470589,0.6722408026755853,,,,,,,
precision_recall_point,augmente,SIRCH augment?,0.9168199300765991,pr_point_395,,,,0.9852216748768473,0.6688963210702341,,,,,,,
precision_recall_point,augmente,SIRCH augment?,0.9170618057250977,pr_point_396,,,,0.9851485148514851,0.6655518394648829,,,,,,,
precision_recall_point,augmente,SIRCH augment?,0.9188897609710693,pr_point_397,,,,0.9850746268656716,0.6622073578595318,,,,,,,
precision_recall_point,augmente,SIRCH augment?,0.9206863641738892,pr_point_398,,,,0.985,0.6588628762541806,,,,,,,
precision_recall_point,augmente,SIRCH augment?,0.9218353629112244,pr_point_399,,,,0.9849246231155779,0.6555183946488294,,,,,,,
precision_recall_point,augmente,SIRCH augment?,0.9225153923034668,pr_point_400,,,,0.9848484848484849,0.6521739130434783,,,,,,,
precision_recall_point,augmente,SIRCH augment?,0.9234986305236816,pr_point_401,,,,0.9847715736040609,0.6488294314381271,,,,,,,
precision_recall_point,augmente,SIRCH augment?,0.9247846603393555,pr_point_402,,,,0.9846938775510204,0.6454849498327759,,,,,,,
precision_recall_point,augmente,SIRCH augment?,0.9248588681221008,pr_point_403,,,,0.9846153846153847,0.6421404682274248,,,,,,,
precision_recall_point,augmente,SIRCH augment?,0.9255566000938416,pr_point_404,,,,0.9845360824742269,0.6387959866220736,,,,,,,
precision_recall_point,augmente,SIRCH augment?,0.9270048141479492,pr_point_405,,,,0.9896373056994818,0.6387959866220736,,,,,,,
precision_recall_point,augmente,SIRCH augment?,0.9282798767089844,pr_point_406,,,,0.9895833333333334,0.6354515050167224,,,,,,,
precision_recall_point,augmente,SIRCH augment?,0.9291732311248779,pr_point_407,,,,0.9895287958115183,0.6321070234113713,,,,,,,
precision_recall_point,augmente,SIRCH augment?,0.9300012588500977,pr_point_408,,,,0.9894736842105263,0.6287625418060201,,,,,,,
precision_recall_point,augmente,SIRCH augment?,0.9300528168678284,pr_point_409,,,,0.9894179894179894,0.6254180602006689,,,,,,,
precision_recall_point,augmente,SIRCH augment?,0.9309995174407959,pr_point_410,,,,0.9893617021276596,0.6220735785953178,,,,,,,
precision_recall_point,augmente,SIRCH augment?,0.9332035779953003,pr_point_411,,,,0.9893048128342246,0.6187290969899666,,,,,,,
precision_recall_point,augmente,SIRCH augment?,0.9338831305503845,pr_point_412,,,,0.989247311827957,0.6153846153846154,,,,,,,
precision_recall_point,augmente,SIRCH augment?,0.9353432059288025,pr_point_413,,,,0.9891891891891892,0.6120401337792643,,,,,,,
precision_recall_point,augmente,SIRCH augment?,0.9357434511184692,pr_point_414,,,,0.9891304347826086,0.6086956521739131,,,,,,,
precision_recall_point,augmente,SIRCH augment?,0.935788631439209,pr_point_415,,,,0.9890710382513661,0.6053511705685619,,,,,,,
precision_recall_point,augmente,SIRCH augment?,0.9366840720176697,pr_point_416,,,,0.989010989010989,0.6020066889632107,,,,,,,
precision_recall_point,augmente,SIRCH augment?,0.936808168888092,pr_point_417,,,,0.988950276243094,0.5986622073578596,,,,,,,
precision_recall_point,augmente,SIRCH augment?,0.9392026662826538,pr_point_418,,,,0.9888888888888889,0.5953177257525084,,,,,,,
precision_recall_point,augmente,SIRCH augment?,0.9393929243087769,pr_point_419,,,,0.9888268156424581,0.5919732441471572,,,,,,,
precision_recall_point,augmente,SIRCH augment?,0.9403572082519531,pr_point_420,,,,0.9943820224719101,0.5919732441471572,,,,,,,
precision_recall_point,augmente,SIRCH augment?,0.9405010342597961,pr_point_421,,,,0.9943502824858758,0.5886287625418061,,,,,,,
precision_recall_point,augmente,SIRCH augment?,0.9406175017356873,pr_point_422,,,,0.9943181818181818,0.5852842809364549,,,,,,,
precision_recall_point,augmente,SIRCH augment?,0.9417957067489624,pr_point_423,,,,0.9942857142857143,0.5819397993311036,,,,,,,
precision_recall_point,augmente,SIRCH augment?,0.942409098148346,pr_point_424,,,,0.9942528735632183,0.5785953177257525,,,,,,,
precision_recall_point,augmente,SIRCH augment?,0.9426645636558533,pr_point_425,,,,0.9942196531791907,0.5752508361204013,,,,,,,
precision_recall_point,augmente,SIRCH augment?,0.9438997507095337,pr_point_426,,,,0.9941860465116279,0.5719063545150501,,,,,,,
precision_recall_point,augmente,SIRCH augment?,0.9440935254096985,pr_point_427,,,,0.9941520467836257,0.568561872909699,,,,,,,
precision_recall_point,augmente,SIRCH augment?,0.9451209902763367,pr_point_428,,,,0.9941176470588236,0.5652173913043478,,,,,,,
precision_recall_point,augmente,SIRCH augment?,0.9457645416259766,pr_point_429,,,,0.9940828402366864,0.5618729096989966,,,,,,,
precision_recall_point,augmente,SIRCH augment?,0.9464572668075562,pr_point_430,,,,0.9940476190476191,0.5585284280936454,,,,,,,
precision_recall_point,augmente,SIRCH augment?,0.9464612007141113,pr_point_431,,,,0.9940119760479041,0.5551839464882943,,,,,,,
precision_recall_point,augmente,SIRCH augment?,0.9476429224014282,pr_point_432,,,,0.9939759036144579,0.5518394648829431,,,,,,,
precision_recall_point,augmente,SIRCH augment?,0.9480679035186768,pr_point_433,,,,0.9939393939393939,0.5484949832775919,,,,,,,
precision_recall_point,augmente,SIRCH augment?,0.9481826424598694,pr_point_434,,,,0.9939024390243902,0.5451505016722408,,,,,,,
precision_recall_point,augmente,SIRCH augment?,0.948542058467865,pr_point_435,,,,0.9938650306748467,0.5418060200668896,,,,,,,
precision_recall_point,augmente,SIRCH augment?,0.9486749172210693,pr_point_436,,,,0.9938271604938271,0.5384615384615384,,,,,,,
precision_recall_point,augmente,SIRCH augment?,0.9505333304405212,pr_point_437,,,,0.9937888198757764,0.5351170568561873,,,,,,,
precision_recall_point,augmente,SIRCH augment?,0.9518200159072876,pr_point_438,,,,0.99375,0.5317725752508361,,,,,,,
precision_recall_point,augmente,SIRCH augment?,0.9521222114562988,pr_point_439,,,,0.9937106918238994,0.5284280936454849,,,,,,,
precision_recall_point,augmente,SIRCH augment?,0.9522656202316284,pr_point_440,,,,0.9936708860759493,0.5250836120401338,,,,,,,
precision_recall_point,augmente,SIRCH augment?,0.9524779319763184,pr_point_441,,,,0.9936305732484076,0.5217391304347826,,,,,,,
precision_recall_point,augmente,SIRCH augment?,0.9531132578849792,pr_point_442,,,,0.9935897435897436,0.5183946488294314,,,,,,,
precision_recall_point,augmente,SIRCH augment?,0.9543462991714478,pr_point_443,,,,0.9935483870967742,0.5150501672240803,,,,,,,
precision_recall_point,augmente,SIRCH augment?,0.955112874507904,pr_point_444,,,,0.9935064935064936,0.5117056856187291,,,,,,,
precision_recall_point,augmente,SIRCH augment?,0.9580399394035339,pr_point_445,,,,0.9934640522875817,0.5083612040133779,,,,,,,
precision_recall_point,augmente,SIRCH augment?,0.9586430191993713,pr_point_446,,,,0.993421052631579,0.5050167224080268,,,,,,,
precision_recall_point,augmente,SIRCH augment?,0.9587101936340332,pr_point_447,,,,0.9933774834437086,0.5016722408026756,,,,,,,
precision_recall_point,augmente,SIRCH augment?,0.9587871432304382,pr_point_448,,,,0.9933333333333333,0.4983277591973244,,,,,,,
precision_recall_point,augmente,SIRCH augment?,0.9591249227523804,pr_point_449,,,,0.9932885906040269,0.49498327759197325,,,,,,,
precision_recall_point,augmente,SIRCH augment?,0.9592976570129395,pr_point_450,,,,0.9932432432432432,0.4916387959866221,,,,,,,
precision_recall_point,augmente,SIRCH augment?,0.9594217538833618,pr_point_451,,,,0.9931972789115646,0.4882943143812709,,,,,,,
precision_recall_point,augmente,SIRCH augment?,0.9595187902450562,pr_point_452,,,,0.9931506849315068,0.48494983277591974,,,,,,,
precision_recall_point,augmente,SIRCH augment?,0.9597827792167664,pr_point_453,,,,0.993103448275862,0.4816053511705686,,,,,,,
precision_recall_point,augmente,SIRCH augment?,0.9606972336769104,pr_point_454,,,,0.9930555555555556,0.4782608695652174,,,,,,,
precision_recall_point,augmente,SIRCH augment?,0.9607892036437988,pr_point_455,,,,0.993006993006993,0.47491638795986624,,,,,,,
precision_recall_point,augmente,SIRCH augment?,0.961247444152832,pr_point_456,,,,0.9929577464788732,0.47157190635451507,,,,,,,
precision_recall_point,augmente,SIRCH augment?,0.9613083600997925,pr_point_457,,,,0.9929078014184397,0.4682274247491639,,,,,,,
precision_recall_point,augmente,SIRCH augment?,0.9617919325828552,pr_point_458,,,,0.9928571428571429,0.46488294314381273,,,,,,,
precision_recall_point,augmente,SIRCH augment?,0.9621981978416443,pr_point_459,,,,0.9928057553956835,0.46153846153846156,,,,,,,
precision_recall_point,augmente,SIRCH augment?,0.9622583985328674,pr_point_460,,,,0.9927536231884058,0.45819397993311034,,,,,,,
precision_recall_point,augmente,SIRCH augment?,0.9628645181655884,pr_point_461,,,,0.9927007299270073,0.45484949832775917,,,,,,,
precision_recall_point,augmente,SIRCH augment?,0.9640908241271973,pr_point_462,,,,0.9926470588235294,0.451505016722408,,,,,,,
precision_recall_point,augmente,SIRCH augment?,0.9656710624694824,pr_point_463,,,,0.9925925925925926,0.44816053511705684,,,,,,,
precision_recall_point,augmente,SIRCH augment?,0.9658860564231873,pr_point_464,,,,0.9925373134328358,0.44481605351170567,,,,,,,
precision_recall_point,augmente,SIRCH augment?,0.966294527053833,pr_point_465,,,,0.9924812030075187,0.4414715719063545,,,,,,,
precision_recall_point,augmente,SIRCH augment?,0.9670470356941223,pr_point_466,,,,0.9924242424242424,0.43812709030100333,,,,,,,
precision_recall_point,augmente,SIRCH augment?,0.9671258330345154,pr_point_467,,,,0.9923664122137404,0.43478260869565216,,,,,,,
precision_recall_point,augmente,SIRCH augment?,0.9671857357025146,pr_point_468,,,,0.9923076923076923,0.431438127090301,,,,,,,
precision_recall_point,augmente,SIRCH augment?,0.9672435522079468,pr_point_469,,,,0.9922480620155039,0.4280936454849498,,,,,,,
precision_recall_point,augmente,SIRCH augment?,0.9672973155975342,pr_point_470,,,,0.9921875,0.42474916387959866,,,,,,,
precision_recall_point,augmente,SIRCH augment?,0.9675045013427734,pr_point_471,,,,0.9921259842519685,0.4214046822742475,,,,,,,
precision_recall_point,augmente,SIRCH augment?,0.9679906964302063,pr_point_472,,,,0.9920634920634921,0.4180602006688963,,,,,,,
precision_recall_point,augmente,SIRCH augment?,0.9683692455291748,pr_point_473,,,,0.992,0.41471571906354515,,,,,,,
precision_recall_point,augmente,SIRCH augment?,0.9689492583274841,pr_point_474,,,,0.9919354838709677,0.411371237458194,,,,,,,
precision_recall_point,augmente,SIRCH augment?,0.969234824180603,pr_point_475,,,,0.991869918699187,0.4080267558528428,,,,,,,
precision_recall_point,augmente,SIRCH augment?,0.9698625802993774,pr_point_476,,,,0.9918032786885246,0.40468227424749165,,,,,,,
precision_recall_point,augmente,SIRCH augment?,0.9704596400260925,pr_point_477,,,,0.9917355371900827,0.4013377926421405,,,,,,,
precision_recall_point,augmente,SIRCH augment?,0.9712221026420593,pr_point_478,,,,0.9916666666666667,0.3979933110367893,,,,,,,
precision_recall_point,augmente,SIRCH augment?,0.9712561964988708,pr_point_479,,,,0.9915966386554622,0.39464882943143814,,,,,,,
precision_recall_point,augmente,SIRCH augment?,0.9719327092170715,pr_point_480,,,,0.9915254237288136,0.391304347826087,,,,,,,
precision_recall_point,augmente,SIRCH augment?,0.9722884893417358,pr_point_481,,,,0.9914529914529915,0.3879598662207358,,,,,,,
precision_recall_point,augmente,SIRCH augment?,0.9735045433044434,pr_point_482,,,,0.9913793103448276,0.38461538461538464,,,,,,,
precision_recall_point,augmente,SIRCH augment?,0.9740262627601624,pr_point_483,,,,0.991304347826087,0.38127090301003347,,,,,,,
precision_recall_point,augmente,SIRCH augment?,0.9746039509773254,pr_point_484,,,,0.9912280701754386,0.3779264214046823,,,,,,,
precision_recall_point,augmente,SIRCH augment?,0.9747259020805359,pr_point_485,,,,0.9911504424778761,0.3745819397993311,,,,,,,
precision_recall_point,augmente,SIRCH augment?,0.9748045802116394,pr_point_486,,,,0.9910714285714286,0.3712374581939799,,,,,,,
precision_recall_point,augmente,SIRCH augment?,0.9748490452766418,pr_point_487,,,,0.990990990990991,0.36789297658862874,,,,,,,
precision_recall_point,augmente,SIRCH augment?,0.9752477407455444,pr_point_488,,,,0.990909090909091,0.36454849498327757,,,,,,,
precision_recall_point,augmente,SIRCH augment?,0.9762465357780457,pr_point_489,,,,0.9908256880733946,0.3612040133779264,,,,,,,
precision_recall_point,augmente,SIRCH augment?,0.9762933254241943,pr_point_490,,,,0.9907407407407407,0.35785953177257523,,,,,,,
precision_recall_point,augmente,SIRCH augment?,0.9770451188087463,pr_point_491,,,,0.9906542056074766,0.35451505016722407,,,,,,,
precision_recall_point,augmente,SIRCH augment?,0.9778638482093811,pr_point_492,,,,0.9905660377358491,0.3511705685618729,,,,,,,
precision_recall_point,augmente,SIRCH augment?,0.9778728485107422,pr_point_493,,,,0.9904761904761905,0.34782608695652173,,,,,,,
precision_recall_point,augmente,SIRCH augment?,0.9784455895423889,pr_point_494,,,,0.9903846153846154,0.34448160535117056,,,,,,,
precision_recall_point,augmente,SIRCH augment?,0.9784554243087769,pr_point_495,,,,0.9902912621359223,0.3411371237458194,,,,,,,
precision_recall_point,augmente,SIRCH augment?,0.9785301089286804,pr_point_496,,,,0.9901960784313726,0.3377926421404682,,,,,,,
precision_recall_point,augmente,SIRCH augment?,0.9785552024841309,pr_point_497,,,,0.9900990099009901,0.33444816053511706,,,,,,,
precision_recall_point,augmente,SIRCH augment?,0.9786161780357361,pr_point_498,,,,0.99,0.3311036789297659,,,,,,,
precision_recall_point,augmente,SIRCH augment?,0.9786495566368103,pr_point_499,,,,0.98989898989899,0.3277591973244147,,,,,,,
precision_recall_point,augmente,SIRCH augment?,0.9787998795509338,pr_point_500,,,,0.9897959183673469,0.32441471571906355,,,,,,,
precision_recall_point,augmente,SIRCH augment?,0.9789721965789795,pr_point_501,,,,0.9896907216494846,0.3210702341137124,,,,,,,
precision_recall_point,augmente,SIRCH augment?,0.979139506816864,pr_point_502,,,,0.9895833333333334,0.3177257525083612,,,,,,,
precision_recall_point,augmente,SIRCH augment?,0.9795452356338501,pr_point_503,,,,0.9894736842105263,0.31438127090301005,,,,,,,
precision_recall_point,augmente,SIRCH augment?,0.9798914194107056,pr_point_504,,,,0.9893617021276596,0.3110367892976589,,,,,,,
precision_recall_point,augmente,SIRCH augment?,0.9800105690956116,pr_point_505,,,,0.989247311827957,0.3076923076923077,,,,,,,
precision_recall_point,augmente,SIRCH augment?,0.9800153374671936,pr_point_506,,,,0.9891304347826086,0.30434782608695654,,,,,,,
precision_recall_point,augmente,SIRCH augment?,0.9800817966461182,pr_point_507,,,,0.989010989010989,0.3010033444816054,,,,,,,
precision_recall_point,augmente,SIRCH augment?,0.9806011915206909,pr_point_508,,,,0.9888888888888889,0.2976588628762542,,,,,,,
precision_recall_point,augmente,SIRCH augment?,0.9807829856872559,pr_point_509,,,,0.9887640449438202,0.29431438127090304,,,,,,,
precision_recall_point,augmente,SIRCH augment?,0.9808613061904907,pr_point_510,,,,0.9886363636363636,0.2909698996655518,,,,,,,
precision_recall_point,augmente,SIRCH augment?,0.9811615943908691,pr_point_511,,,,0.9885057471264368,0.28762541806020064,,,,,,,
precision_recall_point,augmente,SIRCH augment?,0.9815089702606201,pr_point_512,,,,0.9883720930232558,0.2842809364548495,,,,,,,
precision_recall_point,augmente,SIRCH augment?,0.9815470576286316,pr_point_513,,,,0.9882352941176471,0.2809364548494983,,,,,,,
precision_recall_point,augmente,SIRCH augment?,0.9822632074356079,pr_point_514,,,,0.9880952380952381,0.27759197324414714,,,,,,,
precision_recall_point,augmente,SIRCH augment?,0.9824661612510681,pr_point_515,,,,0.9879518072289156,0.27424749163879597,,,,,,,
precision_recall_point,augmente,SIRCH augment?,0.9827536344528198,pr_point_516,,,,0.9878048780487805,0.2709030100334448,,,,,,,
precision_recall_point,augmente,SIRCH augment?,0.982913613319397,pr_point_517,,,,0.9876543209876543,0.26755852842809363,,,,,,,
precision_recall_point,augmente,SIRCH augment?,0.9837782979011536,pr_point_518,,,,0.9875,0.26421404682274247,,,,,,,
precision_recall_point,augmente,SIRCH augment?,0.9839245080947876,pr_point_519,,,,0.9873417721518988,0.2608695652173913,,,,,,,
precision_recall_point,augmente,SIRCH augment?,0.9840144515037537,pr_point_520,,,,0.9871794871794872,0.25752508361204013,,,,,,,
precision_recall_point,augmente,SIRCH augment?,0.9845744371414185,pr_point_521,,,,0.987012987012987,0.25418060200668896,,,,,,,
precision_recall_point,augmente,SIRCH augment?,0.9846276044845581,pr_point_522,,,,0.9868421052631579,0.2508361204013378,,,,,,,
precision_recall_point,augmente,SIRCH augment?,0.9848426580429077,pr_point_523,,,,0.9866666666666667,0.24749163879598662,,,,,,,
precision_recall_point,augmente,SIRCH augment?,0.984898567199707,pr_point_524,,,,0.9864864864864865,0.24414715719063546,,,,,,,
precision_recall_point,augmente,SIRCH augment?,0.985480010509491,pr_point_525,,,,0.9863013698630136,0.2408026755852843,,,,,,,
precision_recall_point,augmente,SIRCH augment?,0.9855270385742188,pr_point_526,,,,0.9861111111111112,0.23745819397993312,,,,,,,
precision_recall_point,augmente,SIRCH augment?,0.9857333898544312,pr_point_527,,,,0.9859154929577465,0.23411371237458195,,,,,,,
precision_recall_point,augmente,SIRCH augment?,0.9861493110656738,pr_point_528,,,,0.9857142857142858,0.23076923076923078,,,,,,,
precision_recall_point,augmente,SIRCH augment?,0.9862016439437866,pr_point_529,,,,0.9855072463768116,0.22742474916387959,,,,,,,
precision_recall_point,augmente,SIRCH augment?,0.986285388469696,pr_point_530,,,,1.0,0.22742474916387959,,,,,,,
precision_recall_point,augmente,SIRCH augment?,0.9865409135818481,pr_point_531,,,,1.0,0.22408026755852842,,,,,,,
precision_recall_point,augmente,SIRCH augment?,0.986559271812439,pr_point_532,,,,1.0,0.22073578595317725,,,,,,,
precision_recall_point,augmente,SIRCH augment?,0.9867538213729858,pr_point_533,,,,1.0,0.21739130434782608,,,,,,,
precision_recall_point,augmente,SIRCH augment?,0.9868159294128418,pr_point_534,,,,1.0,0.2140468227424749,,,,,,,
precision_recall_point,augmente,SIRCH augment?,0.9869036078453064,pr_point_535,,,,1.0,0.21070234113712374,,,,,,,
precision_recall_point,augmente,SIRCH augment?,0.9871304631233215,pr_point_536,,,,1.0,0.20735785953177258,,,,,,,
precision_recall_point,augmente,SIRCH augment?,0.9875218272209167,pr_point_537,,,,1.0,0.2040133779264214,,,,,,,
precision_recall_point,augmente,SIRCH augment?,0.9875752925872803,pr_point_538,,,,1.0,0.20066889632107024,,,,,,,
precision_recall_point,augmente,SIRCH augment?,0.9876955151557922,pr_point_539,,,,1.0,0.19732441471571907,,,,,,,
precision_recall_point,augmente,SIRCH augment?,0.9881380200386047,pr_point_540,,,,1.0,0.1939799331103679,,,,,,,
precision_recall_point,augmente,SIRCH augment?,0.9882912635803223,pr_point_541,,,,1.0,0.19063545150501673,,,,,,,
precision_recall_point,augmente,SIRCH augment?,0.9883289337158203,pr_point_542,,,,1.0,0.18729096989966554,,,,,,,
precision_recall_point,augmente,SIRCH augment?,0.9883633852005005,pr_point_543,,,,1.0,0.18394648829431437,,,,,,,
precision_recall_point,augmente,SIRCH augment?,0.9886950254440308,pr_point_544,,,,1.0,0.1806020066889632,,,,,,,
precision_recall_point,augmente,SIRCH augment?,0.9887151718139648,pr_point_545,,,,1.0,0.17725752508361203,,,,,,,
precision_recall_point,augmente,SIRCH augment?,0.9887582063674927,pr_point_546,,,,1.0,0.17391304347826086,,,,,,,
precision_recall_point,augmente,SIRCH augment?,0.9888616800308228,pr_point_547,,,,1.0,0.1705685618729097,,,,,,,
precision_recall_point,augmente,SIRCH augment?,0.9890017509460449,pr_point_548,,,,1.0,0.16722408026755853,,,,,,,
precision_recall_point,augmente,SIRCH augment?,0.9893885254859924,pr_point_549,,,,1.0,0.16387959866220736,,,,,,,
precision_recall_point,augmente,SIRCH augment?,0.9899842739105225,pr_point_550,,,,1.0,0.1605351170568562,,,,,,,
precision_recall_point,augmente,SIRCH augment?,0.9902342557907104,pr_point_551,,,,1.0,0.15719063545150502,,,,,,,
precision_recall_point,augmente,SIRCH augment?,0.9902987480163574,pr_point_552,,,,1.0,0.15384615384615385,,,,,,,
precision_recall_point,augmente,SIRCH augment?,0.9903135895729065,pr_point_553,,,,1.0,0.1505016722408027,,,,,,,
precision_recall_point,augmente,SIRCH augment?,0.9905255436897278,pr_point_554,,,,1.0,0.14715719063545152,,,,,,,
precision_recall_point,augmente,SIRCH augment?,0.9906347393989563,pr_point_555,,,,1.0,0.14381270903010032,,,,,,,
precision_recall_point,augmente,SIRCH augment?,0.9906501173973083,pr_point_556,,,,1.0,0.14046822742474915,,,,,,,
precision_recall_point,augmente,SIRCH augment?,0.9907035231590271,pr_point_557,,,,1.0,0.13712374581939799,,,,,,,
precision_recall_point,augmente,SIRCH augment?,0.9907260537147522,pr_point_558,,,,1.0,0.13377926421404682,,,,,,,
precision_recall_point,augmente,SIRCH augment?,0.9907864332199097,pr_point_559,,,,1.0,0.13043478260869565,,,,,,,
precision_recall_point,augmente,SIRCH augment?,0.9907915592193604,pr_point_560,,,,1.0,0.12709030100334448,,,,,,,
precision_recall_point,augmente,SIRCH augment?,0.9908419847488403,pr_point_561,,,,1.0,0.12374581939799331,,,,,,,
precision_recall_point,augmente,SIRCH augment?,0.9908692240715027,pr_point_562,,,,1.0,0.12040133779264214,,,,,,,
precision_recall_point,augmente,SIRCH augment?,0.9909405708312988,pr_point_563,,,,1.0,0.11705685618729098,,,,,,,
precision_recall_point,augmente,SIRCH augment?,0.9910288453102112,pr_point_564,,,,1.0,0.11371237458193979,,,,,,,
precision_recall_point,augmente,SIRCH augment?,0.9910812377929688,pr_point_565,,,,1.0,0.11036789297658862,,,,,,,
precision_recall_point,augmente,SIRCH augment?,0.9912494421005249,pr_point_566,,,,1.0,0.10702341137123746,,,,,,,
precision_recall_point,augmente,SIRCH augment?,0.991442859172821,pr_point_567,,,,1.0,0.10367892976588629,,,,,,,
precision_recall_point,augmente,SIRCH augment?,0.9916391968727112,pr_point_568,,,,1.0,0.10033444816053512,,,,,,,
precision_recall_point,augmente,SIRCH augment?,0.9923218488693237,pr_point_569,,,,1.0,0.09698996655518395,,,,,,,
precision_recall_point,augmente,SIRCH augment?,0.9924415946006775,pr_point_570,,,,1.0,0.09364548494983277,,,,,,,
precision_recall_point,augmente,SIRCH augment?,0.9925228953361511,pr_point_571,,,,1.0,0.0903010033444816,,,,,,,
precision_recall_point,augmente,SIRCH augment?,0.9926608800888062,pr_point_572,,,,1.0,0.08695652173913043,,,,,,,
precision_recall_point,augmente,SIRCH augment?,0.9927172064781189,pr_point_573,,,,1.0,0.08361204013377926,,,,,,,
precision_recall_point,augmente,SIRCH augment?,0.9927813410758972,pr_point_574,,,,1.0,0.0802675585284281,,,,,,,
precision_recall_point,augmente,SIRCH augment?,0.9929157495498657,pr_point_575,,,,1.0,0.07692307692307693,,,,,,,
precision_recall_point,augmente,SIRCH augment?,0.9929690957069397,pr_point_576,,,,1.0,0.07357859531772576,,,,,,,
precision_recall_point,augmente,SIRCH augment?,0.993033766746521,pr_point_577,,,,1.0,0.07023411371237458,,,,,,,
precision_recall_point,augmente,SIRCH augment?,0.9933005571365356,pr_point_578,,,,1.0,0.06688963210702341,,,,,,,
precision_recall_point,augmente,SIRCH augment?,0.9934564828872681,pr_point_579,,,,1.0,0.06354515050167224,,,,,,,
precision_recall_point,augmente,SIRCH augment?,0.993704617023468,pr_point_580,,,,1.0,0.06020066889632107,,,,,,,
precision_recall_point,augmente,SIRCH augment?,0.9939103722572327,pr_point_581,,,,1.0,0.056856187290969896,,,,,,,
precision_recall_point,augmente,SIRCH augment?,0.9943028092384338,pr_point_582,,,,1.0,0.05351170568561873,,,,,,,
precision_recall_point,augmente,SIRCH augment?,0.9943402409553528,pr_point_583,,,,1.0,0.05016722408026756,,,,,,,
precision_recall_point,augmente,SIRCH augment?,0.9945133328437805,pr_point_584,,,,1.0,0.046822742474916385,,,,,,,
precision_recall_point,augmente,SIRCH augment?,0.994543731212616,pr_point_585,,,,1.0,0.043478260869565216,,,,,,,
precision_recall_point,augmente,SIRCH augment?,0.9947439432144165,pr_point_586,,,,1.0,0.04013377926421405,,,,,,,
precision_recall_point,augmente,SIRCH augment?,0.9948974847793579,pr_point_587,,,,1.0,0.03678929765886288,,,,,,,
precision_recall_point,augmente,SIRCH augment?,0.994918167591095,pr_point_588,,,,1.0,0.033444816053511704,,,,,,,
precision_recall_point,augmente,SIRCH augment?,0.9950481653213501,pr_point_589,,,,1.0,0.030100334448160536,,,,,,,
precision_recall_point,augmente,SIRCH augment?,0.9950984120368958,pr_point_590,,,,1.0,0.026755852842809364,,,,,,,
precision_recall_point,augmente,SIRCH augment?,0.9957337379455566,pr_point_591,,,,1.0,0.023411371237458192,,,,,,,
precision_recall_point,augmente,SIRCH augment?,0.995856523513794,pr_point_592,,,,1.0,0.020066889632107024,,,,,,,
precision_recall_point,augmente,SIRCH augment?,0.995881974697113,pr_point_593,,,,1.0,0.016722408026755852,,,,,,,
precision_recall_point,augmente,SIRCH augment?,0.9961426258087158,pr_point_594,,,,1.0,0.013377926421404682,,,,,,,
precision_recall_point,augmente,SIRCH augment?,0.9962260723114014,pr_point_595,,,,1.0,0.010033444816053512,,,,,,,
precision_recall_point,augmente,SIRCH augment?,0.9964022040367126,pr_point_596,,,,1.0,0.006688963210702341,,,,,,,
precision_recall_point,augmente,SIRCH augment?,0.996407151222229,pr_point_597,,,,1.0,0.0033444816053511705,,,,,,,
precision_recall_point,augmente,SIRCH augment?,,pr_point_598,,,,1.0,0.0,,,,,,,
