Feature cache already complete: C:\SIRCH_ENV\models\revision\exp13_grouped_retraining\uniform_frame_features.npy
Already complete: lstm_original_grouped
Already complete: lstm_augmented_grouped
Resume gru_original_grouped from epoch 1; Adam state is reset.
TRAIN gru_original_grouped: train=2785 validation=597 initial_epoch=1
Epoch 2/30

  1/349 [..............................] - ETA: 19:25 - loss: 0.1604 - accuracy: 1.0000 - precision: 1.0000 - recall: 1.0000
  2/349 [..............................] - ETA: 20s - loss: 0.1446 - accuracy: 1.0000 - precision: 1.0000 - recall: 1.0000  
  3/349 [..............................] - ETA: 19s - loss: 0.2939 - accuracy: 0.9167 - precision: 1.0000 - recall: 0.8667
  4/349 [..............................] - ETA: 19s - loss: 0.2606 - accuracy: 0.9375 - precision: 1.0000 - recall: 0.8947
  5/349 [..............................] - ETA: 19s - loss: 0.2927 - accuracy: 0.8750 - precision: 0.8636 - recall: 0.9048
  6/349 [..............................] - ETA: 19s - loss: 0.3255 - accuracy: 0.8750 - precision: 0.8519 - recall: 0.9200
  7/349 [..............................] - ETA: 19s - loss: 0.3188 - accuracy: 0.8750 - precision: 0.8485 - recall: 0.9333
  9/349 [..............................] - ETA: 18s - loss: 0.3144 - accuracy: 0.8750 - precision: 0.8409 - recall: 0.9487
 10/349 [..............................] - ETA: 18s - loss: 0.3124 - accuracy: 0.8750 - precision: 0.8542 - recall: 0.9318
 11/349 [..............................] - ETA: 18s - loss: 0.3509 - accuracy: 0.8295 - precision: 0.7963 - recall: 0.9149
 12/349 [>.............................] - ETA: 18s - loss: 0.3404 - accuracy: 0.8333 - precision: 0.8000 - recall: 0.9231
 13/349 [>.............................] - ETA: 18s - loss: 0.3472 - accuracy: 0.8365 - precision: 0.8065 - recall: 0.9091
 14/349 [>.............................] - ETA: 18s - loss: 0.3358 - accuracy: 0.8482 - precision: 0.8182 - recall: 0.9153
 15/349 [>.............................] - ETA: 18s - loss: 0.3240 - accuracy: 0.8583 - precision: 0.8333 - recall: 0.9231
 16/349 [>.............................] - ETA: 18s - loss: 0.3180 - accuracy: 0.8594 - precision: 0.8267 - recall: 0.9254
 17/349 [>.............................] - ETA: 18s - loss: 0.3159 - accuracy: 0.8605 - precision: 0.8289 - recall: 0.9265
 19/349 [>.............................] - ETA: 18s - loss: 0.3333 - accuracy: 0.8552 - precision: 0.8214 - recall: 0.9200
 21/349 [>.............................] - ETA: 17s - loss: 0.3346 - accuracy: 0.8509 - precision: 0.8111 - recall: 0.9125
 22/349 [>.............................] - ETA: 17s - loss: 0.3388 - accuracy: 0.8462 - precision: 0.8172 - recall: 0.8941
 23/349 [>.............................] - ETA: 17s - loss: 0.3461 - accuracy: 0.8418 - precision: 0.8041 - recall: 0.8966
 24/349 [=>............................] - ETA: 17s - loss: 0.3572 - accuracy: 0.8378 - precision: 0.8081 - recall: 0.8791
 25/349 [=>............................] - ETA: 17s - loss: 0.3670 - accuracy: 0.8238 - precision: 0.7941 - recall: 0.8617
 26/349 [=>............................] - ETA: 17s - loss: 0.3600 - accuracy: 0.8308 - precision: 0.8019 - recall: 0.8673
 27/349 [=>............................] - ETA: 17s - loss: 0.3538 - accuracy: 0.8325 - precision: 0.7963 - recall: 0.8687
 28/349 [=>............................] - ETA: 18s - loss: 0.3480 - accuracy: 0.8387 - precision: 0.8036 - recall: 0.8738
 29/349 [=>............................] - ETA: 18s - loss: 0.3397 - accuracy: 0.8444 - precision: 0.8120 - recall: 0.8796
 30/349 [=>............................] - ETA: 18s - loss: 0.3359 - accuracy: 0.8498 - precision: 0.8197 - recall: 0.8850
 31/349 [=>............................] - ETA: 18s - loss: 0.3324 - accuracy: 0.8506 - precision: 0.8175 - recall: 0.8879
 32/349 [=>............................] - ETA: 17s - loss: 0.3363 - accuracy: 0.8474 - precision: 0.8140 - recall: 0.8824
 33/349 [=>............................] - ETA: 17s - loss: 0.3431 - accuracy: 0.8482 - precision: 0.8209 - recall: 0.8800
 34/349 [=>............................] - ETA: 17s - loss: 0.3441 - accuracy: 0.8453 - precision: 0.8201 - recall: 0.8769
 35/349 [==>...........................] - ETA: 17s - loss: 0.3367 - accuracy: 0.8498 - precision: 0.8264 - recall: 0.8815
 36/349 [==>...........................] - ETA: 17s - loss: 0.3403 - accuracy: 0.8470 - precision: 0.8299 - recall: 0.8714
 37/349 [==>...........................] - ETA: 17s - loss: 0.3481 - accuracy: 0.8443 - precision: 0.8333 - recall: 0.8621
 38/349 [==>...........................] - ETA: 17s - loss: 0.3516 - accuracy: 0.8451 - precision: 0.8301 - recall: 0.8639
 40/349 [==>...........................] - ETA: 17s - loss: 0.3527 - accuracy: 0.8435 - precision: 0.8261 - recall: 0.8636
 41/349 [==>...........................] - ETA: 17s - loss: 0.3624 - accuracy: 0.8380 - precision: 0.8282 - recall: 0.8491
 42/349 [==>...........................] - ETA: 17s - loss: 0.3651 - accuracy: 0.8359 - precision: 0.8253 - recall: 0.8457
 43/349 [==>...........................] - ETA: 17s - loss: 0.3595 - accuracy: 0.8398 - precision: 0.8274 - recall: 0.8476
 45/349 [==>...........................] - ETA: 17s - loss: 0.3573 - accuracy: 0.8414 - precision: 0.8249 - recall: 0.8538
 46/349 [==>...........................] - ETA: 17s - loss: 0.3540 - accuracy: 0.8421 - precision: 0.8251 - recall: 0.8580
 47/349 [===>..........................] - ETA: 16s - loss: 0.3534 - accuracy: 0.8401 - precision: 0.8191 - recall: 0.8603
 49/349 [===>..........................] - ETA: 16s - loss: 0.3563 - accuracy: 0.8390 - precision: 0.8223 - recall: 0.8571
 50/349 [===>..........................] - ETA: 16s - loss: 0.3574 - accuracy: 0.8372 - precision: 0.8159 - recall: 0.8586
 52/349 [===>..........................] - ETA: 16s - loss: 0.3534 - accuracy: 0.8386 - precision: 0.8182 - recall: 0.8593
 53/349 [===>..........................] - ETA: 16s - loss: 0.3553 - accuracy: 0.8369 - precision: 0.8113 - recall: 0.8600
 55/349 [===>..........................] - ETA: 16s - loss: 0.3614 - accuracy: 0.8337 - precision: 0.8082 - recall: 0.8551
 57/349 [===>..........................] - ETA: 16s - loss: 0.3609 - accuracy: 0.8352 - precision: 0.8097 - recall: 0.8551
 59/349 [====>.........................] - ETA: 15s - loss: 0.3636 - accuracy: 0.8344 - precision: 0.8170 - recall: 0.8496
 60/349 [====>.........................] - ETA: 15s - loss: 0.3643 - accuracy: 0.8309 - precision: 0.8167 - recall: 0.8448
 61/349 [====>.........................] - ETA: 15s - loss: 0.3609 - accuracy: 0.8316 - precision: 0.8163 - recall: 0.8475
 62/349 [====>.........................] - ETA: 15s - loss: 0.3603 - accuracy: 0.8323 - precision: 0.8200 - recall: 0.8471
 64/349 [====>.........................] - ETA: 15s - loss: 0.3614 - accuracy: 0.8317 - precision: 0.8171 - recall: 0.8468
 65/349 [====>.........................] - ETA: 15s - loss: 0.3594 - accuracy: 0.8324 - precision: 0.8168 - recall: 0.8492
 66/349 [====>.........................] - ETA: 15s - loss: 0.3568 - accuracy: 0.8330 - precision: 0.8202 - recall: 0.8488
 67/349 [====>.........................] - ETA: 15s - loss: 0.3542 - accuracy: 0.8336 - precision: 0.8229 - recall: 0.8479
 68/349 [====>.........................] - ETA: 15s - loss: 0.3533 - accuracy: 0.8343 - precision: 0.8255 - recall: 0.8470
 69/349 [====>.........................] - ETA: 15s - loss: 0.3541 - accuracy: 0.8330 - precision: 0.8237 - recall: 0.8450
 71/349 [=====>........................] - ETA: 15s - loss: 0.3524 - accuracy: 0.8324 - precision: 0.8217 - recall: 0.8453
 73/349 [=====>........................] - ETA: 14s - loss: 0.3529 - accuracy: 0.8319 - precision: 0.8191 - recall: 0.8451
 74/349 [=====>........................] - ETA: 14s - loss: 0.3518 - accuracy: 0.8325 - precision: 0.8176 - recall: 0.8462
 75/349 [=====>........................] - ETA: 14s - loss: 0.3490 - accuracy: 0.8347 - precision: 0.8188 - recall: 0.8472
 77/349 [=====>........................] - ETA: 14s - loss: 0.3495 - accuracy: 0.8325 - precision: 0.8170 - recall: 0.8446
 78/349 [=====>........................] - ETA: 14s - loss: 0.3474 - accuracy: 0.8347 - precision: 0.8182 - recall: 0.8456
 79/349 [=====>........................] - ETA: 14s - loss: 0.3479 - accuracy: 0.8336 - precision: 0.8173 - recall: 0.8444
 80/349 [=====>........................] - ETA: 14s - loss: 0.3477 - accuracy: 0.8325 - precision: 0.8127 - recall: 0.8449
 82/349 [======>.......................] - ETA: 14s - loss: 0.3485 - accuracy: 0.8320 - precision: 0.8117 - recall: 0.8457
 83/349 [======>.......................] - ETA: 14s - loss: 0.3476 - accuracy: 0.8326 - precision: 0.8152 - recall: 0.8459
 85/349 [======>.......................] - ETA: 14s - loss: 0.3457 - accuracy: 0.8336 - precision: 0.8179 - recall: 0.8431
 86/349 [======>.......................] - ETA: 14s - loss: 0.3445 - accuracy: 0.8341 - precision: 0.8190 - recall: 0.8415
 87/349 [======>.......................] - ETA: 14s - loss: 0.3464 - accuracy: 0.8302 - precision: 0.8176 - recall: 0.8348
 88/349 [======>.......................] - ETA: 13s - loss: 0.3477 - accuracy: 0.8278 - precision: 0.8158 - recall: 0.8304
 90/349 [======>.......................] - ETA: 13s - loss: 0.3445 - accuracy: 0.8303 - precision: 0.8210 - recall: 0.8329
 91/349 [======>.......................] - ETA: 13s - loss: 0.3454 - accuracy: 0.8280 - precision: 0.8197 - recall: 0.8291
 92/349 [======>.......................] - ETA: 13s - loss: 0.3445 - accuracy: 0.8285 - precision: 0.8217 - recall: 0.8287
 93/349 [======>.......................] - ETA: 13s - loss: 0.3465 - accuracy: 0.8263 - precision: 0.8164 - recall: 0.8301
 94/349 [=======>......................] - ETA: 13s - loss: 0.3450 - accuracy: 0.8268 - precision: 0.8199 - recall: 0.8311
 95/349 [=======>......................] - ETA: 13s - loss: 0.3433 - accuracy: 0.8287 - precision: 0.8209 - recall: 0.8320
 96/349 [=======>......................] - ETA: 13s - loss: 0.3439 - accuracy: 0.8292 - precision: 0.8223 - recall: 0.8311
 97/349 [=======>......................] - ETA: 13s - loss: 0.3469 - accuracy: 0.8283 - precision: 0.8208 - recall: 0.8338
 98/349 [=======>......................] - ETA: 13s - loss: 0.3459 - accuracy: 0.8288 - precision: 0.8205 - recall: 0.8355
 99/349 [=======>......................] - ETA: 13s - loss: 0.3479 - accuracy: 0.8268 - precision: 0.8198 - recall: 0.8325
100/349 [=======>......................] - ETA: 13s - loss: 0.3475 - accuracy: 0.8272 - precision: 0.8200 - recall: 0.8346
101/349 [=======>......................] - ETA: 13s - loss: 0.3462 - accuracy: 0.8290 - precision: 0.8227 - recall: 0.8371
102/349 [=======>......................] - ETA: 13s - loss: 0.3472 - accuracy: 0.8282 - precision: 0.8240 - recall: 0.8342
103/349 [=======>......................] - ETA: 13s - loss: 0.3463 - accuracy: 0.8286 - precision: 0.8237 - recall: 0.8358
104/349 [=======>......................] - ETA: 13s - loss: 0.3483 - accuracy: 0.8279 - precision: 0.8210 - recall: 0.8370
105/349 [========>.....................] - ETA: 13s - loss: 0.3484 - accuracy: 0.8271 - precision: 0.8208 - recall: 0.8365
106/349 [========>.....................] - ETA: 13s - loss: 0.3490 - accuracy: 0.8264 - precision: 0.8182 - recall: 0.8377
107/349 [========>.....................] - ETA: 13s - loss: 0.3468 - accuracy: 0.8280 - precision: 0.8203 - recall: 0.8396
108/349 [========>.....................] - ETA: 13s - loss: 0.3468 - accuracy: 0.8273 - precision: 0.8178 - recall: 0.8407
109/349 [========>.....................] - ETA: 13s - loss: 0.3517 - accuracy: 0.8266 - precision: 0.8149 - recall: 0.8415
110/349 [========>.....................] - ETA: 13s - loss: 0.3513 - accuracy: 0.8270 - precision: 0.8147 - recall: 0.8430
111/349 [========>.....................] - ETA: 13s - loss: 0.3507 - accuracy: 0.8275 - precision: 0.8147 - recall: 0.8410
112/349 [========>.....................] - ETA: 13s - loss: 0.3485 - accuracy: 0.8290 - precision: 0.8172 - recall: 0.8432
113/349 [========>.....................] - ETA: 13s - loss: 0.3508 - accuracy: 0.8283 - precision: 0.8170 - recall: 0.8427
114/349 [========>.....................] - ETA: 13s - loss: 0.3532 - accuracy: 0.8276 - precision: 0.8155 - recall: 0.8444
115/349 [========>.....................] - ETA: 13s - loss: 0.3514 - accuracy: 0.8291 - precision: 0.8178 - recall: 0.8465
116/349 [========>.....................] - ETA: 12s - loss: 0.3509 - accuracy: 0.8284 - precision: 0.8161 - recall: 0.8446
117/349 [=========>....................] - ETA: 12s - loss: 0.3485 - accuracy: 0.8299 - precision: 0.8172 - recall: 0.8457
118/349 [=========>....................] - ETA: 12s - loss: 0.3484 - accuracy: 0.8303 - precision: 0.8163 - recall: 0.8463
119/349 [=========>....................] - ETA: 12s - loss: 0.3473 - accuracy: 0.8317 - precision: 0.8182 - recall: 0.8480
120/349 [=========>....................] - ETA: 12s - loss: 0.3475 - accuracy: 0.8321 - precision: 0.8197 - recall: 0.8475
121/349 [=========>....................] - ETA: 12s - loss: 0.3455 - accuracy: 0.8335 - precision: 0.8215 - recall: 0.8491
122/349 [=========>....................] - ETA: 12s - loss: 0.3468 - accuracy: 0.8318 - precision: 0.8200 - recall: 0.8489
123/349 [=========>....................] - ETA: 12s - loss: 0.3450 - accuracy: 0.8332 - precision: 0.8211 - recall: 0.8498
124/349 [=========>....................] - ETA: 12s - loss: 0.3432 - accuracy: 0.8345 - precision: 0.8221 - recall: 0.8507
125/349 [=========>....................] - ETA: 12s - loss: 0.3428 - accuracy: 0.8348 - precision: 0.8228 - recall: 0.8496
126/349 [=========>....................] - ETA: 12s - loss: 0.3419 - accuracy: 0.8352 - precision: 0.8239 - recall: 0.8488
127/349 [=========>....................] - ETA: 12s - loss: 0.3419 - accuracy: 0.8345 - precision: 0.8252 - recall: 0.8466
128/349 [==========>...................] - ETA: 12s - loss: 0.3423 - accuracy: 0.8348 - precision: 0.8269 - recall: 0.8465
129/349 [==========>...................] - ETA: 12s - loss: 0.3424 - accuracy: 0.8351 - precision: 0.8263 - recall: 0.8474
131/349 [==========>...................] - ETA: 12s - loss: 0.3441 - accuracy: 0.8348 - precision: 0.8289 - recall: 0.8448
132/349 [==========>...................] - ETA: 12s - loss: 0.3437 - accuracy: 0.8351 - precision: 0.8293 - recall: 0.8435
134/349 [==========>...................] - ETA: 12s - loss: 0.3416 - accuracy: 0.8366 - precision: 0.8315 - recall: 0.8470
135/349 [==========>...................] - ETA: 11s - loss: 0.3423 - accuracy: 0.8369 - precision: 0.8315 - recall: 0.8484
137/349 [==========>...................] - ETA: 11s - loss: 0.3435 - accuracy: 0.8365 - precision: 0.8309 - recall: 0.8462
138/349 [==========>...................] - ETA: 11s - loss: 0.3425 - accuracy: 0.8377 - precision: 0.8324 - recall: 0.8475
139/349 [==========>...................] - ETA: 11s - loss: 0.3415 - accuracy: 0.8380 - precision: 0.8325 - recall: 0.8489
141/349 [===========>..................] - ETA: 11s - loss: 0.3405 - accuracy: 0.8376 - precision: 0.8310 - recall: 0.8516
142/349 [===========>..................] - ETA: 11s - loss: 0.3402 - accuracy: 0.8388 - precision: 0.8316 - recall: 0.8521
143/349 [===========>..................] - ETA: 11s - loss: 0.3395 - accuracy: 0.8391 - precision: 0.8311 - recall: 0.8529
145/349 [===========>..................] - ETA: 11s - loss: 0.3372 - accuracy: 0.8404 - precision: 0.8316 - recall: 0.8547
146/349 [===========>..................] - ETA: 11s - loss: 0.3363 - accuracy: 0.8415 - precision: 0.8328 - recall: 0.8557
147/349 [===========>..................] - ETA: 11s - loss: 0.3349 - accuracy: 0.8426 - precision: 0.8342 - recall: 0.8569
149/349 [===========>..................] - ETA: 11s - loss: 0.3344 - accuracy: 0.8430 - precision: 0.8344 - recall: 0.8569
150/349 [===========>..................] - ETA: 11s - loss: 0.3348 - accuracy: 0.8424 - precision: 0.8328 - recall: 0.8579
151/349 [===========>..................] - ETA: 11s - loss: 0.3337 - accuracy: 0.8435 - precision: 0.8331 - recall: 0.8581
152/349 [============>.................] - ETA: 10s - loss: 0.3335 - accuracy: 0.8437 - precision: 0.8331 - recall: 0.8593
153/349 [============>.................] - ETA: 10s - loss: 0.3327 - accuracy: 0.8447 - precision: 0.8339 - recall: 0.8600
154/349 [============>.................] - ETA: 10s - loss: 0.3344 - accuracy: 0.8441 - precision: 0.8347 - recall: 0.8578
155/349 [============>.................] - ETA: 10s - loss: 0.3347 - accuracy: 0.8435 - precision: 0.8339 - recall: 0.8569
157/349 [============>.................] - ETA: 10s - loss: 0.3341 - accuracy: 0.8439 - precision: 0.8328 - recall: 0.8583
159/349 [============>.................] - ETA: 10s - loss: 0.3332 - accuracy: 0.8443 - precision: 0.8323 - recall: 0.8601
160/349 [============>.................] - ETA: 10s - loss: 0.3347 - accuracy: 0.8437 - precision: 0.8315 - recall: 0.8592
161/349 [============>.................] - ETA: 10s - loss: 0.3341 - accuracy: 0.8439 - precision: 0.8318 - recall: 0.8580
162/349 [============>.................] - ETA: 10s - loss: 0.3330 - accuracy: 0.8448 - precision: 0.8328 - recall: 0.8589
163/349 [=============>................] - ETA: 10s - loss: 0.3325 - accuracy: 0.8450 - precision: 0.8338 - recall: 0.8585
164/349 [=============>................] - ETA: 10s - loss: 0.3331 - accuracy: 0.8452 - precision: 0.8356 - recall: 0.8587
165/349 [=============>................] - ETA: 10s - loss: 0.3330 - accuracy: 0.8454 - precision: 0.8348 - recall: 0.8591
166/349 [=============>................] - ETA: 10s - loss: 0.3334 - accuracy: 0.8448 - precision: 0.8341 - recall: 0.8582
167/349 [=============>................] - ETA: 10s - loss: 0.3331 - accuracy: 0.8450 - precision: 0.8336 - recall: 0.8589
168/349 [=============>................] - ETA: 10s - loss: 0.3323 - accuracy: 0.8452 - precision: 0.8333 - recall: 0.8597
169/349 [=============>................] - ETA: 9s - loss: 0.3327 - accuracy: 0.8454 - precision: 0.8328 - recall: 0.8604 
170/349 [=============>................] - ETA: 9s - loss: 0.3328 - accuracy: 0.8455 - precision: 0.8336 - recall: 0.8597
171/349 [=============>................] - ETA: 9s - loss: 0.3326 - accuracy: 0.8457 - precision: 0.8343 - recall: 0.8591
172/349 [=============>................] - ETA: 9s - loss: 0.3317 - accuracy: 0.8466 - precision: 0.8350 - recall: 0.8597
173/349 [=============>................] - ETA: 9s - loss: 0.3304 - accuracy: 0.8475 - precision: 0.8362 - recall: 0.8607
174/349 [=============>................] - ETA: 9s - loss: 0.3299 - accuracy: 0.8484 - precision: 0.8366 - recall: 0.8611
175/349 [==============>...............] - ETA: 9s - loss: 0.3294 - accuracy: 0.8492 - precision: 0.8376 - recall: 0.8619
176/349 [==============>...............] - ETA: 9s - loss: 0.3303 - accuracy: 0.8487 - precision: 0.8380 - recall: 0.8598
177/349 [==============>...............] - ETA: 9s - loss: 0.3302 - accuracy: 0.8495 - precision: 0.8392 - recall: 0.8608
178/349 [==============>...............] - ETA: 9s - loss: 0.3299 - accuracy: 0.8497 - precision: 0.8401 - recall: 0.8604
179/349 [==============>...............] - ETA: 9s - loss: 0.3296 - accuracy: 0.8491 - precision: 0.8409 - recall: 0.8588
180/349 [==============>...............] - ETA: 9s - loss: 0.3289 - accuracy: 0.8500 - precision: 0.8418 - recall: 0.8596
181/349 [==============>...............] - ETA: 9s - loss: 0.3280 - accuracy: 0.8508 - precision: 0.8429 - recall: 0.8605
182/349 [==============>...............] - ETA: 9s - loss: 0.3268 - accuracy: 0.8516 - precision: 0.8433 - recall: 0.8609
183/349 [==============>...............] - ETA: 9s - loss: 0.3261 - accuracy: 0.8524 - precision: 0.8440 - recall: 0.8615
184/349 [==============>...............] - ETA: 9s - loss: 0.3279 - accuracy: 0.8519 - precision: 0.8425 - recall: 0.8623
185/349 [==============>...............] - ETA: 9s - loss: 0.3277 - accuracy: 0.8520 - precision: 0.8434 - recall: 0.8618
186/349 [==============>...............] - ETA: 9s - loss: 0.3275 - accuracy: 0.8521 - precision: 0.8427 - recall: 0.8622
187/349 [===============>..............] - ETA: 9s - loss: 0.3279 - accuracy: 0.8522 - precision: 0.8420 - recall: 0.8626
188/349 [===============>..............] - ETA: 9s - loss: 0.3278 - accuracy: 0.8524 - precision: 0.8413 - recall: 0.8630
189/349 [===============>..............] - ETA: 8s - loss: 0.3268 - accuracy: 0.8532 - precision: 0.8421 - recall: 0.8637
190/349 [===============>..............] - ETA: 8s - loss: 0.3280 - accuracy: 0.8526 - precision: 0.8418 - recall: 0.8633
191/349 [===============>..............] - ETA: 8s - loss: 0.3281 - accuracy: 0.8527 - precision: 0.8427 - recall: 0.8628
192/349 [===============>..............] - ETA: 8s - loss: 0.3274 - accuracy: 0.8528 - precision: 0.8422 - recall: 0.8634
193/349 [===============>..............] - ETA: 8s - loss: 0.3266 - accuracy: 0.8536 - precision: 0.8436 - recall: 0.8647
194/349 [===============>..............] - ETA: 8s - loss: 0.3272 - accuracy: 0.8531 - precision: 0.8429 - recall: 0.8639
195/349 [===============>..............] - ETA: 8s - loss: 0.3263 - accuracy: 0.8538 - precision: 0.8437 - recall: 0.8646
197/349 [===============>..............] - ETA: 8s - loss: 0.3248 - accuracy: 0.8547 - precision: 0.8457 - recall: 0.8652
199/349 [================>.............] - ETA: 8s - loss: 0.3243 - accuracy: 0.8549 - precision: 0.8456 - recall: 0.8650
200/349 [================>.............] - ETA: 8s - loss: 0.3234 - accuracy: 0.8556 - precision: 0.8463 - recall: 0.8657
202/349 [================>.............] - ETA: 8s - loss: 0.3231 - accuracy: 0.8558 - precision: 0.8472 - recall: 0.8662
204/349 [================>.............] - ETA: 8s - loss: 0.3222 - accuracy: 0.8566 - precision: 0.8485 - recall: 0.8663
206/349 [================>.............] - ETA: 7s - loss: 0.3214 - accuracy: 0.8574 - precision: 0.8498 - recall: 0.8664
207/349 [================>.............] - ETA: 7s - loss: 0.3210 - accuracy: 0.8575 - precision: 0.8495 - recall: 0.8671
208/349 [================>.............] - ETA: 7s - loss: 0.3204 - accuracy: 0.8576 - precision: 0.8502 - recall: 0.8667
210/349 [=================>............] - ETA: 7s - loss: 0.3208 - accuracy: 0.8577 - precision: 0.8496 - recall: 0.8679
212/349 [=================>............] - ETA: 7s - loss: 0.3200 - accuracy: 0.8585 - precision: 0.8495 - recall: 0.8687
214/349 [=================>............] - ETA: 7s - loss: 0.3191 - accuracy: 0.8592 - precision: 0.8505 - recall: 0.8686
216/349 [=================>............] - ETA: 7s - loss: 0.3196 - accuracy: 0.8594 - precision: 0.8505 - recall: 0.8703
217/349 [=================>............] - ETA: 7s - loss: 0.3196 - accuracy: 0.8595 - precision: 0.8500 - recall: 0.8708
218/349 [=================>............] - ETA: 7s - loss: 0.3199 - accuracy: 0.8590 - precision: 0.8507 - recall: 0.8694
220/349 [=================>............] - ETA: 7s - loss: 0.3214 - accuracy: 0.8574 - precision: 0.8475 - recall: 0.8690
221/349 [=================>............] - ETA: 7s - loss: 0.3205 - accuracy: 0.8580 - precision: 0.8477 - recall: 0.8691
222/349 [==================>...........] - ETA: 7s - loss: 0.3200 - accuracy: 0.8587 - precision: 0.8486 - recall: 0.8699
223/349 [==================>...........] - ETA: 6s - loss: 0.3203 - accuracy: 0.8582 - precision: 0.8483 - recall: 0.8695
225/349 [==================>...........] - ETA: 6s - loss: 0.3193 - accuracy: 0.8595 - precision: 0.8493 - recall: 0.8703
227/349 [==================>...........] - ETA: 6s - loss: 0.3183 - accuracy: 0.8601 - precision: 0.8504 - recall: 0.8704
228/349 [==================>...........] - ETA: 6s - loss: 0.3178 - accuracy: 0.8602 - precision: 0.8504 - recall: 0.8694
229/349 [==================>...........] - ETA: 6s - loss: 0.3178 - accuracy: 0.8603 - precision: 0.8514 - recall: 0.8693
230/349 [==================>...........] - ETA: 6s - loss: 0.3195 - accuracy: 0.8587 - precision: 0.8506 - recall: 0.8666
231/349 [==================>...........] - ETA: 6s - loss: 0.3190 - accuracy: 0.8593 - precision: 0.8516 - recall: 0.8675
232/349 [==================>...........] - ETA: 6s - loss: 0.3183 - accuracy: 0.8599 - precision: 0.8522 - recall: 0.8680
233/349 [===================>..........] - ETA: 6s - loss: 0.3177 - accuracy: 0.8605 - precision: 0.8532 - recall: 0.8689
234/349 [===================>..........] - ETA: 6s - loss: 0.3177 - accuracy: 0.8606 - precision: 0.8529 - recall: 0.8695
235/349 [===================>..........] - ETA: 6s - loss: 0.3171 - accuracy: 0.8612 - precision: 0.8532 - recall: 0.8698
236/349 [===================>..........] - ETA: 6s - loss: 0.3169 - accuracy: 0.8612 - precision: 0.8534 - recall: 0.8690
237/349 [===================>..........] - ETA: 6s - loss: 0.3178 - accuracy: 0.8613 - precision: 0.8531 - recall: 0.8695
238/349 [===================>..........] - ETA: 6s - loss: 0.3179 - accuracy: 0.8614 - precision: 0.8539 - recall: 0.8693
239/349 [===================>..........] - ETA: 6s - loss: 0.3182 - accuracy: 0.8614 - precision: 0.8546 - recall: 0.8691
240/349 [===================>..........] - ETA: 6s - loss: 0.3179 - accuracy: 0.8615 - precision: 0.8545 - recall: 0.8697
241/349 [===================>..........] - ETA: 6s - loss: 0.3177 - accuracy: 0.8621 - precision: 0.8549 - recall: 0.8702
243/349 [===================>..........] - ETA: 5s - loss: 0.3166 - accuracy: 0.8627 - precision: 0.8554 - recall: 0.8714
244/349 [===================>..........] - ETA: 5s - loss: 0.3156 - accuracy: 0.8632 - precision: 0.8560 - recall: 0.8719
245/349 [====================>.........] - ETA: 5s - loss: 0.3149 - accuracy: 0.8638 - precision: 0.8566 - recall: 0.8724
246/349 [====================>.........] - ETA: 5s - loss: 0.3148 - accuracy: 0.8638 - precision: 0.8561 - recall: 0.8728
247/349 [====================>.........] - ETA: 5s - loss: 0.3151 - accuracy: 0.8634 - precision: 0.8563 - recall: 0.8712
248/349 [====================>.........] - ETA: 5s - loss: 0.3142 - accuracy: 0.8639 - precision: 0.8567 - recall: 0.8716
249/349 [====================>.........] - ETA: 5s - loss: 0.3140 - accuracy: 0.8640 - precision: 0.8564 - recall: 0.8721
250/349 [====================>.........] - ETA: 5s - loss: 0.3151 - accuracy: 0.8635 - precision: 0.8553 - recall: 0.8726
251/349 [====================>.........] - ETA: 5s - loss: 0.3160 - accuracy: 0.8626 - precision: 0.8546 - recall: 0.8710
252/349 [====================>.........] - ETA: 5s - loss: 0.3150 - accuracy: 0.8631 - precision: 0.8556 - recall: 0.8719
253/349 [====================>.........] - ETA: 5s - loss: 0.3143 - accuracy: 0.8637 - precision: 0.8563 - recall: 0.8725
254/349 [====================>.........] - ETA: 5s - loss: 0.3134 - accuracy: 0.8642 - precision: 0.8573 - recall: 0.8734
255/349 [====================>.........] - ETA: 5s - loss: 0.3125 - accuracy: 0.8647 - precision: 0.8577 - recall: 0.8738
256/349 [=====================>........] - ETA: 5s - loss: 0.3133 - accuracy: 0.8643 - precision: 0.8563 - recall: 0.8740
257/349 [=====================>........] - ETA: 5s - loss: 0.3137 - accuracy: 0.8643 - precision: 0.8570 - recall: 0.8738
258/349 [=====================>........] - ETA: 5s - loss: 0.3128 - accuracy: 0.8649 - precision: 0.8578 - recall: 0.8745
259/349 [=====================>........] - ETA: 5s - loss: 0.3129 - accuracy: 0.8649 - precision: 0.8582 - recall: 0.8740
260/349 [=====================>........] - ETA: 4s - loss: 0.3138 - accuracy: 0.8644 - precision: 0.8585 - recall: 0.8726
261/349 [=====================>........] - ETA: 4s - loss: 0.3130 - accuracy: 0.8650 - precision: 0.8590 - recall: 0.8731
262/349 [=====================>........] - ETA: 4s - loss: 0.3137 - accuracy: 0.8650 - precision: 0.8589 - recall: 0.8737
263/349 [=====================>........] - ETA: 4s - loss: 0.3140 - accuracy: 0.8650 - precision: 0.8585 - recall: 0.8740
264/349 [=====================>........] - ETA: 4s - loss: 0.3148 - accuracy: 0.8641 - precision: 0.8581 - recall: 0.8727
265/349 [=====================>........] - ETA: 4s - loss: 0.3145 - accuracy: 0.8642 - precision: 0.8583 - recall: 0.8722
266/349 [=====================>........] - ETA: 4s - loss: 0.3141 - accuracy: 0.8642 - precision: 0.8583 - recall: 0.8729
267/349 [=====================>........] - ETA: 4s - loss: 0.3139 - accuracy: 0.8647 - precision: 0.8589 - recall: 0.8734
268/349 [======================>.......] - ETA: 4s - loss: 0.3144 - accuracy: 0.8643 - precision: 0.8586 - recall: 0.8730
269/349 [======================>.......] - ETA: 4s - loss: 0.3141 - accuracy: 0.8643 - precision: 0.8583 - recall: 0.8735
271/349 [======================>.......] - ETA: 4s - loss: 0.3153 - accuracy: 0.8635 - precision: 0.8571 - recall: 0.8737
272/349 [======================>.......] - ETA: 4s - loss: 0.3162 - accuracy: 0.8626 - precision: 0.8560 - recall: 0.8733
273/349 [======================>.......] - ETA: 4s - loss: 0.3171 - accuracy: 0.8617 - precision: 0.8555 - recall: 0.8719
275/349 [======================>.......] - ETA: 4s - loss: 0.3167 - accuracy: 0.8623 - precision: 0.8565 - recall: 0.8721
277/349 [======================>.......] - ETA: 4s - loss: 0.3157 - accuracy: 0.8628 - precision: 0.8566 - recall: 0.8729
278/349 [======================>.......] - ETA: 3s - loss: 0.3156 - accuracy: 0.8624 - precision: 0.8561 - recall: 0.8723
279/349 [======================>.......] - ETA: 3s - loss: 0.3149 - accuracy: 0.8629 - precision: 0.8566 - recall: 0.8728
280/349 [=======================>......] - ETA: 3s - loss: 0.3156 - accuracy: 0.8625 - precision: 0.8559 - recall: 0.8734
282/349 [=======================>......] - ETA: 3s - loss: 0.3151 - accuracy: 0.8626 - precision: 0.8562 - recall: 0.8736
284/349 [=======================>......] - ETA: 3s - loss: 0.3153 - accuracy: 0.8627 - precision: 0.8554 - recall: 0.8742
285/349 [=======================>......] - ETA: 3s - loss: 0.3147 - accuracy: 0.8632 - precision: 0.8559 - recall: 0.8747
287/349 [=======================>......] - ETA: 3s - loss: 0.3146 - accuracy: 0.8633 - precision: 0.8557 - recall: 0.8743
289/349 [=======================>......] - ETA: 3s - loss: 0.3152 - accuracy: 0.8633 - precision: 0.8556 - recall: 0.8741
290/349 [=======================>......] - ETA: 3s - loss: 0.3164 - accuracy: 0.8629 - precision: 0.8551 - recall: 0.8736
291/349 [========================>.....] - ETA: 3s - loss: 0.3159 - accuracy: 0.8634 - precision: 0.8556 - recall: 0.8740
292/349 [========================>.....] - ETA: 3s - loss: 0.3167 - accuracy: 0.8622 - precision: 0.8551 - recall: 0.8720
294/349 [========================>.....] - ETA: 3s - loss: 0.3164 - accuracy: 0.8618 - precision: 0.8546 - recall: 0.8721
295/349 [========================>.....] - ETA: 3s - loss: 0.3164 - accuracy: 0.8619 - precision: 0.8543 - recall: 0.8724
296/349 [========================>.....] - ETA: 2s - loss: 0.3158 - accuracy: 0.8623 - precision: 0.8549 - recall: 0.8730
297/349 [========================>.....] - ETA: 2s - loss: 0.3166 - accuracy: 0.8624 - precision: 0.8543 - recall: 0.8731
298/349 [========================>.....] - ETA: 2s - loss: 0.3171 - accuracy: 0.8620 - precision: 0.8540 - recall: 0.8727
299/349 [========================>.....] - ETA: 2s - loss: 0.3179 - accuracy: 0.8616 - precision: 0.8527 - recall: 0.8728
300/349 [========================>.....] - ETA: 2s - loss: 0.3180 - accuracy: 0.8617 - precision: 0.8525 - recall: 0.8732
301/349 [========================>.....] - ETA: 2s - loss: 0.3177 - accuracy: 0.8621 - precision: 0.8528 - recall: 0.8735
302/349 [========================>.....] - ETA: 2s - loss: 0.3191 - accuracy: 0.8618 - precision: 0.8532 - recall: 0.8724
303/349 [=========================>....] - ETA: 2s - loss: 0.3182 - accuracy: 0.8622 - precision: 0.8538 - recall: 0.8729
304/349 [=========================>....] - ETA: 2s - loss: 0.3177 - accuracy: 0.8627 - precision: 0.8541 - recall: 0.8732
305/349 [=========================>....] - ETA: 2s - loss: 0.3176 - accuracy: 0.8631 - precision: 0.8547 - recall: 0.8738
306/349 [=========================>....] - ETA: 2s - loss: 0.3177 - accuracy: 0.8628 - precision: 0.8545 - recall: 0.8735
307/349 [=========================>....] - ETA: 2s - loss: 0.3172 - accuracy: 0.8628 - precision: 0.8549 - recall: 0.8731
308/349 [=========================>....] - ETA: 2s - loss: 0.3174 - accuracy: 0.8624 - precision: 0.8543 - recall: 0.8724
309/349 [=========================>....] - ETA: 2s - loss: 0.3173 - accuracy: 0.8625 - precision: 0.8546 - recall: 0.8720
310/349 [=========================>....] - ETA: 2s - loss: 0.3171 - accuracy: 0.8625 - precision: 0.8551 - recall: 0.8718
311/349 [=========================>....] - ETA: 2s - loss: 0.3167 - accuracy: 0.8630 - precision: 0.8556 - recall: 0.8722
312/349 [=========================>....] - ETA: 2s - loss: 0.3163 - accuracy: 0.8634 - precision: 0.8564 - recall: 0.8729
313/349 [=========================>....] - ETA: 2s - loss: 0.3164 - accuracy: 0.8634 - precision: 0.8559 - recall: 0.8731
314/349 [=========================>....] - ETA: 1s - loss: 0.3166 - accuracy: 0.8631 - precision: 0.8552 - recall: 0.8724
315/349 [==========================>...] - ETA: 1s - loss: 0.3162 - accuracy: 0.8635 - precision: 0.8555 - recall: 0.8726
316/349 [==========================>...] - ETA: 1s - loss: 0.3159 - accuracy: 0.8635 - precision: 0.8550 - recall: 0.8728
317/349 [==========================>...] - ETA: 1s - loss: 0.3170 - accuracy: 0.8636 - precision: 0.8548 - recall: 0.8732
318/349 [==========================>...] - ETA: 1s - loss: 0.3174 - accuracy: 0.8636 - precision: 0.8553 - recall: 0.8729
319/349 [==========================>...] - ETA: 1s - loss: 0.3171 - accuracy: 0.8640 - precision: 0.8557 - recall: 0.8733
320/349 [==========================>...] - ETA: 1s - loss: 0.3172 - accuracy: 0.8637 - precision: 0.8555 - recall: 0.8730
321/349 [==========================>...] - ETA: 1s - loss: 0.3170 - accuracy: 0.8637 - precision: 0.8552 - recall: 0.8733
322/349 [==========================>...] - ETA: 1s - loss: 0.3168 - accuracy: 0.8638 - precision: 0.8556 - recall: 0.8730
323/349 [==========================>...] - ETA: 1s - loss: 0.3160 - accuracy: 0.8642 - precision: 0.8563 - recall: 0.8736
324/349 [==========================>...] - ETA: 1s - loss: 0.3160 - accuracy: 0.8642 - precision: 0.8562 - recall: 0.8741
325/349 [==========================>...] - ETA: 1s - loss: 0.3161 - accuracy: 0.8642 - precision: 0.8564 - recall: 0.8736
326/349 [===========================>..] - ETA: 1s - loss: 0.3158 - accuracy: 0.8643 - precision: 0.8565 - recall: 0.8731
327/349 [===========================>..] - ETA: 1s - loss: 0.3159 - accuracy: 0.8647 - precision: 0.8570 - recall: 0.8736
328/349 [===========================>..] - ETA: 1s - loss: 0.3164 - accuracy: 0.8643 - precision: 0.8562 - recall: 0.8739
329/349 [===========================>..] - ETA: 1s - loss: 0.3160 - accuracy: 0.8644 - precision: 0.8561 - recall: 0.8744
330/349 [===========================>..] - ETA: 1s - loss: 0.3158 - accuracy: 0.8648 - precision: 0.8565 - recall: 0.8748
331/349 [===========================>..] - ETA: 1s - loss: 0.3151 - accuracy: 0.8652 - precision: 0.8567 - recall: 0.8750
332/349 [===========================>..] - ETA: 0s - loss: 0.3146 - accuracy: 0.8656 - precision: 0.8571 - recall: 0.8754
333/349 [===========================>..] - ETA: 0s - loss: 0.3143 - accuracy: 0.8660 - precision: 0.8576 - recall: 0.8758
334/349 [===========================>..] - ETA: 0s - loss: 0.3155 - accuracy: 0.8653 - precision: 0.8566 - recall: 0.8754
335/349 [===========================>..] - ETA: 0s - loss: 0.3157 - accuracy: 0.8649 - precision: 0.8561 - recall: 0.8748
336/349 [===========================>..] - ETA: 0s - loss: 0.3158 - accuracy: 0.8646 - precision: 0.8559 - recall: 0.8745
337/349 [===========================>..] - ETA: 0s - loss: 0.3154 - accuracy: 0.8650 - precision: 0.8564 - recall: 0.8750
338/349 [============================>.] - ETA: 0s - loss: 0.3153 - accuracy: 0.8650 - precision: 0.8560 - recall: 0.8752
339/349 [============================>.] - ETA: 0s - loss: 0.3152 - accuracy: 0.8654 - precision: 0.8566 - recall: 0.8757
340/349 [============================>.] - ETA: 0s - loss: 0.3149 - accuracy: 0.8658 - precision: 0.8571 - recall: 0.8762
341/349 [============================>.] - ETA: 0s - loss: 0.3149 - accuracy: 0.8659 - precision: 0.8575 - recall: 0.8758
342/349 [============================>.] - ETA: 0s - loss: 0.3154 - accuracy: 0.8659 - precision: 0.8579 - recall: 0.8756
343/349 [============================>.] - ETA: 0s - loss: 0.3152 - accuracy: 0.8659 - precision: 0.8579 - recall: 0.8761
344/349 [============================>.] - ETA: 0s - loss: 0.3150 - accuracy: 0.8659 - precision: 0.8573 - recall: 0.8762
345/349 [============================>.] - ETA: 0s - loss: 0.3147 - accuracy: 0.8663 - precision: 0.8577 - recall: 0.8765
346/349 [============================>.] - ETA: 0s - loss: 0.3148 - accuracy: 0.8664 - precision: 0.8579 - recall: 0.8760
347/349 [============================>.] - ETA: 0s - loss: 0.3142 - accuracy: 0.8667 - precision: 0.8582 - recall: 0.8763
348/349 [============================>.] - ETA: 0s - loss: 0.3143 - accuracy: 0.8664 - precision: 0.8582 - recall: 0.8762
349/349 [==============================] - ETA: 0s - loss: 0.3146 - accuracy: 0.8661 - precision: 0.8585 - recall: 0.8752
Epoch 2: saving model to C:\SIRCH_ENV\models\revision\exp13_grouped_retraining\gru_original_grouped\checkpoints\gru_original_grouped_epoch_002.weights.h5

Epoch 2: val_loss improved from 0.40641 to 0.36338, saving model to C:\SIRCH_ENV\models\revision\exp13_grouped_retraining\gru_original_grouped\best_gru_original_grouped_head.weights.h5

349/349 [==============================] - 35s 90ms/step - loss: 0.3146 - accuracy: 0.8661 - precision: 0.8585 - recall: 0.8752 - val_loss: 0.3634 - val_accuracy: 0.8224 - val_precision: 0.7903 - val_recall: 0.8754 - lr: 1.0000e-04
Epoch 3/30

  1/349 [..............................] - ETA: 1:49 - loss: 0.2767 - accuracy: 0.8750 - precision: 1.0000 - recall: 0.7500
  2/349 [..............................] - ETA: 43s - loss: 0.2623 - accuracy: 0.9375 - precision: 1.0000 - recall: 0.8571 
  3/349 [..............................] - ETA: 43s - loss: 0.4426 - accuracy: 0.8333 - precision: 0.7778 - recall: 0.7778
  4/349 [..............................] - ETA: 43s - loss: 0.4405 - accuracy: 0.7812 - precision: 0.6875 - recall: 0.8462
  5/349 [..............................] - ETA: 46s - loss: 0.3708 - accuracy: 0.8250 - precision: 0.7368 - recall: 0.8750
  6/349 [..............................] - ETA: 46s - loss: 0.3515 - accuracy: 0.8333 - precision: 0.7727 - recall: 0.8500
  7/349 [..............................] - ETA: 45s - loss: 0.3315 - accuracy: 0.8214 - precision: 0.7407 - recall: 0.8696
  8/349 [..............................] - ETA: 44s - loss: 0.3107 - accuracy: 0.8438 - precision: 0.7742 - recall: 0.8889
  9/349 [..............................] - ETA: 44s - loss: 0.2849 - accuracy: 0.8611 - precision: 0.8000 - recall: 0.9032
 10/349 [..............................] - ETA: 43s - loss: 0.3012 - accuracy: 0.8500 - precision: 0.7949 - recall: 0.8857
 11/349 [..............................] - ETA: 44s - loss: 0.2777 - accuracy: 0.8636 - precision: 0.8182 - recall: 0.9000
 12/349 [>.............................] - ETA: 45s - loss: 0.2968 - accuracy: 0.8542 - precision: 0.8085 - recall: 0.8837
 13/349 [>.............................] - ETA: 44s - loss: 0.3005 - accuracy: 0.8462 - precision: 0.8039 - recall: 0.8723
 14/349 [>.............................] - ETA: 45s - loss: 0.3072 - accuracy: 0.8393 - precision: 0.8113 - recall: 0.8431
 15/349 [>.............................] - ETA: 44s - loss: 0.3137 - accuracy: 0.8417 - precision: 0.8070 - recall: 0.8519
 16/349 [>.............................] - ETA: 44s - loss: 0.3012 - accuracy: 0.8516 - precision: 0.8167 - recall: 0.8596
 17/349 [>.............................] - ETA: 45s - loss: 0.3001 - accuracy: 0.8529 - precision: 0.8281 - recall: 0.8548
 18/349 [>.............................] - ETA: 45s - loss: 0.3138 - accuracy: 0.8472 - precision: 0.8382 - recall: 0.8382
 19/349 [>.............................] - ETA: 46s - loss: 0.3076 - accuracy: 0.8487 - precision: 0.8472 - recall: 0.8356
 20/349 [>.............................] - ETA: 46s - loss: 0.3051 - accuracy: 0.8500 - precision: 0.8462 - recall: 0.8462
 21/349 [>.............................] - ETA: 46s - loss: 0.2981 - accuracy: 0.8571 - precision: 0.8500 - recall: 0.8500
 22/349 [>.............................] - ETA: 46s - loss: 0.2901 - accuracy: 0.8636 - precision: 0.8554 - recall: 0.8554
 23/349 [>.............................] - ETA: 46s - loss: 0.2873 - accuracy: 0.8696 - precision: 0.8621 - recall: 0.8621
 24/349 [=>............................] - ETA: 47s - loss: 0.2818 - accuracy: 0.8750 - precision: 0.8710 - recall: 0.8710
 25/349 [=>............................] - ETA: 47s - loss: 0.2809 - accuracy: 0.8750 - precision: 0.8673 - recall: 0.8763
 26/349 [=>............................] - ETA: 46s - loss: 0.2897 - accuracy: 0.8654 - precision: 0.8627 - recall: 0.8627
 27/349 [=>............................] - ETA: 45s - loss: 0.2962 - accuracy: 0.8611 - precision: 0.8558 - recall: 0.8558
 28/349 [=>............................] - ETA: 44s - loss: 0.3035 - accuracy: 0.8616 - precision: 0.8532 - recall: 0.8611
 29/349 [=>............................] - ETA: 43s - loss: 0.3010 - accuracy: 0.8621 - precision: 0.8584 - recall: 0.8584
 30/349 [=>............................] - ETA: 42s - loss: 0.2960 - accuracy: 0.8667 - precision: 0.8632 - recall: 0.8632
 31/349 [=>............................] - ETA: 42s - loss: 0.3143 - accuracy: 0.8508 - precision: 0.8374 - recall: 0.8583
 32/349 [=>............................] - ETA: 41s - loss: 0.3165 - accuracy: 0.8516 - precision: 0.8450 - recall: 0.8583
 33/349 [=>............................] - ETA: 40s - loss: 0.3125 - accuracy: 0.8523 - precision: 0.8433 - recall: 0.8626
 34/349 [=>............................] - ETA: 39s - loss: 0.3168 - accuracy: 0.8529 - precision: 0.8478 - recall: 0.8603
 35/349 [==>...........................] - ETA: 39s - loss: 0.3137 - accuracy: 0.8571 - precision: 0.8552 - recall: 0.8671
 36/349 [==>...........................] - ETA: 38s - loss: 0.3074 - accuracy: 0.8611 - precision: 0.8581 - recall: 0.8699
 37/349 [==>...........................] - ETA: 38s - loss: 0.3070 - accuracy: 0.8615 - precision: 0.8553 - recall: 0.8725
 38/349 [==>...........................] - ETA: 37s - loss: 0.3013 - accuracy: 0.8651 - precision: 0.8562 - recall: 0.8733
 39/349 [==>...........................] - ETA: 36s - loss: 0.3089 - accuracy: 0.8622 - precision: 0.8535 - recall: 0.8701
 40/349 [==>...........................] - ETA: 36s - loss: 0.3121 - accuracy: 0.8625 - precision: 0.8519 - recall: 0.8734
 41/349 [==>...........................] - ETA: 35s - loss: 0.3171 - accuracy: 0.8628 - precision: 0.8512 - recall: 0.8773
 42/349 [==>...........................] - ETA: 35s - loss: 0.3316 - accuracy: 0.8571 - precision: 0.8439 - recall: 0.8743
 43/349 [==>...........................] - ETA: 34s - loss: 0.3278 - accuracy: 0.8605 - precision: 0.8475 - recall: 0.8772
 44/349 [==>...........................] - ETA: 34s - loss: 0.3265 - accuracy: 0.8608 - precision: 0.8478 - recall: 0.8814
 45/349 [==>...........................] - ETA: 34s - loss: 0.3367 - accuracy: 0.8528 - precision: 0.8307 - recall: 0.8820
 46/349 [==>...........................] - ETA: 33s - loss: 0.3395 - accuracy: 0.8505 - precision: 0.8290 - recall: 0.8791
 47/349 [===>..........................] - ETA: 33s - loss: 0.3405 - accuracy: 0.8484 - precision: 0.8299 - recall: 0.8703
 48/349 [===>..........................] - ETA: 32s - loss: 0.3365 - accuracy: 0.8516 - precision: 0.8325 - recall: 0.8723
 49/349 [===>..........................] - ETA: 32s - loss: 0.3345 - accuracy: 0.8520 - precision: 0.8317 - recall: 0.8750
 50/349 [===>..........................] - ETA: 31s - loss: 0.3366 - accuracy: 0.8475 - precision: 0.8278 - recall: 0.8737
 51/349 [===>..........................] - ETA: 31s - loss: 0.3342 - accuracy: 0.8505 - precision: 0.8318 - recall: 0.8768
 52/349 [===>..........................] - ETA: 31s - loss: 0.3301 - accuracy: 0.8534 - precision: 0.8371 - recall: 0.8810
 53/349 [===>..........................] - ETA: 30s - loss: 0.3346 - accuracy: 0.8514 - precision: 0.8407 - recall: 0.8756
 54/349 [===>..........................] - ETA: 30s - loss: 0.3372 - accuracy: 0.8495 - precision: 0.8384 - recall: 0.8727
 55/349 [===>..........................] - ETA: 30s - loss: 0.3321 - accuracy: 0.8523 - precision: 0.8426 - recall: 0.8761
 56/349 [===>..........................] - ETA: 29s - loss: 0.3335 - accuracy: 0.8482 - precision: 0.8368 - recall: 0.8734
 57/349 [===>..........................] - ETA: 29s - loss: 0.3320 - accuracy: 0.8487 - precision: 0.8382 - recall: 0.8707
 58/349 [===>..........................] - ETA: 29s - loss: 0.3346 - accuracy: 0.8448 - precision: 0.8340 - recall: 0.8692
 59/349 [====>.........................] - ETA: 29s - loss: 0.3326 - accuracy: 0.8453 - precision: 0.8327 - recall: 0.8708
 60/349 [====>.........................] - ETA: 28s - loss: 0.3321 - accuracy: 0.8458 - precision: 0.8320 - recall: 0.8730
 61/349 [====>.........................] - ETA: 28s - loss: 0.3343 - accuracy: 0.8443 - precision: 0.8314 - recall: 0.8715
 63/349 [====>.........................] - ETA: 27s - loss: 0.3334 - accuracy: 0.8452 - precision: 0.8277 - recall: 0.8735
 64/349 [====>.........................] - ETA: 27s - loss: 0.3341 - accuracy: 0.8438 - precision: 0.8229 - recall: 0.8745
 66/349 [====>.........................] - ETA: 26s - loss: 0.3311 - accuracy: 0.8466 - precision: 0.8280 - recall: 0.8750
 68/349 [====>.........................] - ETA: 26s - loss: 0.3339 - accuracy: 0.8456 - precision: 0.8293 - recall: 0.8718
 70/349 [=====>........................] - ETA: 25s - loss: 0.3304 - accuracy: 0.8500 - precision: 0.8345 - recall: 0.8759
 72/349 [=====>........................] - ETA: 25s - loss: 0.3274 - accuracy: 0.8507 - precision: 0.8328 - recall: 0.8789
 73/349 [=====>........................] - ETA: 25s - loss: 0.3270 - accuracy: 0.8510 - precision: 0.8333 - recall: 0.8814
 74/349 [=====>........................] - ETA: 24s - loss: 0.3252 - accuracy: 0.8514 - precision: 0.8344 - recall: 0.8792
 75/349 [=====>........................] - ETA: 24s - loss: 0.3221 - accuracy: 0.8533 - precision: 0.8365 - recall: 0.8808
 77/349 [=====>........................] - ETA: 24s - loss: 0.3242 - accuracy: 0.8539 - precision: 0.8359 - recall: 0.8842
 78/349 [=====>........................] - ETA: 23s - loss: 0.3251 - accuracy: 0.8542 - precision: 0.8348 - recall: 0.8854
 80/349 [=====>........................] - ETA: 23s - loss: 0.3276 - accuracy: 0.8531 - precision: 0.8304 - recall: 0.8875
 81/349 [=====>........................] - ETA: 23s - loss: 0.3284 - accuracy: 0.8534 - precision: 0.8309 - recall: 0.8896
 82/349 [======>.......................] - ETA: 23s - loss: 0.3269 - accuracy: 0.8537 - precision: 0.8295 - recall: 0.8902
 83/349 [======>.......................] - ETA: 22s - loss: 0.3244 - accuracy: 0.8554 - precision: 0.8315 - recall: 0.8916
 84/349 [======>.......................] - ETA: 22s - loss: 0.3261 - accuracy: 0.8557 - precision: 0.8324 - recall: 0.8896
 85/349 [======>.......................] - ETA: 22s - loss: 0.3281 - accuracy: 0.8529 - precision: 0.8278 - recall: 0.8869
 86/349 [======>.......................] - ETA: 22s - loss: 0.3295 - accuracy: 0.8517 - precision: 0.8279 - recall: 0.8860
 88/349 [======>.......................] - ETA: 21s - loss: 0.3315 - accuracy: 0.8494 - precision: 0.8267 - recall: 0.8832
 89/349 [======>.......................] - ETA: 21s - loss: 0.3296 - accuracy: 0.8511 - precision: 0.8271 - recall: 0.8835
 90/349 [======>.......................] - ETA: 21s - loss: 0.3305 - accuracy: 0.8500 - precision: 0.8232 - recall: 0.8839
 91/349 [======>.......................] - ETA: 21s - loss: 0.3289 - accuracy: 0.8516 - precision: 0.8246 - recall: 0.8848
 92/349 [======>.......................] - ETA: 21s - loss: 0.3270 - accuracy: 0.8533 - precision: 0.8260 - recall: 0.8858
 94/349 [=======>......................] - ETA: 20s - loss: 0.3272 - accuracy: 0.8511 - precision: 0.8198 - recall: 0.8874
 95/349 [=======>......................] - ETA: 20s - loss: 0.3259 - accuracy: 0.8513 - precision: 0.8191 - recall: 0.8883
 96/349 [=======>......................] - ETA: 20s - loss: 0.3277 - accuracy: 0.8516 - precision: 0.8209 - recall: 0.8871
 97/349 [=======>......................] - ETA: 20s - loss: 0.3252 - accuracy: 0.8531 - precision: 0.8222 - recall: 0.8880
 98/349 [=======>......................] - ETA: 20s - loss: 0.3273 - accuracy: 0.8533 - precision: 0.8235 - recall: 0.8865
 99/349 [=======>......................] - ETA: 20s - loss: 0.3303 - accuracy: 0.8535 - precision: 0.8240 - recall: 0.8845
100/349 [=======>......................] - ETA: 20s - loss: 0.3291 - accuracy: 0.8550 - precision: 0.8252 - recall: 0.8854
101/349 [=======>......................] - ETA: 20s - loss: 0.3271 - accuracy: 0.8564 - precision: 0.8269 - recall: 0.8866
102/349 [=======>......................] - ETA: 19s - loss: 0.3276 - accuracy: 0.8542 - precision: 0.8266 - recall: 0.8832
103/349 [=======>......................] - ETA: 19s - loss: 0.3275 - accuracy: 0.8532 - precision: 0.8278 - recall: 0.8797
104/349 [=======>......................] - ETA: 19s - loss: 0.3288 - accuracy: 0.8522 - precision: 0.8294 - recall: 0.8765
106/349 [========>.....................] - ETA: 19s - loss: 0.3244 - accuracy: 0.8550 - precision: 0.8337 - recall: 0.8798
107/349 [========>.....................] - ETA: 19s - loss: 0.3254 - accuracy: 0.8540 - precision: 0.8326 - recall: 0.8783
108/349 [========>.....................] - ETA: 19s - loss: 0.3242 - accuracy: 0.8542 - precision: 0.8322 - recall: 0.8794
109/349 [========>.....................] - ETA: 19s - loss: 0.3249 - accuracy: 0.8544 - precision: 0.8341 - recall: 0.8788
110/349 [========>.....................] - ETA: 19s - loss: 0.3277 - accuracy: 0.8523 - precision: 0.8330 - recall: 0.8753
111/349 [========>.....................] - ETA: 18s - loss: 0.3281 - accuracy: 0.8525 - precision: 0.8326 - recall: 0.8764
112/349 [========>.....................] - ETA: 18s - loss: 0.3282 - accuracy: 0.8516 - precision: 0.8315 - recall: 0.8750
113/349 [========>.....................] - ETA: 18s - loss: 0.3272 - accuracy: 0.8529 - precision: 0.8337 - recall: 0.8767
114/349 [========>.....................] - ETA: 18s - loss: 0.3266 - accuracy: 0.8531 - precision: 0.8326 - recall: 0.8772
115/349 [========>.....................] - ETA: 18s - loss: 0.3294 - accuracy: 0.8522 - precision: 0.8305 - recall: 0.8783
116/349 [========>.....................] - ETA: 18s - loss: 0.3268 - accuracy: 0.8534 - precision: 0.8323 - recall: 0.8796
117/349 [=========>....................] - ETA: 18s - loss: 0.3272 - accuracy: 0.8526 - precision: 0.8296 - recall: 0.8802
118/349 [=========>....................] - ETA: 18s - loss: 0.3287 - accuracy: 0.8496 - precision: 0.8269 - recall: 0.8769
119/349 [=========>....................] - ETA: 17s - loss: 0.3284 - accuracy: 0.8487 - precision: 0.8270 - recall: 0.8763
120/349 [=========>....................] - ETA: 17s - loss: 0.3263 - accuracy: 0.8500 - precision: 0.8290 - recall: 0.8779
121/349 [=========>....................] - ETA: 17s - loss: 0.3291 - accuracy: 0.8492 - precision: 0.8264 - recall: 0.8784
122/349 [=========>....................] - ETA: 17s - loss: 0.3287 - accuracy: 0.8494 - precision: 0.8271 - recall: 0.8771
123/349 [=========>....................] - ETA: 17s - loss: 0.3269 - accuracy: 0.8506 - precision: 0.8291 - recall: 0.8786
124/349 [=========>....................] - ETA: 17s - loss: 0.3257 - accuracy: 0.8518 - precision: 0.8301 - recall: 0.8793
125/349 [=========>....................] - ETA: 17s - loss: 0.3241 - accuracy: 0.8530 - precision: 0.8317 - recall: 0.8806
126/349 [=========>....................] - ETA: 17s - loss: 0.3246 - accuracy: 0.8522 - precision: 0.8292 - recall: 0.8810
127/349 [=========>....................] - ETA: 17s - loss: 0.3262 - accuracy: 0.8514 - precision: 0.8286 - recall: 0.8800
128/349 [==========>...................] - ETA: 17s - loss: 0.3269 - accuracy: 0.8516 - precision: 0.8280 - recall: 0.8807
129/349 [==========>...................] - ETA: 17s - loss: 0.3268 - accuracy: 0.8508 - precision: 0.8256 - recall: 0.8812
130/349 [==========>...................] - ETA: 16s - loss: 0.3262 - accuracy: 0.8510 - precision: 0.8250 - recall: 0.8819
131/349 [==========>...................] - ETA: 16s - loss: 0.3269 - accuracy: 0.8511 - precision: 0.8251 - recall: 0.8830
132/349 [==========>...................] - ETA: 16s - loss: 0.3255 - accuracy: 0.8523 - precision: 0.8264 - recall: 0.8839
133/349 [==========>...................] - ETA: 16s - loss: 0.3251 - accuracy: 0.8515 - precision: 0.8259 - recall: 0.8829
135/349 [==========>...................] - ETA: 16s - loss: 0.3237 - accuracy: 0.8519 - precision: 0.8262 - recall: 0.8826
137/349 [==========>...................] - ETA: 16s - loss: 0.3256 - accuracy: 0.8504 - precision: 0.8269 - recall: 0.8792
138/349 [==========>...................] - ETA: 15s - loss: 0.3251 - accuracy: 0.8505 - precision: 0.8267 - recall: 0.8801
139/349 [==========>...................] - ETA: 15s - loss: 0.3245 - accuracy: 0.8507 - precision: 0.8268 - recall: 0.8812
140/349 [===========>..................] - ETA: 15s - loss: 0.3291 - accuracy: 0.8491 - precision: 0.8271 - recall: 0.8766
141/349 [===========>..................] - ETA: 15s - loss: 0.3283 - accuracy: 0.8493 - precision: 0.8262 - recall: 0.8770
142/349 [===========>..................] - ETA: 15s - loss: 0.3285 - accuracy: 0.8495 - precision: 0.8271 - recall: 0.8761
143/349 [===========>..................] - ETA: 15s - loss: 0.3308 - accuracy: 0.8470 - precision: 0.8260 - recall: 0.8717
144/349 [===========>..................] - ETA: 15s - loss: 0.3313 - accuracy: 0.8472 - precision: 0.8272 - recall: 0.8710
145/349 [===========>..................] - ETA: 15s - loss: 0.3297 - accuracy: 0.8483 - precision: 0.8286 - recall: 0.8722
146/349 [===========>..................] - ETA: 15s - loss: 0.3297 - accuracy: 0.8485 - precision: 0.8300 - recall: 0.8718
147/349 [===========>..................] - ETA: 15s - loss: 0.3290 - accuracy: 0.8486 - precision: 0.8298 - recall: 0.8726
148/349 [===========>..................] - ETA: 14s - loss: 0.3282 - accuracy: 0.8488 - precision: 0.8306 - recall: 0.8718
149/349 [===========>..................] - ETA: 14s - loss: 0.3271 - accuracy: 0.8498 - precision: 0.8314 - recall: 0.8724
150/349 [===========>..................] - ETA: 14s - loss: 0.3279 - accuracy: 0.8500 - precision: 0.8309 - recall: 0.8731
151/349 [===========>..................] - ETA: 14s - loss: 0.3281 - accuracy: 0.8493 - precision: 0.8291 - recall: 0.8737
152/349 [============>.................] - ETA: 14s - loss: 0.3276 - accuracy: 0.8495 - precision: 0.8302 - recall: 0.8731
153/349 [============>.................] - ETA: 14s - loss: 0.3279 - accuracy: 0.8497 - precision: 0.8318 - recall: 0.8729
154/349 [============>.................] - ETA: 14s - loss: 0.3276 - accuracy: 0.8498 - precision: 0.8315 - recall: 0.8738
155/349 [============>.................] - ETA: 14s - loss: 0.3293 - accuracy: 0.8492 - precision: 0.8300 - recall: 0.8746
156/349 [============>.................] - ETA: 14s - loss: 0.3292 - accuracy: 0.8494 - precision: 0.8300 - recall: 0.8756
157/349 [============>.................] - ETA: 14s - loss: 0.3304 - accuracy: 0.8479 - precision: 0.8288 - recall: 0.8752
158/349 [============>.................] - ETA: 14s - loss: 0.3298 - accuracy: 0.8481 - precision: 0.8293 - recall: 0.8766
159/349 [============>.................] - ETA: 14s - loss: 0.3308 - accuracy: 0.8483 - precision: 0.8294 - recall: 0.8776
160/349 [============>.................] - ETA: 13s - loss: 0.3297 - accuracy: 0.8492 - precision: 0.8306 - recall: 0.8785
161/349 [============>.................] - ETA: 13s - loss: 0.3300 - accuracy: 0.8486 - precision: 0.8292 - recall: 0.8793
162/349 [============>.................] - ETA: 13s - loss: 0.3310 - accuracy: 0.8472 - precision: 0.8266 - recall: 0.8800
163/349 [=============>................] - ETA: 13s - loss: 0.3319 - accuracy: 0.8459 - precision: 0.8240 - recall: 0.8807
164/349 [=============>................] - ETA: 13s - loss: 0.3304 - accuracy: 0.8468 - precision: 0.8255 - recall: 0.8818
165/349 [=============>................] - ETA: 13s - loss: 0.3304 - accuracy: 0.8477 - precision: 0.8260 - recall: 0.8822
166/349 [=============>................] - ETA: 13s - loss: 0.3314 - accuracy: 0.8471 - precision: 0.8258 - recall: 0.8816
167/349 [=============>................] - ETA: 13s - loss: 0.3308 - accuracy: 0.8473 - precision: 0.8273 - recall: 0.8813
168/349 [=============>................] - ETA: 13s - loss: 0.3313 - accuracy: 0.8467 - precision: 0.8269 - recall: 0.8805
169/349 [=============>................] - ETA: 13s - loss: 0.3325 - accuracy: 0.8454 - precision: 0.8251 - recall: 0.8796
170/349 [=============>................] - ETA: 13s - loss: 0.3322 - accuracy: 0.8456 - precision: 0.8249 - recall: 0.8803
171/349 [=============>................] - ETA: 13s - loss: 0.3332 - accuracy: 0.8443 - precision: 0.8243 - recall: 0.8781
172/349 [=============>................] - ETA: 13s - loss: 0.3339 - accuracy: 0.8445 - precision: 0.8241 - recall: 0.8788
173/349 [=============>................] - ETA: 13s - loss: 0.3331 - accuracy: 0.8447 - precision: 0.8255 - recall: 0.8786
174/349 [=============>................] - ETA: 12s - loss: 0.3351 - accuracy: 0.8434 - precision: 0.8249 - recall: 0.8764
175/349 [==============>...............] - ETA: 12s - loss: 0.3350 - accuracy: 0.8436 - precision: 0.8256 - recall: 0.8757
176/349 [==============>...............] - ETA: 12s - loss: 0.3373 - accuracy: 0.8430 - precision: 0.8260 - recall: 0.8736
177/349 [==============>...............] - ETA: 12s - loss: 0.3374 - accuracy: 0.8425 - precision: 0.8267 - recall: 0.8717
178/349 [==============>...............] - ETA: 12s - loss: 0.3366 - accuracy: 0.8434 - precision: 0.8276 - recall: 0.8724
179/349 [==============>...............] - ETA: 12s - loss: 0.3365 - accuracy: 0.8436 - precision: 0.8288 - recall: 0.8721
180/349 [==============>...............] - ETA: 12s - loss: 0.3352 - accuracy: 0.8444 - precision: 0.8294 - recall: 0.8726
181/349 [==============>...............] - ETA: 12s - loss: 0.3340 - accuracy: 0.8453 - precision: 0.8299 - recall: 0.8730
182/349 [==============>...............] - ETA: 12s - loss: 0.3331 - accuracy: 0.8455 - precision: 0.8307 - recall: 0.8725
183/349 [==============>...............] - ETA: 12s - loss: 0.3345 - accuracy: 0.8443 - precision: 0.8295 - recall: 0.8720
184/349 [==============>...............] - ETA: 12s - loss: 0.3337 - accuracy: 0.8444 - precision: 0.8301 - recall: 0.8713
185/349 [==============>...............] - ETA: 12s - loss: 0.3341 - accuracy: 0.8432 - precision: 0.8274 - recall: 0.8717
186/349 [==============>...............] - ETA: 11s - loss: 0.3341 - accuracy: 0.8427 - precision: 0.8277 - recall: 0.8715
187/349 [===============>..............] - ETA: 11s - loss: 0.3347 - accuracy: 0.8416 - precision: 0.8263 - recall: 0.8709
188/349 [===============>..............] - ETA: 11s - loss: 0.3355 - accuracy: 0.8411 - precision: 0.8251 - recall: 0.8716
189/349 [===============>..............] - ETA: 11s - loss: 0.3350 - accuracy: 0.8413 - precision: 0.8253 - recall: 0.8726
190/349 [===============>..............] - ETA: 11s - loss: 0.3358 - accuracy: 0.8414 - precision: 0.8248 - recall: 0.8729
192/349 [===============>..............] - ETA: 11s - loss: 0.3357 - accuracy: 0.8418 - precision: 0.8249 - recall: 0.8745
194/349 [===============>..............] - ETA: 11s - loss: 0.3358 - accuracy: 0.8415 - precision: 0.8246 - recall: 0.8747
195/349 [===============>..............] - ETA: 11s - loss: 0.3363 - accuracy: 0.8410 - precision: 0.8235 - recall: 0.8753
196/349 [===============>..............] - ETA: 11s - loss: 0.3366 - accuracy: 0.8412 - precision: 0.8231 - recall: 0.8758
198/349 [================>.............] - ETA: 10s - loss: 0.3357 - accuracy: 0.8415 - precision: 0.8236 - recall: 0.8758
199/349 [================>.............] - ETA: 10s - loss: 0.3357 - accuracy: 0.8417 - precision: 0.8240 - recall: 0.8750
200/349 [================>.............] - ETA: 10s - loss: 0.3351 - accuracy: 0.8419 - precision: 0.8242 - recall: 0.8741
201/349 [================>.............] - ETA: 10s - loss: 0.3341 - accuracy: 0.8420 - precision: 0.8246 - recall: 0.8733
202/349 [================>.............] - ETA: 10s - loss: 0.3340 - accuracy: 0.8422 - precision: 0.8252 - recall: 0.8727
204/349 [================>.............] - ETA: 10s - loss: 0.3321 - accuracy: 0.8431 - precision: 0.8272 - recall: 0.8732
205/349 [================>.............] - ETA: 10s - loss: 0.3331 - accuracy: 0.8421 - precision: 0.8259 - recall: 0.8726
206/349 [================>.............] - ETA: 10s - loss: 0.3334 - accuracy: 0.8422 - precision: 0.8256 - recall: 0.8731
207/349 [================>.............] - ETA: 10s - loss: 0.3337 - accuracy: 0.8424 - precision: 0.8262 - recall: 0.8725
209/349 [================>.............] - ETA: 9s - loss: 0.3351 - accuracy: 0.8409 - precision: 0.8235 - recall: 0.8722 
210/349 [=================>............] - ETA: 9s - loss: 0.3344 - accuracy: 0.8411 - precision: 0.8233 - recall: 0.8728
212/349 [=================>............] - ETA: 9s - loss: 0.3344 - accuracy: 0.8408 - precision: 0.8227 - recall: 0.8727
213/349 [=================>............] - ETA: 9s - loss: 0.3356 - accuracy: 0.8404 - precision: 0.8224 - recall: 0.8721
214/349 [=================>............] - ETA: 9s - loss: 0.3351 - accuracy: 0.8405 - precision: 0.8221 - recall: 0.8725
216/349 [=================>............] - ETA: 9s - loss: 0.3348 - accuracy: 0.8403 - precision: 0.8219 - recall: 0.8711
217/349 [=================>............] - ETA: 9s - loss: 0.3349 - accuracy: 0.8399 - precision: 0.8225 - recall: 0.8696
219/349 [=================>............] - ETA: 9s - loss: 0.3391 - accuracy: 0.8390 - precision: 0.8221 - recall: 0.8686
220/349 [=================>............] - ETA: 9s - loss: 0.3381 - accuracy: 0.8398 - precision: 0.8226 - recall: 0.8691
221/349 [=================>............] - ETA: 8s - loss: 0.3377 - accuracy: 0.8399 - precision: 0.8232 - recall: 0.8685
222/349 [==================>...........] - ETA: 8s - loss: 0.3379 - accuracy: 0.8401 - precision: 0.8236 - recall: 0.8679
223/349 [==================>...........] - ETA: 8s - loss: 0.3374 - accuracy: 0.8402 - precision: 0.8243 - recall: 0.8675
224/349 [==================>...........] - ETA: 8s - loss: 0.3373 - accuracy: 0.8404 - precision: 0.8242 - recall: 0.8681
226/349 [==================>...........] - ETA: 8s - loss: 0.3350 - accuracy: 0.8418 - precision: 0.8257 - recall: 0.8692
228/349 [==================>...........] - ETA: 8s - loss: 0.3334 - accuracy: 0.8427 - precision: 0.8269 - recall: 0.8693
229/349 [==================>...........] - ETA: 8s - loss: 0.3341 - accuracy: 0.8422 - precision: 0.8266 - recall: 0.8688
231/349 [==================>...........] - ETA: 8s - loss: 0.3334 - accuracy: 0.8425 - precision: 0.8262 - recall: 0.8698
233/349 [===================>..........] - ETA: 8s - loss: 0.3315 - accuracy: 0.8439 - precision: 0.8276 - recall: 0.8709
234/349 [===================>..........] - ETA: 7s - loss: 0.3318 - accuracy: 0.8440 - precision: 0.8281 - recall: 0.8704
236/349 [===================>..........] - ETA: 7s - loss: 0.3303 - accuracy: 0.8448 - precision: 0.8285 - recall: 0.8713
237/349 [===================>..........] - ETA: 7s - loss: 0.3305 - accuracy: 0.8449 - precision: 0.8283 - recall: 0.8718
238/349 [===================>..........] - ETA: 7s - loss: 0.3312 - accuracy: 0.8445 - precision: 0.8282 - recall: 0.8715
240/349 [===================>..........] - ETA: 7s - loss: 0.3312 - accuracy: 0.8443 - precision: 0.8276 - recall: 0.8714
241/349 [===================>..........] - ETA: 7s - loss: 0.3311 - accuracy: 0.8444 - precision: 0.8283 - recall: 0.8710
243/349 [===================>..........] - ETA: 7s - loss: 0.3308 - accuracy: 0.8452 - precision: 0.8294 - recall: 0.8710
244/349 [===================>..........] - ETA: 7s - loss: 0.3321 - accuracy: 0.8443 - precision: 0.8296 - recall: 0.8685
245/349 [====================>.........] - ETA: 7s - loss: 0.3322 - accuracy: 0.8444 - precision: 0.8304 - recall: 0.8683
247/349 [====================>.........] - ETA: 6s - loss: 0.3313 - accuracy: 0.8446 - precision: 0.8304 - recall: 0.8681
249/349 [====================>.........] - ETA: 6s - loss: 0.3303 - accuracy: 0.8454 - precision: 0.8316 - recall: 0.8681
251/349 [====================>.........] - ETA: 6s - loss: 0.3317 - accuracy: 0.8446 - precision: 0.8294 - recall: 0.8689
253/349 [====================>.........] - ETA: 6s - loss: 0.3333 - accuracy: 0.8444 - precision: 0.8278 - recall: 0.8696
255/349 [====================>.........] - ETA: 6s - loss: 0.3342 - accuracy: 0.8441 - precision: 0.8271 - recall: 0.8694
257/349 [=====================>........] - ETA: 6s - loss: 0.3340 - accuracy: 0.8444 - precision: 0.8270 - recall: 0.8690
259/349 [=====================>........] - ETA: 6s - loss: 0.3328 - accuracy: 0.8451 - precision: 0.8283 - recall: 0.8692
261/349 [=====================>........] - ETA: 5s - loss: 0.3331 - accuracy: 0.8453 - precision: 0.8288 - recall: 0.8694
263/349 [=====================>........] - ETA: 5s - loss: 0.3333 - accuracy: 0.8455 - precision: 0.8295 - recall: 0.8683
265/349 [=====================>........] - ETA: 5s - loss: 0.3364 - accuracy: 0.8439 - precision: 0.8282 - recall: 0.8666
267/349 [=====================>........] - ETA: 5s - loss: 0.3354 - accuracy: 0.8441 - precision: 0.8293 - recall: 0.8659
268/349 [======================>.......] - ETA: 5s - loss: 0.3364 - accuracy: 0.8442 - precision: 0.8299 - recall: 0.8655
270/349 [======================>.......] - ETA: 5s - loss: 0.3371 - accuracy: 0.8435 - precision: 0.8313 - recall: 0.8635
271/349 [======================>.......] - ETA: 5s - loss: 0.3371 - accuracy: 0.8432 - precision: 0.8311 - recall: 0.8632
273/349 [======================>.......] - ETA: 5s - loss: 0.3387 - accuracy: 0.8425 - precision: 0.8301 - recall: 0.8634
275/349 [======================>.......] - ETA: 4s - loss: 0.3407 - accuracy: 0.8405 - precision: 0.8258 - recall: 0.8640
277/349 [======================>.......] - ETA: 4s - loss: 0.3403 - accuracy: 0.8403 - precision: 0.8255 - recall: 0.8641
278/349 [======================>.......] - ETA: 4s - loss: 0.3409 - accuracy: 0.8399 - precision: 0.8245 - recall: 0.8645
280/349 [=======================>......] - ETA: 4s - loss: 0.3411 - accuracy: 0.8397 - precision: 0.8241 - recall: 0.8645
282/349 [=======================>......] - ETA: 4s - loss: 0.3396 - accuracy: 0.8404 - precision: 0.8245 - recall: 0.8654
283/349 [=======================>......] - ETA: 4s - loss: 0.3398 - accuracy: 0.8401 - precision: 0.8241 - recall: 0.8648
285/349 [=======================>......] - ETA: 4s - loss: 0.3385 - accuracy: 0.8408 - precision: 0.8246 - recall: 0.8658
286/349 [=======================>......] - ETA: 4s - loss: 0.3383 - accuracy: 0.8405 - precision: 0.8242 - recall: 0.8653
287/349 [=======================>......] - ETA: 4s - loss: 0.3392 - accuracy: 0.8402 - precision: 0.8232 - recall: 0.8656
288/349 [=======================>......] - ETA: 3s - loss: 0.3386 - accuracy: 0.8407 - precision: 0.8240 - recall: 0.8662
289/349 [=======================>......] - ETA: 3s - loss: 0.3382 - accuracy: 0.8408 - precision: 0.8239 - recall: 0.8667
290/349 [=======================>......] - ETA: 3s - loss: 0.3376 - accuracy: 0.8409 - precision: 0.8242 - recall: 0.8661
292/349 [========================>.....] - ETA: 3s - loss: 0.3363 - accuracy: 0.8416 - precision: 0.8250 - recall: 0.8661
294/349 [========================>.....] - ETA: 3s - loss: 0.3365 - accuracy: 0.8410 - precision: 0.8237 - recall: 0.8659
296/349 [========================>.....] - ETA: 3s - loss: 0.3385 - accuracy: 0.8399 - precision: 0.8218 - recall: 0.8658
298/349 [========================>.....] - ETA: 3s - loss: 0.3374 - accuracy: 0.8406 - precision: 0.8231 - recall: 0.8660
299/349 [========================>.....] - ETA: 3s - loss: 0.3367 - accuracy: 0.8411 - precision: 0.8239 - recall: 0.8667
301/349 [========================>.....] - ETA: 3s - loss: 0.3361 - accuracy: 0.8418 - precision: 0.8252 - recall: 0.8670
303/349 [=========================>....] - ETA: 2s - loss: 0.3356 - accuracy: 0.8424 - precision: 0.8257 - recall: 0.8667
305/349 [=========================>....] - ETA: 2s - loss: 0.3350 - accuracy: 0.8434 - precision: 0.8269 - recall: 0.8677
307/349 [=========================>....] - ETA: 2s - loss: 0.3340 - accuracy: 0.8436 - precision: 0.8279 - recall: 0.8670
309/349 [=========================>....] - ETA: 2s - loss: 0.3351 - accuracy: 0.8434 - precision: 0.8271 - recall: 0.8668
311/349 [=========================>....] - ETA: 2s - loss: 0.3353 - accuracy: 0.8436 - precision: 0.8273 - recall: 0.8667
312/349 [=========================>....] - ETA: 2s - loss: 0.3353 - accuracy: 0.8438 - precision: 0.8271 - recall: 0.8670
314/349 [=========================>....] - ETA: 2s - loss: 0.3346 - accuracy: 0.8439 - precision: 0.8275 - recall: 0.8672
316/349 [==========================>...] - ETA: 2s - loss: 0.3333 - accuracy: 0.8449 - precision: 0.8284 - recall: 0.8679
318/349 [==========================>...] - ETA: 1s - loss: 0.3322 - accuracy: 0.8455 - precision: 0.8296 - recall: 0.8682
319/349 [==========================>...] - ETA: 1s - loss: 0.3323 - accuracy: 0.8456 - precision: 0.8292 - recall: 0.8684
320/349 [==========================>...] - ETA: 1s - loss: 0.3329 - accuracy: 0.8453 - precision: 0.8290 - recall: 0.8680
321/349 [==========================>...] - ETA: 1s - loss: 0.3320 - accuracy: 0.8458 - precision: 0.8295 - recall: 0.8684
322/349 [==========================>...] - ETA: 1s - loss: 0.3327 - accuracy: 0.8451 - precision: 0.8296 - recall: 0.8665
324/349 [==========================>...] - ETA: 1s - loss: 0.3326 - accuracy: 0.8453 - precision: 0.8300 - recall: 0.8667
325/349 [==========================>...] - ETA: 1s - loss: 0.3332 - accuracy: 0.8450 - precision: 0.8302 - recall: 0.8655
326/349 [===========================>..] - ETA: 1s - loss: 0.3334 - accuracy: 0.8451 - precision: 0.8309 - recall: 0.8654
327/349 [===========================>..] - ETA: 1s - loss: 0.3333 - accuracy: 0.8452 - precision: 0.8309 - recall: 0.8654
328/349 [===========================>..] - ETA: 1s - loss: 0.3342 - accuracy: 0.8449 - precision: 0.8299 - recall: 0.8656
329/349 [===========================>..] - ETA: 1s - loss: 0.3340 - accuracy: 0.8450 - precision: 0.8300 - recall: 0.8662
330/349 [===========================>..] - ETA: 1s - loss: 0.3333 - accuracy: 0.8454 - precision: 0.8304 - recall: 0.8665
331/349 [===========================>..] - ETA: 1s - loss: 0.3337 - accuracy: 0.8451 - precision: 0.8294 - recall: 0.8667
332/349 [===========================>..] - ETA: 1s - loss: 0.3331 - accuracy: 0.8456 - precision: 0.8296 - recall: 0.8668
333/349 [===========================>..] - ETA: 1s - loss: 0.3327 - accuracy: 0.8461 - precision: 0.8302 - recall: 0.8673
334/349 [===========================>..] - ETA: 0s - loss: 0.3323 - accuracy: 0.8462 - precision: 0.8300 - recall: 0.8676
335/349 [===========================>..] - ETA: 0s - loss: 0.3337 - accuracy: 0.8459 - precision: 0.8291 - recall: 0.8679
336/349 [===========================>..] - ETA: 0s - loss: 0.3334 - accuracy: 0.8463 - precision: 0.8295 - recall: 0.8682
337/349 [===========================>..] - ETA: 0s - loss: 0.3332 - accuracy: 0.8464 - precision: 0.8295 - recall: 0.8687
338/349 [============================>.] - ETA: 0s - loss: 0.3330 - accuracy: 0.8465 - precision: 0.8295 - recall: 0.8692
339/349 [============================>.] - ETA: 0s - loss: 0.3351 - accuracy: 0.8458 - precision: 0.8286 - recall: 0.8688
340/349 [============================>.] - ETA: 0s - loss: 0.3346 - accuracy: 0.8463 - precision: 0.8290 - recall: 0.8690
341/349 [============================>.] - ETA: 0s - loss: 0.3340 - accuracy: 0.8464 - precision: 0.8287 - recall: 0.8693
342/349 [============================>.] - ETA: 0s - loss: 0.3336 - accuracy: 0.8468 - precision: 0.8293 - recall: 0.8698
343/349 [============================>.] - ETA: 0s - loss: 0.3329 - accuracy: 0.8473 - precision: 0.8298 - recall: 0.8702
345/349 [============================>.] - ETA: 0s - loss: 0.3325 - accuracy: 0.8474 - precision: 0.8307 - recall: 0.8696
346/349 [============================>.] - ETA: 0s - loss: 0.3323 - accuracy: 0.8475 - precision: 0.8311 - recall: 0.8693
347/349 [============================>.] - ETA: 0s - loss: 0.3321 - accuracy: 0.8472 - precision: 0.8315 - recall: 0.8684
349/349 [==============================] - ETA: 0s - loss: 0.3346 - accuracy: 0.8463 - precision: 0.8317 - recall: 0.8665
Epoch 3: saving model to C:\SIRCH_ENV\models\revision\exp13_grouped_retraining\gru_original_grouped\checkpoints\gru_original_grouped_epoch_003.weights.h5

Epoch 3: val_loss did not improve from 0.36338

349/349 [==============================] - 23s 65ms/step - loss: 0.3346 - accuracy: 0.8463 - precision: 0.8317 - recall: 0.8665 - val_loss: 0.3655 - val_accuracy: 0.8275 - val_precision: 0.8674 - val_recall: 0.7710 - lr: 1.0000e-04
Epoch 4/30

  1/349 [..............................] - ETA: 27s - loss: 0.6891 - accuracy: 0.7500 - precision: 1.0000 - recall: 0.6000
  2/349 [..............................] - ETA: 22s - loss: 0.4415 - accuracy: 0.8125 - precision: 0.8571 - recall: 0.7500
  3/349 [..............................] - ETA: 21s - loss: 0.3248 - accuracy: 0.8750 - precision: 0.9000 - recall: 0.8182
  4/349 [..............................] - ETA: 20s - loss: 0.3268 - accuracy: 0.8438 - precision: 0.8462 - recall: 0.7857
  5/349 [..............................] - ETA: 21s - loss: 0.2930 - accuracy: 0.8750 - precision: 0.8750 - recall: 0.8235
  6/349 [..............................] - ETA: 21s - loss: 0.3118 - accuracy: 0.8542 - precision: 0.8500 - recall: 0.8095
  7/349 [..............................] - ETA: 21s - loss: 0.3047 - accuracy: 0.8571 - precision: 0.8750 - recall: 0.8077
  8/349 [..............................] - ETA: 22s - loss: 0.3316 - accuracy: 0.8438 - precision: 0.8148 - recall: 0.8148
  9/349 [..............................] - ETA: 23s - loss: 0.3549 - accuracy: 0.8333 - precision: 0.8065 - recall: 0.8065
 10/349 [..............................] - ETA: 22s - loss: 0.3727 - accuracy: 0.8375 - precision: 0.8000 - recall: 0.8235
 12/349 [>.............................] - ETA: 21s - loss: 0.3461 - accuracy: 0.8438 - precision: 0.8000 - recall: 0.8571
 14/349 [>.............................] - ETA: 20s - loss: 0.3459 - accuracy: 0.8393 - precision: 0.8036 - recall: 0.8654
 15/349 [>.............................] - ETA: 20s - loss: 0.3363 - accuracy: 0.8417 - precision: 0.7966 - recall: 0.8704
 17/349 [>.............................] - ETA: 19s - loss: 0.3252 - accuracy: 0.8529 - precision: 0.8182 - recall: 0.8710
 18/349 [>.............................] - ETA: 19s - loss: 0.3166 - accuracy: 0.8611 - precision: 0.8261 - recall: 0.8769
 19/349 [>.............................] - ETA: 19s - loss: 0.3018 - accuracy: 0.8684 - precision: 0.8400 - recall: 0.8873
 21/349 [>.............................] - ETA: 19s - loss: 0.3192 - accuracy: 0.8631 - precision: 0.8295 - recall: 0.9012
 22/349 [>.............................] - ETA: 19s - loss: 0.3183 - accuracy: 0.8636 - precision: 0.8280 - recall: 0.9059
 23/349 [>.............................] - ETA: 19s - loss: 0.3081 - accuracy: 0.8696 - precision: 0.8333 - recall: 0.9091
 24/349 [=>............................] - ETA: 19s - loss: 0.3067 - accuracy: 0.8698 - precision: 0.8350 - recall: 0.9149
 25/349 [=>............................] - ETA: 19s - loss: 0.3078 - accuracy: 0.8650 - precision: 0.8349 - recall: 0.9100
 26/349 [=>............................] - ETA: 19s - loss: 0.3003 - accuracy: 0.8702 - precision: 0.8407 - recall: 0.9135
 27/349 [=>............................] - ETA: 19s - loss: 0.2935 - accuracy: 0.8750 - precision: 0.8487 - recall: 0.9182
 28/349 [=>............................] - ETA: 19s - loss: 0.2886 - accuracy: 0.8750 - precision: 0.8537 - recall: 0.9130
 29/349 [=>............................] - ETA: 18s - loss: 0.2814 - accuracy: 0.8793 - precision: 0.8560 - recall: 0.9145
 30/349 [=>............................] - ETA: 18s - loss: 0.2797 - accuracy: 0.8792 - precision: 0.8605 - recall: 0.9098
 31/349 [=>............................] - ETA: 18s - loss: 0.2734 - accuracy: 0.8831 - precision: 0.8647 - recall: 0.9127
 32/349 [=>............................] - ETA: 18s - loss: 0.2761 - accuracy: 0.8789 - precision: 0.8529 - recall: 0.9134
 33/349 [=>............................] - ETA: 18s - loss: 0.2726 - accuracy: 0.8826 - precision: 0.8571 - recall: 0.9160
 34/349 [=>............................] - ETA: 18s - loss: 0.2701 - accuracy: 0.8824 - precision: 0.8562 - recall: 0.9191
 35/349 [==>...........................] - ETA: 18s - loss: 0.2650 - accuracy: 0.8857 - precision: 0.8591 - recall: 0.9209
 36/349 [==>...........................] - ETA: 18s - loss: 0.2654 - accuracy: 0.8854 - precision: 0.8618 - recall: 0.9161
 37/349 [==>...........................] - ETA: 18s - loss: 0.2665 - accuracy: 0.8851 - precision: 0.8671 - recall: 0.9133
 38/349 [==>...........................] - ETA: 18s - loss: 0.2603 - accuracy: 0.8882 - precision: 0.8712 - recall: 0.9161
 39/349 [==>...........................] - ETA: 18s - loss: 0.2675 - accuracy: 0.8878 - precision: 0.8690 - recall: 0.9182
 40/349 [==>...........................] - ETA: 18s - loss: 0.2636 - accuracy: 0.8906 - precision: 0.8736 - recall: 0.9212
 41/349 [==>...........................] - ETA: 18s - loss: 0.2655 - accuracy: 0.8902 - precision: 0.8715 - recall: 0.9231
 42/349 [==>...........................] - ETA: 18s - loss: 0.2634 - accuracy: 0.8929 - precision: 0.8750 - recall: 0.9253
 43/349 [==>...........................] - ETA: 18s - loss: 0.2695 - accuracy: 0.8924 - precision: 0.8777 - recall: 0.9218
 44/349 [==>...........................] - ETA: 18s - loss: 0.2675 - accuracy: 0.8949 - precision: 0.8783 - recall: 0.9222
 45/349 [==>...........................] - ETA: 18s - loss: 0.2652 - accuracy: 0.8944 - precision: 0.8756 - recall: 0.9235
 46/349 [==>...........................] - ETA: 18s - loss: 0.2648 - accuracy: 0.8940 - precision: 0.8731 - recall: 0.9247
 47/349 [===>..........................] - ETA: 17s - loss: 0.2674 - accuracy: 0.8936 - precision: 0.8737 - recall: 0.9202
 48/349 [===>..........................] - ETA: 17s - loss: 0.2637 - accuracy: 0.8958 - precision: 0.8762 - recall: 0.9219
 49/349 [===>..........................] - ETA: 17s - loss: 0.2656 - accuracy: 0.8954 - precision: 0.8738 - recall: 0.9231
 51/349 [===>..........................] - ETA: 17s - loss: 0.2715 - accuracy: 0.8897 - precision: 0.8698 - recall: 0.9167
 52/349 [===>..........................] - ETA: 17s - loss: 0.2679 - accuracy: 0.8918 - precision: 0.8721 - recall: 0.9183
 53/349 [===>..........................] - ETA: 17s - loss: 0.2699 - accuracy: 0.8892 - precision: 0.8667 - recall: 0.9198
 54/349 [===>..........................] - ETA: 17s - loss: 0.2660 - accuracy: 0.8912 - precision: 0.8696 - recall: 0.9217
 55/349 [===>..........................] - ETA: 17s - loss: 0.2655 - accuracy: 0.8909 - precision: 0.8670 - recall: 0.9224
 56/349 [===>..........................] - ETA: 17s - loss: 0.2617 - accuracy: 0.8929 - precision: 0.8686 - recall: 0.9234
 58/349 [===>..........................] - ETA: 16s - loss: 0.2634 - accuracy: 0.8901 - precision: 0.8678 - recall: 0.9170
 59/349 [====>.........................] - ETA: 16s - loss: 0.2634 - accuracy: 0.8898 - precision: 0.8689 - recall: 0.9138
 60/349 [====>.........................] - ETA: 16s - loss: 0.2642 - accuracy: 0.8896 - precision: 0.8704 - recall: 0.9110
 61/349 [====>.........................] - ETA: 16s - loss: 0.2608 - accuracy: 0.8914 - precision: 0.8715 - recall: 0.9118
 62/349 [====>.........................] - ETA: 16s - loss: 0.2584 - accuracy: 0.8931 - precision: 0.8740 - recall: 0.9136
 64/349 [====>.........................] - ETA: 16s - loss: 0.2586 - accuracy: 0.8945 - precision: 0.8759 - recall: 0.9173
 65/349 [====>.........................] - ETA: 16s - loss: 0.2570 - accuracy: 0.8942 - precision: 0.8745 - recall: 0.9186
 66/349 [====>.........................] - ETA: 16s - loss: 0.2605 - accuracy: 0.8920 - precision: 0.8705 - recall: 0.9202
 67/349 [====>.........................] - ETA: 16s - loss: 0.2599 - accuracy: 0.8918 - precision: 0.8723 - recall: 0.9179
 68/349 [====>.........................] - ETA: 16s - loss: 0.2568 - accuracy: 0.8934 - precision: 0.8750 - recall: 0.9197
 69/349 [====>.........................] - ETA: 16s - loss: 0.2618 - accuracy: 0.8913 - precision: 0.8746 - recall: 0.9181
 70/349 [=====>........................] - ETA: 16s - loss: 0.2585 - accuracy: 0.8929 - precision: 0.8767 - recall: 0.9196
 71/349 [=====>........................] - ETA: 16s - loss: 0.2586 - accuracy: 0.8926 - precision: 0.8750 - recall: 0.9204
 72/349 [=====>........................] - ETA: 15s - loss: 0.2636 - accuracy: 0.8906 - precision: 0.8734 - recall: 0.9181
 73/349 [=====>........................] - ETA: 15s - loss: 0.2610 - accuracy: 0.8921 - precision: 0.8754 - recall: 0.9195
 74/349 [=====>........................] - ETA: 15s - loss: 0.2627 - accuracy: 0.8902 - precision: 0.8738 - recall: 0.9172
 76/349 [=====>........................] - ETA: 15s - loss: 0.2718 - accuracy: 0.8865 - precision: 0.8712 - recall: 0.9132
 78/349 [=====>........................] - ETA: 15s - loss: 0.2731 - accuracy: 0.8846 - precision: 0.8705 - recall: 0.9088
 80/349 [=====>........................] - ETA: 15s - loss: 0.2713 - accuracy: 0.8859 - precision: 0.8710 - recall: 0.9110
 82/349 [======>.......................] - ETA: 15s - loss: 0.2727 - accuracy: 0.8841 - precision: 0.8649 - recall: 0.9121
 84/349 [======>.......................] - ETA: 15s - loss: 0.2724 - accuracy: 0.8824 - precision: 0.8680 - recall: 0.9062
 85/349 [======>.......................] - ETA: 14s - loss: 0.2712 - accuracy: 0.8838 - precision: 0.8694 - recall: 0.9072
 86/349 [======>.......................] - ETA: 14s - loss: 0.2721 - accuracy: 0.8837 - precision: 0.8716 - recall: 0.9062
 87/349 [======>.......................] - ETA: 14s - loss: 0.2729 - accuracy: 0.8822 - precision: 0.8676 - recall: 0.9068
 88/349 [======>.......................] - ETA: 14s - loss: 0.2701 - accuracy: 0.8835 - precision: 0.8686 - recall: 0.9076
 89/349 [======>.......................] - ETA: 14s - loss: 0.2723 - accuracy: 0.8820 - precision: 0.8667 - recall: 0.9053
 90/349 [======>.......................] - ETA: 14s - loss: 0.2695 - accuracy: 0.8833 - precision: 0.8677 - recall: 0.9061
 91/349 [======>.......................] - ETA: 14s - loss: 0.2715 - accuracy: 0.8819 - precision: 0.8688 - recall: 0.9019
 92/349 [======>.......................] - ETA: 14s - loss: 0.2698 - accuracy: 0.8832 - precision: 0.8708 - recall: 0.9035
 93/349 [======>.......................] - ETA: 14s - loss: 0.2693 - accuracy: 0.8844 - precision: 0.8731 - recall: 0.9053
 94/349 [=======>......................] - ETA: 14s - loss: 0.2673 - accuracy: 0.8856 - precision: 0.8747 - recall: 0.9065
 95/349 [=======>......................] - ETA: 14s - loss: 0.2666 - accuracy: 0.8855 - precision: 0.8741 - recall: 0.9077
 96/349 [=======>......................] - ETA: 14s - loss: 0.2696 - accuracy: 0.8841 - precision: 0.8719 - recall: 0.9054
 97/349 [=======>......................] - ETA: 14s - loss: 0.2705 - accuracy: 0.8840 - precision: 0.8729 - recall: 0.9038
 98/349 [=======>......................] - ETA: 14s - loss: 0.2704 - accuracy: 0.8827 - precision: 0.8732 - recall: 0.8995
 99/349 [=======>......................] - ETA: 14s - loss: 0.2692 - accuracy: 0.8826 - precision: 0.8747 - recall: 0.8985
100/349 [=======>......................] - ETA: 14s - loss: 0.2718 - accuracy: 0.8813 - precision: 0.8741 - recall: 0.8976
101/349 [=======>......................] - ETA: 14s - loss: 0.2710 - accuracy: 0.8812 - precision: 0.8732 - recall: 0.8986
102/349 [=======>......................] - ETA: 14s - loss: 0.2695 - accuracy: 0.8811 - precision: 0.8747 - recall: 0.8976
103/349 [=======>......................] - ETA: 14s - loss: 0.2682 - accuracy: 0.8811 - precision: 0.8736 - recall: 0.8983
104/349 [=======>......................] - ETA: 14s - loss: 0.2663 - accuracy: 0.8822 - precision: 0.8753 - recall: 0.8998
105/349 [========>.....................] - ETA: 14s - loss: 0.2646 - accuracy: 0.8833 - precision: 0.8758 - recall: 0.9002
106/349 [========>.....................] - ETA: 13s - loss: 0.2631 - accuracy: 0.8844 - precision: 0.8772 - recall: 0.9014
107/349 [========>.....................] - ETA: 13s - loss: 0.2617 - accuracy: 0.8855 - precision: 0.8783 - recall: 0.9023
108/349 [========>.....................] - ETA: 13s - loss: 0.2632 - accuracy: 0.8843 - precision: 0.8758 - recall: 0.9034
109/349 [========>.....................] - ETA: 13s - loss: 0.2616 - accuracy: 0.8853 - precision: 0.8769 - recall: 0.9042
110/349 [========>.....................] - ETA: 13s - loss: 0.2618 - accuracy: 0.8852 - precision: 0.8758 - recall: 0.9049
111/349 [========>.....................] - ETA: 13s - loss: 0.2607 - accuracy: 0.8863 - precision: 0.8766 - recall: 0.9055
112/349 [========>.....................] - ETA: 13s - loss: 0.2591 - accuracy: 0.8873 - precision: 0.8774 - recall: 0.9061
113/349 [========>.....................] - ETA: 13s - loss: 0.2577 - accuracy: 0.8883 - precision: 0.8784 - recall: 0.9069
114/349 [========>.....................] - ETA: 13s - loss: 0.2562 - accuracy: 0.8893 - precision: 0.8792 - recall: 0.9075
115/349 [========>.....................] - ETA: 13s - loss: 0.2552 - accuracy: 0.8902 - precision: 0.8799 - recall: 0.9081
116/349 [========>.....................] - ETA: 13s - loss: 0.2541 - accuracy: 0.8901 - precision: 0.8809 - recall: 0.9070
117/349 [=========>....................] - ETA: 13s - loss: 0.2520 - accuracy: 0.8910 - precision: 0.8824 - recall: 0.9081
118/349 [=========>....................] - ETA: 13s - loss: 0.2559 - accuracy: 0.8888 - precision: 0.8795 - recall: 0.9068
119/349 [=========>....................] - ETA: 13s - loss: 0.2543 - accuracy: 0.8897 - precision: 0.8807 - recall: 0.9078
120/349 [=========>....................] - ETA: 13s - loss: 0.2544 - accuracy: 0.8885 - precision: 0.8797 - recall: 0.9065
121/349 [=========>....................] - ETA: 13s - loss: 0.2558 - accuracy: 0.8884 - precision: 0.8784 - recall: 0.9069
122/349 [=========>....................] - ETA: 13s - loss: 0.2550 - accuracy: 0.8883 - precision: 0.8796 - recall: 0.9060
123/349 [=========>....................] - ETA: 13s - loss: 0.2542 - accuracy: 0.8892 - precision: 0.8808 - recall: 0.9069
124/349 [=========>....................] - ETA: 13s - loss: 0.2541 - accuracy: 0.8891 - precision: 0.8815 - recall: 0.9057
126/349 [=========>....................] - ETA: 12s - loss: 0.2549 - accuracy: 0.8889 - precision: 0.8795 - recall: 0.9068
128/349 [==========>...................] - ETA: 12s - loss: 0.2539 - accuracy: 0.8896 - precision: 0.8810 - recall: 0.9063
129/349 [==========>...................] - ETA: 12s - loss: 0.2540 - accuracy: 0.8886 - precision: 0.8819 - recall: 0.9036
131/349 [==========>...................] - ETA: 12s - loss: 0.2548 - accuracy: 0.8874 - precision: 0.8822 - recall: 0.9019
132/349 [==========>...................] - ETA: 12s - loss: 0.2535 - accuracy: 0.8883 - precision: 0.8829 - recall: 0.9024
133/349 [==========>...................] - ETA: 12s - loss: 0.2532 - accuracy: 0.8882 - precision: 0.8821 - recall: 0.9031
134/349 [==========>...................] - ETA: 12s - loss: 0.2526 - accuracy: 0.8890 - precision: 0.8830 - recall: 0.9038
135/349 [==========>...................] - ETA: 12s - loss: 0.2522 - accuracy: 0.8889 - precision: 0.8820 - recall: 0.9043
136/349 [==========>...................] - ETA: 12s - loss: 0.2507 - accuracy: 0.8897 - precision: 0.8822 - recall: 0.9045
137/349 [==========>...................] - ETA: 12s - loss: 0.2499 - accuracy: 0.8896 - precision: 0.8813 - recall: 0.9050
138/349 [==========>...................] - ETA: 12s - loss: 0.2496 - accuracy: 0.8895 - precision: 0.8802 - recall: 0.9054
139/349 [==========>...................] - ETA: 12s - loss: 0.2482 - accuracy: 0.8903 - precision: 0.8806 - recall: 0.9057
140/349 [===========>..................] - ETA: 11s - loss: 0.2503 - accuracy: 0.8884 - precision: 0.8795 - recall: 0.9028
141/349 [===========>..................] - ETA: 11s - loss: 0.2495 - accuracy: 0.8892 - precision: 0.8803 - recall: 0.9035
142/349 [===========>..................] - ETA: 11s - loss: 0.2502 - accuracy: 0.8891 - precision: 0.8810 - recall: 0.9024
143/349 [===========>..................] - ETA: 11s - loss: 0.2497 - accuracy: 0.8890 - precision: 0.8801 - recall: 0.9029
144/349 [===========>..................] - ETA: 11s - loss: 0.2491 - accuracy: 0.8889 - precision: 0.8805 - recall: 0.9017
145/349 [===========>..................] - ETA: 11s - loss: 0.2493 - accuracy: 0.8879 - precision: 0.8777 - recall: 0.9019
146/349 [===========>..................] - ETA: 11s - loss: 0.2518 - accuracy: 0.8870 - precision: 0.8756 - recall: 0.9026
147/349 [===========>..................] - ETA: 11s - loss: 0.2518 - accuracy: 0.8869 - precision: 0.8758 - recall: 0.9012
148/349 [===========>..................] - ETA: 11s - loss: 0.2505 - accuracy: 0.8877 - precision: 0.8766 - recall: 0.9019
149/349 [===========>..................] - ETA: 11s - loss: 0.2505 - accuracy: 0.8876 - precision: 0.8756 - recall: 0.9022
150/349 [===========>..................] - ETA: 11s - loss: 0.2507 - accuracy: 0.8875 - precision: 0.8752 - recall: 0.9030
151/349 [===========>..................] - ETA: 11s - loss: 0.2499 - accuracy: 0.8882 - precision: 0.8760 - recall: 0.9037
152/349 [============>.................] - ETA: 11s - loss: 0.2539 - accuracy: 0.8865 - precision: 0.8752 - recall: 0.9012
153/349 [============>.................] - ETA: 11s - loss: 0.2545 - accuracy: 0.8864 - precision: 0.8756 - recall: 0.9000
154/349 [============>.................] - ETA: 11s - loss: 0.2548 - accuracy: 0.8864 - precision: 0.8746 - recall: 0.9003
155/349 [============>.................] - ETA: 11s - loss: 0.2534 - accuracy: 0.8871 - precision: 0.8750 - recall: 0.9007
156/349 [============>.................] - ETA: 11s - loss: 0.2532 - accuracy: 0.8870 - precision: 0.8746 - recall: 0.9015
157/349 [============>.................] - ETA: 11s - loss: 0.2521 - accuracy: 0.8877 - precision: 0.8750 - recall: 0.9018
158/349 [============>.................] - ETA: 11s - loss: 0.2527 - accuracy: 0.8877 - precision: 0.8744 - recall: 0.9024
159/349 [============>.................] - ETA: 11s - loss: 0.2518 - accuracy: 0.8884 - precision: 0.8756 - recall: 0.9033
160/349 [============>.................] - ETA: 11s - loss: 0.2519 - accuracy: 0.8883 - precision: 0.8760 - recall: 0.9022
161/349 [============>.................] - ETA: 11s - loss: 0.2510 - accuracy: 0.8890 - precision: 0.8767 - recall: 0.9028
162/349 [============>.................] - ETA: 11s - loss: 0.2522 - accuracy: 0.8881 - precision: 0.8773 - recall: 0.9005
163/349 [=============>................] - ETA: 11s - loss: 0.2522 - accuracy: 0.8880 - precision: 0.8763 - recall: 0.9008
164/349 [=============>................] - ETA: 11s - loss: 0.2517 - accuracy: 0.8887 - precision: 0.8771 - recall: 0.9014
165/349 [=============>................] - ETA: 11s - loss: 0.2503 - accuracy: 0.8894 - precision: 0.8776 - recall: 0.9018
166/349 [=============>................] - ETA: 11s - loss: 0.2492 - accuracy: 0.8901 - precision: 0.8785 - recall: 0.9026
167/349 [=============>................] - ETA: 11s - loss: 0.2484 - accuracy: 0.8907 - precision: 0.8792 - recall: 0.9032
168/349 [=============>................] - ETA: 10s - loss: 0.2486 - accuracy: 0.8906 - precision: 0.8787 - recall: 0.9038
169/349 [=============>................] - ETA: 10s - loss: 0.2474 - accuracy: 0.8913 - precision: 0.8797 - recall: 0.9046
170/349 [=============>................] - ETA: 10s - loss: 0.2488 - accuracy: 0.8904 - precision: 0.8799 - recall: 0.9021
171/349 [=============>................] - ETA: 10s - loss: 0.2477 - accuracy: 0.8911 - precision: 0.8809 - recall: 0.9029
172/349 [=============>................] - ETA: 10s - loss: 0.2474 - accuracy: 0.8917 - precision: 0.8819 - recall: 0.9038
173/349 [=============>................] - ETA: 10s - loss: 0.2482 - accuracy: 0.8909 - precision: 0.8798 - recall: 0.9041
174/349 [=============>................] - ETA: 10s - loss: 0.2495 - accuracy: 0.8894 - precision: 0.8768 - recall: 0.9046
175/349 [==============>...............] - ETA: 10s - loss: 0.2485 - accuracy: 0.8900 - precision: 0.8774 - recall: 0.9052
176/349 [==============>...............] - ETA: 10s - loss: 0.2497 - accuracy: 0.8892 - precision: 0.8767 - recall: 0.9043
177/349 [==============>...............] - ETA: 10s - loss: 0.2486 - accuracy: 0.8898 - precision: 0.8776 - recall: 0.9050
178/349 [==============>...............] - ETA: 10s - loss: 0.2494 - accuracy: 0.8897 - precision: 0.8784 - recall: 0.9044
179/349 [==============>...............] - ETA: 10s - loss: 0.2483 - accuracy: 0.8904 - precision: 0.8792 - recall: 0.9050
180/349 [==============>...............] - ETA: 10s - loss: 0.2481 - accuracy: 0.8903 - precision: 0.8794 - recall: 0.9039
181/349 [==============>...............] - ETA: 10s - loss: 0.2474 - accuracy: 0.8909 - precision: 0.8797 - recall: 0.9042
182/349 [==============>...............] - ETA: 10s - loss: 0.2465 - accuracy: 0.8915 - precision: 0.8804 - recall: 0.9047
183/349 [==============>...............] - ETA: 10s - loss: 0.2468 - accuracy: 0.8907 - precision: 0.8797 - recall: 0.9038
184/349 [==============>...............] - ETA: 9s - loss: 0.2481 - accuracy: 0.8906 - precision: 0.8792 - recall: 0.9044 
185/349 [==============>...............] - ETA: 9s - loss: 0.2476 - accuracy: 0.8905 - precision: 0.8785 - recall: 0.9048
186/349 [==============>...............] - ETA: 9s - loss: 0.2469 - accuracy: 0.8905 - precision: 0.8780 - recall: 0.9053
188/349 [===============>..............] - ETA: 9s - loss: 0.2514 - accuracy: 0.8890 - precision: 0.8773 - recall: 0.9041
190/349 [===============>..............] - ETA: 9s - loss: 0.2511 - accuracy: 0.8888 - precision: 0.8779 - recall: 0.9043
192/349 [===============>..............] - ETA: 9s - loss: 0.2521 - accuracy: 0.8887 - precision: 0.8775 - recall: 0.9038
193/349 [===============>..............] - ETA: 9s - loss: 0.2535 - accuracy: 0.8880 - precision: 0.8780 - recall: 0.9018
194/349 [===============>..............] - ETA: 9s - loss: 0.2547 - accuracy: 0.8879 - precision: 0.8784 - recall: 0.9010
195/349 [===============>..............] - ETA: 9s - loss: 0.2561 - accuracy: 0.8865 - precision: 0.8770 - recall: 0.9005
196/349 [===============>..............] - ETA: 9s - loss: 0.2554 - accuracy: 0.8871 - precision: 0.8778 - recall: 0.9011
198/349 [================>.............] - ETA: 9s - loss: 0.2559 - accuracy: 0.8864 - precision: 0.8788 - recall: 0.8986
199/349 [================>.............] - ETA: 8s - loss: 0.2556 - accuracy: 0.8863 - precision: 0.8782 - recall: 0.8990
201/349 [================>.............] - ETA: 8s - loss: 0.2569 - accuracy: 0.8856 - precision: 0.8767 - recall: 0.8984
202/349 [================>.............] - ETA: 8s - loss: 0.2590 - accuracy: 0.8843 - precision: 0.8752 - recall: 0.8978
204/349 [================>.............] - ETA: 8s - loss: 0.2588 - accuracy: 0.8848 - precision: 0.8753 - recall: 0.8988
205/349 [================>.............] - ETA: 8s - loss: 0.2588 - accuracy: 0.8848 - precision: 0.8747 - recall: 0.8991
207/349 [================>.............] - ETA: 8s - loss: 0.2579 - accuracy: 0.8853 - precision: 0.8760 - recall: 0.8992
208/349 [================>.............] - ETA: 8s - loss: 0.2573 - accuracy: 0.8858 - precision: 0.8765 - recall: 0.8995
209/349 [================>.............] - ETA: 8s - loss: 0.2583 - accuracy: 0.8852 - precision: 0.8753 - recall: 0.9002
211/349 [=================>............] - ETA: 8s - loss: 0.2585 - accuracy: 0.8839 - precision: 0.8739 - recall: 0.8986
212/349 [=================>............] - ETA: 8s - loss: 0.2593 - accuracy: 0.8838 - precision: 0.8733 - recall: 0.8989
214/349 [=================>............] - ETA: 7s - loss: 0.2582 - accuracy: 0.8849 - precision: 0.8747 - recall: 0.9001
216/349 [=================>............] - ETA: 7s - loss: 0.2605 - accuracy: 0.8848 - precision: 0.8750 - recall: 0.9001
218/349 [=================>............] - ETA: 7s - loss: 0.2623 - accuracy: 0.8830 - precision: 0.8717 - recall: 0.8995
219/349 [=================>............] - ETA: 7s - loss: 0.2617 - accuracy: 0.8836 - precision: 0.8721 - recall: 0.8999
220/349 [=================>............] - ETA: 7s - loss: 0.2609 - accuracy: 0.8841 - precision: 0.8731 - recall: 0.9007
221/349 [=================>............] - ETA: 7s - loss: 0.2604 - accuracy: 0.8846 - precision: 0.8736 - recall: 0.9011
222/349 [==================>...........] - ETA: 7s - loss: 0.2609 - accuracy: 0.8840 - precision: 0.8723 - recall: 0.9016
223/349 [==================>...........] - ETA: 7s - loss: 0.2626 - accuracy: 0.8834 - precision: 0.8710 - recall: 0.9020
224/349 [==================>...........] - ETA: 7s - loss: 0.2618 - accuracy: 0.8839 - precision: 0.8714 - recall: 0.9023
225/349 [==================>...........] - ETA: 7s - loss: 0.2630 - accuracy: 0.8839 - precision: 0.8718 - recall: 0.9017
226/349 [==================>...........] - ETA: 7s - loss: 0.2639 - accuracy: 0.8833 - precision: 0.8711 - recall: 0.9009
227/349 [==================>...........] - ETA: 7s - loss: 0.2638 - accuracy: 0.8833 - precision: 0.8718 - recall: 0.9004
228/349 [==================>...........] - ETA: 7s - loss: 0.2642 - accuracy: 0.8827 - precision: 0.8710 - recall: 0.8996
229/349 [==================>...........] - ETA: 7s - loss: 0.2649 - accuracy: 0.8816 - precision: 0.8703 - recall: 0.8977
230/349 [==================>...........] - ETA: 7s - loss: 0.2642 - accuracy: 0.8821 - precision: 0.8705 - recall: 0.8979
231/349 [==================>...........] - ETA: 6s - loss: 0.2633 - accuracy: 0.8826 - precision: 0.8708 - recall: 0.8982
232/349 [==================>...........] - ETA: 6s - loss: 0.2629 - accuracy: 0.8831 - precision: 0.8715 - recall: 0.8987
233/349 [===================>..........] - ETA: 6s - loss: 0.2636 - accuracy: 0.8825 - precision: 0.8701 - recall: 0.8990
234/349 [===================>..........] - ETA: 6s - loss: 0.2635 - accuracy: 0.8825 - precision: 0.8696 - recall: 0.8994
235/349 [===================>..........] - ETA: 6s - loss: 0.2635 - accuracy: 0.8824 - precision: 0.8692 - recall: 0.8998
236/349 [===================>..........] - ETA: 6s - loss: 0.2639 - accuracy: 0.8824 - precision: 0.8686 - recall: 0.9000
237/349 [===================>..........] - ETA: 6s - loss: 0.2658 - accuracy: 0.8819 - precision: 0.8681 - recall: 0.8994
238/349 [===================>..........] - ETA: 6s - loss: 0.2651 - accuracy: 0.8824 - precision: 0.8685 - recall: 0.8997
239/349 [===================>..........] - ETA: 6s - loss: 0.2644 - accuracy: 0.8828 - precision: 0.8690 - recall: 0.9001
240/349 [===================>..........] - ETA: 6s - loss: 0.2643 - accuracy: 0.8828 - precision: 0.8684 - recall: 0.9003
241/349 [===================>..........] - ETA: 6s - loss: 0.2636 - accuracy: 0.8833 - precision: 0.8688 - recall: 0.9006
242/349 [===================>..........] - ETA: 6s - loss: 0.2635 - accuracy: 0.8833 - precision: 0.8686 - recall: 0.9011
243/349 [===================>..........] - ETA: 6s - loss: 0.2628 - accuracy: 0.8837 - precision: 0.8693 - recall: 0.9017
244/349 [===================>..........] - ETA: 6s - loss: 0.2627 - accuracy: 0.8837 - precision: 0.8697 - recall: 0.9010
245/349 [====================>.........] - ETA: 6s - loss: 0.2624 - accuracy: 0.8837 - precision: 0.8700 - recall: 0.9004
246/349 [====================>.........] - ETA: 6s - loss: 0.2618 - accuracy: 0.8841 - precision: 0.8707 - recall: 0.9009
247/349 [====================>.........] - ETA: 6s - loss: 0.2611 - accuracy: 0.8846 - precision: 0.8712 - recall: 0.9013
248/349 [====================>.........] - ETA: 5s - loss: 0.2614 - accuracy: 0.8846 - precision: 0.8706 - recall: 0.9015
249/349 [====================>.........] - ETA: 5s - loss: 0.2627 - accuracy: 0.8840 - precision: 0.8691 - recall: 0.9017
250/349 [====================>.........] - ETA: 5s - loss: 0.2623 - accuracy: 0.8840 - precision: 0.8695 - recall: 0.9011
251/349 [====================>.........] - ETA: 5s - loss: 0.2632 - accuracy: 0.8835 - precision: 0.8683 - recall: 0.9015
252/349 [====================>.........] - ETA: 5s - loss: 0.2631 - accuracy: 0.8834 - precision: 0.8681 - recall: 0.9020
253/349 [====================>.........] - ETA: 5s - loss: 0.2627 - accuracy: 0.8834 - precision: 0.8686 - recall: 0.9015
254/349 [====================>.........] - ETA: 5s - loss: 0.2634 - accuracy: 0.8834 - precision: 0.8684 - recall: 0.9020
255/349 [====================>.........] - ETA: 5s - loss: 0.2628 - accuracy: 0.8838 - precision: 0.8688 - recall: 0.9023
256/349 [=====================>........] - ETA: 5s - loss: 0.2629 - accuracy: 0.8838 - precision: 0.8691 - recall: 0.9016
257/349 [=====================>........] - ETA: 5s - loss: 0.2636 - accuracy: 0.8833 - precision: 0.8684 - recall: 0.9008
259/349 [=====================>........] - ETA: 5s - loss: 0.2631 - accuracy: 0.8832 - precision: 0.8691 - recall: 0.8996
260/349 [=====================>........] - ETA: 5s - loss: 0.2635 - accuracy: 0.8832 - precision: 0.8696 - recall: 0.8991
261/349 [=====================>........] - ETA: 5s - loss: 0.2632 - accuracy: 0.8831 - precision: 0.8701 - recall: 0.8986
262/349 [=====================>........] - ETA: 5s - loss: 0.2627 - accuracy: 0.8836 - precision: 0.8705 - recall: 0.8989
263/349 [=====================>........] - ETA: 5s - loss: 0.2623 - accuracy: 0.8840 - precision: 0.8709 - recall: 0.8993
265/349 [=====================>........] - ETA: 4s - loss: 0.2634 - accuracy: 0.8830 - precision: 0.8708 - recall: 0.8973
267/349 [=====================>........] - ETA: 4s - loss: 0.2632 - accuracy: 0.8835 - precision: 0.8716 - recall: 0.8979
269/349 [======================>.......] - ETA: 4s - loss: 0.2639 - accuracy: 0.8830 - precision: 0.8715 - recall: 0.8968
271/349 [======================>.......] - ETA: 4s - loss: 0.2646 - accuracy: 0.8825 - precision: 0.8705 - recall: 0.8965
272/349 [======================>.......] - ETA: 4s - loss: 0.2643 - accuracy: 0.8824 - precision: 0.8703 - recall: 0.8969
274/349 [======================>.......] - ETA: 4s - loss: 0.2637 - accuracy: 0.8833 - precision: 0.8714 - recall: 0.8979
275/349 [======================>.......] - ETA: 4s - loss: 0.2636 - accuracy: 0.8833 - precision: 0.8722 - recall: 0.8977
276/349 [======================>.......] - ETA: 4s - loss: 0.2641 - accuracy: 0.8832 - precision: 0.8725 - recall: 0.8971
278/349 [======================>.......] - ETA: 4s - loss: 0.2635 - accuracy: 0.8836 - precision: 0.8721 - recall: 0.8975
280/349 [=======================>......] - ETA: 4s - loss: 0.2627 - accuracy: 0.8840 - precision: 0.8733 - recall: 0.8976
281/349 [=======================>......] - ETA: 3s - loss: 0.2627 - accuracy: 0.8840 - precision: 0.8727 - recall: 0.8978
283/349 [=======================>......] - ETA: 3s - loss: 0.2617 - accuracy: 0.8844 - precision: 0.8729 - recall: 0.8986
284/349 [=======================>......] - ETA: 3s - loss: 0.2612 - accuracy: 0.8843 - precision: 0.8734 - recall: 0.8981
286/349 [=======================>......] - ETA: 3s - loss: 0.2615 - accuracy: 0.8843 - precision: 0.8728 - recall: 0.8989
288/349 [=======================>......] - ETA: 3s - loss: 0.2604 - accuracy: 0.8851 - precision: 0.8736 - recall: 0.8996
290/349 [=======================>......] - ETA: 3s - loss: 0.2622 - accuracy: 0.8833 - precision: 0.8705 - recall: 0.8992
291/349 [========================>.....] - ETA: 3s - loss: 0.2635 - accuracy: 0.8824 - precision: 0.8684 - recall: 0.8993
293/349 [========================>.....] - ETA: 3s - loss: 0.2644 - accuracy: 0.8819 - precision: 0.8683 - recall: 0.8983
295/349 [========================>.....] - ETA: 3s - loss: 0.2652 - accuracy: 0.8814 - precision: 0.8686 - recall: 0.8975
296/349 [========================>.....] - ETA: 3s - loss: 0.2656 - accuracy: 0.8810 - precision: 0.8683 - recall: 0.8971
297/349 [========================>.....] - ETA: 3s - loss: 0.2648 - accuracy: 0.8814 - precision: 0.8689 - recall: 0.8975
298/349 [========================>.....] - ETA: 3s - loss: 0.2647 - accuracy: 0.8809 - precision: 0.8685 - recall: 0.8970
299/349 [========================>.....] - ETA: 2s - loss: 0.2663 - accuracy: 0.8805 - precision: 0.8675 - recall: 0.8974
300/349 [========================>.....] - ETA: 2s - loss: 0.2661 - accuracy: 0.8805 - precision: 0.8678 - recall: 0.8969
301/349 [========================>.....] - ETA: 2s - loss: 0.2655 - accuracy: 0.8809 - precision: 0.8680 - recall: 0.8971
302/349 [========================>.....] - ETA: 2s - loss: 0.2658 - accuracy: 0.8804 - precision: 0.8668 - recall: 0.8972
303/349 [=========================>....] - ETA: 2s - loss: 0.2657 - accuracy: 0.8804 - precision: 0.8674 - recall: 0.8969
304/349 [=========================>....] - ETA: 2s - loss: 0.2650 - accuracy: 0.8808 - precision: 0.8675 - recall: 0.8970
305/349 [=========================>....] - ETA: 2s - loss: 0.2644 - accuracy: 0.8812 - precision: 0.8678 - recall: 0.8973
306/349 [=========================>....] - ETA: 2s - loss: 0.2641 - accuracy: 0.8812 - precision: 0.8682 - recall: 0.8969
307/349 [=========================>....] - ETA: 2s - loss: 0.2643 - accuracy: 0.8808 - precision: 0.8685 - recall: 0.8956
308/349 [=========================>....] - ETA: 2s - loss: 0.2641 - accuracy: 0.8812 - precision: 0.8690 - recall: 0.8961
309/349 [=========================>....] - ETA: 2s - loss: 0.2655 - accuracy: 0.8803 - precision: 0.8680 - recall: 0.8956
310/349 [=========================>....] - ETA: 2s - loss: 0.2648 - accuracy: 0.8807 - precision: 0.8684 - recall: 0.8959
311/349 [=========================>....] - ETA: 2s - loss: 0.2645 - accuracy: 0.8807 - precision: 0.8686 - recall: 0.8954
312/349 [=========================>....] - ETA: 2s - loss: 0.2644 - accuracy: 0.8807 - precision: 0.8687 - recall: 0.8947
313/349 [=========================>....] - ETA: 2s - loss: 0.2641 - accuracy: 0.8807 - precision: 0.8681 - recall: 0.8948
314/349 [=========================>....] - ETA: 2s - loss: 0.2640 - accuracy: 0.8806 - precision: 0.8685 - recall: 0.8944
315/349 [==========================>...] - ETA: 2s - loss: 0.2642 - accuracy: 0.8806 - precision: 0.8691 - recall: 0.8941
316/349 [==========================>...] - ETA: 1s - loss: 0.2639 - accuracy: 0.8810 - precision: 0.8693 - recall: 0.8943
317/349 [==========================>...] - ETA: 1s - loss: 0.2638 - accuracy: 0.8814 - precision: 0.8696 - recall: 0.8946
318/349 [==========================>...] - ETA: 1s - loss: 0.2638 - accuracy: 0.8814 - precision: 0.8694 - recall: 0.8950
320/349 [==========================>...] - ETA: 1s - loss: 0.2626 - accuracy: 0.8817 - precision: 0.8696 - recall: 0.8957
321/349 [==========================>...] - ETA: 1s - loss: 0.2635 - accuracy: 0.8813 - precision: 0.8686 - recall: 0.8960
322/349 [==========================>...] - ETA: 1s - loss: 0.2636 - accuracy: 0.8813 - precision: 0.8691 - recall: 0.8957
323/349 [==========================>...] - ETA: 1s - loss: 0.2633 - accuracy: 0.8813 - precision: 0.8689 - recall: 0.8961
324/349 [==========================>...] - ETA: 1s - loss: 0.2637 - accuracy: 0.8809 - precision: 0.8687 - recall: 0.8957
325/349 [==========================>...] - ETA: 1s - loss: 0.2632 - accuracy: 0.8808 - precision: 0.8692 - recall: 0.8954
326/349 [===========================>..] - ETA: 1s - loss: 0.2630 - accuracy: 0.8808 - precision: 0.8690 - recall: 0.8958
327/349 [===========================>..] - ETA: 1s - loss: 0.2630 - accuracy: 0.8808 - precision: 0.8687 - recall: 0.8961
328/349 [===========================>..] - ETA: 1s - loss: 0.2634 - accuracy: 0.8804 - precision: 0.8680 - recall: 0.8954
329/349 [===========================>..] - ETA: 1s - loss: 0.2627 - accuracy: 0.8808 - precision: 0.8685 - recall: 0.8958
330/349 [===========================>..] - ETA: 1s - loss: 0.2623 - accuracy: 0.8811 - precision: 0.8691 - recall: 0.8963
331/349 [===========================>..] - ETA: 1s - loss: 0.2623 - accuracy: 0.8811 - precision: 0.8688 - recall: 0.8966
332/349 [===========================>..] - ETA: 1s - loss: 0.2619 - accuracy: 0.8815 - precision: 0.8692 - recall: 0.8969
333/349 [===========================>..] - ETA: 0s - loss: 0.2630 - accuracy: 0.8811 - precision: 0.8689 - recall: 0.8964
334/349 [===========================>..] - ETA: 0s - loss: 0.2624 - accuracy: 0.8814 - precision: 0.8690 - recall: 0.8965
335/349 [===========================>..] - ETA: 0s - loss: 0.2629 - accuracy: 0.8810 - precision: 0.8685 - recall: 0.8960
336/349 [===========================>..] - ETA: 0s - loss: 0.2625 - accuracy: 0.8814 - precision: 0.8689 - recall: 0.8963
337/349 [===========================>..] - ETA: 0s - loss: 0.2625 - accuracy: 0.8814 - precision: 0.8687 - recall: 0.8967
338/349 [============================>.] - ETA: 0s - loss: 0.2623 - accuracy: 0.8813 - precision: 0.8691 - recall: 0.8963
339/349 [============================>.] - ETA: 0s - loss: 0.2621 - accuracy: 0.8813 - precision: 0.8689 - recall: 0.8967
340/349 [============================>.] - ETA: 0s - loss: 0.2623 - accuracy: 0.8813 - precision: 0.8683 - recall: 0.8967
341/349 [============================>.] - ETA: 0s - loss: 0.2639 - accuracy: 0.8809 - precision: 0.8676 - recall: 0.8971
342/349 [============================>.] - ETA: 0s - loss: 0.2637 - accuracy: 0.8813 - precision: 0.8679 - recall: 0.8973
343/349 [============================>.] - ETA: 0s - loss: 0.2632 - accuracy: 0.8816 - precision: 0.8684 - recall: 0.8978
344/349 [============================>.] - ETA: 0s - loss: 0.2630 - accuracy: 0.8820 - precision: 0.8689 - recall: 0.8982
345/349 [============================>.] - ETA: 0s - loss: 0.2632 - accuracy: 0.8819 - precision: 0.8687 - recall: 0.8985
346/349 [============================>.] - ETA: 0s - loss: 0.2634 - accuracy: 0.8819 - precision: 0.8682 - recall: 0.8986
347/349 [============================>.] - ETA: 0s - loss: 0.2627 - accuracy: 0.8823 - precision: 0.8688 - recall: 0.8991
348/349 [============================>.] - ETA: 0s - loss: 0.2636 - accuracy: 0.8822 - precision: 0.8690 - recall: 0.8986
Epoch 4: saving model to C:\SIRCH_ENV\models\revision\exp13_grouped_retraining\gru_original_grouped\checkpoints\gru_original_grouped_epoch_004.weights.h5

Epoch 4: val_loss improved from 0.36338 to 0.34125, saving model to C:\SIRCH_ENV\models\revision\exp13_grouped_retraining\gru_original_grouped\best_gru_original_grouped_head.weights.h5

349/349 [==============================] - 21s 62ms/step - loss: 0.2631 - accuracy: 0.8826 - precision: 0.8695 - recall: 0.8990 - val_loss: 0.3412 - val_accuracy: 0.8358 - val_precision: 0.8306 - val_recall: 0.8418 - lr: 1.0000e-04
Epoch 5/30

  1/349 [..............................] - ETA: 31s - loss: 0.2329 - accuracy: 0.8750 - precision: 1.0000 - recall: 0.8000
  2/349 [..............................] - ETA: 24s - loss: 0.1263 - accuracy: 0.9375 - precision: 1.0000 - recall: 0.8889
  3/349 [..............................] - ETA: 25s - loss: 0.2214 - accuracy: 0.8333 - precision: 0.7692 - recall: 0.9091
  4/349 [..............................] - ETA: 23s - loss: 0.1893 - accuracy: 0.8750 - precision: 0.8235 - recall: 0.9333
  5/349 [..............................] - ETA: 23s - loss: 0.1953 - accuracy: 0.8750 - precision: 0.8095 - recall: 0.9444
  6/349 [..............................] - ETA: 22s - loss: 0.2637 - accuracy: 0.8542 - precision: 0.8077 - recall: 0.9130
  7/349 [..............................] - ETA: 22s - loss: 0.2436 - accuracy: 0.8750 - precision: 0.8333 - recall: 0.9259
  8/349 [..............................] - ETA: 21s - loss: 0.2639 - accuracy: 0.8594 - precision: 0.8286 - recall: 0.9062
  9/349 [..............................] - ETA: 21s - loss: 0.2514 - accuracy: 0.8611 - precision: 0.8421 - recall: 0.8889
 10/349 [..............................] - ETA: 21s - loss: 0.2574 - accuracy: 0.8625 - precision: 0.8537 - recall: 0.8750
 11/349 [..............................] - ETA: 21s - loss: 0.2624 - accuracy: 0.8636 - precision: 0.8444 - recall: 0.8837
 12/349 [>.............................] - ETA: 21s - loss: 0.2505 - accuracy: 0.8750 - precision: 0.8654 - recall: 0.9000
 13/349 [>.............................] - ETA: 20s - loss: 0.2708 - accuracy: 0.8750 - precision: 0.8596 - recall: 0.9074
 14/349 [>.............................] - ETA: 20s - loss: 0.2604 - accuracy: 0.8839 - precision: 0.8689 - recall: 0.9138
 15/349 [>.............................] - ETA: 20s - loss: 0.2483 - accuracy: 0.8917 - precision: 0.8788 - recall: 0.9206
 16/349 [>.............................] - ETA: 20s - loss: 0.2517 - accuracy: 0.8906 - precision: 0.8857 - recall: 0.9118
 17/349 [>.............................] - ETA: 20s - loss: 0.2423 - accuracy: 0.8971 - precision: 0.8947 - recall: 0.9189
 18/349 [>.............................] - ETA: 20s - loss: 0.2471 - accuracy: 0.8889 - precision: 0.8765 - recall: 0.9221
 19/349 [>.............................] - ETA: 19s - loss: 0.2424 - accuracy: 0.8882 - precision: 0.8706 - recall: 0.9250
 20/349 [>.............................] - ETA: 19s - loss: 0.2368 - accuracy: 0.8938 - precision: 0.8764 - recall: 0.9286
 21/349 [>.............................] - ETA: 19s - loss: 0.2372 - accuracy: 0.8929 - precision: 0.8737 - recall: 0.9326
 22/349 [>.............................] - ETA: 19s - loss: 0.2357 - accuracy: 0.8920 - precision: 0.8700 - recall: 0.9355
 23/349 [>.............................] - ETA: 19s - loss: 0.2304 - accuracy: 0.8967 - precision: 0.8750 - recall: 0.9381
 24/349 [=>............................] - ETA: 19s - loss: 0.2227 - accuracy: 0.9010 - precision: 0.8785 - recall: 0.9400
 25/349 [=>............................] - ETA: 19s - loss: 0.2146 - accuracy: 0.9050 - precision: 0.8829 - recall: 0.9423
 26/349 [=>............................] - ETA: 19s - loss: 0.2078 - accuracy: 0.9087 - precision: 0.8870 - recall: 0.9444
 27/349 [=>............................] - ETA: 19s - loss: 0.2023 - accuracy: 0.9120 - precision: 0.8917 - recall: 0.9469
 28/349 [=>............................] - ETA: 19s - loss: 0.2100 - accuracy: 0.9062 - precision: 0.8871 - recall: 0.9402
 29/349 [=>............................] - ETA: 19s - loss: 0.2199 - accuracy: 0.9009 - precision: 0.8846 - recall: 0.9350
 30/349 [=>............................] - ETA: 19s - loss: 0.2189 - accuracy: 0.9042 - precision: 0.8889 - recall: 0.9375
 31/349 [=>............................] - ETA: 19s - loss: 0.2168 - accuracy: 0.9073 - precision: 0.8921 - recall: 0.9394
 32/349 [=>............................] - ETA: 19s - loss: 0.2132 - accuracy: 0.9102 - precision: 0.8951 - recall: 0.9412
 33/349 [=>............................] - ETA: 19s - loss: 0.2104 - accuracy: 0.9129 - precision: 0.8986 - recall: 0.9433
 34/349 [=>............................] - ETA: 19s - loss: 0.2083 - accuracy: 0.9118 - precision: 0.8933 - recall: 0.9437
 35/349 [==>...........................] - ETA: 19s - loss: 0.2043 - accuracy: 0.9143 - precision: 0.8974 - recall: 0.9459
 36/349 [==>...........................] - ETA: 19s - loss: 0.1999 - accuracy: 0.9167 - precision: 0.9012 - recall: 0.9481
 37/349 [==>...........................] - ETA: 18s - loss: 0.2025 - accuracy: 0.9155 - precision: 0.8982 - recall: 0.9494
 38/349 [==>...........................] - ETA: 19s - loss: 0.2069 - accuracy: 0.9145 - precision: 0.8947 - recall: 0.9503
 39/349 [==>...........................] - ETA: 20s - loss: 0.2078 - accuracy: 0.9135 - precision: 0.8920 - recall: 0.9515
 40/349 [==>...........................] - ETA: 20s - loss: 0.2065 - accuracy: 0.9156 - precision: 0.8939 - recall: 0.9524
 41/349 [==>...........................] - ETA: 20s - loss: 0.2079 - accuracy: 0.9177 - precision: 0.8973 - recall: 0.9540
 42/349 [==>...........................] - ETA: 21s - loss: 0.2047 - accuracy: 0.9196 - precision: 0.8984 - recall: 0.9545
 43/349 [==>...........................] - ETA: 21s - loss: 0.2088 - accuracy: 0.9157 - precision: 0.8958 - recall: 0.9503
 44/349 [==>...........................] - ETA: 21s - loss: 0.2052 - accuracy: 0.9176 - precision: 0.8969 - recall: 0.9508
 45/349 [==>...........................] - ETA: 21s - loss: 0.2022 - accuracy: 0.9194 - precision: 0.8995 - recall: 0.9521
 46/349 [==>...........................] - ETA: 21s - loss: 0.2005 - accuracy: 0.9185 - precision: 0.9005 - recall: 0.9476
 47/349 [===>..........................] - ETA: 21s - loss: 0.2051 - accuracy: 0.9176 - precision: 0.8971 - recall: 0.9482
 48/349 [===>..........................] - ETA: 21s - loss: 0.2041 - accuracy: 0.9193 - precision: 0.8986 - recall: 0.9490
 49/349 [===>..........................] - ETA: 21s - loss: 0.2057 - accuracy: 0.9184 - precision: 0.8957 - recall: 0.9497
 50/349 [===>..........................] - ETA: 21s - loss: 0.2020 - accuracy: 0.9200 - precision: 0.8981 - recall: 0.9510
 51/349 [===>..........................] - ETA: 21s - loss: 0.2061 - accuracy: 0.9167 - precision: 0.8991 - recall: 0.9423
 52/349 [===>..........................] - ETA: 21s - loss: 0.2080 - accuracy: 0.9159 - precision: 0.9013 - recall: 0.9393
 53/349 [===>..........................] - ETA: 20s - loss: 0.2101 - accuracy: 0.9151 - precision: 0.9031 - recall: 0.9361
 54/349 [===>..........................] - ETA: 20s - loss: 0.2096 - accuracy: 0.9144 - precision: 0.9043 - recall: 0.9327
 55/349 [===>..........................] - ETA: 20s - loss: 0.2188 - accuracy: 0.9068 - precision: 0.8974 - recall: 0.9251
 56/349 [===>..........................] - ETA: 20s - loss: 0.2160 - accuracy: 0.9085 - precision: 0.9000 - recall: 0.9270
 57/349 [===>..........................] - ETA: 20s - loss: 0.2159 - accuracy: 0.9079 - precision: 0.9008 - recall: 0.9237
 59/349 [====>.........................] - ETA: 19s - loss: 0.2102 - accuracy: 0.9110 - precision: 0.9048 - recall: 0.9268
 60/349 [====>.........................] - ETA: 19s - loss: 0.2135 - accuracy: 0.9062 - precision: 0.8988 - recall: 0.9240
 61/349 [====>.........................] - ETA: 19s - loss: 0.2158 - accuracy: 0.9057 - precision: 0.8962 - recall: 0.9246
 62/349 [====>.........................] - ETA: 19s - loss: 0.2228 - accuracy: 0.9052 - precision: 0.8943 - recall: 0.9258
 63/349 [====>.........................] - ETA: 19s - loss: 0.2252 - accuracy: 0.9048 - precision: 0.8926 - recall: 0.9269
 64/349 [====>.........................] - ETA: 19s - loss: 0.2279 - accuracy: 0.9043 - precision: 0.8901 - recall: 0.9275
 65/349 [====>.........................] - ETA: 19s - loss: 0.2270 - accuracy: 0.9038 - precision: 0.8889 - recall: 0.9288
 66/349 [====>.........................] - ETA: 19s - loss: 0.2272 - accuracy: 0.9034 - precision: 0.8901 - recall: 0.9262
 67/349 [====>.........................] - ETA: 19s - loss: 0.2289 - accuracy: 0.9030 - precision: 0.8893 - recall: 0.9278
 68/349 [====>.........................] - ETA: 18s - loss: 0.2267 - accuracy: 0.9044 - precision: 0.8919 - recall: 0.9296
 69/349 [====>.........................] - ETA: 18s - loss: 0.2270 - accuracy: 0.9022 - precision: 0.8867 - recall: 0.9301
 70/349 [=====>........................] - ETA: 18s - loss: 0.2247 - accuracy: 0.9036 - precision: 0.8889 - recall: 0.9315
 71/349 [=====>........................] - ETA: 18s - loss: 0.2220 - accuracy: 0.9049 - precision: 0.8910 - recall: 0.9329
 72/349 [=====>........................] - ETA: 18s - loss: 0.2224 - accuracy: 0.9045 - precision: 0.8892 - recall: 0.9336
 74/349 [=====>........................] - ETA: 18s - loss: 0.2239 - accuracy: 0.9037 - precision: 0.8889 - recall: 0.9320
 75/349 [=====>........................] - ETA: 18s - loss: 0.2215 - accuracy: 0.9050 - precision: 0.8899 - recall: 0.9327
 76/349 [=====>........................] - ETA: 18s - loss: 0.2200 - accuracy: 0.9062 - precision: 0.8912 - recall: 0.9335
 77/349 [=====>........................] - ETA: 18s - loss: 0.2184 - accuracy: 0.9075 - precision: 0.8925 - recall: 0.9344
 78/349 [=====>........................] - ETA: 17s - loss: 0.2197 - accuracy: 0.9054 - precision: 0.8909 - recall: 0.9321
 79/349 [=====>........................] - ETA: 17s - loss: 0.2210 - accuracy: 0.9035 - precision: 0.8886 - recall: 0.9294
 80/349 [=====>........................] - ETA: 17s - loss: 0.2199 - accuracy: 0.9031 - precision: 0.8892 - recall: 0.9271
 81/349 [=====>........................] - ETA: 17s - loss: 0.2189 - accuracy: 0.9043 - precision: 0.8902 - recall: 0.9277
 82/349 [======>.......................] - ETA: 17s - loss: 0.2163 - accuracy: 0.9055 - precision: 0.8914 - recall: 0.9286
 84/349 [======>.......................] - ETA: 17s - loss: 0.2186 - accuracy: 0.9018 - precision: 0.8886 - recall: 0.9246
 86/349 [======>.......................] - ETA: 17s - loss: 0.2194 - accuracy: 0.8997 - precision: 0.8880 - recall: 0.9207
 87/349 [======>.......................] - ETA: 17s - loss: 0.2189 - accuracy: 0.8994 - precision: 0.8892 - recall: 0.9190
 88/349 [======>.......................] - ETA: 17s - loss: 0.2185 - accuracy: 0.8991 - precision: 0.8907 - recall: 0.9176
 90/349 [======>.......................] - ETA: 16s - loss: 0.2147 - accuracy: 0.9014 - precision: 0.8915 - recall: 0.9183
 91/349 [======>.......................] - ETA: 16s - loss: 0.2138 - accuracy: 0.9025 - precision: 0.8921 - recall: 0.9187
 93/349 [======>.......................] - ETA: 16s - loss: 0.2165 - accuracy: 0.9019 - precision: 0.8889 - recall: 0.9198
 94/349 [=======>......................] - ETA: 16s - loss: 0.2159 - accuracy: 0.9016 - precision: 0.8872 - recall: 0.9202
 95/349 [=======>......................] - ETA: 16s - loss: 0.2144 - accuracy: 0.9026 - precision: 0.8883 - recall: 0.9211
 96/349 [=======>......................] - ETA: 16s - loss: 0.2124 - accuracy: 0.9036 - precision: 0.8897 - recall: 0.9221
 97/349 [=======>......................] - ETA: 16s - loss: 0.2126 - accuracy: 0.9034 - precision: 0.8883 - recall: 0.9227
 98/349 [=======>......................] - ETA: 16s - loss: 0.2164 - accuracy: 0.9018 - precision: 0.8867 - recall: 0.9207
 99/349 [=======>......................] - ETA: 16s - loss: 0.2160 - accuracy: 0.9028 - precision: 0.8881 - recall: 0.9217
100/349 [=======>......................] - ETA: 15s - loss: 0.2179 - accuracy: 0.9025 - precision: 0.8870 - recall: 0.9225
101/349 [=======>......................] - ETA: 15s - loss: 0.2207 - accuracy: 0.9010 - precision: 0.8860 - recall: 0.9210
103/349 [=======>......................] - ETA: 15s - loss: 0.2216 - accuracy: 0.9017 - precision: 0.8858 - recall: 0.9223
105/349 [========>.....................] - ETA: 15s - loss: 0.2226 - accuracy: 0.9000 - precision: 0.8853 - recall: 0.9190
106/349 [========>.....................] - ETA: 15s - loss: 0.2256 - accuracy: 0.8974 - precision: 0.8815 - recall: 0.9171
107/349 [========>.....................] - ETA: 15s - loss: 0.2246 - accuracy: 0.8984 - precision: 0.8824 - recall: 0.9176
109/349 [========>.....................] - ETA: 15s - loss: 0.2228 - accuracy: 0.8991 - precision: 0.8839 - recall: 0.9167
110/349 [========>.....................] - ETA: 15s - loss: 0.2228 - accuracy: 0.8977 - precision: 0.8825 - recall: 0.9149
111/349 [========>.....................] - ETA: 14s - loss: 0.2222 - accuracy: 0.8986 - precision: 0.8840 - recall: 0.9161
112/349 [========>.....................] - ETA: 14s - loss: 0.2223 - accuracy: 0.8984 - precision: 0.8845 - recall: 0.9144
113/349 [========>.....................] - ETA: 14s - loss: 0.2229 - accuracy: 0.8982 - precision: 0.8836 - recall: 0.9152
114/349 [========>.....................] - ETA: 14s - loss: 0.2223 - accuracy: 0.8991 - precision: 0.8851 - recall: 0.9163
115/349 [========>.....................] - ETA: 14s - loss: 0.2223 - accuracy: 0.8989 - precision: 0.8837 - recall: 0.9167
116/349 [========>.....................] - ETA: 14s - loss: 0.2214 - accuracy: 0.8998 - precision: 0.8849 - recall: 0.9176
117/349 [=========>....................] - ETA: 14s - loss: 0.2218 - accuracy: 0.8996 - precision: 0.8836 - recall: 0.9179
118/349 [=========>....................] - ETA: 14s - loss: 0.2217 - accuracy: 0.8994 - precision: 0.8841 - recall: 0.9163
119/349 [=========>....................] - ETA: 14s - loss: 0.2222 - accuracy: 0.8981 - precision: 0.8850 - recall: 0.9131
120/349 [=========>....................] - ETA: 14s - loss: 0.2241 - accuracy: 0.8969 - precision: 0.8821 - recall: 0.9137
121/349 [=========>....................] - ETA: 14s - loss: 0.2238 - accuracy: 0.8967 - precision: 0.8831 - recall: 0.9125
122/349 [=========>....................] - ETA: 14s - loss: 0.2253 - accuracy: 0.8965 - precision: 0.8838 - recall: 0.9112
123/349 [=========>....................] - ETA: 14s - loss: 0.2239 - accuracy: 0.8974 - precision: 0.8847 - recall: 0.9119
124/349 [=========>....................] - ETA: 14s - loss: 0.2229 - accuracy: 0.8982 - precision: 0.8861 - recall: 0.9130
125/349 [=========>....................] - ETA: 14s - loss: 0.2230 - accuracy: 0.8980 - precision: 0.8850 - recall: 0.9135
127/349 [=========>....................] - ETA: 13s - loss: 0.2222 - accuracy: 0.8996 - precision: 0.8870 - recall: 0.9150
129/349 [==========>...................] - ETA: 13s - loss: 0.2212 - accuracy: 0.8992 - precision: 0.8851 - recall: 0.9162
131/349 [==========>...................] - ETA: 13s - loss: 0.2205 - accuracy: 0.8998 - precision: 0.8852 - recall: 0.9175
132/349 [==========>...................] - ETA: 13s - loss: 0.2192 - accuracy: 0.9006 - precision: 0.8860 - recall: 0.9181
133/349 [==========>...................] - ETA: 13s - loss: 0.2182 - accuracy: 0.9013 - precision: 0.8871 - recall: 0.9189
134/349 [==========>...................] - ETA: 13s - loss: 0.2203 - accuracy: 0.9002 - precision: 0.8861 - recall: 0.9176
135/349 [==========>...................] - ETA: 13s - loss: 0.2192 - accuracy: 0.9009 - precision: 0.8867 - recall: 0.9181
136/349 [==========>...................] - ETA: 13s - loss: 0.2209 - accuracy: 0.9007 - precision: 0.8875 - recall: 0.9170
138/349 [==========>...................] - ETA: 13s - loss: 0.2196 - accuracy: 0.9022 - precision: 0.8891 - recall: 0.9182
139/349 [==========>...................] - ETA: 13s - loss: 0.2230 - accuracy: 0.9011 - precision: 0.8866 - recall: 0.9186
140/349 [===========>..................] - ETA: 12s - loss: 0.2218 - accuracy: 0.9018 - precision: 0.8877 - recall: 0.9195
141/349 [===========>..................] - ETA: 12s - loss: 0.2203 - accuracy: 0.9025 - precision: 0.8885 - recall: 0.9201
143/349 [===========>..................] - ETA: 12s - loss: 0.2190 - accuracy: 0.9030 - precision: 0.8874 - recall: 0.9204
144/349 [===========>..................] - ETA: 12s - loss: 0.2211 - accuracy: 0.9019 - precision: 0.8847 - recall: 0.9206
145/349 [===========>..................] - ETA: 12s - loss: 0.2226 - accuracy: 0.9017 - precision: 0.8857 - recall: 0.9197
146/349 [===========>..................] - ETA: 12s - loss: 0.2214 - accuracy: 0.9024 - precision: 0.8865 - recall: 0.9203
147/349 [===========>..................] - ETA: 12s - loss: 0.2233 - accuracy: 0.9014 - precision: 0.8856 - recall: 0.9191
148/349 [===========>..................] - ETA: 12s - loss: 0.2239 - accuracy: 0.9012 - precision: 0.8847 - recall: 0.9195
149/349 [===========>..................] - ETA: 12s - loss: 0.2239 - accuracy: 0.9010 - precision: 0.8838 - recall: 0.9199
150/349 [===========>..................] - ETA: 12s - loss: 0.2231 - accuracy: 0.9008 - precision: 0.8827 - recall: 0.9202
152/349 [============>.................] - ETA: 12s - loss: 0.2249 - accuracy: 0.9005 - precision: 0.8814 - recall: 0.9213
153/349 [============>.................] - ETA: 12s - loss: 0.2245 - accuracy: 0.9003 - precision: 0.8820 - recall: 0.9201
154/349 [============>.................] - ETA: 12s - loss: 0.2240 - accuracy: 0.9002 - precision: 0.8831 - recall: 0.9194
155/349 [============>.................] - ETA: 11s - loss: 0.2234 - accuracy: 0.9000 - precision: 0.8838 - recall: 0.9184
156/349 [============>.................] - ETA: 11s - loss: 0.2250 - accuracy: 0.8982 - precision: 0.8830 - recall: 0.9159
157/349 [============>.................] - ETA: 11s - loss: 0.2245 - accuracy: 0.8989 - precision: 0.8837 - recall: 0.9164
158/349 [============>.................] - ETA: 11s - loss: 0.2248 - accuracy: 0.8987 - precision: 0.8844 - recall: 0.9155
159/349 [============>.................] - ETA: 11s - loss: 0.2245 - accuracy: 0.8986 - precision: 0.8834 - recall: 0.9157
160/349 [============>.................] - ETA: 11s - loss: 0.2248 - accuracy: 0.8984 - precision: 0.8826 - recall: 0.9161
161/349 [============>.................] - ETA: 11s - loss: 0.2235 - accuracy: 0.8991 - precision: 0.8830 - recall: 0.9164
162/349 [============>.................] - ETA: 11s - loss: 0.2232 - accuracy: 0.8989 - precision: 0.8833 - recall: 0.9152
163/349 [=============>................] - ETA: 11s - loss: 0.2234 - accuracy: 0.8988 - precision: 0.8840 - recall: 0.9143
164/349 [=============>................] - ETA: 11s - loss: 0.2229 - accuracy: 0.8986 - precision: 0.8851 - recall: 0.9137
165/349 [=============>................] - ETA: 11s - loss: 0.2245 - accuracy: 0.8977 - precision: 0.8856 - recall: 0.9113
166/349 [=============>................] - ETA: 11s - loss: 0.2234 - accuracy: 0.8983 - precision: 0.8863 - recall: 0.9119
167/349 [=============>................] - ETA: 11s - loss: 0.2232 - accuracy: 0.8990 - precision: 0.8871 - recall: 0.9125
168/349 [=============>................] - ETA: 11s - loss: 0.2224 - accuracy: 0.8996 - precision: 0.8876 - recall: 0.9129
170/349 [=============>................] - ETA: 11s - loss: 0.2223 - accuracy: 0.9000 - precision: 0.8878 - recall: 0.9141
172/349 [=============>................] - ETA: 10s - loss: 0.2248 - accuracy: 0.8997 - precision: 0.8890 - recall: 0.9124
173/349 [=============>................] - ETA: 10s - loss: 0.2239 - accuracy: 0.9003 - precision: 0.8901 - recall: 0.9133
174/349 [=============>................] - ETA: 10s - loss: 0.2241 - accuracy: 0.9001 - precision: 0.8897 - recall: 0.9139
175/349 [==============>...............] - ETA: 10s - loss: 0.2231 - accuracy: 0.9007 - precision: 0.8900 - recall: 0.9142
176/349 [==============>...............] - ETA: 10s - loss: 0.2247 - accuracy: 0.9006 - precision: 0.8893 - recall: 0.9147
177/349 [==============>...............] - ETA: 10s - loss: 0.2249 - accuracy: 0.8997 - precision: 0.8877 - recall: 0.9153
179/349 [==============>...............] - ETA: 10s - loss: 0.2240 - accuracy: 0.9001 - precision: 0.8889 - recall: 0.9149
180/349 [==============>...............] - ETA: 10s - loss: 0.2238 - accuracy: 0.9000 - precision: 0.8883 - recall: 0.9154
181/349 [==============>...............] - ETA: 10s - loss: 0.2229 - accuracy: 0.9006 - precision: 0.8890 - recall: 0.9160
182/349 [==============>...............] - ETA: 10s - loss: 0.2220 - accuracy: 0.9011 - precision: 0.8893 - recall: 0.9162
183/349 [==============>...............] - ETA: 10s - loss: 0.2218 - accuracy: 0.9010 - precision: 0.8887 - recall: 0.9167
184/349 [==============>...............] - ETA: 10s - loss: 0.2234 - accuracy: 0.9008 - precision: 0.8882 - recall: 0.9171
185/349 [==============>...............] - ETA: 10s - loss: 0.2244 - accuracy: 0.9000 - precision: 0.8873 - recall: 0.9161
186/349 [==============>...............] - ETA: 10s - loss: 0.2248 - accuracy: 0.8999 - precision: 0.8867 - recall: 0.9166
187/349 [===============>..............] - ETA: 10s - loss: 0.2236 - accuracy: 0.9004 - precision: 0.8873 - recall: 0.9170
188/349 [===============>..............] - ETA: 10s - loss: 0.2245 - accuracy: 0.9003 - precision: 0.8879 - recall: 0.9162
189/349 [===============>..............] - ETA: 10s - loss: 0.2238 - accuracy: 0.9008 - precision: 0.8880 - recall: 0.9163
190/349 [===============>..............] - ETA: 9s - loss: 0.2232 - accuracy: 0.9013 - precision: 0.8890 - recall: 0.9171 
191/349 [===============>..............] - ETA: 9s - loss: 0.2259 - accuracy: 0.8999 - precision: 0.8883 - recall: 0.9150
192/349 [===============>..............] - ETA: 9s - loss: 0.2257 - accuracy: 0.8999 - precision: 0.8885 - recall: 0.9151
193/349 [===============>..............] - ETA: 9s - loss: 0.2262 - accuracy: 0.8998 - precision: 0.8892 - recall: 0.9145
194/349 [===============>..............] - ETA: 9s - loss: 0.2251 - accuracy: 0.9003 - precision: 0.8894 - recall: 0.9147
195/349 [===============>..............] - ETA: 9s - loss: 0.2254 - accuracy: 0.9002 - precision: 0.8900 - recall: 0.9140
196/349 [===============>..............] - ETA: 9s - loss: 0.2250 - accuracy: 0.9001 - precision: 0.8892 - recall: 0.9142
197/349 [===============>..............] - ETA: 9s - loss: 0.2241 - accuracy: 0.9006 - precision: 0.8897 - recall: 0.9146
198/349 [================>.............] - ETA: 9s - loss: 0.2243 - accuracy: 0.9004 - precision: 0.8890 - recall: 0.9150
199/349 [================>.............] - ETA: 9s - loss: 0.2277 - accuracy: 0.8997 - precision: 0.8871 - recall: 0.9152
200/349 [================>.............] - ETA: 9s - loss: 0.2270 - accuracy: 0.9002 - precision: 0.8878 - recall: 0.9157
201/349 [================>.............] - ETA: 9s - loss: 0.2266 - accuracy: 0.9007 - precision: 0.8882 - recall: 0.9160
202/349 [================>.............] - ETA: 9s - loss: 0.2261 - accuracy: 0.9006 - precision: 0.8874 - recall: 0.9162
203/349 [================>.............] - ETA: 9s - loss: 0.2266 - accuracy: 0.9004 - precision: 0.8880 - recall: 0.9155
204/349 [================>.............] - ETA: 9s - loss: 0.2265 - accuracy: 0.9003 - precision: 0.8877 - recall: 0.9162
205/349 [================>.............] - ETA: 9s - loss: 0.2261 - accuracy: 0.9002 - precision: 0.8870 - recall: 0.9165
206/349 [================>.............] - ETA: 9s - loss: 0.2263 - accuracy: 0.9001 - precision: 0.8863 - recall: 0.9167
207/349 [================>.............] - ETA: 9s - loss: 0.2258 - accuracy: 0.9005 - precision: 0.8869 - recall: 0.9172
208/349 [================>.............] - ETA: 8s - loss: 0.2251 - accuracy: 0.9010 - precision: 0.8875 - recall: 0.9176
209/349 [================>.............] - ETA: 8s - loss: 0.2269 - accuracy: 0.9003 - precision: 0.8879 - recall: 0.9157
210/349 [=================>............] - ETA: 8s - loss: 0.2261 - accuracy: 0.9008 - precision: 0.8888 - recall: 0.9164
211/349 [=================>............] - ETA: 8s - loss: 0.2256 - accuracy: 0.9012 - precision: 0.8893 - recall: 0.9168
212/349 [=================>............] - ETA: 8s - loss: 0.2267 - accuracy: 0.9005 - precision: 0.8886 - recall: 0.9160
213/349 [=================>............] - ETA: 8s - loss: 0.2271 - accuracy: 0.8998 - precision: 0.8870 - recall: 0.9163
215/349 [=================>............] - ETA: 8s - loss: 0.2268 - accuracy: 0.9002 - precision: 0.8874 - recall: 0.9155
216/349 [=================>............] - ETA: 8s - loss: 0.2279 - accuracy: 0.8995 - precision: 0.8867 - recall: 0.9147
217/349 [=================>............] - ETA: 8s - loss: 0.2291 - accuracy: 0.8988 - precision: 0.8853 - recall: 0.9151
218/349 [=================>............] - ETA: 8s - loss: 0.2285 - accuracy: 0.8993 - precision: 0.8857 - recall: 0.9154
219/349 [=================>............] - ETA: 8s - loss: 0.2276 - accuracy: 0.8997 - precision: 0.8860 - recall: 0.9157
220/349 [=================>............] - ETA: 8s - loss: 0.2274 - accuracy: 0.9002 - precision: 0.8868 - recall: 0.9163
221/349 [=================>............] - ETA: 8s - loss: 0.2281 - accuracy: 0.8995 - precision: 0.8861 - recall: 0.9154
222/349 [==================>...........] - ETA: 8s - loss: 0.2279 - accuracy: 0.8999 - precision: 0.8867 - recall: 0.9159
223/349 [==================>...........] - ETA: 7s - loss: 0.2271 - accuracy: 0.9004 - precision: 0.8876 - recall: 0.9166
224/349 [==================>...........] - ETA: 7s - loss: 0.2264 - accuracy: 0.9008 - precision: 0.8880 - recall: 0.9169
225/349 [==================>...........] - ETA: 7s - loss: 0.2266 - accuracy: 0.9007 - precision: 0.8886 - recall: 0.9164
226/349 [==================>...........] - ETA: 7s - loss: 0.2284 - accuracy: 0.9001 - precision: 0.8870 - recall: 0.9166
227/349 [==================>...........] - ETA: 7s - loss: 0.2292 - accuracy: 0.8999 - precision: 0.8865 - recall: 0.9169
228/349 [==================>...........] - ETA: 7s - loss: 0.2284 - accuracy: 0.9004 - precision: 0.8874 - recall: 0.9176
229/349 [==================>...........] - ETA: 7s - loss: 0.2276 - accuracy: 0.9008 - precision: 0.8877 - recall: 0.9179
230/349 [==================>...........] - ETA: 7s - loss: 0.2280 - accuracy: 0.9007 - precision: 0.8871 - recall: 0.9181
231/349 [==================>...........] - ETA: 7s - loss: 0.2308 - accuracy: 0.9001 - precision: 0.8856 - recall: 0.9184
233/349 [===================>..........] - ETA: 7s - loss: 0.2301 - accuracy: 0.9004 - precision: 0.8855 - recall: 0.9190
234/349 [===================>..........] - ETA: 7s - loss: 0.2292 - accuracy: 0.9008 - precision: 0.8858 - recall: 0.9192
235/349 [===================>..........] - ETA: 7s - loss: 0.2285 - accuracy: 0.9012 - precision: 0.8862 - recall: 0.9195
236/349 [===================>..........] - ETA: 7s - loss: 0.2281 - accuracy: 0.9016 - precision: 0.8867 - recall: 0.9199
237/349 [===================>..........] - ETA: 7s - loss: 0.2277 - accuracy: 0.9021 - precision: 0.8873 - recall: 0.9203
238/349 [===================>..........] - ETA: 7s - loss: 0.2279 - accuracy: 0.9014 - precision: 0.8866 - recall: 0.9195
239/349 [===================>..........] - ETA: 6s - loss: 0.2282 - accuracy: 0.9013 - precision: 0.8859 - recall: 0.9197
240/349 [===================>..........] - ETA: 6s - loss: 0.2274 - accuracy: 0.9017 - precision: 0.8866 - recall: 0.9202
241/349 [===================>..........] - ETA: 6s - loss: 0.2266 - accuracy: 0.9021 - precision: 0.8870 - recall: 0.9204
243/349 [===================>..........] - ETA: 6s - loss: 0.2253 - accuracy: 0.9029 - precision: 0.8878 - recall: 0.9210
244/349 [===================>..........] - ETA: 6s - loss: 0.2260 - accuracy: 0.9023 - precision: 0.8880 - recall: 0.9193
245/349 [====================>.........] - ETA: 6s - loss: 0.2255 - accuracy: 0.9027 - precision: 0.8883 - recall: 0.9195
246/349 [====================>.........] - ETA: 6s - loss: 0.2250 - accuracy: 0.9031 - precision: 0.8884 - recall: 0.9196
247/349 [====================>.........] - ETA: 6s - loss: 0.2249 - accuracy: 0.9030 - precision: 0.8889 - recall: 0.9190
248/349 [====================>.........] - ETA: 6s - loss: 0.2249 - accuracy: 0.9029 - precision: 0.8885 - recall: 0.9193
249/349 [====================>.........] - ETA: 6s - loss: 0.2243 - accuracy: 0.9033 - precision: 0.8888 - recall: 0.9196
250/349 [====================>.........] - ETA: 6s - loss: 0.2244 - accuracy: 0.9032 - precision: 0.8890 - recall: 0.9188
251/349 [====================>.........] - ETA: 6s - loss: 0.2237 - accuracy: 0.9035 - precision: 0.8895 - recall: 0.9192
252/349 [====================>.........] - ETA: 6s - loss: 0.2233 - accuracy: 0.9039 - precision: 0.8901 - recall: 0.9196
253/349 [====================>.........] - ETA: 6s - loss: 0.2229 - accuracy: 0.9043 - precision: 0.8904 - recall: 0.9198
254/349 [====================>.........] - ETA: 5s - loss: 0.2227 - accuracy: 0.9042 - precision: 0.8907 - recall: 0.9192
255/349 [====================>.........] - ETA: 5s - loss: 0.2231 - accuracy: 0.9041 - precision: 0.8910 - recall: 0.9185
256/349 [=====================>........] - ETA: 5s - loss: 0.2228 - accuracy: 0.9045 - precision: 0.8916 - recall: 0.9189
257/349 [=====================>........] - ETA: 5s - loss: 0.2223 - accuracy: 0.9048 - precision: 0.8920 - recall: 0.9192
258/349 [=====================>........] - ETA: 5s - loss: 0.2225 - accuracy: 0.9047 - precision: 0.8916 - recall: 0.9196
259/349 [=====================>........] - ETA: 5s - loss: 0.2233 - accuracy: 0.9041 - precision: 0.8910 - recall: 0.9189
260/349 [=====================>........] - ETA: 5s - loss: 0.2227 - accuracy: 0.9045 - precision: 0.8914 - recall: 0.9192
261/349 [=====================>........] - ETA: 5s - loss: 0.2231 - accuracy: 0.9044 - precision: 0.8911 - recall: 0.9196
262/349 [=====================>........] - ETA: 5s - loss: 0.2226 - accuracy: 0.9047 - precision: 0.8917 - recall: 0.9200
263/349 [=====================>........] - ETA: 5s - loss: 0.2222 - accuracy: 0.9051 - precision: 0.8921 - recall: 0.9203
264/349 [=====================>........] - ETA: 5s - loss: 0.2215 - accuracy: 0.9055 - precision: 0.8925 - recall: 0.9207
265/349 [=====================>........] - ETA: 5s - loss: 0.2215 - accuracy: 0.9053 - precision: 0.8921 - recall: 0.9210
266/349 [=====================>........] - ETA: 5s - loss: 0.2216 - accuracy: 0.9052 - precision: 0.8924 - recall: 0.9203
267/349 [=====================>........] - ETA: 5s - loss: 0.2208 - accuracy: 0.9056 - precision: 0.8925 - recall: 0.9204
268/349 [======================>.......] - ETA: 5s - loss: 0.2203 - accuracy: 0.9059 - precision: 0.8930 - recall: 0.9208
269/349 [======================>.......] - ETA: 5s - loss: 0.2213 - accuracy: 0.9054 - precision: 0.8916 - recall: 0.9210
271/349 [======================>.......] - ETA: 4s - loss: 0.2211 - accuracy: 0.9051 - precision: 0.8920 - recall: 0.9196
273/349 [======================>.......] - ETA: 4s - loss: 0.2211 - accuracy: 0.9054 - precision: 0.8923 - recall: 0.9204
274/349 [======================>.......] - ETA: 4s - loss: 0.2207 - accuracy: 0.9057 - precision: 0.8926 - recall: 0.9206
276/349 [======================>.......] - ETA: 4s - loss: 0.2215 - accuracy: 0.9046 - precision: 0.8906 - recall: 0.9200
278/349 [======================>.......] - ETA: 4s - loss: 0.2220 - accuracy: 0.9044 - precision: 0.8905 - recall: 0.9197
280/349 [=======================>......] - ETA: 4s - loss: 0.2215 - accuracy: 0.9051 - precision: 0.8912 - recall: 0.9203
282/349 [=======================>......] - ETA: 4s - loss: 0.2206 - accuracy: 0.9053 - precision: 0.8910 - recall: 0.9207
283/349 [=======================>......] - ETA: 4s - loss: 0.2211 - accuracy: 0.9052 - precision: 0.8903 - recall: 0.9208
284/349 [=======================>......] - ETA: 4s - loss: 0.2208 - accuracy: 0.9055 - precision: 0.8905 - recall: 0.9209
285/349 [=======================>......] - ETA: 3s - loss: 0.2206 - accuracy: 0.9059 - precision: 0.8909 - recall: 0.9212
286/349 [=======================>......] - ETA: 3s - loss: 0.2220 - accuracy: 0.9053 - precision: 0.8903 - recall: 0.9205
288/349 [=======================>......] - ETA: 3s - loss: 0.2220 - accuracy: 0.9055 - precision: 0.8899 - recall: 0.9208
289/349 [=======================>......] - ETA: 3s - loss: 0.2215 - accuracy: 0.9059 - precision: 0.8900 - recall: 0.9209
290/349 [=======================>......] - ETA: 3s - loss: 0.2215 - accuracy: 0.9058 - precision: 0.8903 - recall: 0.9203
291/349 [========================>.....] - ETA: 3s - loss: 0.2211 - accuracy: 0.9061 - precision: 0.8910 - recall: 0.9208
292/349 [========================>.....] - ETA: 3s - loss: 0.2205 - accuracy: 0.9064 - precision: 0.8912 - recall: 0.9209
294/349 [========================>.....] - ETA: 3s - loss: 0.2208 - accuracy: 0.9062 - precision: 0.8908 - recall: 0.9204
295/349 [========================>.....] - ETA: 3s - loss: 0.2203 - accuracy: 0.9065 - precision: 0.8910 - recall: 0.9206
296/349 [========================>.....] - ETA: 3s - loss: 0.2200 - accuracy: 0.9068 - precision: 0.8913 - recall: 0.9208
297/349 [========================>.....] - ETA: 3s - loss: 0.2203 - accuracy: 0.9067 - precision: 0.8908 - recall: 0.9210
298/349 [========================>.....] - ETA: 3s - loss: 0.2209 - accuracy: 0.9062 - precision: 0.8905 - recall: 0.9205
299/349 [========================>.....] - ETA: 3s - loss: 0.2205 - accuracy: 0.9065 - precision: 0.8908 - recall: 0.9208
301/349 [========================>.....] - ETA: 2s - loss: 0.2209 - accuracy: 0.9063 - precision: 0.8916 - recall: 0.9198
302/349 [========================>.....] - ETA: 2s - loss: 0.2211 - accuracy: 0.9058 - precision: 0.8905 - recall: 0.9201
303/349 [=========================>....] - ETA: 2s - loss: 0.2214 - accuracy: 0.9057 - precision: 0.8903 - recall: 0.9205
304/349 [=========================>....] - ETA: 2s - loss: 0.2210 - accuracy: 0.9060 - precision: 0.8908 - recall: 0.9208
306/349 [=========================>....] - ETA: 2s - loss: 0.2222 - accuracy: 0.9058 - precision: 0.8910 - recall: 0.9207
307/349 [=========================>....] - ETA: 2s - loss: 0.2225 - accuracy: 0.9057 - precision: 0.8913 - recall: 0.9202
309/349 [=========================>....] - ETA: 2s - loss: 0.2232 - accuracy: 0.9051 - precision: 0.8912 - recall: 0.9191
311/349 [=========================>....] - ETA: 2s - loss: 0.2230 - accuracy: 0.9049 - precision: 0.8901 - recall: 0.9194
312/349 [=========================>....] - ETA: 2s - loss: 0.2231 - accuracy: 0.9048 - precision: 0.8897 - recall: 0.9196
314/349 [=========================>....] - ETA: 2s - loss: 0.2227 - accuracy: 0.9050 - precision: 0.8897 - recall: 0.9201
315/349 [==========================>...] - ETA: 2s - loss: 0.2221 - accuracy: 0.9053 - precision: 0.8902 - recall: 0.9205
316/349 [==========================>...] - ETA: 2s - loss: 0.2219 - accuracy: 0.9052 - precision: 0.8899 - recall: 0.9208
317/349 [==========================>...] - ETA: 1s - loss: 0.2215 - accuracy: 0.9055 - precision: 0.8905 - recall: 0.9213
318/349 [==========================>...] - ETA: 1s - loss: 0.2210 - accuracy: 0.9058 - precision: 0.8911 - recall: 0.9217
319/349 [==========================>...] - ETA: 1s - loss: 0.2208 - accuracy: 0.9061 - precision: 0.8914 - recall: 0.9219
320/349 [==========================>...] - ETA: 1s - loss: 0.2207 - accuracy: 0.9060 - precision: 0.8909 - recall: 0.9221
321/349 [==========================>...] - ETA: 1s - loss: 0.2218 - accuracy: 0.9051 - precision: 0.8891 - recall: 0.9222
322/349 [==========================>...] - ETA: 1s - loss: 0.2214 - accuracy: 0.9054 - precision: 0.8894 - recall: 0.9225
323/349 [==========================>...] - ETA: 1s - loss: 0.2209 - accuracy: 0.9057 - precision: 0.8897 - recall: 0.9227
324/349 [==========================>...] - ETA: 1s - loss: 0.2204 - accuracy: 0.9060 - precision: 0.8901 - recall: 0.9230
326/349 [===========================>..] - ETA: 1s - loss: 0.2217 - accuracy: 0.9050 - precision: 0.8900 - recall: 0.9212
327/349 [===========================>..] - ETA: 1s - loss: 0.2228 - accuracy: 0.9046 - precision: 0.8903 - recall: 0.9200
329/349 [===========================>..] - ETA: 1s - loss: 0.2217 - accuracy: 0.9051 - precision: 0.8909 - recall: 0.9205
331/349 [===========================>..] - ETA: 1s - loss: 0.2213 - accuracy: 0.9050 - precision: 0.8909 - recall: 0.9203
333/349 [===========================>..] - ETA: 0s - loss: 0.2222 - accuracy: 0.9052 - precision: 0.8910 - recall: 0.9209
334/349 [===========================>..] - ETA: 0s - loss: 0.2220 - accuracy: 0.9054 - precision: 0.8914 - recall: 0.9212
335/349 [===========================>..] - ETA: 0s - loss: 0.2217 - accuracy: 0.9053 - precision: 0.8917 - recall: 0.9206
337/349 [===========================>..] - ETA: 0s - loss: 0.2234 - accuracy: 0.9041 - precision: 0.8903 - recall: 0.9197
339/349 [============================>.] - ETA: 0s - loss: 0.2230 - accuracy: 0.9039 - precision: 0.8896 - recall: 0.9201
340/349 [============================>.] - ETA: 0s - loss: 0.2233 - accuracy: 0.9038 - precision: 0.8894 - recall: 0.9204
341/349 [============================>.] - ETA: 0s - loss: 0.2228 - accuracy: 0.9041 - precision: 0.8897 - recall: 0.9207
342/349 [============================>.] - ETA: 0s - loss: 0.2231 - accuracy: 0.9036 - precision: 0.8894 - recall: 0.9203
343/349 [============================>.] - ETA: 0s - loss: 0.2226 - accuracy: 0.9039 - precision: 0.8898 - recall: 0.9206
344/349 [============================>.] - ETA: 0s - loss: 0.2220 - accuracy: 0.9042 - precision: 0.8902 - recall: 0.9209
345/349 [============================>.] - ETA: 0s - loss: 0.2227 - accuracy: 0.9041 - precision: 0.8898 - recall: 0.9211
346/349 [============================>.] - ETA: 0s - loss: 0.2221 - accuracy: 0.9044 - precision: 0.8901 - recall: 0.9213
347/349 [============================>.] - ETA: 0s - loss: 0.2229 - accuracy: 0.9039 - precision: 0.8891 - recall: 0.9215
348/349 [============================>.] - ETA: 0s - loss: 0.2226 - accuracy: 0.9042 - precision: 0.8896 - recall: 0.9218
349/349 [==============================] - ETA: 0s - loss: 0.2223 - accuracy: 0.9041 - precision: 0.8899 - recall: 0.9214
Epoch 5: saving model to C:\SIRCH_ENV\models\revision\exp13_grouped_retraining\gru_original_grouped\checkpoints\gru_original_grouped_epoch_005.weights.h5

Epoch 5: val_loss did not improve from 0.34125

349/349 [==============================] - 23s 66ms/step - loss: 0.2223 - accuracy: 0.9041 - precision: 0.8899 - recall: 0.9214 - val_loss: 0.3494 - val_accuracy: 0.8442 - val_precision: 0.8333 - val_recall: 0.8586 - lr: 1.0000e-04
Epoch 6/30

  1/349 [..............................] - ETA: 28s - loss: 0.1526 - accuracy: 1.0000 - precision: 1.0000 - recall: 1.0000
  2/349 [..............................] - ETA: 20s - loss: 0.1293 - accuracy: 1.0000 - precision: 1.0000 - recall: 1.0000
  3/349 [..............................] - ETA: 20s - loss: 0.0902 - accuracy: 1.0000 - precision: 1.0000 - recall: 1.0000
  4/349 [..............................] - ETA: 19s - loss: 0.0846 - accuracy: 1.0000 - precision: 1.0000 - recall: 1.0000
  5/349 [..............................] - ETA: 19s - loss: 0.2267 - accuracy: 0.9500 - precision: 0.9048 - recall: 1.0000
  6/349 [..............................] - ETA: 20s - loss: 0.2347 - accuracy: 0.9375 - precision: 0.8846 - recall: 1.0000
  7/349 [..............................] - ETA: 19s - loss: 0.2307 - accuracy: 0.9286 - precision: 0.8750 - recall: 1.0000
  8/349 [..............................] - ETA: 20s - loss: 0.2101 - accuracy: 0.9375 - precision: 0.8788 - recall: 1.0000
  9/349 [..............................] - ETA: 21s - loss: 0.2125 - accuracy: 0.9306 - precision: 0.8529 - recall: 1.0000
 10/349 [..............................] - ETA: 21s - loss: 0.2017 - accuracy: 0.9375 - precision: 0.8750 - recall: 1.0000
 11/349 [..............................] - ETA: 22s - loss: 0.1985 - accuracy: 0.9318 - precision: 0.8571 - recall: 1.0000
 12/349 [>.............................] - ETA: 23s - loss: 0.1897 - accuracy: 0.9375 - precision: 0.8636 - recall: 1.0000
 13/349 [>.............................] - ETA: 23s - loss: 0.1973 - accuracy: 0.9327 - precision: 0.8478 - recall: 1.0000
 14/349 [>.............................] - ETA: 23s - loss: 0.2101 - accuracy: 0.9196 - precision: 0.8511 - recall: 0.9524
 15/349 [>.............................] - ETA: 23s - loss: 0.2224 - accuracy: 0.9083 - precision: 0.8600 - recall: 0.9149
 16/349 [>.............................] - ETA: 23s - loss: 0.2203 - accuracy: 0.9062 - precision: 0.8679 - recall: 0.9020
 17/349 [>.............................] - ETA: 23s - loss: 0.2110 - accuracy: 0.9118 - precision: 0.8772 - recall: 0.9091
 18/349 [>.............................] - ETA: 22s - loss: 0.2009 - accuracy: 0.9167 - precision: 0.8833 - recall: 0.9138
 19/349 [>.............................] - ETA: 22s - loss: 0.2160 - accuracy: 0.9013 - precision: 0.8636 - recall: 0.9048
 20/349 [>.............................] - ETA: 22s - loss: 0.2239 - accuracy: 0.8938 - precision: 0.8696 - recall: 0.8824
 21/349 [>.............................] - ETA: 22s - loss: 0.2207 - accuracy: 0.8929 - precision: 0.8750 - recall: 0.8750
 22/349 [>.............................] - ETA: 22s - loss: 0.2139 - accuracy: 0.8977 - precision: 0.8831 - recall: 0.8831
 23/349 [>.............................] - ETA: 21s - loss: 0.2082 - accuracy: 0.9022 - precision: 0.8875 - recall: 0.8875
 24/349 [=>............................] - ETA: 21s - loss: 0.2059 - accuracy: 0.9062 - precision: 0.8953 - recall: 0.8953
 25/349 [=>............................] - ETA: 21s - loss: 0.2058 - accuracy: 0.9050 - precision: 0.8864 - recall: 0.8966
 26/349 [=>............................] - ETA: 21s - loss: 0.2021 - accuracy: 0.9087 - precision: 0.8901 - recall: 0.9000
 27/349 [=>............................] - ETA: 21s - loss: 0.1995 - accuracy: 0.9120 - precision: 0.8947 - recall: 0.9043
 28/349 [=>............................] - ETA: 21s - loss: 0.1973 - accuracy: 0.9107 - precision: 0.8878 - recall: 0.9062
 29/349 [=>............................] - ETA: 21s - loss: 0.1921 - accuracy: 0.9138 - precision: 0.8942 - recall: 0.9118
 30/349 [=>............................] - ETA: 21s - loss: 0.1905 - accuracy: 0.9167 - precision: 0.8981 - recall: 0.9151
 31/349 [=>............................] - ETA: 21s - loss: 0.1845 - accuracy: 0.9194 - precision: 0.8991 - recall: 0.9159
 32/349 [=>............................] - ETA: 21s - loss: 0.1828 - accuracy: 0.9180 - precision: 0.8938 - recall: 0.9182
 33/349 [=>............................] - ETA: 21s - loss: 0.1821 - accuracy: 0.9167 - precision: 0.8889 - recall: 0.9204
 34/349 [=>............................] - ETA: 21s - loss: 0.1810 - accuracy: 0.9154 - precision: 0.8917 - recall: 0.9145
 35/349 [==>...........................] - ETA: 20s - loss: 0.1769 - accuracy: 0.9179 - precision: 0.8934 - recall: 0.9160
 36/349 [==>...........................] - ETA: 20s - loss: 0.1864 - accuracy: 0.9097 - precision: 0.8810 - recall: 0.9098
 37/349 [==>...........................] - ETA: 20s - loss: 0.1875 - accuracy: 0.9122 - precision: 0.8855 - recall: 0.9134
 38/349 [==>...........................] - ETA: 20s - loss: 0.1961 - accuracy: 0.9112 - precision: 0.8806 - recall: 0.9147
 39/349 [==>...........................] - ETA: 20s - loss: 0.1920 - accuracy: 0.9135 - precision: 0.8841 - recall: 0.9173
 40/349 [==>...........................] - ETA: 20s - loss: 0.1956 - accuracy: 0.9094 - precision: 0.8732 - recall: 0.9185
 41/349 [==>...........................] - ETA: 20s - loss: 0.1964 - accuracy: 0.9085 - precision: 0.8759 - recall: 0.9137
 42/349 [==>...........................] - ETA: 19s - loss: 0.1952 - accuracy: 0.9107 - precision: 0.8792 - recall: 0.9161
 43/349 [==>...........................] - ETA: 19s - loss: 0.1941 - accuracy: 0.9099 - precision: 0.8750 - recall: 0.9172
 44/349 [==>...........................] - ETA: 19s - loss: 0.1930 - accuracy: 0.9091 - precision: 0.8710 - recall: 0.9184
 45/349 [==>...........................] - ETA: 19s - loss: 0.1927 - accuracy: 0.9111 - precision: 0.8734 - recall: 0.9200
 46/349 [==>...........................] - ETA: 19s - loss: 0.1933 - accuracy: 0.9103 - precision: 0.8712 - recall: 0.9221
 47/349 [===>..........................] - ETA: 19s - loss: 0.1923 - accuracy: 0.9122 - precision: 0.8743 - recall: 0.9241
 49/349 [===>..........................] - ETA: 19s - loss: 0.1936 - accuracy: 0.9107 - precision: 0.8757 - recall: 0.9226
 50/349 [===>..........................] - ETA: 19s - loss: 0.1902 - accuracy: 0.9125 - precision: 0.8791 - recall: 0.9249
 51/349 [===>..........................] - ETA: 18s - loss: 0.1986 - accuracy: 0.9118 - precision: 0.8817 - recall: 0.9213
 52/349 [===>..........................] - ETA: 18s - loss: 0.1988 - accuracy: 0.9111 - precision: 0.8836 - recall: 0.9176
 53/349 [===>..........................] - ETA: 18s - loss: 0.2002 - accuracy: 0.9104 - precision: 0.8814 - recall: 0.9194
 54/349 [===>..........................] - ETA: 18s - loss: 0.2002 - accuracy: 0.9120 - precision: 0.8850 - recall: 0.9219
 55/349 [===>..........................] - ETA: 18s - loss: 0.2002 - accuracy: 0.9114 - precision: 0.8867 - recall: 0.9184
 56/349 [===>..........................] - ETA: 18s - loss: 0.1989 - accuracy: 0.9129 - precision: 0.8883 - recall: 0.9196
 57/349 [===>..........................] - ETA: 18s - loss: 0.2016 - accuracy: 0.9101 - precision: 0.8900 - recall: 0.9118
 58/349 [===>..........................] - ETA: 18s - loss: 0.2023 - accuracy: 0.9095 - precision: 0.8879 - recall: 0.9135
 59/349 [====>.........................] - ETA: 18s - loss: 0.1997 - accuracy: 0.9110 - precision: 0.8899 - recall: 0.9151
 60/349 [====>.........................] - ETA: 18s - loss: 0.2047 - accuracy: 0.9104 - precision: 0.8884 - recall: 0.9171
 62/349 [====>.........................] - ETA: 17s - loss: 0.2035 - accuracy: 0.9093 - precision: 0.8879 - recall: 0.9156
 63/349 [====>.........................] - ETA: 17s - loss: 0.2029 - accuracy: 0.9107 - precision: 0.8908 - recall: 0.9177
 65/349 [====>.........................] - ETA: 17s - loss: 0.1991 - accuracy: 0.9135 - precision: 0.8943 - recall: 0.9205
 66/349 [====>.........................] - ETA: 17s - loss: 0.1981 - accuracy: 0.9148 - precision: 0.8964 - recall: 0.9221
 67/349 [====>.........................] - ETA: 17s - loss: 0.1998 - accuracy: 0.9142 - precision: 0.8949 - recall: 0.9237
 68/349 [====>.........................] - ETA: 17s - loss: 0.2013 - accuracy: 0.9118 - precision: 0.8902 - recall: 0.9252
 70/349 [=====>........................] - ETA: 17s - loss: 0.2033 - accuracy: 0.9089 - precision: 0.8824 - recall: 0.9266
 71/349 [=====>........................] - ETA: 17s - loss: 0.2046 - accuracy: 0.9067 - precision: 0.8809 - recall: 0.9242
 72/349 [=====>........................] - ETA: 16s - loss: 0.2027 - accuracy: 0.9080 - precision: 0.8821 - recall: 0.9251
 73/349 [=====>........................] - ETA: 16s - loss: 0.2034 - accuracy: 0.9075 - precision: 0.8794 - recall: 0.9254
 75/349 [=====>........................] - ETA: 16s - loss: 0.2013 - accuracy: 0.9083 - precision: 0.8793 - recall: 0.9273
 76/349 [=====>........................] - ETA: 16s - loss: 0.2024 - accuracy: 0.9079 - precision: 0.8784 - recall: 0.9286
 77/349 [=====>........................] - ETA: 16s - loss: 0.2014 - accuracy: 0.9091 - precision: 0.8804 - recall: 0.9298
 78/349 [=====>........................] - ETA: 16s - loss: 0.2002 - accuracy: 0.9103 - precision: 0.8820 - recall: 0.9308
 79/349 [=====>........................] - ETA: 16s - loss: 0.1985 - accuracy: 0.9114 - precision: 0.8835 - recall: 0.9317
 80/349 [=====>........................] - ETA: 16s - loss: 0.1964 - accuracy: 0.9125 - precision: 0.8846 - recall: 0.9324
 81/349 [=====>........................] - ETA: 16s - loss: 0.1987 - accuracy: 0.9120 - precision: 0.8861 - recall: 0.9302
 82/349 [======>.......................] - ETA: 16s - loss: 0.1979 - accuracy: 0.9131 - precision: 0.8879 - recall: 0.9314
 83/349 [======>.......................] - ETA: 16s - loss: 0.1979 - accuracy: 0.9127 - precision: 0.8872 - recall: 0.9327
 84/349 [======>.......................] - ETA: 15s - loss: 0.1966 - accuracy: 0.9137 - precision: 0.8889 - recall: 0.9338
 85/349 [======>.......................] - ETA: 15s - loss: 0.1959 - accuracy: 0.9132 - precision: 0.8905 - recall: 0.9319
 87/349 [======>.......................] - ETA: 15s - loss: 0.2024 - accuracy: 0.9109 - precision: 0.8912 - recall: 0.9238
 88/349 [======>.......................] - ETA: 15s - loss: 0.2023 - accuracy: 0.9105 - precision: 0.8902 - recall: 0.9249
 90/349 [======>.......................] - ETA: 15s - loss: 0.2058 - accuracy: 0.9097 - precision: 0.8901 - recall: 0.9240
 91/349 [======>.......................] - ETA: 15s - loss: 0.2044 - accuracy: 0.9107 - precision: 0.8911 - recall: 0.9246
 92/349 [======>.......................] - ETA: 15s - loss: 0.2085 - accuracy: 0.9076 - precision: 0.8846 - recall: 0.9253
 93/349 [======>.......................] - ETA: 15s - loss: 0.2081 - accuracy: 0.9073 - precision: 0.8865 - recall: 0.9239
 94/349 [=======>......................] - ETA: 15s - loss: 0.2098 - accuracy: 0.9043 - precision: 0.8806 - recall: 0.9248
 95/349 [=======>......................] - ETA: 15s - loss: 0.2126 - accuracy: 0.9039 - precision: 0.8799 - recall: 0.9258
 96/349 [=======>......................] - ETA: 15s - loss: 0.2115 - accuracy: 0.9049 - precision: 0.8817 - recall: 0.9270
 98/349 [=======>......................] - ETA: 15s - loss: 0.2162 - accuracy: 0.9031 - precision: 0.8769 - recall: 0.9282
 99/349 [=======>......................] - ETA: 14s - loss: 0.2163 - accuracy: 0.9028 - precision: 0.8756 - recall: 0.9288
100/349 [=======>......................] - ETA: 14s - loss: 0.2149 - accuracy: 0.9038 - precision: 0.8775 - recall: 0.9299
101/349 [=======>......................] - ETA: 14s - loss: 0.2134 - accuracy: 0.9047 - precision: 0.8792 - recall: 0.9309
102/349 [=======>......................] - ETA: 14s - loss: 0.2121 - accuracy: 0.9056 - precision: 0.8804 - recall: 0.9316
103/349 [=======>......................] - ETA: 14s - loss: 0.2140 - accuracy: 0.9029 - precision: 0.8747 - recall: 0.9320
104/349 [=======>......................] - ETA: 14s - loss: 0.2125 - accuracy: 0.9038 - precision: 0.8759 - recall: 0.9327
105/349 [========>.....................] - ETA: 14s - loss: 0.2115 - accuracy: 0.9048 - precision: 0.8770 - recall: 0.9333
106/349 [========>.....................] - ETA: 14s - loss: 0.2144 - accuracy: 0.9033 - precision: 0.8773 - recall: 0.9289
107/349 [========>.....................] - ETA: 14s - loss: 0.2129 - accuracy: 0.9042 - precision: 0.8787 - recall: 0.9298
108/349 [========>.....................] - ETA: 14s - loss: 0.2116 - accuracy: 0.9051 - precision: 0.8795 - recall: 0.9303
109/349 [========>.....................] - ETA: 14s - loss: 0.2136 - accuracy: 0.9037 - precision: 0.8761 - recall: 0.9306
110/349 [========>.....................] - ETA: 14s - loss: 0.2152 - accuracy: 0.9034 - precision: 0.8750 - recall: 0.9311
111/349 [========>.....................] - ETA: 14s - loss: 0.2150 - accuracy: 0.9032 - precision: 0.8761 - recall: 0.9296
112/349 [========>.....................] - ETA: 14s - loss: 0.2149 - accuracy: 0.9040 - precision: 0.8775 - recall: 0.9304
113/349 [========>.....................] - ETA: 14s - loss: 0.2157 - accuracy: 0.9038 - precision: 0.8761 - recall: 0.9307
114/349 [========>.....................] - ETA: 14s - loss: 0.2159 - accuracy: 0.9039 - precision: 0.8764 - recall: 0.9309
115/349 [========>.....................] - ETA: 14s - loss: 0.2152 - accuracy: 0.9047 - precision: 0.8777 - recall: 0.9317
116/349 [========>.....................] - ETA: 14s - loss: 0.2144 - accuracy: 0.9045 - precision: 0.8790 - recall: 0.9303
117/349 [=========>....................] - ETA: 13s - loss: 0.2132 - accuracy: 0.9053 - precision: 0.8795 - recall: 0.9306
118/349 [=========>....................] - ETA: 13s - loss: 0.2143 - accuracy: 0.9050 - precision: 0.8810 - recall: 0.9295
119/349 [=========>....................] - ETA: 13s - loss: 0.2135 - accuracy: 0.9048 - precision: 0.8804 - recall: 0.9303
120/349 [=========>....................] - ETA: 13s - loss: 0.2161 - accuracy: 0.9035 - precision: 0.8789 - recall: 0.9284
121/349 [=========>....................] - ETA: 13s - loss: 0.2157 - accuracy: 0.9043 - precision: 0.8801 - recall: 0.9292
122/349 [=========>....................] - ETA: 13s - loss: 0.2150 - accuracy: 0.9051 - precision: 0.8806 - recall: 0.9295
123/349 [=========>....................] - ETA: 13s - loss: 0.2137 - accuracy: 0.9058 - precision: 0.8808 - recall: 0.9296
124/349 [=========>....................] - ETA: 13s - loss: 0.2151 - accuracy: 0.9056 - precision: 0.8798 - recall: 0.9301
125/349 [=========>....................] - ETA: 13s - loss: 0.2148 - accuracy: 0.9053 - precision: 0.8802 - recall: 0.9284
126/349 [=========>....................] - ETA: 13s - loss: 0.2142 - accuracy: 0.9061 - precision: 0.8814 - recall: 0.9292
127/349 [=========>....................] - ETA: 13s - loss: 0.2133 - accuracy: 0.9068 - precision: 0.8826 - recall: 0.9299
128/349 [==========>...................] - ETA: 13s - loss: 0.2120 - accuracy: 0.9076 - precision: 0.8833 - recall: 0.9303
129/349 [==========>...................] - ETA: 13s - loss: 0.2118 - accuracy: 0.9083 - precision: 0.8839 - recall: 0.9308
130/349 [==========>...................] - ETA: 13s - loss: 0.2111 - accuracy: 0.9090 - precision: 0.8842 - recall: 0.9309
131/349 [==========>...................] - ETA: 13s - loss: 0.2102 - accuracy: 0.9097 - precision: 0.8853 - recall: 0.9316
132/349 [==========>...................] - ETA: 13s - loss: 0.2102 - accuracy: 0.9094 - precision: 0.8859 - recall: 0.9301
133/349 [==========>...................] - ETA: 13s - loss: 0.2090 - accuracy: 0.9101 - precision: 0.8870 - recall: 0.9308
134/349 [==========>...................] - ETA: 13s - loss: 0.2080 - accuracy: 0.9108 - precision: 0.8874 - recall: 0.9311
135/349 [==========>...................] - ETA: 12s - loss: 0.2081 - accuracy: 0.9105 - precision: 0.8870 - recall: 0.9319
136/349 [==========>...................] - ETA: 12s - loss: 0.2110 - accuracy: 0.9093 - precision: 0.8877 - recall: 0.9287
137/349 [==========>...................] - ETA: 12s - loss: 0.2097 - accuracy: 0.9100 - precision: 0.8889 - recall: 0.9295
138/349 [==========>...................] - ETA: 12s - loss: 0.2096 - accuracy: 0.9107 - precision: 0.8897 - recall: 0.9301
139/349 [==========>...................] - ETA: 12s - loss: 0.2095 - accuracy: 0.9104 - precision: 0.8909 - recall: 0.9291
140/349 [===========>..................] - ETA: 12s - loss: 0.2112 - accuracy: 0.9102 - precision: 0.8899 - recall: 0.9295
141/349 [===========>..................] - ETA: 12s - loss: 0.2100 - accuracy: 0.9108 - precision: 0.8908 - recall: 0.9301
142/349 [===========>..................] - ETA: 12s - loss: 0.2107 - accuracy: 0.9105 - precision: 0.8895 - recall: 0.9303
144/349 [===========>..................] - ETA: 12s - loss: 0.2094 - accuracy: 0.9118 - precision: 0.8912 - recall: 0.9314
145/349 [===========>..................] - ETA: 12s - loss: 0.2096 - accuracy: 0.9107 - precision: 0.8887 - recall: 0.9318
146/349 [===========>..................] - ETA: 12s - loss: 0.2095 - accuracy: 0.9104 - precision: 0.8878 - recall: 0.9321
147/349 [===========>..................] - ETA: 12s - loss: 0.2083 - accuracy: 0.9110 - precision: 0.8883 - recall: 0.9325
148/349 [===========>..................] - ETA: 12s - loss: 0.2088 - accuracy: 0.9108 - precision: 0.8889 - recall: 0.9312
149/349 [===========>..................] - ETA: 12s - loss: 0.2076 - accuracy: 0.9114 - precision: 0.8891 - recall: 0.9313
150/349 [===========>..................] - ETA: 12s - loss: 0.2080 - accuracy: 0.9111 - precision: 0.8881 - recall: 0.9317
151/349 [===========>..................] - ETA: 12s - loss: 0.2085 - accuracy: 0.9109 - precision: 0.8874 - recall: 0.9322
152/349 [============>.................] - ETA: 11s - loss: 0.2086 - accuracy: 0.9107 - precision: 0.8882 - recall: 0.9310
153/349 [============>.................] - ETA: 11s - loss: 0.2084 - accuracy: 0.9113 - precision: 0.8885 - recall: 0.9313
154/349 [============>.................] - ETA: 11s - loss: 0.2074 - accuracy: 0.9118 - precision: 0.8893 - recall: 0.9317
155/349 [============>.................] - ETA: 11s - loss: 0.2073 - accuracy: 0.9116 - precision: 0.8882 - recall: 0.9320
156/349 [============>.................] - ETA: 11s - loss: 0.2065 - accuracy: 0.9122 - precision: 0.8889 - recall: 0.9324
157/349 [============>.................] - ETA: 11s - loss: 0.2064 - accuracy: 0.9127 - precision: 0.8898 - recall: 0.9330
158/349 [============>.................] - ETA: 11s - loss: 0.2054 - accuracy: 0.9133 - precision: 0.8905 - recall: 0.9334
159/349 [============>.................] - ETA: 11s - loss: 0.2050 - accuracy: 0.9130 - precision: 0.8898 - recall: 0.9339
161/349 [============>.................] - ETA: 11s - loss: 0.2065 - accuracy: 0.9126 - precision: 0.8916 - recall: 0.9320
162/349 [============>.................] - ETA: 11s - loss: 0.2053 - accuracy: 0.9131 - precision: 0.8925 - recall: 0.9326
164/349 [=============>................] - ETA: 11s - loss: 0.2059 - accuracy: 0.9119 - precision: 0.8921 - recall: 0.9303
165/349 [=============>................] - ETA: 11s - loss: 0.2048 - accuracy: 0.9124 - precision: 0.8926 - recall: 0.9306
166/349 [=============>................] - ETA: 11s - loss: 0.2060 - accuracy: 0.9114 - precision: 0.8934 - recall: 0.9282
167/349 [=============>................] - ETA: 10s - loss: 0.2051 - accuracy: 0.9120 - precision: 0.8942 - recall: 0.9288
168/349 [=============>................] - ETA: 10s - loss: 0.2042 - accuracy: 0.9125 - precision: 0.8948 - recall: 0.9292
169/349 [=============>................] - ETA: 10s - loss: 0.2039 - accuracy: 0.9123 - precision: 0.8938 - recall: 0.9294
170/349 [=============>................] - ETA: 10s - loss: 0.2032 - accuracy: 0.9128 - precision: 0.8943 - recall: 0.9298
171/349 [=============>................] - ETA: 10s - loss: 0.2038 - accuracy: 0.9118 - precision: 0.8934 - recall: 0.9287
172/349 [=============>................] - ETA: 10s - loss: 0.2032 - accuracy: 0.9123 - precision: 0.8937 - recall: 0.9289
173/349 [=============>................] - ETA: 10s - loss: 0.2027 - accuracy: 0.9121 - precision: 0.8928 - recall: 0.9291
174/349 [=============>................] - ETA: 10s - loss: 0.2023 - accuracy: 0.9119 - precision: 0.8935 - recall: 0.9283
175/349 [==============>...............] - ETA: 10s - loss: 0.2029 - accuracy: 0.9110 - precision: 0.8941 - recall: 0.9259
176/349 [==============>...............] - ETA: 10s - loss: 0.2033 - accuracy: 0.9108 - precision: 0.8930 - recall: 0.9260
177/349 [==============>...............] - ETA: 10s - loss: 0.2032 - accuracy: 0.9106 - precision: 0.8922 - recall: 0.9264
178/349 [==============>...............] - ETA: 10s - loss: 0.2034 - accuracy: 0.9104 - precision: 0.8915 - recall: 0.9268
179/349 [==============>...............] - ETA: 10s - loss: 0.2033 - accuracy: 0.9109 - precision: 0.8922 - recall: 0.9272
180/349 [==============>...............] - ETA: 10s - loss: 0.2028 - accuracy: 0.9107 - precision: 0.8928 - recall: 0.9263
181/349 [==============>...............] - ETA: 10s - loss: 0.2020 - accuracy: 0.9112 - precision: 0.8934 - recall: 0.9267
182/349 [==============>...............] - ETA: 10s - loss: 0.2018 - accuracy: 0.9110 - precision: 0.8924 - recall: 0.9269
183/349 [==============>...............] - ETA: 10s - loss: 0.2010 - accuracy: 0.9115 - precision: 0.8933 - recall: 0.9276
184/349 [==============>...............] - ETA: 10s - loss: 0.2006 - accuracy: 0.9119 - precision: 0.8942 - recall: 0.9282
185/349 [==============>...............] - ETA: 10s - loss: 0.1998 - accuracy: 0.9124 - precision: 0.8946 - recall: 0.9285
186/349 [==============>...............] - ETA: 10s - loss: 0.1996 - accuracy: 0.9129 - precision: 0.8952 - recall: 0.9289
187/349 [===============>..............] - ETA: 9s - loss: 0.1996 - accuracy: 0.9127 - precision: 0.8949 - recall: 0.9296 
188/349 [===============>..............] - ETA: 9s - loss: 0.1992 - accuracy: 0.9132 - precision: 0.8958 - recall: 0.9301
189/349 [===============>..............] - ETA: 9s - loss: 0.1996 - accuracy: 0.9130 - precision: 0.8967 - recall: 0.9295
190/349 [===============>..............] - ETA: 9s - loss: 0.1993 - accuracy: 0.9134 - precision: 0.8970 - recall: 0.9297
191/349 [===============>..............] - ETA: 9s - loss: 0.1985 - accuracy: 0.9139 - precision: 0.8975 - recall: 0.9301
192/349 [===============>..............] - ETA: 9s - loss: 0.1987 - accuracy: 0.9137 - precision: 0.8970 - recall: 0.9306
193/349 [===============>..............] - ETA: 9s - loss: 0.1979 - accuracy: 0.9141 - precision: 0.8974 - recall: 0.9309
194/349 [===============>..............] - ETA: 9s - loss: 0.1980 - accuracy: 0.9139 - precision: 0.8972 - recall: 0.9315
195/349 [===============>..............] - ETA: 9s - loss: 0.1972 - accuracy: 0.9144 - precision: 0.8975 - recall: 0.9317
196/349 [===============>..............] - ETA: 9s - loss: 0.1995 - accuracy: 0.9129 - precision: 0.8955 - recall: 0.9306
197/349 [===============>..............] - ETA: 9s - loss: 0.1989 - accuracy: 0.9133 - precision: 0.8960 - recall: 0.9310
198/349 [================>.............] - ETA: 9s - loss: 0.1980 - accuracy: 0.9138 - precision: 0.8965 - recall: 0.9313
200/349 [================>.............] - ETA: 9s - loss: 0.1966 - accuracy: 0.9140 - precision: 0.8974 - recall: 0.9308
201/349 [================>.............] - ETA: 9s - loss: 0.1977 - accuracy: 0.9132 - precision: 0.8967 - recall: 0.9298
202/349 [================>.............] - ETA: 9s - loss: 0.1970 - accuracy: 0.9136 - precision: 0.8969 - recall: 0.9300
203/349 [================>.............] - ETA: 9s - loss: 0.1961 - accuracy: 0.9140 - precision: 0.8969 - recall: 0.9300
204/349 [================>.............] - ETA: 8s - loss: 0.1983 - accuracy: 0.9126 - precision: 0.8950 - recall: 0.9290
205/349 [================>.............] - ETA: 8s - loss: 0.1977 - accuracy: 0.9130 - precision: 0.8958 - recall: 0.9296
206/349 [================>.............] - ETA: 8s - loss: 0.1970 - accuracy: 0.9135 - precision: 0.8964 - recall: 0.9300
207/349 [================>.............] - ETA: 8s - loss: 0.1969 - accuracy: 0.9133 - precision: 0.8970 - recall: 0.9293
208/349 [================>.............] - ETA: 8s - loss: 0.1962 - accuracy: 0.9137 - precision: 0.8975 - recall: 0.9296
209/349 [================>.............] - ETA: 8s - loss: 0.1955 - accuracy: 0.9141 - precision: 0.8980 - recall: 0.9300
210/349 [=================>............] - ETA: 8s - loss: 0.1957 - accuracy: 0.9139 - precision: 0.8982 - recall: 0.9290
211/349 [=================>............] - ETA: 8s - loss: 0.1948 - accuracy: 0.9143 - precision: 0.8986 - recall: 0.9293
212/349 [=================>............] - ETA: 8s - loss: 0.1942 - accuracy: 0.9147 - precision: 0.8991 - recall: 0.9296
213/349 [=================>............] - ETA: 8s - loss: 0.1933 - accuracy: 0.9151 - precision: 0.8998 - recall: 0.9301
214/349 [=================>............] - ETA: 8s - loss: 0.1929 - accuracy: 0.9155 - precision: 0.9002 - recall: 0.9305
215/349 [=================>............] - ETA: 8s - loss: 0.1920 - accuracy: 0.9159 - precision: 0.9010 - recall: 0.9310
216/349 [=================>............] - ETA: 8s - loss: 0.1913 - accuracy: 0.9163 - precision: 0.9013 - recall: 0.9312
217/349 [=================>............] - ETA: 8s - loss: 0.1917 - accuracy: 0.9161 - precision: 0.9006 - recall: 0.9314
218/349 [=================>............] - ETA: 8s - loss: 0.1918 - accuracy: 0.9159 - precision: 0.9002 - recall: 0.9319
219/349 [=================>............] - ETA: 8s - loss: 0.1929 - accuracy: 0.9152 - precision: 0.8985 - recall: 0.9322
220/349 [=================>............] - ETA: 7s - loss: 0.1929 - accuracy: 0.9156 - precision: 0.8991 - recall: 0.9326
221/349 [=================>............] - ETA: 7s - loss: 0.1940 - accuracy: 0.9154 - precision: 0.8986 - recall: 0.9329
222/349 [==================>...........] - ETA: 7s - loss: 0.1935 - accuracy: 0.9158 - precision: 0.8991 - recall: 0.9333
223/349 [==================>...........] - ETA: 7s - loss: 0.1952 - accuracy: 0.9150 - precision: 0.8985 - recall: 0.9324
224/349 [==================>...........] - ETA: 7s - loss: 0.1954 - accuracy: 0.9148 - precision: 0.8988 - recall: 0.9316
225/349 [==================>...........] - ETA: 7s - loss: 0.1948 - accuracy: 0.9152 - precision: 0.8989 - recall: 0.9317
226/349 [==================>...........] - ETA: 7s - loss: 0.1948 - accuracy: 0.9150 - precision: 0.8992 - recall: 0.9308
227/349 [==================>...........] - ETA: 7s - loss: 0.1958 - accuracy: 0.9149 - precision: 0.8998 - recall: 0.9302
228/349 [==================>...........] - ETA: 7s - loss: 0.1955 - accuracy: 0.9152 - precision: 0.9002 - recall: 0.9305
229/349 [==================>...........] - ETA: 7s - loss: 0.1947 - accuracy: 0.9156 - precision: 0.9003 - recall: 0.9306
230/349 [==================>...........] - ETA: 7s - loss: 0.1942 - accuracy: 0.9160 - precision: 0.9010 - recall: 0.9310
231/349 [==================>...........] - ETA: 7s - loss: 0.1944 - accuracy: 0.9158 - precision: 0.9015 - recall: 0.9304
232/349 [==================>...........] - ETA: 7s - loss: 0.1941 - accuracy: 0.9156 - precision: 0.9011 - recall: 0.9308
233/349 [===================>..........] - ETA: 7s - loss: 0.1933 - accuracy: 0.9160 - precision: 0.9015 - recall: 0.9311
234/349 [===================>..........] - ETA: 7s - loss: 0.1927 - accuracy: 0.9164 - precision: 0.9020 - recall: 0.9314
235/349 [===================>..........] - ETA: 6s - loss: 0.1930 - accuracy: 0.9162 - precision: 0.9018 - recall: 0.9320
236/349 [===================>..........] - ETA: 6s - loss: 0.1923 - accuracy: 0.9165 - precision: 0.9022 - recall: 0.9323
237/349 [===================>..........] - ETA: 6s - loss: 0.1921 - accuracy: 0.9164 - precision: 0.9017 - recall: 0.9325
238/349 [===================>..........] - ETA: 6s - loss: 0.1934 - accuracy: 0.9157 - precision: 0.9003 - recall: 0.9329
239/349 [===================>..........] - ETA: 6s - loss: 0.1933 - accuracy: 0.9155 - precision: 0.9009 - recall: 0.9323
240/349 [===================>..........] - ETA: 6s - loss: 0.1948 - accuracy: 0.9148 - precision: 0.8995 - recall: 0.9326
241/349 [===================>..........] - ETA: 6s - loss: 0.1953 - accuracy: 0.9146 - precision: 0.8989 - recall: 0.9328
242/349 [===================>..........] - ETA: 6s - loss: 0.1954 - accuracy: 0.9145 - precision: 0.8991 - recall: 0.9320
243/349 [===================>..........] - ETA: 6s - loss: 0.1953 - accuracy: 0.9143 - precision: 0.8996 - recall: 0.9314
244/349 [===================>..........] - ETA: 6s - loss: 0.1949 - accuracy: 0.9147 - precision: 0.8999 - recall: 0.9316
245/349 [====================>.........] - ETA: 6s - loss: 0.1954 - accuracy: 0.9140 - precision: 0.9003 - recall: 0.9300
246/349 [====================>.........] - ETA: 6s - loss: 0.1958 - accuracy: 0.9138 - precision: 0.9007 - recall: 0.9293
247/349 [====================>.........] - ETA: 6s - loss: 0.1952 - accuracy: 0.9142 - precision: 0.9012 - recall: 0.9297
248/349 [====================>.........] - ETA: 6s - loss: 0.1951 - accuracy: 0.9145 - precision: 0.9014 - recall: 0.9298
250/349 [====================>.........] - ETA: 6s - loss: 0.1952 - accuracy: 0.9147 - precision: 0.9018 - recall: 0.9291
251/349 [====================>.........] - ETA: 6s - loss: 0.1967 - accuracy: 0.9140 - precision: 0.9020 - recall: 0.9274
252/349 [====================>.........] - ETA: 5s - loss: 0.1968 - accuracy: 0.9139 - precision: 0.9024 - recall: 0.9269
253/349 [====================>.........] - ETA: 5s - loss: 0.1970 - accuracy: 0.9132 - precision: 0.9027 - recall: 0.9252
254/349 [====================>.........] - ETA: 5s - loss: 0.1966 - accuracy: 0.9136 - precision: 0.9033 - recall: 0.9257
255/349 [====================>.........] - ETA: 5s - loss: 0.1959 - accuracy: 0.9139 - precision: 0.9038 - recall: 0.9260
256/349 [=====================>........] - ETA: 5s - loss: 0.1952 - accuracy: 0.9143 - precision: 0.9040 - recall: 0.9263
257/349 [=====================>........] - ETA: 5s - loss: 0.1945 - accuracy: 0.9146 - precision: 0.9044 - recall: 0.9265
258/349 [=====================>........] - ETA: 5s - loss: 0.1948 - accuracy: 0.9144 - precision: 0.9038 - recall: 0.9268
259/349 [=====================>........] - ETA: 5s - loss: 0.1960 - accuracy: 0.9138 - precision: 0.9025 - recall: 0.9270
260/349 [=====================>........] - ETA: 5s - loss: 0.1954 - accuracy: 0.9141 - precision: 0.9028 - recall: 0.9273
261/349 [=====================>........] - ETA: 5s - loss: 0.1954 - accuracy: 0.9140 - precision: 0.9022 - recall: 0.9275
262/349 [=====================>........] - ETA: 5s - loss: 0.1956 - accuracy: 0.9143 - precision: 0.9026 - recall: 0.9278
263/349 [=====================>........] - ETA: 5s - loss: 0.1952 - accuracy: 0.9146 - precision: 0.9032 - recall: 0.9282
264/349 [=====================>........] - ETA: 5s - loss: 0.1951 - accuracy: 0.9150 - precision: 0.9038 - recall: 0.9287
265/349 [=====================>........] - ETA: 5s - loss: 0.1954 - accuracy: 0.9148 - precision: 0.9032 - recall: 0.9289
266/349 [=====================>........] - ETA: 5s - loss: 0.1957 - accuracy: 0.9147 - precision: 0.9029 - recall: 0.9293
267/349 [=====================>........] - ETA: 5s - loss: 0.1951 - accuracy: 0.9150 - precision: 0.9030 - recall: 0.9294
268/349 [======================>.......] - ETA: 4s - loss: 0.1953 - accuracy: 0.9148 - precision: 0.9034 - recall: 0.9288
269/349 [======================>.......] - ETA: 4s - loss: 0.1970 - accuracy: 0.9142 - precision: 0.9020 - recall: 0.9290
270/349 [======================>.......] - ETA: 4s - loss: 0.1973 - accuracy: 0.9136 - precision: 0.9006 - recall: 0.9292
271/349 [======================>.......] - ETA: 4s - loss: 0.1968 - accuracy: 0.9139 - precision: 0.9011 - recall: 0.9295
272/349 [======================>.......] - ETA: 4s - loss: 0.1963 - accuracy: 0.9142 - precision: 0.9015 - recall: 0.9298
273/349 [======================>.......] - ETA: 4s - loss: 0.1958 - accuracy: 0.9146 - precision: 0.9017 - recall: 0.9300
274/349 [======================>.......] - ETA: 4s - loss: 0.1957 - accuracy: 0.9149 - precision: 0.9021 - recall: 0.9303
275/349 [======================>.......] - ETA: 4s - loss: 0.1950 - accuracy: 0.9152 - precision: 0.9023 - recall: 0.9304
276/349 [======================>.......] - ETA: 4s - loss: 0.1947 - accuracy: 0.9155 - precision: 0.9028 - recall: 0.9308
277/349 [======================>.......] - ETA: 4s - loss: 0.1944 - accuracy: 0.9158 - precision: 0.9033 - recall: 0.9312
278/349 [======================>.......] - ETA: 4s - loss: 0.1945 - accuracy: 0.9157 - precision: 0.9036 - recall: 0.9305
279/349 [======================>.......] - ETA: 4s - loss: 0.1941 - accuracy: 0.9160 - precision: 0.9039 - recall: 0.9308
280/349 [=======================>......] - ETA: 4s - loss: 0.1943 - accuracy: 0.9154 - precision: 0.9026 - recall: 0.9309
281/349 [=======================>......] - ETA: 4s - loss: 0.1939 - accuracy: 0.9157 - precision: 0.9029 - recall: 0.9312
282/349 [=======================>......] - ETA: 4s - loss: 0.1951 - accuracy: 0.9155 - precision: 0.9032 - recall: 0.9305
283/349 [=======================>......] - ETA: 4s - loss: 0.1947 - accuracy: 0.9158 - precision: 0.9034 - recall: 0.9307
284/349 [=======================>......] - ETA: 4s - loss: 0.1942 - accuracy: 0.9161 - precision: 0.9038 - recall: 0.9310
285/349 [=======================>......] - ETA: 3s - loss: 0.1950 - accuracy: 0.9155 - precision: 0.9040 - recall: 0.9295
286/349 [=======================>......] - ETA: 3s - loss: 0.1957 - accuracy: 0.9154 - precision: 0.9044 - recall: 0.9289
287/349 [=======================>......] - ETA: 3s - loss: 0.1955 - accuracy: 0.9157 - precision: 0.9044 - recall: 0.9290
288/349 [=======================>......] - ETA: 3s - loss: 0.1956 - accuracy: 0.9155 - precision: 0.9046 - recall: 0.9283
289/349 [=======================>......] - ETA: 3s - loss: 0.1950 - accuracy: 0.9158 - precision: 0.9048 - recall: 0.9285
290/349 [=======================>......] - ETA: 3s - loss: 0.1943 - accuracy: 0.9161 - precision: 0.9053 - recall: 0.9289
291/349 [========================>.....] - ETA: 3s - loss: 0.1944 - accuracy: 0.9160 - precision: 0.9050 - recall: 0.9292
292/349 [========================>.....] - ETA: 3s - loss: 0.1939 - accuracy: 0.9163 - precision: 0.9054 - recall: 0.9296
293/349 [========================>.....] - ETA: 3s - loss: 0.1933 - accuracy: 0.9166 - precision: 0.9058 - recall: 0.9298
294/349 [========================>.....] - ETA: 3s - loss: 0.1933 - accuracy: 0.9168 - precision: 0.9061 - recall: 0.9300
295/349 [========================>.....] - ETA: 3s - loss: 0.1934 - accuracy: 0.9167 - precision: 0.9056 - recall: 0.9303
296/349 [========================>.....] - ETA: 3s - loss: 0.1930 - accuracy: 0.9170 - precision: 0.9061 - recall: 0.9306
297/349 [========================>.....] - ETA: 3s - loss: 0.1931 - accuracy: 0.9168 - precision: 0.9056 - recall: 0.9308
298/349 [========================>.....] - ETA: 3s - loss: 0.1942 - accuracy: 0.9163 - precision: 0.9044 - recall: 0.9310
299/349 [========================>.....] - ETA: 3s - loss: 0.1946 - accuracy: 0.9157 - precision: 0.9031 - recall: 0.9312
300/349 [========================>.....] - ETA: 3s - loss: 0.1952 - accuracy: 0.9156 - precision: 0.9026 - recall: 0.9313
301/349 [========================>.....] - ETA: 2s - loss: 0.1950 - accuracy: 0.9155 - precision: 0.9022 - recall: 0.9316
302/349 [========================>.....] - ETA: 2s - loss: 0.1948 - accuracy: 0.9157 - precision: 0.9025 - recall: 0.9318
303/349 [=========================>....] - ETA: 2s - loss: 0.1954 - accuracy: 0.9152 - precision: 0.9019 - recall: 0.9311
304/349 [=========================>....] - ETA: 2s - loss: 0.1948 - accuracy: 0.9155 - precision: 0.9021 - recall: 0.9312
305/349 [=========================>....] - ETA: 2s - loss: 0.1944 - accuracy: 0.9157 - precision: 0.9026 - recall: 0.9316
306/349 [=========================>....] - ETA: 2s - loss: 0.1940 - accuracy: 0.9160 - precision: 0.9029 - recall: 0.9318
307/349 [=========================>....] - ETA: 2s - loss: 0.1935 - accuracy: 0.9163 - precision: 0.9033 - recall: 0.9321
308/349 [=========================>....] - ETA: 2s - loss: 0.1935 - accuracy: 0.9162 - precision: 0.9028 - recall: 0.9323
309/349 [=========================>....] - ETA: 2s - loss: 0.1930 - accuracy: 0.9164 - precision: 0.9030 - recall: 0.9324
310/349 [=========================>....] - ETA: 2s - loss: 0.1925 - accuracy: 0.9167 - precision: 0.9034 - recall: 0.9327
311/349 [=========================>....] - ETA: 2s - loss: 0.1920 - accuracy: 0.9170 - precision: 0.9038 - recall: 0.9330
313/349 [=========================>....] - ETA: 2s - loss: 0.1917 - accuracy: 0.9171 - precision: 0.9043 - recall: 0.9326
315/349 [==========================>...] - ETA: 2s - loss: 0.1925 - accuracy: 0.9172 - precision: 0.9042 - recall: 0.9330
317/349 [==========================>...] - ETA: 1s - loss: 0.1920 - accuracy: 0.9178 - precision: 0.9048 - recall: 0.9334
318/349 [==========================>...] - ETA: 1s - loss: 0.1917 - accuracy: 0.9180 - precision: 0.9051 - recall: 0.9336
319/349 [==========================>...] - ETA: 1s - loss: 0.1916 - accuracy: 0.9179 - precision: 0.9045 - recall: 0.9338
320/349 [==========================>...] - ETA: 1s - loss: 0.1914 - accuracy: 0.9177 - precision: 0.9041 - recall: 0.9340
321/349 [==========================>...] - ETA: 1s - loss: 0.1911 - accuracy: 0.9180 - precision: 0.9045 - recall: 0.9343
322/349 [==========================>...] - ETA: 1s - loss: 0.1906 - accuracy: 0.9183 - precision: 0.9049 - recall: 0.9345
324/349 [==========================>...] - ETA: 1s - loss: 0.1905 - accuracy: 0.9184 - precision: 0.9049 - recall: 0.9350
325/349 [==========================>...] - ETA: 1s - loss: 0.1923 - accuracy: 0.9179 - precision: 0.9051 - recall: 0.9337
326/349 [===========================>..] - ETA: 1s - loss: 0.1923 - accuracy: 0.9177 - precision: 0.9054 - recall: 0.9332
327/349 [===========================>..] - ETA: 1s - loss: 0.1921 - accuracy: 0.9176 - precision: 0.9050 - recall: 0.9334
329/349 [===========================>..] - ETA: 1s - loss: 0.1943 - accuracy: 0.9158 - precision: 0.9036 - recall: 0.9317
330/349 [===========================>..] - ETA: 1s - loss: 0.1937 - accuracy: 0.9161 - precision: 0.9038 - recall: 0.9319
332/349 [===========================>..] - ETA: 1s - loss: 0.1931 - accuracy: 0.9162 - precision: 0.9044 - recall: 0.9316
333/349 [===========================>..] - ETA: 0s - loss: 0.1926 - accuracy: 0.9164 - precision: 0.9047 - recall: 0.9318
334/349 [===========================>..] - ETA: 0s - loss: 0.1931 - accuracy: 0.9163 - precision: 0.9043 - recall: 0.9320
336/349 [===========================>..] - ETA: 0s - loss: 0.1926 - accuracy: 0.9168 - precision: 0.9047 - recall: 0.9323
337/349 [===========================>..] - ETA: 0s - loss: 0.1923 - accuracy: 0.9171 - precision: 0.9049 - recall: 0.9324
338/349 [============================>.] - ETA: 0s - loss: 0.1920 - accuracy: 0.9173 - precision: 0.9053 - recall: 0.9327
339/349 [============================>.] - ETA: 0s - loss: 0.1927 - accuracy: 0.9168 - precision: 0.9044 - recall: 0.9330
340/349 [============================>.] - ETA: 0s - loss: 0.1928 - accuracy: 0.9171 - precision: 0.9045 - recall: 0.9331
341/349 [============================>.] - ETA: 0s - loss: 0.1927 - accuracy: 0.9169 - precision: 0.9040 - recall: 0.9332
342/349 [============================>.] - ETA: 0s - loss: 0.1923 - accuracy: 0.9172 - precision: 0.9041 - recall: 0.9333
343/349 [============================>.] - ETA: 0s - loss: 0.1921 - accuracy: 0.9174 - precision: 0.9043 - recall: 0.9334
344/349 [============================>.] - ETA: 0s - loss: 0.1917 - accuracy: 0.9177 - precision: 0.9045 - recall: 0.9336
345/349 [============================>.] - ETA: 0s - loss: 0.1923 - accuracy: 0.9175 - precision: 0.9047 - recall: 0.9330
346/349 [============================>.] - ETA: 0s - loss: 0.1923 - accuracy: 0.9174 - precision: 0.9042 - recall: 0.9331
347/349 [============================>.] - ETA: 0s - loss: 0.1920 - accuracy: 0.9177 - precision: 0.9045 - recall: 0.9333
348/349 [============================>.] - ETA: 0s - loss: 0.1928 - accuracy: 0.9175 - precision: 0.9040 - recall: 0.9334
349/349 [==============================] - ETA: 0s - loss: 0.1928 - accuracy: 0.9174 - precision: 0.9042 - recall: 0.9329
Epoch 6: saving model to C:\SIRCH_ENV\models\revision\exp13_grouped_retraining\gru_original_grouped\checkpoints\gru_original_grouped_epoch_006.weights.h5

Epoch 6: val_loss did not improve from 0.34125

349/349 [==============================] - 23s 65ms/step - loss: 0.1928 - accuracy: 0.9174 - precision: 0.9042 - recall: 0.9329 - val_loss: 0.4704 - val_accuracy: 0.8275 - val_precision: 0.9008 - val_recall: 0.7340 - lr: 1.0000e-04
Epoch 7/30

  1/349 [..............................] - ETA: 1:30 - loss: 0.2129 - accuracy: 1.0000 - precision: 1.0000 - recall: 1.0000
  2/349 [..............................] - ETA: 1:00 - loss: 0.2634 - accuracy: 0.9375 - precision: 1.0000 - recall: 0.9000
  3/349 [..............................] - ETA: 1:05 - loss: 0.1997 - accuracy: 0.9583 - precision: 1.0000 - recall: 0.9286
  4/349 [..............................] - ETA: 1:02 - loss: 0.1910 - accuracy: 0.9688 - precision: 1.0000 - recall: 0.9444
  5/349 [..............................] - ETA: 1:01 - loss: 0.2904 - accuracy: 0.9250 - precision: 1.0000 - recall: 0.8750
  6/349 [..............................] - ETA: 57s - loss: 0.2435 - accuracy: 0.9375 - precision: 1.0000 - recall: 0.8889 
  7/349 [..............................] - ETA: 56s - loss: 0.2381 - accuracy: 0.9286 - precision: 0.9643 - recall: 0.9000
  8/349 [..............................] - ETA: 55s - loss: 0.2259 - accuracy: 0.9375 - precision: 0.9688 - recall: 0.9118
  9/349 [..............................] - ETA: 55s - loss: 0.2217 - accuracy: 0.9306 - precision: 0.9429 - recall: 0.9167
 10/349 [..............................] - ETA: 55s - loss: 0.2158 - accuracy: 0.9375 - precision: 0.9487 - recall: 0.9250
 11/349 [..............................] - ETA: 54s - loss: 0.2014 - accuracy: 0.9432 - precision: 0.9524 - recall: 0.9302
 12/349 [>.............................] - ETA: 52s - loss: 0.2035 - accuracy: 0.9375 - precision: 0.9556 - recall: 0.9149
 14/349 [>.............................] - ETA: 47s - loss: 0.1814 - accuracy: 0.9464 - precision: 0.9623 - recall: 0.9273
 15/349 [>.............................] - ETA: 44s - loss: 0.1805 - accuracy: 0.9417 - precision: 0.9643 - recall: 0.9153
 16/349 [>.............................] - ETA: 43s - loss: 0.2019 - accuracy: 0.9219 - precision: 0.9167 - recall: 0.9167
 17/349 [>.............................] - ETA: 41s - loss: 0.2160 - accuracy: 0.9191 - precision: 0.9077 - recall: 0.9219
 18/349 [>.............................] - ETA: 40s - loss: 0.2106 - accuracy: 0.9236 - precision: 0.9118 - recall: 0.9254
 19/349 [>.............................] - ETA: 39s - loss: 0.2016 - accuracy: 0.9276 - precision: 0.9178 - recall: 0.9306
 20/349 [>.............................] - ETA: 37s - loss: 0.1963 - accuracy: 0.9312 - precision: 0.9221 - recall: 0.9342
 21/349 [>.............................] - ETA: 36s - loss: 0.1892 - accuracy: 0.9345 - precision: 0.9268 - recall: 0.9383
 23/349 [>.............................] - ETA: 34s - loss: 0.1932 - accuracy: 0.9239 - precision: 0.9111 - recall: 0.9318
 25/349 [=>............................] - ETA: 33s - loss: 0.1927 - accuracy: 0.9200 - precision: 0.9184 - recall: 0.9184
 26/349 [=>............................] - ETA: 32s - loss: 0.1984 - accuracy: 0.9183 - precision: 0.9200 - recall: 0.9109
 27/349 [=>............................] - ETA: 31s - loss: 0.1928 - accuracy: 0.9213 - precision: 0.9231 - recall: 0.9143
 29/349 [=>............................] - ETA: 30s - loss: 0.1843 - accuracy: 0.9267 - precision: 0.9279 - recall: 0.9196
 30/349 [=>............................] - ETA: 30s - loss: 0.1872 - accuracy: 0.9208 - precision: 0.9153 - recall: 0.9231
 32/349 [=>............................] - ETA: 29s - loss: 0.1791 - accuracy: 0.9258 - precision: 0.9206 - recall: 0.9280
 33/349 [=>............................] - ETA: 28s - loss: 0.1817 - accuracy: 0.9242 - precision: 0.9160 - recall: 0.9302
 34/349 [=>............................] - ETA: 28s - loss: 0.1882 - accuracy: 0.9191 - precision: 0.9051 - recall: 0.9323
 36/349 [==>...........................] - ETA: 27s - loss: 0.1806 - accuracy: 0.9236 - precision: 0.9110 - recall: 0.9366
 37/349 [==>...........................] - ETA: 27s - loss: 0.1793 - accuracy: 0.9257 - precision: 0.9122 - recall: 0.9375
 38/349 [==>...........................] - ETA: 27s - loss: 0.1763 - accuracy: 0.9276 - precision: 0.9133 - recall: 0.9384
 39/349 [==>...........................] - ETA: 26s - loss: 0.1817 - accuracy: 0.9263 - precision: 0.9085 - recall: 0.9392
 40/349 [==>...........................] - ETA: 26s - loss: 0.1795 - accuracy: 0.9281 - precision: 0.9091 - recall: 0.9396
 41/349 [==>...........................] - ETA: 26s - loss: 0.1776 - accuracy: 0.9299 - precision: 0.9119 - recall: 0.9416
 42/349 [==>...........................] - ETA: 25s - loss: 0.1800 - accuracy: 0.9286 - precision: 0.9102 - recall: 0.9441
 43/349 [==>...........................] - ETA: 25s - loss: 0.1775 - accuracy: 0.9302 - precision: 0.9123 - recall: 0.9455
 44/349 [==>...........................] - ETA: 25s - loss: 0.1775 - accuracy: 0.9290 - precision: 0.9133 - recall: 0.9405
 45/349 [==>...........................] - ETA: 25s - loss: 0.1742 - accuracy: 0.9306 - precision: 0.9148 - recall: 0.9415
 46/349 [==>...........................] - ETA: 24s - loss: 0.1736 - accuracy: 0.9321 - precision: 0.9171 - recall: 0.9432
 47/349 [===>..........................] - ETA: 24s - loss: 0.1727 - accuracy: 0.9335 - precision: 0.9194 - recall: 0.9448
 48/349 [===>..........................] - ETA: 24s - loss: 0.1722 - accuracy: 0.9323 - precision: 0.9206 - recall: 0.9405
 49/349 [===>..........................] - ETA: 24s - loss: 0.1724 - accuracy: 0.9337 - precision: 0.9215 - recall: 0.9412
 50/349 [===>..........................] - ETA: 23s - loss: 0.1707 - accuracy: 0.9350 - precision: 0.9231 - recall: 0.9424
 51/349 [===>..........................] - ETA: 23s - loss: 0.1692 - accuracy: 0.9363 - precision: 0.9246 - recall: 0.9436
 52/349 [===>..........................] - ETA: 23s - loss: 0.1687 - accuracy: 0.9375 - precision: 0.9265 - recall: 0.9450
 53/349 [===>..........................] - ETA: 23s - loss: 0.1673 - accuracy: 0.9387 - precision: 0.9289 - recall: 0.9469
 54/349 [===>..........................] - ETA: 23s - loss: 0.1648 - accuracy: 0.9398 - precision: 0.9296 - recall: 0.9474
 55/349 [===>..........................] - ETA: 22s - loss: 0.1642 - accuracy: 0.9409 - precision: 0.9306 - recall: 0.9481
 56/349 [===>..........................] - ETA: 23s - loss: 0.1634 - accuracy: 0.9420 - precision: 0.9324 - recall: 0.9495
 57/349 [===>..........................] - ETA: 22s - loss: 0.1608 - accuracy: 0.9430 - precision: 0.9336 - recall: 0.9505
 58/349 [===>..........................] - ETA: 22s - loss: 0.1655 - accuracy: 0.9418 - precision: 0.9348 - recall: 0.9471
 59/349 [====>.........................] - ETA: 22s - loss: 0.1647 - accuracy: 0.9407 - precision: 0.9322 - recall: 0.9483
 60/349 [====>.........................] - ETA: 22s - loss: 0.1656 - accuracy: 0.9375 - precision: 0.9333 - recall: 0.9412
 61/349 [====>.........................] - ETA: 22s - loss: 0.1653 - accuracy: 0.9385 - precision: 0.9347 - recall: 0.9424
 62/349 [====>.........................] - ETA: 22s - loss: 0.1645 - accuracy: 0.9395 - precision: 0.9363 - recall: 0.9438
 63/349 [====>.........................] - ETA: 21s - loss: 0.1648 - accuracy: 0.9385 - precision: 0.9336 - recall: 0.9447
 64/349 [====>.........................] - ETA: 21s - loss: 0.1714 - accuracy: 0.9355 - precision: 0.9272 - recall: 0.9453
 65/349 [====>.........................] - ETA: 21s - loss: 0.1709 - accuracy: 0.9365 - precision: 0.9283 - recall: 0.9462
 66/349 [====>.........................] - ETA: 21s - loss: 0.1736 - accuracy: 0.9337 - precision: 0.9262 - recall: 0.9436
 67/349 [====>.........................] - ETA: 21s - loss: 0.1715 - accuracy: 0.9347 - precision: 0.9275 - recall: 0.9446
 68/349 [====>.........................] - ETA: 21s - loss: 0.1780 - accuracy: 0.9320 - precision: 0.9220 - recall: 0.9455
 69/349 [====>.........................] - ETA: 21s - loss: 0.1756 - accuracy: 0.9330 - precision: 0.9233 - recall: 0.9464
 70/349 [=====>........................] - ETA: 21s - loss: 0.1747 - accuracy: 0.9339 - precision: 0.9236 - recall: 0.9466
 71/349 [=====>........................] - ETA: 21s - loss: 0.1727 - accuracy: 0.9349 - precision: 0.9244 - recall: 0.9472
 72/349 [=====>........................] - ETA: 20s - loss: 0.1743 - accuracy: 0.9323 - precision: 0.9195 - recall: 0.9481
 73/349 [=====>........................] - ETA: 20s - loss: 0.1724 - accuracy: 0.9332 - precision: 0.9205 - recall: 0.9488
 74/349 [=====>........................] - ETA: 20s - loss: 0.1732 - accuracy: 0.9324 - precision: 0.9180 - recall: 0.9492
 75/349 [=====>........................] - ETA: 20s - loss: 0.1721 - accuracy: 0.9333 - precision: 0.9191 - recall: 0.9498
 76/349 [=====>........................] - ETA: 20s - loss: 0.1709 - accuracy: 0.9342 - precision: 0.9204 - recall: 0.9507
 77/349 [=====>........................] - ETA: 20s - loss: 0.1695 - accuracy: 0.9351 - precision: 0.9216 - recall: 0.9515
 78/349 [=====>........................] - ETA: 20s - loss: 0.1702 - accuracy: 0.9343 - precision: 0.9224 - recall: 0.9489
 79/349 [=====>........................] - ETA: 20s - loss: 0.1707 - accuracy: 0.9335 - precision: 0.9231 - recall: 0.9464
 80/349 [=====>........................] - ETA: 19s - loss: 0.1698 - accuracy: 0.9344 - precision: 0.9242 - recall: 0.9472
 81/349 [=====>........................] - ETA: 19s - loss: 0.1693 - accuracy: 0.9352 - precision: 0.9251 - recall: 0.9479
 82/349 [======>.......................] - ETA: 19s - loss: 0.1683 - accuracy: 0.9360 - precision: 0.9263 - recall: 0.9486
 83/349 [======>.......................] - ETA: 19s - loss: 0.1672 - accuracy: 0.9367 - precision: 0.9267 - recall: 0.9489
 84/349 [======>.......................] - ETA: 19s - loss: 0.1659 - accuracy: 0.9375 - precision: 0.9269 - recall: 0.9491
 85/349 [======>.......................] - ETA: 19s - loss: 0.1646 - accuracy: 0.9382 - precision: 0.9282 - recall: 0.9500
 86/349 [======>.......................] - ETA: 19s - loss: 0.1648 - accuracy: 0.9390 - precision: 0.9292 - recall: 0.9507
 87/349 [======>.......................] - ETA: 19s - loss: 0.1635 - accuracy: 0.9397 - precision: 0.9302 - recall: 0.9514
 88/349 [======>.......................] - ETA: 19s - loss: 0.1622 - accuracy: 0.9403 - precision: 0.9307 - recall: 0.9518
 89/349 [======>.......................] - ETA: 18s - loss: 0.1620 - accuracy: 0.9410 - precision: 0.9309 - recall: 0.9520
 90/349 [======>.......................] - ETA: 18s - loss: 0.1619 - accuracy: 0.9403 - precision: 0.9313 - recall: 0.9496
 91/349 [======>.......................] - ETA: 18s - loss: 0.1604 - accuracy: 0.9409 - precision: 0.9321 - recall: 0.9501
 92/349 [======>.......................] - ETA: 18s - loss: 0.1627 - accuracy: 0.9389 - precision: 0.9301 - recall: 0.9479
 93/349 [======>.......................] - ETA: 18s - loss: 0.1622 - accuracy: 0.9382 - precision: 0.9310 - recall: 0.9461
 94/349 [=======>......................] - ETA: 18s - loss: 0.1612 - accuracy: 0.9388 - precision: 0.9316 - recall: 0.9465
 95/349 [=======>......................] - ETA: 18s - loss: 0.1598 - accuracy: 0.9395 - precision: 0.9325 - recall: 0.9472
 96/349 [=======>......................] - ETA: 18s - loss: 0.1612 - accuracy: 0.9375 - precision: 0.9306 - recall: 0.9452
 97/349 [=======>......................] - ETA: 18s - loss: 0.1597 - accuracy: 0.9381 - precision: 0.9313 - recall: 0.9457
 98/349 [=======>......................] - ETA: 18s - loss: 0.1602 - accuracy: 0.9362 - precision: 0.9271 - recall: 0.9462
 99/349 [=======>......................] - ETA: 18s - loss: 0.1589 - accuracy: 0.9369 - precision: 0.9279 - recall: 0.9467
100/349 [=======>......................] - ETA: 18s - loss: 0.1574 - accuracy: 0.9375 - precision: 0.9287 - recall: 0.9474
101/349 [=======>......................] - ETA: 17s - loss: 0.1565 - accuracy: 0.9381 - precision: 0.9289 - recall: 0.9475
102/349 [=======>......................] - ETA: 17s - loss: 0.1562 - accuracy: 0.9387 - precision: 0.9293 - recall: 0.9478
103/349 [=======>......................] - ETA: 17s - loss: 0.1571 - accuracy: 0.9381 - precision: 0.9275 - recall: 0.9481
104/349 [=======>......................] - ETA: 17s - loss: 0.1597 - accuracy: 0.9363 - precision: 0.9255 - recall: 0.9459
105/349 [========>.....................] - ETA: 17s - loss: 0.1594 - accuracy: 0.9369 - precision: 0.9265 - recall: 0.9467
106/349 [========>.....................] - ETA: 17s - loss: 0.1594 - accuracy: 0.9375 - precision: 0.9272 - recall: 0.9472
107/349 [========>.....................] - ETA: 17s - loss: 0.1583 - accuracy: 0.9381 - precision: 0.9277 - recall: 0.9476
108/349 [========>.....................] - ETA: 17s - loss: 0.1576 - accuracy: 0.9387 - precision: 0.9286 - recall: 0.9482
109/349 [========>.....................] - ETA: 17s - loss: 0.1575 - accuracy: 0.9381 - precision: 0.9273 - recall: 0.9488
110/349 [========>.....................] - ETA: 17s - loss: 0.1573 - accuracy: 0.9386 - precision: 0.9279 - recall: 0.9493
111/349 [========>.....................] - ETA: 17s - loss: 0.1564 - accuracy: 0.9392 - precision: 0.9287 - recall: 0.9499
112/349 [========>.....................] - ETA: 16s - loss: 0.1555 - accuracy: 0.9397 - precision: 0.9290 - recall: 0.9501
114/349 [========>.....................] - ETA: 16s - loss: 0.1551 - accuracy: 0.9397 - precision: 0.9303 - recall: 0.9489
115/349 [========>.....................] - ETA: 16s - loss: 0.1541 - accuracy: 0.9402 - precision: 0.9309 - recall: 0.9493
116/349 [========>.....................] - ETA: 16s - loss: 0.1547 - accuracy: 0.9397 - precision: 0.9315 - recall: 0.9477
117/349 [=========>....................] - ETA: 16s - loss: 0.1548 - accuracy: 0.9391 - precision: 0.9318 - recall: 0.9459
118/349 [=========>....................] - ETA: 16s - loss: 0.1559 - accuracy: 0.9386 - precision: 0.9304 - recall: 0.9464
119/349 [=========>....................] - ETA: 16s - loss: 0.1554 - accuracy: 0.9380 - precision: 0.9311 - recall: 0.9449
120/349 [=========>....................] - ETA: 16s - loss: 0.1553 - accuracy: 0.9385 - precision: 0.9318 - recall: 0.9455
122/349 [=========>....................] - ETA: 15s - loss: 0.1556 - accuracy: 0.9385 - precision: 0.9332 - recall: 0.9447
123/349 [=========>....................] - ETA: 15s - loss: 0.1581 - accuracy: 0.9370 - precision: 0.9297 - recall: 0.9449
124/349 [=========>....................] - ETA: 15s - loss: 0.1596 - accuracy: 0.9365 - precision: 0.9281 - recall: 0.9451
125/349 [=========>....................] - ETA: 15s - loss: 0.1588 - accuracy: 0.9370 - precision: 0.9287 - recall: 0.9456
126/349 [=========>....................] - ETA: 15s - loss: 0.1579 - accuracy: 0.9375 - precision: 0.9290 - recall: 0.9458
127/349 [=========>....................] - ETA: 15s - loss: 0.1572 - accuracy: 0.9380 - precision: 0.9294 - recall: 0.9461
128/349 [==========>...................] - ETA: 15s - loss: 0.1579 - accuracy: 0.9375 - precision: 0.9300 - recall: 0.9447
129/349 [==========>...................] - ETA: 15s - loss: 0.1577 - accuracy: 0.9380 - precision: 0.9309 - recall: 0.9454
130/349 [==========>...................] - ETA: 15s - loss: 0.1593 - accuracy: 0.9365 - precision: 0.9313 - recall: 0.9421
131/349 [==========>...................] - ETA: 15s - loss: 0.1617 - accuracy: 0.9351 - precision: 0.9280 - recall: 0.9423
132/349 [==========>...................] - ETA: 15s - loss: 0.1627 - accuracy: 0.9337 - precision: 0.9266 - recall: 0.9407
133/349 [==========>...................] - ETA: 15s - loss: 0.1624 - accuracy: 0.9333 - precision: 0.9252 - recall: 0.9411
134/349 [==========>...................] - ETA: 14s - loss: 0.1612 - accuracy: 0.9338 - precision: 0.9255 - recall: 0.9413
135/349 [==========>...................] - ETA: 14s - loss: 0.1610 - accuracy: 0.9343 - precision: 0.9265 - recall: 0.9421
136/349 [==========>...................] - ETA: 14s - loss: 0.1607 - accuracy: 0.9347 - precision: 0.9267 - recall: 0.9423
137/349 [==========>...................] - ETA: 14s - loss: 0.1608 - accuracy: 0.9352 - precision: 0.9274 - recall: 0.9428
138/349 [==========>...................] - ETA: 14s - loss: 0.1597 - accuracy: 0.9357 - precision: 0.9279 - recall: 0.9432
139/349 [==========>...................] - ETA: 14s - loss: 0.1587 - accuracy: 0.9362 - precision: 0.9287 - recall: 0.9438
140/349 [===========>..................] - ETA: 14s - loss: 0.1583 - accuracy: 0.9366 - precision: 0.9292 - recall: 0.9442
141/349 [===========>..................] - ETA: 14s - loss: 0.1580 - accuracy: 0.9371 - precision: 0.9297 - recall: 0.9446
142/349 [===========>..................] - ETA: 14s - loss: 0.1570 - accuracy: 0.9375 - precision: 0.9303 - recall: 0.9451
143/349 [===========>..................] - ETA: 14s - loss: 0.1560 - accuracy: 0.9379 - precision: 0.9306 - recall: 0.9453
144/349 [===========>..................] - ETA: 14s - loss: 0.1551 - accuracy: 0.9384 - precision: 0.9309 - recall: 0.9456
145/349 [===========>..................] - ETA: 14s - loss: 0.1559 - accuracy: 0.9379 - precision: 0.9298 - recall: 0.9460
146/349 [===========>..................] - ETA: 14s - loss: 0.1557 - accuracy: 0.9384 - precision: 0.9304 - recall: 0.9465
147/349 [===========>..................] - ETA: 13s - loss: 0.1557 - accuracy: 0.9379 - precision: 0.9292 - recall: 0.9467
148/349 [===========>..................] - ETA: 13s - loss: 0.1551 - accuracy: 0.9383 - precision: 0.9298 - recall: 0.9472
149/349 [===========>..................] - ETA: 13s - loss: 0.1558 - accuracy: 0.9379 - precision: 0.9287 - recall: 0.9475
150/349 [===========>..................] - ETA: 13s - loss: 0.1549 - accuracy: 0.9383 - precision: 0.9290 - recall: 0.9478
151/349 [===========>..................] - ETA: 13s - loss: 0.1544 - accuracy: 0.9387 - precision: 0.9293 - recall: 0.9480
152/349 [============>.................] - ETA: 13s - loss: 0.1548 - accuracy: 0.9383 - precision: 0.9282 - recall: 0.9483
153/349 [============>.................] - ETA: 13s - loss: 0.1544 - accuracy: 0.9387 - precision: 0.9289 - recall: 0.9488
154/349 [============>.................] - ETA: 13s - loss: 0.1538 - accuracy: 0.9391 - precision: 0.9297 - recall: 0.9494
155/349 [============>.................] - ETA: 13s - loss: 0.1539 - accuracy: 0.9387 - precision: 0.9299 - recall: 0.9481
156/349 [============>.................] - ETA: 13s - loss: 0.1532 - accuracy: 0.9391 - precision: 0.9304 - recall: 0.9484
157/349 [============>.................] - ETA: 13s - loss: 0.1546 - accuracy: 0.9379 - precision: 0.9292 - recall: 0.9471
158/349 [============>.................] - ETA: 13s - loss: 0.1541 - accuracy: 0.9383 - precision: 0.9295 - recall: 0.9473
159/349 [============>.................] - ETA: 13s - loss: 0.1537 - accuracy: 0.9387 - precision: 0.9300 - recall: 0.9477
160/349 [============>.................] - ETA: 12s - loss: 0.1534 - accuracy: 0.9391 - precision: 0.9306 - recall: 0.9481
161/349 [============>.................] - ETA: 12s - loss: 0.1535 - accuracy: 0.9387 - precision: 0.9310 - recall: 0.9470
162/349 [============>.................] - ETA: 12s - loss: 0.1528 - accuracy: 0.9390 - precision: 0.9312 - recall: 0.9471
163/349 [=============>................] - ETA: 12s - loss: 0.1567 - accuracy: 0.9387 - precision: 0.9316 - recall: 0.9460
164/349 [=============>................] - ETA: 12s - loss: 0.1577 - accuracy: 0.9383 - precision: 0.9322 - recall: 0.9450
165/349 [=============>................] - ETA: 12s - loss: 0.1571 - accuracy: 0.9386 - precision: 0.9326 - recall: 0.9454
166/349 [=============>................] - ETA: 12s - loss: 0.1565 - accuracy: 0.9390 - precision: 0.9330 - recall: 0.9457
167/349 [=============>................] - ETA: 12s - loss: 0.1564 - accuracy: 0.9386 - precision: 0.9320 - recall: 0.9459
168/349 [=============>................] - ETA: 12s - loss: 0.1560 - accuracy: 0.9390 - precision: 0.9327 - recall: 0.9465
169/349 [=============>................] - ETA: 12s - loss: 0.1566 - accuracy: 0.9386 - precision: 0.9315 - recall: 0.9467
171/349 [=============>................] - ETA: 12s - loss: 0.1578 - accuracy: 0.9379 - precision: 0.9295 - recall: 0.9472
172/349 [=============>................] - ETA: 12s - loss: 0.1577 - accuracy: 0.9375 - precision: 0.9286 - recall: 0.9475
173/349 [=============>................] - ETA: 11s - loss: 0.1584 - accuracy: 0.9371 - precision: 0.9277 - recall: 0.9478
174/349 [=============>................] - ETA: 11s - loss: 0.1638 - accuracy: 0.9353 - precision: 0.9242 - recall: 0.9481
175/349 [==============>...............] - ETA: 11s - loss: 0.1632 - accuracy: 0.9357 - precision: 0.9247 - recall: 0.9485
176/349 [==============>...............] - ETA: 11s - loss: 0.1632 - accuracy: 0.9354 - precision: 0.9239 - recall: 0.9489
177/349 [==============>...............] - ETA: 11s - loss: 0.1625 - accuracy: 0.9357 - precision: 0.9242 - recall: 0.9491
178/349 [==============>...............] - ETA: 11s - loss: 0.1638 - accuracy: 0.9354 - precision: 0.9246 - recall: 0.9480
179/349 [==============>...............] - ETA: 11s - loss: 0.1671 - accuracy: 0.9351 - precision: 0.9251 - recall: 0.9470
180/349 [==============>...............] - ETA: 11s - loss: 0.1697 - accuracy: 0.9333 - precision: 0.9253 - recall: 0.9432
181/349 [==============>...............] - ETA: 11s - loss: 0.1712 - accuracy: 0.9330 - precision: 0.9254 - recall: 0.9420
182/349 [==============>...............] - ETA: 11s - loss: 0.1720 - accuracy: 0.9327 - precision: 0.9258 - recall: 0.9410
183/349 [==============>...............] - ETA: 11s - loss: 0.1720 - accuracy: 0.9324 - precision: 0.9261 - recall: 0.9400
184/349 [==============>...............] - ETA: 11s - loss: 0.1713 - accuracy: 0.9327 - precision: 0.9267 - recall: 0.9405
185/349 [==============>...............] - ETA: 11s - loss: 0.1727 - accuracy: 0.9318 - precision: 0.9246 - recall: 0.9408
186/349 [==============>...............] - ETA: 11s - loss: 0.1724 - accuracy: 0.9315 - precision: 0.9238 - recall: 0.9411
187/349 [===============>..............] - ETA: 10s - loss: 0.1715 - accuracy: 0.9318 - precision: 0.9243 - recall: 0.9415
189/349 [===============>..............] - ETA: 10s - loss: 0.1715 - accuracy: 0.9319 - precision: 0.9241 - recall: 0.9423
190/349 [===============>..............] - ETA: 10s - loss: 0.1712 - accuracy: 0.9316 - precision: 0.9236 - recall: 0.9428
192/349 [===============>..............] - ETA: 10s - loss: 0.1699 - accuracy: 0.9323 - precision: 0.9247 - recall: 0.9437
193/349 [===============>..............] - ETA: 10s - loss: 0.1691 - accuracy: 0.9326 - precision: 0.9252 - recall: 0.9440
194/349 [===============>..............] - ETA: 10s - loss: 0.1693 - accuracy: 0.9323 - precision: 0.9242 - recall: 0.9442
195/349 [===============>..............] - ETA: 10s - loss: 0.1721 - accuracy: 0.9314 - precision: 0.9222 - recall: 0.9444
196/349 [===============>..............] - ETA: 10s - loss: 0.1726 - accuracy: 0.9311 - precision: 0.9214 - recall: 0.9446
197/349 [===============>..............] - ETA: 10s - loss: 0.1733 - accuracy: 0.9308 - precision: 0.9205 - recall: 0.9448
199/349 [================>.............] - ETA: 10s - loss: 0.1739 - accuracy: 0.9303 - precision: 0.9191 - recall: 0.9453
200/349 [================>.............] - ETA: 9s - loss: 0.1734 - accuracy: 0.9306 - precision: 0.9192 - recall: 0.9454 
201/349 [================>.............] - ETA: 9s - loss: 0.1762 - accuracy: 0.9297 - precision: 0.9172 - recall: 0.9455
202/349 [================>.............] - ETA: 9s - loss: 0.1762 - accuracy: 0.9301 - precision: 0.9177 - recall: 0.9459
203/349 [================>.............] - ETA: 9s - loss: 0.1761 - accuracy: 0.9304 - precision: 0.9180 - recall: 0.9461
204/349 [================>.............] - ETA: 9s - loss: 0.1755 - accuracy: 0.9308 - precision: 0.9183 - recall: 0.9463
205/349 [================>.............] - ETA: 9s - loss: 0.1751 - accuracy: 0.9311 - precision: 0.9185 - recall: 0.9465
206/349 [================>.............] - ETA: 9s - loss: 0.1752 - accuracy: 0.9308 - precision: 0.9189 - recall: 0.9456
207/349 [================>.............] - ETA: 9s - loss: 0.1761 - accuracy: 0.9300 - precision: 0.9179 - recall: 0.9445
208/349 [================>.............] - ETA: 9s - loss: 0.1765 - accuracy: 0.9297 - precision: 0.9172 - recall: 0.9448
209/349 [================>.............] - ETA: 9s - loss: 0.1762 - accuracy: 0.9294 - precision: 0.9174 - recall: 0.9438
210/349 [=================>............] - ETA: 9s - loss: 0.1759 - accuracy: 0.9298 - precision: 0.9179 - recall: 0.9441
211/349 [=================>............] - ETA: 9s - loss: 0.1757 - accuracy: 0.9301 - precision: 0.9182 - recall: 0.9443
212/349 [=================>............] - ETA: 9s - loss: 0.1753 - accuracy: 0.9304 - precision: 0.9186 - recall: 0.9446
213/349 [=================>............] - ETA: 9s - loss: 0.1751 - accuracy: 0.9308 - precision: 0.9189 - recall: 0.9448
214/349 [=================>............] - ETA: 9s - loss: 0.1761 - accuracy: 0.9305 - precision: 0.9192 - recall: 0.9439
215/349 [=================>............] - ETA: 9s - loss: 0.1757 - accuracy: 0.9308 - precision: 0.9199 - recall: 0.9444
216/349 [=================>............] - ETA: 9s - loss: 0.1752 - accuracy: 0.9311 - precision: 0.9202 - recall: 0.9446
217/349 [=================>............] - ETA: 9s - loss: 0.1756 - accuracy: 0.9309 - precision: 0.9204 - recall: 0.9437
218/349 [=================>............] - ETA: 9s - loss: 0.1758 - accuracy: 0.9300 - precision: 0.9207 - recall: 0.9417
219/349 [=================>............] - ETA: 8s - loss: 0.1759 - accuracy: 0.9304 - precision: 0.9211 - recall: 0.9420
220/349 [=================>............] - ETA: 8s - loss: 0.1768 - accuracy: 0.9301 - precision: 0.9204 - recall: 0.9423
221/349 [=================>............] - ETA: 8s - loss: 0.1761 - accuracy: 0.9304 - precision: 0.9209 - recall: 0.9426
222/349 [==================>...........] - ETA: 8s - loss: 0.1766 - accuracy: 0.9302 - precision: 0.9201 - recall: 0.9428
223/349 [==================>...........] - ETA: 8s - loss: 0.1762 - accuracy: 0.9305 - precision: 0.9207 - recall: 0.9433
224/349 [==================>...........] - ETA: 8s - loss: 0.1774 - accuracy: 0.9297 - precision: 0.9191 - recall: 0.9435
225/349 [==================>...........] - ETA: 8s - loss: 0.1776 - accuracy: 0.9294 - precision: 0.9185 - recall: 0.9438
226/349 [==================>...........] - ETA: 8s - loss: 0.1769 - accuracy: 0.9298 - precision: 0.9188 - recall: 0.9440
227/349 [==================>...........] - ETA: 8s - loss: 0.1762 - accuracy: 0.9301 - precision: 0.9190 - recall: 0.9441
228/349 [==================>...........] - ETA: 8s - loss: 0.1763 - accuracy: 0.9298 - precision: 0.9192 - recall: 0.9433
229/349 [==================>...........] - ETA: 8s - loss: 0.1773 - accuracy: 0.9290 - precision: 0.9176 - recall: 0.9435
230/349 [==================>...........] - ETA: 8s - loss: 0.1767 - accuracy: 0.9293 - precision: 0.9178 - recall: 0.9437
231/349 [==================>...........] - ETA: 8s - loss: 0.1767 - accuracy: 0.9291 - precision: 0.9175 - recall: 0.9441
232/349 [==================>...........] - ETA: 8s - loss: 0.1769 - accuracy: 0.9289 - precision: 0.9168 - recall: 0.9443
233/349 [===================>..........] - ETA: 8s - loss: 0.1764 - accuracy: 0.9292 - precision: 0.9170 - recall: 0.9444
234/349 [===================>..........] - ETA: 8s - loss: 0.1765 - accuracy: 0.9290 - precision: 0.9162 - recall: 0.9446
235/349 [===================>..........] - ETA: 8s - loss: 0.1760 - accuracy: 0.9293 - precision: 0.9165 - recall: 0.9447
236/349 [===================>..........] - ETA: 8s - loss: 0.1755 - accuracy: 0.9296 - precision: 0.9171 - recall: 0.9451
237/349 [===================>..........] - ETA: 8s - loss: 0.1757 - accuracy: 0.9293 - precision: 0.9164 - recall: 0.9453
238/349 [===================>..........] - ETA: 8s - loss: 0.1753 - accuracy: 0.9296 - precision: 0.9167 - recall: 0.9455
239/349 [===================>..........] - ETA: 8s - loss: 0.1758 - accuracy: 0.9294 - precision: 0.9161 - recall: 0.9457
240/349 [===================>..........] - ETA: 8s - loss: 0.1754 - accuracy: 0.9297 - precision: 0.9162 - recall: 0.9458
241/349 [===================>..........] - ETA: 8s - loss: 0.1757 - accuracy: 0.9295 - precision: 0.9157 - recall: 0.9461
242/349 [===================>..........] - ETA: 8s - loss: 0.1760 - accuracy: 0.9292 - precision: 0.9160 - recall: 0.9453
243/349 [===================>..........] - ETA: 7s - loss: 0.1758 - accuracy: 0.9295 - precision: 0.9165 - recall: 0.9456
244/349 [===================>..........] - ETA: 7s - loss: 0.1755 - accuracy: 0.9298 - precision: 0.9169 - recall: 0.9459
245/349 [====================>.........] - ETA: 7s - loss: 0.1752 - accuracy: 0.9301 - precision: 0.9172 - recall: 0.9461
246/349 [====================>.........] - ETA: 7s - loss: 0.1747 - accuracy: 0.9304 - precision: 0.9175 - recall: 0.9463
247/349 [====================>.........] - ETA: 7s - loss: 0.1746 - accuracy: 0.9302 - precision: 0.9179 - recall: 0.9456
248/349 [====================>.........] - ETA: 7s - loss: 0.1748 - accuracy: 0.9299 - precision: 0.9184 - recall: 0.9450
249/349 [====================>.........] - ETA: 7s - loss: 0.1745 - accuracy: 0.9297 - precision: 0.9187 - recall: 0.9443
251/349 [====================>.........] - ETA: 7s - loss: 0.1745 - accuracy: 0.9303 - precision: 0.9194 - recall: 0.9448
253/349 [====================>.........] - ETA: 7s - loss: 0.1749 - accuracy: 0.9303 - precision: 0.9190 - recall: 0.9452
254/349 [====================>.........] - ETA: 7s - loss: 0.1747 - accuracy: 0.9306 - precision: 0.9193 - recall: 0.9453
255/349 [====================>.........] - ETA: 6s - loss: 0.1741 - accuracy: 0.9309 - precision: 0.9195 - recall: 0.9455
256/349 [=====================>........] - ETA: 6s - loss: 0.1746 - accuracy: 0.9302 - precision: 0.9188 - recall: 0.9447
257/349 [=====================>........] - ETA: 6s - loss: 0.1756 - accuracy: 0.9300 - precision: 0.9182 - recall: 0.9449
258/349 [=====================>........] - ETA: 6s - loss: 0.1754 - accuracy: 0.9302 - precision: 0.9186 - recall: 0.9451
259/349 [=====================>........] - ETA: 6s - loss: 0.1757 - accuracy: 0.9300 - precision: 0.9180 - recall: 0.9453
260/349 [=====================>........] - ETA: 6s - loss: 0.1752 - accuracy: 0.9303 - precision: 0.9184 - recall: 0.9456
261/349 [=====================>........] - ETA: 6s - loss: 0.1755 - accuracy: 0.9296 - precision: 0.9185 - recall: 0.9439
262/349 [=====================>........] - ETA: 6s - loss: 0.1750 - accuracy: 0.9299 - precision: 0.9186 - recall: 0.9439
263/349 [=====================>........] - ETA: 6s - loss: 0.1750 - accuracy: 0.9301 - precision: 0.9190 - recall: 0.9442
265/349 [=====================>........] - ETA: 6s - loss: 0.1752 - accuracy: 0.9292 - precision: 0.9187 - recall: 0.9428
266/349 [=====================>........] - ETA: 6s - loss: 0.1751 - accuracy: 0.9290 - precision: 0.9182 - recall: 0.9430
267/349 [=====================>........] - ETA: 6s - loss: 0.1750 - accuracy: 0.9288 - precision: 0.9185 - recall: 0.9424
268/349 [======================>.......] - ETA: 5s - loss: 0.1747 - accuracy: 0.9291 - precision: 0.9187 - recall: 0.9425
269/349 [======================>.......] - ETA: 5s - loss: 0.1743 - accuracy: 0.9294 - precision: 0.9188 - recall: 0.9426
270/349 [======================>.......] - ETA: 5s - loss: 0.1739 - accuracy: 0.9296 - precision: 0.9190 - recall: 0.9428
271/349 [======================>.......] - ETA: 5s - loss: 0.1735 - accuracy: 0.9299 - precision: 0.9191 - recall: 0.9429
272/349 [======================>.......] - ETA: 5s - loss: 0.1737 - accuracy: 0.9297 - precision: 0.9196 - recall: 0.9423
274/349 [======================>.......] - ETA: 5s - loss: 0.1734 - accuracy: 0.9297 - precision: 0.9193 - recall: 0.9427
275/349 [======================>.......] - ETA: 5s - loss: 0.1729 - accuracy: 0.9300 - precision: 0.9196 - recall: 0.9429
276/349 [======================>.......] - ETA: 5s - loss: 0.1728 - accuracy: 0.9303 - precision: 0.9199 - recall: 0.9431
278/349 [======================>.......] - ETA: 5s - loss: 0.1725 - accuracy: 0.9303 - precision: 0.9194 - recall: 0.9434
279/349 [======================>.......] - ETA: 5s - loss: 0.1719 - accuracy: 0.9306 - precision: 0.9198 - recall: 0.9436
281/349 [=======================>......] - ETA: 4s - loss: 0.1712 - accuracy: 0.9310 - precision: 0.9201 - recall: 0.9439
282/349 [=======================>......] - ETA: 4s - loss: 0.1706 - accuracy: 0.9313 - precision: 0.9203 - recall: 0.9440
283/349 [=======================>......] - ETA: 4s - loss: 0.1701 - accuracy: 0.9315 - precision: 0.9205 - recall: 0.9441
284/349 [=======================>......] - ETA: 4s - loss: 0.1696 - accuracy: 0.9318 - precision: 0.9207 - recall: 0.9443
286/349 [=======================>......] - ETA: 4s - loss: 0.1693 - accuracy: 0.9318 - precision: 0.9212 - recall: 0.9438
287/349 [=======================>......] - ETA: 4s - loss: 0.1689 - accuracy: 0.9321 - precision: 0.9214 - recall: 0.9440
288/349 [=======================>......] - ETA: 4s - loss: 0.1689 - accuracy: 0.9319 - precision: 0.9216 - recall: 0.9433
289/349 [=======================>......] - ETA: 4s - loss: 0.1686 - accuracy: 0.9321 - precision: 0.9220 - recall: 0.9436
290/349 [=======================>......] - ETA: 4s - loss: 0.1687 - accuracy: 0.9319 - precision: 0.9223 - recall: 0.9430
291/349 [========================>.....] - ETA: 4s - loss: 0.1683 - accuracy: 0.9321 - precision: 0.9224 - recall: 0.9431
293/349 [========================>.....] - ETA: 4s - loss: 0.1677 - accuracy: 0.9322 - precision: 0.9229 - recall: 0.9427
294/349 [========================>.....] - ETA: 3s - loss: 0.1677 - accuracy: 0.9320 - precision: 0.9223 - recall: 0.9428
296/349 [========================>.....] - ETA: 3s - loss: 0.1692 - accuracy: 0.9312 - precision: 0.9205 - recall: 0.9431
297/349 [========================>.....] - ETA: 3s - loss: 0.1703 - accuracy: 0.9306 - precision: 0.9200 - recall: 0.9425
298/349 [========================>.....] - ETA: 3s - loss: 0.1698 - accuracy: 0.9308 - precision: 0.9203 - recall: 0.9428
299/349 [========================>.....] - ETA: 3s - loss: 0.1718 - accuracy: 0.9302 - precision: 0.9197 - recall: 0.9421
301/349 [========================>.....] - ETA: 3s - loss: 0.1712 - accuracy: 0.9302 - precision: 0.9194 - recall: 0.9424
303/349 [=========================>....] - ETA: 3s - loss: 0.1713 - accuracy: 0.9299 - precision: 0.9190 - recall: 0.9419
305/349 [=========================>....] - ETA: 3s - loss: 0.1715 - accuracy: 0.9295 - precision: 0.9187 - recall: 0.9414
307/349 [=========================>....] - ETA: 2s - loss: 0.1709 - accuracy: 0.9300 - precision: 0.9195 - recall: 0.9420
309/349 [=========================>....] - ETA: 2s - loss: 0.1703 - accuracy: 0.9304 - precision: 0.9200 - recall: 0.9424
310/349 [=========================>....] - ETA: 2s - loss: 0.1703 - accuracy: 0.9302 - precision: 0.9202 - recall: 0.9417
311/349 [=========================>....] - ETA: 2s - loss: 0.1714 - accuracy: 0.9297 - precision: 0.9196 - recall: 0.9411
312/349 [=========================>....] - ETA: 2s - loss: 0.1724 - accuracy: 0.9295 - precision: 0.9192 - recall: 0.9414
314/349 [=========================>....] - ETA: 2s - loss: 0.1725 - accuracy: 0.9287 - precision: 0.9174 - recall: 0.9416
315/349 [==========================>...] - ETA: 2s - loss: 0.1721 - accuracy: 0.9290 - precision: 0.9178 - recall: 0.9419
316/349 [==========================>...] - ETA: 2s - loss: 0.1717 - accuracy: 0.9292 - precision: 0.9181 - recall: 0.9421
317/349 [==========================>...] - ETA: 2s - loss: 0.1712 - accuracy: 0.9294 - precision: 0.9182 - recall: 0.9422
318/349 [==========================>...] - ETA: 2s - loss: 0.1708 - accuracy: 0.9296 - precision: 0.9185 - recall: 0.9424
320/349 [==========================>...] - ETA: 2s - loss: 0.1703 - accuracy: 0.9297 - precision: 0.9183 - recall: 0.9428
321/349 [==========================>...] - ETA: 1s - loss: 0.1709 - accuracy: 0.9295 - precision: 0.9179 - recall: 0.9430
323/349 [==========================>...] - ETA: 1s - loss: 0.1714 - accuracy: 0.9292 - precision: 0.9177 - recall: 0.9426
324/349 [==========================>...] - ETA: 1s - loss: 0.1709 - accuracy: 0.9294 - precision: 0.9179 - recall: 0.9428
325/349 [==========================>...] - ETA: 1s - loss: 0.1716 - accuracy: 0.9285 - precision: 0.9173 - recall: 0.9414
327/349 [===========================>..] - ETA: 1s - loss: 0.1719 - accuracy: 0.9281 - precision: 0.9164 - recall: 0.9417
328/349 [===========================>..] - ETA: 1s - loss: 0.1716 - accuracy: 0.9284 - precision: 0.9167 - recall: 0.9419
329/349 [===========================>..] - ETA: 1s - loss: 0.1712 - accuracy: 0.9286 - precision: 0.9170 - recall: 0.9422
330/349 [===========================>..] - ETA: 1s - loss: 0.1725 - accuracy: 0.9284 - precision: 0.9165 - recall: 0.9422
331/349 [===========================>..] - ETA: 1s - loss: 0.1723 - accuracy: 0.9282 - precision: 0.9160 - recall: 0.9424
332/349 [===========================>..] - ETA: 1s - loss: 0.1720 - accuracy: 0.9285 - precision: 0.9162 - recall: 0.9425
334/349 [===========================>..] - ETA: 1s - loss: 0.1728 - accuracy: 0.9281 - precision: 0.9151 - recall: 0.9427
335/349 [===========================>..] - ETA: 0s - loss: 0.1725 - accuracy: 0.9284 - precision: 0.9154 - recall: 0.9429
336/349 [===========================>..] - ETA: 0s - loss: 0.1730 - accuracy: 0.9282 - precision: 0.9157 - recall: 0.9424
337/349 [===========================>..] - ETA: 0s - loss: 0.1729 - accuracy: 0.9280 - precision: 0.9159 - recall: 0.9419
338/349 [============================>.] - ETA: 0s - loss: 0.1736 - accuracy: 0.9279 - precision: 0.9161 - recall: 0.9413
339/349 [============================>.] - ETA: 0s - loss: 0.1755 - accuracy: 0.9277 - precision: 0.9163 - recall: 0.9407
340/349 [============================>.] - ETA: 0s - loss: 0.1754 - accuracy: 0.9276 - precision: 0.9165 - recall: 0.9402
341/349 [============================>.] - ETA: 0s - loss: 0.1756 - accuracy: 0.9274 - precision: 0.9167 - recall: 0.9397
343/349 [============================>.] - ETA: 0s - loss: 0.1759 - accuracy: 0.9267 - precision: 0.9164 - recall: 0.9385
344/349 [============================>.] - ETA: 0s - loss: 0.1757 - accuracy: 0.9266 - precision: 0.9165 - recall: 0.9380
345/349 [============================>.] - ETA: 0s - loss: 0.1752 - accuracy: 0.9268 - precision: 0.9167 - recall: 0.9381
346/349 [============================>.] - ETA: 0s - loss: 0.1755 - accuracy: 0.9267 - precision: 0.9170 - recall: 0.9376
347/349 [============================>.] - ETA: 0s - loss: 0.1758 - accuracy: 0.9269 - precision: 0.9173 - recall: 0.9379
348/349 [============================>.] - ETA: 0s - loss: 0.1757 - accuracy: 0.9269 - precision: 0.9173 - recall: 0.9379
349/349 [==============================] - ETA: 0s - loss: 0.1755 - accuracy: 0.9271 - precision: 0.9174 - recall: 0.9380
Epoch 7: saving model to C:\SIRCH_ENV\models\revision\exp13_grouped_retraining\gru_original_grouped\checkpoints\gru_original_grouped_epoch_007.weights.h5

Epoch 7: val_loss did not improve from 0.34125

Epoch 7: ReduceLROnPlateau reducing learning rate to 4.999999873689376e-05.

349/349 [==============================] - 25s 72ms/step - loss: 0.1755 - accuracy: 0.9271 - precision: 0.9174 - recall: 0.9380 - val_loss: 0.3557 - val_accuracy: 0.8459 - val_precision: 0.8275 - val_recall: 0.8721 - lr: 1.0000e-04
Epoch 8/30

  1/349 [..............................] - ETA: 30s - loss: 0.1250 - accuracy: 1.0000 - precision: 1.0000 - recall: 1.0000
  3/349 [..............................] - ETA: 18s - loss: 0.2196 - accuracy: 0.9167 - precision: 0.8571 - recall: 1.0000
  4/349 [..............................] - ETA: 26s - loss: 0.1923 - accuracy: 0.9375 - precision: 0.9000 - recall: 1.0000
  5/349 [..............................] - ETA: 26s - loss: 0.1691 - accuracy: 0.9500 - precision: 0.9130 - recall: 1.0000
  6/349 [..............................] - ETA: 25s - loss: 0.1841 - accuracy: 0.9375 - precision: 0.8929 - recall: 1.0000
  8/349 [..............................] - ETA: 23s - loss: 0.1598 - accuracy: 0.9531 - precision: 0.9189 - recall: 1.0000
  9/349 [..............................] - ETA: 22s - loss: 0.1468 - accuracy: 0.9583 - precision: 0.9268 - recall: 1.0000
 10/349 [..............................] - ETA: 22s - loss: 0.1329 - accuracy: 0.9625 - precision: 0.9375 - recall: 1.0000
 11/349 [..............................] - ETA: 22s - loss: 0.1241 - accuracy: 0.9659 - precision: 0.9423 - recall: 1.0000
 12/349 [>.............................] - ETA: 21s - loss: 0.1305 - accuracy: 0.9583 - precision: 0.9286 - recall: 1.0000
 14/349 [>.............................] - ETA: 21s - loss: 0.1456 - accuracy: 0.9464 - precision: 0.9333 - recall: 0.9655
 15/349 [>.............................] - ETA: 20s - loss: 0.1365 - accuracy: 0.9500 - precision: 0.9375 - recall: 0.9677
 16/349 [>.............................] - ETA: 20s - loss: 0.1284 - accuracy: 0.9531 - precision: 0.9420 - recall: 0.9701
 17/349 [>.............................] - ETA: 20s - loss: 0.1252 - accuracy: 0.9559 - precision: 0.9437 - recall: 0.9710
 18/349 [>.............................] - ETA: 20s - loss: 0.1214 - accuracy: 0.9583 - precision: 0.9452 - recall: 0.9718
 19/349 [>.............................] - ETA: 20s - loss: 0.1161 - accuracy: 0.9605 - precision: 0.9474 - recall: 0.9730
 20/349 [>.............................] - ETA: 20s - loss: 0.1118 - accuracy: 0.9625 - precision: 0.9506 - recall: 0.9747
 21/349 [>.............................] - ETA: 20s - loss: 0.1097 - accuracy: 0.9643 - precision: 0.9535 - recall: 0.9762
 22/349 [>.............................] - ETA: 19s - loss: 0.1067 - accuracy: 0.9659 - precision: 0.9551 - recall: 0.9770
 23/349 [>.............................] - ETA: 19s - loss: 0.1048 - accuracy: 0.9674 - precision: 0.9583 - recall: 0.9787
 24/349 [=>............................] - ETA: 19s - loss: 0.1021 - accuracy: 0.9688 - precision: 0.9592 - recall: 0.9792
 25/349 [=>............................] - ETA: 19s - loss: 0.1018 - accuracy: 0.9700 - precision: 0.9600 - recall: 0.9796
 27/349 [=>............................] - ETA: 19s - loss: 0.1062 - accuracy: 0.9676 - precision: 0.9626 - recall: 0.9717
 29/349 [=>............................] - ETA: 18s - loss: 0.1034 - accuracy: 0.9698 - precision: 0.9655 - recall: 0.9739
 30/349 [=>............................] - ETA: 18s - loss: 0.1000 - accuracy: 0.9708 - precision: 0.9664 - recall: 0.9746
 31/349 [=>............................] - ETA: 18s - loss: 0.0982 - accuracy: 0.9718 - precision: 0.9672 - recall: 0.9752
 32/349 [=>............................] - ETA: 18s - loss: 0.0964 - accuracy: 0.9727 - precision: 0.9680 - recall: 0.9758
 33/349 [=>............................] - ETA: 18s - loss: 0.0968 - accuracy: 0.9735 - precision: 0.9695 - recall: 0.9769
 34/349 [=>............................] - ETA: 18s - loss: 0.0974 - accuracy: 0.9706 - precision: 0.9624 - recall: 0.9771
 36/349 [==>...........................] - ETA: 18s - loss: 0.0993 - accuracy: 0.9722 - precision: 0.9648 - recall: 0.9786
 37/349 [==>...........................] - ETA: 17s - loss: 0.1054 - accuracy: 0.9696 - precision: 0.9650 - recall: 0.9718
 38/349 [==>...........................] - ETA: 17s - loss: 0.1031 - accuracy: 0.9704 - precision: 0.9660 - recall: 0.9726
 39/349 [==>...........................] - ETA: 17s - loss: 0.1028 - accuracy: 0.9712 - precision: 0.9667 - recall: 0.9732
 40/349 [==>...........................] - ETA: 17s - loss: 0.1023 - accuracy: 0.9719 - precision: 0.9673 - recall: 0.9737
 41/349 [==>...........................] - ETA: 17s - loss: 0.1006 - accuracy: 0.9726 - precision: 0.9686 - recall: 0.9747
 42/349 [==>...........................] - ETA: 17s - loss: 0.1009 - accuracy: 0.9702 - precision: 0.9686 - recall: 0.9686
 44/349 [==>...........................] - ETA: 17s - loss: 0.0988 - accuracy: 0.9716 - precision: 0.9697 - recall: 0.9697
 45/349 [==>...........................] - ETA: 17s - loss: 0.0984 - accuracy: 0.9722 - precision: 0.9699 - recall: 0.9699
 46/349 [==>...........................] - ETA: 17s - loss: 0.0969 - accuracy: 0.9728 - precision: 0.9706 - recall: 0.9706
 47/349 [===>..........................] - ETA: 17s - loss: 0.0991 - accuracy: 0.9707 - precision: 0.9714 - recall: 0.9659
 48/349 [===>..........................] - ETA: 17s - loss: 0.1005 - accuracy: 0.9688 - precision: 0.9667 - recall: 0.9667
 49/349 [===>..........................] - ETA: 17s - loss: 0.0987 - accuracy: 0.9694 - precision: 0.9674 - recall: 0.9674
 50/349 [===>..........................] - ETA: 16s - loss: 0.0992 - accuracy: 0.9675 - precision: 0.9686 - recall: 0.9635
 51/349 [===>..........................] - ETA: 16s - loss: 0.0988 - accuracy: 0.9681 - precision: 0.9697 - recall: 0.9648
 52/349 [===>..........................] - ETA: 16s - loss: 0.0984 - accuracy: 0.9688 - precision: 0.9704 - recall: 0.9657
 53/349 [===>..........................] - ETA: 16s - loss: 0.0967 - accuracy: 0.9693 - precision: 0.9713 - recall: 0.9667
 54/349 [===>..........................] - ETA: 16s - loss: 0.0965 - accuracy: 0.9699 - precision: 0.9721 - recall: 0.9676
 55/349 [===>..........................] - ETA: 16s - loss: 0.0963 - accuracy: 0.9705 - precision: 0.9726 - recall: 0.9682
 56/349 [===>..........................] - ETA: 16s - loss: 0.0959 - accuracy: 0.9710 - precision: 0.9735 - recall: 0.9692
 57/349 [===>..........................] - ETA: 16s - loss: 0.0962 - accuracy: 0.9693 - precision: 0.9692 - recall: 0.9692
 58/349 [===>..........................] - ETA: 16s - loss: 0.1012 - accuracy: 0.9634 - precision: 0.9614 - recall: 0.9655
 59/349 [====>.........................] - ETA: 16s - loss: 0.1002 - accuracy: 0.9640 - precision: 0.9615 - recall: 0.9657
 60/349 [====>.........................] - ETA: 16s - loss: 0.1004 - accuracy: 0.9646 - precision: 0.9628 - recall: 0.9668
 61/349 [====>.........................] - ETA: 16s - loss: 0.1044 - accuracy: 0.9631 - precision: 0.9597 - recall: 0.9675
 62/349 [====>.........................] - ETA: 16s - loss: 0.1077 - accuracy: 0.9617 - precision: 0.9603 - recall: 0.9641
 63/349 [====>.........................] - ETA: 16s - loss: 0.1071 - accuracy: 0.9623 - precision: 0.9611 - recall: 0.9648
 64/349 [====>.........................] - ETA: 16s - loss: 0.1065 - accuracy: 0.9629 - precision: 0.9615 - recall: 0.9653
 65/349 [====>.........................] - ETA: 16s - loss: 0.1068 - accuracy: 0.9615 - precision: 0.9586 - recall: 0.9659
 66/349 [====>.........................] - ETA: 16s - loss: 0.1063 - accuracy: 0.9621 - precision: 0.9594 - recall: 0.9665
 68/349 [====>.........................] - ETA: 15s - loss: 0.1073 - accuracy: 0.9614 - precision: 0.9571 - recall: 0.9675
 70/349 [=====>........................] - ETA: 15s - loss: 0.1081 - accuracy: 0.9607 - precision: 0.9552 - recall: 0.9685
 72/349 [=====>........................] - ETA: 15s - loss: 0.1068 - accuracy: 0.9618 - precision: 0.9559 - recall: 0.9691
 74/349 [=====>........................] - ETA: 15s - loss: 0.1075 - accuracy: 0.9595 - precision: 0.9575 - recall: 0.9638
 75/349 [=====>........................] - ETA: 15s - loss: 0.1081 - accuracy: 0.9583 - precision: 0.9547 - recall: 0.9641
 76/349 [=====>........................] - ETA: 15s - loss: 0.1094 - accuracy: 0.9589 - precision: 0.9554 - recall: 0.9646
 77/349 [=====>........................] - ETA: 15s - loss: 0.1115 - accuracy: 0.9578 - precision: 0.9528 - recall: 0.9650
 78/349 [=====>........................] - ETA: 15s - loss: 0.1117 - accuracy: 0.9567 - precision: 0.9503 - recall: 0.9653
 79/349 [=====>........................] - ETA: 15s - loss: 0.1107 - accuracy: 0.9573 - precision: 0.9511 - recall: 0.9658
 80/349 [=====>........................] - ETA: 15s - loss: 0.1095 - accuracy: 0.9578 - precision: 0.9512 - recall: 0.9659
 81/349 [=====>........................] - ETA: 15s - loss: 0.1103 - accuracy: 0.9583 - precision: 0.9514 - recall: 0.9660
 82/349 [======>.......................] - ETA: 15s - loss: 0.1090 - accuracy: 0.9588 - precision: 0.9521 - recall: 0.9666
 83/349 [======>.......................] - ETA: 14s - loss: 0.1081 - accuracy: 0.9593 - precision: 0.9527 - recall: 0.9670
 85/349 [======>.......................] - ETA: 14s - loss: 0.1105 - accuracy: 0.9574 - precision: 0.9539 - recall: 0.9622
 86/349 [======>.......................] - ETA: 14s - loss: 0.1131 - accuracy: 0.9564 - precision: 0.9516 - recall: 0.9625
 87/349 [======>.......................] - ETA: 14s - loss: 0.1153 - accuracy: 0.9540 - precision: 0.9494 - recall: 0.9602
 88/349 [======>.......................] - ETA: 14s - loss: 0.1142 - accuracy: 0.9545 - precision: 0.9500 - recall: 0.9607
 89/349 [======>.......................] - ETA: 14s - loss: 0.1139 - accuracy: 0.9551 - precision: 0.9505 - recall: 0.9611
 90/349 [======>.......................] - ETA: 14s - loss: 0.1140 - accuracy: 0.9556 - precision: 0.9510 - recall: 0.9614
 92/349 [======>.......................] - ETA: 14s - loss: 0.1186 - accuracy: 0.9524 - precision: 0.9462 - recall: 0.9591
 93/349 [======>.......................] - ETA: 14s - loss: 0.1177 - accuracy: 0.9530 - precision: 0.9465 - recall: 0.9593
 94/349 [=======>......................] - ETA: 14s - loss: 0.1171 - accuracy: 0.9535 - precision: 0.9469 - recall: 0.9597
 95/349 [=======>......................] - ETA: 14s - loss: 0.1160 - accuracy: 0.9539 - precision: 0.9478 - recall: 0.9603
 96/349 [=======>......................] - ETA: 14s - loss: 0.1150 - accuracy: 0.9544 - precision: 0.9485 - recall: 0.9608
 97/349 [=======>......................] - ETA: 14s - loss: 0.1142 - accuracy: 0.9549 - precision: 0.9490 - recall: 0.9612
 98/349 [=======>......................] - ETA: 14s - loss: 0.1148 - accuracy: 0.9541 - precision: 0.9468 - recall: 0.9614
 99/349 [=======>......................] - ETA: 14s - loss: 0.1137 - accuracy: 0.9545 - precision: 0.9476 - recall: 0.9620
100/349 [=======>......................] - ETA: 13s - loss: 0.1141 - accuracy: 0.9550 - precision: 0.9484 - recall: 0.9626
101/349 [=======>......................] - ETA: 13s - loss: 0.1152 - accuracy: 0.9542 - precision: 0.9488 - recall: 0.9605
102/349 [=======>......................] - ETA: 13s - loss: 0.1147 - accuracy: 0.9547 - precision: 0.9495 - recall: 0.9611
103/349 [=======>......................] - ETA: 13s - loss: 0.1140 - accuracy: 0.9551 - precision: 0.9500 - recall: 0.9614
104/349 [=======>......................] - ETA: 13s - loss: 0.1146 - accuracy: 0.9543 - precision: 0.9484 - recall: 0.9619
106/349 [========>.....................] - ETA: 13s - loss: 0.1140 - accuracy: 0.9552 - precision: 0.9493 - recall: 0.9626
107/349 [========>.....................] - ETA: 13s - loss: 0.1134 - accuracy: 0.9556 - precision: 0.9498 - recall: 0.9630
108/349 [========>.....................] - ETA: 13s - loss: 0.1160 - accuracy: 0.9537 - precision: 0.9458 - recall: 0.9632
109/349 [========>.....................] - ETA: 13s - loss: 0.1157 - accuracy: 0.9541 - precision: 0.9464 - recall: 0.9636
110/349 [========>.....................] - ETA: 13s - loss: 0.1167 - accuracy: 0.9523 - precision: 0.9429 - recall: 0.9640
112/349 [========>.....................] - ETA: 13s - loss: 0.1164 - accuracy: 0.9531 - precision: 0.9438 - recall: 0.9647
114/349 [========>.....................] - ETA: 13s - loss: 0.1163 - accuracy: 0.9529 - precision: 0.9447 - recall: 0.9631
115/349 [========>.....................] - ETA: 13s - loss: 0.1168 - accuracy: 0.9522 - precision: 0.9432 - recall: 0.9634
116/349 [========>.....................] - ETA: 13s - loss: 0.1171 - accuracy: 0.9515 - precision: 0.9419 - recall: 0.9639
117/349 [=========>....................] - ETA: 13s - loss: 0.1180 - accuracy: 0.9509 - precision: 0.9424 - recall: 0.9622
118/349 [=========>....................] - ETA: 12s - loss: 0.1172 - accuracy: 0.9513 - precision: 0.9430 - recall: 0.9626
119/349 [=========>....................] - ETA: 12s - loss: 0.1181 - accuracy: 0.9506 - precision: 0.9415 - recall: 0.9629
120/349 [=========>....................] - ETA: 12s - loss: 0.1186 - accuracy: 0.9510 - precision: 0.9418 - recall: 0.9630
121/349 [=========>....................] - ETA: 12s - loss: 0.1193 - accuracy: 0.9504 - precision: 0.9402 - recall: 0.9633
122/349 [=========>....................] - ETA: 12s - loss: 0.1204 - accuracy: 0.9498 - precision: 0.9386 - recall: 0.9634
124/349 [=========>....................] - ETA: 12s - loss: 0.1193 - accuracy: 0.9506 - precision: 0.9397 - recall: 0.9641
125/349 [=========>....................] - ETA: 12s - loss: 0.1188 - accuracy: 0.9510 - precision: 0.9399 - recall: 0.9642
126/349 [=========>....................] - ETA: 12s - loss: 0.1198 - accuracy: 0.9494 - precision: 0.9402 - recall: 0.9606
127/349 [=========>....................] - ETA: 12s - loss: 0.1189 - accuracy: 0.9498 - precision: 0.9405 - recall: 0.9608
129/349 [==========>...................] - ETA: 12s - loss: 0.1193 - accuracy: 0.9496 - precision: 0.9410 - recall: 0.9592
130/349 [==========>...................] - ETA: 12s - loss: 0.1218 - accuracy: 0.9490 - precision: 0.9413 - recall: 0.9576
131/349 [==========>...................] - ETA: 12s - loss: 0.1219 - accuracy: 0.9485 - precision: 0.9415 - recall: 0.9559
132/349 [==========>...................] - ETA: 12s - loss: 0.1229 - accuracy: 0.9479 - precision: 0.9417 - recall: 0.9543
134/349 [==========>...................] - ETA: 12s - loss: 0.1232 - accuracy: 0.9478 - precision: 0.9410 - recall: 0.9551
135/349 [==========>...................] - ETA: 12s - loss: 0.1225 - accuracy: 0.9481 - precision: 0.9415 - recall: 0.9555
136/349 [==========>...................] - ETA: 11s - loss: 0.1219 - accuracy: 0.9485 - precision: 0.9419 - recall: 0.9558
137/349 [==========>...................] - ETA: 11s - loss: 0.1215 - accuracy: 0.9489 - precision: 0.9424 - recall: 0.9562
138/349 [==========>...................] - ETA: 11s - loss: 0.1215 - accuracy: 0.9484 - precision: 0.9412 - recall: 0.9565
139/349 [==========>...................] - ETA: 11s - loss: 0.1212 - accuracy: 0.9487 - precision: 0.9416 - recall: 0.9568
140/349 [===========>..................] - ETA: 11s - loss: 0.1212 - accuracy: 0.9482 - precision: 0.9404 - recall: 0.9571
141/349 [===========>..................] - ETA: 11s - loss: 0.1204 - accuracy: 0.9486 - precision: 0.9410 - recall: 0.9576
142/349 [===========>..................] - ETA: 11s - loss: 0.1213 - accuracy: 0.9481 - precision: 0.9396 - recall: 0.9577
143/349 [===========>..................] - ETA: 11s - loss: 0.1206 - accuracy: 0.9484 - precision: 0.9401 - recall: 0.9581
144/349 [===========>..................] - ETA: 11s - loss: 0.1198 - accuracy: 0.9488 - precision: 0.9405 - recall: 0.9584
145/349 [===========>..................] - ETA: 11s - loss: 0.1196 - accuracy: 0.9483 - precision: 0.9406 - recall: 0.9568
146/349 [===========>..................] - ETA: 11s - loss: 0.1208 - accuracy: 0.9478 - precision: 0.9409 - recall: 0.9554
148/349 [===========>..................] - ETA: 11s - loss: 0.1201 - accuracy: 0.9485 - precision: 0.9415 - recall: 0.9559
149/349 [===========>..................] - ETA: 11s - loss: 0.1193 - accuracy: 0.9488 - precision: 0.9418 - recall: 0.9561
150/349 [===========>..................] - ETA: 11s - loss: 0.1186 - accuracy: 0.9492 - precision: 0.9422 - recall: 0.9564
152/349 [============>.................] - ETA: 11s - loss: 0.1184 - accuracy: 0.9490 - precision: 0.9427 - recall: 0.9552
153/349 [============>.................] - ETA: 11s - loss: 0.1179 - accuracy: 0.9493 - precision: 0.9433 - recall: 0.9557
155/349 [============>.................] - ETA: 10s - loss: 0.1177 - accuracy: 0.9492 - precision: 0.9428 - recall: 0.9565
156/349 [============>.................] - ETA: 10s - loss: 0.1174 - accuracy: 0.9495 - precision: 0.9430 - recall: 0.9567
157/349 [============>.................] - ETA: 10s - loss: 0.1169 - accuracy: 0.9498 - precision: 0.9432 - recall: 0.9568
158/349 [============>.................] - ETA: 10s - loss: 0.1170 - accuracy: 0.9499 - precision: 0.9433 - recall: 0.9569
159/349 [============>.................] - ETA: 10s - loss: 0.1167 - accuracy: 0.9502 - precision: 0.9440 - recall: 0.9574
160/349 [============>.................] - ETA: 10s - loss: 0.1165 - accuracy: 0.9505 - precision: 0.9441 - recall: 0.9575
161/349 [============>.................] - ETA: 10s - loss: 0.1167 - accuracy: 0.9500 - precision: 0.9445 - recall: 0.9563
162/349 [============>.................] - ETA: 10s - loss: 0.1162 - accuracy: 0.9503 - precision: 0.9450 - recall: 0.9567
163/349 [=============>................] - ETA: 10s - loss: 0.1156 - accuracy: 0.9507 - precision: 0.9455 - recall: 0.9571
164/349 [=============>................] - ETA: 10s - loss: 0.1157 - accuracy: 0.9502 - precision: 0.9444 - recall: 0.9574
165/349 [=============>................] - ETA: 10s - loss: 0.1155 - accuracy: 0.9505 - precision: 0.9446 - recall: 0.9575
167/349 [=============>................] - ETA: 10s - loss: 0.1184 - accuracy: 0.9496 - precision: 0.9427 - recall: 0.9582
169/349 [=============>................] - ETA: 10s - loss: 0.1180 - accuracy: 0.9494 - precision: 0.9419 - recall: 0.9586
170/349 [=============>................] - ETA: 10s - loss: 0.1185 - accuracy: 0.9490 - precision: 0.9420 - recall: 0.9573
171/349 [=============>................] - ETA: 9s - loss: 0.1180 - accuracy: 0.9493 - precision: 0.9424 - recall: 0.9576 
172/349 [=============>................] - ETA: 9s - loss: 0.1174 - accuracy: 0.9496 - precision: 0.9429 - recall: 0.9580
173/349 [=============>................] - ETA: 9s - loss: 0.1176 - accuracy: 0.9492 - precision: 0.9432 - recall: 0.9568
174/349 [=============>................] - ETA: 9s - loss: 0.1173 - accuracy: 0.9495 - precision: 0.9436 - recall: 0.9571
176/349 [==============>...............] - ETA: 9s - loss: 0.1180 - accuracy: 0.9486 - precision: 0.9427 - recall: 0.9560
177/349 [==============>...............] - ETA: 9s - loss: 0.1175 - accuracy: 0.9489 - precision: 0.9430 - recall: 0.9563
179/349 [==============>...............] - ETA: 9s - loss: 0.1164 - accuracy: 0.9495 - precision: 0.9434 - recall: 0.9566
180/349 [==============>...............] - ETA: 9s - loss: 0.1166 - accuracy: 0.9491 - precision: 0.9424 - recall: 0.9568
181/349 [==============>...............] - ETA: 9s - loss: 0.1170 - accuracy: 0.9486 - precision: 0.9427 - recall: 0.9557
183/349 [==============>...............] - ETA: 9s - loss: 0.1176 - accuracy: 0.9485 - precision: 0.9420 - recall: 0.9562
184/349 [==============>...............] - ETA: 9s - loss: 0.1170 - accuracy: 0.9488 - precision: 0.9424 - recall: 0.9565
185/349 [==============>...............] - ETA: 9s - loss: 0.1196 - accuracy: 0.9484 - precision: 0.9415 - recall: 0.9568
186/349 [==============>...............] - ETA: 9s - loss: 0.1208 - accuracy: 0.9473 - precision: 0.9417 - recall: 0.9544
187/349 [===============>..............] - ETA: 9s - loss: 0.1214 - accuracy: 0.9469 - precision: 0.9407 - recall: 0.9545
189/349 [===============>..............] - ETA: 8s - loss: 0.1222 - accuracy: 0.9462 - precision: 0.9401 - recall: 0.9538
190/349 [===============>..............] - ETA: 8s - loss: 0.1216 - accuracy: 0.9465 - precision: 0.9403 - recall: 0.9539
191/349 [===============>..............] - ETA: 8s - loss: 0.1210 - accuracy: 0.9467 - precision: 0.9404 - recall: 0.9540
192/349 [===============>..............] - ETA: 8s - loss: 0.1204 - accuracy: 0.9470 - precision: 0.9406 - recall: 0.9542
193/349 [===============>..............] - ETA: 8s - loss: 0.1203 - accuracy: 0.9473 - precision: 0.9409 - recall: 0.9544
194/349 [===============>..............] - ETA: 8s - loss: 0.1201 - accuracy: 0.9476 - precision: 0.9410 - recall: 0.9545
195/349 [===============>..............] - ETA: 8s - loss: 0.1204 - accuracy: 0.9472 - precision: 0.9413 - recall: 0.9534
196/349 [===============>..............] - ETA: 8s - loss: 0.1204 - accuracy: 0.9475 - precision: 0.9418 - recall: 0.9538
197/349 [===============>..............] - ETA: 8s - loss: 0.1200 - accuracy: 0.9477 - precision: 0.9422 - recall: 0.9542
199/349 [================>.............] - ETA: 8s - loss: 0.1200 - accuracy: 0.9476 - precision: 0.9428 - recall: 0.9535
200/349 [================>.............] - ETA: 8s - loss: 0.1200 - accuracy: 0.9473 - precision: 0.9429 - recall: 0.9524
201/349 [================>.............] - ETA: 8s - loss: 0.1197 - accuracy: 0.9475 - precision: 0.9429 - recall: 0.9524
202/349 [================>.............] - ETA: 8s - loss: 0.1195 - accuracy: 0.9478 - precision: 0.9431 - recall: 0.9525
203/349 [================>.............] - ETA: 8s - loss: 0.1196 - accuracy: 0.9481 - precision: 0.9433 - recall: 0.9527
204/349 [================>.............] - ETA: 8s - loss: 0.1192 - accuracy: 0.9483 - precision: 0.9436 - recall: 0.9529
205/349 [================>.............] - ETA: 8s - loss: 0.1187 - accuracy: 0.9486 - precision: 0.9438 - recall: 0.9531
206/349 [================>.............] - ETA: 7s - loss: 0.1200 - accuracy: 0.9482 - precision: 0.9440 - recall: 0.9521
207/349 [================>.............] - ETA: 7s - loss: 0.1194 - accuracy: 0.9485 - precision: 0.9442 - recall: 0.9523
208/349 [================>.............] - ETA: 7s - loss: 0.1223 - accuracy: 0.9481 - precision: 0.9433 - recall: 0.9525
209/349 [================>.............] - ETA: 7s - loss: 0.1217 - accuracy: 0.9483 - precision: 0.9435 - recall: 0.9527
210/349 [=================>............] - ETA: 7s - loss: 0.1215 - accuracy: 0.9486 - precision: 0.9437 - recall: 0.9528
211/349 [=================>............] - ETA: 7s - loss: 0.1211 - accuracy: 0.9488 - precision: 0.9439 - recall: 0.9530
212/349 [=================>............] - ETA: 7s - loss: 0.1213 - accuracy: 0.9485 - precision: 0.9442 - recall: 0.9521
213/349 [=================>............] - ETA: 7s - loss: 0.1211 - accuracy: 0.9487 - precision: 0.9444 - recall: 0.9523
214/349 [=================>............] - ETA: 7s - loss: 0.1206 - accuracy: 0.9490 - precision: 0.9447 - recall: 0.9526
215/349 [=================>............] - ETA: 7s - loss: 0.1211 - accuracy: 0.9486 - precision: 0.9439 - recall: 0.9528
216/349 [=================>............] - ETA: 7s - loss: 0.1213 - accuracy: 0.9483 - precision: 0.9430 - recall: 0.9529
217/349 [=================>............] - ETA: 7s - loss: 0.1212 - accuracy: 0.9485 - precision: 0.9433 - recall: 0.9532
218/349 [=================>............] - ETA: 7s - loss: 0.1226 - accuracy: 0.9476 - precision: 0.9435 - recall: 0.9512
219/349 [=================>............] - ETA: 7s - loss: 0.1222 - accuracy: 0.9479 - precision: 0.9437 - recall: 0.9513
220/349 [=================>............] - ETA: 7s - loss: 0.1216 - accuracy: 0.9481 - precision: 0.9439 - recall: 0.9515
221/349 [=================>............] - ETA: 7s - loss: 0.1215 - accuracy: 0.9483 - precision: 0.9442 - recall: 0.9518
222/349 [==================>...........] - ETA: 7s - loss: 0.1211 - accuracy: 0.9486 - precision: 0.9444 - recall: 0.9519
224/349 [==================>...........] - ETA: 7s - loss: 0.1204 - accuracy: 0.9490 - precision: 0.9450 - recall: 0.9525
225/349 [==================>...........] - ETA: 6s - loss: 0.1219 - accuracy: 0.9481 - precision: 0.9430 - recall: 0.9526
226/349 [==================>...........] - ETA: 6s - loss: 0.1218 - accuracy: 0.9484 - precision: 0.9433 - recall: 0.9528
227/349 [==================>...........] - ETA: 6s - loss: 0.1215 - accuracy: 0.9486 - precision: 0.9435 - recall: 0.9530
228/349 [==================>...........] - ETA: 6s - loss: 0.1215 - accuracy: 0.9488 - precision: 0.9438 - recall: 0.9533
229/349 [==================>...........] - ETA: 6s - loss: 0.1211 - accuracy: 0.9490 - precision: 0.9440 - recall: 0.9534
231/349 [==================>...........] - ETA: 6s - loss: 0.1223 - accuracy: 0.9479 - precision: 0.9433 - recall: 0.9516
233/349 [===================>..........] - ETA: 6s - loss: 0.1227 - accuracy: 0.9478 - precision: 0.9428 - recall: 0.9521
234/349 [===================>..........] - ETA: 6s - loss: 0.1222 - accuracy: 0.9480 - precision: 0.9429 - recall: 0.9522
235/349 [===================>..........] - ETA: 6s - loss: 0.1226 - accuracy: 0.9477 - precision: 0.9422 - recall: 0.9524
236/349 [===================>..........] - ETA: 6s - loss: 0.1233 - accuracy: 0.9474 - precision: 0.9422 - recall: 0.9514
237/349 [===================>..........] - ETA: 6s - loss: 0.1233 - accuracy: 0.9476 - precision: 0.9426 - recall: 0.9517
239/349 [===================>..........] - ETA: 6s - loss: 0.1226 - accuracy: 0.9480 - precision: 0.9432 - recall: 0.9522
240/349 [===================>..........] - ETA: 6s - loss: 0.1223 - accuracy: 0.9482 - precision: 0.9436 - recall: 0.9525
242/349 [===================>..........] - ETA: 5s - loss: 0.1219 - accuracy: 0.9487 - precision: 0.9442 - recall: 0.9531
243/349 [===================>..........] - ETA: 5s - loss: 0.1224 - accuracy: 0.9484 - precision: 0.9434 - recall: 0.9532
244/349 [===================>..........] - ETA: 5s - loss: 0.1220 - accuracy: 0.9486 - precision: 0.9435 - recall: 0.9533
245/349 [====================>.........] - ETA: 5s - loss: 0.1216 - accuracy: 0.9488 - precision: 0.9438 - recall: 0.9535
246/349 [====================>.........] - ETA: 5s - loss: 0.1214 - accuracy: 0.9490 - precision: 0.9439 - recall: 0.9537
247/349 [====================>.........] - ETA: 5s - loss: 0.1210 - accuracy: 0.9492 - precision: 0.9442 - recall: 0.9538
248/349 [====================>.........] - ETA: 5s - loss: 0.1206 - accuracy: 0.9494 - precision: 0.9446 - recall: 0.9542
250/349 [====================>.........] - ETA: 5s - loss: 0.1200 - accuracy: 0.9498 - precision: 0.9451 - recall: 0.9546
251/349 [====================>.........] - ETA: 5s - loss: 0.1196 - accuracy: 0.9500 - precision: 0.9453 - recall: 0.9548
252/349 [====================>.........] - ETA: 5s - loss: 0.1191 - accuracy: 0.9502 - precision: 0.9454 - recall: 0.9549
253/349 [====================>.........] - ETA: 5s - loss: 0.1188 - accuracy: 0.9504 - precision: 0.9455 - recall: 0.9550
254/349 [====================>.........] - ETA: 5s - loss: 0.1197 - accuracy: 0.9501 - precision: 0.9447 - recall: 0.9551
255/349 [====================>.........] - ETA: 5s - loss: 0.1193 - accuracy: 0.9503 - precision: 0.9449 - recall: 0.9552
256/349 [=====================>........] - ETA: 5s - loss: 0.1189 - accuracy: 0.9505 - precision: 0.9451 - recall: 0.9554
257/349 [=====================>........] - ETA: 5s - loss: 0.1195 - accuracy: 0.9502 - precision: 0.9444 - recall: 0.9556
258/349 [=====================>........] - ETA: 5s - loss: 0.1202 - accuracy: 0.9499 - precision: 0.9437 - recall: 0.9558
259/349 [=====================>........] - ETA: 5s - loss: 0.1198 - accuracy: 0.9501 - precision: 0.9440 - recall: 0.9560
260/349 [=====================>........] - ETA: 5s - loss: 0.1194 - accuracy: 0.9503 - precision: 0.9442 - recall: 0.9561
261/349 [=====================>........] - ETA: 5s - loss: 0.1197 - accuracy: 0.9505 - precision: 0.9444 - recall: 0.9563
262/349 [=====================>........] - ETA: 5s - loss: 0.1196 - accuracy: 0.9507 - precision: 0.9447 - recall: 0.9565
263/349 [=====================>........] - ETA: 5s - loss: 0.1195 - accuracy: 0.9509 - precision: 0.9449 - recall: 0.9567
264/349 [=====================>........] - ETA: 5s - loss: 0.1193 - accuracy: 0.9511 - precision: 0.9450 - recall: 0.9568
265/349 [=====================>........] - ETA: 5s - loss: 0.1199 - accuracy: 0.9508 - precision: 0.9442 - recall: 0.9569
266/349 [=====================>........] - ETA: 5s - loss: 0.1195 - accuracy: 0.9510 - precision: 0.9444 - recall: 0.9571
267/349 [=====================>........] - ETA: 4s - loss: 0.1191 - accuracy: 0.9512 - precision: 0.9445 - recall: 0.9571
268/349 [======================>.......] - ETA: 4s - loss: 0.1187 - accuracy: 0.9513 - precision: 0.9449 - recall: 0.9574
269/349 [======================>.......] - ETA: 4s - loss: 0.1183 - accuracy: 0.9515 - precision: 0.9450 - recall: 0.9575
270/349 [======================>.......] - ETA: 4s - loss: 0.1180 - accuracy: 0.9517 - precision: 0.9452 - recall: 0.9576
272/349 [======================>.......] - ETA: 4s - loss: 0.1179 - accuracy: 0.9516 - precision: 0.9456 - recall: 0.9570
273/349 [======================>.......] - ETA: 4s - loss: 0.1176 - accuracy: 0.9518 - precision: 0.9458 - recall: 0.9572
274/349 [======================>.......] - ETA: 4s - loss: 0.1176 - accuracy: 0.9519 - precision: 0.9461 - recall: 0.9574
275/349 [======================>.......] - ETA: 4s - loss: 0.1181 - accuracy: 0.9517 - precision: 0.9462 - recall: 0.9567
276/349 [======================>.......] - ETA: 4s - loss: 0.1180 - accuracy: 0.9518 - precision: 0.9464 - recall: 0.9568
277/349 [======================>.......] - ETA: 4s - loss: 0.1187 - accuracy: 0.9516 - precision: 0.9458 - recall: 0.9571
278/349 [======================>.......] - ETA: 4s - loss: 0.1183 - accuracy: 0.9517 - precision: 0.9460 - recall: 0.9572
279/349 [======================>.......] - ETA: 4s - loss: 0.1180 - accuracy: 0.9519 - precision: 0.9462 - recall: 0.9574
280/349 [=======================>......] - ETA: 4s - loss: 0.1176 - accuracy: 0.9521 - precision: 0.9464 - recall: 0.9575
282/349 [=======================>......] - ETA: 4s - loss: 0.1176 - accuracy: 0.9520 - precision: 0.9467 - recall: 0.9569
284/349 [=======================>......] - ETA: 3s - loss: 0.1180 - accuracy: 0.9519 - precision: 0.9470 - recall: 0.9563
285/349 [=======================>......] - ETA: 3s - loss: 0.1177 - accuracy: 0.9520 - precision: 0.9472 - recall: 0.9565
286/349 [=======================>......] - ETA: 3s - loss: 0.1188 - accuracy: 0.9518 - precision: 0.9466 - recall: 0.9566
287/349 [=======================>......] - ETA: 3s - loss: 0.1200 - accuracy: 0.9511 - precision: 0.9450 - recall: 0.9567
288/349 [=======================>......] - ETA: 3s - loss: 0.1203 - accuracy: 0.9508 - precision: 0.9444 - recall: 0.9569
289/349 [=======================>......] - ETA: 3s - loss: 0.1199 - accuracy: 0.9510 - precision: 0.9446 - recall: 0.9571
290/349 [=======================>......] - ETA: 3s - loss: 0.1198 - accuracy: 0.9511 - precision: 0.9447 - recall: 0.9571
291/349 [========================>.....] - ETA: 3s - loss: 0.1198 - accuracy: 0.9509 - precision: 0.9441 - recall: 0.9572
292/349 [========================>.....] - ETA: 3s - loss: 0.1196 - accuracy: 0.9511 - precision: 0.9443 - recall: 0.9575
293/349 [========================>.....] - ETA: 3s - loss: 0.1196 - accuracy: 0.9508 - precision: 0.9437 - recall: 0.9576
294/349 [========================>.....] - ETA: 3s - loss: 0.1193 - accuracy: 0.9510 - precision: 0.9439 - recall: 0.9577
295/349 [========================>.....] - ETA: 3s - loss: 0.1191 - accuracy: 0.9511 - precision: 0.9441 - recall: 0.9579
296/349 [========================>.....] - ETA: 3s - loss: 0.1188 - accuracy: 0.9513 - precision: 0.9443 - recall: 0.9580
297/349 [========================>.....] - ETA: 3s - loss: 0.1184 - accuracy: 0.9515 - precision: 0.9444 - recall: 0.9581
298/349 [========================>.....] - ETA: 3s - loss: 0.1183 - accuracy: 0.9516 - precision: 0.9445 - recall: 0.9582
299/349 [========================>.....] - ETA: 3s - loss: 0.1179 - accuracy: 0.9518 - precision: 0.9447 - recall: 0.9583
300/349 [========================>.....] - ETA: 2s - loss: 0.1180 - accuracy: 0.9515 - precision: 0.9449 - recall: 0.9577
301/349 [========================>.....] - ETA: 2s - loss: 0.1178 - accuracy: 0.9517 - precision: 0.9451 - recall: 0.9579
302/349 [========================>.....] - ETA: 2s - loss: 0.1191 - accuracy: 0.9514 - precision: 0.9445 - recall: 0.9580
303/349 [=========================>....] - ETA: 2s - loss: 0.1190 - accuracy: 0.9516 - precision: 0.9447 - recall: 0.9582
304/349 [=========================>....] - ETA: 2s - loss: 0.1187 - accuracy: 0.9518 - precision: 0.9449 - recall: 0.9583
305/349 [=========================>....] - ETA: 2s - loss: 0.1185 - accuracy: 0.9519 - precision: 0.9450 - recall: 0.9584
306/349 [=========================>....] - ETA: 2s - loss: 0.1181 - accuracy: 0.9521 - precision: 0.9453 - recall: 0.9586
307/349 [=========================>....] - ETA: 2s - loss: 0.1180 - accuracy: 0.9522 - precision: 0.9454 - recall: 0.9587
308/349 [=========================>....] - ETA: 2s - loss: 0.1186 - accuracy: 0.9516 - precision: 0.9455 - recall: 0.9572
310/349 [=========================>....] - ETA: 2s - loss: 0.1183 - accuracy: 0.9519 - precision: 0.9459 - recall: 0.9575
311/349 [=========================>....] - ETA: 2s - loss: 0.1181 - accuracy: 0.9520 - precision: 0.9461 - recall: 0.9576
312/349 [=========================>....] - ETA: 2s - loss: 0.1179 - accuracy: 0.9522 - precision: 0.9462 - recall: 0.9578
313/349 [=========================>....] - ETA: 2s - loss: 0.1176 - accuracy: 0.9523 - precision: 0.9464 - recall: 0.9579
314/349 [=========================>....] - ETA: 2s - loss: 0.1173 - accuracy: 0.9525 - precision: 0.9465 - recall: 0.9580
316/349 [==========================>...] - ETA: 1s - loss: 0.1175 - accuracy: 0.9524 - precision: 0.9460 - recall: 0.9582
317/349 [==========================>...] - ETA: 1s - loss: 0.1174 - accuracy: 0.9522 - precision: 0.9461 - recall: 0.9575
318/349 [==========================>...] - ETA: 1s - loss: 0.1171 - accuracy: 0.9523 - precision: 0.9463 - recall: 0.9576
320/349 [==========================>...] - ETA: 1s - loss: 0.1167 - accuracy: 0.9522 - precision: 0.9458 - recall: 0.9578
321/349 [==========================>...] - ETA: 1s - loss: 0.1163 - accuracy: 0.9524 - precision: 0.9460 - recall: 0.9580
322/349 [==========================>...] - ETA: 1s - loss: 0.1171 - accuracy: 0.9521 - precision: 0.9454 - recall: 0.9581
323/349 [==========================>...] - ETA: 1s - loss: 0.1170 - accuracy: 0.9519 - precision: 0.9456 - recall: 0.9575
324/349 [==========================>...] - ETA: 1s - loss: 0.1167 - accuracy: 0.9520 - precision: 0.9457 - recall: 0.9576
325/349 [==========================>...] - ETA: 1s - loss: 0.1165 - accuracy: 0.9522 - precision: 0.9459 - recall: 0.9577
326/349 [===========================>..] - ETA: 1s - loss: 0.1163 - accuracy: 0.9523 - precision: 0.9459 - recall: 0.9578
328/349 [===========================>..] - ETA: 1s - loss: 0.1170 - accuracy: 0.9522 - precision: 0.9456 - recall: 0.9581
329/349 [===========================>..] - ETA: 1s - loss: 0.1181 - accuracy: 0.9516 - precision: 0.9450 - recall: 0.9574
331/349 [===========================>..] - ETA: 1s - loss: 0.1181 - accuracy: 0.9515 - precision: 0.9453 - recall: 0.9570
333/349 [===========================>..] - ETA: 0s - loss: 0.1176 - accuracy: 0.9518 - precision: 0.9457 - recall: 0.9573
334/349 [===========================>..] - ETA: 0s - loss: 0.1173 - accuracy: 0.9520 - precision: 0.9459 - recall: 0.9574
335/349 [===========================>..] - ETA: 0s - loss: 0.1172 - accuracy: 0.9521 - precision: 0.9462 - recall: 0.9576
337/349 [===========================>..] - ETA: 0s - loss: 0.1175 - accuracy: 0.9520 - precision: 0.9465 - recall: 0.9572
339/349 [============================>.] - ETA: 0s - loss: 0.1178 - accuracy: 0.9516 - precision: 0.9454 - recall: 0.9574
340/349 [============================>.] - ETA: 0s - loss: 0.1178 - accuracy: 0.9517 - precision: 0.9456 - recall: 0.9576
342/349 [============================>.] - ETA: 0s - loss: 0.1174 - accuracy: 0.9520 - precision: 0.9459 - recall: 0.9578
343/349 [============================>.] - ETA: 0s - loss: 0.1171 - accuracy: 0.9521 - precision: 0.9461 - recall: 0.9580
345/349 [============================>.] - ETA: 0s - loss: 0.1177 - accuracy: 0.9517 - precision: 0.9458 - recall: 0.9576
347/349 [============================>.] - ETA: 0s - loss: 0.1175 - accuracy: 0.9516 - precision: 0.9462 - recall: 0.9572
348/349 [============================>.] - ETA: 0s - loss: 0.1174 - accuracy: 0.9514 - precision: 0.9457 - recall: 0.9573
349/349 [==============================] - ETA: 0s - loss: 0.1177 - accuracy: 0.9512 - precision: 0.9452 - recall: 0.9574
Epoch 8: saving model to C:\SIRCH_ENV\models\revision\exp13_grouped_retraining\gru_original_grouped\checkpoints\gru_original_grouped_epoch_008.weights.h5

Epoch 8: val_loss did not improve from 0.34125

349/349 [==============================] - 22s 62ms/step - loss: 0.1177 - accuracy: 0.9512 - precision: 0.9452 - recall: 0.9574 - val_loss: 0.4636 - val_accuracy: 0.8543 - val_precision: 0.8454 - val_recall: 0.8653 - lr: 5.0000e-05
Epoch 9/30

  1/349 [..............................] - ETA: 29s - loss: 0.0073 - accuracy: 1.0000 - precision: 1.0000 - recall: 1.0000
  2/349 [..............................] - ETA: 18s - loss: 0.0046 - accuracy: 1.0000 - precision: 1.0000 - recall: 1.0000
  3/349 [..............................] - ETA: 18s - loss: 0.0083 - accuracy: 1.0000 - precision: 1.0000 - recall: 1.0000
  4/349 [..............................] - ETA: 18s - loss: 0.0830 - accuracy: 0.9688 - precision: 1.0000 - recall: 0.9286
  6/349 [..............................] - ETA: 17s - loss: 0.0636 - accuracy: 0.9792 - precision: 1.0000 - recall: 0.9583
  7/349 [..............................] - ETA: 18s - loss: 0.0619 - accuracy: 0.9821 - precision: 1.0000 - recall: 0.9643
  8/349 [..............................] - ETA: 18s - loss: 0.1020 - accuracy: 0.9531 - precision: 1.0000 - recall: 0.9000
  9/349 [..............................] - ETA: 18s - loss: 0.0969 - accuracy: 0.9583 - precision: 1.0000 - recall: 0.9167
 10/349 [..............................] - ETA: 18s - loss: 0.1077 - accuracy: 0.9500 - precision: 0.9722 - recall: 0.9211
 11/349 [..............................] - ETA: 19s - loss: 0.1162 - accuracy: 0.9432 - precision: 0.9500 - recall: 0.9268
 12/349 [>.............................] - ETA: 20s - loss: 0.1074 - accuracy: 0.9479 - precision: 0.9545 - recall: 0.9333
 13/349 [>.............................] - ETA: 21s - loss: 0.1033 - accuracy: 0.9519 - precision: 0.9583 - recall: 0.9388
 14/349 [>.............................] - ETA: 21s - loss: 0.1039 - accuracy: 0.9464 - precision: 0.9600 - recall: 0.9231
 15/349 [>.............................] - ETA: 21s - loss: 0.0983 - accuracy: 0.9500 - precision: 0.9636 - recall: 0.9298
 16/349 [>.............................] - ETA: 21s - loss: 0.0945 - accuracy: 0.9531 - precision: 0.9672 - recall: 0.9365
 17/349 [>.............................] - ETA: 20s - loss: 0.0890 - accuracy: 0.9559 - precision: 0.9683 - recall: 0.9385
 19/349 [>.............................] - ETA: 20s - loss: 0.0988 - accuracy: 0.9539 - precision: 0.9600 - recall: 0.9474
 20/349 [>.............................] - ETA: 20s - loss: 0.1023 - accuracy: 0.9500 - precision: 0.9500 - recall: 0.9500
 21/349 [>.............................] - ETA: 19s - loss: 0.1026 - accuracy: 0.9464 - precision: 0.9398 - recall: 0.9512
 22/349 [>.............................] - ETA: 19s - loss: 0.1032 - accuracy: 0.9432 - precision: 0.9318 - recall: 0.9535
 23/349 [>.............................] - ETA: 19s - loss: 0.1025 - accuracy: 0.9457 - precision: 0.9348 - recall: 0.9556
 24/349 [=>............................] - ETA: 19s - loss: 0.1003 - accuracy: 0.9479 - precision: 0.9375 - recall: 0.9574
 25/349 [=>............................] - ETA: 19s - loss: 0.0972 - accuracy: 0.9500 - precision: 0.9400 - recall: 0.9592
 26/349 [=>............................] - ETA: 19s - loss: 0.0935 - accuracy: 0.9519 - precision: 0.9423 - recall: 0.9608
 28/349 [=>............................] - ETA: 19s - loss: 0.0959 - accuracy: 0.9554 - precision: 0.9469 - recall: 0.9640
 29/349 [=>............................] - ETA: 18s - loss: 0.0927 - accuracy: 0.9569 - precision: 0.9487 - recall: 0.9652
 30/349 [=>............................] - ETA: 18s - loss: 0.0913 - accuracy: 0.9583 - precision: 0.9512 - recall: 0.9669
 31/349 [=>............................] - ETA: 18s - loss: 0.0952 - accuracy: 0.9556 - precision: 0.9457 - recall: 0.9683
 32/349 [=>............................] - ETA: 18s - loss: 0.0924 - accuracy: 0.9570 - precision: 0.9481 - recall: 0.9697
 33/349 [=>............................] - ETA: 18s - loss: 0.0921 - accuracy: 0.9583 - precision: 0.9493 - recall: 0.9704
 34/349 [=>............................] - ETA: 18s - loss: 0.0943 - accuracy: 0.9559 - precision: 0.9444 - recall: 0.9714
 35/349 [==>...........................] - ETA: 18s - loss: 0.0916 - accuracy: 0.9571 - precision: 0.9463 - recall: 0.9724
 36/349 [==>...........................] - ETA: 18s - loss: 0.0924 - accuracy: 0.9583 - precision: 0.9477 - recall: 0.9732
 37/349 [==>...........................] - ETA: 18s - loss: 0.0908 - accuracy: 0.9595 - precision: 0.9497 - recall: 0.9742
 38/349 [==>...........................] - ETA: 18s - loss: 0.0886 - accuracy: 0.9605 - precision: 0.9515 - recall: 0.9752
 39/349 [==>...........................] - ETA: 18s - loss: 0.0872 - accuracy: 0.9615 - precision: 0.9518 - recall: 0.9753
 41/349 [==>...........................] - ETA: 17s - loss: 0.0873 - accuracy: 0.9634 - precision: 0.9535 - recall: 0.9762
 42/349 [==>...........................] - ETA: 17s - loss: 0.0925 - accuracy: 0.9613 - precision: 0.9543 - recall: 0.9709
 43/349 [==>...........................] - ETA: 17s - loss: 0.0929 - accuracy: 0.9593 - precision: 0.9503 - recall: 0.9718
 45/349 [==>...........................] - ETA: 17s - loss: 0.0903 - accuracy: 0.9611 - precision: 0.9534 - recall: 0.9735
 46/349 [==>...........................] - ETA: 17s - loss: 0.0884 - accuracy: 0.9620 - precision: 0.9541 - recall: 0.9740
 48/349 [===>..........................] - ETA: 17s - loss: 0.0856 - accuracy: 0.9635 - precision: 0.9559 - recall: 0.9750
 49/349 [===>..........................] - ETA: 17s - loss: 0.0840 - accuracy: 0.9643 - precision: 0.9561 - recall: 0.9751
 50/349 [===>..........................] - ETA: 17s - loss: 0.0824 - accuracy: 0.9650 - precision: 0.9569 - recall: 0.9756
 52/349 [===>..........................] - ETA: 17s - loss: 0.0818 - accuracy: 0.9639 - precision: 0.9533 - recall: 0.9761
 53/349 [===>..........................] - ETA: 16s - loss: 0.0815 - accuracy: 0.9646 - precision: 0.9541 - recall: 0.9765
 54/349 [===>..........................] - ETA: 16s - loss: 0.0825 - accuracy: 0.9653 - precision: 0.9552 - recall: 0.9771
 55/349 [===>..........................] - ETA: 16s - loss: 0.0813 - accuracy: 0.9659 - precision: 0.9556 - recall: 0.9773
 56/349 [===>..........................] - ETA: 16s - loss: 0.0808 - accuracy: 0.9665 - precision: 0.9563 - recall: 0.9777
 57/349 [===>..........................] - ETA: 16s - loss: 0.0801 - accuracy: 0.9671 - precision: 0.9569 - recall: 0.9780
 59/349 [====>.........................] - ETA: 16s - loss: 0.0825 - accuracy: 0.9640 - precision: 0.9582 - recall: 0.9703
 60/349 [====>.........................] - ETA: 16s - loss: 0.0830 - accuracy: 0.9646 - precision: 0.9588 - recall: 0.9708
 61/349 [====>.........................] - ETA: 16s - loss: 0.0825 - accuracy: 0.9652 - precision: 0.9595 - recall: 0.9713
 62/349 [====>.........................] - ETA: 16s - loss: 0.0816 - accuracy: 0.9657 - precision: 0.9602 - recall: 0.9718
 63/349 [====>.........................] - ETA: 16s - loss: 0.0839 - accuracy: 0.9643 - precision: 0.9569 - recall: 0.9721
 64/349 [====>.........................] - ETA: 16s - loss: 0.0835 - accuracy: 0.9648 - precision: 0.9580 - recall: 0.9729
 65/349 [====>.........................] - ETA: 16s - loss: 0.0839 - accuracy: 0.9654 - precision: 0.9588 - recall: 0.9734
 67/349 [====>.........................] - ETA: 16s - loss: 0.0896 - accuracy: 0.9646 - precision: 0.9565 - recall: 0.9742
 68/349 [====>.........................] - ETA: 15s - loss: 0.0945 - accuracy: 0.9632 - precision: 0.9536 - recall: 0.9745
 70/349 [=====>........................] - ETA: 15s - loss: 0.0923 - accuracy: 0.9643 - precision: 0.9549 - recall: 0.9752
 71/349 [=====>........................] - ETA: 15s - loss: 0.0910 - accuracy: 0.9648 - precision: 0.9556 - recall: 0.9756
 72/349 [=====>........................] - ETA: 15s - loss: 0.0898 - accuracy: 0.9653 - precision: 0.9562 - recall: 0.9759
 74/349 [=====>........................] - ETA: 15s - loss: 0.0913 - accuracy: 0.9645 - precision: 0.9542 - recall: 0.9766
 76/349 [=====>........................] - ETA: 15s - loss: 0.0921 - accuracy: 0.9638 - precision: 0.9550 - recall: 0.9738
 78/349 [=====>........................] - ETA: 15s - loss: 0.0914 - accuracy: 0.9647 - precision: 0.9560 - recall: 0.9744
 79/349 [=====>........................] - ETA: 15s - loss: 0.0927 - accuracy: 0.9636 - precision: 0.9565 - recall: 0.9716
 80/349 [=====>........................] - ETA: 15s - loss: 0.0922 - accuracy: 0.9641 - precision: 0.9569 - recall: 0.9719
 81/349 [=====>........................] - ETA: 15s - loss: 0.0912 - accuracy: 0.9645 - precision: 0.9577 - recall: 0.9724
 82/349 [======>.......................] - ETA: 15s - loss: 0.0903 - accuracy: 0.9649 - precision: 0.9582 - recall: 0.9727
 83/349 [======>.......................] - ETA: 15s - loss: 0.0893 - accuracy: 0.9654 - precision: 0.9588 - recall: 0.9731
 84/349 [======>.......................] - ETA: 14s - loss: 0.0892 - accuracy: 0.9658 - precision: 0.9591 - recall: 0.9733
 85/349 [======>.......................] - ETA: 14s - loss: 0.0888 - accuracy: 0.9662 - precision: 0.9597 - recall: 0.9737
 86/349 [======>.......................] - ETA: 14s - loss: 0.0909 - accuracy: 0.9651 - precision: 0.9571 - recall: 0.9738
 87/349 [======>.......................] - ETA: 14s - loss: 0.0919 - accuracy: 0.9655 - precision: 0.9575 - recall: 0.9741
 88/349 [======>.......................] - ETA: 14s - loss: 0.0943 - accuracy: 0.9645 - precision: 0.9551 - recall: 0.9742
 90/349 [======>.......................] - ETA: 14s - loss: 0.0964 - accuracy: 0.9639 - precision: 0.9530 - recall: 0.9746
 92/349 [======>.......................] - ETA: 14s - loss: 0.0948 - accuracy: 0.9647 - precision: 0.9548 - recall: 0.9755
 94/349 [=======>......................] - ETA: 14s - loss: 0.0939 - accuracy: 0.9654 - precision: 0.9557 - recall: 0.9761
 96/349 [=======>......................] - ETA: 14s - loss: 0.0962 - accuracy: 0.9648 - precision: 0.9565 - recall: 0.9740
 97/349 [=======>......................] - ETA: 14s - loss: 0.0953 - accuracy: 0.9652 - precision: 0.9569 - recall: 0.9742
 99/349 [=======>......................] - ETA: 13s - loss: 0.0940 - accuracy: 0.9659 - precision: 0.9574 - recall: 0.9745
100/349 [=======>......................] - ETA: 13s - loss: 0.0931 - accuracy: 0.9663 - precision: 0.9576 - recall: 0.9746
101/349 [=======>......................] - ETA: 13s - loss: 0.0921 - accuracy: 0.9666 - precision: 0.9579 - recall: 0.9748
102/349 [=======>......................] - ETA: 13s - loss: 0.0937 - accuracy: 0.9657 - precision: 0.9584 - recall: 0.9727
104/349 [=======>......................] - ETA: 13s - loss: 0.0952 - accuracy: 0.9639 - precision: 0.9544 - recall: 0.9731
105/349 [========>.....................] - ETA: 13s - loss: 0.0949 - accuracy: 0.9643 - precision: 0.9548 - recall: 0.9733
106/349 [========>.....................] - ETA: 13s - loss: 0.0944 - accuracy: 0.9646 - precision: 0.9553 - recall: 0.9736
108/349 [========>.....................] - ETA: 13s - loss: 0.0950 - accuracy: 0.9630 - precision: 0.9561 - recall: 0.9696
109/349 [========>.....................] - ETA: 13s - loss: 0.0942 - accuracy: 0.9633 - precision: 0.9565 - recall: 0.9698
111/349 [========>.....................] - ETA: 13s - loss: 0.0950 - accuracy: 0.9628 - precision: 0.9572 - recall: 0.9681
112/349 [========>.....................] - ETA: 13s - loss: 0.0950 - accuracy: 0.9632 - precision: 0.9575 - recall: 0.9683
113/349 [========>.....................] - ETA: 13s - loss: 0.0942 - accuracy: 0.9635 - precision: 0.9577 - recall: 0.9685
115/349 [========>.....................] - ETA: 12s - loss: 0.0954 - accuracy: 0.9630 - precision: 0.9583 - recall: 0.9668
116/349 [========>.....................] - ETA: 12s - loss: 0.0947 - accuracy: 0.9634 - precision: 0.9588 - recall: 0.9672
117/349 [=========>....................] - ETA: 12s - loss: 0.0947 - accuracy: 0.9626 - precision: 0.9591 - recall: 0.9654
119/349 [=========>....................] - ETA: 12s - loss: 0.0933 - accuracy: 0.9632 - precision: 0.9595 - recall: 0.9657
121/349 [=========>....................] - ETA: 12s - loss: 0.0923 - accuracy: 0.9638 - precision: 0.9599 - recall: 0.9660
122/349 [=========>....................] - ETA: 12s - loss: 0.0940 - accuracy: 0.9631 - precision: 0.9582 - recall: 0.9662
124/349 [=========>....................] - ETA: 12s - loss: 0.0952 - accuracy: 0.9627 - precision: 0.9568 - recall: 0.9667
125/349 [=========>....................] - ETA: 12s - loss: 0.0946 - accuracy: 0.9630 - precision: 0.9572 - recall: 0.9671
126/349 [=========>....................] - ETA: 12s - loss: 0.0951 - accuracy: 0.9623 - precision: 0.9556 - recall: 0.9673
128/349 [==========>...................] - ETA: 12s - loss: 0.0953 - accuracy: 0.9619 - precision: 0.9546 - recall: 0.9680
130/349 [==========>...................] - ETA: 12s - loss: 0.0941 - accuracy: 0.9625 - precision: 0.9554 - recall: 0.9686
131/349 [==========>...................] - ETA: 11s - loss: 0.0942 - accuracy: 0.9628 - precision: 0.9559 - recall: 0.9689
133/349 [==========>...................] - ETA: 11s - loss: 0.0965 - accuracy: 0.9624 - precision: 0.9563 - recall: 0.9673
135/349 [==========>...................] - ETA: 11s - loss: 0.0952 - accuracy: 0.9630 - precision: 0.9568 - recall: 0.9677
137/349 [==========>...................] - ETA: 11s - loss: 0.0951 - accuracy: 0.9635 - precision: 0.9577 - recall: 0.9684
139/349 [==========>...................] - ETA: 11s - loss: 0.0948 - accuracy: 0.9631 - precision: 0.9565 - recall: 0.9688
141/349 [===========>..................] - ETA: 11s - loss: 0.0973 - accuracy: 0.9628 - precision: 0.9555 - recall: 0.9693
142/349 [===========>..................] - ETA: 11s - loss: 0.0969 - accuracy: 0.9630 - precision: 0.9557 - recall: 0.9694
143/349 [===========>..................] - ETA: 11s - loss: 0.0968 - accuracy: 0.9633 - precision: 0.9559 - recall: 0.9696
144/349 [===========>..................] - ETA: 11s - loss: 0.0980 - accuracy: 0.9627 - precision: 0.9561 - recall: 0.9680
145/349 [===========>..................] - ETA: 11s - loss: 0.0978 - accuracy: 0.9629 - precision: 0.9564 - recall: 0.9683
147/349 [===========>..................] - ETA: 11s - loss: 0.0972 - accuracy: 0.9634 - precision: 0.9568 - recall: 0.9685
149/349 [===========>..................] - ETA: 10s - loss: 0.0963 - accuracy: 0.9639 - precision: 0.9574 - recall: 0.9690
150/349 [===========>..................] - ETA: 10s - loss: 0.0965 - accuracy: 0.9633 - precision: 0.9562 - recall: 0.9693
152/349 [============>.................] - ETA: 10s - loss: 0.0969 - accuracy: 0.9630 - precision: 0.9567 - recall: 0.9680
153/349 [============>.................] - ETA: 10s - loss: 0.0962 - accuracy: 0.9632 - precision: 0.9571 - recall: 0.9683
154/349 [============>.................] - ETA: 10s - loss: 0.0957 - accuracy: 0.9635 - precision: 0.9573 - recall: 0.9684
155/349 [============>.................] - ETA: 10s - loss: 0.0958 - accuracy: 0.9637 - precision: 0.9575 - recall: 0.9686
156/349 [============>.................] - ETA: 10s - loss: 0.0956 - accuracy: 0.9639 - precision: 0.9579 - recall: 0.9689
157/349 [============>.................] - ETA: 10s - loss: 0.0966 - accuracy: 0.9626 - precision: 0.9567 - recall: 0.9675
158/349 [============>.................] - ETA: 10s - loss: 0.0965 - accuracy: 0.9628 - precision: 0.9569 - recall: 0.9677
159/349 [============>.................] - ETA: 10s - loss: 0.0960 - accuracy: 0.9631 - precision: 0.9571 - recall: 0.9679
160/349 [============>.................] - ETA: 10s - loss: 0.0954 - accuracy: 0.9633 - precision: 0.9573 - recall: 0.9680
161/349 [============>.................] - ETA: 10s - loss: 0.0963 - accuracy: 0.9627 - precision: 0.9560 - recall: 0.9682
162/349 [============>.................] - ETA: 10s - loss: 0.0971 - accuracy: 0.9622 - precision: 0.9547 - recall: 0.9683
163/349 [=============>................] - ETA: 10s - loss: 0.0976 - accuracy: 0.9617 - precision: 0.9550 - recall: 0.9670
164/349 [=============>................] - ETA: 10s - loss: 0.0976 - accuracy: 0.9619 - precision: 0.9552 - recall: 0.9671
165/349 [=============>................] - ETA: 10s - loss: 0.0980 - accuracy: 0.9621 - precision: 0.9555 - recall: 0.9674
166/349 [=============>................] - ETA: 10s - loss: 0.0974 - accuracy: 0.9623 - precision: 0.9559 - recall: 0.9676
167/349 [=============>................] - ETA: 9s - loss: 0.0973 - accuracy: 0.9626 - precision: 0.9563 - recall: 0.9679 
168/349 [=============>................] - ETA: 9s - loss: 0.0968 - accuracy: 0.9628 - precision: 0.9565 - recall: 0.9681
169/349 [=============>................] - ETA: 9s - loss: 0.0986 - accuracy: 0.9615 - precision: 0.9568 - recall: 0.9654
170/349 [=============>................] - ETA: 9s - loss: 0.0991 - accuracy: 0.9610 - precision: 0.9570 - recall: 0.9641
171/349 [=============>................] - ETA: 9s - loss: 0.0997 - accuracy: 0.9605 - precision: 0.9558 - recall: 0.9643
172/349 [=============>................] - ETA: 9s - loss: 0.1002 - accuracy: 0.9600 - precision: 0.9559 - recall: 0.9630
173/349 [=============>................] - ETA: 9s - loss: 0.1002 - accuracy: 0.9603 - precision: 0.9562 - recall: 0.9632
174/349 [=============>................] - ETA: 9s - loss: 0.1005 - accuracy: 0.9598 - precision: 0.9550 - recall: 0.9634
175/349 [==============>...............] - ETA: 9s - loss: 0.1000 - accuracy: 0.9600 - precision: 0.9552 - recall: 0.9636
176/349 [==============>...............] - ETA: 9s - loss: 0.0994 - accuracy: 0.9602 - precision: 0.9555 - recall: 0.9638
177/349 [==============>...............] - ETA: 9s - loss: 0.0994 - accuracy: 0.9605 - precision: 0.9558 - recall: 0.9641
178/349 [==============>...............] - ETA: 9s - loss: 0.0989 - accuracy: 0.9607 - precision: 0.9560 - recall: 0.9642
179/349 [==============>...............] - ETA: 9s - loss: 0.0984 - accuracy: 0.9609 - precision: 0.9560 - recall: 0.9642
180/349 [==============>...............] - ETA: 9s - loss: 0.0979 - accuracy: 0.9611 - precision: 0.9563 - recall: 0.9644
181/349 [==============>...............] - ETA: 9s - loss: 0.0974 - accuracy: 0.9613 - precision: 0.9565 - recall: 0.9646
182/349 [==============>...............] - ETA: 9s - loss: 0.0970 - accuracy: 0.9615 - precision: 0.9566 - recall: 0.9647
183/349 [==============>...............] - ETA: 9s - loss: 0.0969 - accuracy: 0.9617 - precision: 0.9567 - recall: 0.9648
184/349 [==============>...............] - ETA: 9s - loss: 0.0972 - accuracy: 0.9613 - precision: 0.9556 - recall: 0.9650
185/349 [==============>...............] - ETA: 9s - loss: 0.0975 - accuracy: 0.9615 - precision: 0.9559 - recall: 0.9652
186/349 [==============>...............] - ETA: 9s - loss: 0.0971 - accuracy: 0.9617 - precision: 0.9562 - recall: 0.9655
187/349 [===============>..............] - ETA: 9s - loss: 0.0972 - accuracy: 0.9619 - precision: 0.9564 - recall: 0.9656
188/349 [===============>..............] - ETA: 9s - loss: 0.0967 - accuracy: 0.9621 - precision: 0.9565 - recall: 0.9657
189/349 [===============>..............] - ETA: 8s - loss: 0.0997 - accuracy: 0.9610 - precision: 0.9554 - recall: 0.9645
190/349 [===============>..............] - ETA: 8s - loss: 0.0998 - accuracy: 0.9605 - precision: 0.9544 - recall: 0.9647
191/349 [===============>..............] - ETA: 8s - loss: 0.0995 - accuracy: 0.9607 - precision: 0.9546 - recall: 0.9649
192/349 [===============>..............] - ETA: 8s - loss: 0.0993 - accuracy: 0.9609 - precision: 0.9548 - recall: 0.9651
193/349 [===============>..............] - ETA: 8s - loss: 0.0988 - accuracy: 0.9611 - precision: 0.9551 - recall: 0.9653
194/349 [===============>..............] - ETA: 8s - loss: 0.0987 - accuracy: 0.9613 - precision: 0.9554 - recall: 0.9656
195/349 [===============>..............] - ETA: 8s - loss: 0.1013 - accuracy: 0.9603 - precision: 0.9544 - recall: 0.9644
196/349 [===============>..............] - ETA: 8s - loss: 0.1011 - accuracy: 0.9605 - precision: 0.9546 - recall: 0.9646
198/349 [================>.............] - ETA: 8s - loss: 0.1002 - accuracy: 0.9609 - precision: 0.9548 - recall: 0.9648
199/349 [================>.............] - ETA: 8s - loss: 0.1000 - accuracy: 0.9611 - precision: 0.9551 - recall: 0.9650
200/349 [================>.............] - ETA: 8s - loss: 0.0996 - accuracy: 0.9613 - precision: 0.9555 - recall: 0.9653
201/349 [================>.............] - ETA: 8s - loss: 0.0992 - accuracy: 0.9614 - precision: 0.9556 - recall: 0.9654
202/349 [================>.............] - ETA: 8s - loss: 0.0989 - accuracy: 0.9616 - precision: 0.9557 - recall: 0.9655
204/349 [================>.............] - ETA: 8s - loss: 0.0986 - accuracy: 0.9614 - precision: 0.9561 - recall: 0.9646
205/349 [================>.............] - ETA: 8s - loss: 0.0988 - accuracy: 0.9616 - precision: 0.9563 - recall: 0.9647
206/349 [================>.............] - ETA: 8s - loss: 0.0984 - accuracy: 0.9618 - precision: 0.9566 - recall: 0.9650
207/349 [================>.............] - ETA: 7s - loss: 0.0979 - accuracy: 0.9620 - precision: 0.9568 - recall: 0.9652
208/349 [================>.............] - ETA: 7s - loss: 0.0979 - accuracy: 0.9615 - precision: 0.9558 - recall: 0.9653
209/349 [================>.............] - ETA: 7s - loss: 0.0975 - accuracy: 0.9617 - precision: 0.9560 - recall: 0.9655
210/349 [=================>............] - ETA: 7s - loss: 0.0972 - accuracy: 0.9619 - precision: 0.9563 - recall: 0.9657
211/349 [=================>............] - ETA: 7s - loss: 0.0969 - accuracy: 0.9621 - precision: 0.9566 - recall: 0.9659
212/349 [=================>............] - ETA: 7s - loss: 0.0965 - accuracy: 0.9623 - precision: 0.9567 - recall: 0.9660
213/349 [=================>............] - ETA: 7s - loss: 0.0962 - accuracy: 0.9624 - precision: 0.9570 - recall: 0.9663
214/349 [=================>............] - ETA: 7s - loss: 0.0967 - accuracy: 0.9620 - precision: 0.9561 - recall: 0.9664
215/349 [=================>............] - ETA: 7s - loss: 0.0962 - accuracy: 0.9622 - precision: 0.9564 - recall: 0.9667
216/349 [=================>............] - ETA: 7s - loss: 0.0968 - accuracy: 0.9618 - precision: 0.9567 - recall: 0.9658
217/349 [=================>............] - ETA: 7s - loss: 0.0967 - accuracy: 0.9618 - precision: 0.9568 - recall: 0.9658
218/349 [=================>............] - ETA: 7s - loss: 0.0964 - accuracy: 0.9620 - precision: 0.9570 - recall: 0.9660
219/349 [=================>............] - ETA: 7s - loss: 0.0964 - accuracy: 0.9616 - precision: 0.9561 - recall: 0.9661
220/349 [=================>............] - ETA: 7s - loss: 0.0978 - accuracy: 0.9606 - precision: 0.9551 - recall: 0.9651
221/349 [=================>............] - ETA: 7s - loss: 0.0975 - accuracy: 0.9608 - precision: 0.9554 - recall: 0.9654
222/349 [==================>...........] - ETA: 7s - loss: 0.0979 - accuracy: 0.9604 - precision: 0.9557 - recall: 0.9645
223/349 [==================>...........] - ETA: 7s - loss: 0.0977 - accuracy: 0.9606 - precision: 0.9560 - recall: 0.9647
224/349 [==================>...........] - ETA: 7s - loss: 0.0973 - accuracy: 0.9608 - precision: 0.9562 - recall: 0.9649
225/349 [==================>...........] - ETA: 7s - loss: 0.0969 - accuracy: 0.9610 - precision: 0.9564 - recall: 0.9651
226/349 [==================>...........] - ETA: 6s - loss: 0.0967 - accuracy: 0.9611 - precision: 0.9567 - recall: 0.9652
227/349 [==================>...........] - ETA: 6s - loss: 0.0976 - accuracy: 0.9608 - precision: 0.9559 - recall: 0.9655
228/349 [==================>...........] - ETA: 6s - loss: 0.0977 - accuracy: 0.9609 - precision: 0.9560 - recall: 0.9656
229/349 [==================>...........] - ETA: 6s - loss: 0.0973 - accuracy: 0.9611 - precision: 0.9562 - recall: 0.9657
230/349 [==================>...........] - ETA: 6s - loss: 0.0976 - accuracy: 0.9607 - precision: 0.9554 - recall: 0.9659
231/349 [==================>...........] - ETA: 6s - loss: 0.0975 - accuracy: 0.9609 - precision: 0.9556 - recall: 0.9661
232/349 [==================>...........] - ETA: 6s - loss: 0.0977 - accuracy: 0.9605 - precision: 0.9558 - recall: 0.9651
233/349 [===================>..........] - ETA: 6s - loss: 0.0975 - accuracy: 0.9607 - precision: 0.9558 - recall: 0.9652
234/349 [===================>..........] - ETA: 6s - loss: 0.0971 - accuracy: 0.9609 - precision: 0.9560 - recall: 0.9653
235/349 [===================>..........] - ETA: 6s - loss: 0.0983 - accuracy: 0.9600 - precision: 0.9541 - recall: 0.9654
236/349 [===================>..........] - ETA: 6s - loss: 0.0988 - accuracy: 0.9596 - precision: 0.9543 - recall: 0.9645
237/349 [===================>..........] - ETA: 6s - loss: 0.0989 - accuracy: 0.9592 - precision: 0.9535 - recall: 0.9647
238/349 [===================>..........] - ETA: 6s - loss: 0.0985 - accuracy: 0.9594 - precision: 0.9536 - recall: 0.9648
239/349 [===================>..........] - ETA: 6s - loss: 0.0982 - accuracy: 0.9596 - precision: 0.9537 - recall: 0.9649
240/349 [===================>..........] - ETA: 6s - loss: 0.0981 - accuracy: 0.9597 - precision: 0.9539 - recall: 0.9650
241/349 [===================>..........] - ETA: 6s - loss: 0.0977 - accuracy: 0.9599 - precision: 0.9541 - recall: 0.9652
242/349 [===================>..........] - ETA: 6s - loss: 0.0974 - accuracy: 0.9601 - precision: 0.9542 - recall: 0.9653
243/349 [===================>..........] - ETA: 6s - loss: 0.0975 - accuracy: 0.9602 - precision: 0.9545 - recall: 0.9655
244/349 [===================>..........] - ETA: 5s - loss: 0.0979 - accuracy: 0.9599 - precision: 0.9537 - recall: 0.9656
245/349 [====================>.........] - ETA: 5s - loss: 0.0975 - accuracy: 0.9601 - precision: 0.9540 - recall: 0.9659
246/349 [====================>.........] - ETA: 5s - loss: 0.0972 - accuracy: 0.9602 - precision: 0.9543 - recall: 0.9660
247/349 [====================>.........] - ETA: 5s - loss: 0.0970 - accuracy: 0.9604 - precision: 0.9545 - recall: 0.9662
248/349 [====================>.........] - ETA: 5s - loss: 0.0967 - accuracy: 0.9605 - precision: 0.9547 - recall: 0.9664
249/349 [====================>.........] - ETA: 5s - loss: 0.0974 - accuracy: 0.9602 - precision: 0.9539 - recall: 0.9665
250/349 [====================>.........] - ETA: 5s - loss: 0.0971 - accuracy: 0.9604 - precision: 0.9542 - recall: 0.9667
251/349 [====================>.........] - ETA: 5s - loss: 0.0971 - accuracy: 0.9605 - precision: 0.9544 - recall: 0.9668
252/349 [====================>.........] - ETA: 5s - loss: 0.0970 - accuracy: 0.9607 - precision: 0.9546 - recall: 0.9670
253/349 [====================>.........] - ETA: 5s - loss: 0.0980 - accuracy: 0.9603 - precision: 0.9537 - recall: 0.9671
254/349 [====================>.........] - ETA: 5s - loss: 0.0994 - accuracy: 0.9600 - precision: 0.9539 - recall: 0.9662
255/349 [====================>.........] - ETA: 5s - loss: 0.1003 - accuracy: 0.9597 - precision: 0.9531 - recall: 0.9663
256/349 [=====================>........] - ETA: 5s - loss: 0.0999 - accuracy: 0.9598 - precision: 0.9532 - recall: 0.9664
257/349 [=====================>........] - ETA: 5s - loss: 0.0996 - accuracy: 0.9600 - precision: 0.9533 - recall: 0.9665
258/349 [=====================>........] - ETA: 5s - loss: 0.0993 - accuracy: 0.9601 - precision: 0.9534 - recall: 0.9666
259/349 [=====================>........] - ETA: 5s - loss: 0.1003 - accuracy: 0.9598 - precision: 0.9527 - recall: 0.9667
260/349 [=====================>........] - ETA: 5s - loss: 0.1005 - accuracy: 0.9595 - precision: 0.9520 - recall: 0.9669
261/349 [=====================>........] - ETA: 5s - loss: 0.1003 - accuracy: 0.9596 - precision: 0.9523 - recall: 0.9671
262/349 [=====================>........] - ETA: 5s - loss: 0.1000 - accuracy: 0.9598 - precision: 0.9525 - recall: 0.9672
263/349 [=====================>........] - ETA: 4s - loss: 0.0998 - accuracy: 0.9599 - precision: 0.9527 - recall: 0.9673
264/349 [=====================>........] - ETA: 4s - loss: 0.1000 - accuracy: 0.9601 - precision: 0.9528 - recall: 0.9674
265/349 [=====================>........] - ETA: 4s - loss: 0.1004 - accuracy: 0.9598 - precision: 0.9521 - recall: 0.9676
266/349 [=====================>........] - ETA: 4s - loss: 0.1006 - accuracy: 0.9595 - precision: 0.9514 - recall: 0.9677
267/349 [=====================>........] - ETA: 4s - loss: 0.1002 - accuracy: 0.9596 - precision: 0.9516 - recall: 0.9678
268/349 [======================>.......] - ETA: 4s - loss: 0.0999 - accuracy: 0.9598 - precision: 0.9518 - recall: 0.9680
269/349 [======================>.......] - ETA: 4s - loss: 0.0996 - accuracy: 0.9599 - precision: 0.9520 - recall: 0.9681
270/349 [======================>.......] - ETA: 4s - loss: 0.1007 - accuracy: 0.9596 - precision: 0.9522 - recall: 0.9673
271/349 [======================>.......] - ETA: 4s - loss: 0.1005 - accuracy: 0.9597 - precision: 0.9523 - recall: 0.9674
272/349 [======================>.......] - ETA: 4s - loss: 0.1003 - accuracy: 0.9599 - precision: 0.9525 - recall: 0.9675
273/349 [======================>.......] - ETA: 4s - loss: 0.1002 - accuracy: 0.9600 - precision: 0.9527 - recall: 0.9677
274/349 [======================>.......] - ETA: 4s - loss: 0.1005 - accuracy: 0.9597 - precision: 0.9520 - recall: 0.9678
275/349 [======================>.......] - ETA: 4s - loss: 0.1003 - accuracy: 0.9599 - precision: 0.9521 - recall: 0.9679
276/349 [======================>.......] - ETA: 4s - loss: 0.1008 - accuracy: 0.9596 - precision: 0.9523 - recall: 0.9671
277/349 [======================>.......] - ETA: 4s - loss: 0.1005 - accuracy: 0.9597 - precision: 0.9523 - recall: 0.9671
278/349 [======================>.......] - ETA: 4s - loss: 0.1006 - accuracy: 0.9594 - precision: 0.9516 - recall: 0.9672
279/349 [======================>.......] - ETA: 4s - loss: 0.1003 - accuracy: 0.9596 - precision: 0.9518 - recall: 0.9674
280/349 [=======================>......] - ETA: 4s - loss: 0.1001 - accuracy: 0.9597 - precision: 0.9520 - recall: 0.9675
281/349 [=======================>......] - ETA: 4s - loss: 0.0998 - accuracy: 0.9598 - precision: 0.9522 - recall: 0.9676
282/349 [=======================>......] - ETA: 4s - loss: 0.1004 - accuracy: 0.9595 - precision: 0.9523 - recall: 0.9668
283/349 [=======================>......] - ETA: 4s - loss: 0.1003 - accuracy: 0.9597 - precision: 0.9526 - recall: 0.9670
284/349 [=======================>......] - ETA: 4s - loss: 0.1000 - accuracy: 0.9598 - precision: 0.9527 - recall: 0.9671
285/349 [=======================>......] - ETA: 4s - loss: 0.0999 - accuracy: 0.9600 - precision: 0.9528 - recall: 0.9672
286/349 [=======================>......] - ETA: 3s - loss: 0.0999 - accuracy: 0.9601 - precision: 0.9530 - recall: 0.9673
287/349 [=======================>......] - ETA: 3s - loss: 0.0997 - accuracy: 0.9602 - precision: 0.9531 - recall: 0.9674
288/349 [=======================>......] - ETA: 3s - loss: 0.0999 - accuracy: 0.9604 - precision: 0.9533 - recall: 0.9675
289/349 [=======================>......] - ETA: 3s - loss: 0.0996 - accuracy: 0.9605 - precision: 0.9534 - recall: 0.9676
290/349 [=======================>......] - ETA: 3s - loss: 0.0996 - accuracy: 0.9607 - precision: 0.9537 - recall: 0.9678
291/349 [========================>.....] - ETA: 3s - loss: 0.0994 - accuracy: 0.9608 - precision: 0.9538 - recall: 0.9679
292/349 [========================>.....] - ETA: 3s - loss: 0.0992 - accuracy: 0.9609 - precision: 0.9540 - recall: 0.9680
293/349 [========================>.....] - ETA: 3s - loss: 0.0989 - accuracy: 0.9611 - precision: 0.9541 - recall: 0.9681
294/349 [========================>.....] - ETA: 3s - loss: 0.0986 - accuracy: 0.9612 - precision: 0.9543 - recall: 0.9682
295/349 [========================>.....] - ETA: 3s - loss: 0.0992 - accuracy: 0.9609 - precision: 0.9536 - recall: 0.9683
296/349 [========================>.....] - ETA: 3s - loss: 0.0990 - accuracy: 0.9610 - precision: 0.9538 - recall: 0.9684
297/349 [========================>.....] - ETA: 3s - loss: 0.0990 - accuracy: 0.9612 - precision: 0.9540 - recall: 0.9686
298/349 [========================>.....] - ETA: 3s - loss: 0.0989 - accuracy: 0.9613 - precision: 0.9542 - recall: 0.9687
299/349 [========================>.....] - ETA: 3s - loss: 0.0987 - accuracy: 0.9614 - precision: 0.9543 - recall: 0.9688
300/349 [========================>.....] - ETA: 3s - loss: 0.0985 - accuracy: 0.9616 - precision: 0.9545 - recall: 0.9689
301/349 [========================>.....] - ETA: 3s - loss: 0.0984 - accuracy: 0.9617 - precision: 0.9547 - recall: 0.9691
302/349 [========================>.....] - ETA: 3s - loss: 0.0991 - accuracy: 0.9614 - precision: 0.9540 - recall: 0.9691
303/349 [=========================>....] - ETA: 3s - loss: 0.0988 - accuracy: 0.9615 - precision: 0.9541 - recall: 0.9692
304/349 [=========================>....] - ETA: 2s - loss: 0.0986 - accuracy: 0.9616 - precision: 0.9542 - recall: 0.9693
305/349 [=========================>....] - ETA: 2s - loss: 0.0987 - accuracy: 0.9618 - precision: 0.9545 - recall: 0.9695
306/349 [=========================>....] - ETA: 2s - loss: 0.0989 - accuracy: 0.9615 - precision: 0.9547 - recall: 0.9688
308/349 [=========================>....] - ETA: 2s - loss: 0.0986 - accuracy: 0.9617 - precision: 0.9549 - recall: 0.9690
309/349 [=========================>....] - ETA: 2s - loss: 0.0983 - accuracy: 0.9619 - precision: 0.9550 - recall: 0.9690
311/349 [=========================>....] - ETA: 2s - loss: 0.0979 - accuracy: 0.9621 - precision: 0.9552 - recall: 0.9692
313/349 [=========================>....] - ETA: 2s - loss: 0.0990 - accuracy: 0.9616 - precision: 0.9541 - recall: 0.9694
314/349 [=========================>....] - ETA: 2s - loss: 0.0992 - accuracy: 0.9613 - precision: 0.9542 - recall: 0.9687
315/349 [==========================>...] - ETA: 2s - loss: 0.0989 - accuracy: 0.9614 - precision: 0.9544 - recall: 0.9688
316/349 [==========================>...] - ETA: 2s - loss: 0.0986 - accuracy: 0.9615 - precision: 0.9545 - recall: 0.9689
317/349 [==========================>...] - ETA: 2s - loss: 0.0988 - accuracy: 0.9612 - precision: 0.9539 - recall: 0.9690
318/349 [==========================>...] - ETA: 2s - loss: 0.0998 - accuracy: 0.9610 - precision: 0.9533 - recall: 0.9691
319/349 [==========================>...] - ETA: 1s - loss: 0.0995 - accuracy: 0.9611 - precision: 0.9534 - recall: 0.9692
320/349 [==========================>...] - ETA: 1s - loss: 0.0993 - accuracy: 0.9612 - precision: 0.9535 - recall: 0.9693
321/349 [==========================>...] - ETA: 1s - loss: 0.0991 - accuracy: 0.9613 - precision: 0.9537 - recall: 0.9694
322/349 [==========================>...] - ETA: 1s - loss: 0.0988 - accuracy: 0.9615 - precision: 0.9539 - recall: 0.9695
323/349 [==========================>...] - ETA: 1s - loss: 0.0987 - accuracy: 0.9616 - precision: 0.9541 - recall: 0.9696
324/349 [==========================>...] - ETA: 1s - loss: 0.0985 - accuracy: 0.9617 - precision: 0.9542 - recall: 0.9697
325/349 [==========================>...] - ETA: 1s - loss: 0.0990 - accuracy: 0.9614 - precision: 0.9536 - recall: 0.9699
326/349 [===========================>..] - ETA: 1s - loss: 0.0995 - accuracy: 0.9612 - precision: 0.9530 - recall: 0.9699
327/349 [===========================>..] - ETA: 1s - loss: 0.0993 - accuracy: 0.9613 - precision: 0.9531 - recall: 0.9700
328/349 [===========================>..] - ETA: 1s - loss: 0.0996 - accuracy: 0.9610 - precision: 0.9532 - recall: 0.9693
329/349 [===========================>..] - ETA: 1s - loss: 0.0996 - accuracy: 0.9611 - precision: 0.9533 - recall: 0.9694
330/349 [===========================>..] - ETA: 1s - loss: 0.0993 - accuracy: 0.9613 - precision: 0.9535 - recall: 0.9695
331/349 [===========================>..] - ETA: 1s - loss: 0.0998 - accuracy: 0.9610 - precision: 0.9536 - recall: 0.9688
332/349 [===========================>..] - ETA: 1s - loss: 0.0995 - accuracy: 0.9611 - precision: 0.9537 - recall: 0.9689
333/349 [===========================>..] - ETA: 1s - loss: 0.0992 - accuracy: 0.9612 - precision: 0.9538 - recall: 0.9690
334/349 [===========================>..] - ETA: 0s - loss: 0.0994 - accuracy: 0.9610 - precision: 0.9539 - recall: 0.9683
335/349 [===========================>..] - ETA: 0s - loss: 0.0992 - accuracy: 0.9611 - precision: 0.9540 - recall: 0.9684
336/349 [===========================>..] - ETA: 0s - loss: 0.0990 - accuracy: 0.9612 - precision: 0.9542 - recall: 0.9685
337/349 [===========================>..] - ETA: 0s - loss: 0.0993 - accuracy: 0.9613 - precision: 0.9543 - recall: 0.9686
338/349 [============================>.] - ETA: 0s - loss: 0.0990 - accuracy: 0.9614 - precision: 0.9544 - recall: 0.9687
339/349 [============================>.] - ETA: 0s - loss: 0.0991 - accuracy: 0.9612 - precision: 0.9538 - recall: 0.9688
340/349 [============================>.] - ETA: 0s - loss: 0.0990 - accuracy: 0.9613 - precision: 0.9540 - recall: 0.9688
341/349 [============================>.] - ETA: 0s - loss: 0.0988 - accuracy: 0.9614 - precision: 0.9541 - recall: 0.9689
342/349 [============================>.] - ETA: 0s - loss: 0.0986 - accuracy: 0.9615 - precision: 0.9542 - recall: 0.9690
343/349 [============================>.] - ETA: 0s - loss: 0.0987 - accuracy: 0.9613 - precision: 0.9544 - recall: 0.9684
344/349 [============================>.] - ETA: 0s - loss: 0.0987 - accuracy: 0.9614 - precision: 0.9545 - recall: 0.9685
345/349 [============================>.] - ETA: 0s - loss: 0.0985 - accuracy: 0.9615 - precision: 0.9546 - recall: 0.9686
346/349 [============================>.] - ETA: 0s - loss: 0.0983 - accuracy: 0.9616 - precision: 0.9548 - recall: 0.9687
348/349 [============================>.] - ETA: 0s - loss: 0.0998 - accuracy: 0.9611 - precision: 0.9544 - recall: 0.9682
349/349 [==============================] - ETA: 0s - loss: 0.0997 - accuracy: 0.9612 - precision: 0.9545 - recall: 0.9683
Epoch 9: saving model to C:\SIRCH_ENV\models\revision\exp13_grouped_retraining\gru_original_grouped\checkpoints\gru_original_grouped_epoch_009.weights.h5

Epoch 9: val_loss did not improve from 0.34125

349/349 [==============================] - 24s 69ms/step - loss: 0.0997 - accuracy: 0.9612 - precision: 0.9545 - recall: 0.9683 - val_loss: 0.5052 - val_accuracy: 0.8459 - val_precision: 0.8498 - val_recall: 0.8384 - lr: 5.0000e-05
Epoch 10/30

  1/349 [..............................] - ETA: 25s - loss: 0.0179 - accuracy: 1.0000 - precision: 1.0000 - recall: 1.0000
  2/349 [..............................] - ETA: 20s - loss: 0.0317 - accuracy: 1.0000 - precision: 1.0000 - recall: 1.0000
  3/349 [..............................] - ETA: 19s - loss: 0.1099 - accuracy: 0.9583 - precision: 0.9231 - recall: 1.0000
  4/349 [..............................] - ETA: 19s - loss: 0.0980 - accuracy: 0.9688 - precision: 0.9412 - recall: 1.0000
  5/349 [..............................] - ETA: 19s - loss: 0.1224 - accuracy: 0.9500 - precision: 0.9091 - recall: 1.0000
  6/349 [..............................] - ETA: 20s - loss: 0.1027 - accuracy: 0.9583 - precision: 0.9231 - recall: 1.0000
  7/349 [..............................] - ETA: 19s - loss: 0.0909 - accuracy: 0.9643 - precision: 0.9286 - recall: 1.0000
  8/349 [..............................] - ETA: 19s - loss: 0.0892 - accuracy: 0.9688 - precision: 0.9333 - recall: 1.0000
  9/349 [..............................] - ETA: 19s - loss: 0.0869 - accuracy: 0.9722 - precision: 0.9412 - recall: 1.0000
 10/349 [..............................] - ETA: 19s - loss: 0.0784 - accuracy: 0.9750 - precision: 0.9459 - recall: 1.0000
 11/349 [..............................] - ETA: 19s - loss: 0.0756 - accuracy: 0.9773 - precision: 0.9524 - recall: 1.0000
 12/349 [>.............................] - ETA: 19s - loss: 0.0995 - accuracy: 0.9583 - precision: 0.9167 - recall: 1.0000
 13/349 [>.............................] - ETA: 19s - loss: 0.0924 - accuracy: 0.9615 - precision: 0.9231 - recall: 1.0000
 14/349 [>.............................] - ETA: 19s - loss: 0.0891 - accuracy: 0.9643 - precision: 0.9286 - recall: 1.0000
 15/349 [>.............................] - ETA: 18s - loss: 0.0893 - accuracy: 0.9646 - precision: 0.9298 - recall: 1.0000
 16/349 [>.............................] - ETA: 18s - loss: 0.0836 - accuracy: 0.9669 - precision: 0.9333 - recall: 1.0000
 17/349 [>.............................] - ETA: 18s - loss: 0.0805 - accuracy: 0.9690 - precision: 0.9365 - recall: 1.0000
 18/349 [>.............................] - ETA: 18s - loss: 0.0821 - accuracy: 0.9708 - precision: 0.9403 - recall: 1.0000
 19/349 [>.............................] - ETA: 18s - loss: 0.0909 - accuracy: 0.9655 - precision: 0.9306 - recall: 1.0000
 20/349 [>.............................] - ETA: 18s - loss: 0.0878 - accuracy: 0.9673 - precision: 0.9333 - recall: 1.0000
 21/349 [>.............................] - ETA: 19s - loss: 0.0842 - accuracy: 0.9689 - precision: 0.9375 - recall: 1.0000
 22/349 [>.............................] - ETA: 19s - loss: 0.0825 - accuracy: 0.9704 - precision: 0.9419 - recall: 1.0000
 23/349 [>.............................] - ETA: 19s - loss: 0.0813 - accuracy: 0.9718 - precision: 0.9432 - recall: 1.0000
 24/349 [=>............................] - ETA: 19s - loss: 0.0831 - accuracy: 0.9676 - precision: 0.9362 - recall: 1.0000
 25/349 [=>............................] - ETA: 19s - loss: 0.0811 - accuracy: 0.9689 - precision: 0.9400 - recall: 1.0000
 26/349 [=>............................] - ETA: 19s - loss: 0.0800 - accuracy: 0.9701 - precision: 0.9412 - recall: 1.0000
 27/349 [=>............................] - ETA: 19s - loss: 0.0774 - accuracy: 0.9713 - precision: 0.9423 - recall: 1.0000
 28/349 [=>............................] - ETA: 19s - loss: 0.0797 - accuracy: 0.9677 - precision: 0.9352 - recall: 1.0000
 29/349 [=>............................] - ETA: 18s - loss: 0.0797 - accuracy: 0.9689 - precision: 0.9352 - recall: 1.0000
 30/349 [=>............................] - ETA: 18s - loss: 0.0798 - accuracy: 0.9700 - precision: 0.9386 - recall: 1.0000
 31/349 [=>............................] - ETA: 18s - loss: 0.0822 - accuracy: 0.9668 - precision: 0.9316 - recall: 1.0000
 32/349 [=>............................] - ETA: 18s - loss: 0.0796 - accuracy: 0.9679 - precision: 0.9333 - recall: 1.0000
 33/349 [=>............................] - ETA: 18s - loss: 0.0784 - accuracy: 0.9689 - precision: 0.9355 - recall: 1.0000
 35/349 [==>...........................] - ETA: 18s - loss: 0.0752 - accuracy: 0.9707 - precision: 0.9380 - recall: 1.0000
 36/349 [==>...........................] - ETA: 18s - loss: 0.0807 - accuracy: 0.9680 - precision: 0.9389 - recall: 0.9919
 37/349 [==>...........................] - ETA: 18s - loss: 0.0814 - accuracy: 0.9654 - precision: 0.9323 - recall: 0.9920
 38/349 [==>...........................] - ETA: 18s - loss: 0.0796 - accuracy: 0.9663 - precision: 0.9328 - recall: 0.9921
 39/349 [==>...........................] - ETA: 18s - loss: 0.0778 - accuracy: 0.9672 - precision: 0.9353 - recall: 0.9924
 40/349 [==>...........................] - ETA: 18s - loss: 0.0795 - accuracy: 0.9649 - precision: 0.9371 - recall: 0.9853
 41/349 [==>...........................] - ETA: 18s - loss: 0.0778 - accuracy: 0.9657 - precision: 0.9384 - recall: 0.9856
 42/349 [==>...........................] - ETA: 18s - loss: 0.0760 - accuracy: 0.9666 - precision: 0.9392 - recall: 0.9858
 43/349 [==>...........................] - ETA: 18s - loss: 0.0745 - accuracy: 0.9674 - precision: 0.9419 - recall: 0.9865
 44/349 [==>...........................] - ETA: 18s - loss: 0.0735 - accuracy: 0.9681 - precision: 0.9441 - recall: 0.9870
 45/349 [==>...........................] - ETA: 18s - loss: 0.0734 - accuracy: 0.9688 - precision: 0.9451 - recall: 0.9873
 46/349 [==>...........................] - ETA: 18s - loss: 0.0759 - accuracy: 0.9668 - precision: 0.9464 - recall: 0.9815
 47/349 [===>..........................] - ETA: 18s - loss: 0.0762 - accuracy: 0.9675 - precision: 0.9480 - recall: 0.9820
 48/349 [===>..........................] - ETA: 18s - loss: 0.0765 - accuracy: 0.9682 - precision: 0.9497 - recall: 0.9827
 49/349 [===>..........................] - ETA: 18s - loss: 0.0796 - accuracy: 0.9662 - precision: 0.9451 - recall: 0.9829
 50/349 [===>..........................] - ETA: 18s - loss: 0.0859 - accuracy: 0.9644 - precision: 0.9412 - recall: 0.9832
 51/349 [===>..........................] - ETA: 18s - loss: 0.0888 - accuracy: 0.9626 - precision: 0.9427 - recall: 0.9784
 52/349 [===>..........................] - ETA: 18s - loss: 0.0878 - accuracy: 0.9633 - precision: 0.9439 - recall: 0.9788
 53/349 [===>..........................] - ETA: 18s - loss: 0.0903 - accuracy: 0.9616 - precision: 0.9406 - recall: 0.9794
 54/349 [===>..........................] - ETA: 18s - loss: 0.0889 - accuracy: 0.9624 - precision: 0.9423 - recall: 0.9800
 55/349 [===>..........................] - ETA: 18s - loss: 0.0878 - accuracy: 0.9630 - precision: 0.9431 - recall: 0.9803
 56/349 [===>..........................] - ETA: 18s - loss: 0.0866 - accuracy: 0.9637 - precision: 0.9439 - recall: 0.9806
 57/349 [===>..........................] - ETA: 18s - loss: 0.0863 - accuracy: 0.9644 - precision: 0.9450 - recall: 0.9810
 58/349 [===>..........................] - ETA: 17s - loss: 0.0860 - accuracy: 0.9650 - precision: 0.9464 - recall: 0.9815
 59/349 [====>.........................] - ETA: 17s - loss: 0.0852 - accuracy: 0.9656 - precision: 0.9476 - recall: 0.9819
 60/349 [====>.........................] - ETA: 17s - loss: 0.0844 - accuracy: 0.9662 - precision: 0.9487 - recall: 0.9823
 61/349 [====>.........................] - ETA: 17s - loss: 0.0831 - accuracy: 0.9667 - precision: 0.9496 - recall: 0.9826
 62/349 [====>.........................] - ETA: 17s - loss: 0.0845 - accuracy: 0.9673 - precision: 0.9506 - recall: 0.9830
 63/349 [====>.........................] - ETA: 17s - loss: 0.0855 - accuracy: 0.9658 - precision: 0.9512 - recall: 0.9791
 64/349 [====>.........................] - ETA: 17s - loss: 0.0874 - accuracy: 0.9644 - precision: 0.9480 - recall: 0.9793
 65/349 [====>.........................] - ETA: 17s - loss: 0.0863 - accuracy: 0.9649 - precision: 0.9484 - recall: 0.9795
 66/349 [====>.........................] - ETA: 17s - loss: 0.0850 - accuracy: 0.9655 - precision: 0.9488 - recall: 0.9797
 67/349 [====>.........................] - ETA: 17s - loss: 0.0843 - accuracy: 0.9660 - precision: 0.9498 - recall: 0.9801
 68/349 [====>.........................] - ETA: 17s - loss: 0.0853 - accuracy: 0.9646 - precision: 0.9472 - recall: 0.9805
 69/349 [====>.........................] - ETA: 17s - loss: 0.0863 - accuracy: 0.9633 - precision: 0.9472 - recall: 0.9767
 70/349 [=====>........................] - ETA: 17s - loss: 0.0863 - accuracy: 0.9638 - precision: 0.9480 - recall: 0.9770
 71/349 [=====>........................] - ETA: 17s - loss: 0.0896 - accuracy: 0.9626 - precision: 0.9451 - recall: 0.9773
 72/349 [=====>........................] - ETA: 17s - loss: 0.0889 - accuracy: 0.9631 - precision: 0.9458 - recall: 0.9776
 73/349 [=====>........................] - ETA: 17s - loss: 0.0880 - accuracy: 0.9636 - precision: 0.9466 - recall: 0.9779
 74/349 [=====>........................] - ETA: 17s - loss: 0.0871 - accuracy: 0.9641 - precision: 0.9476 - recall: 0.9783
 75/349 [=====>........................] - ETA: 17s - loss: 0.0859 - accuracy: 0.9646 - precision: 0.9486 - recall: 0.9788
 76/349 [=====>........................] - ETA: 16s - loss: 0.0886 - accuracy: 0.9634 - precision: 0.9463 - recall: 0.9792
 77/349 [=====>........................] - ETA: 16s - loss: 0.0885 - accuracy: 0.9639 - precision: 0.9470 - recall: 0.9795
 78/349 [=====>........................] - ETA: 16s - loss: 0.0877 - accuracy: 0.9643 - precision: 0.9479 - recall: 0.9798
 79/349 [=====>........................] - ETA: 16s - loss: 0.0866 - accuracy: 0.9648 - precision: 0.9486 - recall: 0.9801
 80/349 [=====>........................] - ETA: 16s - loss: 0.0855 - accuracy: 0.9652 - precision: 0.9492 - recall: 0.9803
 81/349 [=====>........................] - ETA: 16s - loss: 0.0847 - accuracy: 0.9657 - precision: 0.9497 - recall: 0.9805
 82/349 [======>.......................] - ETA: 16s - loss: 0.0838 - accuracy: 0.9661 - precision: 0.9505 - recall: 0.9808
 83/349 [======>.......................] - ETA: 16s - loss: 0.0868 - accuracy: 0.9635 - precision: 0.9483 - recall: 0.9781
 84/349 [======>.......................] - ETA: 16s - loss: 0.0889 - accuracy: 0.9624 - precision: 0.9463 - recall: 0.9784
 85/349 [======>.......................] - ETA: 16s - loss: 0.0891 - accuracy: 0.9629 - precision: 0.9469 - recall: 0.9787
 86/349 [======>.......................] - ETA: 16s - loss: 0.0881 - accuracy: 0.9633 - precision: 0.9472 - recall: 0.9788
 87/349 [======>.......................] - ETA: 16s - loss: 0.0876 - accuracy: 0.9637 - precision: 0.9477 - recall: 0.9790
 88/349 [======>.......................] - ETA: 16s - loss: 0.0878 - accuracy: 0.9627 - precision: 0.9483 - recall: 0.9763
 90/349 [======>.......................] - ETA: 16s - loss: 0.0863 - accuracy: 0.9635 - precision: 0.9494 - recall: 0.9769
 92/349 [======>.......................] - ETA: 15s - loss: 0.0897 - accuracy: 0.9630 - precision: 0.9477 - recall: 0.9773
 94/349 [=======>......................] - ETA: 15s - loss: 0.0896 - accuracy: 0.9624 - precision: 0.9485 - recall: 0.9749
 96/349 [=======>......................] - ETA: 15s - loss: 0.0913 - accuracy: 0.9606 - precision: 0.9443 - recall: 0.9753
 97/349 [=======>......................] - ETA: 15s - loss: 0.0938 - accuracy: 0.9597 - precision: 0.9444 - recall: 0.9728
 98/349 [=======>......................] - ETA: 15s - loss: 0.0944 - accuracy: 0.9588 - precision: 0.9427 - recall: 0.9731
 99/349 [=======>......................] - ETA: 15s - loss: 0.0938 - accuracy: 0.9592 - precision: 0.9434 - recall: 0.9735
100/349 [=======>......................] - ETA: 15s - loss: 0.0929 - accuracy: 0.9596 - precision: 0.9440 - recall: 0.9738
101/349 [=======>......................] - ETA: 15s - loss: 0.0920 - accuracy: 0.9600 - precision: 0.9446 - recall: 0.9740
102/349 [=======>......................] - ETA: 15s - loss: 0.0917 - accuracy: 0.9604 - precision: 0.9449 - recall: 0.9742
103/349 [=======>......................] - ETA: 14s - loss: 0.0912 - accuracy: 0.9608 - precision: 0.9455 - recall: 0.9745
104/349 [=======>......................] - ETA: 14s - loss: 0.0929 - accuracy: 0.9600 - precision: 0.9436 - recall: 0.9747
105/349 [========>.....................] - ETA: 14s - loss: 0.0932 - accuracy: 0.9592 - precision: 0.9415 - recall: 0.9747
106/349 [========>.....................] - ETA: 14s - loss: 0.0925 - accuracy: 0.9596 - precision: 0.9419 - recall: 0.9749
107/349 [========>.....................] - ETA: 14s - loss: 0.0920 - accuracy: 0.9600 - precision: 0.9426 - recall: 0.9752
108/349 [========>.....................] - ETA: 14s - loss: 0.0918 - accuracy: 0.9603 - precision: 0.9433 - recall: 0.9756
109/349 [========>.....................] - ETA: 14s - loss: 0.0919 - accuracy: 0.9595 - precision: 0.9433 - recall: 0.9732
110/349 [========>.....................] - ETA: 14s - loss: 0.0913 - accuracy: 0.9599 - precision: 0.9437 - recall: 0.9734
111/349 [========>.....................] - ETA: 14s - loss: 0.0910 - accuracy: 0.9603 - precision: 0.9439 - recall: 0.9735
112/349 [========>.....................] - ETA: 14s - loss: 0.0904 - accuracy: 0.9606 - precision: 0.9447 - recall: 0.9739
113/349 [========>.....................] - ETA: 14s - loss: 0.0896 - accuracy: 0.9610 - precision: 0.9451 - recall: 0.9741
114/349 [========>.....................] - ETA: 14s - loss: 0.0890 - accuracy: 0.9613 - precision: 0.9453 - recall: 0.9742
115/349 [========>.....................] - ETA: 14s - loss: 0.0886 - accuracy: 0.9617 - precision: 0.9456 - recall: 0.9743
116/349 [========>.....................] - ETA: 14s - loss: 0.0885 - accuracy: 0.9620 - precision: 0.9459 - recall: 0.9745
118/349 [=========>....................] - ETA: 14s - loss: 0.0870 - accuracy: 0.9626 - precision: 0.9464 - recall: 0.9747
119/349 [=========>....................] - ETA: 14s - loss: 0.0868 - accuracy: 0.9630 - precision: 0.9473 - recall: 0.9751
120/349 [=========>....................] - ETA: 14s - loss: 0.0862 - accuracy: 0.9633 - precision: 0.9476 - recall: 0.9753
121/349 [=========>....................] - ETA: 13s - loss: 0.0858 - accuracy: 0.9636 - precision: 0.9481 - recall: 0.9755
122/349 [=========>....................] - ETA: 13s - loss: 0.0903 - accuracy: 0.9628 - precision: 0.9464 - recall: 0.9757
123/349 [=========>....................] - ETA: 13s - loss: 0.0915 - accuracy: 0.9621 - precision: 0.9467 - recall: 0.9737
124/349 [=========>....................] - ETA: 13s - loss: 0.0908 - accuracy: 0.9624 - precision: 0.9471 - recall: 0.9739
125/349 [=========>....................] - ETA: 13s - loss: 0.0910 - accuracy: 0.9617 - precision: 0.9456 - recall: 0.9741
126/349 [=========>....................] - ETA: 13s - loss: 0.0925 - accuracy: 0.9610 - precision: 0.9440 - recall: 0.9743
127/349 [=========>....................] - ETA: 13s - loss: 0.0921 - accuracy: 0.9613 - precision: 0.9446 - recall: 0.9746
128/349 [==========>...................] - ETA: 13s - loss: 0.0915 - accuracy: 0.9617 - precision: 0.9450 - recall: 0.9748
129/349 [==========>...................] - ETA: 13s - loss: 0.0913 - accuracy: 0.9620 - precision: 0.9455 - recall: 0.9750
130/349 [==========>...................] - ETA: 13s - loss: 0.0910 - accuracy: 0.9622 - precision: 0.9458 - recall: 0.9752
131/349 [==========>...................] - ETA: 13s - loss: 0.0911 - accuracy: 0.9625 - precision: 0.9464 - recall: 0.9755
132/349 [==========>...................] - ETA: 13s - loss: 0.0913 - accuracy: 0.9619 - precision: 0.9466 - recall: 0.9736
133/349 [==========>...................] - ETA: 13s - loss: 0.0927 - accuracy: 0.9603 - precision: 0.9432 - recall: 0.9737
134/349 [==========>...................] - ETA: 13s - loss: 0.0929 - accuracy: 0.9606 - precision: 0.9439 - recall: 0.9741
135/349 [==========>...................] - ETA: 13s - loss: 0.0946 - accuracy: 0.9599 - precision: 0.9423 - recall: 0.9742
136/349 [==========>...................] - ETA: 13s - loss: 0.0942 - accuracy: 0.9602 - precision: 0.9430 - recall: 0.9745
137/349 [==========>...................] - ETA: 13s - loss: 0.0935 - accuracy: 0.9605 - precision: 0.9431 - recall: 0.9745
138/349 [==========>...................] - ETA: 12s - loss: 0.0934 - accuracy: 0.9608 - precision: 0.9436 - recall: 0.9748
139/349 [==========>...................] - ETA: 12s - loss: 0.0932 - accuracy: 0.9611 - precision: 0.9441 - recall: 0.9750
141/349 [===========>..................] - ETA: 12s - loss: 0.0946 - accuracy: 0.9607 - precision: 0.9451 - recall: 0.9736
142/349 [===========>..................] - ETA: 12s - loss: 0.0953 - accuracy: 0.9601 - precision: 0.9453 - recall: 0.9719
144/349 [===========>..................] - ETA: 12s - loss: 0.0951 - accuracy: 0.9598 - precision: 0.9444 - recall: 0.9723
145/349 [===========>..................] - ETA: 12s - loss: 0.0945 - accuracy: 0.9601 - precision: 0.9448 - recall: 0.9725
147/349 [===========>..................] - ETA: 12s - loss: 0.0978 - accuracy: 0.9589 - precision: 0.9458 - recall: 0.9695
148/349 [===========>..................] - ETA: 12s - loss: 0.0974 - accuracy: 0.9592 - precision: 0.9464 - recall: 0.9699
149/349 [===========>..................] - ETA: 12s - loss: 0.0987 - accuracy: 0.9586 - precision: 0.9467 - recall: 0.9684
150/349 [===========>..................] - ETA: 12s - loss: 0.0981 - accuracy: 0.9589 - precision: 0.9473 - recall: 0.9687
151/349 [===========>..................] - ETA: 12s - loss: 0.0977 - accuracy: 0.9592 - precision: 0.9475 - recall: 0.9689
152/349 [============>.................] - ETA: 11s - loss: 0.0978 - accuracy: 0.9586 - precision: 0.9466 - recall: 0.9692
153/349 [============>.................] - ETA: 11s - loss: 0.0993 - accuracy: 0.9581 - precision: 0.9452 - recall: 0.9693
154/349 [============>.................] - ETA: 11s - loss: 0.1010 - accuracy: 0.9576 - precision: 0.9440 - recall: 0.9695
155/349 [============>.................] - ETA: 11s - loss: 0.1016 - accuracy: 0.9570 - precision: 0.9425 - recall: 0.9696
156/349 [============>.................] - ETA: 11s - loss: 0.1011 - accuracy: 0.9573 - precision: 0.9429 - recall: 0.9698
158/349 [============>.................] - ETA: 11s - loss: 0.1015 - accuracy: 0.9570 - precision: 0.9417 - recall: 0.9700
159/349 [============>.................] - ETA: 11s - loss: 0.1015 - accuracy: 0.9573 - precision: 0.9421 - recall: 0.9702
161/349 [============>.................] - ETA: 11s - loss: 0.1005 - accuracy: 0.9578 - precision: 0.9429 - recall: 0.9706
162/349 [============>.................] - ETA: 11s - loss: 0.1002 - accuracy: 0.9581 - precision: 0.9433 - recall: 0.9708
163/349 [=============>................] - ETA: 11s - loss: 0.0998 - accuracy: 0.9584 - precision: 0.9437 - recall: 0.9710
165/349 [=============>................] - ETA: 11s - loss: 0.0988 - accuracy: 0.9589 - precision: 0.9444 - recall: 0.9714
167/349 [=============>................] - ETA: 10s - loss: 0.0978 - accuracy: 0.9594 - precision: 0.9447 - recall: 0.9716
168/349 [=============>................] - ETA: 10s - loss: 0.0975 - accuracy: 0.9596 - precision: 0.9450 - recall: 0.9717
169/349 [=============>................] - ETA: 10s - loss: 0.0970 - accuracy: 0.9599 - precision: 0.9455 - recall: 0.9720
170/349 [=============>................] - ETA: 10s - loss: 0.0993 - accuracy: 0.9586 - precision: 0.9459 - recall: 0.9692
171/349 [=============>................] - ETA: 10s - loss: 0.0989 - accuracy: 0.9589 - precision: 0.9463 - recall: 0.9695
172/349 [=============>................] - ETA: 10s - loss: 0.0985 - accuracy: 0.9591 - precision: 0.9467 - recall: 0.9697
173/349 [=============>................] - ETA: 10s - loss: 0.0980 - accuracy: 0.9593 - precision: 0.9470 - recall: 0.9698
174/349 [=============>................] - ETA: 10s - loss: 0.0991 - accuracy: 0.9588 - precision: 0.9471 - recall: 0.9685
175/349 [==============>...............] - ETA: 10s - loss: 0.0999 - accuracy: 0.9584 - precision: 0.9473 - recall: 0.9671
177/349 [==============>...............] - ETA: 10s - loss: 0.0994 - accuracy: 0.9588 - precision: 0.9481 - recall: 0.9676
178/349 [==============>...............] - ETA: 10s - loss: 0.0989 - accuracy: 0.9591 - precision: 0.9483 - recall: 0.9677
180/349 [==============>...............] - ETA: 10s - loss: 0.0980 - accuracy: 0.9595 - precision: 0.9488 - recall: 0.9681
181/349 [==============>...............] - ETA: 10s - loss: 0.0979 - accuracy: 0.9598 - precision: 0.9489 - recall: 0.9682
182/349 [==============>...............] - ETA: 9s - loss: 0.0978 - accuracy: 0.9600 - precision: 0.9492 - recall: 0.9683 
183/349 [==============>...............] - ETA: 9s - loss: 0.0974 - accuracy: 0.9602 - precision: 0.9495 - recall: 0.9685
184/349 [==============>...............] - ETA: 9s - loss: 0.0983 - accuracy: 0.9597 - precision: 0.9485 - recall: 0.9687
186/349 [==============>...............] - ETA: 9s - loss: 0.0990 - accuracy: 0.9595 - precision: 0.9478 - recall: 0.9691
187/349 [===============>..............] - ETA: 9s - loss: 0.0987 - accuracy: 0.9597 - precision: 0.9481 - recall: 0.9693
188/349 [===============>..............] - ETA: 9s - loss: 0.0983 - accuracy: 0.9599 - precision: 0.9485 - recall: 0.9695
189/349 [===============>..............] - ETA: 9s - loss: 0.0979 - accuracy: 0.9601 - precision: 0.9488 - recall: 0.9697
190/349 [===============>..............] - ETA: 9s - loss: 0.0979 - accuracy: 0.9603 - precision: 0.9489 - recall: 0.9697
191/349 [===============>..............] - ETA: 9s - loss: 0.0976 - accuracy: 0.9606 - precision: 0.9492 - recall: 0.9699
192/349 [===============>..............] - ETA: 9s - loss: 0.0978 - accuracy: 0.9608 - precision: 0.9495 - recall: 0.9701
194/349 [===============>..............] - ETA: 9s - loss: 0.0974 - accuracy: 0.9605 - precision: 0.9485 - recall: 0.9703
195/349 [===============>..............] - ETA: 9s - loss: 0.0969 - accuracy: 0.9607 - precision: 0.9487 - recall: 0.9704
196/349 [===============>..............] - ETA: 9s - loss: 0.0971 - accuracy: 0.9603 - precision: 0.9490 - recall: 0.9693
197/349 [===============>..............] - ETA: 9s - loss: 0.0966 - accuracy: 0.9605 - precision: 0.9493 - recall: 0.9695
198/349 [================>.............] - ETA: 8s - loss: 0.0977 - accuracy: 0.9601 - precision: 0.9497 - recall: 0.9685
199/349 [================>.............] - ETA: 8s - loss: 0.0972 - accuracy: 0.9603 - precision: 0.9501 - recall: 0.9687
200/349 [================>.............] - ETA: 8s - loss: 0.0968 - accuracy: 0.9605 - precision: 0.9503 - recall: 0.9688
201/349 [================>.............] - ETA: 8s - loss: 0.0968 - accuracy: 0.9600 - precision: 0.9506 - recall: 0.9677
202/349 [================>.............] - ETA: 8s - loss: 0.0968 - accuracy: 0.9602 - precision: 0.9507 - recall: 0.9678
203/349 [================>.............] - ETA: 8s - loss: 0.0967 - accuracy: 0.9604 - precision: 0.9508 - recall: 0.9679
205/349 [================>.............] - ETA: 8s - loss: 0.0960 - accuracy: 0.9608 - precision: 0.9513 - recall: 0.9682
207/349 [================>.............] - ETA: 8s - loss: 0.0963 - accuracy: 0.9606 - precision: 0.9504 - recall: 0.9684
208/349 [================>.............] - ETA: 8s - loss: 0.0975 - accuracy: 0.9602 - precision: 0.9496 - recall: 0.9687
209/349 [================>.............] - ETA: 8s - loss: 0.0970 - accuracy: 0.9604 - precision: 0.9499 - recall: 0.9688
211/349 [=================>............] - ETA: 8s - loss: 0.0963 - accuracy: 0.9607 - precision: 0.9502 - recall: 0.9691
213/349 [=================>............] - ETA: 8s - loss: 0.0960 - accuracy: 0.9611 - precision: 0.9508 - recall: 0.9694
214/349 [=================>............] - ETA: 7s - loss: 0.0955 - accuracy: 0.9613 - precision: 0.9510 - recall: 0.9695
215/349 [=================>............] - ETA: 7s - loss: 0.0961 - accuracy: 0.9609 - precision: 0.9501 - recall: 0.9697
216/349 [=================>............] - ETA: 7s - loss: 0.0977 - accuracy: 0.9599 - precision: 0.9482 - recall: 0.9699
217/349 [=================>............] - ETA: 7s - loss: 0.0973 - accuracy: 0.9601 - precision: 0.9486 - recall: 0.9701
218/349 [=================>............] - ETA: 7s - loss: 0.0977 - accuracy: 0.9597 - precision: 0.9477 - recall: 0.9702
219/349 [=================>............] - ETA: 7s - loss: 0.0975 - accuracy: 0.9599 - precision: 0.9479 - recall: 0.9704
220/349 [=================>............] - ETA: 7s - loss: 0.0972 - accuracy: 0.9601 - precision: 0.9482 - recall: 0.9706
221/349 [=================>............] - ETA: 7s - loss: 0.0970 - accuracy: 0.9602 - precision: 0.9484 - recall: 0.9707
222/349 [==================>...........] - ETA: 7s - loss: 0.0967 - accuracy: 0.9604 - precision: 0.9487 - recall: 0.9708
223/349 [==================>...........] - ETA: 7s - loss: 0.0968 - accuracy: 0.9600 - precision: 0.9478 - recall: 0.9710
224/349 [==================>...........] - ETA: 7s - loss: 0.0964 - accuracy: 0.9602 - precision: 0.9480 - recall: 0.9710
226/349 [==================>...........] - ETA: 7s - loss: 0.0960 - accuracy: 0.9606 - precision: 0.9485 - recall: 0.9713
228/349 [==================>...........] - ETA: 7s - loss: 0.0955 - accuracy: 0.9609 - precision: 0.9489 - recall: 0.9716
229/349 [==================>...........] - ETA: 7s - loss: 0.0952 - accuracy: 0.9611 - precision: 0.9491 - recall: 0.9717
231/349 [==================>...........] - ETA: 6s - loss: 0.0964 - accuracy: 0.9603 - precision: 0.9494 - recall: 0.9697
232/349 [==================>...........] - ETA: 6s - loss: 0.0974 - accuracy: 0.9600 - precision: 0.9496 - recall: 0.9687
234/349 [===================>..........] - ETA: 6s - loss: 0.0969 - accuracy: 0.9603 - precision: 0.9501 - recall: 0.9690
235/349 [===================>..........] - ETA: 6s - loss: 0.0969 - accuracy: 0.9605 - precision: 0.9503 - recall: 0.9692
236/349 [===================>..........] - ETA: 6s - loss: 0.0970 - accuracy: 0.9607 - precision: 0.9506 - recall: 0.9694
237/349 [===================>..........] - ETA: 6s - loss: 0.0967 - accuracy: 0.9608 - precision: 0.9510 - recall: 0.9696
238/349 [===================>..........] - ETA: 6s - loss: 0.0968 - accuracy: 0.9605 - precision: 0.9501 - recall: 0.9696
239/349 [===================>..........] - ETA: 6s - loss: 0.0966 - accuracy: 0.9606 - precision: 0.9502 - recall: 0.9697
240/349 [===================>..........] - ETA: 6s - loss: 0.0963 - accuracy: 0.9608 - precision: 0.9503 - recall: 0.9698
241/349 [===================>..........] - ETA: 6s - loss: 0.0962 - accuracy: 0.9610 - precision: 0.9504 - recall: 0.9699
242/349 [===================>..........] - ETA: 6s - loss: 0.0961 - accuracy: 0.9611 - precision: 0.9507 - recall: 0.9701
243/349 [===================>..........] - ETA: 6s - loss: 0.0958 - accuracy: 0.9613 - precision: 0.9510 - recall: 0.9702
244/349 [===================>..........] - ETA: 6s - loss: 0.0955 - accuracy: 0.9614 - precision: 0.9511 - recall: 0.9703
245/349 [====================>.........] - ETA: 6s - loss: 0.0960 - accuracy: 0.9611 - precision: 0.9515 - recall: 0.9695
246/349 [====================>.........] - ETA: 6s - loss: 0.0957 - accuracy: 0.9612 - precision: 0.9516 - recall: 0.9696
247/349 [====================>.........] - ETA: 5s - loss: 0.0954 - accuracy: 0.9614 - precision: 0.9518 - recall: 0.9697
249/349 [====================>.........] - ETA: 5s - loss: 0.0963 - accuracy: 0.9607 - precision: 0.9503 - recall: 0.9699
250/349 [====================>.........] - ETA: 5s - loss: 0.0960 - accuracy: 0.9609 - precision: 0.9505 - recall: 0.9701
251/349 [====================>.........] - ETA: 5s - loss: 0.0956 - accuracy: 0.9610 - precision: 0.9507 - recall: 0.9702
252/349 [====================>.........] - ETA: 5s - loss: 0.0958 - accuracy: 0.9607 - precision: 0.9499 - recall: 0.9703
253/349 [====================>.........] - ETA: 5s - loss: 0.0973 - accuracy: 0.9598 - precision: 0.9482 - recall: 0.9704
254/349 [====================>.........] - ETA: 5s - loss: 0.0970 - accuracy: 0.9600 - precision: 0.9484 - recall: 0.9705
255/349 [====================>.........] - ETA: 5s - loss: 0.0967 - accuracy: 0.9602 - precision: 0.9487 - recall: 0.9707
256/349 [=====================>........] - ETA: 5s - loss: 0.0964 - accuracy: 0.9603 - precision: 0.9490 - recall: 0.9709
257/349 [=====================>........] - ETA: 5s - loss: 0.0963 - accuracy: 0.9605 - precision: 0.9492 - recall: 0.9710
258/349 [=====================>........] - ETA: 5s - loss: 0.0961 - accuracy: 0.9606 - precision: 0.9494 - recall: 0.9711
260/349 [=====================>........] - ETA: 5s - loss: 0.0964 - accuracy: 0.9604 - precision: 0.9490 - recall: 0.9714
261/349 [=====================>........] - ETA: 5s - loss: 0.0961 - accuracy: 0.9606 - precision: 0.9492 - recall: 0.9715
262/349 [=====================>........] - ETA: 5s - loss: 0.0974 - accuracy: 0.9603 - precision: 0.9484 - recall: 0.9716
263/349 [=====================>........] - ETA: 5s - loss: 0.0985 - accuracy: 0.9599 - precision: 0.9487 - recall: 0.9708
264/349 [=====================>........] - ETA: 4s - loss: 0.0982 - accuracy: 0.9601 - precision: 0.9489 - recall: 0.9709
265/349 [=====================>........] - ETA: 4s - loss: 0.0980 - accuracy: 0.9602 - precision: 0.9491 - recall: 0.9711
266/349 [=====================>........] - ETA: 4s - loss: 0.0979 - accuracy: 0.9604 - precision: 0.9493 - recall: 0.9712
267/349 [=====================>........] - ETA: 4s - loss: 0.0976 - accuracy: 0.9605 - precision: 0.9495 - recall: 0.9713
268/349 [======================>.......] - ETA: 4s - loss: 0.0980 - accuracy: 0.9602 - precision: 0.9487 - recall: 0.9714
269/349 [======================>.......] - ETA: 4s - loss: 0.1002 - accuracy: 0.9590 - precision: 0.9471 - recall: 0.9705
270/349 [======================>.......] - ETA: 4s - loss: 0.1001 - accuracy: 0.9591 - precision: 0.9473 - recall: 0.9706
271/349 [======================>.......] - ETA: 4s - loss: 0.1001 - accuracy: 0.9593 - precision: 0.9475 - recall: 0.9707
272/349 [======================>.......] - ETA: 4s - loss: 0.1002 - accuracy: 0.9594 - precision: 0.9477 - recall: 0.9709
273/349 [======================>.......] - ETA: 4s - loss: 0.0999 - accuracy: 0.9596 - precision: 0.9479 - recall: 0.9710
274/349 [======================>.......] - ETA: 4s - loss: 0.0997 - accuracy: 0.9597 - precision: 0.9481 - recall: 0.9711
275/349 [======================>.......] - ETA: 4s - loss: 0.0994 - accuracy: 0.9599 - precision: 0.9483 - recall: 0.9712
276/349 [======================>.......] - ETA: 4s - loss: 0.0995 - accuracy: 0.9600 - precision: 0.9484 - recall: 0.9712
277/349 [======================>.......] - ETA: 4s - loss: 0.0992 - accuracy: 0.9602 - precision: 0.9486 - recall: 0.9713
278/349 [======================>.......] - ETA: 4s - loss: 0.0992 - accuracy: 0.9603 - precision: 0.9487 - recall: 0.9714
279/349 [======================>.......] - ETA: 4s - loss: 0.0989 - accuracy: 0.9604 - precision: 0.9489 - recall: 0.9716
280/349 [=======================>......] - ETA: 4s - loss: 0.0986 - accuracy: 0.9606 - precision: 0.9491 - recall: 0.9716
281/349 [=======================>......] - ETA: 3s - loss: 0.0985 - accuracy: 0.9607 - precision: 0.9492 - recall: 0.9717
282/349 [=======================>......] - ETA: 3s - loss: 0.0982 - accuracy: 0.9609 - precision: 0.9495 - recall: 0.9719
283/349 [=======================>......] - ETA: 3s - loss: 0.0979 - accuracy: 0.9610 - precision: 0.9497 - recall: 0.9720
284/349 [=======================>......] - ETA: 3s - loss: 0.0976 - accuracy: 0.9611 - precision: 0.9498 - recall: 0.9721
285/349 [=======================>......] - ETA: 3s - loss: 0.0991 - accuracy: 0.9604 - precision: 0.9483 - recall: 0.9722
286/349 [=======================>......] - ETA: 3s - loss: 0.0987 - accuracy: 0.9605 - precision: 0.9486 - recall: 0.9723
287/349 [=======================>......] - ETA: 3s - loss: 0.1001 - accuracy: 0.9602 - precision: 0.9487 - recall: 0.9715
288/349 [=======================>......] - ETA: 3s - loss: 0.1000 - accuracy: 0.9604 - precision: 0.9490 - recall: 0.9717
289/349 [=======================>......] - ETA: 3s - loss: 0.0999 - accuracy: 0.9605 - precision: 0.9493 - recall: 0.9718
291/349 [========================>.....] - ETA: 3s - loss: 0.0997 - accuracy: 0.9608 - precision: 0.9497 - recall: 0.9721
292/349 [========================>.....] - ETA: 3s - loss: 0.1001 - accuracy: 0.9601 - precision: 0.9491 - recall: 0.9713
293/349 [========================>.....] - ETA: 3s - loss: 0.0998 - accuracy: 0.9602 - precision: 0.9492 - recall: 0.9714
294/349 [========================>.....] - ETA: 3s - loss: 0.0998 - accuracy: 0.9599 - precision: 0.9486 - recall: 0.9715
295/349 [========================>.....] - ETA: 3s - loss: 0.0996 - accuracy: 0.9601 - precision: 0.9489 - recall: 0.9717
296/349 [========================>.....] - ETA: 3s - loss: 0.0998 - accuracy: 0.9598 - precision: 0.9483 - recall: 0.9718
297/349 [========================>.....] - ETA: 3s - loss: 0.0995 - accuracy: 0.9599 - precision: 0.9485 - recall: 0.9719
298/349 [========================>.....] - ETA: 2s - loss: 0.0991 - accuracy: 0.9600 - precision: 0.9488 - recall: 0.9721
299/349 [========================>.....] - ETA: 2s - loss: 0.0991 - accuracy: 0.9602 - precision: 0.9490 - recall: 0.9722
300/349 [========================>.....] - ETA: 2s - loss: 0.0995 - accuracy: 0.9599 - precision: 0.9484 - recall: 0.9723
301/349 [========================>.....] - ETA: 2s - loss: 0.0993 - accuracy: 0.9600 - precision: 0.9485 - recall: 0.9724
302/349 [========================>.....] - ETA: 2s - loss: 0.0989 - accuracy: 0.9601 - precision: 0.9487 - recall: 0.9725
303/349 [=========================>....] - ETA: 2s - loss: 0.0995 - accuracy: 0.9595 - precision: 0.9472 - recall: 0.9725
304/349 [=========================>....] - ETA: 2s - loss: 0.0994 - accuracy: 0.9596 - precision: 0.9473 - recall: 0.9725
305/349 [=========================>....] - ETA: 2s - loss: 0.0995 - accuracy: 0.9597 - precision: 0.9475 - recall: 0.9726
306/349 [=========================>....] - ETA: 2s - loss: 0.0994 - accuracy: 0.9599 - precision: 0.9477 - recall: 0.9727
307/349 [=========================>....] - ETA: 2s - loss: 0.0997 - accuracy: 0.9596 - precision: 0.9470 - recall: 0.9728
308/349 [=========================>....] - ETA: 2s - loss: 0.1001 - accuracy: 0.9593 - precision: 0.9471 - recall: 0.9720
309/349 [=========================>....] - ETA: 2s - loss: 0.1001 - accuracy: 0.9594 - precision: 0.9472 - recall: 0.9721
310/349 [=========================>....] - ETA: 2s - loss: 0.1006 - accuracy: 0.9592 - precision: 0.9466 - recall: 0.9722
311/349 [=========================>....] - ETA: 2s - loss: 0.1006 - accuracy: 0.9593 - precision: 0.9468 - recall: 0.9723
312/349 [=========================>....] - ETA: 2s - loss: 0.1007 - accuracy: 0.9594 - precision: 0.9469 - recall: 0.9723
313/349 [=========================>....] - ETA: 2s - loss: 0.1007 - accuracy: 0.9592 - precision: 0.9471 - recall: 0.9716
314/349 [=========================>....] - ETA: 2s - loss: 0.1004 - accuracy: 0.9593 - precision: 0.9472 - recall: 0.9717
315/349 [==========================>...] - ETA: 2s - loss: 0.1001 - accuracy: 0.9594 - precision: 0.9474 - recall: 0.9718
316/349 [==========================>...] - ETA: 1s - loss: 0.1001 - accuracy: 0.9595 - precision: 0.9476 - recall: 0.9719
317/349 [==========================>...] - ETA: 1s - loss: 0.1003 - accuracy: 0.9597 - precision: 0.9478 - recall: 0.9720
318/349 [==========================>...] - ETA: 1s - loss: 0.1007 - accuracy: 0.9594 - precision: 0.9479 - recall: 0.9713
319/349 [==========================>...] - ETA: 1s - loss: 0.1004 - accuracy: 0.9595 - precision: 0.9480 - recall: 0.9714
320/349 [==========================>...] - ETA: 1s - loss: 0.1001 - accuracy: 0.9597 - precision: 0.9482 - recall: 0.9715
321/349 [==========================>...] - ETA: 1s - loss: 0.1002 - accuracy: 0.9598 - precision: 0.9484 - recall: 0.9716
322/349 [==========================>...] - ETA: 1s - loss: 0.1000 - accuracy: 0.9599 - precision: 0.9485 - recall: 0.9716
323/349 [==========================>...] - ETA: 1s - loss: 0.1001 - accuracy: 0.9596 - precision: 0.9479 - recall: 0.9717
324/349 [==========================>...] - ETA: 1s - loss: 0.0999 - accuracy: 0.9598 - precision: 0.9480 - recall: 0.9718
325/349 [==========================>...] - ETA: 1s - loss: 0.1002 - accuracy: 0.9595 - precision: 0.9482 - recall: 0.9711
326/349 [===========================>..] - ETA: 1s - loss: 0.0999 - accuracy: 0.9596 - precision: 0.9483 - recall: 0.9712
327/349 [===========================>..] - ETA: 1s - loss: 0.0998 - accuracy: 0.9598 - precision: 0.9486 - recall: 0.9713
328/349 [===========================>..] - ETA: 1s - loss: 0.0996 - accuracy: 0.9599 - precision: 0.9486 - recall: 0.9714
329/349 [===========================>..] - ETA: 1s - loss: 0.0994 - accuracy: 0.9600 - precision: 0.9489 - recall: 0.9715
331/349 [===========================>..] - ETA: 1s - loss: 0.1002 - accuracy: 0.9599 - precision: 0.9486 - recall: 0.9718
332/349 [===========================>..] - ETA: 1s - loss: 0.0999 - accuracy: 0.9600 - precision: 0.9487 - recall: 0.9718
333/349 [===========================>..] - ETA: 0s - loss: 0.0997 - accuracy: 0.9601 - precision: 0.9488 - recall: 0.9719
334/349 [===========================>..] - ETA: 0s - loss: 0.0996 - accuracy: 0.9602 - precision: 0.9490 - recall: 0.9720
335/349 [===========================>..] - ETA: 0s - loss: 0.0993 - accuracy: 0.9603 - precision: 0.9492 - recall: 0.9721
336/349 [===========================>..] - ETA: 0s - loss: 0.0998 - accuracy: 0.9597 - precision: 0.9485 - recall: 0.9714
337/349 [===========================>..] - ETA: 0s - loss: 0.0999 - accuracy: 0.9595 - precision: 0.9480 - recall: 0.9715
338/349 [============================>.] - ETA: 0s - loss: 0.0996 - accuracy: 0.9596 - precision: 0.9482 - recall: 0.9716
339/349 [============================>.] - ETA: 0s - loss: 0.0996 - accuracy: 0.9593 - precision: 0.9477 - recall: 0.9717
340/349 [============================>.] - ETA: 0s - loss: 0.1002 - accuracy: 0.9591 - precision: 0.9479 - recall: 0.9711
341/349 [============================>.] - ETA: 0s - loss: 0.0999 - accuracy: 0.9592 - precision: 0.9480 - recall: 0.9712
342/349 [============================>.] - ETA: 0s - loss: 0.1007 - accuracy: 0.9590 - precision: 0.9475 - recall: 0.9712
343/349 [============================>.] - ETA: 0s - loss: 0.1004 - accuracy: 0.9591 - precision: 0.9476 - recall: 0.9713
344/349 [============================>.] - ETA: 0s - loss: 0.1002 - accuracy: 0.9592 - precision: 0.9478 - recall: 0.9714
345/349 [============================>.] - ETA: 0s - loss: 0.1003 - accuracy: 0.9590 - precision: 0.9473 - recall: 0.9715
346/349 [============================>.] - ETA: 0s - loss: 0.1004 - accuracy: 0.9587 - precision: 0.9474 - recall: 0.9708
348/349 [============================>.] - ETA: 0s - loss: 0.1010 - accuracy: 0.9582 - precision: 0.9464 - recall: 0.9710
349/349 [==============================] - ETA: 0s - loss: 0.1009 - accuracy: 0.9583 - precision: 0.9466 - recall: 0.9711
Epoch 10: saving model to C:\SIRCH_ENV\models\revision\exp13_grouped_retraining\gru_original_grouped\checkpoints\gru_original_grouped_epoch_010.weights.h5

Epoch 10: val_loss did not improve from 0.34125
Restoring model weights from the end of the best epoch: 4.

Epoch 10: ReduceLROnPlateau reducing learning rate to 2.499999936844688e-05.

349/349 [==============================] - 24s 68ms/step - loss: 0.1009 - accuracy: 0.9583 - precision: 0.9466 - recall: 0.9711 - val_loss: 0.5185 - val_accuracy: 0.8342 - val_precision: 0.8640 - val_recall: 0.7912 - lr: 5.0000e-05
Epoch 10: early stopping
COMPLETE gru_original_grouped: best epoch=4 val_loss=0.341247
TRAIN gru_augmented_grouped: train=2810 validation=597 initial_epoch=0
Epoch 1/30

  1/352 [..............................] - ETA: 20:26 - loss: 0.8149 - accuracy: 0.6250 - precision: 0.6250 - recall: 1.0000
  2/352 [..............................] - ETA: 31s - loss: 0.8234 - accuracy: 0.4375 - precision: 0.5000 - recall: 0.7778  
  3/352 [..............................] - ETA: 27s - loss: 0.8304 - accuracy: 0.4583 - precision: 0.5500 - recall: 0.7333
  4/352 [..............................] - ETA: 24s - loss: 0.7878 - accuracy: 0.5000 - precision: 0.5926 - recall: 0.7619
  5/352 [..............................] - ETA: 24s - loss: 0.7747 - accuracy: 0.5500 - precision: 0.6176 - recall: 0.8077
  6/352 [..............................] - ETA: 25s - loss: 0.7910 - accuracy: 0.5417 - precision: 0.6053 - recall: 0.7667
  7/352 [..............................] - ETA: 26s - loss: 0.7857 - accuracy: 0.5357 - precision: 0.5870 - recall: 0.7941
  8/352 [..............................] - ETA: 26s - loss: 0.7603 - accuracy: 0.5625 - precision: 0.6078 - recall: 0.7949
  9/352 [..............................] - ETA: 26s - loss: 0.7415 - accuracy: 0.5694 - precision: 0.6034 - recall: 0.8140
 10/352 [..............................] - ETA: 25s - loss: 0.7653 - accuracy: 0.5500 - precision: 0.5846 - recall: 0.8085
 11/352 [..............................] - ETA: 25s - loss: 0.7915 - accuracy: 0.5455 - precision: 0.5753 - recall: 0.8235
 12/352 [>.............................] - ETA: 25s - loss: 0.7875 - accuracy: 0.5521 - precision: 0.5750 - recall: 0.8364
 13/352 [>.............................] - ETA: 25s - loss: 0.7693 - accuracy: 0.5769 - precision: 0.5882 - recall: 0.8475
 14/352 [>.............................] - ETA: 24s - loss: 0.7612 - accuracy: 0.5714 - precision: 0.5806 - recall: 0.8571
 15/352 [>.............................] - ETA: 24s - loss: 0.7751 - accuracy: 0.5583 - precision: 0.5600 - recall: 0.8615
 16/352 [>.............................] - ETA: 25s - loss: 0.7773 - accuracy: 0.5625 - precision: 0.5577 - recall: 0.8529
 17/352 [>.............................] - ETA: 24s - loss: 0.7647 - accuracy: 0.5735 - precision: 0.5676 - recall: 0.8630
 18/352 [>.............................] - ETA: 24s - loss: 0.7846 - accuracy: 0.5486 - precision: 0.5424 - recall: 0.8533
 19/352 [>.............................] - ETA: 24s - loss: 0.7867 - accuracy: 0.5526 - precision: 0.5403 - recall: 0.8590
 20/352 [>.............................] - ETA: 23s - loss: 0.7926 - accuracy: 0.5437 - precision: 0.5308 - recall: 0.8519
 21/352 [>.............................] - ETA: 23s - loss: 0.7929 - accuracy: 0.5357 - precision: 0.5185 - recall: 0.8434
 22/352 [>.............................] - ETA: 23s - loss: 0.7916 - accuracy: 0.5284 - precision: 0.5252 - recall: 0.8111
 23/352 [>.............................] - ETA: 23s - loss: 0.7880 - accuracy: 0.5326 - precision: 0.5208 - recall: 0.8152
 24/352 [=>............................] - ETA: 23s - loss: 0.7820 - accuracy: 0.5365 - precision: 0.5203 - recall: 0.8105
 25/352 [=>............................] - ETA: 23s - loss: 0.7757 - accuracy: 0.5350 - precision: 0.5192 - recall: 0.8182
 26/352 [=>............................] - ETA: 23s - loss: 0.7746 - accuracy: 0.5288 - precision: 0.5153 - recall: 0.8155
 27/352 [=>............................] - ETA: 23s - loss: 0.7732 - accuracy: 0.5278 - precision: 0.5090 - recall: 0.8095
 28/352 [=>............................] - ETA: 23s - loss: 0.7708 - accuracy: 0.5312 - precision: 0.5116 - recall: 0.8073
 29/352 [=>............................] - ETA: 22s - loss: 0.7667 - accuracy: 0.5302 - precision: 0.5141 - recall: 0.7982
 30/352 [=>............................] - ETA: 22s - loss: 0.7600 - accuracy: 0.5417 - precision: 0.5222 - recall: 0.7966
 31/352 [=>............................] - ETA: 22s - loss: 0.7547 - accuracy: 0.5484 - precision: 0.5191 - recall: 0.7983
 32/352 [=>............................] - ETA: 22s - loss: 0.7515 - accuracy: 0.5547 - precision: 0.5238 - recall: 0.8049
 33/352 [=>............................] - ETA: 22s - loss: 0.7536 - accuracy: 0.5492 - precision: 0.5181 - recall: 0.7937
 34/352 [=>............................] - ETA: 22s - loss: 0.7530 - accuracy: 0.5441 - precision: 0.5127 - recall: 0.7829
 35/352 [=>............................] - ETA: 22s - loss: 0.7485 - accuracy: 0.5500 - precision: 0.5198 - recall: 0.7836
 36/352 [==>...........................] - ETA: 22s - loss: 0.7497 - accuracy: 0.5451 - precision: 0.5169 - recall: 0.7754
 37/352 [==>...........................] - ETA: 22s - loss: 0.7506 - accuracy: 0.5439 - precision: 0.5164 - recall: 0.7746
 38/352 [==>...........................] - ETA: 22s - loss: 0.7460 - accuracy: 0.5461 - precision: 0.5161 - recall: 0.7724
 39/352 [==>...........................] - ETA: 22s - loss: 0.7413 - accuracy: 0.5513 - precision: 0.5182 - recall: 0.7703
 40/352 [==>...........................] - ETA: 22s - loss: 0.7381 - accuracy: 0.5562 - precision: 0.5225 - recall: 0.7632
 41/352 [==>...........................] - ETA: 22s - loss: 0.7350 - accuracy: 0.5579 - precision: 0.5263 - recall: 0.7643
 42/352 [==>...........................] - ETA: 22s - loss: 0.7328 - accuracy: 0.5595 - precision: 0.5236 - recall: 0.7673
 44/352 [==>...........................] - ETA: 21s - loss: 0.7292 - accuracy: 0.5625 - precision: 0.5270 - recall: 0.7605
 45/352 [==>...........................] - ETA: 21s - loss: 0.7278 - accuracy: 0.5611 - precision: 0.5246 - recall: 0.7529
 46/352 [==>...........................] - ETA: 21s - loss: 0.7276 - accuracy: 0.5652 - precision: 0.5263 - recall: 0.7514
 47/352 [===>..........................] - ETA: 21s - loss: 0.7296 - accuracy: 0.5638 - precision: 0.5219 - recall: 0.7486
 48/352 [===>..........................] - ETA: 21s - loss: 0.7334 - accuracy: 0.5573 - precision: 0.5137 - recall: 0.7401
 49/352 [===>..........................] - ETA: 20s - loss: 0.7322 - accuracy: 0.5587 - precision: 0.5135 - recall: 0.7389
 50/352 [===>..........................] - ETA: 20s - loss: 0.7316 - accuracy: 0.5600 - precision: 0.5191 - recall: 0.7312
 51/352 [===>..........................] - ETA: 20s - loss: 0.7286 - accuracy: 0.5637 - precision: 0.5227 - recall: 0.7263
 52/352 [===>..........................] - ETA: 20s - loss: 0.7292 - accuracy: 0.5601 - precision: 0.5208 - recall: 0.7113
 53/352 [===>..........................] - ETA: 20s - loss: 0.7282 - accuracy: 0.5613 - precision: 0.5243 - recall: 0.7035
 54/352 [===>..........................] - ETA: 20s - loss: 0.7297 - accuracy: 0.5579 - precision: 0.5201 - recall: 0.7030
 55/352 [===>..........................] - ETA: 20s - loss: 0.7305 - accuracy: 0.5545 - precision: 0.5181 - recall: 0.6942
 56/352 [===>..........................] - ETA: 20s - loss: 0.7336 - accuracy: 0.5491 - precision: 0.5161 - recall: 0.6825
 57/352 [===>..........................] - ETA: 20s - loss: 0.7339 - accuracy: 0.5482 - precision: 0.5143 - recall: 0.6729
 58/352 [===>..........................] - ETA: 20s - loss: 0.7292 - accuracy: 0.5517 - precision: 0.5211 - recall: 0.6727
 59/352 [====>.........................] - ETA: 20s - loss: 0.7259 - accuracy: 0.5530 - precision: 0.5174 - recall: 0.6742
 60/352 [====>.........................] - ETA: 20s - loss: 0.7257 - accuracy: 0.5500 - precision: 0.5137 - recall: 0.6696
 61/352 [====>.........................] - ETA: 20s - loss: 0.7259 - accuracy: 0.5492 - precision: 0.5136 - recall: 0.6623
 62/352 [====>.........................] - ETA: 20s - loss: 0.7240 - accuracy: 0.5524 - precision: 0.5151 - recall: 0.6667
 63/352 [====>.........................] - ETA: 20s - loss: 0.7245 - accuracy: 0.5496 - precision: 0.5151 - recall: 0.6525
 64/352 [====>.........................] - ETA: 20s - loss: 0.7243 - accuracy: 0.5527 - precision: 0.5166 - recall: 0.6527
 65/352 [====>.........................] - ETA: 19s - loss: 0.7241 - accuracy: 0.5519 - precision: 0.5197 - recall: 0.6449
 66/352 [====>.........................] - ETA: 19s - loss: 0.7222 - accuracy: 0.5530 - precision: 0.5243 - recall: 0.6454
 67/352 [====>.........................] - ETA: 19s - loss: 0.7184 - accuracy: 0.5597 - precision: 0.5333 - recall: 0.6537
 68/352 [====>.........................] - ETA: 19s - loss: 0.7166 - accuracy: 0.5625 - precision: 0.5361 - recall: 0.6552
 69/352 [====>.........................] - ETA: 19s - loss: 0.7162 - accuracy: 0.5634 - precision: 0.5389 - recall: 0.6504
 70/352 [====>.........................] - ETA: 19s - loss: 0.7140 - accuracy: 0.5661 - precision: 0.5399 - recall: 0.6543
 71/352 [=====>........................] - ETA: 19s - loss: 0.7122 - accuracy: 0.5687 - precision: 0.5394 - recall: 0.6568
 72/352 [=====>........................] - ETA: 19s - loss: 0.7124 - accuracy: 0.5694 - precision: 0.5373 - recall: 0.6593
 74/352 [=====>........................] - ETA: 18s - loss: 0.7135 - accuracy: 0.5693 - precision: 0.5394 - recall: 0.6560
 75/352 [=====>........................] - ETA: 18s - loss: 0.7121 - accuracy: 0.5700 - precision: 0.5402 - recall: 0.6573
 77/352 [=====>........................] - ETA: 18s - loss: 0.7084 - accuracy: 0.5714 - precision: 0.5398 - recall: 0.6507
 79/352 [=====>........................] - ETA: 18s - loss: 0.7047 - accuracy: 0.5759 - precision: 0.5460 - recall: 0.6512
 80/352 [=====>........................] - ETA: 18s - loss: 0.7039 - accuracy: 0.5766 - precision: 0.5479 - recall: 0.6536
 81/352 [=====>........................] - ETA: 18s - loss: 0.7036 - accuracy: 0.5741 - precision: 0.5450 - recall: 0.6472
 82/352 [=====>........................] - ETA: 17s - loss: 0.7014 - accuracy: 0.5777 - precision: 0.5484 - recall: 0.6518
 83/352 [======>.......................] - ETA: 17s - loss: 0.6977 - accuracy: 0.5813 - precision: 0.5532 - recall: 0.6541
 84/352 [======>.......................] - ETA: 17s - loss: 0.6979 - accuracy: 0.5804 - precision: 0.5512 - recall: 0.6542
 85/352 [======>.......................] - ETA: 17s - loss: 0.6965 - accuracy: 0.5824 - precision: 0.5547 - recall: 0.6534
 86/352 [======>.......................] - ETA: 17s - loss: 0.6980 - accuracy: 0.5814 - precision: 0.5515 - recall: 0.6524
 87/352 [======>.......................] - ETA: 17s - loss: 0.6971 - accuracy: 0.5819 - precision: 0.5524 - recall: 0.6506
 88/352 [======>.......................] - ETA: 17s - loss: 0.6965 - accuracy: 0.5824 - precision: 0.5516 - recall: 0.6537
 89/352 [======>.......................] - ETA: 17s - loss: 0.6949 - accuracy: 0.5857 - precision: 0.5525 - recall: 0.6558
 90/352 [======>.......................] - ETA: 17s - loss: 0.6970 - accuracy: 0.5819 - precision: 0.5509 - recall: 0.6491
 91/352 [======>.......................] - ETA: 17s - loss: 0.6996 - accuracy: 0.5810 - precision: 0.5504 - recall: 0.6474
 92/352 [======>.......................] - ETA: 16s - loss: 0.6982 - accuracy: 0.5815 - precision: 0.5526 - recall: 0.6439
 93/352 [======>.......................] - ETA: 16s - loss: 0.6961 - accuracy: 0.5820 - precision: 0.5553 - recall: 0.6471
 94/352 [=======>......................] - ETA: 16s - loss: 0.6946 - accuracy: 0.5838 - precision: 0.5571 - recall: 0.6482
 95/352 [=======>......................] - ETA: 16s - loss: 0.6940 - accuracy: 0.5855 - precision: 0.5566 - recall: 0.6501
 96/352 [=======>......................] - ETA: 16s - loss: 0.6936 - accuracy: 0.5872 - precision: 0.5561 - recall: 0.6521
 97/352 [=======>......................] - ETA: 16s - loss: 0.6919 - accuracy: 0.5902 - precision: 0.5592 - recall: 0.6531
 98/352 [=======>......................] - ETA: 16s - loss: 0.6896 - accuracy: 0.5918 - precision: 0.5619 - recall: 0.6551
 99/352 [=======>......................] - ETA: 16s - loss: 0.6885 - accuracy: 0.5922 - precision: 0.5649 - recall: 0.6526
100/352 [=======>......................] - ETA: 16s - loss: 0.6885 - accuracy: 0.5913 - precision: 0.5633 - recall: 0.6501
101/352 [=======>......................] - ETA: 16s - loss: 0.6883 - accuracy: 0.5941 - precision: 0.5650 - recall: 0.6528
102/352 [=======>......................] - ETA: 16s - loss: 0.6887 - accuracy: 0.5931 - precision: 0.5651 - recall: 0.6547
103/352 [=======>......................] - ETA: 16s - loss: 0.6896 - accuracy: 0.5910 - precision: 0.5633 - recall: 0.6532
104/352 [=======>......................] - ETA: 16s - loss: 0.6891 - accuracy: 0.5889 - precision: 0.5640 - recall: 0.6484
105/352 [=======>......................] - ETA: 16s - loss: 0.6870 - accuracy: 0.5917 - precision: 0.5665 - recall: 0.6519
106/352 [========>.....................] - ETA: 16s - loss: 0.6849 - accuracy: 0.5943 - precision: 0.5702 - recall: 0.6537
107/352 [========>.....................] - ETA: 16s - loss: 0.6835 - accuracy: 0.5958 - precision: 0.5705 - recall: 0.6562
108/352 [========>.....................] - ETA: 15s - loss: 0.6815 - accuracy: 0.5984 - precision: 0.5729 - recall: 0.6595
109/352 [========>.....................] - ETA: 15s - loss: 0.6827 - accuracy: 0.5963 - precision: 0.5691 - recall: 0.6587
110/352 [========>.....................] - ETA: 15s - loss: 0.6847 - accuracy: 0.5932 - precision: 0.5676 - recall: 0.6533
111/352 [========>.....................] - ETA: 15s - loss: 0.6848 - accuracy: 0.5935 - precision: 0.5700 - recall: 0.6535
112/352 [========>.....................] - ETA: 15s - loss: 0.6836 - accuracy: 0.5949 - precision: 0.5726 - recall: 0.6529
113/352 [========>.....................] - ETA: 15s - loss: 0.6852 - accuracy: 0.5929 - precision: 0.5714 - recall: 0.6469
114/352 [========>.....................] - ETA: 15s - loss: 0.6842 - accuracy: 0.5932 - precision: 0.5709 - recall: 0.6471
115/352 [========>.....................] - ETA: 15s - loss: 0.6820 - accuracy: 0.5946 - precision: 0.5748 - recall: 0.6503
116/352 [========>.....................] - ETA: 15s - loss: 0.6816 - accuracy: 0.5938 - precision: 0.5750 - recall: 0.6498
117/352 [========>.....................] - ETA: 15s - loss: 0.6801 - accuracy: 0.5940 - precision: 0.5761 - recall: 0.6514
118/352 [=========>....................] - ETA: 15s - loss: 0.6791 - accuracy: 0.5943 - precision: 0.5755 - recall: 0.6515
119/352 [=========>....................] - ETA: 15s - loss: 0.6793 - accuracy: 0.5935 - precision: 0.5752 - recall: 0.6481
120/352 [=========>....................] - ETA: 15s - loss: 0.6802 - accuracy: 0.5927 - precision: 0.5766 - recall: 0.6462
121/352 [=========>....................] - ETA: 14s - loss: 0.6797 - accuracy: 0.5940 - precision: 0.5787 - recall: 0.6478
122/352 [=========>....................] - ETA: 14s - loss: 0.6801 - accuracy: 0.5953 - precision: 0.5826 - recall: 0.6488
123/352 [=========>....................] - ETA: 14s - loss: 0.6797 - accuracy: 0.5935 - precision: 0.5798 - recall: 0.6489
124/352 [=========>....................] - ETA: 14s - loss: 0.6774 - accuracy: 0.5968 - precision: 0.5829 - recall: 0.6517
125/352 [=========>....................] - ETA: 14s - loss: 0.6764 - accuracy: 0.5970 - precision: 0.5838 - recall: 0.6532
126/352 [=========>....................] - ETA: 14s - loss: 0.6781 - accuracy: 0.5952 - precision: 0.5821 - recall: 0.6520
127/352 [=========>....................] - ETA: 14s - loss: 0.6769 - accuracy: 0.5965 - precision: 0.5816 - recall: 0.6534
128/352 [=========>....................] - ETA: 14s - loss: 0.6765 - accuracy: 0.5967 - precision: 0.5813 - recall: 0.6515
129/352 [=========>....................] - ETA: 14s - loss: 0.6773 - accuracy: 0.5950 - precision: 0.5794 - recall: 0.6523
130/352 [==========>...................] - ETA: 14s - loss: 0.6765 - accuracy: 0.5962 - precision: 0.5813 - recall: 0.6537
131/352 [==========>...................] - ETA: 14s - loss: 0.6754 - accuracy: 0.5964 - precision: 0.5805 - recall: 0.6557
132/352 [==========>...................] - ETA: 14s - loss: 0.6729 - accuracy: 0.5985 - precision: 0.5847 - recall: 0.6584
133/352 [==========>...................] - ETA: 14s - loss: 0.6745 - accuracy: 0.5977 - precision: 0.5836 - recall: 0.6610
134/352 [==========>...................] - ETA: 14s - loss: 0.6731 - accuracy: 0.5998 - precision: 0.5854 - recall: 0.6635
135/352 [==========>...................] - ETA: 14s - loss: 0.6734 - accuracy: 0.5991 - precision: 0.5846 - recall: 0.6642
136/352 [==========>...................] - ETA: 15s - loss: 0.6724 - accuracy: 0.6002 - precision: 0.5840 - recall: 0.6654
137/352 [==========>...................] - ETA: 16s - loss: 0.6706 - accuracy: 0.6022 - precision: 0.5858 - recall: 0.6679
138/352 [==========>...................] - ETA: 16s - loss: 0.6692 - accuracy: 0.6033 - precision: 0.5881 - recall: 0.6697
139/352 [==========>...................] - ETA: 17s - loss: 0.6688 - accuracy: 0.6034 - precision: 0.5882 - recall: 0.6703
140/352 [==========>...................] - ETA: 17s - loss: 0.6679 - accuracy: 0.6045 - precision: 0.5877 - recall: 0.6715
141/352 [===========>..................] - ETA: 18s - loss: 0.6680 - accuracy: 0.6055 - precision: 0.5884 - recall: 0.6738
142/352 [===========>..................] - ETA: 18s - loss: 0.6682 - accuracy: 0.6056 - precision: 0.5876 - recall: 0.6756
143/352 [===========>..................] - ETA: 19s - loss: 0.6677 - accuracy: 0.6049 - precision: 0.5864 - recall: 0.6738
144/352 [===========>..................] - ETA: 19s - loss: 0.6657 - accuracy: 0.6076 - precision: 0.5871 - recall: 0.6743
145/352 [===========>..................] - ETA: 19s - loss: 0.6636 - accuracy: 0.6095 - precision: 0.5881 - recall: 0.6761
146/352 [===========>..................] - ETA: 19s - loss: 0.6627 - accuracy: 0.6096 - precision: 0.5884 - recall: 0.6748
147/352 [===========>..................] - ETA: 20s - loss: 0.6624 - accuracy: 0.6097 - precision: 0.5900 - recall: 0.6747
148/352 [===========>..................] - ETA: 20s - loss: 0.6625 - accuracy: 0.6106 - precision: 0.5907 - recall: 0.6770
149/352 [===========>..................] - ETA: 20s - loss: 0.6621 - accuracy: 0.6107 - precision: 0.5908 - recall: 0.6775
150/352 [===========>..................] - ETA: 20s - loss: 0.6617 - accuracy: 0.6100 - precision: 0.5905 - recall: 0.6746
151/352 [===========>..................] - ETA: 21s - loss: 0.6609 - accuracy: 0.6101 - precision: 0.5914 - recall: 0.6739
152/352 [===========>..................] - ETA: 21s - loss: 0.6592 - accuracy: 0.6127 - precision: 0.5932 - recall: 0.6756
153/352 [============>.................] - ETA: 21s - loss: 0.6568 - accuracy: 0.6152 - precision: 0.5968 - recall: 0.6788
154/352 [============>.................] - ETA: 21s - loss: 0.6559 - accuracy: 0.6169 - precision: 0.5997 - recall: 0.6803
155/352 [============>.................] - ETA: 21s - loss: 0.6555 - accuracy: 0.6177 - precision: 0.5991 - recall: 0.6814
156/352 [============>.................] - ETA: 21s - loss: 0.6535 - accuracy: 0.6202 - precision: 0.6014 - recall: 0.6834
157/352 [============>.................] - ETA: 20s - loss: 0.6525 - accuracy: 0.6210 - precision: 0.6017 - recall: 0.6834
158/352 [============>.................] - ETA: 20s - loss: 0.6510 - accuracy: 0.6226 - precision: 0.6020 - recall: 0.6844
159/352 [============>.................] - ETA: 20s - loss: 0.6508 - accuracy: 0.6226 - precision: 0.6031 - recall: 0.6821
160/352 [============>.................] - ETA: 20s - loss: 0.6509 - accuracy: 0.6227 - precision: 0.6025 - recall: 0.6820
161/352 [============>.................] - ETA: 20s - loss: 0.6507 - accuracy: 0.6219 - precision: 0.6020 - recall: 0.6809
162/352 [============>.................] - ETA: 20s - loss: 0.6509 - accuracy: 0.6211 - precision: 0.6022 - recall: 0.6787
163/352 [============>.................] - ETA: 19s - loss: 0.6502 - accuracy: 0.6219 - precision: 0.6025 - recall: 0.6786
164/352 [============>.................] - ETA: 19s - loss: 0.6491 - accuracy: 0.6220 - precision: 0.6033 - recall: 0.6780
165/352 [=============>................] - ETA: 19s - loss: 0.6485 - accuracy: 0.6227 - precision: 0.6039 - recall: 0.6764
166/352 [=============>................] - ETA: 19s - loss: 0.6467 - accuracy: 0.6250 - precision: 0.6066 - recall: 0.6789
167/352 [=============>................] - ETA: 19s - loss: 0.6473 - accuracy: 0.6250 - precision: 0.6068 - recall: 0.6778
168/352 [=============>................] - ETA: 19s - loss: 0.6479 - accuracy: 0.6250 - precision: 0.6079 - recall: 0.6757
169/352 [=============>................] - ETA: 18s - loss: 0.6483 - accuracy: 0.6243 - precision: 0.6073 - recall: 0.6747
170/352 [=============>................] - ETA: 18s - loss: 0.6476 - accuracy: 0.6250 - precision: 0.6083 - recall: 0.6771
171/352 [=============>................] - ETA: 18s - loss: 0.6468 - accuracy: 0.6250 - precision: 0.6088 - recall: 0.6780
172/352 [=============>................] - ETA: 18s - loss: 0.6455 - accuracy: 0.6272 - precision: 0.6103 - recall: 0.6794
174/352 [=============>................] - ETA: 18s - loss: 0.6426 - accuracy: 0.6300 - precision: 0.6126 - recall: 0.6812
176/352 [==============>...............] - ETA: 17s - loss: 0.6405 - accuracy: 0.6321 - precision: 0.6147 - recall: 0.6853
177/352 [==============>...............] - ETA: 17s - loss: 0.6405 - accuracy: 0.6328 - precision: 0.6146 - recall: 0.6867
178/352 [==============>...............] - ETA: 17s - loss: 0.6391 - accuracy: 0.6341 - precision: 0.6163 - recall: 0.6889
179/352 [==============>...............] - ETA: 17s - loss: 0.6388 - accuracy: 0.6348 - precision: 0.6166 - recall: 0.6907
180/352 [==============>...............] - ETA: 17s - loss: 0.6374 - accuracy: 0.6354 - precision: 0.6173 - recall: 0.6910
182/352 [==============>...............] - ETA: 16s - loss: 0.6355 - accuracy: 0.6374 - precision: 0.6199 - recall: 0.6921
184/352 [==============>...............] - ETA: 16s - loss: 0.6339 - accuracy: 0.6393 - precision: 0.6225 - recall: 0.6949
186/352 [==============>...............] - ETA: 16s - loss: 0.6330 - accuracy: 0.6391 - precision: 0.6227 - recall: 0.6959
188/352 [===============>..............] - ETA: 16s - loss: 0.6311 - accuracy: 0.6410 - precision: 0.6250 - recall: 0.7000
189/352 [===============>..............] - ETA: 16s - loss: 0.6320 - accuracy: 0.6402 - precision: 0.6247 - recall: 0.6976
191/352 [===============>..............] - ETA: 15s - loss: 0.6295 - accuracy: 0.6414 - precision: 0.6247 - recall: 0.6987
192/352 [===============>..............] - ETA: 15s - loss: 0.6284 - accuracy: 0.6419 - precision: 0.6257 - recall: 0.6993
194/352 [===============>..............] - ETA: 15s - loss: 0.6275 - accuracy: 0.6405 - precision: 0.6254 - recall: 0.6981
195/352 [===============>..............] - ETA: 15s - loss: 0.6273 - accuracy: 0.6404 - precision: 0.6253 - recall: 0.6983
196/352 [===============>..............] - ETA: 15s - loss: 0.6274 - accuracy: 0.6403 - precision: 0.6243 - recall: 0.6978
197/352 [===============>..............] - ETA: 14s - loss: 0.6270 - accuracy: 0.6409 - precision: 0.6246 - recall: 0.6994
198/352 [===============>..............] - ETA: 14s - loss: 0.6265 - accuracy: 0.6414 - precision: 0.6260 - recall: 0.7004
199/352 [===============>..............] - ETA: 14s - loss: 0.6244 - accuracy: 0.6432 - precision: 0.6281 - recall: 0.7023
200/352 [================>.............] - ETA: 14s - loss: 0.6231 - accuracy: 0.6450 - precision: 0.6310 - recall: 0.7049
201/352 [================>.............] - ETA: 14s - loss: 0.6220 - accuracy: 0.6461 - precision: 0.6318 - recall: 0.7047
202/352 [================>.............] - ETA: 14s - loss: 0.6217 - accuracy: 0.6467 - precision: 0.6312 - recall: 0.7054
203/352 [================>.............] - ETA: 14s - loss: 0.6210 - accuracy: 0.6466 - precision: 0.6311 - recall: 0.7057
204/352 [================>.............] - ETA: 14s - loss: 0.6202 - accuracy: 0.6477 - precision: 0.6320 - recall: 0.7071
206/352 [================>.............] - ETA: 13s - loss: 0.6183 - accuracy: 0.6499 - precision: 0.6325 - recall: 0.7073
207/352 [================>.............] - ETA: 13s - loss: 0.6166 - accuracy: 0.6516 - precision: 0.6345 - recall: 0.7091
208/352 [================>.............] - ETA: 13s - loss: 0.6158 - accuracy: 0.6526 - precision: 0.6354 - recall: 0.7105
209/352 [================>.............] - ETA: 13s - loss: 0.6161 - accuracy: 0.6525 - precision: 0.6348 - recall: 0.7103
210/352 [================>.............] - ETA: 13s - loss: 0.6154 - accuracy: 0.6536 - precision: 0.6349 - recall: 0.7110
211/352 [================>.............] - ETA: 13s - loss: 0.6155 - accuracy: 0.6534 - precision: 0.6343 - recall: 0.7109
212/352 [=================>............] - ETA: 13s - loss: 0.6145 - accuracy: 0.6545 - precision: 0.6344 - recall: 0.7116
213/352 [=================>............] - ETA: 12s - loss: 0.6147 - accuracy: 0.6538 - precision: 0.6332 - recall: 0.7114
214/352 [=================>............] - ETA: 12s - loss: 0.6142 - accuracy: 0.6542 - precision: 0.6337 - recall: 0.7116
215/352 [=================>............] - ETA: 12s - loss: 0.6144 - accuracy: 0.6541 - precision: 0.6331 - recall: 0.7114
216/352 [=================>............] - ETA: 12s - loss: 0.6131 - accuracy: 0.6551 - precision: 0.6347 - recall: 0.7119
217/352 [=================>............] - ETA: 12s - loss: 0.6131 - accuracy: 0.6550 - precision: 0.6348 - recall: 0.7110
218/352 [=================>............] - ETA: 12s - loss: 0.6113 - accuracy: 0.6565 - precision: 0.6359 - recall: 0.7120
219/352 [=================>............] - ETA: 12s - loss: 0.6115 - accuracy: 0.6570 - precision: 0.6352 - recall: 0.7111
220/352 [=================>............] - ETA: 12s - loss: 0.6105 - accuracy: 0.6580 - precision: 0.6372 - recall: 0.7135
221/352 [=================>............] - ETA: 12s - loss: 0.6116 - accuracy: 0.6572 - precision: 0.6373 - recall: 0.7117
222/352 [=================>............] - ETA: 11s - loss: 0.6105 - accuracy: 0.6582 - precision: 0.6378 - recall: 0.7127
223/352 [==================>...........] - ETA: 11s - loss: 0.6097 - accuracy: 0.6586 - precision: 0.6372 - recall: 0.7133
224/352 [==================>...........] - ETA: 11s - loss: 0.6085 - accuracy: 0.6596 - precision: 0.6384 - recall: 0.7149
225/352 [==================>...........] - ETA: 11s - loss: 0.6078 - accuracy: 0.6600 - precision: 0.6388 - recall: 0.7151
226/352 [==================>...........] - ETA: 11s - loss: 0.6068 - accuracy: 0.6615 - precision: 0.6406 - recall: 0.7167
228/352 [==================>...........] - ETA: 11s - loss: 0.6054 - accuracy: 0.6628 - precision: 0.6415 - recall: 0.7178
229/352 [==================>...........] - ETA: 11s - loss: 0.6062 - accuracy: 0.6616 - precision: 0.6406 - recall: 0.7157
230/352 [==================>...........] - ETA: 11s - loss: 0.6051 - accuracy: 0.6625 - precision: 0.6410 - recall: 0.7166
231/352 [==================>...........] - ETA: 10s - loss: 0.6044 - accuracy: 0.6634 - precision: 0.6417 - recall: 0.7165
232/352 [==================>...........] - ETA: 10s - loss: 0.6043 - accuracy: 0.6638 - precision: 0.6408 - recall: 0.7168
233/352 [==================>...........] - ETA: 10s - loss: 0.6034 - accuracy: 0.6647 - precision: 0.6422 - recall: 0.7172
234/352 [==================>...........] - ETA: 10s - loss: 0.6020 - accuracy: 0.6661 - precision: 0.6440 - recall: 0.7188
236/352 [===================>..........] - ETA: 10s - loss: 0.6007 - accuracy: 0.6679 - precision: 0.6464 - recall: 0.7207
237/352 [===================>..........] - ETA: 10s - loss: 0.5999 - accuracy: 0.6682 - precision: 0.6478 - recall: 0.7204
238/352 [===================>..........] - ETA: 10s - loss: 0.5989 - accuracy: 0.6696 - precision: 0.6481 - recall: 0.7207
239/352 [===================>..........] - ETA: 10s - loss: 0.5991 - accuracy: 0.6689 - precision: 0.6472 - recall: 0.7194
240/352 [===================>..........] - ETA: 9s - loss: 0.5988 - accuracy: 0.6693 - precision: 0.6480 - recall: 0.7199 
241/352 [===================>..........] - ETA: 9s - loss: 0.5979 - accuracy: 0.6701 - precision: 0.6486 - recall: 0.7197
242/352 [===================>..........] - ETA: 9s - loss: 0.5972 - accuracy: 0.6705 - precision: 0.6493 - recall: 0.7201
243/352 [===================>..........] - ETA: 9s - loss: 0.5959 - accuracy: 0.6713 - precision: 0.6503 - recall: 0.7203
244/352 [===================>..........] - ETA: 9s - loss: 0.5948 - accuracy: 0.6721 - precision: 0.6513 - recall: 0.7204
245/352 [===================>..........] - ETA: 9s - loss: 0.5940 - accuracy: 0.6730 - precision: 0.6507 - recall: 0.7204
246/352 [===================>..........] - ETA: 9s - loss: 0.5932 - accuracy: 0.6733 - precision: 0.6523 - recall: 0.7203
247/352 [====================>.........] - ETA: 9s - loss: 0.5921 - accuracy: 0.6741 - precision: 0.6530 - recall: 0.7215
248/352 [====================>.........] - ETA: 9s - loss: 0.5915 - accuracy: 0.6749 - precision: 0.6527 - recall: 0.7218
249/352 [====================>.........] - ETA: 9s - loss: 0.5926 - accuracy: 0.6742 - precision: 0.6528 - recall: 0.7201
250/352 [====================>.........] - ETA: 8s - loss: 0.5910 - accuracy: 0.6755 - precision: 0.6541 - recall: 0.7213
251/352 [====================>.........] - ETA: 8s - loss: 0.5901 - accuracy: 0.6758 - precision: 0.6541 - recall: 0.7224
252/352 [====================>.........] - ETA: 8s - loss: 0.5903 - accuracy: 0.6756 - precision: 0.6545 - recall: 0.7231
254/352 [====================>.........] - ETA: 8s - loss: 0.5886 - accuracy: 0.6767 - precision: 0.6561 - recall: 0.7223
255/352 [====================>.........] - ETA: 8s - loss: 0.5886 - accuracy: 0.6765 - precision: 0.6561 - recall: 0.7214
257/352 [====================>.........] - ETA: 8s - loss: 0.5892 - accuracy: 0.6756 - precision: 0.6559 - recall: 0.7199
258/352 [====================>.........] - ETA: 8s - loss: 0.5885 - accuracy: 0.6764 - precision: 0.6568 - recall: 0.7200
259/352 [=====================>........] - ETA: 8s - loss: 0.5875 - accuracy: 0.6776 - precision: 0.6583 - recall: 0.7214
260/352 [=====================>........] - ETA: 7s - loss: 0.5877 - accuracy: 0.6779 - precision: 0.6590 - recall: 0.7218
261/352 [=====================>........] - ETA: 7s - loss: 0.5872 - accuracy: 0.6782 - precision: 0.6596 - recall: 0.7209
262/352 [=====================>........] - ETA: 7s - loss: 0.5863 - accuracy: 0.6789 - precision: 0.6596 - recall: 0.7215
263/352 [=====================>........] - ETA: 7s - loss: 0.5862 - accuracy: 0.6792 - precision: 0.6590 - recall: 0.7220
264/352 [=====================>........] - ETA: 7s - loss: 0.5857 - accuracy: 0.6799 - precision: 0.6608 - recall: 0.7229
265/352 [=====================>........] - ETA: 7s - loss: 0.5844 - accuracy: 0.6811 - precision: 0.6620 - recall: 0.7240
266/352 [=====================>........] - ETA: 7s - loss: 0.5852 - accuracy: 0.6809 - precision: 0.6620 - recall: 0.7231
267/352 [=====================>........] - ETA: 7s - loss: 0.5839 - accuracy: 0.6812 - precision: 0.6623 - recall: 0.7232
269/352 [=====================>........] - ETA: 7s - loss: 0.5835 - accuracy: 0.6808 - precision: 0.6612 - recall: 0.7241
270/352 [======================>.......] - ETA: 7s - loss: 0.5823 - accuracy: 0.6819 - precision: 0.6627 - recall: 0.7254
271/352 [======================>.......] - ETA: 6s - loss: 0.5816 - accuracy: 0.6822 - precision: 0.6630 - recall: 0.7267
272/352 [======================>.......] - ETA: 6s - loss: 0.5811 - accuracy: 0.6820 - precision: 0.6627 - recall: 0.7268
273/352 [======================>.......] - ETA: 6s - loss: 0.5809 - accuracy: 0.6823 - precision: 0.6630 - recall: 0.7270
274/352 [======================>.......] - ETA: 6s - loss: 0.5801 - accuracy: 0.6830 - precision: 0.6636 - recall: 0.7280
275/352 [======================>.......] - ETA: 6s - loss: 0.5791 - accuracy: 0.6837 - precision: 0.6641 - recall: 0.7290
276/352 [======================>.......] - ETA: 6s - loss: 0.5783 - accuracy: 0.6839 - precision: 0.6642 - recall: 0.7289
277/352 [======================>.......] - ETA: 6s - loss: 0.5781 - accuracy: 0.6842 - precision: 0.6644 - recall: 0.7289
278/352 [======================>.......] - ETA: 6s - loss: 0.5772 - accuracy: 0.6849 - precision: 0.6650 - recall: 0.7299
279/352 [======================>.......] - ETA: 6s - loss: 0.5777 - accuracy: 0.6846 - precision: 0.6636 - recall: 0.7302
280/352 [======================>.......] - ETA: 6s - loss: 0.5771 - accuracy: 0.6853 - precision: 0.6645 - recall: 0.7302
281/352 [======================>.......] - ETA: 6s - loss: 0.5780 - accuracy: 0.6847 - precision: 0.6637 - recall: 0.7303
282/352 [=======================>......] - ETA: 5s - loss: 0.5765 - accuracy: 0.6858 - precision: 0.6650 - recall: 0.7315
283/352 [=======================>......] - ETA: 5s - loss: 0.5757 - accuracy: 0.6869 - precision: 0.6664 - recall: 0.7327
284/352 [=======================>......] - ETA: 5s - loss: 0.5756 - accuracy: 0.6871 - precision: 0.6669 - recall: 0.7330
285/352 [=======================>......] - ETA: 5s - loss: 0.5754 - accuracy: 0.6873 - precision: 0.6669 - recall: 0.7340
286/352 [=======================>......] - ETA: 5s - loss: 0.5762 - accuracy: 0.6867 - precision: 0.6661 - recall: 0.7329
287/352 [=======================>......] - ETA: 5s - loss: 0.5756 - accuracy: 0.6869 - precision: 0.6664 - recall: 0.7330
288/352 [=======================>......] - ETA: 5s - loss: 0.5749 - accuracy: 0.6876 - precision: 0.6672 - recall: 0.7342
289/352 [=======================>......] - ETA: 5s - loss: 0.5749 - accuracy: 0.6878 - precision: 0.6672 - recall: 0.7340
290/352 [=======================>......] - ETA: 5s - loss: 0.5743 - accuracy: 0.6880 - precision: 0.6685 - recall: 0.7339
291/352 [=======================>......] - ETA: 5s - loss: 0.5754 - accuracy: 0.6882 - precision: 0.6688 - recall: 0.7339
292/352 [=======================>......] - ETA: 5s - loss: 0.5748 - accuracy: 0.6888 - precision: 0.6690 - recall: 0.7346
294/352 [========================>.....] - ETA: 4s - loss: 0.5739 - accuracy: 0.6897 - precision: 0.6690 - recall: 0.7360
295/352 [========================>.....] - ETA: 4s - loss: 0.5723 - accuracy: 0.6907 - precision: 0.6701 - recall: 0.7369
296/352 [========================>.....] - ETA: 4s - loss: 0.5724 - accuracy: 0.6909 - precision: 0.6703 - recall: 0.7358
298/352 [========================>.....] - ETA: 4s - loss: 0.5712 - accuracy: 0.6918 - precision: 0.6698 - recall: 0.7368
299/352 [========================>.....] - ETA: 4s - loss: 0.5703 - accuracy: 0.6924 - precision: 0.6703 - recall: 0.7376
300/352 [========================>.....] - ETA: 4s - loss: 0.5716 - accuracy: 0.6917 - precision: 0.6690 - recall: 0.7372
302/352 [========================>.....] - ETA: 4s - loss: 0.5705 - accuracy: 0.6934 - precision: 0.6710 - recall: 0.7384
303/352 [========================>.....] - ETA: 4s - loss: 0.5697 - accuracy: 0.6940 - precision: 0.6715 - recall: 0.7382
305/352 [========================>.....] - ETA: 3s - loss: 0.5684 - accuracy: 0.6952 - precision: 0.6733 - recall: 0.7385
306/352 [=========================>....] - ETA: 3s - loss: 0.5679 - accuracy: 0.6953 - precision: 0.6737 - recall: 0.7388
307/352 [=========================>....] - ETA: 3s - loss: 0.5675 - accuracy: 0.6955 - precision: 0.6737 - recall: 0.7386
308/352 [=========================>....] - ETA: 3s - loss: 0.5670 - accuracy: 0.6957 - precision: 0.6737 - recall: 0.7384
309/352 [=========================>....] - ETA: 3s - loss: 0.5682 - accuracy: 0.6951 - precision: 0.6729 - recall: 0.7384
310/352 [=========================>....] - ETA: 3s - loss: 0.5685 - accuracy: 0.6948 - precision: 0.6729 - recall: 0.7377
311/352 [=========================>....] - ETA: 3s - loss: 0.5675 - accuracy: 0.6954 - precision: 0.6734 - recall: 0.7375
312/352 [=========================>....] - ETA: 3s - loss: 0.5671 - accuracy: 0.6956 - precision: 0.6744 - recall: 0.7371
313/352 [=========================>....] - ETA: 3s - loss: 0.5669 - accuracy: 0.6954 - precision: 0.6736 - recall: 0.7368
314/352 [=========================>....] - ETA: 3s - loss: 0.5665 - accuracy: 0.6955 - precision: 0.6739 - recall: 0.7358
315/352 [=========================>....] - ETA: 3s - loss: 0.5655 - accuracy: 0.6965 - precision: 0.6751 - recall: 0.7368
316/352 [=========================>....] - ETA: 2s - loss: 0.5654 - accuracy: 0.6967 - precision: 0.6758 - recall: 0.7373
317/352 [==========================>...] - ETA: 2s - loss: 0.5653 - accuracy: 0.6968 - precision: 0.6762 - recall: 0.7376
318/352 [==========================>...] - ETA: 2s - loss: 0.5655 - accuracy: 0.6970 - precision: 0.6760 - recall: 0.7382
319/352 [==========================>...] - ETA: 2s - loss: 0.5657 - accuracy: 0.6972 - precision: 0.6769 - recall: 0.7378
320/352 [==========================>...] - ETA: 2s - loss: 0.5659 - accuracy: 0.6966 - precision: 0.6774 - recall: 0.7359
321/352 [==========================>...] - ETA: 2s - loss: 0.5655 - accuracy: 0.6971 - precision: 0.6778 - recall: 0.7358
322/352 [==========================>...] - ETA: 2s - loss: 0.5650 - accuracy: 0.6977 - precision: 0.6788 - recall: 0.7360
324/352 [==========================>...] - ETA: 2s - loss: 0.5633 - accuracy: 0.6991 - precision: 0.6804 - recall: 0.7369
326/352 [==========================>...] - ETA: 2s - loss: 0.5611 - accuracy: 0.7010 - precision: 0.6825 - recall: 0.7387
327/352 [==========================>...] - ETA: 2s - loss: 0.5615 - accuracy: 0.7008 - precision: 0.6819 - recall: 0.7386
329/352 [===========================>..] - ETA: 1s - loss: 0.5616 - accuracy: 0.7011 - precision: 0.6823 - recall: 0.7396
330/352 [===========================>..] - ETA: 1s - loss: 0.5613 - accuracy: 0.7016 - precision: 0.6827 - recall: 0.7404
331/352 [===========================>..] - ETA: 1s - loss: 0.5610 - accuracy: 0.7021 - precision: 0.6836 - recall: 0.7406
332/352 [===========================>..] - ETA: 1s - loss: 0.5604 - accuracy: 0.7026 - precision: 0.6840 - recall: 0.7414
334/352 [===========================>..] - ETA: 1s - loss: 0.5612 - accuracy: 0.7029 - precision: 0.6839 - recall: 0.7430
336/352 [===========================>..] - ETA: 1s - loss: 0.5601 - accuracy: 0.7036 - precision: 0.6842 - recall: 0.7436
337/352 [===========================>..] - ETA: 1s - loss: 0.5591 - accuracy: 0.7045 - precision: 0.6849 - recall: 0.7442
339/352 [===========================>..] - ETA: 1s - loss: 0.5595 - accuracy: 0.7044 - precision: 0.6843 - recall: 0.7448
340/352 [===========================>..] - ETA: 0s - loss: 0.5585 - accuracy: 0.7052 - precision: 0.6856 - recall: 0.7459
342/352 [============================>.] - ETA: 0s - loss: 0.5577 - accuracy: 0.7062 - precision: 0.6858 - recall: 0.7468
343/352 [============================>.] - ETA: 0s - loss: 0.5565 - accuracy: 0.7071 - precision: 0.6864 - recall: 0.7474
344/352 [============================>.] - ETA: 0s - loss: 0.5556 - accuracy: 0.7076 - precision: 0.6870 - recall: 0.7474
345/352 [============================>.] - ETA: 0s - loss: 0.5559 - accuracy: 0.7077 - precision: 0.6870 - recall: 0.7472
346/352 [============================>.] - ETA: 0s - loss: 0.5546 - accuracy: 0.7085 - precision: 0.6883 - recall: 0.7483
347/352 [============================>.] - ETA: 0s - loss: 0.5546 - accuracy: 0.7087 - precision: 0.6882 - recall: 0.7482
348/352 [============================>.] - ETA: 0s - loss: 0.5547 - accuracy: 0.7084 - precision: 0.6882 - recall: 0.7474
350/352 [============================>.] - ETA: 0s - loss: 0.5539 - accuracy: 0.7090 - precision: 0.6885 - recall: 0.7480
351/352 [============================>.] - ETA: 0s - loss: 0.5528 - accuracy: 0.7099 - precision: 0.6895 - recall: 0.7489
352/352 [==============================] - ETA: 0s - loss: 0.5525 - accuracy: 0.7100 - precision: 0.6900 - recall: 0.7482
Epoch 1: saving model to C:\SIRCH_ENV\models\revision\exp13_grouped_retraining\gru_augmented_grouped\checkpoints\gru_augmented_grouped_epoch_001.weights.h5

Epoch 1: val_loss improved from inf to 0.40016, saving model to C:\SIRCH_ENV\models\revision\exp13_grouped_retraining\gru_augmented_grouped\best_gru_augmented_grouped_head.weights.h5

352/352 [==============================] - 33s 83ms/step - loss: 0.5525 - accuracy: 0.7100 - precision: 0.6900 - recall: 0.7482 - val_loss: 0.4002 - val_accuracy: 0.8090 - val_precision: 0.8352 - val_recall: 0.7677 - lr: 1.0000e-04
Epoch 2/30

  1/352 [..............................] - ETA: 32s - loss: 0.7679 - accuracy: 0.5000 - precision: 0.6667 - recall: 0.4000
  2/352 [..............................] - ETA: 19s - loss: 0.6171 - accuracy: 0.6250 - precision: 0.6667 - recall: 0.5000
  3/352 [..............................] - ETA: 18s - loss: 0.6086 - accuracy: 0.6667 - precision: 0.7500 - recall: 0.5000
  4/352 [..............................] - ETA: 18s - loss: 0.6087 - accuracy: 0.6875 - precision: 0.8000 - recall: 0.5000
  5/352 [..............................] - ETA: 19s - loss: 0.5665 - accuracy: 0.7250 - precision: 0.8000 - recall: 0.6000
  6/352 [..............................] - ETA: 23s - loss: 0.5740 - accuracy: 0.7292 - precision: 0.7368 - recall: 0.6364
  7/352 [..............................] - ETA: 22s - loss: 0.5662 - accuracy: 0.7500 - precision: 0.7600 - recall: 0.7037
  8/352 [..............................] - ETA: 22s - loss: 0.5830 - accuracy: 0.7188 - precision: 0.7692 - recall: 0.6250
 10/352 [..............................] - ETA: 20s - loss: 0.5351 - accuracy: 0.7375 - precision: 0.7632 - recall: 0.7073
 11/352 [..............................] - ETA: 21s - loss: 0.5052 - accuracy: 0.7614 - precision: 0.7805 - recall: 0.7273
 12/352 [>.............................] - ETA: 21s - loss: 0.5032 - accuracy: 0.7500 - precision: 0.7778 - recall: 0.7143
 13/352 [>.............................] - ETA: 20s - loss: 0.5056 - accuracy: 0.7500 - precision: 0.7600 - recall: 0.7308
 14/352 [>.............................] - ETA: 20s - loss: 0.5293 - accuracy: 0.7321 - precision: 0.7407 - recall: 0.7143
 15/352 [>.............................] - ETA: 20s - loss: 0.5145 - accuracy: 0.7500 - precision: 0.7667 - recall: 0.7419
 16/352 [>.............................] - ETA: 20s - loss: 0.5045 - accuracy: 0.7500 - precision: 0.7500 - recall: 0.7500
 17/352 [>.............................] - ETA: 20s - loss: 0.5086 - accuracy: 0.7500 - precision: 0.7500 - recall: 0.7500
 18/352 [>.............................] - ETA: 19s - loss: 0.4939 - accuracy: 0.7569 - precision: 0.7534 - recall: 0.7639
 19/352 [>.............................] - ETA: 20s - loss: 0.4840 - accuracy: 0.7566 - precision: 0.7403 - recall: 0.7703
 20/352 [>.............................] - ETA: 20s - loss: 0.4755 - accuracy: 0.7625 - precision: 0.7439 - recall: 0.7821
 21/352 [>.............................] - ETA: 19s - loss: 0.4908 - accuracy: 0.7619 - precision: 0.7500 - recall: 0.7857
 22/352 [>.............................] - ETA: 19s - loss: 0.4878 - accuracy: 0.7670 - precision: 0.7634 - recall: 0.7889
 23/352 [>.............................] - ETA: 19s - loss: 0.4768 - accuracy: 0.7772 - precision: 0.7708 - recall: 0.7957
 25/352 [=>............................] - ETA: 19s - loss: 0.4710 - accuracy: 0.7900 - precision: 0.7850 - recall: 0.8155
 26/352 [=>............................] - ETA: 19s - loss: 0.4728 - accuracy: 0.7837 - precision: 0.7798 - recall: 0.8019
 27/352 [=>............................] - ETA: 19s - loss: 0.4672 - accuracy: 0.7870 - precision: 0.7876 - recall: 0.8018
 28/352 [=>............................] - ETA: 19s - loss: 0.4736 - accuracy: 0.7857 - precision: 0.7899 - recall: 0.8034
 29/352 [=>............................] - ETA: 19s - loss: 0.4649 - accuracy: 0.7931 - precision: 0.7951 - recall: 0.8083
 30/352 [=>............................] - ETA: 19s - loss: 0.4665 - accuracy: 0.7917 - precision: 0.7920 - recall: 0.8049
 31/352 [=>............................] - ETA: 19s - loss: 0.4762 - accuracy: 0.7903 - precision: 0.7907 - recall: 0.8031
 32/352 [=>............................] - ETA: 19s - loss: 0.4889 - accuracy: 0.7812 - precision: 0.7836 - recall: 0.7955
 33/352 [=>............................] - ETA: 19s - loss: 0.4821 - accuracy: 0.7879 - precision: 0.7899 - recall: 0.8015
 34/352 [=>............................] - ETA: 18s - loss: 0.4792 - accuracy: 0.7904 - precision: 0.7857 - recall: 0.8029
 35/352 [=>............................] - ETA: 19s - loss: 0.4762 - accuracy: 0.7929 - precision: 0.7917 - recall: 0.8028
 36/352 [==>...........................] - ETA: 18s - loss: 0.4752 - accuracy: 0.7917 - precision: 0.7877 - recall: 0.7986
 37/352 [==>...........................] - ETA: 18s - loss: 0.4692 - accuracy: 0.7973 - precision: 0.7905 - recall: 0.8014
 38/352 [==>...........................] - ETA: 18s - loss: 0.4612 - accuracy: 0.8026 - precision: 0.7947 - recall: 0.8054
 39/352 [==>...........................] - ETA: 18s - loss: 0.4566 - accuracy: 0.8045 - precision: 0.7908 - recall: 0.8067
 40/352 [==>...........................] - ETA: 18s - loss: 0.4563 - accuracy: 0.8031 - precision: 0.7885 - recall: 0.8039
 41/352 [==>...........................] - ETA: 18s - loss: 0.4529 - accuracy: 0.8049 - precision: 0.7911 - recall: 0.8013
 42/352 [==>...........................] - ETA: 18s - loss: 0.4517 - accuracy: 0.8036 - precision: 0.7888 - recall: 0.7987
 43/352 [==>...........................] - ETA: 19s - loss: 0.4522 - accuracy: 0.8023 - precision: 0.7914 - recall: 0.7914
 44/352 [==>...........................] - ETA: 20s - loss: 0.4473 - accuracy: 0.8040 - precision: 0.7892 - recall: 0.7939
 45/352 [==>...........................] - ETA: 20s - loss: 0.4446 - accuracy: 0.8028 - precision: 0.7941 - recall: 0.7895
 46/352 [==>...........................] - ETA: 20s - loss: 0.4391 - accuracy: 0.8043 - precision: 0.7931 - recall: 0.7931
 47/352 [===>..........................] - ETA: 20s - loss: 0.4323 - accuracy: 0.8085 - precision: 0.7955 - recall: 0.7955
 48/352 [===>..........................] - ETA: 20s - loss: 0.4277 - accuracy: 0.8125 - precision: 0.8000 - recall: 0.8000
 49/352 [===>..........................] - ETA: 19s - loss: 0.4252 - accuracy: 0.8163 - precision: 0.8054 - recall: 0.8054
 51/352 [===>..........................] - ETA: 19s - loss: 0.4235 - accuracy: 0.8162 - precision: 0.8063 - recall: 0.8021
 52/352 [===>..........................] - ETA: 19s - loss: 0.4279 - accuracy: 0.8125 - precision: 0.8041 - recall: 0.7959
 54/352 [===>..........................] - ETA: 19s - loss: 0.4284 - accuracy: 0.8125 - precision: 0.8000 - recall: 0.7960
 55/352 [===>..........................] - ETA: 19s - loss: 0.4294 - accuracy: 0.8114 - precision: 0.8010 - recall: 0.7971
 56/352 [===>..........................] - ETA: 19s - loss: 0.4287 - accuracy: 0.8125 - precision: 0.8075 - recall: 0.8000
 57/352 [===>..........................] - ETA: 19s - loss: 0.4313 - accuracy: 0.8136 - precision: 0.8065 - recall: 0.8028
 58/352 [===>..........................] - ETA: 18s - loss: 0.4338 - accuracy: 0.8125 - precision: 0.8073 - recall: 0.7964
 59/352 [====>.........................] - ETA: 18s - loss: 0.4337 - accuracy: 0.8136 - precision: 0.8072 - recall: 0.8000
 60/352 [====>.........................] - ETA: 18s - loss: 0.4275 - accuracy: 0.8167 - precision: 0.8089 - recall: 0.8018
 61/352 [====>.........................] - ETA: 18s - loss: 0.4277 - accuracy: 0.8156 - precision: 0.8035 - recall: 0.8035
 62/352 [====>.........................] - ETA: 18s - loss: 0.4232 - accuracy: 0.8185 - precision: 0.8052 - recall: 0.8052
 63/352 [====>.........................] - ETA: 18s - loss: 0.4222 - accuracy: 0.8194 - precision: 0.8077 - recall: 0.8043
 64/352 [====>.........................] - ETA: 18s - loss: 0.4186 - accuracy: 0.8223 - precision: 0.8101 - recall: 0.8067
 65/352 [====>.........................] - ETA: 18s - loss: 0.4193 - accuracy: 0.8231 - precision: 0.8091 - recall: 0.8091
 66/352 [====>.........................] - ETA: 18s - loss: 0.4145 - accuracy: 0.8258 - precision: 0.8122 - recall: 0.8122
 67/352 [====>.........................] - ETA: 18s - loss: 0.4161 - accuracy: 0.8246 - precision: 0.8153 - recall: 0.8088
 68/352 [====>.........................] - ETA: 18s - loss: 0.4140 - accuracy: 0.8254 - precision: 0.8182 - recall: 0.8086
 69/352 [====>.........................] - ETA: 17s - loss: 0.4153 - accuracy: 0.8243 - precision: 0.8203 - recall: 0.8046
 70/352 [====>.........................] - ETA: 17s - loss: 0.4237 - accuracy: 0.8196 - precision: 0.8154 - recall: 0.8000
 71/352 [=====>........................] - ETA: 17s - loss: 0.4264 - accuracy: 0.8151 - precision: 0.8113 - recall: 0.7963
 73/352 [=====>........................] - ETA: 17s - loss: 0.4277 - accuracy: 0.8116 - precision: 0.8059 - recall: 0.7942
 75/352 [=====>........................] - ETA: 17s - loss: 0.4238 - accuracy: 0.8117 - precision: 0.8035 - recall: 0.8007
 76/352 [=====>........................] - ETA: 17s - loss: 0.4237 - accuracy: 0.8109 - precision: 0.8021 - recall: 0.7993
 77/352 [=====>........................] - ETA: 17s - loss: 0.4205 - accuracy: 0.8133 - precision: 0.8041 - recall: 0.8014
 78/352 [=====>........................] - ETA: 17s - loss: 0.4230 - accuracy: 0.8125 - precision: 0.8007 - recall: 0.8034
 80/352 [=====>........................] - ETA: 17s - loss: 0.4210 - accuracy: 0.8125 - precision: 0.8040 - recall: 0.7987
 81/352 [=====>........................] - ETA: 16s - loss: 0.4217 - accuracy: 0.8102 - precision: 0.7967 - recall: 0.7993
 82/352 [=====>........................] - ETA: 16s - loss: 0.4182 - accuracy: 0.8125 - precision: 0.7987 - recall: 0.8013
 83/352 [======>.......................] - ETA: 16s - loss: 0.4212 - accuracy: 0.8117 - precision: 0.7987 - recall: 0.8013
 84/352 [======>.......................] - ETA: 16s - loss: 0.4212 - accuracy: 0.8095 - precision: 0.7950 - recall: 0.8000
 85/352 [======>.......................] - ETA: 16s - loss: 0.4207 - accuracy: 0.8088 - precision: 0.7950 - recall: 0.8000
 87/352 [======>.......................] - ETA: 16s - loss: 0.4156 - accuracy: 0.8132 - precision: 0.8012 - recall: 0.8061
 88/352 [======>.......................] - ETA: 16s - loss: 0.4157 - accuracy: 0.8111 - precision: 0.8024 - recall: 0.8000
 89/352 [======>.......................] - ETA: 16s - loss: 0.4132 - accuracy: 0.8132 - precision: 0.8042 - recall: 0.8018
 90/352 [======>.......................] - ETA: 16s - loss: 0.4107 - accuracy: 0.8153 - precision: 0.8065 - recall: 0.8041
 91/352 [======>.......................] - ETA: 16s - loss: 0.4120 - accuracy: 0.8146 - precision: 0.8052 - recall: 0.8029
 92/352 [======>.......................] - ETA: 16s - loss: 0.4131 - accuracy: 0.8139 - precision: 0.8075 - recall: 0.8006
 93/352 [======>.......................] - ETA: 16s - loss: 0.4134 - accuracy: 0.8145 - precision: 0.8063 - recall: 0.8017
 94/352 [=======>......................] - ETA: 15s - loss: 0.4133 - accuracy: 0.8138 - precision: 0.8062 - recall: 0.8017
 96/352 [=======>......................] - ETA: 15s - loss: 0.4098 - accuracy: 0.8177 - precision: 0.8099 - recall: 0.8055
 97/352 [=======>......................] - ETA: 15s - loss: 0.4100 - accuracy: 0.8170 - precision: 0.8087 - recall: 0.8043
 98/352 [=======>......................] - ETA: 15s - loss: 0.4135 - accuracy: 0.8138 - precision: 0.8081 - recall: 0.7995
100/352 [=======>......................] - ETA: 15s - loss: 0.4111 - accuracy: 0.8163 - precision: 0.8090 - recall: 0.8026
101/352 [=======>......................] - ETA: 15s - loss: 0.4099 - accuracy: 0.8168 - precision: 0.8099 - recall: 0.8057
102/352 [=======>......................] - ETA: 15s - loss: 0.4108 - accuracy: 0.8162 - precision: 0.8082 - recall: 0.8082
104/352 [=======>......................] - ETA: 15s - loss: 0.4118 - accuracy: 0.8185 - precision: 0.8114 - recall: 0.8134
106/352 [========>.....................] - ETA: 14s - loss: 0.4135 - accuracy: 0.8172 - precision: 0.8078 - recall: 0.8137
107/352 [========>.....................] - ETA: 14s - loss: 0.4117 - accuracy: 0.8178 - precision: 0.8092 - recall: 0.8131
109/352 [========>.....................] - ETA: 14s - loss: 0.4102 - accuracy: 0.8188 - precision: 0.8124 - recall: 0.8124
111/352 [========>.....................] - ETA: 14s - loss: 0.4073 - accuracy: 0.8209 - precision: 0.8140 - recall: 0.8159
112/352 [========>.....................] - ETA: 14s - loss: 0.4067 - accuracy: 0.8214 - precision: 0.8134 - recall: 0.8171
114/352 [========>.....................] - ETA: 14s - loss: 0.4028 - accuracy: 0.8235 - precision: 0.8172 - recall: 0.8190
115/352 [========>.....................] - ETA: 14s - loss: 0.4067 - accuracy: 0.8228 - precision: 0.8143 - recall: 0.8198
116/352 [========>.....................] - ETA: 14s - loss: 0.4070 - accuracy: 0.8222 - precision: 0.8133 - recall: 0.8188
118/352 [=========>....................] - ETA: 14s - loss: 0.4132 - accuracy: 0.8210 - precision: 0.8130 - recall: 0.8184
119/352 [=========>....................] - ETA: 14s - loss: 0.4130 - accuracy: 0.8204 - precision: 0.8125 - recall: 0.8178
120/352 [=========>....................] - ETA: 14s - loss: 0.4106 - accuracy: 0.8219 - precision: 0.8141 - recall: 0.8194
121/352 [=========>....................] - ETA: 14s - loss: 0.4079 - accuracy: 0.8233 - precision: 0.8157 - recall: 0.8209
122/352 [=========>....................] - ETA: 14s - loss: 0.4071 - accuracy: 0.8248 - precision: 0.8176 - recall: 0.8228
123/352 [=========>....................] - ETA: 14s - loss: 0.4101 - accuracy: 0.8242 - precision: 0.8180 - recall: 0.8197
125/352 [=========>....................] - ETA: 14s - loss: 0.4086 - accuracy: 0.8240 - precision: 0.8165 - recall: 0.8199
126/352 [=========>....................] - ETA: 14s - loss: 0.4097 - accuracy: 0.8224 - precision: 0.8139 - recall: 0.8189
127/352 [=========>....................] - ETA: 13s - loss: 0.4084 - accuracy: 0.8228 - precision: 0.8130 - recall: 0.8197
128/352 [=========>....................] - ETA: 13s - loss: 0.4080 - accuracy: 0.8232 - precision: 0.8129 - recall: 0.8211
130/352 [==========>...................] - ETA: 13s - loss: 0.4053 - accuracy: 0.8250 - precision: 0.8150 - recall: 0.8247
131/352 [==========>...................] - ETA: 13s - loss: 0.4049 - accuracy: 0.8244 - precision: 0.8168 - recall: 0.8232
133/352 [==========>...................] - ETA: 13s - loss: 0.4024 - accuracy: 0.8252 - precision: 0.8170 - recall: 0.8233
134/352 [==========>...................] - ETA: 13s - loss: 0.4023 - accuracy: 0.8256 - precision: 0.8180 - recall: 0.8227
136/352 [==========>...................] - ETA: 13s - loss: 0.4025 - accuracy: 0.8244 - precision: 0.8159 - recall: 0.8206
138/352 [==========>...................] - ETA: 13s - loss: 0.4044 - accuracy: 0.8234 - precision: 0.8156 - recall: 0.8202
140/352 [==========>...................] - ETA: 13s - loss: 0.4063 - accuracy: 0.8223 - precision: 0.8167 - recall: 0.8152
142/352 [===========>..................] - ETA: 12s - loss: 0.4069 - accuracy: 0.8222 - precision: 0.8139 - recall: 0.8168
144/352 [===========>..................] - ETA: 12s - loss: 0.4073 - accuracy: 0.8212 - precision: 0.8136 - recall: 0.8165
146/352 [===========>..................] - ETA: 12s - loss: 0.4099 - accuracy: 0.8202 - precision: 0.8124 - recall: 0.8153
148/352 [===========>..................] - ETA: 12s - loss: 0.4095 - accuracy: 0.8193 - precision: 0.8144 - recall: 0.8115
149/352 [===========>..................] - ETA: 12s - loss: 0.4097 - accuracy: 0.8188 - precision: 0.8147 - recall: 0.8090
151/352 [===========>..................] - ETA: 12s - loss: 0.4101 - accuracy: 0.8179 - precision: 0.8149 - recall: 0.8065
153/352 [============>.................] - ETA: 12s - loss: 0.4128 - accuracy: 0.8154 - precision: 0.8154 - recall: 0.8017
155/352 [============>.................] - ETA: 11s - loss: 0.4100 - accuracy: 0.8161 - precision: 0.8148 - recall: 0.8040
156/352 [============>.................] - ETA: 11s - loss: 0.4082 - accuracy: 0.8173 - precision: 0.8161 - recall: 0.8053
157/352 [============>.................] - ETA: 11s - loss: 0.4068 - accuracy: 0.8185 - precision: 0.8170 - recall: 0.8062
158/352 [============>.................] - ETA: 11s - loss: 0.4062 - accuracy: 0.8180 - precision: 0.8155 - recall: 0.8075
159/352 [============>.................] - ETA: 11s - loss: 0.4065 - accuracy: 0.8184 - precision: 0.8151 - recall: 0.8084
160/352 [============>.................] - ETA: 11s - loss: 0.4107 - accuracy: 0.8156 - precision: 0.8104 - recall: 0.8078
161/352 [============>.................] - ETA: 11s - loss: 0.4117 - accuracy: 0.8160 - precision: 0.8103 - recall: 0.8090
162/352 [============>.................] - ETA: 11s - loss: 0.4117 - accuracy: 0.8164 - precision: 0.8105 - recall: 0.8105
163/352 [============>.................] - ETA: 11s - loss: 0.4101 - accuracy: 0.8175 - precision: 0.8123 - recall: 0.8123
164/352 [============>.................] - ETA: 11s - loss: 0.4097 - accuracy: 0.8178 - precision: 0.8135 - recall: 0.8122
165/352 [=============>................] - ETA: 11s - loss: 0.4096 - accuracy: 0.8182 - precision: 0.8134 - recall: 0.8134
166/352 [=============>................] - ETA: 11s - loss: 0.4095 - accuracy: 0.8185 - precision: 0.8130 - recall: 0.8142
168/352 [=============>................] - ETA: 11s - loss: 0.4101 - accuracy: 0.8192 - precision: 0.8137 - recall: 0.8150
170/352 [=============>................] - ETA: 11s - loss: 0.4085 - accuracy: 0.8206 - precision: 0.8145 - recall: 0.8169
172/352 [=============>................] - ETA: 10s - loss: 0.4092 - accuracy: 0.8205 - precision: 0.8131 - recall: 0.8191
174/352 [=============>................] - ETA: 10s - loss: 0.4098 - accuracy: 0.8204 - precision: 0.8111 - recall: 0.8207
176/352 [==============>...............] - ETA: 10s - loss: 0.4095 - accuracy: 0.8217 - precision: 0.8133 - recall: 0.8216
177/352 [==============>...............] - ETA: 10s - loss: 0.4106 - accuracy: 0.8206 - precision: 0.8118 - recall: 0.8212
178/352 [==============>...............] - ETA: 10s - loss: 0.4097 - accuracy: 0.8202 - precision: 0.8114 - recall: 0.8208
179/352 [==============>...............] - ETA: 10s - loss: 0.4083 - accuracy: 0.8212 - precision: 0.8122 - recall: 0.8216
180/352 [==============>...............] - ETA: 10s - loss: 0.4069 - accuracy: 0.8222 - precision: 0.8136 - recall: 0.8229
182/352 [==============>...............] - ETA: 10s - loss: 0.4065 - accuracy: 0.8221 - precision: 0.8142 - recall: 0.8223
183/352 [==============>...............] - ETA: 10s - loss: 0.4060 - accuracy: 0.8224 - precision: 0.8153 - recall: 0.8221
185/352 [==============>...............] - ETA: 10s - loss: 0.4056 - accuracy: 0.8223 - precision: 0.8148 - recall: 0.8227
187/352 [==============>...............] - ETA: 9s - loss: 0.4046 - accuracy: 0.8229 - precision: 0.8149 - recall: 0.8249 
188/352 [===============>..............] - ETA: 9s - loss: 0.4046 - accuracy: 0.8225 - precision: 0.8143 - recall: 0.8243
189/352 [===============>..............] - ETA: 9s - loss: 0.4035 - accuracy: 0.8234 - precision: 0.8153 - recall: 0.8252
191/352 [===============>..............] - ETA: 9s - loss: 0.4035 - accuracy: 0.8246 - precision: 0.8161 - recall: 0.8271
193/352 [===============>..............] - ETA: 9s - loss: 0.4015 - accuracy: 0.8258 - precision: 0.8185 - recall: 0.8283
195/352 [===============>..............] - ETA: 9s - loss: 0.4002 - accuracy: 0.8269 - precision: 0.8189 - recall: 0.8296
197/352 [===============>..............] - ETA: 9s - loss: 0.3982 - accuracy: 0.8280 - precision: 0.8195 - recall: 0.8312
198/352 [===============>..............] - ETA: 9s - loss: 0.3970 - accuracy: 0.8289 - precision: 0.8204 - recall: 0.8320
200/352 [================>.............] - ETA: 9s - loss: 0.3980 - accuracy: 0.8275 - precision: 0.8194 - recall: 0.8299
201/352 [================>.............] - ETA: 8s - loss: 0.3996 - accuracy: 0.8271 - precision: 0.8201 - recall: 0.8285
203/352 [================>.............] - ETA: 8s - loss: 0.3985 - accuracy: 0.8276 - precision: 0.8219 - recall: 0.8281
204/352 [================>.............] - ETA: 8s - loss: 0.3995 - accuracy: 0.8272 - precision: 0.8216 - recall: 0.8277
206/352 [================>.............] - ETA: 8s - loss: 0.3992 - accuracy: 0.8283 - precision: 0.8223 - recall: 0.8294
208/352 [================>.............] - ETA: 8s - loss: 0.3996 - accuracy: 0.8269 - precision: 0.8194 - recall: 0.8294
209/352 [================>.............] - ETA: 8s - loss: 0.3998 - accuracy: 0.8272 - precision: 0.8191 - recall: 0.8301
211/352 [================>.............] - ETA: 8s - loss: 0.3981 - accuracy: 0.8282 - precision: 0.8196 - recall: 0.8315
212/352 [=================>............] - ETA: 8s - loss: 0.3970 - accuracy: 0.8290 - precision: 0.8200 - recall: 0.8319
213/352 [=================>............] - ETA: 8s - loss: 0.3958 - accuracy: 0.8298 - precision: 0.8217 - recall: 0.8335
215/352 [=================>............] - ETA: 8s - loss: 0.3957 - accuracy: 0.8291 - precision: 0.8187 - recall: 0.8343
216/352 [=================>............] - ETA: 8s - loss: 0.3952 - accuracy: 0.8293 - precision: 0.8198 - recall: 0.8343
218/352 [=================>............] - ETA: 7s - loss: 0.3938 - accuracy: 0.8303 - precision: 0.8199 - recall: 0.8353
219/352 [=================>............] - ETA: 7s - loss: 0.3927 - accuracy: 0.8311 - precision: 0.8209 - recall: 0.8363
220/352 [=================>............] - ETA: 7s - loss: 0.3924 - accuracy: 0.8313 - precision: 0.8223 - recall: 0.8366
221/352 [=================>............] - ETA: 7s - loss: 0.3925 - accuracy: 0.8314 - precision: 0.8233 - recall: 0.8366
222/352 [=================>............] - ETA: 7s - loss: 0.3922 - accuracy: 0.8316 - precision: 0.8237 - recall: 0.8360
224/352 [==================>...........] - ETA: 7s - loss: 0.3943 - accuracy: 0.8304 - precision: 0.8203 - recall: 0.8371
225/352 [==================>...........] - ETA: 7s - loss: 0.3936 - accuracy: 0.8306 - precision: 0.8196 - recall: 0.8373
226/352 [==================>...........] - ETA: 7s - loss: 0.3931 - accuracy: 0.8302 - precision: 0.8193 - recall: 0.8369
227/352 [==================>...........] - ETA: 7s - loss: 0.3942 - accuracy: 0.8298 - precision: 0.8186 - recall: 0.8362
228/352 [==================>...........] - ETA: 7s - loss: 0.3930 - accuracy: 0.8300 - precision: 0.8196 - recall: 0.8361
229/352 [==================>...........] - ETA: 7s - loss: 0.3925 - accuracy: 0.8308 - precision: 0.8200 - recall: 0.8365
231/352 [==================>...........] - ETA: 7s - loss: 0.3912 - accuracy: 0.8317 - precision: 0.8221 - recall: 0.8376
233/352 [==================>...........] - ETA: 7s - loss: 0.3910 - accuracy: 0.8305 - precision: 0.8215 - recall: 0.8359
234/352 [==================>...........] - ETA: 6s - loss: 0.3914 - accuracy: 0.8301 - precision: 0.8210 - recall: 0.8353
236/352 [===================>..........] - ETA: 6s - loss: 0.3906 - accuracy: 0.8305 - precision: 0.8215 - recall: 0.8357
237/352 [===================>..........] - ETA: 6s - loss: 0.3892 - accuracy: 0.8312 - precision: 0.8222 - recall: 0.8364
238/352 [===================>..........] - ETA: 6s - loss: 0.3903 - accuracy: 0.8304 - precision: 0.8204 - recall: 0.8371
239/352 [===================>..........] - ETA: 6s - loss: 0.3898 - accuracy: 0.8305 - precision: 0.8209 - recall: 0.8367
240/352 [===================>..........] - ETA: 6s - loss: 0.3895 - accuracy: 0.8302 - precision: 0.8206 - recall: 0.8363
241/352 [===================>..........] - ETA: 6s - loss: 0.3903 - accuracy: 0.8299 - precision: 0.8205 - recall: 0.8362
243/352 [===================>..........] - ETA: 6s - loss: 0.3883 - accuracy: 0.8313 - precision: 0.8226 - recall: 0.8380
244/352 [===================>..........] - ETA: 6s - loss: 0.3876 - accuracy: 0.8320 - precision: 0.8229 - recall: 0.8384
245/352 [===================>..........] - ETA: 6s - loss: 0.3872 - accuracy: 0.8321 - precision: 0.8228 - recall: 0.8390
246/352 [===================>..........] - ETA: 6s - loss: 0.3896 - accuracy: 0.8318 - precision: 0.8215 - recall: 0.8394
247/352 [====================>.........] - ETA: 6s - loss: 0.3903 - accuracy: 0.8305 - precision: 0.8192 - recall: 0.8387
248/352 [====================>.........] - ETA: 6s - loss: 0.3895 - accuracy: 0.8311 - precision: 0.8201 - recall: 0.8395
249/352 [====================>.........] - ETA: 6s - loss: 0.3900 - accuracy: 0.8303 - precision: 0.8198 - recall: 0.8383
250/352 [====================>.........] - ETA: 6s - loss: 0.3904 - accuracy: 0.8305 - precision: 0.8197 - recall: 0.8389
251/352 [====================>.........] - ETA: 5s - loss: 0.3895 - accuracy: 0.8312 - precision: 0.8206 - recall: 0.8398
253/352 [====================>.........] - ETA: 5s - loss: 0.3883 - accuracy: 0.8315 - precision: 0.8202 - recall: 0.8409
254/352 [====================>.........] - ETA: 5s - loss: 0.3880 - accuracy: 0.8317 - precision: 0.8200 - recall: 0.8414
256/352 [====================>.........] - ETA: 5s - loss: 0.3882 - accuracy: 0.8320 - precision: 0.8202 - recall: 0.8415
257/352 [====================>.........] - ETA: 5s - loss: 0.3895 - accuracy: 0.8312 - precision: 0.8190 - recall: 0.8410
258/352 [====================>.........] - ETA: 5s - loss: 0.3902 - accuracy: 0.8304 - precision: 0.8187 - recall: 0.8398
260/352 [=====================>........] - ETA: 5s - loss: 0.3883 - accuracy: 0.8313 - precision: 0.8199 - recall: 0.8400
262/352 [=====================>........] - ETA: 5s - loss: 0.3884 - accuracy: 0.8316 - precision: 0.8209 - recall: 0.8408
263/352 [=====================>........] - ETA: 5s - loss: 0.3885 - accuracy: 0.8313 - precision: 0.8204 - recall: 0.8403
264/352 [=====================>........] - ETA: 5s - loss: 0.3879 - accuracy: 0.8314 - precision: 0.8214 - recall: 0.8404
265/352 [=====================>........] - ETA: 5s - loss: 0.3892 - accuracy: 0.8311 - precision: 0.8204 - recall: 0.8408
266/352 [=====================>........] - ETA: 5s - loss: 0.3893 - accuracy: 0.8308 - precision: 0.8194 - recall: 0.8413
267/352 [=====================>........] - ETA: 4s - loss: 0.3882 - accuracy: 0.8315 - precision: 0.8197 - recall: 0.8416
269/352 [=====================>........] - ETA: 4s - loss: 0.3888 - accuracy: 0.8304 - precision: 0.8184 - recall: 0.8409
271/352 [======================>.......] - ETA: 4s - loss: 0.3881 - accuracy: 0.8312 - precision: 0.8180 - recall: 0.8412
272/352 [======================>.......] - ETA: 4s - loss: 0.3877 - accuracy: 0.8313 - precision: 0.8181 - recall: 0.8420
274/352 [======================>.......] - ETA: 4s - loss: 0.3883 - accuracy: 0.8303 - precision: 0.8183 - recall: 0.8397
275/352 [======================>.......] - ETA: 4s - loss: 0.3877 - accuracy: 0.8309 - precision: 0.8190 - recall: 0.8403
276/352 [======================>.......] - ETA: 4s - loss: 0.3890 - accuracy: 0.8302 - precision: 0.8179 - recall: 0.8398
277/352 [======================>.......] - ETA: 4s - loss: 0.3884 - accuracy: 0.8303 - precision: 0.8185 - recall: 0.8396
278/352 [======================>.......] - ETA: 4s - loss: 0.3893 - accuracy: 0.8296 - precision: 0.8192 - recall: 0.8379
280/352 [======================>.......] - ETA: 4s - loss: 0.3905 - accuracy: 0.8295 - precision: 0.8199 - recall: 0.8377
282/352 [=======================>......] - ETA: 4s - loss: 0.3901 - accuracy: 0.8293 - precision: 0.8192 - recall: 0.8377
284/352 [=======================>......] - ETA: 3s - loss: 0.3880 - accuracy: 0.8305 - precision: 0.8206 - recall: 0.8390
285/352 [=======================>......] - ETA: 3s - loss: 0.3886 - accuracy: 0.8298 - precision: 0.8188 - recall: 0.8393
286/352 [=======================>......] - ETA: 3s - loss: 0.3903 - accuracy: 0.8291 - precision: 0.8172 - recall: 0.8397
287/352 [=======================>......] - ETA: 3s - loss: 0.3904 - accuracy: 0.8288 - precision: 0.8166 - recall: 0.8391
288/352 [=======================>......] - ETA: 3s - loss: 0.3904 - accuracy: 0.8290 - precision: 0.8169 - recall: 0.8387
289/352 [=======================>......] - ETA: 3s - loss: 0.3914 - accuracy: 0.8287 - precision: 0.8160 - recall: 0.8391
290/352 [=======================>......] - ETA: 3s - loss: 0.3912 - accuracy: 0.8289 - precision: 0.8161 - recall: 0.8398
292/352 [=======================>......] - ETA: 3s - loss: 0.3917 - accuracy: 0.8288 - precision: 0.8151 - recall: 0.8408
293/352 [=======================>......] - ETA: 3s - loss: 0.3933 - accuracy: 0.8276 - precision: 0.8135 - recall: 0.8405
295/352 [========================>.....] - ETA: 3s - loss: 0.3934 - accuracy: 0.8275 - precision: 0.8137 - recall: 0.8411
297/352 [========================>.....] - ETA: 3s - loss: 0.3927 - accuracy: 0.8274 - precision: 0.8138 - recall: 0.8403
299/352 [========================>.....] - ETA: 3s - loss: 0.3928 - accuracy: 0.8269 - precision: 0.8135 - recall: 0.8399
300/352 [========================>.....] - ETA: 3s - loss: 0.3933 - accuracy: 0.8267 - precision: 0.8135 - recall: 0.8397
302/352 [========================>.....] - ETA: 2s - loss: 0.3938 - accuracy: 0.8266 - precision: 0.8142 - recall: 0.8395
303/352 [========================>.....] - ETA: 2s - loss: 0.3944 - accuracy: 0.8259 - precision: 0.8145 - recall: 0.8377
304/352 [========================>.....] - ETA: 2s - loss: 0.3949 - accuracy: 0.8252 - precision: 0.8135 - recall: 0.8372
306/352 [=========================>....] - ETA: 2s - loss: 0.3951 - accuracy: 0.8252 - precision: 0.8124 - recall: 0.8380
307/352 [=========================>....] - ETA: 2s - loss: 0.3950 - accuracy: 0.8253 - precision: 0.8129 - recall: 0.8377
309/352 [=========================>....] - ETA: 2s - loss: 0.3947 - accuracy: 0.8252 - precision: 0.8140 - recall: 0.8368
310/352 [=========================>....] - ETA: 2s - loss: 0.3950 - accuracy: 0.8246 - precision: 0.8135 - recall: 0.8355
311/352 [=========================>....] - ETA: 2s - loss: 0.3951 - accuracy: 0.8248 - precision: 0.8144 - recall: 0.8356
312/352 [=========================>....] - ETA: 2s - loss: 0.3957 - accuracy: 0.8245 - precision: 0.8142 - recall: 0.8354
313/352 [=========================>....] - ETA: 2s - loss: 0.3952 - accuracy: 0.8251 - precision: 0.8147 - recall: 0.8358
314/352 [=========================>....] - ETA: 2s - loss: 0.3951 - accuracy: 0.8252 - precision: 0.8151 - recall: 0.8355
315/352 [=========================>....] - ETA: 2s - loss: 0.3948 - accuracy: 0.8250 - precision: 0.8144 - recall: 0.8360
316/352 [=========================>....] - ETA: 2s - loss: 0.3946 - accuracy: 0.8252 - precision: 0.8148 - recall: 0.8357
318/352 [==========================>...] - ETA: 1s - loss: 0.3941 - accuracy: 0.8259 - precision: 0.8152 - recall: 0.8367
319/352 [==========================>...] - ETA: 1s - loss: 0.3932 - accuracy: 0.8264 - precision: 0.8159 - recall: 0.8373
320/352 [==========================>...] - ETA: 1s - loss: 0.3930 - accuracy: 0.8266 - precision: 0.8159 - recall: 0.8378
321/352 [==========================>...] - ETA: 1s - loss: 0.3929 - accuracy: 0.8263 - precision: 0.8149 - recall: 0.8381
322/352 [==========================>...] - ETA: 1s - loss: 0.3930 - accuracy: 0.8261 - precision: 0.8147 - recall: 0.8378
324/352 [==========================>...] - ETA: 1s - loss: 0.3936 - accuracy: 0.8252 - precision: 0.8137 - recall: 0.8372
325/352 [==========================>...] - ETA: 1s - loss: 0.3931 - accuracy: 0.8254 - precision: 0.8145 - recall: 0.8374
327/352 [==========================>...] - ETA: 1s - loss: 0.3942 - accuracy: 0.8245 - precision: 0.8135 - recall: 0.8368
328/352 [==========================>...] - ETA: 1s - loss: 0.3936 - accuracy: 0.8247 - precision: 0.8140 - recall: 0.8365
330/352 [===========================>..] - ETA: 1s - loss: 0.3934 - accuracy: 0.8250 - precision: 0.8138 - recall: 0.8369
332/352 [===========================>..] - ETA: 1s - loss: 0.3936 - accuracy: 0.8245 - precision: 0.8125 - recall: 0.8368
333/352 [===========================>..] - ETA: 1s - loss: 0.3940 - accuracy: 0.8243 - precision: 0.8120 - recall: 0.8374
335/352 [===========================>..] - ETA: 0s - loss: 0.3931 - accuracy: 0.8250 - precision: 0.8131 - recall: 0.8378
337/352 [===========================>..] - ETA: 0s - loss: 0.3925 - accuracy: 0.8257 - precision: 0.8141 - recall: 0.8380
338/352 [===========================>..] - ETA: 0s - loss: 0.3924 - accuracy: 0.8254 - precision: 0.8139 - recall: 0.8377
339/352 [===========================>..] - ETA: 0s - loss: 0.3919 - accuracy: 0.8259 - precision: 0.8140 - recall: 0.8378
340/352 [===========================>..] - ETA: 0s - loss: 0.3915 - accuracy: 0.8261 - precision: 0.8138 - recall: 0.8382
341/352 [============================>.] - ETA: 0s - loss: 0.3912 - accuracy: 0.8266 - precision: 0.8145 - recall: 0.8388
342/352 [============================>.] - ETA: 0s - loss: 0.3911 - accuracy: 0.8267 - precision: 0.8142 - recall: 0.8390
343/352 [============================>.] - ETA: 0s - loss: 0.3916 - accuracy: 0.8265 - precision: 0.8148 - recall: 0.8384
344/352 [============================>.] - ETA: 0s - loss: 0.3910 - accuracy: 0.8270 - precision: 0.8154 - recall: 0.8389
345/352 [============================>.] - ETA: 0s - loss: 0.3904 - accuracy: 0.8275 - precision: 0.8158 - recall: 0.8392
346/352 [============================>.] - ETA: 0s - loss: 0.3906 - accuracy: 0.8273 - precision: 0.8156 - recall: 0.8390
348/352 [============================>.] - ETA: 0s - loss: 0.3897 - accuracy: 0.8276 - precision: 0.8161 - recall: 0.8393
349/352 [============================>.] - ETA: 0s - loss: 0.3889 - accuracy: 0.8281 - precision: 0.8168 - recall: 0.8400
350/352 [============================>.] - ETA: 0s - loss: 0.3890 - accuracy: 0.8275 - precision: 0.8165 - recall: 0.8390
351/352 [============================>.] - ETA: 0s - loss: 0.3890 - accuracy: 0.8273 - precision: 0.8156 - recall: 0.8392
352/352 [==============================] - ETA: 0s - loss: 0.3891 - accuracy: 0.8270 - precision: 0.8156 - recall: 0.8391
Epoch 2: saving model to C:\SIRCH_ENV\models\revision\exp13_grouped_retraining\gru_augmented_grouped\checkpoints\gru_augmented_grouped_epoch_002.weights.h5

Epoch 2: val_loss improved from 0.40016 to 0.35836, saving model to C:\SIRCH_ENV\models\revision\exp13_grouped_retraining\gru_augmented_grouped\best_gru_augmented_grouped_head.weights.h5

352/352 [==============================] - 21s 60ms/step - loss: 0.3891 - accuracy: 0.8270 - precision: 0.8156 - recall: 0.8391 - val_loss: 0.3584 - val_accuracy: 0.8291 - val_precision: 0.7657 - val_recall: 0.9461 - lr: 1.0000e-04
Epoch 3/30

  1/352 [..............................] - ETA: 21s - loss: 0.1586 - accuracy: 1.0000 - precision: 1.0000 - recall: 1.0000
  3/352 [..............................] - ETA: 16s - loss: 0.2972 - accuracy: 0.8333 - precision: 0.7500 - recall: 1.0000
  4/352 [..............................] - ETA: 17s - loss: 0.2754 - accuracy: 0.8438 - precision: 0.7727 - recall: 1.0000
  6/352 [..............................] - ETA: 16s - loss: 0.3799 - accuracy: 0.7708 - precision: 0.6667 - recall: 1.0000
  7/352 [..............................] - ETA: 17s - loss: 0.4255 - accuracy: 0.7679 - precision: 0.6486 - recall: 1.0000
  8/352 [..............................] - ETA: 17s - loss: 0.4180 - accuracy: 0.7812 - precision: 0.6750 - recall: 0.9643
  9/352 [..............................] - ETA: 17s - loss: 0.3994 - accuracy: 0.7917 - precision: 0.6744 - recall: 0.9667
 11/352 [..............................] - ETA: 17s - loss: 0.3640 - accuracy: 0.8182 - precision: 0.7255 - recall: 0.9487
 13/352 [>.............................] - ETA: 17s - loss: 0.3509 - accuracy: 0.8269 - precision: 0.7241 - recall: 0.9545
 14/352 [>.............................] - ETA: 17s - loss: 0.3360 - accuracy: 0.8393 - precision: 0.7419 - recall: 0.9583
 15/352 [>.............................] - ETA: 18s - loss: 0.3198 - accuracy: 0.8500 - precision: 0.7460 - recall: 0.9592
 17/352 [>.............................] - ETA: 17s - loss: 0.3120 - accuracy: 0.8456 - precision: 0.7571 - recall: 0.9298
 18/352 [>.............................] - ETA: 18s - loss: 0.3033 - accuracy: 0.8542 - precision: 0.7671 - recall: 0.9333
 19/352 [>.............................] - ETA: 18s - loss: 0.2984 - accuracy: 0.8553 - precision: 0.7792 - recall: 0.9231
 20/352 [>.............................] - ETA: 18s - loss: 0.2985 - accuracy: 0.8562 - precision: 0.7805 - recall: 0.9275
 22/352 [>.............................] - ETA: 18s - loss: 0.3204 - accuracy: 0.8409 - precision: 0.7753 - recall: 0.8961
 24/352 [=>............................] - ETA: 17s - loss: 0.3170 - accuracy: 0.8490 - precision: 0.7959 - recall: 0.8966
 25/352 [=>............................] - ETA: 17s - loss: 0.3126 - accuracy: 0.8500 - precision: 0.8000 - recall: 0.8889
 26/352 [=>............................] - ETA: 17s - loss: 0.3036 - accuracy: 0.8558 - precision: 0.8058 - recall: 0.8925
 27/352 [=>............................] - ETA: 17s - loss: 0.3006 - accuracy: 0.8611 - precision: 0.8113 - recall: 0.8958
 28/352 [=>............................] - ETA: 17s - loss: 0.3013 - accuracy: 0.8616 - precision: 0.8214 - recall: 0.8932
 29/352 [=>............................] - ETA: 17s - loss: 0.3047 - accuracy: 0.8578 - precision: 0.8291 - recall: 0.8818
 30/352 [=>............................] - ETA: 17s - loss: 0.2989 - accuracy: 0.8625 - precision: 0.8347 - recall: 0.8860
 31/352 [=>............................] - ETA: 17s - loss: 0.2922 - accuracy: 0.8669 - precision: 0.8374 - recall: 0.8879
 32/352 [=>............................] - ETA: 17s - loss: 0.2854 - accuracy: 0.8711 - precision: 0.8450 - recall: 0.8934
 33/352 [=>............................] - ETA: 17s - loss: 0.2827 - accuracy: 0.8712 - precision: 0.8496 - recall: 0.8898
 34/352 [=>............................] - ETA: 17s - loss: 0.2850 - accuracy: 0.8713 - precision: 0.8456 - recall: 0.8915
 35/352 [=>............................] - ETA: 17s - loss: 0.2830 - accuracy: 0.8714 - precision: 0.8429 - recall: 0.8939
 36/352 [==>...........................] - ETA: 17s - loss: 0.2817 - accuracy: 0.8715 - precision: 0.8462 - recall: 0.8897
 38/352 [==>...........................] - ETA: 17s - loss: 0.2975 - accuracy: 0.8586 - precision: 0.8200 - recall: 0.8849
 39/352 [==>...........................] - ETA: 17s - loss: 0.2974 - accuracy: 0.8558 - precision: 0.8129 - recall: 0.8873
 41/352 [==>...........................] - ETA: 17s - loss: 0.2976 - accuracy: 0.8537 - precision: 0.8160 - recall: 0.8808
 43/352 [==>...........................] - ETA: 17s - loss: 0.2936 - accuracy: 0.8576 - precision: 0.8176 - recall: 0.8854
 45/352 [==>...........................] - ETA: 16s - loss: 0.2926 - accuracy: 0.8583 - precision: 0.8232 - recall: 0.8869
 46/352 [==>...........................] - ETA: 16s - loss: 0.2890 - accuracy: 0.8614 - precision: 0.8280 - recall: 0.8902
 47/352 [===>..........................] - ETA: 16s - loss: 0.2855 - accuracy: 0.8644 - precision: 0.8325 - recall: 0.8933
 48/352 [===>..........................] - ETA: 16s - loss: 0.2940 - accuracy: 0.8594 - precision: 0.8359 - recall: 0.8811
 49/352 [===>..........................] - ETA: 16s - loss: 0.2937 - accuracy: 0.8597 - precision: 0.8392 - recall: 0.8789
 50/352 [===>..........................] - ETA: 16s - loss: 0.3056 - accuracy: 0.8550 - precision: 0.8374 - recall: 0.8718
 52/352 [===>..........................] - ETA: 16s - loss: 0.2975 - accuracy: 0.8606 - precision: 0.8421 - recall: 0.8756
 53/352 [===>..........................] - ETA: 16s - loss: 0.2966 - accuracy: 0.8608 - precision: 0.8396 - recall: 0.8768
 55/352 [===>..........................] - ETA: 16s - loss: 0.2932 - accuracy: 0.8636 - precision: 0.8440 - recall: 0.8762
 57/352 [===>..........................] - ETA: 16s - loss: 0.2948 - accuracy: 0.8662 - precision: 0.8472 - recall: 0.8818
 58/352 [===>..........................] - ETA: 16s - loss: 0.2924 - accuracy: 0.8664 - precision: 0.8462 - recall: 0.8839
 59/352 [====>.........................] - ETA: 16s - loss: 0.2906 - accuracy: 0.8686 - precision: 0.8468 - recall: 0.8844
 61/352 [====>.........................] - ETA: 16s - loss: 0.2924 - accuracy: 0.8668 - precision: 0.8395 - recall: 0.8870
 63/352 [====>.........................] - ETA: 15s - loss: 0.2939 - accuracy: 0.8651 - precision: 0.8387 - recall: 0.8814
 64/352 [====>.........................] - ETA: 15s - loss: 0.2922 - accuracy: 0.8652 - precision: 0.8419 - recall: 0.8802
 65/352 [====>.........................] - ETA: 16s - loss: 0.2949 - accuracy: 0.8654 - precision: 0.8405 - recall: 0.8816
 66/352 [====>.........................] - ETA: 15s - loss: 0.2961 - accuracy: 0.8655 - precision: 0.8385 - recall: 0.8826
 67/352 [====>.........................] - ETA: 15s - loss: 0.2935 - accuracy: 0.8675 - precision: 0.8403 - recall: 0.8840
 68/352 [====>.........................] - ETA: 15s - loss: 0.2997 - accuracy: 0.8658 - precision: 0.8383 - recall: 0.8814
 70/352 [====>.........................] - ETA: 15s - loss: 0.3039 - accuracy: 0.8661 - precision: 0.8388 - recall: 0.8808
 71/352 [=====>........................] - ETA: 15s - loss: 0.3077 - accuracy: 0.8644 - precision: 0.8375 - recall: 0.8788
 73/352 [=====>........................] - ETA: 15s - loss: 0.3061 - accuracy: 0.8647 - precision: 0.8369 - recall: 0.8773
 75/352 [=====>........................] - ETA: 15s - loss: 0.3147 - accuracy: 0.8617 - precision: 0.8351 - recall: 0.8741
 76/352 [=====>........................] - ETA: 15s - loss: 0.3129 - accuracy: 0.8618 - precision: 0.8367 - recall: 0.8723
 77/352 [=====>........................] - ETA: 15s - loss: 0.3112 - accuracy: 0.8636 - precision: 0.8395 - recall: 0.8746
 79/352 [=====>........................] - ETA: 15s - loss: 0.3072 - accuracy: 0.8655 - precision: 0.8421 - recall: 0.8737
 80/352 [=====>........................] - ETA: 15s - loss: 0.3168 - accuracy: 0.8625 - precision: 0.8436 - recall: 0.8662
 82/352 [=====>........................] - ETA: 14s - loss: 0.3214 - accuracy: 0.8613 - precision: 0.8433 - recall: 0.8677
 83/352 [======>.......................] - ETA: 14s - loss: 0.3203 - accuracy: 0.8614 - precision: 0.8436 - recall: 0.8703
 84/352 [======>.......................] - ETA: 14s - loss: 0.3188 - accuracy: 0.8631 - precision: 0.8455 - recall: 0.8719
 85/352 [======>.......................] - ETA: 14s - loss: 0.3183 - accuracy: 0.8632 - precision: 0.8448 - recall: 0.8735
 86/352 [======>.......................] - ETA: 14s - loss: 0.3156 - accuracy: 0.8648 - precision: 0.8462 - recall: 0.8746
 87/352 [======>.......................] - ETA: 14s - loss: 0.3142 - accuracy: 0.8664 - precision: 0.8484 - recall: 0.8765
 89/352 [======>.......................] - ETA: 14s - loss: 0.3123 - accuracy: 0.8666 - precision: 0.8490 - recall: 0.8765
 90/352 [======>.......................] - ETA: 14s - loss: 0.3121 - accuracy: 0.8667 - precision: 0.8487 - recall: 0.8783
 91/352 [======>.......................] - ETA: 14s - loss: 0.3105 - accuracy: 0.8668 - precision: 0.8481 - recall: 0.8797
 92/352 [======>.......................] - ETA: 14s - loss: 0.3097 - accuracy: 0.8655 - precision: 0.8474 - recall: 0.8785
 93/352 [======>.......................] - ETA: 14s - loss: 0.3105 - accuracy: 0.8656 - precision: 0.8472 - recall: 0.8802
 94/352 [=======>......................] - ETA: 14s - loss: 0.3084 - accuracy: 0.8670 - precision: 0.8488 - recall: 0.8815
 95/352 [=======>......................] - ETA: 14s - loss: 0.3081 - accuracy: 0.8671 - precision: 0.8508 - recall: 0.8808
 96/352 [=======>......................] - ETA: 14s - loss: 0.3094 - accuracy: 0.8659 - precision: 0.8494 - recall: 0.8790
 97/352 [=======>......................] - ETA: 14s - loss: 0.3111 - accuracy: 0.8647 - precision: 0.8469 - recall: 0.8806
 98/352 [=======>......................] - ETA: 14s - loss: 0.3118 - accuracy: 0.8648 - precision: 0.8456 - recall: 0.8813
 99/352 [=======>......................] - ETA: 14s - loss: 0.3096 - accuracy: 0.8662 - precision: 0.8475 - recall: 0.8828
100/352 [=======>......................] - ETA: 14s - loss: 0.3088 - accuracy: 0.8662 - precision: 0.8473 - recall: 0.8843
101/352 [=======>......................] - ETA: 14s - loss: 0.3082 - accuracy: 0.8663 - precision: 0.8460 - recall: 0.8849
102/352 [=======>......................] - ETA: 14s - loss: 0.3082 - accuracy: 0.8664 - precision: 0.8471 - recall: 0.8835
103/352 [=======>......................] - ETA: 14s - loss: 0.3073 - accuracy: 0.8665 - precision: 0.8482 - recall: 0.8822
104/352 [=======>......................] - ETA: 14s - loss: 0.3053 - accuracy: 0.8678 - precision: 0.8489 - recall: 0.8828
105/352 [=======>......................] - ETA: 14s - loss: 0.3037 - accuracy: 0.8690 - precision: 0.8496 - recall: 0.8834
106/352 [========>.....................] - ETA: 14s - loss: 0.3020 - accuracy: 0.8703 - precision: 0.8521 - recall: 0.8854
107/352 [========>.....................] - ETA: 14s - loss: 0.3004 - accuracy: 0.8715 - precision: 0.8538 - recall: 0.8867
108/352 [========>.....................] - ETA: 14s - loss: 0.3026 - accuracy: 0.8704 - precision: 0.8509 - recall: 0.8876
109/352 [========>.....................] - ETA: 13s - loss: 0.3055 - accuracy: 0.8681 - precision: 0.8477 - recall: 0.8860
110/352 [========>.....................] - ETA: 13s - loss: 0.3079 - accuracy: 0.8670 - precision: 0.8446 - recall: 0.8865
112/352 [========>.....................] - ETA: 13s - loss: 0.3071 - accuracy: 0.8672 - precision: 0.8433 - recall: 0.8884
114/352 [========>.....................] - ETA: 13s - loss: 0.3155 - accuracy: 0.8629 - precision: 0.8373 - recall: 0.8853
116/352 [========>.....................] - ETA: 13s - loss: 0.3151 - accuracy: 0.8631 - precision: 0.8380 - recall: 0.8851
118/352 [=========>....................] - ETA: 13s - loss: 0.3135 - accuracy: 0.8633 - precision: 0.8386 - recall: 0.8850
120/352 [=========>....................] - ETA: 13s - loss: 0.3122 - accuracy: 0.8635 - precision: 0.8395 - recall: 0.8850
121/352 [=========>....................] - ETA: 12s - loss: 0.3113 - accuracy: 0.8647 - precision: 0.8408 - recall: 0.8860
123/352 [=========>....................] - ETA: 12s - loss: 0.3114 - accuracy: 0.8638 - precision: 0.8387 - recall: 0.8851
125/352 [=========>....................] - ETA: 12s - loss: 0.3119 - accuracy: 0.8640 - precision: 0.8376 - recall: 0.8868
127/352 [=========>....................] - ETA: 12s - loss: 0.3132 - accuracy: 0.8642 - precision: 0.8385 - recall: 0.8868
129/352 [=========>....................] - ETA: 12s - loss: 0.3142 - accuracy: 0.8634 - precision: 0.8385 - recall: 0.8844
131/352 [==========>...................] - ETA: 12s - loss: 0.3125 - accuracy: 0.8645 - precision: 0.8387 - recall: 0.8858
133/352 [==========>...................] - ETA: 12s - loss: 0.3116 - accuracy: 0.8637 - precision: 0.8374 - recall: 0.8854
135/352 [==========>...................] - ETA: 11s - loss: 0.3129 - accuracy: 0.8630 - precision: 0.8379 - recall: 0.8835
136/352 [==========>...................] - ETA: 11s - loss: 0.3127 - accuracy: 0.8631 - precision: 0.8373 - recall: 0.8842
138/352 [==========>...................] - ETA: 11s - loss: 0.3134 - accuracy: 0.8623 - precision: 0.8381 - recall: 0.8826
140/352 [==========>...................] - ETA: 11s - loss: 0.3103 - accuracy: 0.8643 - precision: 0.8404 - recall: 0.8843
142/352 [===========>..................] - ETA: 11s - loss: 0.3093 - accuracy: 0.8653 - precision: 0.8418 - recall: 0.8838
144/352 [===========>..................] - ETA: 11s - loss: 0.3072 - accuracy: 0.8663 - precision: 0.8443 - recall: 0.8841
146/352 [===========>..................] - ETA: 11s - loss: 0.3060 - accuracy: 0.8673 - precision: 0.8455 - recall: 0.8861
148/352 [===========>..................] - ETA: 11s - loss: 0.3051 - accuracy: 0.8674 - precision: 0.8450 - recall: 0.8879
150/352 [===========>..................] - ETA: 10s - loss: 0.3055 - accuracy: 0.8675 - precision: 0.8468 - recall: 0.8862
152/352 [===========>..................] - ETA: 10s - loss: 0.3033 - accuracy: 0.8684 - precision: 0.8488 - recall: 0.8862
153/352 [============>.................] - ETA: 10s - loss: 0.3037 - accuracy: 0.8676 - precision: 0.8479 - recall: 0.8851
155/352 [============>.................] - ETA: 10s - loss: 0.3028 - accuracy: 0.8685 - precision: 0.8475 - recall: 0.8859
157/352 [============>.................] - ETA: 10s - loss: 0.2999 - accuracy: 0.8702 - precision: 0.8482 - recall: 0.8865
159/352 [============>.................] - ETA: 10s - loss: 0.3014 - accuracy: 0.8695 - precision: 0.8499 - recall: 0.8834
161/352 [============>.................] - ETA: 10s - loss: 0.3006 - accuracy: 0.8696 - precision: 0.8489 - recall: 0.8847
163/352 [============>.................] - ETA: 10s - loss: 0.3008 - accuracy: 0.8696 - precision: 0.8490 - recall: 0.8844
165/352 [=============>................] - ETA: 9s - loss: 0.2990 - accuracy: 0.8705 - precision: 0.8484 - recall: 0.8850 
167/352 [=============>................] - ETA: 9s - loss: 0.3022 - accuracy: 0.8683 - precision: 0.8483 - recall: 0.8803
168/352 [=============>................] - ETA: 9s - loss: 0.3026 - accuracy: 0.8676 - precision: 0.8466 - recall: 0.8811
170/352 [=============>................] - ETA: 9s - loss: 0.3011 - accuracy: 0.8684 - precision: 0.8460 - recall: 0.8816
171/352 [=============>................] - ETA: 9s - loss: 0.3028 - accuracy: 0.8677 - precision: 0.8455 - recall: 0.8808
172/352 [=============>................] - ETA: 9s - loss: 0.3048 - accuracy: 0.8656 - precision: 0.8449 - recall: 0.8773
173/352 [=============>................] - ETA: 9s - loss: 0.3038 - accuracy: 0.8663 - precision: 0.8463 - recall: 0.8784
175/352 [=============>................] - ETA: 9s - loss: 0.3051 - accuracy: 0.8664 - precision: 0.8478 - recall: 0.8771
177/352 [==============>...............] - ETA: 9s - loss: 0.3038 - accuracy: 0.8665 - precision: 0.8469 - recall: 0.8783
179/352 [==============>...............] - ETA: 9s - loss: 0.3054 - accuracy: 0.8659 - precision: 0.8451 - recall: 0.8798
181/352 [==============>...............] - ETA: 9s - loss: 0.3041 - accuracy: 0.8674 - precision: 0.8466 - recall: 0.8810
183/352 [==============>...............] - ETA: 8s - loss: 0.3063 - accuracy: 0.8668 - precision: 0.8459 - recall: 0.8811
185/352 [==============>...............] - ETA: 8s - loss: 0.3057 - accuracy: 0.8676 - precision: 0.8478 - recall: 0.8814
187/352 [==============>...............] - ETA: 8s - loss: 0.3071 - accuracy: 0.8663 - precision: 0.8456 - recall: 0.8811
188/352 [===============>..............] - ETA: 8s - loss: 0.3071 - accuracy: 0.8664 - precision: 0.8465 - recall: 0.8806
190/352 [===============>..............] - ETA: 8s - loss: 0.3052 - accuracy: 0.8678 - precision: 0.8485 - recall: 0.8822
192/352 [===============>..............] - ETA: 8s - loss: 0.3046 - accuracy: 0.8685 - precision: 0.8501 - recall: 0.8823
194/352 [===============>..............] - ETA: 8s - loss: 0.3099 - accuracy: 0.8660 - precision: 0.8447 - recall: 0.8832
195/352 [===============>..............] - ETA: 8s - loss: 0.3094 - accuracy: 0.8667 - precision: 0.8455 - recall: 0.8838
197/352 [===============>..............] - ETA: 8s - loss: 0.3126 - accuracy: 0.8661 - precision: 0.8436 - recall: 0.8849
199/352 [===============>..............] - ETA: 7s - loss: 0.3121 - accuracy: 0.8662 - precision: 0.8445 - recall: 0.8853
201/352 [================>.............] - ETA: 7s - loss: 0.3133 - accuracy: 0.8644 - precision: 0.8419 - recall: 0.8853
203/352 [================>.............] - ETA: 7s - loss: 0.3127 - accuracy: 0.8639 - precision: 0.8422 - recall: 0.8841
204/352 [================>.............] - ETA: 7s - loss: 0.3129 - accuracy: 0.8640 - precision: 0.8424 - recall: 0.8850
206/352 [================>.............] - ETA: 7s - loss: 0.3130 - accuracy: 0.8629 - precision: 0.8420 - recall: 0.8840
207/352 [================>.............] - ETA: 7s - loss: 0.3129 - accuracy: 0.8629 - precision: 0.8428 - recall: 0.8835
209/352 [================>.............] - ETA: 7s - loss: 0.3131 - accuracy: 0.8624 - precision: 0.8409 - recall: 0.8844
210/352 [================>.............] - ETA: 7s - loss: 0.3122 - accuracy: 0.8631 - precision: 0.8422 - recall: 0.8854
211/352 [================>.............] - ETA: 7s - loss: 0.3127 - accuracy: 0.8632 - precision: 0.8418 - recall: 0.8858
213/352 [=================>............] - ETA: 7s - loss: 0.3116 - accuracy: 0.8633 - precision: 0.8434 - recall: 0.8849
215/352 [=================>............] - ETA: 7s - loss: 0.3145 - accuracy: 0.8628 - precision: 0.8428 - recall: 0.8848
217/352 [=================>............] - ETA: 7s - loss: 0.3131 - accuracy: 0.8635 - precision: 0.8438 - recall: 0.8863
218/352 [=================>............] - ETA: 6s - loss: 0.3119 - accuracy: 0.8641 - precision: 0.8443 - recall: 0.8867
219/352 [=================>............] - ETA: 6s - loss: 0.3122 - accuracy: 0.8642 - precision: 0.8444 - recall: 0.8875
221/352 [=================>............] - ETA: 6s - loss: 0.3140 - accuracy: 0.8631 - precision: 0.8426 - recall: 0.8872
222/352 [=================>............] - ETA: 6s - loss: 0.3132 - accuracy: 0.8637 - precision: 0.8431 - recall: 0.8876
224/352 [==================>...........] - ETA: 6s - loss: 0.3122 - accuracy: 0.8644 - precision: 0.8445 - recall: 0.8876
225/352 [==================>...........] - ETA: 6s - loss: 0.3115 - accuracy: 0.8650 - precision: 0.8455 - recall: 0.8884
226/352 [==================>...........] - ETA: 6s - loss: 0.3108 - accuracy: 0.8656 - precision: 0.8457 - recall: 0.8885
228/352 [==================>...........] - ETA: 6s - loss: 0.3133 - accuracy: 0.8646 - precision: 0.8431 - recall: 0.8893
229/352 [==================>...........] - ETA: 6s - loss: 0.3126 - accuracy: 0.8652 - precision: 0.8439 - recall: 0.8899
230/352 [==================>...........] - ETA: 6s - loss: 0.3126 - accuracy: 0.8652 - precision: 0.8442 - recall: 0.8891
232/352 [==================>...........] - ETA: 6s - loss: 0.3116 - accuracy: 0.8658 - precision: 0.8445 - recall: 0.8900
233/352 [==================>...........] - ETA: 6s - loss: 0.3118 - accuracy: 0.8653 - precision: 0.8432 - recall: 0.8904
235/352 [===================>..........] - ETA: 6s - loss: 0.3137 - accuracy: 0.8649 - precision: 0.8428 - recall: 0.8903
237/352 [===================>..........] - ETA: 5s - loss: 0.3132 - accuracy: 0.8650 - precision: 0.8418 - recall: 0.8909
238/352 [===================>..........] - ETA: 5s - loss: 0.3131 - accuracy: 0.8650 - precision: 0.8413 - recall: 0.8912
240/352 [===================>..........] - ETA: 5s - loss: 0.3131 - accuracy: 0.8651 - precision: 0.8419 - recall: 0.8913
242/352 [===================>..........] - ETA: 5s - loss: 0.3140 - accuracy: 0.8642 - precision: 0.8422 - recall: 0.8892
244/352 [===================>..........] - ETA: 5s - loss: 0.3147 - accuracy: 0.8637 - precision: 0.8434 - recall: 0.8874
245/352 [===================>..........] - ETA: 5s - loss: 0.3159 - accuracy: 0.8638 - precision: 0.8445 - recall: 0.8873
247/352 [====================>.........] - ETA: 5s - loss: 0.3161 - accuracy: 0.8639 - precision: 0.8442 - recall: 0.8883
248/352 [====================>.........] - ETA: 5s - loss: 0.3155 - accuracy: 0.8644 - precision: 0.8450 - recall: 0.8889
249/352 [====================>.........] - ETA: 5s - loss: 0.3144 - accuracy: 0.8650 - precision: 0.8453 - recall: 0.8891
250/352 [====================>.........] - ETA: 5s - loss: 0.3141 - accuracy: 0.8650 - precision: 0.8452 - recall: 0.8897
252/352 [====================>.........] - ETA: 5s - loss: 0.3136 - accuracy: 0.8651 - precision: 0.8451 - recall: 0.8893
254/352 [====================>.........] - ETA: 5s - loss: 0.3139 - accuracy: 0.8652 - precision: 0.8445 - recall: 0.8901
255/352 [====================>.........] - ETA: 5s - loss: 0.3134 - accuracy: 0.8657 - precision: 0.8450 - recall: 0.8904
257/352 [====================>.........] - ETA: 4s - loss: 0.3129 - accuracy: 0.8662 - precision: 0.8454 - recall: 0.8913
259/352 [=====================>........] - ETA: 4s - loss: 0.3130 - accuracy: 0.8663 - precision: 0.8451 - recall: 0.8923
260/352 [=====================>........] - ETA: 4s - loss: 0.3131 - accuracy: 0.8663 - precision: 0.8449 - recall: 0.8927
261/352 [=====================>........] - ETA: 4s - loss: 0.3138 - accuracy: 0.8659 - precision: 0.8447 - recall: 0.8922
262/352 [=====================>........] - ETA: 4s - loss: 0.3132 - accuracy: 0.8664 - precision: 0.8451 - recall: 0.8925
263/352 [=====================>........] - ETA: 4s - loss: 0.3155 - accuracy: 0.8655 - precision: 0.8440 - recall: 0.8920
264/352 [=====================>........] - ETA: 4s - loss: 0.3150 - accuracy: 0.8660 - precision: 0.8441 - recall: 0.8921
265/352 [=====================>........] - ETA: 4s - loss: 0.3151 - accuracy: 0.8660 - precision: 0.8438 - recall: 0.8924
267/352 [=====================>........] - ETA: 4s - loss: 0.3137 - accuracy: 0.8670 - precision: 0.8449 - recall: 0.8932
269/352 [=====================>........] - ETA: 4s - loss: 0.3157 - accuracy: 0.8663 - precision: 0.8441 - recall: 0.8915
271/352 [======================>.......] - ETA: 4s - loss: 0.3154 - accuracy: 0.8663 - precision: 0.8451 - recall: 0.8906
272/352 [======================>.......] - ETA: 4s - loss: 0.3168 - accuracy: 0.8650 - precision: 0.8429 - recall: 0.8897
273/352 [======================>.......] - ETA: 4s - loss: 0.3170 - accuracy: 0.8650 - precision: 0.8433 - recall: 0.8892
275/352 [======================>.......] - ETA: 4s - loss: 0.3173 - accuracy: 0.8651 - precision: 0.8434 - recall: 0.8890
277/352 [======================>.......] - ETA: 3s - loss: 0.3173 - accuracy: 0.8652 - precision: 0.8434 - recall: 0.8888
278/352 [======================>.......] - ETA: 3s - loss: 0.3171 - accuracy: 0.8652 - precision: 0.8440 - recall: 0.8884
280/352 [======================>.......] - ETA: 3s - loss: 0.3162 - accuracy: 0.8653 - precision: 0.8448 - recall: 0.8874
282/352 [=======================>......] - ETA: 3s - loss: 0.3168 - accuracy: 0.8644 - precision: 0.8436 - recall: 0.8873
283/352 [=======================>......] - ETA: 3s - loss: 0.3159 - accuracy: 0.8649 - precision: 0.8444 - recall: 0.8879
284/352 [=======================>......] - ETA: 3s - loss: 0.3157 - accuracy: 0.8654 - precision: 0.8449 - recall: 0.8883
286/352 [=======================>......] - ETA: 3s - loss: 0.3152 - accuracy: 0.8655 - precision: 0.8448 - recall: 0.8880
287/352 [=======================>......] - ETA: 3s - loss: 0.3145 - accuracy: 0.8659 - precision: 0.8456 - recall: 0.8886
288/352 [=======================>......] - ETA: 3s - loss: 0.3139 - accuracy: 0.8664 - precision: 0.8463 - recall: 0.8891
289/352 [=======================>......] - ETA: 3s - loss: 0.3141 - accuracy: 0.8660 - precision: 0.8451 - recall: 0.8893
290/352 [=======================>......] - ETA: 3s - loss: 0.3139 - accuracy: 0.8656 - precision: 0.8447 - recall: 0.8887
292/352 [=======================>......] - ETA: 3s - loss: 0.3144 - accuracy: 0.8657 - precision: 0.8451 - recall: 0.8888
294/352 [========================>.....] - ETA: 3s - loss: 0.3134 - accuracy: 0.8657 - precision: 0.8464 - recall: 0.8882
295/352 [========================>.....] - ETA: 2s - loss: 0.3135 - accuracy: 0.8653 - precision: 0.8469 - recall: 0.8871
296/352 [========================>.....] - ETA: 2s - loss: 0.3136 - accuracy: 0.8649 - precision: 0.8463 - recall: 0.8864
298/352 [========================>.....] - ETA: 2s - loss: 0.3148 - accuracy: 0.8642 - precision: 0.8461 - recall: 0.8858
299/352 [========================>.....] - ETA: 2s - loss: 0.3146 - accuracy: 0.8642 - precision: 0.8458 - recall: 0.8861
301/352 [========================>.....] - ETA: 2s - loss: 0.3143 - accuracy: 0.8643 - precision: 0.8457 - recall: 0.8870
302/352 [========================>.....] - ETA: 2s - loss: 0.3150 - accuracy: 0.8643 - precision: 0.8457 - recall: 0.8876
303/352 [========================>.....] - ETA: 2s - loss: 0.3158 - accuracy: 0.8639 - precision: 0.8446 - recall: 0.8878
305/352 [========================>.....] - ETA: 2s - loss: 0.3155 - accuracy: 0.8640 - precision: 0.8444 - recall: 0.8886
306/352 [=========================>....] - ETA: 2s - loss: 0.3147 - accuracy: 0.8645 - precision: 0.8448 - recall: 0.8889
307/352 [=========================>....] - ETA: 2s - loss: 0.3149 - accuracy: 0.8645 - precision: 0.8448 - recall: 0.8894
309/352 [=========================>....] - ETA: 2s - loss: 0.3144 - accuracy: 0.8650 - precision: 0.8449 - recall: 0.8900
310/352 [=========================>....] - ETA: 2s - loss: 0.3144 - accuracy: 0.8650 - precision: 0.8446 - recall: 0.8903
311/352 [=========================>....] - ETA: 2s - loss: 0.3141 - accuracy: 0.8650 - precision: 0.8444 - recall: 0.8906
312/352 [=========================>....] - ETA: 2s - loss: 0.3144 - accuracy: 0.8647 - precision: 0.8432 - recall: 0.8907
313/352 [=========================>....] - ETA: 2s - loss: 0.3140 - accuracy: 0.8647 - precision: 0.8430 - recall: 0.8910
314/352 [=========================>....] - ETA: 1s - loss: 0.3139 - accuracy: 0.8643 - precision: 0.8432 - recall: 0.8897
316/352 [=========================>....] - ETA: 1s - loss: 0.3126 - accuracy: 0.8652 - precision: 0.8444 - recall: 0.8906
317/352 [==========================>...] - ETA: 1s - loss: 0.3133 - accuracy: 0.8644 - precision: 0.8445 - recall: 0.8885
318/352 [==========================>...] - ETA: 1s - loss: 0.3132 - accuracy: 0.8645 - precision: 0.8451 - recall: 0.8883
320/352 [==========================>...] - ETA: 1s - loss: 0.3125 - accuracy: 0.8649 - precision: 0.8460 - recall: 0.8883
321/352 [==========================>...] - ETA: 1s - loss: 0.3120 - accuracy: 0.8653 - precision: 0.8466 - recall: 0.8887
322/352 [==========================>...] - ETA: 1s - loss: 0.3112 - accuracy: 0.8658 - precision: 0.8471 - recall: 0.8891
324/352 [==========================>...] - ETA: 1s - loss: 0.3107 - accuracy: 0.8658 - precision: 0.8463 - recall: 0.8894
325/352 [==========================>...] - ETA: 1s - loss: 0.3104 - accuracy: 0.8658 - precision: 0.8467 - recall: 0.8891
326/352 [==========================>...] - ETA: 1s - loss: 0.3100 - accuracy: 0.8663 - precision: 0.8472 - recall: 0.8894
327/352 [==========================>...] - ETA: 1s - loss: 0.3091 - accuracy: 0.8667 - precision: 0.8477 - recall: 0.8898
328/352 [==========================>...] - ETA: 1s - loss: 0.3092 - accuracy: 0.8667 - precision: 0.8477 - recall: 0.8903
329/352 [===========================>..] - ETA: 1s - loss: 0.3089 - accuracy: 0.8667 - precision: 0.8476 - recall: 0.8907
330/352 [===========================>..] - ETA: 1s - loss: 0.3086 - accuracy: 0.8667 - precision: 0.8478 - recall: 0.8902
332/352 [===========================>..] - ETA: 1s - loss: 0.3077 - accuracy: 0.8675 - precision: 0.8486 - recall: 0.8908
334/352 [===========================>..] - ETA: 0s - loss: 0.3096 - accuracy: 0.8665 - precision: 0.8468 - recall: 0.8906
335/352 [===========================>..] - ETA: 0s - loss: 0.3106 - accuracy: 0.8661 - precision: 0.8467 - recall: 0.8902
336/352 [===========================>..] - ETA: 0s - loss: 0.3107 - accuracy: 0.8658 - precision: 0.8464 - recall: 0.8898
337/352 [===========================>..] - ETA: 0s - loss: 0.3115 - accuracy: 0.8651 - precision: 0.8455 - recall: 0.8894
339/352 [===========================>..] - ETA: 0s - loss: 0.3116 - accuracy: 0.8651 - precision: 0.8456 - recall: 0.8892
340/352 [===========================>..] - ETA: 0s - loss: 0.3111 - accuracy: 0.8655 - precision: 0.8458 - recall: 0.8894
341/352 [============================>.] - ETA: 0s - loss: 0.3106 - accuracy: 0.8659 - precision: 0.8462 - recall: 0.8897
342/352 [============================>.] - ETA: 0s - loss: 0.3103 - accuracy: 0.8659 - precision: 0.8464 - recall: 0.8892
343/352 [============================>.] - ETA: 0s - loss: 0.3113 - accuracy: 0.8656 - precision: 0.8456 - recall: 0.8895
344/352 [============================>.] - ETA: 0s - loss: 0.3113 - accuracy: 0.8656 - precision: 0.8460 - recall: 0.8891
346/352 [============================>.] - ETA: 0s - loss: 0.3110 - accuracy: 0.8657 - precision: 0.8463 - recall: 0.8891
347/352 [============================>.] - ETA: 0s - loss: 0.3110 - accuracy: 0.8657 - precision: 0.8466 - recall: 0.8887
348/352 [============================>.] - ETA: 0s - loss: 0.3117 - accuracy: 0.8650 - precision: 0.8450 - recall: 0.8889
350/352 [============================>.] - ETA: 0s - loss: 0.3122 - accuracy: 0.8644 - precision: 0.8452 - recall: 0.8875
351/352 [============================>.] - ETA: 0s - loss: 0.3117 - accuracy: 0.8647 - precision: 0.8455 - recall: 0.8878
352/352 [==============================] - ETA: 0s - loss: 0.3113 - accuracy: 0.8648 - precision: 0.8455 - recall: 0.8882
Epoch 3: saving model to C:\SIRCH_ENV\models\revision\exp13_grouped_retraining\gru_augmented_grouped\checkpoints\gru_augmented_grouped_epoch_003.weights.h5

Epoch 3: val_loss improved from 0.35836 to 0.33619, saving model to C:\SIRCH_ENV\models\revision\exp13_grouped_retraining\gru_augmented_grouped\best_gru_augmented_grouped_head.weights.h5

352/352 [==============================] - 19s 55ms/step - loss: 0.3113 - accuracy: 0.8648 - precision: 0.8455 - recall: 0.8882 - val_loss: 0.3362 - val_accuracy: 0.8442 - val_precision: 0.7865 - val_recall: 0.9428 - lr: 1.0000e-04
Epoch 4/30

  1/352 [..............................] - ETA: 29s - loss: 0.3132 - accuracy: 0.8750 - precision: 0.7500 - recall: 1.0000
  2/352 [..............................] - ETA: 18s - loss: 0.2443 - accuracy: 0.9375 - precision: 0.8889 - recall: 1.0000
  3/352 [..............................] - ETA: 18s - loss: 0.2136 - accuracy: 0.9583 - precision: 0.9231 - recall: 1.0000
  5/352 [..............................] - ETA: 18s - loss: 0.2073 - accuracy: 0.9500 - precision: 0.9000 - recall: 1.0000
  6/352 [..............................] - ETA: 21s - loss: 0.1969 - accuracy: 0.9583 - precision: 0.9167 - recall: 1.0000
  7/352 [..............................] - ETA: 20s - loss: 0.1852 - accuracy: 0.9643 - precision: 0.9310 - recall: 1.0000
  8/352 [..............................] - ETA: 20s - loss: 0.2059 - accuracy: 0.9531 - precision: 0.9118 - recall: 1.0000
 10/352 [..............................] - ETA: 20s - loss: 0.2300 - accuracy: 0.9375 - precision: 0.9048 - recall: 0.9744
 12/352 [>.............................] - ETA: 19s - loss: 0.2371 - accuracy: 0.9271 - precision: 0.8958 - recall: 0.9556
 13/352 [>.............................] - ETA: 19s - loss: 0.2296 - accuracy: 0.9327 - precision: 0.9074 - recall: 0.9608
 14/352 [>.............................] - ETA: 19s - loss: 0.2315 - accuracy: 0.9286 - precision: 0.9153 - recall: 0.9474
 15/352 [>.............................] - ETA: 19s - loss: 0.2476 - accuracy: 0.9083 - precision: 0.8806 - recall: 0.9516
 16/352 [>.............................] - ETA: 19s - loss: 0.2566 - accuracy: 0.8906 - precision: 0.8630 - recall: 0.9403
 17/352 [>.............................] - ETA: 19s - loss: 0.2575 - accuracy: 0.8824 - precision: 0.8718 - recall: 0.9189
 18/352 [>.............................] - ETA: 19s - loss: 0.2524 - accuracy: 0.8889 - precision: 0.8824 - recall: 0.9259
 19/352 [>.............................] - ETA: 19s - loss: 0.2608 - accuracy: 0.8882 - precision: 0.8791 - recall: 0.9302
 20/352 [>.............................] - ETA: 19s - loss: 0.2588 - accuracy: 0.8875 - precision: 0.8866 - recall: 0.9247
 21/352 [>.............................] - ETA: 19s - loss: 0.2617 - accuracy: 0.8869 - precision: 0.8824 - recall: 0.9278
 22/352 [>.............................] - ETA: 19s - loss: 0.2538 - accuracy: 0.8920 - precision: 0.8889 - recall: 0.9320
 23/352 [>.............................] - ETA: 19s - loss: 0.2522 - accuracy: 0.8913 - precision: 0.8839 - recall: 0.9340
 24/352 [=>............................] - ETA: 19s - loss: 0.2545 - accuracy: 0.8906 - precision: 0.8889 - recall: 0.9286
 25/352 [=>............................] - ETA: 19s - loss: 0.2497 - accuracy: 0.8950 - precision: 0.8934 - recall: 0.9316
 26/352 [=>............................] - ETA: 19s - loss: 0.2448 - accuracy: 0.8942 - precision: 0.8906 - recall: 0.9344
 28/352 [=>............................] - ETA: 18s - loss: 0.2486 - accuracy: 0.8929 - precision: 0.8815 - recall: 0.9370
 30/352 [=>............................] - ETA: 18s - loss: 0.2440 - accuracy: 0.8917 - precision: 0.8811 - recall: 0.9333
 32/352 [=>............................] - ETA: 18s - loss: 0.2347 - accuracy: 0.8984 - precision: 0.8896 - recall: 0.9384
 34/352 [=>............................] - ETA: 17s - loss: 0.2403 - accuracy: 0.8934 - precision: 0.8758 - recall: 0.9400
 36/352 [==>...........................] - ETA: 17s - loss: 0.2408 - accuracy: 0.8924 - precision: 0.8675 - recall: 0.9412
 37/352 [==>...........................] - ETA: 17s - loss: 0.2450 - accuracy: 0.8919 - precision: 0.8655 - recall: 0.9427
 39/352 [==>...........................] - ETA: 17s - loss: 0.2433 - accuracy: 0.8942 - precision: 0.8681 - recall: 0.9461
 41/352 [==>...........................] - ETA: 17s - loss: 0.2388 - accuracy: 0.8933 - precision: 0.8639 - recall: 0.9483
 42/352 [==>...........................] - ETA: 17s - loss: 0.2386 - accuracy: 0.8929 - precision: 0.8615 - recall: 0.9492
 44/352 [==>...........................] - ETA: 17s - loss: 0.2408 - accuracy: 0.8920 - precision: 0.8614 - recall: 0.9457
 46/352 [==>...........................] - ETA: 17s - loss: 0.2363 - accuracy: 0.8940 - precision: 0.8660 - recall: 0.9427
 47/352 [===>..........................] - ETA: 16s - loss: 0.2360 - accuracy: 0.8936 - precision: 0.8638 - recall: 0.9436
 48/352 [===>..........................] - ETA: 16s - loss: 0.2349 - accuracy: 0.8958 - precision: 0.8664 - recall: 0.9447
 49/352 [===>..........................] - ETA: 16s - loss: 0.2379 - accuracy: 0.8954 - precision: 0.8676 - recall: 0.9406
 50/352 [===>..........................] - ETA: 16s - loss: 0.2398 - accuracy: 0.8950 - precision: 0.8643 - recall: 0.9409
 51/352 [===>..........................] - ETA: 16s - loss: 0.2475 - accuracy: 0.8922 - precision: 0.8643 - recall: 0.9317
 52/352 [===>..........................] - ETA: 16s - loss: 0.2438 - accuracy: 0.8942 - precision: 0.8655 - recall: 0.9324
 53/352 [===>..........................] - ETA: 16s - loss: 0.2415 - accuracy: 0.8962 - precision: 0.8690 - recall: 0.9343
 54/352 [===>..........................] - ETA: 16s - loss: 0.2435 - accuracy: 0.8935 - precision: 0.8658 - recall: 0.9302
 55/352 [===>..........................] - ETA: 16s - loss: 0.2477 - accuracy: 0.8886 - precision: 0.8675 - recall: 0.9186
 56/352 [===>..........................] - ETA: 16s - loss: 0.2501 - accuracy: 0.8884 - precision: 0.8661 - recall: 0.9200
 57/352 [===>..........................] - ETA: 16s - loss: 0.2575 - accuracy: 0.8838 - precision: 0.8642 - recall: 0.9130
 58/352 [===>..........................] - ETA: 16s - loss: 0.2577 - accuracy: 0.8815 - precision: 0.8648 - recall: 0.9056
 59/352 [====>.........................] - ETA: 16s - loss: 0.2578 - accuracy: 0.8814 - precision: 0.8623 - recall: 0.9064
 61/352 [====>.........................] - ETA: 16s - loss: 0.2649 - accuracy: 0.8811 - precision: 0.8594 - recall: 0.9091
 62/352 [====>.........................] - ETA: 16s - loss: 0.2648 - accuracy: 0.8810 - precision: 0.8599 - recall: 0.9057
 64/352 [====>.........................] - ETA: 16s - loss: 0.2613 - accuracy: 0.8828 - precision: 0.8614 - recall: 0.9091
 65/352 [====>.........................] - ETA: 15s - loss: 0.2641 - accuracy: 0.8788 - precision: 0.8561 - recall: 0.9062
 66/352 [====>.........................] - ETA: 15s - loss: 0.2667 - accuracy: 0.8788 - precision: 0.8551 - recall: 0.9077
 67/352 [====>.........................] - ETA: 15s - loss: 0.2635 - accuracy: 0.8806 - precision: 0.8571 - recall: 0.9091
 69/352 [====>.........................] - ETA: 15s - loss: 0.2580 - accuracy: 0.8841 - precision: 0.8601 - recall: 0.9111
 71/352 [=====>........................] - ETA: 15s - loss: 0.2573 - accuracy: 0.8856 - precision: 0.8605 - recall: 0.9134
 72/352 [=====>........................] - ETA: 15s - loss: 0.2605 - accuracy: 0.8837 - precision: 0.8629 - recall: 0.9085
 74/352 [=====>........................] - ETA: 15s - loss: 0.2646 - accuracy: 0.8801 - precision: 0.8576 - recall: 0.9075
 75/352 [=====>........................] - ETA: 15s - loss: 0.2666 - accuracy: 0.8783 - precision: 0.8540 - recall: 0.9088
 77/352 [=====>........................] - ETA: 15s - loss: 0.2638 - accuracy: 0.8782 - precision: 0.8523 - recall: 0.9112
 79/352 [=====>........................] - ETA: 14s - loss: 0.2607 - accuracy: 0.8782 - precision: 0.8498 - recall: 0.9129
 80/352 [=====>........................] - ETA: 14s - loss: 0.2588 - accuracy: 0.8797 - precision: 0.8521 - recall: 0.9143
 81/352 [=====>........................] - ETA: 14s - loss: 0.2584 - accuracy: 0.8796 - precision: 0.8534 - recall: 0.9122
 83/352 [======>.......................] - ETA: 14s - loss: 0.2587 - accuracy: 0.8795 - precision: 0.8530 - recall: 0.9108
 84/352 [======>.......................] - ETA: 14s - loss: 0.2580 - accuracy: 0.8795 - precision: 0.8551 - recall: 0.9094
 86/352 [======>.......................] - ETA: 14s - loss: 0.2556 - accuracy: 0.8823 - precision: 0.8587 - recall: 0.9118
 87/352 [======>.......................] - ETA: 14s - loss: 0.2555 - accuracy: 0.8822 - precision: 0.8599 - recall: 0.9099
 88/352 [======>.......................] - ETA: 14s - loss: 0.2534 - accuracy: 0.8835 - precision: 0.8607 - recall: 0.9104
 90/352 [======>.......................] - ETA: 14s - loss: 0.2525 - accuracy: 0.8847 - precision: 0.8617 - recall: 0.9127
 91/352 [======>.......................] - ETA: 14s - loss: 0.2586 - accuracy: 0.8832 - precision: 0.8605 - recall: 0.9109
 93/352 [======>.......................] - ETA: 14s - loss: 0.2614 - accuracy: 0.8804 - precision: 0.8605 - recall: 0.9049
 94/352 [=======>......................] - ETA: 14s - loss: 0.2618 - accuracy: 0.8803 - precision: 0.8619 - recall: 0.9035
 96/352 [=======>......................] - ETA: 13s - loss: 0.2608 - accuracy: 0.8802 - precision: 0.8628 - recall: 0.9034
 97/352 [=======>......................] - ETA: 13s - loss: 0.2601 - accuracy: 0.8802 - precision: 0.8621 - recall: 0.9044
 98/352 [=======>......................] - ETA: 13s - loss: 0.2606 - accuracy: 0.8801 - precision: 0.8637 - recall: 0.9033
100/352 [=======>......................] - ETA: 13s - loss: 0.2601 - accuracy: 0.8800 - precision: 0.8643 - recall: 0.9030
101/352 [=======>......................] - ETA: 13s - loss: 0.2593 - accuracy: 0.8812 - precision: 0.8659 - recall: 0.9042
102/352 [=======>......................] - ETA: 13s - loss: 0.2620 - accuracy: 0.8787 - precision: 0.8601 - recall: 0.9044
104/352 [=======>......................] - ETA: 13s - loss: 0.2596 - accuracy: 0.8810 - precision: 0.8630 - recall: 0.9065
105/352 [=======>......................] - ETA: 13s - loss: 0.2577 - accuracy: 0.8821 - precision: 0.8649 - recall: 0.9078
107/352 [========>.....................] - ETA: 13s - loss: 0.2543 - accuracy: 0.8843 - precision: 0.8673 - recall: 0.9095
109/352 [========>.....................] - ETA: 13s - loss: 0.2534 - accuracy: 0.8853 - precision: 0.8704 - recall: 0.9097
111/352 [========>.....................] - ETA: 12s - loss: 0.2554 - accuracy: 0.8840 - precision: 0.8681 - recall: 0.9087
112/352 [========>.....................] - ETA: 12s - loss: 0.2582 - accuracy: 0.8817 - precision: 0.8634 - recall: 0.9093
114/352 [========>.....................] - ETA: 12s - loss: 0.2567 - accuracy: 0.8827 - precision: 0.8634 - recall: 0.9105
115/352 [========>.....................] - ETA: 12s - loss: 0.2562 - accuracy: 0.8829 - precision: 0.8636 - recall: 0.9107
117/352 [========>.....................] - ETA: 12s - loss: 0.2578 - accuracy: 0.8817 - precision: 0.8659 - recall: 0.9064
118/352 [=========>....................] - ETA: 12s - loss: 0.2586 - accuracy: 0.8817 - precision: 0.8664 - recall: 0.9049
120/352 [=========>....................] - ETA: 12s - loss: 0.2591 - accuracy: 0.8805 - precision: 0.8625 - recall: 0.9059
122/352 [=========>....................] - ETA: 12s - loss: 0.2606 - accuracy: 0.8794 - precision: 0.8639 - recall: 0.9012
124/352 [=========>....................] - ETA: 12s - loss: 0.2583 - accuracy: 0.8813 - precision: 0.8665 - recall: 0.9032
126/352 [=========>....................] - ETA: 12s - loss: 0.2593 - accuracy: 0.8812 - precision: 0.8650 - recall: 0.9046
127/352 [=========>....................] - ETA: 12s - loss: 0.2620 - accuracy: 0.8802 - precision: 0.8633 - recall: 0.9057
129/352 [=========>....................] - ETA: 11s - loss: 0.2601 - accuracy: 0.8811 - precision: 0.8637 - recall: 0.9072
130/352 [==========>...................] - ETA: 11s - loss: 0.2609 - accuracy: 0.8801 - precision: 0.8613 - recall: 0.9077
132/352 [==========>...................] - ETA: 11s - loss: 0.2652 - accuracy: 0.8790 - precision: 0.8579 - recall: 0.9086
133/352 [==========>...................] - ETA: 11s - loss: 0.2661 - accuracy: 0.8790 - precision: 0.8574 - recall: 0.9093
134/352 [==========>...................] - ETA: 11s - loss: 0.2650 - accuracy: 0.8799 - precision: 0.8584 - recall: 0.9099
135/352 [==========>...................] - ETA: 11s - loss: 0.2640 - accuracy: 0.8808 - precision: 0.8596 - recall: 0.9108
136/352 [==========>...................] - ETA: 11s - loss: 0.2641 - accuracy: 0.8808 - precision: 0.8589 - recall: 0.9113
137/352 [==========>...................] - ETA: 11s - loss: 0.2644 - accuracy: 0.8798 - precision: 0.8584 - recall: 0.9103
138/352 [==========>...................] - ETA: 11s - loss: 0.2641 - accuracy: 0.8798 - precision: 0.8579 - recall: 0.9109
140/352 [==========>...................] - ETA: 11s - loss: 0.2643 - accuracy: 0.8806 - precision: 0.8583 - recall: 0.9122
142/352 [===========>..................] - ETA: 11s - loss: 0.2633 - accuracy: 0.8814 - precision: 0.8600 - recall: 0.9117
144/352 [===========>..................] - ETA: 11s - loss: 0.2612 - accuracy: 0.8822 - precision: 0.8612 - recall: 0.9108
145/352 [===========>..................] - ETA: 11s - loss: 0.2610 - accuracy: 0.8821 - precision: 0.8621 - recall: 0.9099
147/352 [===========>..................] - ETA: 11s - loss: 0.2620 - accuracy: 0.8829 - precision: 0.8645 - recall: 0.9100
149/352 [===========>..................] - ETA: 10s - loss: 0.2627 - accuracy: 0.8828 - precision: 0.8644 - recall: 0.9094
150/352 [===========>..................] - ETA: 10s - loss: 0.2630 - accuracy: 0.8819 - precision: 0.8621 - recall: 0.9097
151/352 [===========>..................] - ETA: 10s - loss: 0.2616 - accuracy: 0.8827 - precision: 0.8628 - recall: 0.9101
153/352 [============>.................] - ETA: 10s - loss: 0.2610 - accuracy: 0.8826 - precision: 0.8621 - recall: 0.9091
154/352 [============>.................] - ETA: 10s - loss: 0.2613 - accuracy: 0.8817 - precision: 0.8609 - recall: 0.9077
156/352 [============>.................] - ETA: 10s - loss: 0.2607 - accuracy: 0.8816 - precision: 0.8600 - recall: 0.9089
158/352 [============>.................] - ETA: 10s - loss: 0.2604 - accuracy: 0.8816 - precision: 0.8593 - recall: 0.9103
159/352 [============>.................] - ETA: 10s - loss: 0.2637 - accuracy: 0.8807 - precision: 0.8576 - recall: 0.9108
160/352 [============>.................] - ETA: 10s - loss: 0.2640 - accuracy: 0.8807 - precision: 0.8586 - recall: 0.9101
162/352 [============>.................] - ETA: 10s - loss: 0.2621 - accuracy: 0.8822 - precision: 0.8605 - recall: 0.9114
164/352 [============>.................] - ETA: 10s - loss: 0.2609 - accuracy: 0.8828 - precision: 0.8621 - recall: 0.9110
165/352 [=============>................] - ETA: 10s - loss: 0.2611 - accuracy: 0.8828 - precision: 0.8615 - recall: 0.9115
166/352 [=============>................] - ETA: 10s - loss: 0.2597 - accuracy: 0.8835 - precision: 0.8617 - recall: 0.9116
167/352 [=============>................] - ETA: 9s - loss: 0.2601 - accuracy: 0.8827 - precision: 0.8608 - recall: 0.9105 
168/352 [=============>................] - ETA: 9s - loss: 0.2600 - accuracy: 0.8827 - precision: 0.8614 - recall: 0.9095
169/352 [=============>................] - ETA: 9s - loss: 0.2604 - accuracy: 0.8819 - precision: 0.8616 - recall: 0.9069
170/352 [=============>................] - ETA: 9s - loss: 0.2595 - accuracy: 0.8826 - precision: 0.8624 - recall: 0.9075
171/352 [=============>................] - ETA: 9s - loss: 0.2595 - accuracy: 0.8818 - precision: 0.8618 - recall: 0.9065
173/352 [=============>................] - ETA: 9s - loss: 0.2579 - accuracy: 0.8832 - precision: 0.8631 - recall: 0.9075
175/352 [=============>................] - ETA: 9s - loss: 0.2563 - accuracy: 0.8838 - precision: 0.8648 - recall: 0.9074
176/352 [==============>...............] - ETA: 9s - loss: 0.2553 - accuracy: 0.8845 - precision: 0.8654 - recall: 0.9078
177/352 [==============>...............] - ETA: 9s - loss: 0.2560 - accuracy: 0.8830 - precision: 0.8659 - recall: 0.9043
178/352 [==============>...............] - ETA: 9s - loss: 0.2562 - accuracy: 0.8829 - precision: 0.8651 - recall: 0.9046
180/352 [==============>...............] - ETA: 9s - loss: 0.2571 - accuracy: 0.8815 - precision: 0.8629 - recall: 0.9042
181/352 [==============>...............] - ETA: 9s - loss: 0.2558 - accuracy: 0.8821 - precision: 0.8636 - recall: 0.9048
183/352 [==============>...............] - ETA: 9s - loss: 0.2548 - accuracy: 0.8827 - precision: 0.8656 - recall: 0.9050
185/352 [==============>...............] - ETA: 8s - loss: 0.2550 - accuracy: 0.8826 - precision: 0.8661 - recall: 0.9049
186/352 [==============>...............] - ETA: 8s - loss: 0.2546 - accuracy: 0.8826 - precision: 0.8656 - recall: 0.9054
187/352 [==============>...............] - ETA: 8s - loss: 0.2535 - accuracy: 0.8832 - precision: 0.8665 - recall: 0.9060
189/352 [===============>..............] - ETA: 8s - loss: 0.2533 - accuracy: 0.8838 - precision: 0.8682 - recall: 0.9061
191/352 [===============>..............] - ETA: 8s - loss: 0.2512 - accuracy: 0.8850 - precision: 0.8697 - recall: 0.9072
192/352 [===============>..............] - ETA: 8s - loss: 0.2509 - accuracy: 0.8850 - precision: 0.8692 - recall: 0.9077
193/352 [===============>..............] - ETA: 8s - loss: 0.2498 - accuracy: 0.8856 - precision: 0.8697 - recall: 0.9080
195/352 [===============>..............] - ETA: 8s - loss: 0.2508 - accuracy: 0.8855 - precision: 0.8689 - recall: 0.9090
196/352 [===============>..............] - ETA: 8s - loss: 0.2510 - accuracy: 0.8854 - precision: 0.8688 - recall: 0.9097
197/352 [===============>..............] - ETA: 8s - loss: 0.2501 - accuracy: 0.8860 - precision: 0.8694 - recall: 0.9101
198/352 [===============>..............] - ETA: 8s - loss: 0.2524 - accuracy: 0.8853 - precision: 0.8676 - recall: 0.9104
199/352 [===============>..............] - ETA: 8s - loss: 0.2518 - accuracy: 0.8852 - precision: 0.8672 - recall: 0.9108
200/352 [================>.............] - ETA: 8s - loss: 0.2509 - accuracy: 0.8858 - precision: 0.8677 - recall: 0.9111
201/352 [================>.............] - ETA: 8s - loss: 0.2524 - accuracy: 0.8845 - precision: 0.8677 - recall: 0.9077
203/352 [================>.............] - ETA: 8s - loss: 0.2526 - accuracy: 0.8844 - precision: 0.8664 - recall: 0.9083
204/352 [================>.............] - ETA: 7s - loss: 0.2532 - accuracy: 0.8844 - precision: 0.8660 - recall: 0.9088
205/352 [================>.............] - ETA: 7s - loss: 0.2543 - accuracy: 0.8831 - precision: 0.8635 - recall: 0.9091
206/352 [================>.............] - ETA: 7s - loss: 0.2554 - accuracy: 0.8819 - precision: 0.8618 - recall: 0.9082
207/352 [================>.............] - ETA: 7s - loss: 0.2591 - accuracy: 0.8794 - precision: 0.8590 - recall: 0.9061
209/352 [================>.............] - ETA: 7s - loss: 0.2603 - accuracy: 0.8788 - precision: 0.8584 - recall: 0.9060
211/352 [================>.............] - ETA: 7s - loss: 0.2595 - accuracy: 0.8793 - precision: 0.8589 - recall: 0.9070
212/352 [=================>............] - ETA: 7s - loss: 0.2594 - accuracy: 0.8799 - precision: 0.8596 - recall: 0.9075
214/352 [=================>............] - ETA: 7s - loss: 0.2583 - accuracy: 0.8804 - precision: 0.8595 - recall: 0.9081
215/352 [=================>............] - ETA: 7s - loss: 0.2582 - accuracy: 0.8804 - precision: 0.8589 - recall: 0.9083
217/352 [=================>............] - ETA: 7s - loss: 0.2577 - accuracy: 0.8803 - precision: 0.8575 - recall: 0.9087
219/352 [=================>............] - ETA: 7s - loss: 0.2567 - accuracy: 0.8809 - precision: 0.8570 - recall: 0.9090
221/352 [=================>............] - ETA: 7s - loss: 0.2586 - accuracy: 0.8802 - precision: 0.8568 - recall: 0.9074
222/352 [=================>............] - ETA: 6s - loss: 0.2579 - accuracy: 0.8808 - precision: 0.8571 - recall: 0.9076
223/352 [==================>...........] - ETA: 6s - loss: 0.2591 - accuracy: 0.8796 - precision: 0.8567 - recall: 0.9059
224/352 [==================>...........] - ETA: 6s - loss: 0.2584 - accuracy: 0.8802 - precision: 0.8573 - recall: 0.9063
225/352 [==================>...........] - ETA: 6s - loss: 0.2576 - accuracy: 0.8807 - precision: 0.8582 - recall: 0.9069
227/352 [==================>...........] - ETA: 6s - loss: 0.2592 - accuracy: 0.8796 - precision: 0.8577 - recall: 0.9058
228/352 [==================>...........] - ETA: 6s - loss: 0.2582 - accuracy: 0.8801 - precision: 0.8582 - recall: 0.9061
230/352 [==================>...........] - ETA: 6s - loss: 0.2591 - accuracy: 0.8800 - precision: 0.8583 - recall: 0.9059
232/352 [==================>...........] - ETA: 6s - loss: 0.2584 - accuracy: 0.8811 - precision: 0.8595 - recall: 0.9067
233/352 [==================>...........] - ETA: 6s - loss: 0.2578 - accuracy: 0.8816 - precision: 0.8601 - recall: 0.9071
234/352 [==================>...........] - ETA: 6s - loss: 0.2578 - accuracy: 0.8816 - precision: 0.8596 - recall: 0.9074
235/352 [===================>..........] - ETA: 6s - loss: 0.2583 - accuracy: 0.8810 - precision: 0.8593 - recall: 0.9068
236/352 [===================>..........] - ETA: 6s - loss: 0.2583 - accuracy: 0.8810 - precision: 0.8588 - recall: 0.9070
237/352 [===================>..........] - ETA: 6s - loss: 0.2576 - accuracy: 0.8815 - precision: 0.8590 - recall: 0.9072
238/352 [===================>..........] - ETA: 6s - loss: 0.2586 - accuracy: 0.8809 - precision: 0.8580 - recall: 0.9077
239/352 [===================>..........] - ETA: 6s - loss: 0.2583 - accuracy: 0.8814 - precision: 0.8584 - recall: 0.9080
240/352 [===================>..........] - ETA: 5s - loss: 0.2603 - accuracy: 0.8804 - precision: 0.8570 - recall: 0.9072
241/352 [===================>..........] - ETA: 5s - loss: 0.2607 - accuracy: 0.8803 - precision: 0.8573 - recall: 0.9065
242/352 [===================>..........] - ETA: 5s - loss: 0.2598 - accuracy: 0.8808 - precision: 0.8580 - recall: 0.9070
243/352 [===================>..........] - ETA: 5s - loss: 0.2617 - accuracy: 0.8798 - precision: 0.8559 - recall: 0.9073
245/352 [===================>..........] - ETA: 5s - loss: 0.2611 - accuracy: 0.8802 - precision: 0.8564 - recall: 0.9082
246/352 [===================>..........] - ETA: 5s - loss: 0.2608 - accuracy: 0.8802 - precision: 0.8559 - recall: 0.9084
248/352 [====================>.........] - ETA: 5s - loss: 0.2598 - accuracy: 0.8807 - precision: 0.8562 - recall: 0.9092
249/352 [====================>.........] - ETA: 5s - loss: 0.2598 - accuracy: 0.8807 - precision: 0.8555 - recall: 0.9093
251/352 [====================>.........] - ETA: 5s - loss: 0.2586 - accuracy: 0.8816 - precision: 0.8569 - recall: 0.9102
253/352 [====================>.........] - ETA: 5s - loss: 0.2575 - accuracy: 0.8821 - precision: 0.8573 - recall: 0.9096
254/352 [====================>.........] - ETA: 5s - loss: 0.2567 - accuracy: 0.8825 - precision: 0.8577 - recall: 0.9098
255/352 [====================>.........] - ETA: 5s - loss: 0.2566 - accuracy: 0.8825 - precision: 0.8580 - recall: 0.9091
257/352 [====================>.........] - ETA: 5s - loss: 0.2566 - accuracy: 0.8824 - precision: 0.8574 - recall: 0.9098
258/352 [====================>.........] - ETA: 5s - loss: 0.2560 - accuracy: 0.8829 - precision: 0.8582 - recall: 0.9104
259/352 [=====================>........] - ETA: 4s - loss: 0.2568 - accuracy: 0.8824 - precision: 0.8587 - recall: 0.9089
260/352 [=====================>........] - ETA: 4s - loss: 0.2591 - accuracy: 0.8819 - precision: 0.8582 - recall: 0.9082
261/352 [=====================>........] - ETA: 4s - loss: 0.2587 - accuracy: 0.8823 - precision: 0.8587 - recall: 0.9086
262/352 [=====================>........] - ETA: 4s - loss: 0.2595 - accuracy: 0.8823 - precision: 0.8593 - recall: 0.9080
263/352 [=====================>........] - ETA: 4s - loss: 0.2594 - accuracy: 0.8823 - precision: 0.8598 - recall: 0.9075
264/352 [=====================>........] - ETA: 4s - loss: 0.2588 - accuracy: 0.8827 - precision: 0.8604 - recall: 0.9079
265/352 [=====================>........] - ETA: 4s - loss: 0.2584 - accuracy: 0.8827 - precision: 0.8608 - recall: 0.9073
267/352 [=====================>........] - ETA: 4s - loss: 0.2592 - accuracy: 0.8822 - precision: 0.8610 - recall: 0.9063
268/352 [=====================>........] - ETA: 4s - loss: 0.2590 - accuracy: 0.8821 - precision: 0.8614 - recall: 0.9057
269/352 [=====================>........] - ETA: 4s - loss: 0.2586 - accuracy: 0.8821 - precision: 0.8619 - recall: 0.9052
270/352 [======================>.......] - ETA: 4s - loss: 0.2579 - accuracy: 0.8825 - precision: 0.8625 - recall: 0.9057
271/352 [======================>.......] - ETA: 4s - loss: 0.2586 - accuracy: 0.8816 - precision: 0.8610 - recall: 0.9048
272/352 [======================>.......] - ETA: 4s - loss: 0.2581 - accuracy: 0.8816 - precision: 0.8616 - recall: 0.9044
273/352 [======================>.......] - ETA: 4s - loss: 0.2591 - accuracy: 0.8815 - precision: 0.8613 - recall: 0.9048
274/352 [======================>.......] - ETA: 4s - loss: 0.2588 - accuracy: 0.8820 - precision: 0.8618 - recall: 0.9051
275/352 [======================>.......] - ETA: 4s - loss: 0.2590 - accuracy: 0.8820 - precision: 0.8624 - recall: 0.9047
276/352 [======================>.......] - ETA: 4s - loss: 0.2591 - accuracy: 0.8819 - precision: 0.8620 - recall: 0.9050
277/352 [======================>.......] - ETA: 4s - loss: 0.2587 - accuracy: 0.8819 - precision: 0.8619 - recall: 0.9054
278/352 [======================>.......] - ETA: 3s - loss: 0.2585 - accuracy: 0.8823 - precision: 0.8622 - recall: 0.9057
279/352 [======================>.......] - ETA: 3s - loss: 0.2589 - accuracy: 0.8823 - precision: 0.8620 - recall: 0.9060
280/352 [======================>.......] - ETA: 3s - loss: 0.2599 - accuracy: 0.8814 - precision: 0.8599 - recall: 0.9061
281/352 [======================>.......] - ETA: 3s - loss: 0.2599 - accuracy: 0.8818 - precision: 0.8601 - recall: 0.9063
282/352 [=======================>......] - ETA: 3s - loss: 0.2592 - accuracy: 0.8822 - precision: 0.8608 - recall: 0.9068
283/352 [=======================>......] - ETA: 3s - loss: 0.2593 - accuracy: 0.8818 - precision: 0.8597 - recall: 0.9070
284/352 [=======================>......] - ETA: 3s - loss: 0.2588 - accuracy: 0.8822 - precision: 0.8601 - recall: 0.9073
285/352 [=======================>......] - ETA: 3s - loss: 0.2585 - accuracy: 0.8821 - precision: 0.8598 - recall: 0.9076
286/352 [=======================>......] - ETA: 3s - loss: 0.2589 - accuracy: 0.8817 - precision: 0.8593 - recall: 0.9070
287/352 [=======================>......] - ETA: 3s - loss: 0.2582 - accuracy: 0.8821 - precision: 0.8599 - recall: 0.9074
288/352 [=======================>......] - ETA: 3s - loss: 0.2590 - accuracy: 0.8821 - precision: 0.8606 - recall: 0.9071
289/352 [=======================>......] - ETA: 3s - loss: 0.2585 - accuracy: 0.8825 - precision: 0.8613 - recall: 0.9076
291/352 [=======================>......] - ETA: 3s - loss: 0.2597 - accuracy: 0.8824 - precision: 0.8620 - recall: 0.9065
293/352 [=======================>......] - ETA: 3s - loss: 0.2596 - accuracy: 0.8824 - precision: 0.8613 - recall: 0.9070
294/352 [========================>.....] - ETA: 3s - loss: 0.2595 - accuracy: 0.8824 - precision: 0.8616 - recall: 0.9064
295/352 [========================>.....] - ETA: 3s - loss: 0.2595 - accuracy: 0.8823 - precision: 0.8618 - recall: 0.9058
296/352 [========================>.....] - ETA: 3s - loss: 0.2593 - accuracy: 0.8823 - precision: 0.8615 - recall: 0.9060
297/352 [========================>.....] - ETA: 2s - loss: 0.2600 - accuracy: 0.8823 - precision: 0.8619 - recall: 0.9056
298/352 [========================>.....] - ETA: 2s - loss: 0.2593 - accuracy: 0.8827 - precision: 0.8625 - recall: 0.9060
299/352 [========================>.....] - ETA: 2s - loss: 0.2588 - accuracy: 0.8831 - precision: 0.8627 - recall: 0.9061
300/352 [========================>.....] - ETA: 2s - loss: 0.2588 - accuracy: 0.8830 - precision: 0.8630 - recall: 0.9056
301/352 [========================>.....] - ETA: 2s - loss: 0.2597 - accuracy: 0.8826 - precision: 0.8619 - recall: 0.9058
302/352 [========================>.....] - ETA: 2s - loss: 0.2595 - accuracy: 0.8826 - precision: 0.8620 - recall: 0.9051
303/352 [========================>.....] - ETA: 2s - loss: 0.2593 - accuracy: 0.8825 - precision: 0.8624 - recall: 0.9046
304/352 [========================>.....] - ETA: 2s - loss: 0.2603 - accuracy: 0.8825 - precision: 0.8631 - recall: 0.9044
305/352 [========================>.....] - ETA: 2s - loss: 0.2603 - accuracy: 0.8821 - precision: 0.8619 - recall: 0.9045
306/352 [=========================>....] - ETA: 2s - loss: 0.2610 - accuracy: 0.8817 - precision: 0.8614 - recall: 0.9038
308/352 [=========================>....] - ETA: 2s - loss: 0.2607 - accuracy: 0.8820 - precision: 0.8613 - recall: 0.9043
309/352 [=========================>....] - ETA: 2s - loss: 0.2611 - accuracy: 0.8820 - precision: 0.8617 - recall: 0.9038
311/352 [=========================>....] - ETA: 2s - loss: 0.2603 - accuracy: 0.8828 - precision: 0.8625 - recall: 0.9044
312/352 [=========================>....] - ETA: 2s - loss: 0.2597 - accuracy: 0.8831 - precision: 0.8633 - recall: 0.9050
314/352 [=========================>....] - ETA: 2s - loss: 0.2593 - accuracy: 0.8831 - precision: 0.8636 - recall: 0.9050
315/352 [=========================>....] - ETA: 1s - loss: 0.2592 - accuracy: 0.8831 - precision: 0.8634 - recall: 0.9053
317/352 [==========================>...] - ETA: 1s - loss: 0.2590 - accuracy: 0.8834 - precision: 0.8638 - recall: 0.9061
318/352 [==========================>...] - ETA: 1s - loss: 0.2592 - accuracy: 0.8830 - precision: 0.8628 - recall: 0.9063
319/352 [==========================>...] - ETA: 1s - loss: 0.2586 - accuracy: 0.8833 - precision: 0.8631 - recall: 0.9065
320/352 [==========================>...] - ETA: 1s - loss: 0.2579 - accuracy: 0.8837 - precision: 0.8635 - recall: 0.9068
321/352 [==========================>...] - ETA: 1s - loss: 0.2578 - accuracy: 0.8837 - precision: 0.8633 - recall: 0.9071
322/352 [==========================>...] - ETA: 1s - loss: 0.2570 - accuracy: 0.8840 - precision: 0.8640 - recall: 0.9077
323/352 [==========================>...] - ETA: 1s - loss: 0.2588 - accuracy: 0.8832 - precision: 0.8629 - recall: 0.9071
324/352 [==========================>...] - ETA: 1s - loss: 0.2583 - accuracy: 0.8836 - precision: 0.8632 - recall: 0.9073
325/352 [==========================>...] - ETA: 1s - loss: 0.2587 - accuracy: 0.8836 - precision: 0.8629 - recall: 0.9075
326/352 [==========================>...] - ETA: 1s - loss: 0.2584 - accuracy: 0.8839 - precision: 0.8634 - recall: 0.9079
327/352 [==========================>...] - ETA: 1s - loss: 0.2600 - accuracy: 0.8835 - precision: 0.8624 - recall: 0.9081
328/352 [==========================>...] - ETA: 1s - loss: 0.2599 - accuracy: 0.8835 - precision: 0.8622 - recall: 0.9084
329/352 [===========================>..] - ETA: 1s - loss: 0.2603 - accuracy: 0.8835 - precision: 0.8621 - recall: 0.9087
331/352 [===========================>..] - ETA: 1s - loss: 0.2605 - accuracy: 0.8830 - precision: 0.8616 - recall: 0.9086
332/352 [===========================>..] - ETA: 1s - loss: 0.2604 - accuracy: 0.8830 - precision: 0.8613 - recall: 0.9088
333/352 [===========================>..] - ETA: 1s - loss: 0.2600 - accuracy: 0.8830 - precision: 0.8616 - recall: 0.9083
334/352 [===========================>..] - ETA: 0s - loss: 0.2599 - accuracy: 0.8830 - precision: 0.8612 - recall: 0.9085
335/352 [===========================>..] - ETA: 0s - loss: 0.2596 - accuracy: 0.8833 - precision: 0.8616 - recall: 0.9087
336/352 [===========================>..] - ETA: 0s - loss: 0.2599 - accuracy: 0.8829 - precision: 0.8617 - recall: 0.9074
337/352 [===========================>..] - ETA: 0s - loss: 0.2598 - accuracy: 0.8833 - precision: 0.8624 - recall: 0.9079
338/352 [===========================>..] - ETA: 0s - loss: 0.2600 - accuracy: 0.8832 - precision: 0.8627 - recall: 0.9074
339/352 [===========================>..] - ETA: 0s - loss: 0.2597 - accuracy: 0.8832 - precision: 0.8625 - recall: 0.9078
341/352 [============================>.] - ETA: 0s - loss: 0.2609 - accuracy: 0.8821 - precision: 0.8620 - recall: 0.9062
343/352 [============================>.] - ETA: 0s - loss: 0.2616 - accuracy: 0.8817 - precision: 0.8608 - recall: 0.9067
345/352 [============================>.] - ETA: 0s - loss: 0.2609 - accuracy: 0.8816 - precision: 0.8613 - recall: 0.9057
346/352 [============================>.] - ETA: 0s - loss: 0.2609 - accuracy: 0.8816 - precision: 0.8615 - recall: 0.9052
348/352 [============================>.] - ETA: 0s - loss: 0.2603 - accuracy: 0.8823 - precision: 0.8623 - recall: 0.9058
349/352 [============================>.] - ETA: 0s - loss: 0.2600 - accuracy: 0.8826 - precision: 0.8629 - recall: 0.9062
350/352 [============================>.] - ETA: 0s - loss: 0.2597 - accuracy: 0.8830 - precision: 0.8633 - recall: 0.9065
351/352 [============================>.] - ETA: 0s - loss: 0.2602 - accuracy: 0.8826 - precision: 0.8624 - recall: 0.9067
352/352 [==============================] - ETA: 0s - loss: 0.2600 - accuracy: 0.8826 - precision: 0.8626 - recall: 0.9062
Epoch 4: saving model to C:\SIRCH_ENV\models\revision\exp13_grouped_retraining\gru_augmented_grouped\checkpoints\gru_augmented_grouped_epoch_004.weights.h5

Epoch 4: val_loss improved from 0.33619 to 0.30821, saving model to C:\SIRCH_ENV\models\revision\exp13_grouped_retraining\gru_augmented_grouped\best_gru_augmented_grouped_head.weights.h5

352/352 [==============================] - 20s 56ms/step - loss: 0.2600 - accuracy: 0.8826 - precision: 0.8626 - recall: 0.9062 - val_loss: 0.3082 - val_accuracy: 0.8543 - val_precision: 0.8477 - val_recall: 0.8620 - lr: 1.0000e-04
Epoch 5/30

  1/352 [..............................] - ETA: 28s - loss: 0.1223 - accuracy: 1.0000 - precision: 1.0000 - recall: 1.0000
  2/352 [..............................] - ETA: 23s - loss: 0.1718 - accuracy: 0.9375 - precision: 1.0000 - recall: 0.9091
  3/352 [..............................] - ETA: 21s - loss: 0.3333 - accuracy: 0.8750 - precision: 0.9333 - recall: 0.8750
  4/352 [..............................] - ETA: 21s - loss: 0.2817 - accuracy: 0.9062 - precision: 0.9500 - recall: 0.9048
  5/352 [..............................] - ETA: 21s - loss: 0.2938 - accuracy: 0.8750 - precision: 0.8800 - recall: 0.9167
  6/352 [..............................] - ETA: 21s - loss: 0.2685 - accuracy: 0.8958 - precision: 0.8966 - recall: 0.9286
  8/352 [..............................] - ETA: 20s - loss: 0.2337 - accuracy: 0.9062 - precision: 0.8947 - recall: 0.9444
  9/352 [..............................] - ETA: 20s - loss: 0.2167 - accuracy: 0.9167 - precision: 0.9070 - recall: 0.9512
 10/352 [..............................] - ETA: 20s - loss: 0.2023 - accuracy: 0.9250 - precision: 0.9130 - recall: 0.9545
 11/352 [..............................] - ETA: 20s - loss: 0.2115 - accuracy: 0.9205 - precision: 0.9020 - recall: 0.9583
 13/352 [>.............................] - ETA: 20s - loss: 0.1993 - accuracy: 0.9327 - precision: 0.9123 - recall: 0.9630
 15/352 [>.............................] - ETA: 19s - loss: 0.1963 - accuracy: 0.9333 - precision: 0.9206 - recall: 0.9508
 16/352 [>.............................] - ETA: 19s - loss: 0.1851 - accuracy: 0.9375 - precision: 0.9231 - recall: 0.9524
 17/352 [>.............................] - ETA: 19s - loss: 0.1923 - accuracy: 0.9338 - precision: 0.9265 - recall: 0.9403
 18/352 [>.............................] - ETA: 18s - loss: 0.1982 - accuracy: 0.9306 - precision: 0.9178 - recall: 0.9437
 19/352 [>.............................] - ETA: 18s - loss: 0.1963 - accuracy: 0.9276 - precision: 0.9091 - recall: 0.9459
 20/352 [>.............................] - ETA: 18s - loss: 0.1998 - accuracy: 0.9250 - precision: 0.9012 - recall: 0.9481
 22/352 [>.............................] - ETA: 18s - loss: 0.2091 - accuracy: 0.9148 - precision: 0.8791 - recall: 0.9524
 23/352 [>.............................] - ETA: 18s - loss: 0.2091 - accuracy: 0.9130 - precision: 0.8737 - recall: 0.9540
 25/352 [=>............................] - ETA: 18s - loss: 0.2031 - accuracy: 0.9200 - precision: 0.8824 - recall: 0.9574
 26/352 [=>............................] - ETA: 18s - loss: 0.2081 - accuracy: 0.9135 - precision: 0.8704 - recall: 0.9592
 28/352 [=>............................] - ETA: 17s - loss: 0.2085 - accuracy: 0.9107 - precision: 0.8661 - recall: 0.9510
 29/352 [=>............................] - ETA: 17s - loss: 0.2031 - accuracy: 0.9138 - precision: 0.8707 - recall: 0.9528
 30/352 [=>............................] - ETA: 17s - loss: 0.2168 - accuracy: 0.9083 - precision: 0.8678 - recall: 0.9459
 31/352 [=>............................] - ETA: 17s - loss: 0.2221 - accuracy: 0.8992 - precision: 0.8629 - recall: 0.9304
 32/352 [=>............................] - ETA: 17s - loss: 0.2185 - accuracy: 0.8984 - precision: 0.8661 - recall: 0.9244
 34/352 [=>............................] - ETA: 17s - loss: 0.2169 - accuracy: 0.9007 - precision: 0.8702 - recall: 0.9194
 35/352 [=>............................] - ETA: 17s - loss: 0.2189 - accuracy: 0.8964 - precision: 0.8667 - recall: 0.9141
 37/352 [==>...........................] - ETA: 17s - loss: 0.2125 - accuracy: 0.8986 - precision: 0.8723 - recall: 0.9111
 38/352 [==>...........................] - ETA: 17s - loss: 0.2106 - accuracy: 0.9013 - precision: 0.8750 - recall: 0.9130
 39/352 [==>...........................] - ETA: 17s - loss: 0.2087 - accuracy: 0.9038 - precision: 0.8792 - recall: 0.9161
 40/352 [==>...........................] - ETA: 16s - loss: 0.2086 - accuracy: 0.9031 - precision: 0.8839 - recall: 0.9133
 41/352 [==>...........................] - ETA: 16s - loss: 0.2039 - accuracy: 0.9055 - precision: 0.8868 - recall: 0.9156
 43/352 [==>...........................] - ETA: 16s - loss: 0.2023 - accuracy: 0.9070 - precision: 0.8869 - recall: 0.9198
 44/352 [==>...........................] - ETA: 16s - loss: 0.2149 - accuracy: 0.9006 - precision: 0.8728 - recall: 0.9207
 46/352 [==>...........................] - ETA: 16s - loss: 0.2126 - accuracy: 0.9022 - precision: 0.8750 - recall: 0.9253
 48/352 [===>..........................] - ETA: 16s - loss: 0.2190 - accuracy: 0.8984 - precision: 0.8653 - recall: 0.9278
 50/352 [===>..........................] - ETA: 16s - loss: 0.2154 - accuracy: 0.9000 - precision: 0.8663 - recall: 0.9309
 51/352 [===>..........................] - ETA: 16s - loss: 0.2150 - accuracy: 0.9020 - precision: 0.8696 - recall: 0.9326
 53/352 [===>..........................] - ETA: 15s - loss: 0.2108 - accuracy: 0.9033 - precision: 0.8761 - recall: 0.9317
 55/352 [===>..........................] - ETA: 15s - loss: 0.2104 - accuracy: 0.9045 - precision: 0.8795 - recall: 0.9292
 57/352 [===>..........................] - ETA: 15s - loss: 0.2068 - accuracy: 0.9079 - precision: 0.8826 - recall: 0.9312
 58/352 [===>..........................] - ETA: 15s - loss: 0.2037 - accuracy: 0.9095 - precision: 0.8841 - recall: 0.9321
 60/352 [====>.........................] - ETA: 15s - loss: 0.1985 - accuracy: 0.9125 - precision: 0.8880 - recall: 0.9345
 62/352 [====>.........................] - ETA: 15s - loss: 0.1979 - accuracy: 0.9133 - precision: 0.8911 - recall: 0.9325
 63/352 [====>.........................] - ETA: 15s - loss: 0.1958 - accuracy: 0.9147 - precision: 0.8920 - recall: 0.9331
 65/352 [====>.........................] - ETA: 15s - loss: 0.1937 - accuracy: 0.9173 - precision: 0.8949 - recall: 0.9350
 67/352 [====>.........................] - ETA: 14s - loss: 0.1901 - accuracy: 0.9198 - precision: 0.8977 - recall: 0.9368
 69/352 [====>.........................] - ETA: 14s - loss: 0.1929 - accuracy: 0.9167 - precision: 0.8971 - recall: 0.9313
 71/352 [=====>........................] - ETA: 14s - loss: 0.1937 - accuracy: 0.9155 - precision: 0.8961 - recall: 0.9294
 72/352 [=====>........................] - ETA: 14s - loss: 0.1929 - accuracy: 0.9167 - precision: 0.8972 - recall: 0.9301
 74/352 [=====>........................] - ETA: 14s - loss: 0.1929 - accuracy: 0.9155 - precision: 0.8962 - recall: 0.9283
 75/352 [=====>........................] - ETA: 14s - loss: 0.1946 - accuracy: 0.9150 - precision: 0.8973 - recall: 0.9258
 76/352 [=====>........................] - ETA: 14s - loss: 0.1930 - accuracy: 0.9161 - precision: 0.8980 - recall: 0.9263
 78/352 [=====>........................] - ETA: 14s - loss: 0.1928 - accuracy: 0.9167 - precision: 0.8984 - recall: 0.9288
 79/352 [=====>........................] - ETA: 14s - loss: 0.1924 - accuracy: 0.9161 - precision: 0.8990 - recall: 0.9262
 80/352 [=====>........................] - ETA: 14s - loss: 0.1924 - accuracy: 0.9156 - precision: 0.9003 - recall: 0.9241
 81/352 [=====>........................] - ETA: 14s - loss: 0.1925 - accuracy: 0.9151 - precision: 0.8984 - recall: 0.9248
 82/352 [=====>........................] - ETA: 14s - loss: 0.1929 - accuracy: 0.9146 - precision: 0.8987 - recall: 0.9221
 83/352 [======>.......................] - ETA: 14s - loss: 0.1938 - accuracy: 0.9142 - precision: 0.8966 - recall: 0.9226
 84/352 [======>.......................] - ETA: 14s - loss: 0.1931 - accuracy: 0.9152 - precision: 0.8975 - recall: 0.9233
 85/352 [======>.......................] - ETA: 14s - loss: 0.1924 - accuracy: 0.9147 - precision: 0.8957 - recall: 0.9241
 86/352 [======>.......................] - ETA: 14s - loss: 0.1915 - accuracy: 0.9157 - precision: 0.8973 - recall: 0.9252
 88/352 [======>.......................] - ETA: 13s - loss: 0.1907 - accuracy: 0.9148 - precision: 0.8958 - recall: 0.9233
 89/352 [======>.......................] - ETA: 13s - loss: 0.1896 - accuracy: 0.9157 - precision: 0.8974 - recall: 0.9245
 91/352 [======>.......................] - ETA: 13s - loss: 0.1953 - accuracy: 0.9135 - precision: 0.8914 - recall: 0.9258
 92/352 [======>.......................] - ETA: 13s - loss: 0.1971 - accuracy: 0.9117 - precision: 0.8901 - recall: 0.9240
 94/352 [=======>......................] - ETA: 13s - loss: 0.2015 - accuracy: 0.9082 - precision: 0.8895 - recall: 0.9174
 96/352 [=======>......................] - ETA: 13s - loss: 0.2075 - accuracy: 0.9076 - precision: 0.8889 - recall: 0.9162
 98/352 [=======>......................] - ETA: 13s - loss: 0.2069 - accuracy: 0.9069 - precision: 0.8912 - recall: 0.9130
100/352 [=======>......................] - ETA: 13s - loss: 0.2064 - accuracy: 0.9075 - precision: 0.8903 - recall: 0.9142
101/352 [=======>......................] - ETA: 13s - loss: 0.2077 - accuracy: 0.9059 - precision: 0.8912 - recall: 0.9101
102/352 [=======>......................] - ETA: 13s - loss: 0.2077 - accuracy: 0.9056 - precision: 0.8918 - recall: 0.9081
104/352 [=======>......................] - ETA: 12s - loss: 0.2098 - accuracy: 0.9050 - precision: 0.8892 - recall: 0.9098
106/352 [========>.....................] - ETA: 12s - loss: 0.2087 - accuracy: 0.9057 - precision: 0.8894 - recall: 0.9118
108/352 [========>.....................] - ETA: 12s - loss: 0.2060 - accuracy: 0.9074 - precision: 0.8921 - recall: 0.9140
110/352 [========>.....................] - ETA: 12s - loss: 0.2061 - accuracy: 0.9057 - precision: 0.8915 - recall: 0.9108
111/352 [========>.....................] - ETA: 12s - loss: 0.2067 - accuracy: 0.9054 - precision: 0.8904 - recall: 0.9117
113/352 [========>.....................] - ETA: 12s - loss: 0.2042 - accuracy: 0.9071 - precision: 0.8924 - recall: 0.9133
114/352 [========>.....................] - ETA: 12s - loss: 0.2037 - accuracy: 0.9068 - precision: 0.8932 - recall: 0.9118
115/352 [========>.....................] - ETA: 12s - loss: 0.2024 - accuracy: 0.9076 - precision: 0.8944 - recall: 0.9128
117/352 [========>.....................] - ETA: 12s - loss: 0.2014 - accuracy: 0.9081 - precision: 0.8956 - recall: 0.9118
119/352 [=========>....................] - ETA: 11s - loss: 0.2026 - accuracy: 0.9076 - precision: 0.8925 - recall: 0.9126
121/352 [=========>....................] - ETA: 11s - loss: 0.2026 - accuracy: 0.9070 - precision: 0.8910 - recall: 0.9145
123/352 [=========>....................] - ETA: 11s - loss: 0.2040 - accuracy: 0.9055 - precision: 0.8887 - recall: 0.9136
124/352 [=========>....................] - ETA: 11s - loss: 0.2030 - accuracy: 0.9062 - precision: 0.8898 - recall: 0.9145
126/352 [=========>....................] - ETA: 11s - loss: 0.2035 - accuracy: 0.9048 - precision: 0.8898 - recall: 0.9121
127/352 [=========>....................] - ETA: 11s - loss: 0.2060 - accuracy: 0.9035 - precision: 0.8887 - recall: 0.9108
129/352 [=========>....................] - ETA: 11s - loss: 0.2097 - accuracy: 0.9012 - precision: 0.8847 - recall: 0.9100
130/352 [==========>...................] - ETA: 11s - loss: 0.2087 - accuracy: 0.9019 - precision: 0.8856 - recall: 0.9108
132/352 [==========>...................] - ETA: 11s - loss: 0.2079 - accuracy: 0.9025 - precision: 0.8867 - recall: 0.9098
133/352 [==========>...................] - ETA: 11s - loss: 0.2098 - accuracy: 0.9023 - precision: 0.8861 - recall: 0.9107
134/352 [==========>...................] - ETA: 11s - loss: 0.2090 - accuracy: 0.9030 - precision: 0.8868 - recall: 0.9112
135/352 [==========>...................] - ETA: 11s - loss: 0.2077 - accuracy: 0.9037 - precision: 0.8885 - recall: 0.9126
136/352 [==========>...................] - ETA: 11s - loss: 0.2076 - accuracy: 0.9035 - precision: 0.8876 - recall: 0.9133
137/352 [==========>...................] - ETA: 11s - loss: 0.2064 - accuracy: 0.9042 - precision: 0.8883 - recall: 0.9138
139/352 [==========>...................] - ETA: 11s - loss: 0.2090 - accuracy: 0.9038 - precision: 0.8862 - recall: 0.9148
140/352 [==========>...................] - ETA: 11s - loss: 0.2091 - accuracy: 0.9036 - precision: 0.8869 - recall: 0.9135
142/352 [===========>..................] - ETA: 11s - loss: 0.2086 - accuracy: 0.9049 - precision: 0.8887 - recall: 0.9150
143/352 [===========>..................] - ETA: 10s - loss: 0.2084 - accuracy: 0.9047 - precision: 0.8891 - recall: 0.9136
144/352 [===========>..................] - ETA: 10s - loss: 0.2092 - accuracy: 0.9036 - precision: 0.8895 - recall: 0.9106
145/352 [===========>..................] - ETA: 10s - loss: 0.2107 - accuracy: 0.9026 - precision: 0.8881 - recall: 0.9091
146/352 [===========>..................] - ETA: 10s - loss: 0.2107 - accuracy: 0.9033 - precision: 0.8891 - recall: 0.9099
148/352 [===========>..................] - ETA: 10s - loss: 0.2099 - accuracy: 0.9037 - precision: 0.8891 - recall: 0.9112
149/352 [===========>..................] - ETA: 10s - loss: 0.2092 - accuracy: 0.9044 - precision: 0.8902 - recall: 0.9121
151/352 [===========>..................] - ETA: 10s - loss: 0.2086 - accuracy: 0.9048 - precision: 0.8915 - recall: 0.9116
152/352 [===========>..................] - ETA: 10s - loss: 0.2074 - accuracy: 0.9054 - precision: 0.8923 - recall: 0.9122
153/352 [============>.................] - ETA: 10s - loss: 0.2095 - accuracy: 0.9052 - precision: 0.8913 - recall: 0.9127
154/352 [============>.................] - ETA: 10s - loss: 0.2128 - accuracy: 0.9042 - precision: 0.8902 - recall: 0.9114
156/352 [============>.................] - ETA: 10s - loss: 0.2137 - accuracy: 0.9038 - precision: 0.8887 - recall: 0.9126
157/352 [============>.................] - ETA: 10s - loss: 0.2136 - accuracy: 0.9037 - precision: 0.8878 - recall: 0.9130
159/352 [============>.................] - ETA: 10s - loss: 0.2121 - accuracy: 0.9049 - precision: 0.8889 - recall: 0.9139
161/352 [============>.................] - ETA: 9s - loss: 0.2118 - accuracy: 0.9053 - precision: 0.8882 - recall: 0.9145 
163/352 [============>.................] - ETA: 9s - loss: 0.2113 - accuracy: 0.9049 - precision: 0.8894 - recall: 0.9125
165/352 [=============>................] - ETA: 9s - loss: 0.2132 - accuracy: 0.9030 - precision: 0.8889 - recall: 0.9088
167/352 [=============>................] - ETA: 9s - loss: 0.2121 - accuracy: 0.9034 - precision: 0.8901 - recall: 0.9084
169/352 [=============>................] - ETA: 9s - loss: 0.2145 - accuracy: 0.9024 - precision: 0.8896 - recall: 0.9062
171/352 [=============>................] - ETA: 9s - loss: 0.2143 - accuracy: 0.9028 - precision: 0.8896 - recall: 0.9074
173/352 [=============>................] - ETA: 9s - loss: 0.2139 - accuracy: 0.9032 - precision: 0.8894 - recall: 0.9084
174/352 [=============>................] - ETA: 9s - loss: 0.2142 - accuracy: 0.9023 - precision: 0.8894 - recall: 0.9056
175/352 [=============>................] - ETA: 9s - loss: 0.2154 - accuracy: 0.9014 - precision: 0.8874 - recall: 0.9062
177/352 [==============>...............] - ETA: 9s - loss: 0.2147 - accuracy: 0.9018 - precision: 0.8878 - recall: 0.9076
179/352 [==============>...............] - ETA: 8s - loss: 0.2141 - accuracy: 0.9022 - precision: 0.8879 - recall: 0.9088
180/352 [==============>...............] - ETA: 8s - loss: 0.2150 - accuracy: 0.9021 - precision: 0.8875 - recall: 0.9095
182/352 [==============>...............] - ETA: 8s - loss: 0.2139 - accuracy: 0.9025 - precision: 0.8886 - recall: 0.9091
183/352 [==============>...............] - ETA: 8s - loss: 0.2131 - accuracy: 0.9030 - precision: 0.8894 - recall: 0.9097
184/352 [==============>...............] - ETA: 8s - loss: 0.2123 - accuracy: 0.9035 - precision: 0.8898 - recall: 0.9101
186/352 [==============>...............] - ETA: 8s - loss: 0.2129 - accuracy: 0.9026 - precision: 0.8887 - recall: 0.9100
187/352 [==============>...............] - ETA: 8s - loss: 0.2146 - accuracy: 0.9017 - precision: 0.8880 - recall: 0.9091
188/352 [===============>..............] - ETA: 8s - loss: 0.2161 - accuracy: 0.9016 - precision: 0.8872 - recall: 0.9095
189/352 [===============>..............] - ETA: 8s - loss: 0.2166 - accuracy: 0.9015 - precision: 0.8865 - recall: 0.9098
190/352 [===============>..............] - ETA: 8s - loss: 0.2175 - accuracy: 0.9007 - precision: 0.8846 - recall: 0.9102
192/352 [===============>..............] - ETA: 8s - loss: 0.2182 - accuracy: 0.8997 - precision: 0.8845 - recall: 0.9086
193/352 [===============>..............] - ETA: 8s - loss: 0.2176 - accuracy: 0.9003 - precision: 0.8854 - recall: 0.9093
194/352 [===============>..............] - ETA: 8s - loss: 0.2165 - accuracy: 0.9008 - precision: 0.8860 - recall: 0.9098
196/352 [===============>..............] - ETA: 8s - loss: 0.2160 - accuracy: 0.9018 - precision: 0.8867 - recall: 0.9104
198/352 [===============>..............] - ETA: 7s - loss: 0.2149 - accuracy: 0.9028 - precision: 0.8880 - recall: 0.9115
199/352 [===============>..............] - ETA: 7s - loss: 0.2147 - accuracy: 0.9033 - precision: 0.8885 - recall: 0.9118
200/352 [================>.............] - ETA: 7s - loss: 0.2160 - accuracy: 0.9031 - precision: 0.8882 - recall: 0.9125
202/352 [================>.............] - ETA: 7s - loss: 0.2163 - accuracy: 0.9028 - precision: 0.8869 - recall: 0.9133
204/352 [================>.............] - ETA: 7s - loss: 0.2165 - accuracy: 0.9032 - precision: 0.8870 - recall: 0.9142
205/352 [================>.............] - ETA: 7s - loss: 0.2185 - accuracy: 0.9024 - precision: 0.8863 - recall: 0.9134
206/352 [================>.............] - ETA: 7s - loss: 0.2184 - accuracy: 0.9023 - precision: 0.8867 - recall: 0.9125
207/352 [================>.............] - ETA: 7s - loss: 0.2190 - accuracy: 0.9016 - precision: 0.8856 - recall: 0.9114
208/352 [================>.............] - ETA: 7s - loss: 0.2193 - accuracy: 0.9014 - precision: 0.8849 - recall: 0.9117
209/352 [================>.............] - ETA: 7s - loss: 0.2203 - accuracy: 0.9007 - precision: 0.8854 - recall: 0.9098
211/352 [================>.............] - ETA: 7s - loss: 0.2204 - accuracy: 0.8999 - precision: 0.8851 - recall: 0.9082
213/352 [=================>............] - ETA: 7s - loss: 0.2202 - accuracy: 0.9002 - precision: 0.8864 - recall: 0.9081
214/352 [=================>............] - ETA: 7s - loss: 0.2192 - accuracy: 0.9007 - precision: 0.8869 - recall: 0.9085
216/352 [=================>............] - ETA: 7s - loss: 0.2195 - accuracy: 0.9005 - precision: 0.8868 - recall: 0.9082
218/352 [=================>............] - ETA: 6s - loss: 0.2208 - accuracy: 0.8997 - precision: 0.8864 - recall: 0.9066
220/352 [=================>............] - ETA: 6s - loss: 0.2206 - accuracy: 0.9000 - precision: 0.8877 - recall: 0.9066
221/352 [=================>............] - ETA: 6s - loss: 0.2218 - accuracy: 0.8993 - precision: 0.8861 - recall: 0.9069
223/352 [==================>...........] - ETA: 6s - loss: 0.2214 - accuracy: 0.8997 - precision: 0.8870 - recall: 0.9067
224/352 [==================>...........] - ETA: 6s - loss: 0.2209 - accuracy: 0.9001 - precision: 0.8875 - recall: 0.9071
225/352 [==================>...........] - ETA: 6s - loss: 0.2207 - accuracy: 0.9000 - precision: 0.8867 - recall: 0.9073
226/352 [==================>...........] - ETA: 6s - loss: 0.2211 - accuracy: 0.8999 - precision: 0.8861 - recall: 0.9076
227/352 [==================>...........] - ETA: 6s - loss: 0.2207 - accuracy: 0.9003 - precision: 0.8866 - recall: 0.9080
229/352 [==================>...........] - ETA: 6s - loss: 0.2194 - accuracy: 0.9012 - precision: 0.8874 - recall: 0.9087
231/352 [==================>...........] - ETA: 6s - loss: 0.2196 - accuracy: 0.9010 - precision: 0.8873 - recall: 0.9084
232/352 [==================>...........] - ETA: 6s - loss: 0.2193 - accuracy: 0.9009 - precision: 0.8867 - recall: 0.9087
233/352 [==================>...........] - ETA: 6s - loss: 0.2190 - accuracy: 0.9013 - precision: 0.8872 - recall: 0.9091
234/352 [==================>...........] - ETA: 6s - loss: 0.2207 - accuracy: 0.9001 - precision: 0.8867 - recall: 0.9075
236/352 [===================>..........] - ETA: 6s - loss: 0.2200 - accuracy: 0.9004 - precision: 0.8876 - recall: 0.9072
237/352 [===================>..........] - ETA: 5s - loss: 0.2201 - accuracy: 0.9003 - precision: 0.8870 - recall: 0.9075
238/352 [===================>..........] - ETA: 5s - loss: 0.2192 - accuracy: 0.9007 - precision: 0.8873 - recall: 0.9078
239/352 [===================>..........] - ETA: 5s - loss: 0.2184 - accuracy: 0.9012 - precision: 0.8878 - recall: 0.9082
240/352 [===================>..........] - ETA: 5s - loss: 0.2195 - accuracy: 0.9000 - precision: 0.8860 - recall: 0.9073
241/352 [===================>..........] - ETA: 5s - loss: 0.2197 - accuracy: 0.8994 - precision: 0.8855 - recall: 0.9066
242/352 [===================>..........] - ETA: 5s - loss: 0.2189 - accuracy: 0.8998 - precision: 0.8860 - recall: 0.9070
243/352 [===================>..........] - ETA: 5s - loss: 0.2188 - accuracy: 0.9002 - precision: 0.8864 - recall: 0.9074
244/352 [===================>..........] - ETA: 5s - loss: 0.2198 - accuracy: 0.8996 - precision: 0.8861 - recall: 0.9070
245/352 [===================>..........] - ETA: 5s - loss: 0.2191 - accuracy: 0.9000 - precision: 0.8866 - recall: 0.9073
246/352 [===================>..........] - ETA: 5s - loss: 0.2189 - accuracy: 0.8999 - precision: 0.8868 - recall: 0.9066
247/352 [====================>.........] - ETA: 5s - loss: 0.2182 - accuracy: 0.9003 - precision: 0.8876 - recall: 0.9073
248/352 [====================>.........] - ETA: 5s - loss: 0.2177 - accuracy: 0.9007 - precision: 0.8882 - recall: 0.9078
250/352 [====================>.........] - ETA: 5s - loss: 0.2185 - accuracy: 0.9010 - precision: 0.8882 - recall: 0.9085
251/352 [====================>.........] - ETA: 5s - loss: 0.2187 - accuracy: 0.9009 - precision: 0.8877 - recall: 0.9088
252/352 [====================>.........] - ETA: 5s - loss: 0.2185 - accuracy: 0.9008 - precision: 0.8882 - recall: 0.9083
253/352 [====================>.........] - ETA: 5s - loss: 0.2193 - accuracy: 0.9007 - precision: 0.8879 - recall: 0.9088
254/352 [====================>.........] - ETA: 5s - loss: 0.2198 - accuracy: 0.9006 - precision: 0.8876 - recall: 0.9093
256/352 [====================>.........] - ETA: 4s - loss: 0.2198 - accuracy: 0.8999 - precision: 0.8872 - recall: 0.9079
257/352 [====================>.........] - ETA: 4s - loss: 0.2196 - accuracy: 0.9003 - precision: 0.8878 - recall: 0.9084
258/352 [====================>.........] - ETA: 4s - loss: 0.2195 - accuracy: 0.9002 - precision: 0.8882 - recall: 0.9078
259/352 [=====================>........] - ETA: 4s - loss: 0.2210 - accuracy: 0.8996 - precision: 0.8868 - recall: 0.9081
260/352 [=====================>........] - ETA: 4s - loss: 0.2206 - accuracy: 0.9000 - precision: 0.8873 - recall: 0.9085
261/352 [=====================>........] - ETA: 4s - loss: 0.2202 - accuracy: 0.9004 - precision: 0.8877 - recall: 0.9088
263/352 [=====================>........] - ETA: 4s - loss: 0.2213 - accuracy: 0.9002 - precision: 0.8868 - recall: 0.9094
264/352 [=====================>........] - ETA: 4s - loss: 0.2211 - accuracy: 0.9006 - precision: 0.8871 - recall: 0.9097
265/352 [=====================>........] - ETA: 4s - loss: 0.2212 - accuracy: 0.9000 - precision: 0.8876 - recall: 0.9084
266/352 [=====================>........] - ETA: 4s - loss: 0.2210 - accuracy: 0.8999 - precision: 0.8871 - recall: 0.9086
267/352 [=====================>........] - ETA: 4s - loss: 0.2205 - accuracy: 0.9003 - precision: 0.8877 - recall: 0.9092
269/352 [=====================>........] - ETA: 4s - loss: 0.2204 - accuracy: 0.9003 - precision: 0.8885 - recall: 0.9089
271/352 [======================>.......] - ETA: 4s - loss: 0.2209 - accuracy: 0.9001 - precision: 0.8884 - recall: 0.9087
272/352 [======================>.......] - ETA: 4s - loss: 0.2202 - accuracy: 0.9005 - precision: 0.8890 - recall: 0.9092
273/352 [======================>.......] - ETA: 4s - loss: 0.2207 - accuracy: 0.9004 - precision: 0.8895 - recall: 0.9087
275/352 [======================>.......] - ETA: 4s - loss: 0.2209 - accuracy: 0.9002 - precision: 0.8895 - recall: 0.9086
276/352 [======================>.......] - ETA: 3s - loss: 0.2202 - accuracy: 0.9005 - precision: 0.8899 - recall: 0.9089
277/352 [======================>.......] - ETA: 3s - loss: 0.2206 - accuracy: 0.9005 - precision: 0.8903 - recall: 0.9084
278/352 [======================>.......] - ETA: 3s - loss: 0.2209 - accuracy: 0.9004 - precision: 0.8898 - recall: 0.9087
279/352 [======================>.......] - ETA: 3s - loss: 0.2210 - accuracy: 0.9003 - precision: 0.8893 - recall: 0.9089
280/352 [======================>.......] - ETA: 3s - loss: 0.2215 - accuracy: 0.9002 - precision: 0.8889 - recall: 0.9093
281/352 [======================>.......] - ETA: 3s - loss: 0.2220 - accuracy: 0.9001 - precision: 0.8885 - recall: 0.9096
282/352 [=======================>......] - ETA: 3s - loss: 0.2215 - accuracy: 0.9004 - precision: 0.8888 - recall: 0.9098
283/352 [=======================>......] - ETA: 3s - loss: 0.2223 - accuracy: 0.9004 - precision: 0.8883 - recall: 0.9101
284/352 [=======================>......] - ETA: 3s - loss: 0.2222 - accuracy: 0.9003 - precision: 0.8881 - recall: 0.9106
285/352 [=======================>......] - ETA: 3s - loss: 0.2226 - accuracy: 0.9002 - precision: 0.8877 - recall: 0.9109
286/352 [=======================>......] - ETA: 3s - loss: 0.2227 - accuracy: 0.8996 - precision: 0.8873 - recall: 0.9104
287/352 [=======================>......] - ETA: 3s - loss: 0.2229 - accuracy: 0.8996 - precision: 0.8870 - recall: 0.9107
288/352 [=======================>......] - ETA: 3s - loss: 0.2222 - accuracy: 0.8999 - precision: 0.8873 - recall: 0.9110
289/352 [=======================>......] - ETA: 3s - loss: 0.2221 - accuracy: 0.8998 - precision: 0.8879 - recall: 0.9107
290/352 [=======================>......] - ETA: 3s - loss: 0.2223 - accuracy: 0.8997 - precision: 0.8875 - recall: 0.9109
291/352 [=======================>......] - ETA: 3s - loss: 0.2224 - accuracy: 0.8992 - precision: 0.8871 - recall: 0.9104
292/352 [=======================>......] - ETA: 3s - loss: 0.2230 - accuracy: 0.8987 - precision: 0.8859 - recall: 0.9107
293/352 [=======================>......] - ETA: 3s - loss: 0.2229 - accuracy: 0.8991 - precision: 0.8862 - recall: 0.9109
294/352 [========================>.....] - ETA: 3s - loss: 0.2226 - accuracy: 0.8990 - precision: 0.8865 - recall: 0.9104
295/352 [========================>.....] - ETA: 3s - loss: 0.2221 - accuracy: 0.8993 - precision: 0.8870 - recall: 0.9108
296/352 [========================>.....] - ETA: 2s - loss: 0.2221 - accuracy: 0.8992 - precision: 0.8874 - recall: 0.9103
297/352 [========================>.....] - ETA: 2s - loss: 0.2220 - accuracy: 0.8992 - precision: 0.8869 - recall: 0.9106
298/352 [========================>.....] - ETA: 2s - loss: 0.2219 - accuracy: 0.8991 - precision: 0.8872 - recall: 0.9100
299/352 [========================>.....] - ETA: 2s - loss: 0.2224 - accuracy: 0.8990 - precision: 0.8869 - recall: 0.9104
300/352 [========================>.....] - ETA: 2s - loss: 0.2218 - accuracy: 0.8993 - precision: 0.8875 - recall: 0.9109
301/352 [========================>.....] - ETA: 2s - loss: 0.2214 - accuracy: 0.8997 - precision: 0.8880 - recall: 0.9112
302/352 [========================>.....] - ETA: 2s - loss: 0.2214 - accuracy: 0.8996 - precision: 0.8875 - recall: 0.9115
303/352 [========================>.....] - ETA: 2s - loss: 0.2207 - accuracy: 0.8999 - precision: 0.8878 - recall: 0.9117
304/352 [========================>.....] - ETA: 2s - loss: 0.2214 - accuracy: 0.8994 - precision: 0.8869 - recall: 0.9121
305/352 [========================>.....] - ETA: 2s - loss: 0.2211 - accuracy: 0.8998 - precision: 0.8874 - recall: 0.9125
306/352 [=========================>....] - ETA: 2s - loss: 0.2204 - accuracy: 0.9001 - precision: 0.8877 - recall: 0.9128
307/352 [=========================>....] - ETA: 2s - loss: 0.2200 - accuracy: 0.9004 - precision: 0.8881 - recall: 0.9131
308/352 [=========================>....] - ETA: 2s - loss: 0.2197 - accuracy: 0.9007 - precision: 0.8886 - recall: 0.9135
309/352 [=========================>....] - ETA: 2s - loss: 0.2195 - accuracy: 0.9011 - precision: 0.8890 - recall: 0.9138
310/352 [=========================>....] - ETA: 2s - loss: 0.2203 - accuracy: 0.9006 - precision: 0.8878 - recall: 0.9140
311/352 [=========================>....] - ETA: 2s - loss: 0.2198 - accuracy: 0.9009 - precision: 0.8882 - recall: 0.9143
312/352 [=========================>....] - ETA: 2s - loss: 0.2192 - accuracy: 0.9012 - precision: 0.8886 - recall: 0.9146
313/352 [=========================>....] - ETA: 2s - loss: 0.2190 - accuracy: 0.9011 - precision: 0.8883 - recall: 0.9149
314/352 [=========================>....] - ETA: 2s - loss: 0.2193 - accuracy: 0.9010 - precision: 0.8884 - recall: 0.9142
315/352 [=========================>....] - ETA: 1s - loss: 0.2191 - accuracy: 0.9014 - precision: 0.8885 - recall: 0.9144
316/352 [=========================>....] - ETA: 1s - loss: 0.2194 - accuracy: 0.9013 - precision: 0.8883 - recall: 0.9147
317/352 [==========================>...] - ETA: 1s - loss: 0.2194 - accuracy: 0.9012 - precision: 0.8886 - recall: 0.9143
318/352 [==========================>...] - ETA: 1s - loss: 0.2199 - accuracy: 0.9007 - precision: 0.8887 - recall: 0.9129
319/352 [==========================>...] - ETA: 1s - loss: 0.2210 - accuracy: 0.8998 - precision: 0.8880 - recall: 0.9114
320/352 [==========================>...] - ETA: 1s - loss: 0.2223 - accuracy: 0.8994 - precision: 0.8877 - recall: 0.9110
321/352 [==========================>...] - ETA: 1s - loss: 0.2222 - accuracy: 0.8997 - precision: 0.8882 - recall: 0.9114
322/352 [==========================>...] - ETA: 1s - loss: 0.2216 - accuracy: 0.9000 - precision: 0.8885 - recall: 0.9116
323/352 [==========================>...] - ETA: 1s - loss: 0.2212 - accuracy: 0.9003 - precision: 0.8887 - recall: 0.9118
324/352 [==========================>...] - ETA: 1s - loss: 0.2211 - accuracy: 0.9002 - precision: 0.8891 - recall: 0.9114
325/352 [==========================>...] - ETA: 1s - loss: 0.2208 - accuracy: 0.9002 - precision: 0.8889 - recall: 0.9118
326/352 [==========================>...] - ETA: 1s - loss: 0.2206 - accuracy: 0.9005 - precision: 0.8895 - recall: 0.9123
327/352 [==========================>...] - ETA: 1s - loss: 0.2211 - accuracy: 0.9004 - precision: 0.8891 - recall: 0.9125
328/352 [==========================>...] - ETA: 1s - loss: 0.2205 - accuracy: 0.9007 - precision: 0.8892 - recall: 0.9126
329/352 [===========================>..] - ETA: 1s - loss: 0.2200 - accuracy: 0.9010 - precision: 0.8893 - recall: 0.9127
330/352 [===========================>..] - ETA: 1s - loss: 0.2195 - accuracy: 0.9013 - precision: 0.8898 - recall: 0.9131
331/352 [===========================>..] - ETA: 1s - loss: 0.2189 - accuracy: 0.9016 - precision: 0.8902 - recall: 0.9134
332/352 [===========================>..] - ETA: 1s - loss: 0.2195 - accuracy: 0.9015 - precision: 0.8899 - recall: 0.9137
333/352 [===========================>..] - ETA: 1s - loss: 0.2198 - accuracy: 0.9011 - precision: 0.8894 - recall: 0.9131
334/352 [===========================>..] - ETA: 1s - loss: 0.2198 - accuracy: 0.9010 - precision: 0.8890 - recall: 0.9133
335/352 [===========================>..] - ETA: 0s - loss: 0.2195 - accuracy: 0.9009 - precision: 0.8885 - recall: 0.9134
336/352 [===========================>..] - ETA: 0s - loss: 0.2195 - accuracy: 0.9008 - precision: 0.8882 - recall: 0.9137
337/352 [===========================>..] - ETA: 0s - loss: 0.2191 - accuracy: 0.9011 - precision: 0.8885 - recall: 0.9140
338/352 [===========================>..] - ETA: 0s - loss: 0.2188 - accuracy: 0.9014 - precision: 0.8887 - recall: 0.9142
339/352 [===========================>..] - ETA: 0s - loss: 0.2185 - accuracy: 0.9013 - precision: 0.8882 - recall: 0.9143
340/352 [===========================>..] - ETA: 0s - loss: 0.2182 - accuracy: 0.9016 - precision: 0.8888 - recall: 0.9147
341/352 [============================>.] - ETA: 0s - loss: 0.2180 - accuracy: 0.9019 - precision: 0.8891 - recall: 0.9149
342/352 [============================>.] - ETA: 0s - loss: 0.2178 - accuracy: 0.9022 - precision: 0.8894 - recall: 0.9152
343/352 [============================>.] - ETA: 0s - loss: 0.2175 - accuracy: 0.9021 - precision: 0.8896 - recall: 0.9147
344/352 [============================>.] - ETA: 0s - loss: 0.2190 - accuracy: 0.9017 - precision: 0.8898 - recall: 0.9135
345/352 [============================>.] - ETA: 0s - loss: 0.2192 - accuracy: 0.9016 - precision: 0.8902 - recall: 0.9131
346/352 [============================>.] - ETA: 0s - loss: 0.2191 - accuracy: 0.9019 - precision: 0.8906 - recall: 0.9134
347/352 [============================>.] - ETA: 0s - loss: 0.2193 - accuracy: 0.9018 - precision: 0.8908 - recall: 0.9129
348/352 [============================>.] - ETA: 0s - loss: 0.2188 - accuracy: 0.9021 - precision: 0.8910 - recall: 0.9131
349/352 [============================>.] - ETA: 0s - loss: 0.2185 - accuracy: 0.9024 - precision: 0.8914 - recall: 0.9135
350/352 [============================>.] - ETA: 0s - loss: 0.2179 - accuracy: 0.9026 - precision: 0.8918 - recall: 0.9138
351/352 [============================>.] - ETA: 0s - loss: 0.2176 - accuracy: 0.9029 - precision: 0.8919 - recall: 0.9139
352/352 [==============================] - ETA: 0s - loss: 0.2170 - accuracy: 0.9032 - precision: 0.8923 - recall: 0.9141
Epoch 5: saving model to C:\SIRCH_ENV\models\revision\exp13_grouped_retraining\gru_augmented_grouped\checkpoints\gru_augmented_grouped_epoch_005.weights.h5

Epoch 5: val_loss did not improve from 0.30821

352/352 [==============================] - 22s 63ms/step - loss: 0.2170 - accuracy: 0.9032 - precision: 0.8923 - recall: 0.9141 - val_loss: 0.3852 - val_accuracy: 0.8325 - val_precision: 0.8147 - val_recall: 0.8586 - lr: 1.0000e-04
Epoch 6/30

  1/352 [..............................] - ETA: 31s - loss: 0.5138 - accuracy: 0.7500 - precision: 0.6000 - recall: 1.0000
  2/352 [..............................] - ETA: 18s - loss: 0.3269 - accuracy: 0.8750 - precision: 0.6667 - recall: 1.0000
  3/352 [..............................] - ETA: 18s - loss: 0.3900 - accuracy: 0.8333 - precision: 0.6364 - recall: 1.0000
  5/352 [..............................] - ETA: 18s - loss: 0.2956 - accuracy: 0.8750 - precision: 0.7059 - recall: 1.0000
  7/352 [..............................] - ETA: 17s - loss: 0.2790 - accuracy: 0.8750 - precision: 0.7500 - recall: 1.0000
  8/352 [..............................] - ETA: 17s - loss: 0.2506 - accuracy: 0.8906 - precision: 0.7941 - recall: 1.0000
  9/352 [..............................] - ETA: 17s - loss: 0.2300 - accuracy: 0.9028 - precision: 0.8250 - recall: 1.0000
 10/352 [..............................] - ETA: 17s - loss: 0.2359 - accuracy: 0.9000 - precision: 0.8298 - recall: 1.0000
 11/352 [..............................] - ETA: 18s - loss: 0.2554 - accuracy: 0.8977 - precision: 0.8269 - recall: 1.0000
 12/352 [>.............................] - ETA: 18s - loss: 0.2403 - accuracy: 0.9062 - precision: 0.8364 - recall: 1.0000
 14/352 [>.............................] - ETA: 18s - loss: 0.2454 - accuracy: 0.9018 - precision: 0.8254 - recall: 1.0000
 16/352 [>.............................] - ETA: 17s - loss: 0.2387 - accuracy: 0.9016 - precision: 0.8261 - recall: 1.0000
 17/352 [>.............................] - ETA: 18s - loss: 0.2271 - accuracy: 0.9077 - precision: 0.8378 - recall: 1.0000
 18/352 [>.............................] - ETA: 18s - loss: 0.2149 - accuracy: 0.9130 - precision: 0.8500 - recall: 1.0000
 19/352 [>.............................] - ETA: 19s - loss: 0.2107 - accuracy: 0.9110 - precision: 0.8471 - recall: 1.0000
 20/352 [>.............................] - ETA: 19s - loss: 0.2166 - accuracy: 0.9091 - precision: 0.8427 - recall: 1.0000
 21/352 [>.............................] - ETA: 19s - loss: 0.2126 - accuracy: 0.9074 - precision: 0.8462 - recall: 0.9872
 23/352 [>.............................] - ETA: 19s - loss: 0.1974 - accuracy: 0.9157 - precision: 0.8557 - recall: 0.9881
 24/352 [=>............................] - ETA: 19s - loss: 0.1945 - accuracy: 0.9194 - precision: 0.8586 - recall: 0.9884
 26/352 [=>............................] - ETA: 18s - loss: 0.1923 - accuracy: 0.9208 - precision: 0.8611 - recall: 0.9894
 28/352 [=>............................] - ETA: 18s - loss: 0.1856 - accuracy: 0.9220 - precision: 0.8684 - recall: 0.9802
 29/352 [=>............................] - ETA: 18s - loss: 0.1860 - accuracy: 0.9204 - precision: 0.8667 - recall: 0.9811
 31/352 [=>............................] - ETA: 18s - loss: 0.1838 - accuracy: 0.9174 - precision: 0.8651 - recall: 0.9732
 32/352 [=>............................] - ETA: 18s - loss: 0.1801 - accuracy: 0.9200 - precision: 0.8692 - recall: 0.9741
 34/352 [=>............................] - ETA: 18s - loss: 0.1782 - accuracy: 0.9211 - precision: 0.8759 - recall: 0.9677
 35/352 [=>............................] - ETA: 18s - loss: 0.1775 - accuracy: 0.9234 - precision: 0.8768 - recall: 0.9680
 36/352 [==>...........................] - ETA: 17s - loss: 0.1763 - accuracy: 0.9220 - precision: 0.8811 - recall: 0.9618
 37/352 [==>...........................] - ETA: 17s - loss: 0.1724 - accuracy: 0.9241 - precision: 0.8851 - recall: 0.9632
 39/352 [==>...........................] - ETA: 17s - loss: 0.1659 - accuracy: 0.9281 - precision: 0.8910 - recall: 0.9653
 40/352 [==>...........................] - ETA: 17s - loss: 0.1660 - accuracy: 0.9268 - precision: 0.8924 - recall: 0.9592
 42/352 [==>...........................] - ETA: 17s - loss: 0.1618 - accuracy: 0.9303 - precision: 0.8988 - recall: 0.9618
 44/352 [==>...........................] - ETA: 17s - loss: 0.1582 - accuracy: 0.9306 - precision: 0.8971 - recall: 0.9632
 45/352 [==>...........................] - ETA: 17s - loss: 0.1564 - accuracy: 0.9322 - precision: 0.9000 - recall: 0.9643
 46/352 [==>...........................] - ETA: 17s - loss: 0.1543 - accuracy: 0.9337 - precision: 0.9027 - recall: 0.9653
 47/352 [===>..........................] - ETA: 17s - loss: 0.1514 - accuracy: 0.9351 - precision: 0.9058 - recall: 0.9665
 48/352 [===>..........................] - ETA: 17s - loss: 0.1574 - accuracy: 0.9339 - precision: 0.9016 - recall: 0.9667
 49/352 [===>..........................] - ETA: 17s - loss: 0.1545 - accuracy: 0.9352 - precision: 0.9045 - recall: 0.9677
 50/352 [===>..........................] - ETA: 17s - loss: 0.1538 - accuracy: 0.9340 - precision: 0.9059 - recall: 0.9632
 52/352 [===>..........................] - ETA: 16s - loss: 0.1503 - accuracy: 0.9366 - precision: 0.9091 - recall: 0.9645
 53/352 [===>..........................] - ETA: 16s - loss: 0.1559 - accuracy: 0.9330 - precision: 0.9019 - recall: 0.9650
 54/352 [===>..........................] - ETA: 16s - loss: 0.1567 - accuracy: 0.9319 - precision: 0.8991 - recall: 0.9655
 55/352 [===>..........................] - ETA: 16s - loss: 0.1562 - accuracy: 0.9332 - precision: 0.9022 - recall: 0.9667
 56/352 [===>..........................] - ETA: 16s - loss: 0.1560 - accuracy: 0.9321 - precision: 0.9043 - recall: 0.9630
 58/352 [===>..........................] - ETA: 16s - loss: 0.1651 - accuracy: 0.9279 - precision: 0.8987 - recall: 0.9595
 60/352 [====>.........................] - ETA: 16s - loss: 0.1658 - accuracy: 0.9262 - precision: 0.8984 - recall: 0.9567
 62/352 [====>.........................] - ETA: 16s - loss: 0.1638 - accuracy: 0.9286 - precision: 0.9012 - recall: 0.9580
 64/352 [====>.........................] - ETA: 15s - loss: 0.1674 - accuracy: 0.9269 - precision: 0.9008 - recall: 0.9555
 66/352 [====>.........................] - ETA: 15s - loss: 0.1663 - accuracy: 0.9291 - precision: 0.9037 - recall: 0.9569
 67/352 [====>.........................] - ETA: 15s - loss: 0.1681 - accuracy: 0.9264 - precision: 0.9055 - recall: 0.9504
 69/352 [====>.........................] - ETA: 15s - loss: 0.1667 - accuracy: 0.9267 - precision: 0.9081 - recall: 0.9483
 71/352 [=====>........................] - ETA: 15s - loss: 0.1680 - accuracy: 0.9270 - precision: 0.9107 - recall: 0.9464
 73/352 [=====>........................] - ETA: 15s - loss: 0.1659 - accuracy: 0.9291 - precision: 0.9128 - recall: 0.9477
 74/352 [=====>........................] - ETA: 15s - loss: 0.1672 - accuracy: 0.9283 - precision: 0.9109 - recall: 0.9485
 76/352 [=====>........................] - ETA: 14s - loss: 0.1655 - accuracy: 0.9302 - precision: 0.9140 - recall: 0.9503
 77/352 [=====>........................] - ETA: 14s - loss: 0.1666 - accuracy: 0.9295 - precision: 0.9117 - recall: 0.9507
 79/352 [=====>........................] - ETA: 14s - loss: 0.1637 - accuracy: 0.9313 - precision: 0.9136 - recall: 0.9518
 81/352 [=====>........................] - ETA: 14s - loss: 0.1634 - accuracy: 0.9315 - precision: 0.9157 - recall: 0.9500
 83/352 [======>.......................] - ETA: 14s - loss: 0.1638 - accuracy: 0.9316 - precision: 0.9174 - recall: 0.9482
 84/352 [======>.......................] - ETA: 14s - loss: 0.1640 - accuracy: 0.9324 - precision: 0.9188 - recall: 0.9491
 86/352 [======>.......................] - ETA: 14s - loss: 0.1673 - accuracy: 0.9326 - precision: 0.9178 - recall: 0.9501
 87/352 [======>.......................] - ETA: 14s - loss: 0.1688 - accuracy: 0.9319 - precision: 0.9162 - recall: 0.9507
 89/352 [======>.......................] - ETA: 14s - loss: 0.1701 - accuracy: 0.9292 - precision: 0.9151 - recall: 0.9462
 91/352 [======>.......................] - ETA: 13s - loss: 0.1709 - accuracy: 0.9266 - precision: 0.9111 - recall: 0.9441
 93/352 [======>.......................] - ETA: 13s - loss: 0.1697 - accuracy: 0.9268 - precision: 0.9108 - recall: 0.9455
 95/352 [=======>......................] - ETA: 13s - loss: 0.1671 - accuracy: 0.9284 - precision: 0.9128 - recall: 0.9468
 96/352 [=======>......................] - ETA: 13s - loss: 0.1656 - accuracy: 0.9291 - precision: 0.9133 - recall: 0.9471
 98/352 [=======>......................] - ETA: 13s - loss: 0.1643 - accuracy: 0.9306 - precision: 0.9152 - recall: 0.9483
100/352 [=======>......................] - ETA: 13s - loss: 0.1660 - accuracy: 0.9295 - precision: 0.9126 - recall: 0.9495
102/352 [=======>......................] - ETA: 13s - loss: 0.1637 - accuracy: 0.9309 - precision: 0.9145 - recall: 0.9506
104/352 [=======>......................] - ETA: 13s - loss: 0.1629 - accuracy: 0.9310 - precision: 0.9169 - recall: 0.9498
106/352 [========>.....................] - ETA: 12s - loss: 0.1666 - accuracy: 0.9287 - precision: 0.9138 - recall: 0.9482
107/352 [========>.....................] - ETA: 12s - loss: 0.1719 - accuracy: 0.9271 - precision: 0.9142 - recall: 0.9441
108/352 [========>.....................] - ETA: 12s - loss: 0.1715 - accuracy: 0.9266 - precision: 0.9148 - recall: 0.9423
109/352 [========>.....................] - ETA: 12s - loss: 0.1700 - accuracy: 0.9273 - precision: 0.9156 - recall: 0.9428
110/352 [========>.....................] - ETA: 12s - loss: 0.1732 - accuracy: 0.9256 - precision: 0.9121 - recall: 0.9432
111/352 [========>.....................] - ETA: 12s - loss: 0.1719 - accuracy: 0.9263 - precision: 0.9127 - recall: 0.9436
112/352 [========>.....................] - ETA: 12s - loss: 0.1706 - accuracy: 0.9270 - precision: 0.9134 - recall: 0.9441
113/352 [========>.....................] - ETA: 12s - loss: 0.1710 - accuracy: 0.9265 - precision: 0.9118 - recall: 0.9443
114/352 [========>.....................] - ETA: 12s - loss: 0.1728 - accuracy: 0.9260 - precision: 0.9104 - recall: 0.9447
115/352 [========>.....................] - ETA: 12s - loss: 0.1765 - accuracy: 0.9245 - precision: 0.9074 - recall: 0.9452
116/352 [========>.....................] - ETA: 12s - loss: 0.1754 - accuracy: 0.9252 - precision: 0.9083 - recall: 0.9458
117/352 [========>.....................] - ETA: 12s - loss: 0.1748 - accuracy: 0.9247 - precision: 0.9093 - recall: 0.9443
118/352 [=========>....................] - ETA: 12s - loss: 0.1736 - accuracy: 0.9254 - precision: 0.9100 - recall: 0.9448
119/352 [=========>....................] - ETA: 12s - loss: 0.1726 - accuracy: 0.9260 - precision: 0.9109 - recall: 0.9454
121/352 [=========>....................] - ETA: 12s - loss: 0.1720 - accuracy: 0.9252 - precision: 0.9098 - recall: 0.9439
123/352 [=========>....................] - ETA: 12s - loss: 0.1705 - accuracy: 0.9254 - precision: 0.9087 - recall: 0.9443
125/352 [=========>....................] - ETA: 12s - loss: 0.1706 - accuracy: 0.9245 - precision: 0.9084 - recall: 0.9433
127/352 [=========>....................] - ETA: 11s - loss: 0.1710 - accuracy: 0.9228 - precision: 0.9077 - recall: 0.9402
129/352 [=========>....................] - ETA: 11s - loss: 0.1698 - accuracy: 0.9240 - precision: 0.9094 - recall: 0.9414
131/352 [==========>...................] - ETA: 11s - loss: 0.1726 - accuracy: 0.9232 - precision: 0.9106 - recall: 0.9386
132/352 [==========>...................] - ETA: 11s - loss: 0.1731 - accuracy: 0.9229 - precision: 0.9094 - recall: 0.9389
134/352 [==========>...................] - ETA: 11s - loss: 0.1783 - accuracy: 0.9212 - precision: 0.9089 - recall: 0.9362
136/352 [==========>...................] - ETA: 11s - loss: 0.1793 - accuracy: 0.9205 - precision: 0.9089 - recall: 0.9357
138/352 [==========>...................] - ETA: 11s - loss: 0.1776 - accuracy: 0.9217 - precision: 0.9107 - recall: 0.9369
140/352 [==========>...................] - ETA: 11s - loss: 0.1782 - accuracy: 0.9219 - precision: 0.9103 - recall: 0.9378
142/352 [===========>..................] - ETA: 10s - loss: 0.1782 - accuracy: 0.9221 - precision: 0.9120 - recall: 0.9374
143/352 [===========>..................] - ETA: 10s - loss: 0.1781 - accuracy: 0.9227 - precision: 0.9129 - recall: 0.9380
144/352 [===========>..................] - ETA: 10s - loss: 0.1774 - accuracy: 0.9232 - precision: 0.9138 - recall: 0.9387
145/352 [===========>..................] - ETA: 10s - loss: 0.1795 - accuracy: 0.9220 - precision: 0.9113 - recall: 0.9391
147/352 [===========>..................] - ETA: 10s - loss: 0.1783 - accuracy: 0.9231 - precision: 0.9126 - recall: 0.9400
148/352 [===========>..................] - ETA: 10s - loss: 0.1773 - accuracy: 0.9236 - precision: 0.9133 - recall: 0.9405
150/352 [===========>..................] - ETA: 10s - loss: 0.1770 - accuracy: 0.9238 - precision: 0.9130 - recall: 0.9413
152/352 [===========>..................] - ETA: 10s - loss: 0.1804 - accuracy: 0.9231 - precision: 0.9111 - recall: 0.9419
153/352 [============>.................] - ETA: 10s - loss: 0.1806 - accuracy: 0.9228 - precision: 0.9104 - recall: 0.9424
155/352 [============>.................] - ETA: 10s - loss: 0.1804 - accuracy: 0.9222 - precision: 0.9101 - recall: 0.9416
157/352 [============>.................] - ETA: 10s - loss: 0.1798 - accuracy: 0.9224 - precision: 0.9098 - recall: 0.9424
159/352 [============>.................] - ETA: 10s - loss: 0.1810 - accuracy: 0.9218 - precision: 0.9092 - recall: 0.9414
161/352 [============>.................] - ETA: 9s - loss: 0.1803 - accuracy: 0.9220 - precision: 0.9098 - recall: 0.9404 
162/352 [============>.................] - ETA: 9s - loss: 0.1807 - accuracy: 0.9217 - precision: 0.9104 - recall: 0.9394
163/352 [============>.................] - ETA: 9s - loss: 0.1817 - accuracy: 0.9206 - precision: 0.9094 - recall: 0.9382
165/352 [=============>................] - ETA: 9s - loss: 0.1812 - accuracy: 0.9201 - precision: 0.9074 - recall: 0.9386
166/352 [=============>................] - ETA: 9s - loss: 0.1802 - accuracy: 0.9206 - precision: 0.9078 - recall: 0.9389
168/352 [=============>................] - ETA: 9s - loss: 0.1815 - accuracy: 0.9193 - precision: 0.9060 - recall: 0.9381
170/352 [=============>................] - ETA: 9s - loss: 0.1809 - accuracy: 0.9195 - precision: 0.9059 - recall: 0.9389
171/352 [=============>................] - ETA: 9s - loss: 0.1810 - accuracy: 0.9192 - precision: 0.9049 - recall: 0.9390
173/352 [=============>................] - ETA: 9s - loss: 0.1804 - accuracy: 0.9194 - precision: 0.9047 - recall: 0.9397
175/352 [=============>................] - ETA: 9s - loss: 0.1817 - accuracy: 0.9189 - precision: 0.9034 - recall: 0.9405
177/352 [==============>...............] - ETA: 9s - loss: 0.1808 - accuracy: 0.9191 - precision: 0.9031 - recall: 0.9411
179/352 [==============>...............] - ETA: 8s - loss: 0.1810 - accuracy: 0.9194 - precision: 0.9025 - recall: 0.9415
181/352 [==============>...............] - ETA: 8s - loss: 0.1820 - accuracy: 0.9189 - precision: 0.9026 - recall: 0.9410
183/352 [==============>...............] - ETA: 8s - loss: 0.1837 - accuracy: 0.9184 - precision: 0.9022 - recall: 0.9402
185/352 [==============>...............] - ETA: 8s - loss: 0.1838 - accuracy: 0.9179 - precision: 0.9012 - recall: 0.9410
187/352 [==============>...............] - ETA: 8s - loss: 0.1823 - accuracy: 0.9188 - precision: 0.9022 - recall: 0.9416
189/352 [===============>..............] - ETA: 8s - loss: 0.1833 - accuracy: 0.9183 - precision: 0.9029 - recall: 0.9396
191/352 [===============>..............] - ETA: 8s - loss: 0.1839 - accuracy: 0.9179 - precision: 0.9025 - recall: 0.9389
192/352 [===============>..............] - ETA: 8s - loss: 0.1835 - accuracy: 0.9183 - precision: 0.9030 - recall: 0.9392
194/352 [===============>..............] - ETA: 8s - loss: 0.1839 - accuracy: 0.9179 - precision: 0.9022 - recall: 0.9382
196/352 [===============>..............] - ETA: 8s - loss: 0.1828 - accuracy: 0.9181 - precision: 0.9031 - recall: 0.9376
197/352 [===============>..............] - ETA: 7s - loss: 0.1825 - accuracy: 0.9185 - precision: 0.9038 - recall: 0.9381
198/352 [===============>..............] - ETA: 7s - loss: 0.1824 - accuracy: 0.9183 - precision: 0.9041 - recall: 0.9371
199/352 [===============>..............] - ETA: 7s - loss: 0.1866 - accuracy: 0.9168 - precision: 0.9022 - recall: 0.9361
201/352 [================>.............] - ETA: 7s - loss: 0.1863 - accuracy: 0.9164 - precision: 0.9030 - recall: 0.9343
203/352 [================>.............] - ETA: 7s - loss: 0.1857 - accuracy: 0.9166 - precision: 0.9026 - recall: 0.9348
205/352 [================>.............] - ETA: 7s - loss: 0.1847 - accuracy: 0.9174 - precision: 0.9036 - recall: 0.9355
207/352 [================>.............] - ETA: 7s - loss: 0.1867 - accuracy: 0.9164 - precision: 0.9012 - recall: 0.9360
208/352 [================>.............] - ETA: 7s - loss: 0.1880 - accuracy: 0.9156 - precision: 0.9005 - recall: 0.9351
210/352 [================>.............] - ETA: 7s - loss: 0.1891 - accuracy: 0.9146 - precision: 0.8991 - recall: 0.9344
212/352 [=================>............] - ETA: 7s - loss: 0.1879 - accuracy: 0.9154 - precision: 0.9002 - recall: 0.9352
214/352 [=================>............] - ETA: 7s - loss: 0.1892 - accuracy: 0.9156 - precision: 0.9000 - recall: 0.9357
215/352 [=================>............] - ETA: 7s - loss: 0.1885 - accuracy: 0.9160 - precision: 0.9003 - recall: 0.9360
217/352 [=================>............] - ETA: 6s - loss: 0.1907 - accuracy: 0.9150 - precision: 0.9009 - recall: 0.9331
219/352 [=================>............] - ETA: 6s - loss: 0.1895 - accuracy: 0.9158 - precision: 0.9020 - recall: 0.9339
221/352 [=================>............] - ETA: 6s - loss: 0.1883 - accuracy: 0.9166 - precision: 0.9028 - recall: 0.9345
222/352 [=================>............] - ETA: 6s - loss: 0.1886 - accuracy: 0.9169 - precision: 0.9032 - recall: 0.9347
224/352 [==================>...........] - ETA: 6s - loss: 0.1879 - accuracy: 0.9177 - precision: 0.9040 - recall: 0.9353
225/352 [==================>...........] - ETA: 6s - loss: 0.1889 - accuracy: 0.9169 - precision: 0.9023 - recall: 0.9354
226/352 [==================>...........] - ETA: 6s - loss: 0.1889 - accuracy: 0.9168 - precision: 0.9016 - recall: 0.9356
228/352 [==================>...........] - ETA: 6s - loss: 0.1884 - accuracy: 0.9169 - precision: 0.9011 - recall: 0.9359
230/352 [==================>...........] - ETA: 6s - loss: 0.1872 - accuracy: 0.9177 - precision: 0.9016 - recall: 0.9363
232/352 [==================>...........] - ETA: 6s - loss: 0.1860 - accuracy: 0.9184 - precision: 0.9024 - recall: 0.9368
234/352 [==================>...........] - ETA: 6s - loss: 0.1855 - accuracy: 0.9185 - precision: 0.9029 - recall: 0.9361
235/352 [===================>..........] - ETA: 5s - loss: 0.1864 - accuracy: 0.9184 - precision: 0.9023 - recall: 0.9364
236/352 [===================>..........] - ETA: 5s - loss: 0.1860 - accuracy: 0.9187 - precision: 0.9026 - recall: 0.9366
238/352 [===================>..........] - ETA: 5s - loss: 0.1867 - accuracy: 0.9178 - precision: 0.9024 - recall: 0.9350
240/352 [===================>..........] - ETA: 5s - loss: 0.1865 - accuracy: 0.9180 - precision: 0.9032 - recall: 0.9346
241/352 [===================>..........] - ETA: 5s - loss: 0.1868 - accuracy: 0.9178 - precision: 0.9025 - recall: 0.9348
243/352 [===================>..........] - ETA: 5s - loss: 0.1865 - accuracy: 0.9180 - precision: 0.9033 - recall: 0.9344
245/352 [===================>..........] - ETA: 5s - loss: 0.1892 - accuracy: 0.9171 - precision: 0.9033 - recall: 0.9331
246/352 [===================>..........] - ETA: 5s - loss: 0.1894 - accuracy: 0.9169 - precision: 0.9036 - recall: 0.9323
247/352 [====================>.........] - ETA: 5s - loss: 0.1898 - accuracy: 0.9168 - precision: 0.9029 - recall: 0.9324
249/352 [====================>.........] - ETA: 5s - loss: 0.1899 - accuracy: 0.9169 - precision: 0.9027 - recall: 0.9329
251/352 [====================>.........] - ETA: 5s - loss: 0.1904 - accuracy: 0.9166 - precision: 0.9033 - recall: 0.9315
253/352 [====================>.........] - ETA: 5s - loss: 0.1893 - accuracy: 0.9172 - precision: 0.9039 - recall: 0.9319
254/352 [====================>.........] - ETA: 5s - loss: 0.1890 - accuracy: 0.9171 - precision: 0.9032 - recall: 0.9321
255/352 [====================>.........] - ETA: 4s - loss: 0.1884 - accuracy: 0.9174 - precision: 0.9036 - recall: 0.9323
257/352 [====================>.........] - ETA: 4s - loss: 0.1881 - accuracy: 0.9171 - precision: 0.9027 - recall: 0.9329
259/352 [=====================>........] - ETA: 4s - loss: 0.1882 - accuracy: 0.9172 - precision: 0.9024 - recall: 0.9333
260/352 [=====================>........] - ETA: 4s - loss: 0.1892 - accuracy: 0.9166 - precision: 0.9010 - recall: 0.9336
262/352 [=====================>........] - ETA: 4s - loss: 0.1886 - accuracy: 0.9167 - precision: 0.9009 - recall: 0.9341
263/352 [=====================>........] - ETA: 4s - loss: 0.1891 - accuracy: 0.9166 - precision: 0.9005 - recall: 0.9344
265/352 [=====================>........] - ETA: 4s - loss: 0.1888 - accuracy: 0.9167 - precision: 0.9002 - recall: 0.9347
267/352 [=====================>........] - ETA: 4s - loss: 0.1883 - accuracy: 0.9174 - precision: 0.9006 - recall: 0.9351
269/352 [=====================>........] - ETA: 4s - loss: 0.1925 - accuracy: 0.9161 - precision: 0.9004 - recall: 0.9328
270/352 [======================>.......] - ETA: 4s - loss: 0.1926 - accuracy: 0.9160 - precision: 0.9007 - recall: 0.9321
272/352 [======================>.......] - ETA: 4s - loss: 0.1934 - accuracy: 0.9147 - precision: 0.8985 - recall: 0.9314
273/352 [======================>.......] - ETA: 4s - loss: 0.1933 - accuracy: 0.9151 - precision: 0.8990 - recall: 0.9318
275/352 [======================>.......] - ETA: 3s - loss: 0.1922 - accuracy: 0.9157 - precision: 0.8995 - recall: 0.9321
277/352 [======================>.......] - ETA: 3s - loss: 0.1930 - accuracy: 0.9145 - precision: 0.8969 - recall: 0.9325
279/352 [======================>.......] - ETA: 3s - loss: 0.1925 - accuracy: 0.9151 - precision: 0.8977 - recall: 0.9331
280/352 [======================>.......] - ETA: 3s - loss: 0.1920 - accuracy: 0.9154 - precision: 0.8980 - recall: 0.9333
282/352 [=======================>......] - ETA: 3s - loss: 0.1916 - accuracy: 0.9156 - precision: 0.8979 - recall: 0.9338
283/352 [=======================>......] - ETA: 3s - loss: 0.1914 - accuracy: 0.9154 - precision: 0.8982 - recall: 0.9331
285/352 [=======================>......] - ETA: 3s - loss: 0.1907 - accuracy: 0.9160 - precision: 0.8987 - recall: 0.9335
286/352 [=======================>......] - ETA: 3s - loss: 0.1907 - accuracy: 0.9159 - precision: 0.8983 - recall: 0.9337
287/352 [=======================>......] - ETA: 3s - loss: 0.1922 - accuracy: 0.9148 - precision: 0.8977 - recall: 0.9321
289/352 [=======================>......] - ETA: 3s - loss: 0.1920 - accuracy: 0.9146 - precision: 0.8982 - recall: 0.9309
290/352 [=======================>......] - ETA: 3s - loss: 0.1917 - accuracy: 0.9144 - precision: 0.8985 - recall: 0.9302
292/352 [=======================>......] - ETA: 3s - loss: 0.1917 - accuracy: 0.9142 - precision: 0.8986 - recall: 0.9301
293/352 [=======================>......] - ETA: 3s - loss: 0.1915 - accuracy: 0.9140 - precision: 0.8981 - recall: 0.9302
294/352 [========================>.....] - ETA: 2s - loss: 0.1914 - accuracy: 0.9139 - precision: 0.8986 - recall: 0.9297
295/352 [========================>.....] - ETA: 2s - loss: 0.1937 - accuracy: 0.9125 - precision: 0.8965 - recall: 0.9291
296/352 [========================>.....] - ETA: 2s - loss: 0.1933 - accuracy: 0.9128 - precision: 0.8968 - recall: 0.9293
298/352 [========================>.....] - ETA: 2s - loss: 0.1928 - accuracy: 0.9130 - precision: 0.8966 - recall: 0.9297
299/352 [========================>.....] - ETA: 2s - loss: 0.1933 - accuracy: 0.9124 - precision: 0.8969 - recall: 0.9283
300/352 [========================>.....] - ETA: 2s - loss: 0.1934 - accuracy: 0.9123 - precision: 0.8966 - recall: 0.9286
301/352 [========================>.....] - ETA: 2s - loss: 0.1928 - accuracy: 0.9126 - precision: 0.8968 - recall: 0.9288
303/352 [========================>.....] - ETA: 2s - loss: 0.1930 - accuracy: 0.9123 - precision: 0.8966 - recall: 0.9283
305/352 [========================>.....] - ETA: 2s - loss: 0.1938 - accuracy: 0.9121 - precision: 0.8972 - recall: 0.9273
306/352 [=========================>....] - ETA: 2s - loss: 0.1933 - accuracy: 0.9124 - precision: 0.8976 - recall: 0.9275
307/352 [=========================>....] - ETA: 2s - loss: 0.1937 - accuracy: 0.9118 - precision: 0.8969 - recall: 0.9268
308/352 [=========================>....] - ETA: 2s - loss: 0.1932 - accuracy: 0.9121 - precision: 0.8974 - recall: 0.9271
309/352 [=========================>....] - ETA: 2s - loss: 0.1932 - accuracy: 0.9120 - precision: 0.8970 - recall: 0.9273
311/352 [=========================>....] - ETA: 2s - loss: 0.1929 - accuracy: 0.9122 - precision: 0.8969 - recall: 0.9278
312/352 [=========================>....] - ETA: 2s - loss: 0.1927 - accuracy: 0.9120 - precision: 0.8964 - recall: 0.9280
313/352 [=========================>....] - ETA: 1s - loss: 0.1922 - accuracy: 0.9123 - precision: 0.8970 - recall: 0.9284
314/352 [=========================>....] - ETA: 1s - loss: 0.1928 - accuracy: 0.9122 - precision: 0.8973 - recall: 0.9278
316/352 [=========================>....] - ETA: 1s - loss: 0.1932 - accuracy: 0.9124 - precision: 0.8979 - recall: 0.9275
317/352 [==========================>...] - ETA: 1s - loss: 0.1931 - accuracy: 0.9126 - precision: 0.8981 - recall: 0.9277
318/352 [==========================>...] - ETA: 1s - loss: 0.1931 - accuracy: 0.9129 - precision: 0.8985 - recall: 0.9280
320/352 [==========================>...] - ETA: 1s - loss: 0.1929 - accuracy: 0.9127 - precision: 0.8985 - recall: 0.9278
322/352 [==========================>...] - ETA: 1s - loss: 0.1926 - accuracy: 0.9128 - precision: 0.8983 - recall: 0.9281
324/352 [==========================>...] - ETA: 1s - loss: 0.1922 - accuracy: 0.9126 - precision: 0.8981 - recall: 0.9277
326/352 [==========================>...] - ETA: 1s - loss: 0.1916 - accuracy: 0.9128 - precision: 0.8980 - recall: 0.9282
328/352 [==========================>...] - ETA: 1s - loss: 0.1913 - accuracy: 0.9129 - precision: 0.8986 - recall: 0.9279
329/352 [===========================>..] - ETA: 1s - loss: 0.1917 - accuracy: 0.9124 - precision: 0.8975 - recall: 0.9280
330/352 [===========================>..] - ETA: 1s - loss: 0.1914 - accuracy: 0.9127 - precision: 0.8980 - recall: 0.9284
331/352 [===========================>..] - ETA: 1s - loss: 0.1911 - accuracy: 0.9129 - precision: 0.8984 - recall: 0.9287
332/352 [===========================>..] - ETA: 1s - loss: 0.1907 - accuracy: 0.9132 - precision: 0.8984 - recall: 0.9287
334/352 [===========================>..] - ETA: 0s - loss: 0.1901 - accuracy: 0.9134 - precision: 0.8983 - recall: 0.9291
335/352 [===========================>..] - ETA: 0s - loss: 0.1901 - accuracy: 0.9132 - precision: 0.8979 - recall: 0.9293
337/352 [===========================>..] - ETA: 0s - loss: 0.1917 - accuracy: 0.9130 - precision: 0.8972 - recall: 0.9297
339/352 [===========================>..] - ETA: 0s - loss: 0.1912 - accuracy: 0.9135 - precision: 0.8978 - recall: 0.9302
340/352 [===========================>..] - ETA: 0s - loss: 0.1910 - accuracy: 0.9138 - precision: 0.8981 - recall: 0.9304
342/352 [============================>.] - ETA: 0s - loss: 0.1906 - accuracy: 0.9139 - precision: 0.8981 - recall: 0.9309
344/352 [============================>.] - ETA: 0s - loss: 0.1903 - accuracy: 0.9141 - precision: 0.8981 - recall: 0.9313
346/352 [============================>.] - ETA: 0s - loss: 0.1897 - accuracy: 0.9146 - precision: 0.8989 - recall: 0.9318
348/352 [============================>.] - ETA: 0s - loss: 0.1894 - accuracy: 0.9147 - precision: 0.8987 - recall: 0.9321
350/352 [============================>.] - ETA: 0s - loss: 0.1897 - accuracy: 0.9145 - precision: 0.8986 - recall: 0.9318
352/352 [==============================] - ETA: 0s - loss: 0.1887 - accuracy: 0.9149 - precision: 0.8991 - recall: 0.9322
Epoch 6: saving model to C:\SIRCH_ENV\models\revision\exp13_grouped_retraining\gru_augmented_grouped\checkpoints\gru_augmented_grouped_epoch_006.weights.h5

Epoch 6: val_loss did not improve from 0.30821

352/352 [==============================] - 19s 53ms/step - loss: 0.1887 - accuracy: 0.9149 - precision: 0.8991 - recall: 0.9322 - val_loss: 0.3732 - val_accuracy: 0.8459 - val_precision: 0.8213 - val_recall: 0.8822 - lr: 1.0000e-04
Epoch 7/30

  1/352 [..............................] - ETA: 22s - loss: 0.0901 - accuracy: 1.0000 - precision: 1.0000 - recall: 1.0000
  3/352 [..............................] - ETA: 16s - loss: 0.1905 - accuracy: 0.8750 - precision: 0.8333 - recall: 0.9091
  5/352 [..............................] - ETA: 15s - loss: 0.1424 - accuracy: 0.9000 - precision: 0.8636 - recall: 0.9500
  7/352 [..............................] - ETA: 15s - loss: 0.1393 - accuracy: 0.9107 - precision: 0.8788 - recall: 0.9667
  8/352 [..............................] - ETA: 15s - loss: 0.1303 - accuracy: 0.9219 - precision: 0.8889 - recall: 0.9697
 10/352 [..............................] - ETA: 15s - loss: 0.1265 - accuracy: 0.9250 - precision: 0.8889 - recall: 0.9756
 12/352 [>.............................] - ETA: 15s - loss: 0.1169 - accuracy: 0.9375 - precision: 0.9074 - recall: 0.9800
 13/352 [>.............................] - ETA: 15s - loss: 0.1097 - accuracy: 0.9423 - precision: 0.9153 - recall: 0.9818
 15/352 [>.............................] - ETA: 15s - loss: 0.1085 - accuracy: 0.9417 - precision: 0.9130 - recall: 0.9844
 17/352 [>.............................] - ETA: 15s - loss: 0.1042 - accuracy: 0.9412 - precision: 0.9189 - recall: 0.9714
 19/352 [>.............................] - ETA: 15s - loss: 0.1056 - accuracy: 0.9408 - precision: 0.9310 - recall: 0.9643
 20/352 [>.............................] - ETA: 15s - loss: 0.1266 - accuracy: 0.9312 - precision: 0.9213 - recall: 0.9535
 22/352 [>.............................] - ETA: 15s - loss: 0.1278 - accuracy: 0.9375 - precision: 0.9286 - recall: 0.9579
 23/352 [>.............................] - ETA: 15s - loss: 0.1355 - accuracy: 0.9348 - precision: 0.9216 - recall: 0.9592
 25/352 [=>............................] - ETA: 15s - loss: 0.1328 - accuracy: 0.9400 - precision: 0.9273 - recall: 0.9623
 26/352 [=>............................] - ETA: 15s - loss: 0.1283 - accuracy: 0.9423 - precision: 0.9292 - recall: 0.9633
 27/352 [=>............................] - ETA: 15s - loss: 0.1263 - accuracy: 0.9444 - precision: 0.9304 - recall: 0.9640
 29/352 [=>............................] - ETA: 15s - loss: 0.1465 - accuracy: 0.9397 - precision: 0.9206 - recall: 0.9667
 30/352 [=>............................] - ETA: 15s - loss: 0.1504 - accuracy: 0.9375 - precision: 0.9167 - recall: 0.9680
 31/352 [=>............................] - ETA: 15s - loss: 0.1459 - accuracy: 0.9395 - precision: 0.9179 - recall: 0.9685
 32/352 [=>............................] - ETA: 15s - loss: 0.1467 - accuracy: 0.9375 - precision: 0.9137 - recall: 0.9695
 34/352 [=>............................] - ETA: 15s - loss: 0.1469 - accuracy: 0.9375 - precision: 0.9184 - recall: 0.9643
 36/352 [==>...........................] - ETA: 15s - loss: 0.1422 - accuracy: 0.9375 - precision: 0.9167 - recall: 0.9662
 38/352 [==>...........................] - ETA: 15s - loss: 0.1432 - accuracy: 0.9375 - precision: 0.9157 - recall: 0.9682
 39/352 [==>...........................] - ETA: 15s - loss: 0.1447 - accuracy: 0.9359 - precision: 0.9172 - recall: 0.9627
 40/352 [==>...........................] - ETA: 15s - loss: 0.1445 - accuracy: 0.9344 - precision: 0.9186 - recall: 0.9576
 42/352 [==>...........................] - ETA: 15s - loss: 0.1399 - accuracy: 0.9375 - precision: 0.9218 - recall: 0.9593
 44/352 [==>...........................] - ETA: 14s - loss: 0.1490 - accuracy: 0.9318 - precision: 0.9135 - recall: 0.9548
 46/352 [==>...........................] - ETA: 14s - loss: 0.1512 - accuracy: 0.9321 - precision: 0.9175 - recall: 0.9519
 48/352 [===>..........................] - ETA: 14s - loss: 0.1463 - accuracy: 0.9349 - precision: 0.9200 - recall: 0.9534
 49/352 [===>..........................] - ETA: 14s - loss: 0.1461 - accuracy: 0.9337 - precision: 0.9158 - recall: 0.9536
 51/352 [===>..........................] - ETA: 14s - loss: 0.1459 - accuracy: 0.9314 - precision: 0.9194 - recall: 0.9463
 53/352 [===>..........................] - ETA: 14s - loss: 0.1582 - accuracy: 0.9245 - precision: 0.9128 - recall: 0.9387
 55/352 [===>..........................] - ETA: 14s - loss: 0.1543 - accuracy: 0.9273 - precision: 0.9163 - recall: 0.9412
 56/352 [===>..........................] - ETA: 14s - loss: 0.1623 - accuracy: 0.9219 - precision: 0.9052 - recall: 0.9417
 58/352 [===>..........................] - ETA: 14s - loss: 0.1574 - accuracy: 0.9246 - precision: 0.9079 - recall: 0.9435
 60/352 [====>.........................] - ETA: 14s - loss: 0.1633 - accuracy: 0.9229 - precision: 0.9032 - recall: 0.9451
 62/352 [====>.........................] - ETA: 14s - loss: 0.1617 - accuracy: 0.9234 - precision: 0.9027 - recall: 0.9469
 64/352 [====>.........................] - ETA: 13s - loss: 0.1622 - accuracy: 0.9219 - precision: 0.8996 - recall: 0.9490
 65/352 [====>.........................] - ETA: 13s - loss: 0.1636 - accuracy: 0.9212 - precision: 0.9004 - recall: 0.9457
 67/352 [====>.........................] - ETA: 13s - loss: 0.1631 - accuracy: 0.9198 - precision: 0.9004 - recall: 0.9440
 69/352 [====>.........................] - ETA: 13s - loss: 0.1640 - accuracy: 0.9185 - precision: 0.8997 - recall: 0.9420
 70/352 [====>.........................] - ETA: 13s - loss: 0.1657 - accuracy: 0.9179 - precision: 0.9007 - recall: 0.9393
 72/352 [=====>........................] - ETA: 13s - loss: 0.1627 - accuracy: 0.9201 - precision: 0.9033 - recall: 0.9410
 73/352 [=====>........................] - ETA: 13s - loss: 0.1638 - accuracy: 0.9195 - precision: 0.9010 - recall: 0.9414
 75/352 [=====>........................] - ETA: 13s - loss: 0.1638 - accuracy: 0.9200 - precision: 0.9000 - recall: 0.9426
 77/352 [=====>........................] - ETA: 13s - loss: 0.1638 - accuracy: 0.9188 - precision: 0.9013 - recall: 0.9371
 79/352 [=====>........................] - ETA: 13s - loss: 0.1634 - accuracy: 0.9193 - precision: 0.9009 - recall: 0.9387
 81/352 [=====>........................] - ETA: 13s - loss: 0.1622 - accuracy: 0.9213 - precision: 0.9027 - recall: 0.9399
 83/352 [======>.......................] - ETA: 13s - loss: 0.1608 - accuracy: 0.9217 - precision: 0.9018 - recall: 0.9410
 85/352 [======>.......................] - ETA: 13s - loss: 0.1579 - accuracy: 0.9235 - precision: 0.9035 - recall: 0.9421
 87/352 [======>.......................] - ETA: 12s - loss: 0.1557 - accuracy: 0.9253 - precision: 0.9049 - recall: 0.9429
 89/352 [======>.......................] - ETA: 12s - loss: 0.1575 - accuracy: 0.9242 - precision: 0.9048 - recall: 0.9417
 91/352 [======>.......................] - ETA: 12s - loss: 0.1558 - accuracy: 0.9258 - precision: 0.9063 - recall: 0.9427
 93/352 [======>.......................] - ETA: 12s - loss: 0.1546 - accuracy: 0.9261 - precision: 0.9081 - recall: 0.9412
 95/352 [=======>......................] - ETA: 12s - loss: 0.1538 - accuracy: 0.9263 - precision: 0.9081 - recall: 0.9428
 97/352 [=======>......................] - ETA: 12s - loss: 0.1552 - accuracy: 0.9265 - precision: 0.9077 - recall: 0.9440
 99/352 [=======>......................] - ETA: 12s - loss: 0.1525 - accuracy: 0.9280 - precision: 0.9093 - recall: 0.9450
101/352 [=======>......................] - ETA: 12s - loss: 0.1542 - accuracy: 0.9270 - precision: 0.9093 - recall: 0.9440
103/352 [=======>......................] - ETA: 12s - loss: 0.1541 - accuracy: 0.9260 - precision: 0.9082 - recall: 0.9424
104/352 [=======>......................] - ETA: 12s - loss: 0.1527 - accuracy: 0.9267 - precision: 0.9087 - recall: 0.9426
106/352 [========>.....................] - ETA: 11s - loss: 0.1514 - accuracy: 0.9269 - precision: 0.9108 - recall: 0.9417
108/352 [========>.....................] - ETA: 11s - loss: 0.1492 - accuracy: 0.9282 - precision: 0.9124 - recall: 0.9429
110/352 [========>.....................] - ETA: 11s - loss: 0.1494 - accuracy: 0.9284 - precision: 0.9142 - recall: 0.9419
112/352 [========>.....................] - ETA: 11s - loss: 0.1493 - accuracy: 0.9275 - precision: 0.9133 - recall: 0.9405
114/352 [========>.....................] - ETA: 11s - loss: 0.1490 - accuracy: 0.9276 - precision: 0.9125 - recall: 0.9413
115/352 [========>.....................] - ETA: 11s - loss: 0.1481 - accuracy: 0.9283 - precision: 0.9130 - recall: 0.9417
117/352 [========>.....................] - ETA: 11s - loss: 0.1492 - accuracy: 0.9284 - precision: 0.9128 - recall: 0.9429
119/352 [=========>....................] - ETA: 11s - loss: 0.1501 - accuracy: 0.9286 - precision: 0.9125 - recall: 0.9440
121/352 [=========>....................] - ETA: 11s - loss: 0.1485 - accuracy: 0.9298 - precision: 0.9139 - recall: 0.9449
123/352 [=========>....................] - ETA: 11s - loss: 0.1474 - accuracy: 0.9309 - precision: 0.9155 - recall: 0.9459
125/352 [=========>....................] - ETA: 11s - loss: 0.1474 - accuracy: 0.9320 - precision: 0.9170 - recall: 0.9469
127/352 [=========>....................] - ETA: 10s - loss: 0.1460 - accuracy: 0.9331 - precision: 0.9188 - recall: 0.9481
128/352 [=========>....................] - ETA: 10s - loss: 0.1461 - accuracy: 0.9326 - precision: 0.9192 - recall: 0.9465
129/352 [=========>....................] - ETA: 10s - loss: 0.1455 - accuracy: 0.9331 - precision: 0.9202 - recall: 0.9472
130/352 [==========>...................] - ETA: 10s - loss: 0.1446 - accuracy: 0.9337 - precision: 0.9206 - recall: 0.9475
132/352 [==========>...................] - ETA: 10s - loss: 0.1475 - accuracy: 0.9328 - precision: 0.9182 - recall: 0.9482
134/352 [==========>...................] - ETA: 10s - loss: 0.1461 - accuracy: 0.9338 - precision: 0.9199 - recall: 0.9492
136/352 [==========>...................] - ETA: 10s - loss: 0.1468 - accuracy: 0.9338 - precision: 0.9210 - recall: 0.9482
138/352 [==========>...................] - ETA: 10s - loss: 0.1458 - accuracy: 0.9339 - precision: 0.9201 - recall: 0.9487
140/352 [==========>...................] - ETA: 10s - loss: 0.1461 - accuracy: 0.9330 - precision: 0.9173 - recall: 0.9490
142/352 [===========>..................] - ETA: 10s - loss: 0.1478 - accuracy: 0.9322 - precision: 0.9187 - recall: 0.9465
144/352 [===========>..................] - ETA: 10s - loss: 0.1505 - accuracy: 0.9323 - precision: 0.9194 - recall: 0.9453
146/352 [===========>..................] - ETA: 10s - loss: 0.1505 - accuracy: 0.9315 - precision: 0.9189 - recall: 0.9444
148/352 [===========>..................] - ETA: 9s - loss: 0.1499 - accuracy: 0.9316 - precision: 0.9186 - recall: 0.9453 
149/352 [===========>..................] - ETA: 9s - loss: 0.1504 - accuracy: 0.9312 - precision: 0.9175 - recall: 0.9456
150/352 [===========>..................] - ETA: 9s - loss: 0.1498 - accuracy: 0.9317 - precision: 0.9178 - recall: 0.9458
151/352 [===========>..................] - ETA: 9s - loss: 0.1490 - accuracy: 0.9321 - precision: 0.9182 - recall: 0.9460
153/352 [============>.................] - ETA: 9s - loss: 0.1491 - accuracy: 0.9314 - precision: 0.9159 - recall: 0.9465
154/352 [============>.................] - ETA: 9s - loss: 0.1488 - accuracy: 0.9318 - precision: 0.9163 - recall: 0.9468
156/352 [============>.................] - ETA: 9s - loss: 0.1480 - accuracy: 0.9327 - precision: 0.9172 - recall: 0.9474
158/352 [============>.................] - ETA: 9s - loss: 0.1477 - accuracy: 0.9320 - precision: 0.9165 - recall: 0.9463
159/352 [============>.................] - ETA: 9s - loss: 0.1470 - accuracy: 0.9324 - precision: 0.9171 - recall: 0.9467
161/352 [============>.................] - ETA: 9s - loss: 0.1470 - accuracy: 0.9325 - precision: 0.9165 - recall: 0.9473
162/352 [============>.................] - ETA: 9s - loss: 0.1508 - accuracy: 0.9313 - precision: 0.9142 - recall: 0.9476
164/352 [============>.................] - ETA: 9s - loss: 0.1532 - accuracy: 0.9299 - precision: 0.9124 - recall: 0.9467
166/352 [=============>................] - ETA: 9s - loss: 0.1548 - accuracy: 0.9292 - precision: 0.9119 - recall: 0.9458
168/352 [=============>................] - ETA: 9s - loss: 0.1565 - accuracy: 0.9286 - precision: 0.9115 - recall: 0.9450
169/352 [=============>................] - ETA: 9s - loss: 0.1568 - accuracy: 0.9283 - precision: 0.9107 - recall: 0.9453
170/352 [=============>................] - ETA: 8s - loss: 0.1566 - accuracy: 0.9287 - precision: 0.9113 - recall: 0.9457
172/352 [=============>................] - ETA: 8s - loss: 0.1585 - accuracy: 0.9281 - precision: 0.9122 - recall: 0.9435
174/352 [=============>................] - ETA: 8s - loss: 0.1579 - accuracy: 0.9289 - precision: 0.9135 - recall: 0.9443
176/352 [==============>...............] - ETA: 8s - loss: 0.1585 - accuracy: 0.9290 - precision: 0.9132 - recall: 0.9449
178/352 [==============>...............] - ETA: 8s - loss: 0.1587 - accuracy: 0.9284 - precision: 0.9124 - recall: 0.9439
179/352 [==============>...............] - ETA: 8s - loss: 0.1587 - accuracy: 0.9281 - precision: 0.9117 - recall: 0.9443
180/352 [==============>...............] - ETA: 8s - loss: 0.1590 - accuracy: 0.9271 - precision: 0.9096 - recall: 0.9445
181/352 [==============>...............] - ETA: 8s - loss: 0.1593 - accuracy: 0.9268 - precision: 0.9085 - recall: 0.9446
183/352 [==============>...............] - ETA: 8s - loss: 0.1582 - accuracy: 0.9276 - precision: 0.9092 - recall: 0.9451
184/352 [==============>...............] - ETA: 8s - loss: 0.1577 - accuracy: 0.9280 - precision: 0.9096 - recall: 0.9453
185/352 [==============>...............] - ETA: 8s - loss: 0.1581 - accuracy: 0.9277 - precision: 0.9091 - recall: 0.9458
187/352 [==============>...............] - ETA: 8s - loss: 0.1586 - accuracy: 0.9278 - precision: 0.9091 - recall: 0.9465
188/352 [===============>..............] - ETA: 8s - loss: 0.1587 - accuracy: 0.9275 - precision: 0.9083 - recall: 0.9467
189/352 [===============>..............] - ETA: 8s - loss: 0.1585 - accuracy: 0.9272 - precision: 0.9086 - recall: 0.9457
191/352 [===============>..............] - ETA: 7s - loss: 0.1573 - accuracy: 0.9280 - precision: 0.9096 - recall: 0.9462
193/352 [===============>..............] - ETA: 7s - loss: 0.1574 - accuracy: 0.9275 - precision: 0.9090 - recall: 0.9453
195/352 [===============>..............] - ETA: 7s - loss: 0.1577 - accuracy: 0.9263 - precision: 0.9062 - recall: 0.9458
196/352 [===============>..............] - ETA: 7s - loss: 0.1571 - accuracy: 0.9267 - precision: 0.9068 - recall: 0.9461
198/352 [===============>..............] - ETA: 7s - loss: 0.1559 - accuracy: 0.9274 - precision: 0.9076 - recall: 0.9466
199/352 [===============>..............] - ETA: 7s - loss: 0.1553 - accuracy: 0.9278 - precision: 0.9081 - recall: 0.9469
200/352 [================>.............] - ETA: 7s - loss: 0.1551 - accuracy: 0.9281 - precision: 0.9083 - recall: 0.9470
201/352 [================>.............] - ETA: 7s - loss: 0.1548 - accuracy: 0.9285 - precision: 0.9088 - recall: 0.9473
203/352 [================>.............] - ETA: 7s - loss: 0.1543 - accuracy: 0.9286 - precision: 0.9082 - recall: 0.9476
205/352 [================>.............] - ETA: 7s - loss: 0.1543 - accuracy: 0.9287 - precision: 0.9081 - recall: 0.9482
207/352 [================>.............] - ETA: 7s - loss: 0.1541 - accuracy: 0.9287 - precision: 0.9091 - recall: 0.9476
208/352 [================>.............] - ETA: 7s - loss: 0.1548 - accuracy: 0.9279 - precision: 0.9074 - recall: 0.9479
209/352 [================>.............] - ETA: 7s - loss: 0.1549 - accuracy: 0.9282 - precision: 0.9077 - recall: 0.9481
211/352 [================>.............] - ETA: 6s - loss: 0.1545 - accuracy: 0.9283 - precision: 0.9083 - recall: 0.9473
213/352 [=================>............] - ETA: 6s - loss: 0.1554 - accuracy: 0.9278 - precision: 0.9093 - recall: 0.9456
215/352 [=================>............] - ETA: 6s - loss: 0.1559 - accuracy: 0.9279 - precision: 0.9102 - recall: 0.9450
216/352 [=================>............] - ETA: 6s - loss: 0.1573 - accuracy: 0.9271 - precision: 0.9095 - recall: 0.9441
218/352 [=================>............] - ETA: 6s - loss: 0.1579 - accuracy: 0.9266 - precision: 0.9084 - recall: 0.9447
220/352 [=================>............] - ETA: 6s - loss: 0.1566 - accuracy: 0.9273 - precision: 0.9093 - recall: 0.9453
221/352 [=================>............] - ETA: 6s - loss: 0.1591 - accuracy: 0.9259 - precision: 0.9065 - recall: 0.9454
222/352 [=================>............] - ETA: 6s - loss: 0.1594 - accuracy: 0.9257 - precision: 0.9060 - recall: 0.9457
224/352 [==================>...........] - ETA: 6s - loss: 0.1594 - accuracy: 0.9263 - precision: 0.9067 - recall: 0.9462
226/352 [==================>...........] - ETA: 6s - loss: 0.1584 - accuracy: 0.9270 - precision: 0.9075 - recall: 0.9467
228/352 [==================>...........] - ETA: 6s - loss: 0.1593 - accuracy: 0.9271 - precision: 0.9076 - recall: 0.9473
229/352 [==================>...........] - ETA: 6s - loss: 0.1598 - accuracy: 0.9269 - precision: 0.9080 - recall: 0.9465
230/352 [==================>...........] - ETA: 6s - loss: 0.1595 - accuracy: 0.9272 - precision: 0.9085 - recall: 0.9468
231/352 [==================>...........] - ETA: 6s - loss: 0.1596 - accuracy: 0.9269 - precision: 0.9077 - recall: 0.9469
233/352 [==================>...........] - ETA: 5s - loss: 0.1594 - accuracy: 0.9270 - precision: 0.9081 - recall: 0.9461
234/352 [==================>...........] - ETA: 5s - loss: 0.1591 - accuracy: 0.9274 - precision: 0.9084 - recall: 0.9463
236/352 [===================>..........] - ETA: 5s - loss: 0.1589 - accuracy: 0.9277 - precision: 0.9088 - recall: 0.9465
238/352 [===================>..........] - ETA: 5s - loss: 0.1599 - accuracy: 0.9278 - precision: 0.9086 - recall: 0.9470
239/352 [===================>..........] - ETA: 5s - loss: 0.1598 - accuracy: 0.9281 - precision: 0.9094 - recall: 0.9474
241/352 [===================>..........] - ETA: 5s - loss: 0.1597 - accuracy: 0.9282 - precision: 0.9094 - recall: 0.9480
242/352 [===================>..........] - ETA: 5s - loss: 0.1598 - accuracy: 0.9285 - precision: 0.9098 - recall: 0.9483
243/352 [===================>..........] - ETA: 5s - loss: 0.1592 - accuracy: 0.9288 - precision: 0.9101 - recall: 0.9484
245/352 [===================>..........] - ETA: 5s - loss: 0.1587 - accuracy: 0.9289 - precision: 0.9095 - recall: 0.9486
246/352 [===================>..........] - ETA: 5s - loss: 0.1586 - accuracy: 0.9286 - precision: 0.9099 - recall: 0.9479
248/352 [====================>.........] - ETA: 5s - loss: 0.1575 - accuracy: 0.9292 - precision: 0.9104 - recall: 0.9481
250/352 [====================>.........] - ETA: 5s - loss: 0.1573 - accuracy: 0.9293 - precision: 0.9102 - recall: 0.9486
252/352 [====================>.........] - ETA: 4s - loss: 0.1575 - accuracy: 0.9294 - precision: 0.9106 - recall: 0.9479
254/352 [====================>.........] - ETA: 4s - loss: 0.1577 - accuracy: 0.9294 - precision: 0.9102 - recall: 0.9481
256/352 [====================>.........] - ETA: 4s - loss: 0.1594 - accuracy: 0.9290 - precision: 0.9096 - recall: 0.9474
258/352 [====================>.........] - ETA: 4s - loss: 0.1626 - accuracy: 0.9281 - precision: 0.9075 - recall: 0.9477
260/352 [=====================>........] - ETA: 4s - loss: 0.1630 - accuracy: 0.9277 - precision: 0.9071 - recall: 0.9470
262/352 [=====================>........] - ETA: 4s - loss: 0.1641 - accuracy: 0.9273 - precision: 0.9068 - recall: 0.9464
263/352 [=====================>........] - ETA: 4s - loss: 0.1635 - accuracy: 0.9276 - precision: 0.9071 - recall: 0.9466
265/352 [=====================>........] - ETA: 4s - loss: 0.1648 - accuracy: 0.9267 - precision: 0.9077 - recall: 0.9442
267/352 [=====================>........] - ETA: 4s - loss: 0.1640 - accuracy: 0.9272 - precision: 0.9083 - recall: 0.9446
269/352 [=====================>........] - ETA: 4s - loss: 0.1633 - accuracy: 0.9278 - precision: 0.9092 - recall: 0.9451
271/352 [======================>.......] - ETA: 3s - loss: 0.1627 - accuracy: 0.9283 - precision: 0.9098 - recall: 0.9455
273/352 [======================>.......] - ETA: 3s - loss: 0.1619 - accuracy: 0.9288 - precision: 0.9103 - recall: 0.9458
274/352 [======================>.......] - ETA: 3s - loss: 0.1629 - accuracy: 0.9286 - precision: 0.9098 - recall: 0.9460
275/352 [======================>.......] - ETA: 3s - loss: 0.1626 - accuracy: 0.9289 - precision: 0.9103 - recall: 0.9463
277/352 [======================>.......] - ETA: 3s - loss: 0.1645 - accuracy: 0.9271 - precision: 0.9067 - recall: 0.9466
279/352 [======================>.......] - ETA: 3s - loss: 0.1641 - accuracy: 0.9272 - precision: 0.9067 - recall: 0.9471
281/352 [======================>.......] - ETA: 3s - loss: 0.1641 - accuracy: 0.9273 - precision: 0.9065 - recall: 0.9475
283/352 [=======================>......] - ETA: 3s - loss: 0.1639 - accuracy: 0.9274 - precision: 0.9072 - recall: 0.9470
285/352 [=======================>......] - ETA: 3s - loss: 0.1640 - accuracy: 0.9270 - precision: 0.9062 - recall: 0.9474
287/352 [=======================>......] - ETA: 3s - loss: 0.1639 - accuracy: 0.9271 - precision: 0.9060 - recall: 0.9477
289/352 [=======================>......] - ETA: 3s - loss: 0.1637 - accuracy: 0.9267 - precision: 0.9058 - recall: 0.9472
290/352 [=======================>......] - ETA: 3s - loss: 0.1638 - accuracy: 0.9270 - precision: 0.9060 - recall: 0.9473
292/352 [=======================>......] - ETA: 2s - loss: 0.1640 - accuracy: 0.9266 - precision: 0.9067 - recall: 0.9460
294/352 [========================>.....] - ETA: 2s - loss: 0.1644 - accuracy: 0.9263 - precision: 0.9072 - recall: 0.9446
295/352 [========================>.....] - ETA: 2s - loss: 0.1648 - accuracy: 0.9261 - precision: 0.9067 - recall: 0.9448
297/352 [========================>.....] - ETA: 2s - loss: 0.1653 - accuracy: 0.9253 - precision: 0.9071 - recall: 0.9426
299/352 [========================>.....] - ETA: 2s - loss: 0.1646 - accuracy: 0.9258 - precision: 0.9077 - recall: 0.9430
301/352 [========================>.....] - ETA: 2s - loss: 0.1638 - accuracy: 0.9263 - precision: 0.9080 - recall: 0.9432
302/352 [========================>.....] - ETA: 2s - loss: 0.1636 - accuracy: 0.9266 - precision: 0.9084 - recall: 0.9434
304/352 [========================>.....] - ETA: 2s - loss: 0.1636 - accuracy: 0.9262 - precision: 0.9081 - recall: 0.9429
306/352 [=========================>....] - ETA: 2s - loss: 0.1635 - accuracy: 0.9259 - precision: 0.9086 - recall: 0.9417
307/352 [=========================>....] - ETA: 2s - loss: 0.1630 - accuracy: 0.9261 - precision: 0.9089 - recall: 0.9418
308/352 [=========================>....] - ETA: 2s - loss: 0.1626 - accuracy: 0.9264 - precision: 0.9092 - recall: 0.9421
309/352 [=========================>....] - ETA: 2s - loss: 0.1625 - accuracy: 0.9262 - precision: 0.9088 - recall: 0.9423
311/352 [=========================>....] - ETA: 2s - loss: 0.1620 - accuracy: 0.9267 - precision: 0.9093 - recall: 0.9426
312/352 [=========================>....] - ETA: 1s - loss: 0.1620 - accuracy: 0.9269 - precision: 0.9097 - recall: 0.9429
313/352 [=========================>....] - ETA: 1s - loss: 0.1619 - accuracy: 0.9271 - precision: 0.9101 - recall: 0.9431
315/352 [=========================>....] - ETA: 1s - loss: 0.1614 - accuracy: 0.9276 - precision: 0.9108 - recall: 0.9436
316/352 [=========================>....] - ETA: 1s - loss: 0.1609 - accuracy: 0.9278 - precision: 0.9112 - recall: 0.9438
317/352 [==========================>...] - ETA: 1s - loss: 0.1620 - accuracy: 0.9277 - precision: 0.9107 - recall: 0.9439
318/352 [==========================>...] - ETA: 1s - loss: 0.1616 - accuracy: 0.9279 - precision: 0.9110 - recall: 0.9442
319/352 [==========================>...] - ETA: 1s - loss: 0.1616 - accuracy: 0.9281 - precision: 0.9114 - recall: 0.9444
321/352 [==========================>...] - ETA: 1s - loss: 0.1622 - accuracy: 0.9274 - precision: 0.9105 - recall: 0.9440
323/352 [==========================>...] - ETA: 1s - loss: 0.1622 - accuracy: 0.9275 - precision: 0.9102 - recall: 0.9443
325/352 [==========================>...] - ETA: 1s - loss: 0.1625 - accuracy: 0.9271 - precision: 0.9106 - recall: 0.9430
327/352 [==========================>...] - ETA: 1s - loss: 0.1620 - accuracy: 0.9272 - precision: 0.9104 - recall: 0.9434
329/352 [===========================>..] - ETA: 1s - loss: 0.1614 - accuracy: 0.9276 - precision: 0.9111 - recall: 0.9438
331/352 [===========================>..] - ETA: 1s - loss: 0.1630 - accuracy: 0.9269 - precision: 0.9110 - recall: 0.9427
332/352 [===========================>..] - ETA: 0s - loss: 0.1627 - accuracy: 0.9272 - precision: 0.9114 - recall: 0.9430
333/352 [===========================>..] - ETA: 0s - loss: 0.1627 - accuracy: 0.9270 - precision: 0.9110 - recall: 0.9432
334/352 [===========================>..] - ETA: 0s - loss: 0.1628 - accuracy: 0.9269 - precision: 0.9105 - recall: 0.9433
336/352 [===========================>..] - ETA: 0s - loss: 0.1634 - accuracy: 0.9269 - precision: 0.9110 - recall: 0.9429
338/352 [===========================>..] - ETA: 0s - loss: 0.1638 - accuracy: 0.9266 - precision: 0.9115 - recall: 0.9418
340/352 [===========================>..] - ETA: 0s - loss: 0.1647 - accuracy: 0.9263 - precision: 0.9119 - recall: 0.9406
342/352 [============================>.] - ETA: 0s - loss: 0.1648 - accuracy: 0.9264 - precision: 0.9118 - recall: 0.9411
343/352 [============================>.] - ETA: 0s - loss: 0.1648 - accuracy: 0.9262 - precision: 0.9113 - recall: 0.9412
345/352 [============================>.] - ETA: 0s - loss: 0.1652 - accuracy: 0.9263 - precision: 0.9112 - recall: 0.9416
347/352 [============================>.] - ETA: 0s - loss: 0.1658 - accuracy: 0.9264 - precision: 0.9111 - recall: 0.9419
349/352 [============================>.] - ETA: 0s - loss: 0.1656 - accuracy: 0.9264 - precision: 0.9111 - recall: 0.9424
350/352 [============================>.] - ETA: 0s - loss: 0.1662 - accuracy: 0.9263 - precision: 0.9108 - recall: 0.9426
351/352 [============================>.] - ETA: 0s - loss: 0.1663 - accuracy: 0.9261 - precision: 0.9105 - recall: 0.9428
Epoch 7: saving model to C:\SIRCH_ENV\models\revision\exp13_grouped_retraining\gru_augmented_grouped\checkpoints\gru_augmented_grouped_epoch_007.weights.h5

Epoch 7: val_loss did not improve from 0.30821

Epoch 7: ReduceLROnPlateau reducing learning rate to 4.999999873689376e-05.

352/352 [==============================] - 18s 51ms/step - loss: 0.1663 - accuracy: 0.9263 - precision: 0.9108 - recall: 0.9430 - val_loss: 0.3932 - val_accuracy: 0.8409 - val_precision: 0.8176 - val_recall: 0.8754 - lr: 1.0000e-04
Epoch 8/30

  1/352 [..............................] - ETA: 27s - loss: 0.0311 - accuracy: 1.0000 - precision: 1.0000 - recall: 1.0000
  2/352 [..............................] - ETA: 26s - loss: 0.0433 - accuracy: 1.0000 - precision: 1.0000 - recall: 1.0000
  4/352 [..............................] - ETA: 19s - loss: 0.1092 - accuracy: 0.9375 - precision: 0.9048 - recall: 1.0000
  6/352 [..............................] - ETA: 18s - loss: 0.1831 - accuracy: 0.8958 - precision: 0.8387 - recall: 1.0000
  8/352 [..............................] - ETA: 17s - loss: 0.1548 - accuracy: 0.9062 - precision: 0.8571 - recall: 0.9677
 10/352 [..............................] - ETA: 16s - loss: 0.1344 - accuracy: 0.9250 - precision: 0.8913 - recall: 0.9762
 12/352 [>.............................] - ETA: 16s - loss: 0.1459 - accuracy: 0.9167 - precision: 0.8679 - recall: 0.9787
 13/352 [>.............................] - ETA: 16s - loss: 0.1540 - accuracy: 0.9135 - precision: 0.8772 - recall: 0.9615
 15/352 [>.............................] - ETA: 16s - loss: 0.1564 - accuracy: 0.9083 - precision: 0.8788 - recall: 0.9508
 17/352 [>.............................] - ETA: 15s - loss: 0.1518 - accuracy: 0.9118 - precision: 0.8889 - recall: 0.9412
 19/352 [>.............................] - ETA: 15s - loss: 0.1624 - accuracy: 0.9079 - precision: 0.8734 - recall: 0.9452
 21/352 [>.............................] - ETA: 15s - loss: 0.1506 - accuracy: 0.9167 - precision: 0.8851 - recall: 0.9506
 23/352 [>.............................] - ETA: 15s - loss: 0.1470 - accuracy: 0.9185 - precision: 0.8842 - recall: 0.9545
 24/352 [=>............................] - ETA: 15s - loss: 0.1472 - accuracy: 0.9167 - precision: 0.8776 - recall: 0.9556
 25/352 [=>............................] - ETA: 15s - loss: 0.1480 - accuracy: 0.9150 - precision: 0.8713 - recall: 0.9565
 26/352 [=>............................] - ETA: 16s - loss: 0.1426 - accuracy: 0.9183 - precision: 0.8762 - recall: 0.9583
 27/352 [=>............................] - ETA: 16s - loss: 0.1413 - accuracy: 0.9213 - precision: 0.8818 - recall: 0.9604
 29/352 [=>............................] - ETA: 16s - loss: 0.1450 - accuracy: 0.9224 - precision: 0.8824 - recall: 0.9633
 30/352 [=>............................] - ETA: 16s - loss: 0.1413 - accuracy: 0.9250 - precision: 0.8852 - recall: 0.9643
 31/352 [=>............................] - ETA: 16s - loss: 0.1408 - accuracy: 0.9234 - precision: 0.8819 - recall: 0.9655
 33/352 [=>............................] - ETA: 16s - loss: 0.1334 - accuracy: 0.9280 - precision: 0.8881 - recall: 0.9675
 35/352 [=>............................] - ETA: 16s - loss: 0.1364 - accuracy: 0.9250 - precision: 0.8794 - recall: 0.9688
 37/352 [==>...........................] - ETA: 15s - loss: 0.1325 - accuracy: 0.9257 - precision: 0.8851 - recall: 0.9632
 38/352 [==>...........................] - ETA: 15s - loss: 0.1411 - accuracy: 0.9178 - precision: 0.8874 - recall: 0.9437
 39/352 [==>...........................] - ETA: 15s - loss: 0.1400 - accuracy: 0.9167 - precision: 0.8854 - recall: 0.9456
 40/352 [==>...........................] - ETA: 15s - loss: 0.1373 - accuracy: 0.9187 - precision: 0.8896 - recall: 0.9477
 41/352 [==>...........................] - ETA: 15s - loss: 0.1361 - accuracy: 0.9207 - precision: 0.8916 - recall: 0.9487
 42/352 [==>...........................] - ETA: 16s - loss: 0.1366 - accuracy: 0.9196 - precision: 0.8947 - recall: 0.9444
 43/352 [==>...........................] - ETA: 16s - loss: 0.1347 - accuracy: 0.9215 - precision: 0.8971 - recall: 0.9458
 45/352 [==>...........................] - ETA: 15s - loss: 0.1313 - accuracy: 0.9250 - precision: 0.9000 - recall: 0.9474
 47/352 [===>..........................] - ETA: 15s - loss: 0.1279 - accuracy: 0.9282 - precision: 0.9043 - recall: 0.9497
 48/352 [===>..........................] - ETA: 15s - loss: 0.1292 - accuracy: 0.9271 - precision: 0.9053 - recall: 0.9451
 49/352 [===>..........................] - ETA: 15s - loss: 0.1294 - accuracy: 0.9260 - precision: 0.9021 - recall: 0.9459
 50/352 [===>..........................] - ETA: 15s - loss: 0.1354 - accuracy: 0.9225 - precision: 0.8945 - recall: 0.9468
 51/352 [===>..........................] - ETA: 15s - loss: 0.1342 - accuracy: 0.9240 - precision: 0.8976 - recall: 0.9485
 53/352 [===>..........................] - ETA: 15s - loss: 0.1351 - accuracy: 0.9222 - precision: 0.8925 - recall: 0.9502
 54/352 [===>..........................] - ETA: 15s - loss: 0.1385 - accuracy: 0.9190 - precision: 0.8858 - recall: 0.9510
 56/352 [===>..........................] - ETA: 15s - loss: 0.1462 - accuracy: 0.9152 - precision: 0.8795 - recall: 0.9471
 57/352 [===>..........................] - ETA: 15s - loss: 0.1437 - accuracy: 0.9167 - precision: 0.8800 - recall: 0.9474
 58/352 [===>..........................] - ETA: 15s - loss: 0.1446 - accuracy: 0.9159 - precision: 0.8821 - recall: 0.9439
 59/352 [====>.........................] - ETA: 15s - loss: 0.1451 - accuracy: 0.9153 - precision: 0.8841 - recall: 0.9406
 60/352 [====>.........................] - ETA: 15s - loss: 0.1459 - accuracy: 0.9146 - precision: 0.8819 - recall: 0.9414
 61/352 [====>.........................] - ETA: 15s - loss: 0.1438 - accuracy: 0.9160 - precision: 0.8843 - recall: 0.9427
 62/352 [====>.........................] - ETA: 15s - loss: 0.1416 - accuracy: 0.9173 - precision: 0.8848 - recall: 0.9430
 63/352 [====>.........................] - ETA: 15s - loss: 0.1397 - accuracy: 0.9187 - precision: 0.8866 - recall: 0.9440
 64/352 [====>.........................] - ETA: 15s - loss: 0.1393 - accuracy: 0.9199 - precision: 0.8893 - recall: 0.9454
 65/352 [====>.........................] - ETA: 14s - loss: 0.1389 - accuracy: 0.9192 - precision: 0.8906 - recall: 0.9421
 66/352 [====>.........................] - ETA: 14s - loss: 0.1374 - accuracy: 0.9205 - precision: 0.8923 - recall: 0.9431
 67/352 [====>.........................] - ETA: 14s - loss: 0.1384 - accuracy: 0.9198 - precision: 0.8902 - recall: 0.9438
 68/352 [====>.........................] - ETA: 14s - loss: 0.1376 - accuracy: 0.9210 - precision: 0.8926 - recall: 0.9451
 69/352 [====>.........................] - ETA: 14s - loss: 0.1387 - accuracy: 0.9203 - precision: 0.8938 - recall: 0.9421
 70/352 [====>.........................] - ETA: 14s - loss: 0.1426 - accuracy: 0.9196 - precision: 0.8961 - recall: 0.9398
 71/352 [=====>........................] - ETA: 14s - loss: 0.1411 - accuracy: 0.9208 - precision: 0.8964 - recall: 0.9401
 72/352 [=====>........................] - ETA: 14s - loss: 0.1396 - accuracy: 0.9219 - precision: 0.8986 - recall: 0.9414
 73/352 [=====>........................] - ETA: 14s - loss: 0.1380 - accuracy: 0.9229 - precision: 0.9000 - recall: 0.9422
 74/352 [=====>........................] - ETA: 14s - loss: 0.1389 - accuracy: 0.9223 - precision: 0.9010 - recall: 0.9395
 75/352 [=====>........................] - ETA: 14s - loss: 0.1377 - accuracy: 0.9233 - precision: 0.9027 - recall: 0.9406
 76/352 [=====>........................] - ETA: 14s - loss: 0.1378 - accuracy: 0.9227 - precision: 0.9040 - recall: 0.9381
 77/352 [=====>........................] - ETA: 14s - loss: 0.1365 - accuracy: 0.9237 - precision: 0.9058 - recall: 0.9394
 78/352 [=====>........................] - ETA: 14s - loss: 0.1377 - accuracy: 0.9231 - precision: 0.9048 - recall: 0.9406
 79/352 [=====>........................] - ETA: 14s - loss: 0.1384 - accuracy: 0.9225 - precision: 0.9025 - recall: 0.9410
 80/352 [=====>........................] - ETA: 14s - loss: 0.1370 - accuracy: 0.9234 - precision: 0.9031 - recall: 0.9414
 81/352 [=====>........................] - ETA: 14s - loss: 0.1369 - accuracy: 0.9228 - precision: 0.9040 - recall: 0.9389
 82/352 [=====>........................] - ETA: 14s - loss: 0.1369 - accuracy: 0.9238 - precision: 0.9055 - recall: 0.9399
 83/352 [======>.......................] - ETA: 14s - loss: 0.1379 - accuracy: 0.9232 - precision: 0.9039 - recall: 0.9406
 84/352 [======>.......................] - ETA: 14s - loss: 0.1377 - accuracy: 0.9241 - precision: 0.9053 - recall: 0.9415
 85/352 [======>.......................] - ETA: 14s - loss: 0.1376 - accuracy: 0.9250 - precision: 0.9067 - recall: 0.9424
 86/352 [======>.......................] - ETA: 14s - loss: 0.1371 - accuracy: 0.9259 - precision: 0.9083 - recall: 0.9435
 87/352 [======>.......................] - ETA: 14s - loss: 0.1364 - accuracy: 0.9267 - precision: 0.9091 - recall: 0.9440
 88/352 [======>.......................] - ETA: 14s - loss: 0.1357 - accuracy: 0.9276 - precision: 0.9101 - recall: 0.9446
 89/352 [======>.......................] - ETA: 14s - loss: 0.1350 - accuracy: 0.9284 - precision: 0.9104 - recall: 0.9448
 90/352 [======>.......................] - ETA: 14s - loss: 0.1354 - accuracy: 0.9292 - precision: 0.9114 - recall: 0.9454
 92/352 [======>.......................] - ETA: 14s - loss: 0.1331 - accuracy: 0.9307 - precision: 0.9133 - recall: 0.9466
 94/352 [=======>......................] - ETA: 14s - loss: 0.1309 - accuracy: 0.9322 - precision: 0.9149 - recall: 0.9477
 95/352 [=======>......................] - ETA: 14s - loss: 0.1295 - accuracy: 0.9329 - precision: 0.9158 - recall: 0.9482
 97/352 [=======>......................] - ETA: 13s - loss: 0.1282 - accuracy: 0.9343 - precision: 0.9169 - recall: 0.9489
 99/352 [=======>......................] - ETA: 13s - loss: 0.1262 - accuracy: 0.9356 - precision: 0.9188 - recall: 0.9501
101/352 [=======>......................] - ETA: 13s - loss: 0.1241 - accuracy: 0.9369 - precision: 0.9200 - recall: 0.9509
103/352 [=======>......................] - ETA: 13s - loss: 0.1232 - accuracy: 0.9381 - precision: 0.9214 - recall: 0.9518
105/352 [=======>......................] - ETA: 13s - loss: 0.1217 - accuracy: 0.9393 - precision: 0.9234 - recall: 0.9531
107/352 [========>.....................] - ETA: 13s - loss: 0.1255 - accuracy: 0.9381 - precision: 0.9202 - recall: 0.9538
108/352 [========>.....................] - ETA: 13s - loss: 0.1243 - accuracy: 0.9387 - precision: 0.9207 - recall: 0.9541
110/352 [========>.....................] - ETA: 13s - loss: 0.1236 - accuracy: 0.9398 - precision: 0.9217 - recall: 0.9547
111/352 [========>.....................] - ETA: 13s - loss: 0.1231 - accuracy: 0.9403 - precision: 0.9229 - recall: 0.9554
113/352 [========>.....................] - ETA: 12s - loss: 0.1227 - accuracy: 0.9414 - precision: 0.9243 - recall: 0.9562
115/352 [========>.....................] - ETA: 12s - loss: 0.1223 - accuracy: 0.9424 - precision: 0.9253 - recall: 0.9568
117/352 [========>.....................] - ETA: 12s - loss: 0.1222 - accuracy: 0.9412 - precision: 0.9261 - recall: 0.9530
119/352 [=========>....................] - ETA: 12s - loss: 0.1260 - accuracy: 0.9412 - precision: 0.9269 - recall: 0.9514
121/352 [=========>....................] - ETA: 12s - loss: 0.1252 - accuracy: 0.9421 - precision: 0.9281 - recall: 0.9523
123/352 [=========>....................] - ETA: 12s - loss: 0.1251 - accuracy: 0.9431 - precision: 0.9295 - recall: 0.9532
125/352 [=========>....................] - ETA: 12s - loss: 0.1245 - accuracy: 0.9440 - precision: 0.9303 - recall: 0.9538
127/352 [=========>....................] - ETA: 11s - loss: 0.1258 - accuracy: 0.9429 - precision: 0.9301 - recall: 0.9530
129/352 [=========>....................] - ETA: 11s - loss: 0.1244 - accuracy: 0.9438 - precision: 0.9312 - recall: 0.9537
131/352 [==========>...................] - ETA: 11s - loss: 0.1234 - accuracy: 0.9447 - precision: 0.9326 - recall: 0.9546
133/352 [==========>...................] - ETA: 11s - loss: 0.1239 - accuracy: 0.9445 - precision: 0.9332 - recall: 0.9532
135/352 [==========>...................] - ETA: 11s - loss: 0.1260 - accuracy: 0.9426 - precision: 0.9303 - recall: 0.9518
137/352 [==========>...................] - ETA: 11s - loss: 0.1250 - accuracy: 0.9425 - precision: 0.9295 - recall: 0.9525
139/352 [==========>...................] - ETA: 11s - loss: 0.1250 - accuracy: 0.9424 - precision: 0.9288 - recall: 0.9532
141/352 [===========>..................] - ETA: 10s - loss: 0.1238 - accuracy: 0.9433 - precision: 0.9301 - recall: 0.9540
143/352 [===========>..................] - ETA: 10s - loss: 0.1226 - accuracy: 0.9441 - precision: 0.9311 - recall: 0.9547
144/352 [===========>..................] - ETA: 10s - loss: 0.1220 - accuracy: 0.9444 - precision: 0.9319 - recall: 0.9553
146/352 [===========>..................] - ETA: 10s - loss: 0.1214 - accuracy: 0.9443 - precision: 0.9314 - recall: 0.9560
147/352 [===========>..................] - ETA: 10s - loss: 0.1216 - accuracy: 0.9439 - precision: 0.9317 - recall: 0.9545
149/352 [===========>..................] - ETA: 10s - loss: 0.1216 - accuracy: 0.9438 - precision: 0.9310 - recall: 0.9551
151/352 [===========>..................] - ETA: 10s - loss: 0.1212 - accuracy: 0.9445 - precision: 0.9319 - recall: 0.9557
153/352 [============>.................] - ETA: 10s - loss: 0.1201 - accuracy: 0.9453 - precision: 0.9323 - recall: 0.9560
155/352 [============>.................] - ETA: 10s - loss: 0.1205 - accuracy: 0.9452 - precision: 0.9319 - recall: 0.9567
156/352 [============>.................] - ETA: 10s - loss: 0.1203 - accuracy: 0.9455 - precision: 0.9324 - recall: 0.9570
158/352 [============>.................] - ETA: 9s - loss: 0.1232 - accuracy: 0.9422 - precision: 0.9298 - recall: 0.9526 
160/352 [============>.................] - ETA: 9s - loss: 0.1225 - accuracy: 0.9422 - precision: 0.9291 - recall: 0.9532
162/352 [============>.................] - ETA: 9s - loss: 0.1214 - accuracy: 0.9429 - precision: 0.9298 - recall: 0.9536
164/352 [============>.................] - ETA: 9s - loss: 0.1213 - accuracy: 0.9428 - precision: 0.9290 - recall: 0.9540
166/352 [=============>................] - ETA: 9s - loss: 0.1200 - accuracy: 0.9435 - precision: 0.9296 - recall: 0.9544
168/352 [=============>................] - ETA: 9s - loss: 0.1192 - accuracy: 0.9442 - precision: 0.9304 - recall: 0.9550
170/352 [=============>................] - ETA: 9s - loss: 0.1183 - accuracy: 0.9449 - precision: 0.9311 - recall: 0.9555
171/352 [=============>................] - ETA: 9s - loss: 0.1178 - accuracy: 0.9452 - precision: 0.9318 - recall: 0.9559
173/352 [=============>................] - ETA: 9s - loss: 0.1179 - accuracy: 0.9451 - precision: 0.9327 - recall: 0.9550
175/352 [=============>................] - ETA: 9s - loss: 0.1177 - accuracy: 0.9455 - precision: 0.9331 - recall: 0.9554
177/352 [==============>...............] - ETA: 8s - loss: 0.1180 - accuracy: 0.9461 - precision: 0.9339 - recall: 0.9559
179/352 [==============>...............] - ETA: 8s - loss: 0.1172 - accuracy: 0.9467 - precision: 0.9348 - recall: 0.9565
181/352 [==============>...............] - ETA: 8s - loss: 0.1182 - accuracy: 0.9459 - precision: 0.9328 - recall: 0.9569
183/352 [==============>...............] - ETA: 8s - loss: 0.1182 - accuracy: 0.9451 - precision: 0.9322 - recall: 0.9560
185/352 [==============>...............] - ETA: 8s - loss: 0.1190 - accuracy: 0.9444 - precision: 0.9304 - recall: 0.9565
187/352 [==============>...............] - ETA: 8s - loss: 0.1221 - accuracy: 0.9436 - precision: 0.9298 - recall: 0.9556
189/352 [===============>..............] - ETA: 8s - loss: 0.1213 - accuracy: 0.9442 - precision: 0.9308 - recall: 0.9562
191/352 [===============>..............] - ETA: 8s - loss: 0.1208 - accuracy: 0.9442 - precision: 0.9316 - recall: 0.9555
193/352 [===============>..............] - ETA: 8s - loss: 0.1219 - accuracy: 0.9434 - precision: 0.9300 - recall: 0.9560
195/352 [===============>..............] - ETA: 7s - loss: 0.1218 - accuracy: 0.9440 - precision: 0.9307 - recall: 0.9565
197/352 [===============>..............] - ETA: 7s - loss: 0.1211 - accuracy: 0.9446 - precision: 0.9314 - recall: 0.9569
198/352 [===============>..............] - ETA: 7s - loss: 0.1206 - accuracy: 0.9449 - precision: 0.9317 - recall: 0.9571
200/352 [================>.............] - ETA: 7s - loss: 0.1212 - accuracy: 0.9442 - precision: 0.9300 - recall: 0.9575
201/352 [================>.............] - ETA: 7s - loss: 0.1216 - accuracy: 0.9444 - precision: 0.9304 - recall: 0.9578
203/352 [================>.............] - ETA: 7s - loss: 0.1233 - accuracy: 0.9425 - precision: 0.9264 - recall: 0.9581
205/352 [================>.............] - ETA: 7s - loss: 0.1233 - accuracy: 0.9419 - precision: 0.9248 - recall: 0.9585
207/352 [================>.............] - ETA: 7s - loss: 0.1236 - accuracy: 0.9412 - precision: 0.9234 - recall: 0.9590
209/352 [================>.............] - ETA: 7s - loss: 0.1241 - accuracy: 0.9412 - precision: 0.9244 - recall: 0.9584
211/352 [================>.............] - ETA: 7s - loss: 0.1238 - accuracy: 0.9417 - precision: 0.9252 - recall: 0.9588
213/352 [=================>............] - ETA: 6s - loss: 0.1245 - accuracy: 0.9411 - precision: 0.9257 - recall: 0.9568
215/352 [=================>............] - ETA: 6s - loss: 0.1252 - accuracy: 0.9405 - precision: 0.9264 - recall: 0.9549
217/352 [=================>............] - ETA: 6s - loss: 0.1243 - accuracy: 0.9410 - precision: 0.9267 - recall: 0.9551
218/352 [=================>............] - ETA: 6s - loss: 0.1241 - accuracy: 0.9413 - precision: 0.9273 - recall: 0.9555
219/352 [=================>............] - ETA: 6s - loss: 0.1245 - accuracy: 0.9410 - precision: 0.9265 - recall: 0.9557
220/352 [=================>............] - ETA: 6s - loss: 0.1242 - accuracy: 0.9413 - precision: 0.9269 - recall: 0.9559
221/352 [=================>............] - ETA: 6s - loss: 0.1237 - accuracy: 0.9415 - precision: 0.9274 - recall: 0.9562
222/352 [=================>............] - ETA: 6s - loss: 0.1235 - accuracy: 0.9418 - precision: 0.9277 - recall: 0.9564
223/352 [==================>...........] - ETA: 6s - loss: 0.1233 - accuracy: 0.9421 - precision: 0.9280 - recall: 0.9566
224/352 [==================>...........] - ETA: 6s - loss: 0.1234 - accuracy: 0.9423 - precision: 0.9282 - recall: 0.9567
226/352 [==================>...........] - ETA: 6s - loss: 0.1236 - accuracy: 0.9417 - precision: 0.9268 - recall: 0.9571
227/352 [==================>...........] - ETA: 6s - loss: 0.1232 - accuracy: 0.9420 - precision: 0.9270 - recall: 0.9573
229/352 [==================>...........] - ETA: 6s - loss: 0.1225 - accuracy: 0.9425 - precision: 0.9278 - recall: 0.9577
230/352 [==================>...........] - ETA: 6s - loss: 0.1220 - accuracy: 0.9427 - precision: 0.9282 - recall: 0.9580
232/352 [==================>...........] - ETA: 6s - loss: 0.1212 - accuracy: 0.9432 - precision: 0.9286 - recall: 0.9582
233/352 [==================>...........] - ETA: 5s - loss: 0.1224 - accuracy: 0.9429 - precision: 0.9278 - recall: 0.9583
235/352 [===================>..........] - ETA: 5s - loss: 0.1234 - accuracy: 0.9429 - precision: 0.9283 - recall: 0.9576
236/352 [===================>..........] - ETA: 5s - loss: 0.1233 - accuracy: 0.9431 - precision: 0.9284 - recall: 0.9577
238/352 [===================>..........] - ETA: 5s - loss: 0.1230 - accuracy: 0.9431 - precision: 0.9292 - recall: 0.9571
239/352 [===================>..........] - ETA: 5s - loss: 0.1226 - accuracy: 0.9433 - precision: 0.9295 - recall: 0.9573
240/352 [===================>..........] - ETA: 5s - loss: 0.1227 - accuracy: 0.9431 - precision: 0.9286 - recall: 0.9574
241/352 [===================>..........] - ETA: 5s - loss: 0.1238 - accuracy: 0.9428 - precision: 0.9281 - recall: 0.9576
242/352 [===================>..........] - ETA: 5s - loss: 0.1233 - accuracy: 0.9430 - precision: 0.9286 - recall: 0.9579
243/352 [===================>..........] - ETA: 5s - loss: 0.1231 - accuracy: 0.9432 - precision: 0.9288 - recall: 0.9580
244/352 [===================>..........] - ETA: 5s - loss: 0.1227 - accuracy: 0.9435 - precision: 0.9292 - recall: 0.9583
246/352 [===================>..........] - ETA: 5s - loss: 0.1223 - accuracy: 0.9434 - precision: 0.9290 - recall: 0.9587
248/352 [====================>.........] - ETA: 5s - loss: 0.1253 - accuracy: 0.9429 - precision: 0.9277 - recall: 0.9591
250/352 [====================>.........] - ETA: 5s - loss: 0.1257 - accuracy: 0.9428 - precision: 0.9272 - recall: 0.9593
251/352 [====================>.........] - ETA: 5s - loss: 0.1252 - accuracy: 0.9431 - precision: 0.9275 - recall: 0.9594
252/352 [====================>.........] - ETA: 5s - loss: 0.1252 - accuracy: 0.9428 - precision: 0.9268 - recall: 0.9596
254/352 [====================>.........] - ETA: 4s - loss: 0.1260 - accuracy: 0.9423 - precision: 0.9264 - recall: 0.9589
256/352 [====================>.........] - ETA: 4s - loss: 0.1252 - accuracy: 0.9427 - precision: 0.9269 - recall: 0.9592
258/352 [====================>.........] - ETA: 4s - loss: 0.1266 - accuracy: 0.9412 - precision: 0.9264 - recall: 0.9566
259/352 [=====================>........] - ETA: 4s - loss: 0.1266 - accuracy: 0.9414 - precision: 0.9267 - recall: 0.9568
261/352 [=====================>........] - ETA: 4s - loss: 0.1277 - accuracy: 0.9414 - precision: 0.9272 - recall: 0.9561
262/352 [=====================>........] - ETA: 4s - loss: 0.1272 - accuracy: 0.9416 - precision: 0.9275 - recall: 0.9563
264/352 [=====================>........] - ETA: 4s - loss: 0.1270 - accuracy: 0.9421 - precision: 0.9280 - recall: 0.9566
265/352 [=====================>........] - ETA: 4s - loss: 0.1268 - accuracy: 0.9423 - precision: 0.9283 - recall: 0.9568
266/352 [=====================>........] - ETA: 4s - loss: 0.1265 - accuracy: 0.9425 - precision: 0.9285 - recall: 0.9569
267/352 [=====================>........] - ETA: 4s - loss: 0.1262 - accuracy: 0.9427 - precision: 0.9288 - recall: 0.9571
268/352 [=====================>........] - ETA: 4s - loss: 0.1275 - accuracy: 0.9420 - precision: 0.9282 - recall: 0.9564
269/352 [=====================>........] - ETA: 4s - loss: 0.1271 - accuracy: 0.9422 - precision: 0.9285 - recall: 0.9566
270/352 [======================>.......] - ETA: 4s - loss: 0.1269 - accuracy: 0.9424 - precision: 0.9287 - recall: 0.9567
272/352 [======================>.......] - ETA: 4s - loss: 0.1269 - accuracy: 0.9424 - precision: 0.9285 - recall: 0.9571
273/352 [======================>.......] - ETA: 4s - loss: 0.1266 - accuracy: 0.9426 - precision: 0.9290 - recall: 0.9574
275/352 [======================>.......] - ETA: 4s - loss: 0.1265 - accuracy: 0.9426 - precision: 0.9287 - recall: 0.9577
276/352 [======================>.......] - ETA: 3s - loss: 0.1265 - accuracy: 0.9423 - precision: 0.9282 - recall: 0.9579
277/352 [======================>.......] - ETA: 3s - loss: 0.1265 - accuracy: 0.9421 - precision: 0.9284 - recall: 0.9572
279/352 [======================>.......] - ETA: 3s - loss: 0.1263 - accuracy: 0.9420 - precision: 0.9281 - recall: 0.9575
281/352 [======================>.......] - ETA: 3s - loss: 0.1266 - accuracy: 0.9416 - precision: 0.9269 - recall: 0.9577
283/352 [=======================>......] - ETA: 3s - loss: 0.1269 - accuracy: 0.9415 - precision: 0.9266 - recall: 0.9580
285/352 [=======================>......] - ETA: 3s - loss: 0.1266 - accuracy: 0.9420 - precision: 0.9267 - recall: 0.9581
287/352 [=======================>......] - ETA: 3s - loss: 0.1267 - accuracy: 0.9419 - precision: 0.9274 - recall: 0.9576
289/352 [=======================>......] - ETA: 3s - loss: 0.1270 - accuracy: 0.9423 - precision: 0.9278 - recall: 0.9579
291/352 [=======================>......] - ETA: 3s - loss: 0.1271 - accuracy: 0.9419 - precision: 0.9273 - recall: 0.9572
293/352 [=======================>......] - ETA: 3s - loss: 0.1272 - accuracy: 0.9418 - precision: 0.9278 - recall: 0.9567
295/352 [========================>.....] - ETA: 2s - loss: 0.1274 - accuracy: 0.9418 - precision: 0.9275 - recall: 0.9570
297/352 [========================>.....] - ETA: 2s - loss: 0.1276 - accuracy: 0.9418 - precision: 0.9279 - recall: 0.9564
299/352 [========================>.....] - ETA: 2s - loss: 0.1285 - accuracy: 0.9417 - precision: 0.9284 - recall: 0.9559
301/352 [========================>.....] - ETA: 2s - loss: 0.1283 - accuracy: 0.9417 - precision: 0.9289 - recall: 0.9554
303/352 [========================>.....] - ETA: 2s - loss: 0.1278 - accuracy: 0.9421 - precision: 0.9292 - recall: 0.9556
305/352 [========================>.....] - ETA: 2s - loss: 0.1274 - accuracy: 0.9425 - precision: 0.9298 - recall: 0.9560
307/352 [=========================>....] - ETA: 2s - loss: 0.1273 - accuracy: 0.9424 - precision: 0.9302 - recall: 0.9555
309/352 [=========================>....] - ETA: 2s - loss: 0.1271 - accuracy: 0.9428 - precision: 0.9307 - recall: 0.9558
311/352 [=========================>....] - ETA: 2s - loss: 0.1264 - accuracy: 0.9432 - precision: 0.9311 - recall: 0.9561
312/352 [=========================>....] - ETA: 2s - loss: 0.1261 - accuracy: 0.9434 - precision: 0.9314 - recall: 0.9563
314/352 [=========================>....] - ETA: 1s - loss: 0.1261 - accuracy: 0.9433 - precision: 0.9311 - recall: 0.9566
315/352 [=========================>....] - ETA: 1s - loss: 0.1266 - accuracy: 0.9431 - precision: 0.9306 - recall: 0.9567
316/352 [=========================>....] - ETA: 1s - loss: 0.1262 - accuracy: 0.9433 - precision: 0.9307 - recall: 0.9568
317/352 [==========================>...] - ETA: 1s - loss: 0.1268 - accuracy: 0.9431 - precision: 0.9303 - recall: 0.9570
319/352 [==========================>...] - ETA: 1s - loss: 0.1277 - accuracy: 0.9427 - precision: 0.9291 - recall: 0.9571
320/352 [==========================>...] - ETA: 1s - loss: 0.1274 - accuracy: 0.9428 - precision: 0.9294 - recall: 0.9573
321/352 [==========================>...] - ETA: 1s - loss: 0.1271 - accuracy: 0.9430 - precision: 0.9297 - recall: 0.9575
322/352 [==========================>...] - ETA: 1s - loss: 0.1271 - accuracy: 0.9432 - precision: 0.9298 - recall: 0.9576
323/352 [==========================>...] - ETA: 1s - loss: 0.1268 - accuracy: 0.9434 - precision: 0.9300 - recall: 0.9577
324/352 [==========================>...] - ETA: 1s - loss: 0.1279 - accuracy: 0.9428 - precision: 0.9287 - recall: 0.9577
325/352 [==========================>...] - ETA: 1s - loss: 0.1277 - accuracy: 0.9429 - precision: 0.9290 - recall: 0.9579
326/352 [==========================>...] - ETA: 1s - loss: 0.1274 - accuracy: 0.9431 - precision: 0.9293 - recall: 0.9581
327/352 [==========================>...] - ETA: 1s - loss: 0.1271 - accuracy: 0.9433 - precision: 0.9295 - recall: 0.9582
328/352 [==========================>...] - ETA: 1s - loss: 0.1274 - accuracy: 0.9431 - precision: 0.9291 - recall: 0.9584
329/352 [===========================>..] - ETA: 1s - loss: 0.1272 - accuracy: 0.9433 - precision: 0.9292 - recall: 0.9585
330/352 [===========================>..] - ETA: 1s - loss: 0.1270 - accuracy: 0.9434 - precision: 0.9293 - recall: 0.9586
331/352 [===========================>..] - ETA: 1s - loss: 0.1266 - accuracy: 0.9436 - precision: 0.9295 - recall: 0.9587
332/352 [===========================>..] - ETA: 1s - loss: 0.1263 - accuracy: 0.9438 - precision: 0.9296 - recall: 0.9587
333/352 [===========================>..] - ETA: 0s - loss: 0.1259 - accuracy: 0.9439 - precision: 0.9298 - recall: 0.9589
334/352 [===========================>..] - ETA: 0s - loss: 0.1257 - accuracy: 0.9441 - precision: 0.9300 - recall: 0.9590
335/352 [===========================>..] - ETA: 0s - loss: 0.1254 - accuracy: 0.9443 - precision: 0.9301 - recall: 0.9591
336/352 [===========================>..] - ETA: 0s - loss: 0.1255 - accuracy: 0.9441 - precision: 0.9303 - recall: 0.9584
337/352 [===========================>..] - ETA: 0s - loss: 0.1252 - accuracy: 0.9442 - precision: 0.9305 - recall: 0.9586
338/352 [===========================>..] - ETA: 0s - loss: 0.1252 - accuracy: 0.9440 - precision: 0.9306 - recall: 0.9579
339/352 [===========================>..] - ETA: 0s - loss: 0.1253 - accuracy: 0.9442 - precision: 0.9309 - recall: 0.9581
340/352 [===========================>..] - ETA: 0s - loss: 0.1250 - accuracy: 0.9444 - precision: 0.9310 - recall: 0.9581
341/352 [============================>.] - ETA: 0s - loss: 0.1260 - accuracy: 0.9438 - precision: 0.9305 - recall: 0.9575
342/352 [============================>.] - ETA: 0s - loss: 0.1257 - accuracy: 0.9440 - precision: 0.9308 - recall: 0.9577
343/352 [============================>.] - ETA: 0s - loss: 0.1257 - accuracy: 0.9438 - precision: 0.9308 - recall: 0.9570
344/352 [============================>.] - ETA: 0s - loss: 0.1255 - accuracy: 0.9439 - precision: 0.9310 - recall: 0.9572
345/352 [============================>.] - ETA: 0s - loss: 0.1252 - accuracy: 0.9441 - precision: 0.9313 - recall: 0.9573
346/352 [============================>.] - ETA: 0s - loss: 0.1251 - accuracy: 0.9442 - precision: 0.9315 - recall: 0.9574
347/352 [============================>.] - ETA: 0s - loss: 0.1251 - accuracy: 0.9440 - precision: 0.9316 - recall: 0.9568
348/352 [============================>.] - ETA: 0s - loss: 0.1266 - accuracy: 0.9435 - precision: 0.9318 - recall: 0.9555
349/352 [============================>.] - ETA: 0s - loss: 0.1266 - accuracy: 0.9433 - precision: 0.9318 - recall: 0.9549
350/352 [============================>.] - ETA: 0s - loss: 0.1267 - accuracy: 0.9431 - precision: 0.9313 - recall: 0.9549
351/352 [============================>.] - ETA: 0s - loss: 0.1263 - accuracy: 0.9433 - precision: 0.9315 - recall: 0.9551
352/352 [==============================] - ETA: 0s - loss: 0.1266 - accuracy: 0.9431 - precision: 0.9311 - recall: 0.9553
Epoch 8: saving model to C:\SIRCH_ENV\models\revision\exp13_grouped_retraining\gru_augmented_grouped\checkpoints\gru_augmented_grouped_epoch_008.weights.h5

Epoch 8: val_loss did not improve from 0.30821

352/352 [==============================] - 20s 57ms/step - loss: 0.1266 - accuracy: 0.9431 - precision: 0.9311 - recall: 0.9553 - val_loss: 0.4323 - val_accuracy: 0.8509 - val_precision: 0.8514 - val_recall: 0.8485 - lr: 5.0000e-05
Epoch 9/30

  1/352 [..............................] - ETA: 43s - loss: 0.3803 - accuracy: 0.8750 - precision: 0.8333 - recall: 1.0000
  2/352 [..............................] - ETA: 31s - loss: 0.2542 - accuracy: 0.8750 - precision: 0.8462 - recall: 1.0000
  3/352 [..............................] - ETA: 30s - loss: 0.1982 - accuracy: 0.9167 - precision: 0.8750 - recall: 1.0000
  4/352 [..............................] - ETA: 30s - loss: 0.1549 - accuracy: 0.9375 - precision: 0.8947 - recall: 1.0000
  5/352 [..............................] - ETA: 30s - loss: 0.1304 - accuracy: 0.9500 - precision: 0.9048 - recall: 1.0000
  6/352 [..............................] - ETA: 30s - loss: 0.1551 - accuracy: 0.9375 - precision: 0.8846 - recall: 1.0000
  7/352 [..............................] - ETA: 30s - loss: 0.1391 - accuracy: 0.9464 - precision: 0.9032 - recall: 1.0000
  8/352 [..............................] - ETA: 30s - loss: 0.1845 - accuracy: 0.9219 - precision: 0.8919 - recall: 0.9706
  9/352 [..............................] - ETA: 30s - loss: 0.1655 - accuracy: 0.9306 - precision: 0.9048 - recall: 0.9744
 10/352 [..............................] - ETA: 30s - loss: 0.1571 - accuracy: 0.9375 - precision: 0.9111 - recall: 0.9762
 11/352 [..............................] - ETA: 30s - loss: 0.1450 - accuracy: 0.9432 - precision: 0.9184 - recall: 0.9783
 12/352 [>.............................] - ETA: 30s - loss: 0.1331 - accuracy: 0.9479 - precision: 0.9216 - recall: 0.9792
 13/352 [>.............................] - ETA: 29s - loss: 0.1312 - accuracy: 0.9490 - precision: 0.9231 - recall: 0.9796
 14/352 [>.............................] - ETA: 30s - loss: 0.1404 - accuracy: 0.9434 - precision: 0.9259 - recall: 0.9615
 15/352 [>.............................] - ETA: 30s - loss: 0.1409 - accuracy: 0.9474 - precision: 0.9310 - recall: 0.9643
 16/352 [>.............................] - ETA: 31s - loss: 0.1353 - accuracy: 0.9508 - precision: 0.9333 - recall: 0.9655
 17/352 [>.............................] - ETA: 31s - loss: 0.1317 - accuracy: 0.9538 - precision: 0.9365 - recall: 0.9672
 18/352 [>.............................] - ETA: 30s - loss: 0.1276 - accuracy: 0.9565 - precision: 0.9394 - recall: 0.9688
 19/352 [>.............................] - ETA: 30s - loss: 0.1237 - accuracy: 0.9589 - precision: 0.9420 - recall: 0.9701
 20/352 [>.............................] - ETA: 30s - loss: 0.1254 - accuracy: 0.9610 - precision: 0.9459 - recall: 0.9722
 21/352 [>.............................] - ETA: 30s - loss: 0.1223 - accuracy: 0.9630 - precision: 0.9487 - recall: 0.9737
 22/352 [>.............................] - ETA: 29s - loss: 0.1215 - accuracy: 0.9588 - precision: 0.9518 - recall: 0.9634
 23/352 [>.............................] - ETA: 29s - loss: 0.1354 - accuracy: 0.9438 - precision: 0.9213 - recall: 0.9647
 24/352 [=>............................] - ETA: 29s - loss: 0.1393 - accuracy: 0.9409 - precision: 0.9140 - recall: 0.9659
 25/352 [=>............................] - ETA: 29s - loss: 0.1403 - accuracy: 0.9381 - precision: 0.9175 - recall: 0.9570
 26/352 [=>............................] - ETA: 29s - loss: 0.1355 - accuracy: 0.9406 - precision: 0.9200 - recall: 0.9583
 27/352 [=>............................] - ETA: 29s - loss: 0.1306 - accuracy: 0.9429 - precision: 0.9216 - recall: 0.9592
 28/352 [=>............................] - ETA: 28s - loss: 0.1277 - accuracy: 0.9450 - precision: 0.9252 - recall: 0.9612
 29/352 [=>............................] - ETA: 28s - loss: 0.1244 - accuracy: 0.9469 - precision: 0.9279 - recall: 0.9626
 30/352 [=>............................] - ETA: 28s - loss: 0.1276 - accuracy: 0.9444 - precision: 0.9231 - recall: 0.9643
 31/352 [=>............................] - ETA: 28s - loss: 0.1250 - accuracy: 0.9463 - precision: 0.9274 - recall: 0.9664
 32/352 [=>............................] - ETA: 28s - loss: 0.1210 - accuracy: 0.9480 - precision: 0.9302 - recall: 0.9677
 33/352 [=>............................] - ETA: 28s - loss: 0.1176 - accuracy: 0.9496 - precision: 0.9323 - recall: 0.9688
 34/352 [=>............................] - ETA: 27s - loss: 0.1167 - accuracy: 0.9511 - precision: 0.9333 - recall: 0.9692
 35/352 [=>............................] - ETA: 27s - loss: 0.1259 - accuracy: 0.9453 - precision: 0.9286 - recall: 0.9630
 36/352 [==>...........................] - ETA: 27s - loss: 0.1259 - accuracy: 0.9468 - precision: 0.9301 - recall: 0.9638
 37/352 [==>...........................] - ETA: 27s - loss: 0.1261 - accuracy: 0.9448 - precision: 0.9247 - recall: 0.9643
 38/352 [==>...........................] - ETA: 27s - loss: 0.1250 - accuracy: 0.9463 - precision: 0.9272 - recall: 0.9655
 39/352 [==>...........................] - ETA: 27s - loss: 0.1239 - accuracy: 0.9477 - precision: 0.9281 - recall: 0.9660
 40/352 [==>...........................] - ETA: 27s - loss: 0.1280 - accuracy: 0.9459 - precision: 0.9241 - recall: 0.9669
 41/352 [==>...........................] - ETA: 27s - loss: 0.1251 - accuracy: 0.9472 - precision: 0.9255 - recall: 0.9675
 42/352 [==>...........................] - ETA: 26s - loss: 0.1302 - accuracy: 0.9424 - precision: 0.9259 - recall: 0.9554
 43/352 [==>...........................] - ETA: 26s - loss: 0.1325 - accuracy: 0.9408 - precision: 0.9290 - recall: 0.9515
 44/352 [==>...........................] - ETA: 26s - loss: 0.1306 - accuracy: 0.9422 - precision: 0.9302 - recall: 0.9524
 45/352 [==>...........................] - ETA: 26s - loss: 0.1379 - accuracy: 0.9379 - precision: 0.9266 - recall: 0.9480
 46/352 [==>...........................] - ETA: 26s - loss: 0.1417 - accuracy: 0.9365 - precision: 0.9235 - recall: 0.9494
 47/352 [===>..........................] - ETA: 26s - loss: 0.1439 - accuracy: 0.9351 - precision: 0.9255 - recall: 0.9457
 48/352 [===>..........................] - ETA: 26s - loss: 0.1410 - accuracy: 0.9365 - precision: 0.9267 - recall: 0.9465
 49/352 [===>..........................] - ETA: 25s - loss: 0.1387 - accuracy: 0.9378 - precision: 0.9282 - recall: 0.9476
 50/352 [===>..........................] - ETA: 25s - loss: 0.1360 - accuracy: 0.9391 - precision: 0.9293 - recall: 0.9485
 51/352 [===>..........................] - ETA: 25s - loss: 0.1351 - accuracy: 0.9403 - precision: 0.9307 - recall: 0.9495
 52/352 [===>..........................] - ETA: 25s - loss: 0.1329 - accuracy: 0.9415 - precision: 0.9327 - recall: 0.9510
 53/352 [===>..........................] - ETA: 25s - loss: 0.1390 - accuracy: 0.9378 - precision: 0.9242 - recall: 0.9512
 54/352 [===>..........................] - ETA: 25s - loss: 0.1473 - accuracy: 0.9366 - precision: 0.9213 - recall: 0.9522
 55/352 [===>..........................] - ETA: 25s - loss: 0.1454 - accuracy: 0.9378 - precision: 0.9227 - recall: 0.9531
 56/352 [===>..........................] - ETA: 25s - loss: 0.1440 - accuracy: 0.9389 - precision: 0.9234 - recall: 0.9535
 57/352 [===>..........................] - ETA: 25s - loss: 0.1436 - accuracy: 0.9378 - precision: 0.9214 - recall: 0.9548
 58/352 [===>..........................] - ETA: 25s - loss: 0.1419 - accuracy: 0.9389 - precision: 0.9227 - recall: 0.9556
 59/352 [====>.........................] - ETA: 25s - loss: 0.1404 - accuracy: 0.9399 - precision: 0.9253 - recall: 0.9571
 60/352 [====>.........................] - ETA: 25s - loss: 0.1404 - accuracy: 0.9388 - precision: 0.9228 - recall: 0.9578
 61/352 [====>.........................] - ETA: 25s - loss: 0.1385 - accuracy: 0.9398 - precision: 0.9237 - recall: 0.9583
 62/352 [====>.........................] - ETA: 25s - loss: 0.1375 - accuracy: 0.9408 - precision: 0.9249 - recall: 0.9590
 63/352 [====>.........................] - ETA: 25s - loss: 0.1382 - accuracy: 0.9398 - precision: 0.9252 - recall: 0.9553
 64/352 [====>.........................] - ETA: 25s - loss: 0.1374 - accuracy: 0.9407 - precision: 0.9269 - recall: 0.9563
 65/352 [====>.........................] - ETA: 25s - loss: 0.1367 - accuracy: 0.9416 - precision: 0.9280 - recall: 0.9570
 66/352 [====>.........................] - ETA: 25s - loss: 0.1349 - accuracy: 0.9425 - precision: 0.9286 - recall: 0.9574
 67/352 [====>.........................] - ETA: 25s - loss: 0.1335 - accuracy: 0.9434 - precision: 0.9296 - recall: 0.9580
 68/352 [====>.........................] - ETA: 25s - loss: 0.1328 - accuracy: 0.9442 - precision: 0.9312 - recall: 0.9590
 69/352 [====>.........................] - ETA: 24s - loss: 0.1328 - accuracy: 0.9432 - precision: 0.9288 - recall: 0.9596
 70/352 [====>.........................] - ETA: 24s - loss: 0.1335 - accuracy: 0.9422 - precision: 0.9268 - recall: 0.9603
 71/352 [=====>........................] - ETA: 24s - loss: 0.1319 - accuracy: 0.9431 - precision: 0.9278 - recall: 0.9609
 72/352 [=====>........................] - ETA: 24s - loss: 0.1304 - accuracy: 0.9439 - precision: 0.9286 - recall: 0.9613
 73/352 [=====>........................] - ETA: 24s - loss: 0.1330 - accuracy: 0.9429 - precision: 0.9293 - recall: 0.9583
 74/352 [=====>........................] - ETA: 24s - loss: 0.1350 - accuracy: 0.9403 - precision: 0.9305 - recall: 0.9525
 75/352 [=====>........................] - ETA: 24s - loss: 0.1368 - accuracy: 0.9394 - precision: 0.9276 - recall: 0.9527
 76/352 [=====>........................] - ETA: 24s - loss: 0.1357 - accuracy: 0.9402 - precision: 0.9281 - recall: 0.9530
 77/352 [=====>........................] - ETA: 24s - loss: 0.1344 - accuracy: 0.9410 - precision: 0.9290 - recall: 0.9536
 78/352 [=====>........................] - ETA: 24s - loss: 0.1334 - accuracy: 0.9417 - precision: 0.9297 - recall: 0.9541
 79/352 [=====>........................] - ETA: 24s - loss: 0.1324 - accuracy: 0.9425 - precision: 0.9310 - recall: 0.9550
 80/352 [=====>........................] - ETA: 24s - loss: 0.1308 - accuracy: 0.9432 - precision: 0.9319 - recall: 0.9556
 81/352 [=====>........................] - ETA: 23s - loss: 0.1293 - accuracy: 0.9439 - precision: 0.9329 - recall: 0.9563
 82/352 [=====>........................] - ETA: 23s - loss: 0.1305 - accuracy: 0.9431 - precision: 0.9333 - recall: 0.9536
 83/352 [======>.......................] - ETA: 23s - loss: 0.1299 - accuracy: 0.9438 - precision: 0.9343 - recall: 0.9543
 84/352 [======>.......................] - ETA: 23s - loss: 0.1288 - accuracy: 0.9444 - precision: 0.9353 - recall: 0.9550
 85/352 [======>.......................] - ETA: 23s - loss: 0.1283 - accuracy: 0.9451 - precision: 0.9359 - recall: 0.9554
 86/352 [======>.......................] - ETA: 23s - loss: 0.1269 - accuracy: 0.9457 - precision: 0.9364 - recall: 0.9558
 87/352 [======>.......................] - ETA: 23s - loss: 0.1268 - accuracy: 0.9449 - precision: 0.9345 - recall: 0.9563
 88/352 [======>.......................] - ETA: 23s - loss: 0.1255 - accuracy: 0.9456 - precision: 0.9356 - recall: 0.9570
 89/352 [======>.......................] - ETA: 23s - loss: 0.1249 - accuracy: 0.9462 - precision: 0.9363 - recall: 0.9575
 90/352 [======>.......................] - ETA: 23s - loss: 0.1241 - accuracy: 0.9468 - precision: 0.9373 - recall: 0.9582
 91/352 [======>.......................] - ETA: 23s - loss: 0.1233 - accuracy: 0.9474 - precision: 0.9380 - recall: 0.9587
 92/352 [======>.......................] - ETA: 23s - loss: 0.1226 - accuracy: 0.9479 - precision: 0.9385 - recall: 0.9590
 93/352 [======>.......................] - ETA: 22s - loss: 0.1217 - accuracy: 0.9485 - precision: 0.9390 - recall: 0.9593
 94/352 [=======>......................] - ETA: 22s - loss: 0.1205 - accuracy: 0.9491 - precision: 0.9393 - recall: 0.9596
 95/352 [=======>......................] - ETA: 22s - loss: 0.1233 - accuracy: 0.9483 - precision: 0.9380 - recall: 0.9603
 96/352 [=======>......................] - ETA: 22s - loss: 0.1230 - accuracy: 0.9488 - precision: 0.9383 - recall: 0.9605
 97/352 [=======>......................] - ETA: 22s - loss: 0.1239 - accuracy: 0.9468 - precision: 0.9386 - recall: 0.9557
 98/352 [=======>......................] - ETA: 22s - loss: 0.1227 - accuracy: 0.9473 - precision: 0.9392 - recall: 0.9562
 99/352 [=======>......................] - ETA: 22s - loss: 0.1234 - accuracy: 0.9466 - precision: 0.9370 - recall: 0.9563
100/352 [=======>......................] - ETA: 22s - loss: 0.1225 - accuracy: 0.9471 - precision: 0.9377 - recall: 0.9567
101/352 [=======>......................] - ETA: 22s - loss: 0.1241 - accuracy: 0.9464 - precision: 0.9381 - recall: 0.9547
102/352 [=======>......................] - ETA: 22s - loss: 0.1260 - accuracy: 0.9444 - precision: 0.9363 - recall: 0.9526
103/352 [=======>......................] - ETA: 22s - loss: 0.1249 - accuracy: 0.9450 - precision: 0.9367 - recall: 0.9530
104/352 [=======>......................] - ETA: 22s - loss: 0.1240 - accuracy: 0.9455 - precision: 0.9375 - recall: 0.9535
105/352 [=======>......................] - ETA: 22s - loss: 0.1234 - accuracy: 0.9460 - precision: 0.9382 - recall: 0.9541
106/352 [========>.....................] - ETA: 22s - loss: 0.1224 - accuracy: 0.9466 - precision: 0.9385 - recall: 0.9543
107/352 [========>.....................] - ETA: 21s - loss: 0.1216 - accuracy: 0.9471 - precision: 0.9390 - recall: 0.9547
108/352 [========>.....................] - ETA: 21s - loss: 0.1219 - accuracy: 0.9464 - precision: 0.9369 - recall: 0.9548
109/352 [========>.....................] - ETA: 21s - loss: 0.1254 - accuracy: 0.9457 - precision: 0.9347 - recall: 0.9548
110/352 [========>.....................] - ETA: 21s - loss: 0.1242 - accuracy: 0.9462 - precision: 0.9355 - recall: 0.9553
111/352 [========>.....................] - ETA: 21s - loss: 0.1236 - accuracy: 0.9467 - precision: 0.9364 - recall: 0.9559
112/352 [========>.....................] - ETA: 21s - loss: 0.1242 - accuracy: 0.9461 - precision: 0.9368 - recall: 0.9540
113/352 [========>.....................] - ETA: 21s - loss: 0.1234 - accuracy: 0.9465 - precision: 0.9371 - recall: 0.9542
114/352 [========>.....................] - ETA: 21s - loss: 0.1236 - accuracy: 0.9459 - precision: 0.9376 - recall: 0.9525
115/352 [========>.....................] - ETA: 21s - loss: 0.1278 - accuracy: 0.9453 - precision: 0.9382 - recall: 0.9508
116/352 [========>.....................] - ETA: 21s - loss: 0.1272 - accuracy: 0.9458 - precision: 0.9387 - recall: 0.9512
117/352 [========>.....................] - ETA: 21s - loss: 0.1264 - accuracy: 0.9462 - precision: 0.9394 - recall: 0.9518
118/352 [=========>....................] - ETA: 21s - loss: 0.1254 - accuracy: 0.9467 - precision: 0.9402 - recall: 0.9524
119/352 [=========>....................] - ETA: 20s - loss: 0.1247 - accuracy: 0.9471 - precision: 0.9407 - recall: 0.9528
120/352 [=========>....................] - ETA: 20s - loss: 0.1251 - accuracy: 0.9476 - precision: 0.9412 - recall: 0.9532
121/352 [=========>....................] - ETA: 20s - loss: 0.1242 - accuracy: 0.9480 - precision: 0.9414 - recall: 0.9534
122/352 [=========>....................] - ETA: 20s - loss: 0.1235 - accuracy: 0.9485 - precision: 0.9420 - recall: 0.9539
123/352 [=========>....................] - ETA: 20s - loss: 0.1239 - accuracy: 0.9479 - precision: 0.9406 - recall: 0.9543
124/352 [=========>....................] - ETA: 20s - loss: 0.1233 - accuracy: 0.9483 - precision: 0.9411 - recall: 0.9546
125/352 [=========>....................] - ETA: 20s - loss: 0.1242 - accuracy: 0.9477 - precision: 0.9398 - recall: 0.9551
126/352 [=========>....................] - ETA: 20s - loss: 0.1234 - accuracy: 0.9481 - precision: 0.9399 - recall: 0.9552
127/352 [=========>....................] - ETA: 20s - loss: 0.1228 - accuracy: 0.9485 - precision: 0.9402 - recall: 0.9555
128/352 [=========>....................] - ETA: 20s - loss: 0.1222 - accuracy: 0.9489 - precision: 0.9406 - recall: 0.9557
129/352 [=========>....................] - ETA: 20s - loss: 0.1223 - accuracy: 0.9483 - precision: 0.9390 - recall: 0.9559
130/352 [==========>...................] - ETA: 20s - loss: 0.1215 - accuracy: 0.9487 - precision: 0.9395 - recall: 0.9563
131/352 [==========>...................] - ETA: 19s - loss: 0.1212 - accuracy: 0.9491 - precision: 0.9400 - recall: 0.9567
132/352 [==========>...................] - ETA: 19s - loss: 0.1205 - accuracy: 0.9495 - precision: 0.9404 - recall: 0.9569
133/352 [==========>...................] - ETA: 19s - loss: 0.1199 - accuracy: 0.9499 - precision: 0.9410 - recall: 0.9574
134/352 [==========>...................] - ETA: 19s - loss: 0.1204 - accuracy: 0.9503 - precision: 0.9416 - recall: 0.9579
135/352 [==========>...................] - ETA: 19s - loss: 0.1198 - accuracy: 0.9507 - precision: 0.9418 - recall: 0.9580
136/352 [==========>...................] - ETA: 19s - loss: 0.1202 - accuracy: 0.9501 - precision: 0.9405 - recall: 0.9583
137/352 [==========>...................] - ETA: 19s - loss: 0.1201 - accuracy: 0.9505 - precision: 0.9412 - recall: 0.9588
138/352 [==========>...................] - ETA: 19s - loss: 0.1236 - accuracy: 0.9499 - precision: 0.9398 - recall: 0.9590
139/352 [==========>...................] - ETA: 19s - loss: 0.1259 - accuracy: 0.9494 - precision: 0.9386 - recall: 0.9594
140/352 [==========>...................] - ETA: 19s - loss: 0.1251 - accuracy: 0.9497 - precision: 0.9388 - recall: 0.9596
141/352 [===========>..................] - ETA: 19s - loss: 0.1244 - accuracy: 0.9501 - precision: 0.9393 - recall: 0.9599
142/352 [===========>..................] - ETA: 19s - loss: 0.1242 - accuracy: 0.9504 - precision: 0.9394 - recall: 0.9599
143/352 [===========>..................] - ETA: 18s - loss: 0.1234 - accuracy: 0.9508 - precision: 0.9401 - recall: 0.9604
144/352 [===========>..................] - ETA: 18s - loss: 0.1235 - accuracy: 0.9511 - precision: 0.9406 - recall: 0.9607
145/352 [===========>..................] - ETA: 18s - loss: 0.1229 - accuracy: 0.9515 - precision: 0.9408 - recall: 0.9609
146/352 [===========>..................] - ETA: 18s - loss: 0.1224 - accuracy: 0.9518 - precision: 0.9412 - recall: 0.9611
147/352 [===========>..................] - ETA: 18s - loss: 0.1222 - accuracy: 0.9521 - precision: 0.9418 - recall: 0.9615
148/352 [===========>..................] - ETA: 18s - loss: 0.1220 - accuracy: 0.9525 - precision: 0.9423 - recall: 0.9619
149/352 [===========>..................] - ETA: 18s - loss: 0.1212 - accuracy: 0.9528 - precision: 0.9427 - recall: 0.9621
150/352 [===========>..................] - ETA: 18s - loss: 0.1206 - accuracy: 0.9531 - precision: 0.9431 - recall: 0.9625
151/352 [===========>..................] - ETA: 18s - loss: 0.1202 - accuracy: 0.9534 - precision: 0.9434 - recall: 0.9626
152/352 [===========>..................] - ETA: 18s - loss: 0.1204 - accuracy: 0.9537 - precision: 0.9439 - recall: 0.9630
153/352 [============>.................] - ETA: 18s - loss: 0.1196 - accuracy: 0.9540 - precision: 0.9444 - recall: 0.9633
154/352 [============>.................] - ETA: 18s - loss: 0.1189 - accuracy: 0.9543 - precision: 0.9446 - recall: 0.9635
155/352 [============>.................] - ETA: 17s - loss: 0.1187 - accuracy: 0.9546 - precision: 0.9451 - recall: 0.9638
156/352 [============>.................] - ETA: 17s - loss: 0.1179 - accuracy: 0.9549 - precision: 0.9452 - recall: 0.9639
157/352 [============>.................] - ETA: 17s - loss: 0.1173 - accuracy: 0.9552 - precision: 0.9455 - recall: 0.9641
158/352 [============>.................] - ETA: 17s - loss: 0.1180 - accuracy: 0.9547 - precision: 0.9444 - recall: 0.9643
159/352 [============>.................] - ETA: 17s - loss: 0.1200 - accuracy: 0.9542 - precision: 0.9434 - recall: 0.9646
160/352 [============>.................] - ETA: 17s - loss: 0.1193 - accuracy: 0.9545 - precision: 0.9440 - recall: 0.9650
161/352 [============>.................] - ETA: 17s - loss: 0.1188 - accuracy: 0.9548 - precision: 0.9444 - recall: 0.9653
162/352 [============>.................] - ETA: 17s - loss: 0.1192 - accuracy: 0.9543 - precision: 0.9447 - recall: 0.9639
163/352 [============>.................] - ETA: 17s - loss: 0.1186 - accuracy: 0.9545 - precision: 0.9452 - recall: 0.9643
164/352 [============>.................] - ETA: 17s - loss: 0.1180 - accuracy: 0.9548 - precision: 0.9457 - recall: 0.9646
165/352 [=============>................] - ETA: 17s - loss: 0.1189 - accuracy: 0.9543 - precision: 0.9460 - recall: 0.9634
166/352 [=============>................] - ETA: 17s - loss: 0.1184 - accuracy: 0.9546 - precision: 0.9464 - recall: 0.9636
167/352 [=============>................] - ETA: 17s - loss: 0.1204 - accuracy: 0.9541 - precision: 0.9467 - recall: 0.9623
168/352 [=============>................] - ETA: 17s - loss: 0.1214 - accuracy: 0.9537 - precision: 0.9455 - recall: 0.9625
169/352 [=============>................] - ETA: 16s - loss: 0.1209 - accuracy: 0.9539 - precision: 0.9457 - recall: 0.9627
170/352 [=============>................] - ETA: 16s - loss: 0.1209 - accuracy: 0.9535 - precision: 0.9448 - recall: 0.9630
171/352 [=============>................] - ETA: 16s - loss: 0.1204 - accuracy: 0.9537 - precision: 0.9451 - recall: 0.9632
172/352 [=============>................] - ETA: 16s - loss: 0.1208 - accuracy: 0.9533 - precision: 0.9439 - recall: 0.9633
173/352 [=============>................] - ETA: 16s - loss: 0.1207 - accuracy: 0.9528 - precision: 0.9441 - recall: 0.9620
174/352 [=============>................] - ETA: 16s - loss: 0.1222 - accuracy: 0.9524 - precision: 0.9429 - recall: 0.9622
175/352 [=============>................] - ETA: 16s - loss: 0.1216 - accuracy: 0.9527 - precision: 0.9432 - recall: 0.9623
176/352 [==============>...............] - ETA: 16s - loss: 0.1230 - accuracy: 0.9515 - precision: 0.9408 - recall: 0.9625
177/352 [==============>...............] - ETA: 16s - loss: 0.1226 - accuracy: 0.9518 - precision: 0.9410 - recall: 0.9626
178/352 [==============>...............] - ETA: 16s - loss: 0.1220 - accuracy: 0.9520 - precision: 0.9413 - recall: 0.9628
179/352 [==============>...............] - ETA: 16s - loss: 0.1214 - accuracy: 0.9523 - precision: 0.9416 - recall: 0.9630
180/352 [==============>...............] - ETA: 15s - loss: 0.1208 - accuracy: 0.9526 - precision: 0.9420 - recall: 0.9633
181/352 [==============>...............] - ETA: 15s - loss: 0.1203 - accuracy: 0.9528 - precision: 0.9422 - recall: 0.9634
182/352 [==============>...............] - ETA: 15s - loss: 0.1199 - accuracy: 0.9531 - precision: 0.9425 - recall: 0.9636
183/352 [==============>...............] - ETA: 15s - loss: 0.1199 - accuracy: 0.9534 - precision: 0.9429 - recall: 0.9639
184/352 [==============>...............] - ETA: 15s - loss: 0.1193 - accuracy: 0.9536 - precision: 0.9434 - recall: 0.9642
185/352 [==============>...............] - ETA: 15s - loss: 0.1187 - accuracy: 0.9539 - precision: 0.9436 - recall: 0.9643
186/352 [==============>...............] - ETA: 15s - loss: 0.1194 - accuracy: 0.9534 - precision: 0.9440 - recall: 0.9633
187/352 [==============>...............] - ETA: 15s - loss: 0.1193 - accuracy: 0.9530 - precision: 0.9444 - recall: 0.9622
188/352 [===============>..............] - ETA: 15s - loss: 0.1195 - accuracy: 0.9526 - precision: 0.9446 - recall: 0.9611
189/352 [===============>..............] - ETA: 15s - loss: 0.1192 - accuracy: 0.9529 - precision: 0.9449 - recall: 0.9613
190/352 [===============>..............] - ETA: 15s - loss: 0.1187 - accuracy: 0.9531 - precision: 0.9452 - recall: 0.9615
191/352 [===============>..............] - ETA: 14s - loss: 0.1193 - accuracy: 0.9527 - precision: 0.9441 - recall: 0.9616
192/352 [===============>..............] - ETA: 14s - loss: 0.1188 - accuracy: 0.9529 - precision: 0.9444 - recall: 0.9618
193/352 [===============>..............] - ETA: 14s - loss: 0.1188 - accuracy: 0.9532 - precision: 0.9449 - recall: 0.9621
194/352 [===============>..............] - ETA: 14s - loss: 0.1187 - accuracy: 0.9534 - precision: 0.9450 - recall: 0.9622
195/352 [===============>..............] - ETA: 14s - loss: 0.1186 - accuracy: 0.9537 - precision: 0.9454 - recall: 0.9625
196/352 [===============>..............] - ETA: 14s - loss: 0.1181 - accuracy: 0.9539 - precision: 0.9458 - recall: 0.9628
197/352 [===============>..............] - ETA: 14s - loss: 0.1178 - accuracy: 0.9541 - precision: 0.9463 - recall: 0.9632
198/352 [===============>..............] - ETA: 14s - loss: 0.1182 - accuracy: 0.9537 - precision: 0.9466 - recall: 0.9621
199/352 [===============>..............] - ETA: 14s - loss: 0.1178 - accuracy: 0.9540 - precision: 0.9467 - recall: 0.9622
200/352 [================>.............] - ETA: 14s - loss: 0.1173 - accuracy: 0.9542 - precision: 0.9468 - recall: 0.9623
201/352 [================>.............] - ETA: 14s - loss: 0.1173 - accuracy: 0.9544 - precision: 0.9470 - recall: 0.9625
202/352 [================>.............] - ETA: 14s - loss: 0.1174 - accuracy: 0.9540 - precision: 0.9472 - recall: 0.9614
203/352 [================>.............] - ETA: 13s - loss: 0.1169 - accuracy: 0.9543 - precision: 0.9477 - recall: 0.9617
204/352 [================>.............] - ETA: 13s - loss: 0.1169 - accuracy: 0.9539 - precision: 0.9479 - recall: 0.9607
205/352 [================>.............] - ETA: 13s - loss: 0.1164 - accuracy: 0.9541 - precision: 0.9483 - recall: 0.9610
206/352 [================>.............] - ETA: 13s - loss: 0.1160 - accuracy: 0.9543 - precision: 0.9486 - recall: 0.9612
207/352 [================>.............] - ETA: 13s - loss: 0.1168 - accuracy: 0.9539 - precision: 0.9477 - recall: 0.9614
208/352 [================>.............] - ETA: 13s - loss: 0.1166 - accuracy: 0.9542 - precision: 0.9479 - recall: 0.9616
209/352 [================>.............] - ETA: 13s - loss: 0.1165 - accuracy: 0.9544 - precision: 0.9481 - recall: 0.9617
210/352 [================>.............] - ETA: 13s - loss: 0.1161 - accuracy: 0.9546 - precision: 0.9484 - recall: 0.9619
211/352 [================>.............] - ETA: 13s - loss: 0.1156 - accuracy: 0.9548 - precision: 0.9486 - recall: 0.9621
212/352 [=================>............] - ETA: 13s - loss: 0.1154 - accuracy: 0.9550 - precision: 0.9487 - recall: 0.9622
213/352 [=================>............] - ETA: 12s - loss: 0.1150 - accuracy: 0.9552 - precision: 0.9491 - recall: 0.9624
214/352 [=================>............] - ETA: 12s - loss: 0.1156 - accuracy: 0.9549 - precision: 0.9482 - recall: 0.9626
215/352 [=================>............] - ETA: 12s - loss: 0.1152 - accuracy: 0.9551 - precision: 0.9483 - recall: 0.9627
216/352 [=================>............] - ETA: 12s - loss: 0.1147 - accuracy: 0.9553 - precision: 0.9485 - recall: 0.9628
217/352 [=================>............] - ETA: 12s - loss: 0.1145 - accuracy: 0.9555 - precision: 0.9487 - recall: 0.9630
218/352 [=================>............] - ETA: 12s - loss: 0.1149 - accuracy: 0.9557 - precision: 0.9490 - recall: 0.9632
219/352 [=================>............] - ETA: 12s - loss: 0.1145 - accuracy: 0.9559 - precision: 0.9492 - recall: 0.9633
220/352 [=================>............] - ETA: 12s - loss: 0.1147 - accuracy: 0.9555 - precision: 0.9494 - recall: 0.9624
221/352 [=================>............] - ETA: 12s - loss: 0.1144 - accuracy: 0.9557 - precision: 0.9496 - recall: 0.9625
222/352 [=================>............] - ETA: 12s - loss: 0.1140 - accuracy: 0.9559 - precision: 0.9497 - recall: 0.9626
223/352 [==================>...........] - ETA: 11s - loss: 0.1143 - accuracy: 0.9561 - precision: 0.9500 - recall: 0.9628
224/352 [==================>...........] - ETA: 11s - loss: 0.1140 - accuracy: 0.9563 - precision: 0.9501 - recall: 0.9629
225/352 [==================>...........] - ETA: 11s - loss: 0.1138 - accuracy: 0.9565 - precision: 0.9503 - recall: 0.9630
226/352 [==================>...........] - ETA: 11s - loss: 0.1139 - accuracy: 0.9562 - precision: 0.9504 - recall: 0.9621
227/352 [==================>...........] - ETA: 11s - loss: 0.1136 - accuracy: 0.9564 - precision: 0.9507 - recall: 0.9623
228/352 [==================>...........] - ETA: 11s - loss: 0.1131 - accuracy: 0.9565 - precision: 0.9510 - recall: 0.9625
229/352 [==================>...........] - ETA: 11s - loss: 0.1129 - accuracy: 0.9567 - precision: 0.9512 - recall: 0.9627
230/352 [==================>...........] - ETA: 11s - loss: 0.1127 - accuracy: 0.9569 - precision: 0.9515 - recall: 0.9629
231/352 [==================>...........] - ETA: 11s - loss: 0.1132 - accuracy: 0.9566 - precision: 0.9517 - recall: 0.9620
232/352 [==================>...........] - ETA: 11s - loss: 0.1136 - accuracy: 0.9568 - precision: 0.9518 - recall: 0.9621
233/352 [==================>...........] - ETA: 11s - loss: 0.1134 - accuracy: 0.9569 - precision: 0.9519 - recall: 0.9622
234/352 [==================>...........] - ETA: 10s - loss: 0.1133 - accuracy: 0.9571 - precision: 0.9523 - recall: 0.9625
235/352 [===================>..........] - ETA: 10s - loss: 0.1133 - accuracy: 0.9568 - precision: 0.9524 - recall: 0.9615
236/352 [===================>..........] - ETA: 10s - loss: 0.1134 - accuracy: 0.9570 - precision: 0.9526 - recall: 0.9617
237/352 [===================>..........] - ETA: 10s - loss: 0.1130 - accuracy: 0.9571 - precision: 0.9528 - recall: 0.9619
238/352 [===================>..........] - ETA: 10s - loss: 0.1132 - accuracy: 0.9568 - precision: 0.9529 - recall: 0.9610
239/352 [===================>..........] - ETA: 10s - loss: 0.1128 - accuracy: 0.9570 - precision: 0.9530 - recall: 0.9610
240/352 [===================>..........] - ETA: 10s - loss: 0.1125 - accuracy: 0.9572 - precision: 0.9532 - recall: 0.9612
241/352 [===================>..........] - ETA: 10s - loss: 0.1126 - accuracy: 0.9573 - precision: 0.9535 - recall: 0.9615
242/352 [===================>..........] - ETA: 10s - loss: 0.1124 - accuracy: 0.9575 - precision: 0.9538 - recall: 0.9617
243/352 [===================>..........] - ETA: 10s - loss: 0.1124 - accuracy: 0.9572 - precision: 0.9530 - recall: 0.9618
244/352 [===================>..........] - ETA: 10s - loss: 0.1120 - accuracy: 0.9573 - precision: 0.9532 - recall: 0.9620
245/352 [===================>..........] - ETA: 9s - loss: 0.1122 - accuracy: 0.9570 - precision: 0.9522 - recall: 0.9620 
246/352 [===================>..........] - ETA: 9s - loss: 0.1121 - accuracy: 0.9572 - precision: 0.9523 - recall: 0.9621
247/352 [====================>.........] - ETA: 9s - loss: 0.1117 - accuracy: 0.9574 - precision: 0.9524 - recall: 0.9621
248/352 [====================>.........] - ETA: 9s - loss: 0.1114 - accuracy: 0.9575 - precision: 0.9525 - recall: 0.9622
249/352 [====================>.........] - ETA: 9s - loss: 0.1114 - accuracy: 0.9572 - precision: 0.9526 - recall: 0.9613
250/352 [====================>.........] - ETA: 9s - loss: 0.1116 - accuracy: 0.9569 - precision: 0.9528 - recall: 0.9605
251/352 [====================>.........] - ETA: 9s - loss: 0.1113 - accuracy: 0.9570 - precision: 0.9528 - recall: 0.9605
252/352 [====================>.........] - ETA: 9s - loss: 0.1108 - accuracy: 0.9572 - precision: 0.9530 - recall: 0.9607
253/352 [====================>.........] - ETA: 9s - loss: 0.1121 - accuracy: 0.9564 - precision: 0.9513 - recall: 0.9608
254/352 [====================>.........] - ETA: 9s - loss: 0.1128 - accuracy: 0.9556 - precision: 0.9505 - recall: 0.9600
255/352 [====================>.........] - ETA: 9s - loss: 0.1128 - accuracy: 0.9558 - precision: 0.9506 - recall: 0.9601
256/352 [====================>.........] - ETA: 9s - loss: 0.1132 - accuracy: 0.9554 - precision: 0.9499 - recall: 0.9602
257/352 [====================>.........] - ETA: 9s - loss: 0.1128 - accuracy: 0.9556 - precision: 0.9500 - recall: 0.9604
258/352 [====================>.........] - ETA: 8s - loss: 0.1126 - accuracy: 0.9558 - precision: 0.9502 - recall: 0.9605
259/352 [=====================>........] - ETA: 8s - loss: 0.1122 - accuracy: 0.9560 - precision: 0.9503 - recall: 0.9606
260/352 [=====================>........] - ETA: 8s - loss: 0.1128 - accuracy: 0.9556 - precision: 0.9505 - recall: 0.9598
261/352 [=====================>........] - ETA: 8s - loss: 0.1126 - accuracy: 0.9558 - precision: 0.9508 - recall: 0.9601
262/352 [=====================>........] - ETA: 8s - loss: 0.1125 - accuracy: 0.9560 - precision: 0.9511 - recall: 0.9603
263/352 [=====================>........] - ETA: 8s - loss: 0.1122 - accuracy: 0.9561 - precision: 0.9512 - recall: 0.9604
264/352 [=====================>........] - ETA: 8s - loss: 0.1119 - accuracy: 0.9563 - precision: 0.9515 - recall: 0.9606
265/352 [=====================>........] - ETA: 8s - loss: 0.1115 - accuracy: 0.9565 - precision: 0.9517 - recall: 0.9608
266/352 [=====================>........] - ETA: 8s - loss: 0.1112 - accuracy: 0.9566 - precision: 0.9517 - recall: 0.9608
267/352 [=====================>........] - ETA: 8s - loss: 0.1111 - accuracy: 0.9568 - precision: 0.9520 - recall: 0.9611
268/352 [=====================>........] - ETA: 8s - loss: 0.1112 - accuracy: 0.9565 - precision: 0.9521 - recall: 0.9602
269/352 [=====================>........] - ETA: 7s - loss: 0.1122 - accuracy: 0.9562 - precision: 0.9523 - recall: 0.9595
270/352 [======================>.......] - ETA: 7s - loss: 0.1120 - accuracy: 0.9564 - precision: 0.9526 - recall: 0.9597
271/352 [======================>.......] - ETA: 7s - loss: 0.1117 - accuracy: 0.9565 - precision: 0.9526 - recall: 0.9598
272/352 [======================>.......] - ETA: 7s - loss: 0.1115 - accuracy: 0.9567 - precision: 0.9528 - recall: 0.9599
273/352 [======================>.......] - ETA: 7s - loss: 0.1111 - accuracy: 0.9568 - precision: 0.9530 - recall: 0.9601
274/352 [======================>.......] - ETA: 7s - loss: 0.1117 - accuracy: 0.9565 - precision: 0.9522 - recall: 0.9602
275/352 [======================>.......] - ETA: 7s - loss: 0.1117 - accuracy: 0.9562 - precision: 0.9516 - recall: 0.9604
276/352 [======================>.......] - ETA: 7s - loss: 0.1117 - accuracy: 0.9559 - precision: 0.9509 - recall: 0.9605
277/352 [======================>.......] - ETA: 7s - loss: 0.1116 - accuracy: 0.9561 - precision: 0.9511 - recall: 0.9607
278/352 [======================>.......] - ETA: 7s - loss: 0.1118 - accuracy: 0.9558 - precision: 0.9513 - recall: 0.9599
279/352 [======================>.......] - ETA: 7s - loss: 0.1118 - accuracy: 0.9560 - precision: 0.9515 - recall: 0.9601
280/352 [======================>.......] - ETA: 6s - loss: 0.1126 - accuracy: 0.9552 - precision: 0.9507 - recall: 0.9593
281/352 [======================>.......] - ETA: 6s - loss: 0.1123 - accuracy: 0.9554 - precision: 0.9510 - recall: 0.9596
282/352 [=======================>......] - ETA: 6s - loss: 0.1119 - accuracy: 0.9556 - precision: 0.9512 - recall: 0.9597
283/352 [=======================>......] - ETA: 6s - loss: 0.1116 - accuracy: 0.9557 - precision: 0.9514 - recall: 0.9599
284/352 [=======================>......] - ETA: 6s - loss: 0.1114 - accuracy: 0.9559 - precision: 0.9517 - recall: 0.9601
285/352 [=======================>......] - ETA: 6s - loss: 0.1111 - accuracy: 0.9560 - precision: 0.9518 - recall: 0.9602
286/352 [=======================>......] - ETA: 6s - loss: 0.1109 - accuracy: 0.9562 - precision: 0.9520 - recall: 0.9604
287/352 [=======================>......] - ETA: 6s - loss: 0.1108 - accuracy: 0.9563 - precision: 0.9522 - recall: 0.9606
288/352 [=======================>......] - ETA: 6s - loss: 0.1107 - accuracy: 0.9565 - precision: 0.9523 - recall: 0.9607
289/352 [=======================>......] - ETA: 6s - loss: 0.1106 - accuracy: 0.9566 - precision: 0.9525 - recall: 0.9608
290/352 [=======================>......] - ETA: 5s - loss: 0.1104 - accuracy: 0.9568 - precision: 0.9526 - recall: 0.9609
291/352 [=======================>......] - ETA: 5s - loss: 0.1104 - accuracy: 0.9569 - precision: 0.9528 - recall: 0.9610
292/352 [=======================>......] - ETA: 5s - loss: 0.1102 - accuracy: 0.9571 - precision: 0.9530 - recall: 0.9612
293/352 [=======================>......] - ETA: 5s - loss: 0.1100 - accuracy: 0.9572 - precision: 0.9532 - recall: 0.9613
294/352 [========================>.....] - ETA: 5s - loss: 0.1097 - accuracy: 0.9574 - precision: 0.9533 - recall: 0.9614
295/352 [========================>.....] - ETA: 5s - loss: 0.1095 - accuracy: 0.9575 - precision: 0.9534 - recall: 0.9616
296/352 [========================>.....] - ETA: 5s - loss: 0.1091 - accuracy: 0.9577 - precision: 0.9535 - recall: 0.9617
297/352 [========================>.....] - ETA: 5s - loss: 0.1089 - accuracy: 0.9578 - precision: 0.9537 - recall: 0.9618
298/352 [========================>.....] - ETA: 5s - loss: 0.1090 - accuracy: 0.9575 - precision: 0.9539 - recall: 0.9611
299/352 [========================>.....] - ETA: 5s - loss: 0.1088 - accuracy: 0.9577 - precision: 0.9539 - recall: 0.9612
300/352 [========================>.....] - ETA: 5s - loss: 0.1089 - accuracy: 0.9578 - precision: 0.9541 - recall: 0.9613
301/352 [========================>.....] - ETA: 4s - loss: 0.1093 - accuracy: 0.9575 - precision: 0.9534 - recall: 0.9614
302/352 [========================>.....] - ETA: 4s - loss: 0.1091 - accuracy: 0.9577 - precision: 0.9535 - recall: 0.9615
303/352 [========================>.....] - ETA: 4s - loss: 0.1092 - accuracy: 0.9574 - precision: 0.9528 - recall: 0.9616
304/352 [========================>.....] - ETA: 4s - loss: 0.1089 - accuracy: 0.9575 - precision: 0.9530 - recall: 0.9617
305/352 [========================>.....] - ETA: 4s - loss: 0.1095 - accuracy: 0.9573 - precision: 0.9532 - recall: 0.9611
306/352 [=========================>....] - ETA: 4s - loss: 0.1091 - accuracy: 0.9574 - precision: 0.9534 - recall: 0.9613
307/352 [=========================>....] - ETA: 4s - loss: 0.1089 - accuracy: 0.9576 - precision: 0.9537 - recall: 0.9615
308/352 [=========================>....] - ETA: 4s - loss: 0.1086 - accuracy: 0.9577 - precision: 0.9538 - recall: 0.9616
309/352 [=========================>....] - ETA: 4s - loss: 0.1083 - accuracy: 0.9578 - precision: 0.9540 - recall: 0.9617
310/352 [=========================>....] - ETA: 4s - loss: 0.1083 - accuracy: 0.9576 - precision: 0.9533 - recall: 0.9618
311/352 [=========================>....] - ETA: 3s - loss: 0.1080 - accuracy: 0.9577 - precision: 0.9534 - recall: 0.9619
312/352 [=========================>....] - ETA: 3s - loss: 0.1078 - accuracy: 0.9578 - precision: 0.9534 - recall: 0.9619
313/352 [=========================>....] - ETA: 3s - loss: 0.1080 - accuracy: 0.9580 - precision: 0.9535 - recall: 0.9620
314/352 [=========================>....] - ETA: 3s - loss: 0.1079 - accuracy: 0.9581 - precision: 0.9536 - recall: 0.9621
315/352 [=========================>....] - ETA: 3s - loss: 0.1086 - accuracy: 0.9578 - precision: 0.9530 - recall: 0.9622
316/352 [=========================>....] - ETA: 3s - loss: 0.1085 - accuracy: 0.9580 - precision: 0.9531 - recall: 0.9623
317/352 [==========================>...] - ETA: 3s - loss: 0.1082 - accuracy: 0.9581 - precision: 0.9533 - recall: 0.9624
318/352 [==========================>...] - ETA: 3s - loss: 0.1081 - accuracy: 0.9582 - precision: 0.9533 - recall: 0.9625
319/352 [==========================>...] - ETA: 3s - loss: 0.1080 - accuracy: 0.9584 - precision: 0.9536 - recall: 0.9627
320/352 [==========================>...] - ETA: 3s - loss: 0.1077 - accuracy: 0.9585 - precision: 0.9537 - recall: 0.9628
321/352 [==========================>...] - ETA: 2s - loss: 0.1076 - accuracy: 0.9586 - precision: 0.9538 - recall: 0.9628
322/352 [==========================>...] - ETA: 2s - loss: 0.1076 - accuracy: 0.9588 - precision: 0.9539 - recall: 0.9629
323/352 [==========================>...] - ETA: 2s - loss: 0.1075 - accuracy: 0.9589 - precision: 0.9541 - recall: 0.9631
324/352 [==========================>...] - ETA: 2s - loss: 0.1072 - accuracy: 0.9590 - precision: 0.9542 - recall: 0.9632
325/352 [==========================>...] - ETA: 2s - loss: 0.1074 - accuracy: 0.9588 - precision: 0.9543 - recall: 0.9625
326/352 [==========================>...] - ETA: 2s - loss: 0.1071 - accuracy: 0.9589 - precision: 0.9544 - recall: 0.9626
327/352 [==========================>...] - ETA: 2s - loss: 0.1073 - accuracy: 0.9586 - precision: 0.9537 - recall: 0.9626
328/352 [==========================>...] - ETA: 2s - loss: 0.1075 - accuracy: 0.9584 - precision: 0.9539 - recall: 0.9620
329/352 [===========================>..] - ETA: 2s - loss: 0.1073 - accuracy: 0.9585 - precision: 0.9540 - recall: 0.9621
330/352 [===========================>..] - ETA: 2s - loss: 0.1082 - accuracy: 0.9582 - precision: 0.9534 - recall: 0.9622
331/352 [===========================>..] - ETA: 2s - loss: 0.1079 - accuracy: 0.9584 - precision: 0.9535 - recall: 0.9623
332/352 [===========================>..] - ETA: 1s - loss: 0.1076 - accuracy: 0.9585 - precision: 0.9536 - recall: 0.9624
333/352 [===========================>..] - ETA: 1s - loss: 0.1076 - accuracy: 0.9582 - precision: 0.9538 - recall: 0.9618
334/352 [===========================>..] - ETA: 1s - loss: 0.1073 - accuracy: 0.9584 - precision: 0.9540 - recall: 0.9619
335/352 [===========================>..] - ETA: 1s - loss: 0.1074 - accuracy: 0.9581 - precision: 0.9541 - recall: 0.9613
336/352 [===========================>..] - ETA: 1s - loss: 0.1072 - accuracy: 0.9582 - precision: 0.9542 - recall: 0.9614
337/352 [===========================>..] - ETA: 1s - loss: 0.1073 - accuracy: 0.9584 - precision: 0.9544 - recall: 0.9616
338/352 [===========================>..] - ETA: 1s - loss: 0.1070 - accuracy: 0.9585 - precision: 0.9546 - recall: 0.9617
339/352 [===========================>..] - ETA: 1s - loss: 0.1072 - accuracy: 0.9586 - precision: 0.9547 - recall: 0.9619
340/352 [===========================>..] - ETA: 1s - loss: 0.1070 - accuracy: 0.9587 - precision: 0.9548 - recall: 0.9620
341/352 [============================>.] - ETA: 1s - loss: 0.1067 - accuracy: 0.9589 - precision: 0.9550 - recall: 0.9621
342/352 [============================>.] - ETA: 0s - loss: 0.1067 - accuracy: 0.9590 - precision: 0.9551 - recall: 0.9622
343/352 [============================>.] - ETA: 0s - loss: 0.1070 - accuracy: 0.9587 - precision: 0.9545 - recall: 0.9623
344/352 [============================>.] - ETA: 0s - loss: 0.1072 - accuracy: 0.9585 - precision: 0.9540 - recall: 0.9624
345/352 [============================>.] - ETA: 0s - loss: 0.1081 - accuracy: 0.9582 - precision: 0.9534 - recall: 0.9625
346/352 [============================>.] - ETA: 0s - loss: 0.1093 - accuracy: 0.9580 - precision: 0.9528 - recall: 0.9626
347/352 [============================>.] - ETA: 0s - loss: 0.1093 - accuracy: 0.9578 - precision: 0.9522 - recall: 0.9626
348/352 [============================>.] - ETA: 0s - loss: 0.1093 - accuracy: 0.9575 - precision: 0.9523 - recall: 0.9620
349/352 [============================>.] - ETA: 0s - loss: 0.1091 - accuracy: 0.9576 - precision: 0.9525 - recall: 0.9622
350/352 [============================>.] - ETA: 0s - loss: 0.1093 - accuracy: 0.9574 - precision: 0.9527 - recall: 0.9616
351/352 [============================>.] - ETA: 0s - loss: 0.1092 - accuracy: 0.9575 - precision: 0.9528 - recall: 0.9617
352/352 [==============================] - ETA: 0s - loss: 0.1092 - accuracy: 0.9573 - precision: 0.9521 - recall: 0.9618
Epoch 9: saving model to C:\SIRCH_ENV\models\revision\exp13_grouped_retraining\gru_augmented_grouped\checkpoints\gru_augmented_grouped_epoch_009.weights.h5

Epoch 9: val_loss did not improve from 0.30821

352/352 [==============================] - 35s 100ms/step - loss: 0.1092 - accuracy: 0.9573 - precision: 0.9521 - recall: 0.9618 - val_loss: 0.6190 - val_accuracy: 0.8409 - val_precision: 0.8855 - val_recall: 0.7811 - lr: 5.0000e-05
Epoch 10/30

  1/352 [..............................] - ETA: 42s - loss: 0.1163 - accuracy: 0.8750 - precision: 1.0000 - recall: 0.8333
  2/352 [..............................] - ETA: 32s - loss: 0.0669 - accuracy: 0.9375 - precision: 1.0000 - recall: 0.9091
  3/352 [..............................] - ETA: 34s - loss: 0.0523 - accuracy: 0.9583 - precision: 1.0000 - recall: 0.9167
  4/352 [..............................] - ETA: 34s - loss: 0.0403 - accuracy: 0.9688 - precision: 1.0000 - recall: 0.9286
  5/352 [..............................] - ETA: 33s - loss: 0.0790 - accuracy: 0.9500 - precision: 0.9444 - recall: 0.9444
  6/352 [..............................] - ETA: 34s - loss: 0.1431 - accuracy: 0.9375 - precision: 0.9500 - recall: 0.9048
  7/352 [..............................] - ETA: 35s - loss: 0.1395 - accuracy: 0.9286 - precision: 0.9231 - recall: 0.9231
  8/352 [..............................] - ETA: 35s - loss: 0.1329 - accuracy: 0.9375 - precision: 0.9333 - recall: 0.9333
  9/352 [..............................] - ETA: 35s - loss: 0.1194 - accuracy: 0.9444 - precision: 0.9412 - recall: 0.9412
 10/352 [..............................] - ETA: 35s - loss: 0.1187 - accuracy: 0.9375 - precision: 0.9231 - recall: 0.9474
 11/352 [..............................] - ETA: 34s - loss: 0.1187 - accuracy: 0.9390 - precision: 0.9268 - recall: 0.9500
 12/352 [>.............................] - ETA: 34s - loss: 0.1085 - accuracy: 0.9444 - precision: 0.9318 - recall: 0.9535
 13/352 [>.............................] - ETA: 34s - loss: 0.1111 - accuracy: 0.9490 - precision: 0.9375 - recall: 0.9574
 14/352 [>.............................] - ETA: 34s - loss: 0.1033 - accuracy: 0.9528 - precision: 0.9412 - recall: 0.9600
 15/352 [>.............................] - ETA: 34s - loss: 0.0965 - accuracy: 0.9561 - precision: 0.9455 - recall: 0.9630
 16/352 [>.............................] - ETA: 34s - loss: 0.0906 - accuracy: 0.9590 - precision: 0.9492 - recall: 0.9655
 17/352 [>.............................] - ETA: 34s - loss: 0.0880 - accuracy: 0.9615 - precision: 0.9524 - recall: 0.9677
 18/352 [>.............................] - ETA: 34s - loss: 0.0837 - accuracy: 0.9638 - precision: 0.9545 - recall: 0.9692
 19/352 [>.............................] - ETA: 34s - loss: 0.0795 - accuracy: 0.9658 - precision: 0.9571 - recall: 0.9710
 20/352 [>.............................] - ETA: 34s - loss: 0.0755 - accuracy: 0.9675 - precision: 0.9595 - recall: 0.9726
 21/352 [>.............................] - ETA: 34s - loss: 0.0722 - accuracy: 0.9691 - precision: 0.9620 - recall: 0.9744
 22/352 [>.............................] - ETA: 33s - loss: 0.0699 - accuracy: 0.9706 - precision: 0.9647 - recall: 0.9762
 23/352 [>.............................] - ETA: 33s - loss: 0.0725 - accuracy: 0.9663 - precision: 0.9556 - recall: 0.9773
 24/352 [=>............................] - ETA: 33s - loss: 0.0696 - accuracy: 0.9677 - precision: 0.9570 - recall: 0.9780
 25/352 [=>............................] - ETA: 33s - loss: 0.0782 - accuracy: 0.9639 - precision: 0.9592 - recall: 0.9691
 26/352 [=>............................] - ETA: 33s - loss: 0.0753 - accuracy: 0.9653 - precision: 0.9608 - recall: 0.9703
 27/352 [=>............................] - ETA: 33s - loss: 0.0805 - accuracy: 0.9619 - precision: 0.9528 - recall: 0.9712
 28/352 [=>............................] - ETA: 33s - loss: 0.0809 - accuracy: 0.9633 - precision: 0.9545 - recall: 0.9722
 29/352 [=>............................] - ETA: 33s - loss: 0.0788 - accuracy: 0.9646 - precision: 0.9565 - recall: 0.9735
 30/352 [=>............................] - ETA: 33s - loss: 0.0773 - accuracy: 0.9658 - precision: 0.9580 - recall: 0.9744
 31/352 [=>............................] - ETA: 33s - loss: 0.0766 - accuracy: 0.9669 - precision: 0.9597 - recall: 0.9754
 32/352 [=>............................] - ETA: 33s - loss: 0.0742 - accuracy: 0.9680 - precision: 0.9606 - recall: 0.9760
 33/352 [=>............................] - ETA: 32s - loss: 0.0741 - accuracy: 0.9690 - precision: 0.9615 - recall: 0.9766
 34/352 [=>............................] - ETA: 32s - loss: 0.0760 - accuracy: 0.9662 - precision: 0.9545 - recall: 0.9767
 35/352 [=>............................] - ETA: 32s - loss: 0.0831 - accuracy: 0.9635 - precision: 0.9481 - recall: 0.9771
 36/352 [==>...........................] - ETA: 32s - loss: 0.0918 - accuracy: 0.9610 - precision: 0.9420 - recall: 0.9774
 37/352 [==>...........................] - ETA: 32s - loss: 0.0930 - accuracy: 0.9621 - precision: 0.9444 - recall: 0.9784
 38/352 [==>...........................] - ETA: 32s - loss: 0.0931 - accuracy: 0.9631 - precision: 0.9456 - recall: 0.9789
 39/352 [==>...........................] - ETA: 32s - loss: 0.0908 - accuracy: 0.9641 - precision: 0.9470 - recall: 0.9795
 40/352 [==>...........................] - ETA: 32s - loss: 0.0886 - accuracy: 0.9650 - precision: 0.9487 - recall: 0.9801
 41/352 [==>...........................] - ETA: 32s - loss: 0.1002 - accuracy: 0.9596 - precision: 0.9379 - recall: 0.9805
 42/352 [==>...........................] - ETA: 32s - loss: 0.1044 - accuracy: 0.9576 - precision: 0.9341 - recall: 0.9811
 43/352 [==>...........................] - ETA: 32s - loss: 0.1042 - accuracy: 0.9586 - precision: 0.9360 - recall: 0.9817
 44/352 [==>...........................] - ETA: 31s - loss: 0.1037 - accuracy: 0.9595 - precision: 0.9375 - recall: 0.9821
 45/352 [==>...........................] - ETA: 31s - loss: 0.1042 - accuracy: 0.9605 - precision: 0.9385 - recall: 0.9825
 46/352 [==>...........................] - ETA: 31s - loss: 0.1039 - accuracy: 0.9613 - precision: 0.9399 - recall: 0.9829
 47/352 [===>..........................] - ETA: 31s - loss: 0.1031 - accuracy: 0.9622 - precision: 0.9412 - recall: 0.9832
 48/352 [===>..........................] - ETA: 31s - loss: 0.1009 - accuracy: 0.9630 - precision: 0.9415 - recall: 0.9833
 49/352 [===>..........................] - ETA: 31s - loss: 0.0989 - accuracy: 0.9637 - precision: 0.9427 - recall: 0.9837
 50/352 [===>..........................] - ETA: 31s - loss: 0.0970 - accuracy: 0.9645 - precision: 0.9442 - recall: 0.9841
 51/352 [===>..........................] - ETA: 31s - loss: 0.0996 - accuracy: 0.9627 - precision: 0.9412 - recall: 0.9846
 52/352 [===>..........................] - ETA: 31s - loss: 0.0992 - accuracy: 0.9634 - precision: 0.9415 - recall: 0.9847
 53/352 [===>..........................] - ETA: 31s - loss: 0.0975 - accuracy: 0.9641 - precision: 0.9429 - recall: 0.9851
 54/352 [===>..........................] - ETA: 30s - loss: 0.0962 - accuracy: 0.9648 - precision: 0.9434 - recall: 0.9852
 55/352 [===>..........................] - ETA: 30s - loss: 0.0955 - accuracy: 0.9654 - precision: 0.9450 - recall: 0.9856
 56/352 [===>..........................] - ETA: 30s - loss: 0.0946 - accuracy: 0.9661 - precision: 0.9457 - recall: 0.9858
 57/352 [===>..........................] - ETA: 30s - loss: 0.0949 - accuracy: 0.9667 - precision: 0.9464 - recall: 0.9860
 58/352 [===>..........................] - ETA: 30s - loss: 0.0949 - accuracy: 0.9651 - precision: 0.9471 - recall: 0.9817
 59/352 [====>.........................] - ETA: 30s - loss: 0.0942 - accuracy: 0.9657 - precision: 0.9483 - recall: 0.9821
 60/352 [====>.........................] - ETA: 30s - loss: 0.0928 - accuracy: 0.9662 - precision: 0.9489 - recall: 0.9824
 61/352 [====>.........................] - ETA: 30s - loss: 0.0926 - accuracy: 0.9668 - precision: 0.9498 - recall: 0.9827
 62/352 [====>.........................] - ETA: 30s - loss: 0.0954 - accuracy: 0.9653 - precision: 0.9467 - recall: 0.9830
 63/352 [====>.........................] - ETA: 30s - loss: 0.0946 - accuracy: 0.9659 - precision: 0.9478 - recall: 0.9833
 64/352 [====>.........................] - ETA: 29s - loss: 0.0937 - accuracy: 0.9664 - precision: 0.9488 - recall: 0.9837
 65/352 [====>.........................] - ETA: 29s - loss: 0.0936 - accuracy: 0.9669 - precision: 0.9494 - recall: 0.9839
 66/352 [====>.........................] - ETA: 29s - loss: 0.0932 - accuracy: 0.9674 - precision: 0.9498 - recall: 0.9840
 67/352 [====>.........................] - ETA: 29s - loss: 0.0923 - accuracy: 0.9679 - precision: 0.9504 - recall: 0.9842
 68/352 [====>.........................] - ETA: 29s - loss: 0.0929 - accuracy: 0.9684 - precision: 0.9515 - recall: 0.9846
 69/352 [====>.........................] - ETA: 29s - loss: 0.0934 - accuracy: 0.9670 - precision: 0.9485 - recall: 0.9847
 70/352 [====>.........................] - ETA: 29s - loss: 0.0924 - accuracy: 0.9675 - precision: 0.9493 - recall: 0.9850
 71/352 [=====>........................] - ETA: 29s - loss: 0.0913 - accuracy: 0.9680 - precision: 0.9498 - recall: 0.9851
 72/352 [=====>........................] - ETA: 29s - loss: 0.0905 - accuracy: 0.9684 - precision: 0.9507 - recall: 0.9854
 73/352 [=====>........................] - ETA: 29s - loss: 0.0907 - accuracy: 0.9689 - precision: 0.9517 - recall: 0.9857
 74/352 [=====>........................] - ETA: 29s - loss: 0.0896 - accuracy: 0.9693 - precision: 0.9522 - recall: 0.9859
 75/352 [=====>........................] - ETA: 29s - loss: 0.0885 - accuracy: 0.9697 - precision: 0.9524 - recall: 0.9859
 76/352 [=====>........................] - ETA: 29s - loss: 0.0876 - accuracy: 0.9701 - precision: 0.9529 - recall: 0.9861
 77/352 [=====>........................] - ETA: 28s - loss: 0.0882 - accuracy: 0.9689 - precision: 0.9533 - recall: 0.9828
 78/352 [=====>........................] - ETA: 28s - loss: 0.0878 - accuracy: 0.9693 - precision: 0.9539 - recall: 0.9831
 79/352 [=====>........................] - ETA: 28s - loss: 0.0868 - accuracy: 0.9696 - precision: 0.9548 - recall: 0.9834
 80/352 [=====>........................] - ETA: 28s - loss: 0.0859 - accuracy: 0.9700 - precision: 0.9557 - recall: 0.9837
 81/352 [=====>........................] - ETA: 28s - loss: 0.0850 - accuracy: 0.9704 - precision: 0.9563 - recall: 0.9839
 82/352 [=====>........................] - ETA: 28s - loss: 0.0859 - accuracy: 0.9708 - precision: 0.9568 - recall: 0.9841
 83/352 [======>.......................] - ETA: 28s - loss: 0.0872 - accuracy: 0.9696 - precision: 0.9543 - recall: 0.9843
 84/352 [======>.......................] - ETA: 28s - loss: 0.0863 - accuracy: 0.9700 - precision: 0.9551 - recall: 0.9846
 85/352 [======>.......................] - ETA: 28s - loss: 0.0856 - accuracy: 0.9703 - precision: 0.9558 - recall: 0.9848
 86/352 [======>.......................] - ETA: 27s - loss: 0.0847 - accuracy: 0.9707 - precision: 0.9566 - recall: 0.9851
 87/352 [======>.......................] - ETA: 27s - loss: 0.0847 - accuracy: 0.9710 - precision: 0.9574 - recall: 0.9854
 88/352 [======>.......................] - ETA: 27s - loss: 0.0837 - accuracy: 0.9713 - precision: 0.9575 - recall: 0.9854
 89/352 [======>.......................] - ETA: 27s - loss: 0.0865 - accuracy: 0.9703 - precision: 0.9579 - recall: 0.9827
 90/352 [======>.......................] - ETA: 27s - loss: 0.0856 - accuracy: 0.9706 - precision: 0.9584 - recall: 0.9830
 91/352 [======>.......................] - ETA: 27s - loss: 0.0864 - accuracy: 0.9709 - precision: 0.9591 - recall: 0.9832
 92/352 [======>.......................] - ETA: 27s - loss: 0.0854 - accuracy: 0.9712 - precision: 0.9593 - recall: 0.9833
 93/352 [======>.......................] - ETA: 27s - loss: 0.0861 - accuracy: 0.9715 - precision: 0.9599 - recall: 0.9836
 94/352 [=======>......................] - ETA: 27s - loss: 0.0852 - accuracy: 0.9718 - precision: 0.9600 - recall: 0.9836
 95/352 [=======>......................] - ETA: 27s - loss: 0.0849 - accuracy: 0.9721 - precision: 0.9604 - recall: 0.9838
 96/352 [=======>......................] - ETA: 26s - loss: 0.0840 - accuracy: 0.9724 - precision: 0.9608 - recall: 0.9840
 97/352 [=======>......................] - ETA: 26s - loss: 0.0840 - accuracy: 0.9727 - precision: 0.9611 - recall: 0.9841
 98/352 [=======>......................] - ETA: 26s - loss: 0.0871 - accuracy: 0.9717 - precision: 0.9592 - recall: 0.9843
 99/352 [=======>......................] - ETA: 26s - loss: 0.0870 - accuracy: 0.9720 - precision: 0.9600 - recall: 0.9846
100/352 [=======>......................] - ETA: 26s - loss: 0.0870 - accuracy: 0.9723 - precision: 0.9602 - recall: 0.9847
101/352 [=======>......................] - ETA: 26s - loss: 0.0896 - accuracy: 0.9713 - precision: 0.9606 - recall: 0.9824
102/352 [=======>......................] - ETA: 26s - loss: 0.0894 - accuracy: 0.9716 - precision: 0.9612 - recall: 0.9826
103/352 [=======>......................] - ETA: 26s - loss: 0.0901 - accuracy: 0.9707 - precision: 0.9591 - recall: 0.9828
104/352 [=======>......................] - ETA: 26s - loss: 0.0892 - accuracy: 0.9709 - precision: 0.9596 - recall: 0.9830
105/352 [=======>......................] - ETA: 26s - loss: 0.0884 - accuracy: 0.9712 - precision: 0.9599 - recall: 0.9831
106/352 [========>.....................] - ETA: 26s - loss: 0.0877 - accuracy: 0.9715 - precision: 0.9602 - recall: 0.9832
107/352 [========>.....................] - ETA: 25s - loss: 0.0868 - accuracy: 0.9718 - precision: 0.9605 - recall: 0.9833
108/352 [========>.....................] - ETA: 25s - loss: 0.0881 - accuracy: 0.9697 - precision: 0.9561 - recall: 0.9834
109/352 [========>.....................] - ETA: 25s - loss: 0.0873 - accuracy: 0.9700 - precision: 0.9565 - recall: 0.9835
110/352 [========>.....................] - ETA: 25s - loss: 0.0879 - accuracy: 0.9703 - precision: 0.9568 - recall: 0.9836
111/352 [========>.....................] - ETA: 25s - loss: 0.0872 - accuracy: 0.9705 - precision: 0.9573 - recall: 0.9838
112/352 [========>.....................] - ETA: 25s - loss: 0.0873 - accuracy: 0.9697 - precision: 0.9556 - recall: 0.9840
113/352 [========>.....................] - ETA: 25s - loss: 0.0878 - accuracy: 0.9688 - precision: 0.9538 - recall: 0.9841
114/352 [========>.....................] - ETA: 25s - loss: 0.0871 - accuracy: 0.9691 - precision: 0.9539 - recall: 0.9842
115/352 [========>.....................] - ETA: 25s - loss: 0.0866 - accuracy: 0.9694 - precision: 0.9544 - recall: 0.9843
116/352 [========>.....................] - ETA: 25s - loss: 0.0860 - accuracy: 0.9696 - precision: 0.9550 - recall: 0.9845
117/352 [========>.....................] - ETA: 25s - loss: 0.0853 - accuracy: 0.9699 - precision: 0.9554 - recall: 0.9847
118/352 [=========>....................] - ETA: 25s - loss: 0.0865 - accuracy: 0.9691 - precision: 0.9557 - recall: 0.9826
119/352 [=========>....................] - ETA: 25s - loss: 0.0859 - accuracy: 0.9693 - precision: 0.9561 - recall: 0.9828
120/352 [=========>....................] - ETA: 25s - loss: 0.0884 - accuracy: 0.9686 - precision: 0.9543 - recall: 0.9829
121/352 [=========>....................] - ETA: 25s - loss: 0.0917 - accuracy: 0.9667 - precision: 0.9526 - recall: 0.9809
122/352 [=========>....................] - ETA: 25s - loss: 0.0911 - accuracy: 0.9670 - precision: 0.9529 - recall: 0.9810
123/352 [=========>....................] - ETA: 25s - loss: 0.0907 - accuracy: 0.9673 - precision: 0.9530 - recall: 0.9811
124/352 [=========>....................] - ETA: 24s - loss: 0.0907 - accuracy: 0.9675 - precision: 0.9534 - recall: 0.9812
125/352 [=========>....................] - ETA: 24s - loss: 0.0911 - accuracy: 0.9678 - precision: 0.9537 - recall: 0.9814
126/352 [=========>....................] - ETA: 24s - loss: 0.0921 - accuracy: 0.9671 - precision: 0.9540 - recall: 0.9795
127/352 [=========>....................] - ETA: 24s - loss: 0.0917 - accuracy: 0.9673 - precision: 0.9543 - recall: 0.9796
128/352 [=========>....................] - ETA: 24s - loss: 0.0911 - accuracy: 0.9676 - precision: 0.9545 - recall: 0.9797
129/352 [=========>....................] - ETA: 24s - loss: 0.0918 - accuracy: 0.9669 - precision: 0.9533 - recall: 0.9800
130/352 [==========>...................] - ETA: 24s - loss: 0.0917 - accuracy: 0.9671 - precision: 0.9539 - recall: 0.9803
131/352 [==========>...................] - ETA: 24s - loss: 0.0913 - accuracy: 0.9674 - precision: 0.9542 - recall: 0.9804
132/352 [==========>...................] - ETA: 24s - loss: 0.0910 - accuracy: 0.9676 - precision: 0.9545 - recall: 0.9805
133/352 [==========>...................] - ETA: 23s - loss: 0.0909 - accuracy: 0.9679 - precision: 0.9549 - recall: 0.9807
134/352 [==========>...................] - ETA: 23s - loss: 0.0904 - accuracy: 0.9681 - precision: 0.9553 - recall: 0.9809
135/352 [==========>...................] - ETA: 23s - loss: 0.0904 - accuracy: 0.9683 - precision: 0.9554 - recall: 0.9809
136/352 [==========>...................] - ETA: 23s - loss: 0.0900 - accuracy: 0.9686 - precision: 0.9557 - recall: 0.9811
137/352 [==========>...................] - ETA: 23s - loss: 0.0897 - accuracy: 0.9688 - precision: 0.9560 - recall: 0.9812
138/352 [==========>...................] - ETA: 23s - loss: 0.0890 - accuracy: 0.9690 - precision: 0.9565 - recall: 0.9814
139/352 [==========>...................] - ETA: 23s - loss: 0.0888 - accuracy: 0.9693 - precision: 0.9566 - recall: 0.9814
140/352 [==========>...................] - ETA: 23s - loss: 0.0893 - accuracy: 0.9686 - precision: 0.9568 - recall: 0.9797
141/352 [===========>..................] - ETA: 23s - loss: 0.0887 - accuracy: 0.9688 - precision: 0.9569 - recall: 0.9798
142/352 [===========>..................] - ETA: 22s - loss: 0.0883 - accuracy: 0.9690 - precision: 0.9574 - recall: 0.9800
143/352 [===========>..................] - ETA: 22s - loss: 0.0880 - accuracy: 0.9692 - precision: 0.9578 - recall: 0.9802
144/352 [===========>..................] - ETA: 22s - loss: 0.0875 - accuracy: 0.9695 - precision: 0.9581 - recall: 0.9804
145/352 [===========>..................] - ETA: 22s - loss: 0.0870 - accuracy: 0.9697 - precision: 0.9583 - recall: 0.9805
146/352 [===========>..................] - ETA: 22s - loss: 0.0867 - accuracy: 0.9699 - precision: 0.9588 - recall: 0.9807
147/352 [===========>..................] - ETA: 22s - loss: 0.0885 - accuracy: 0.9684 - precision: 0.9573 - recall: 0.9791
148/352 [===========>..................] - ETA: 22s - loss: 0.0879 - accuracy: 0.9686 - precision: 0.9577 - recall: 0.9792
149/352 [===========>..................] - ETA: 22s - loss: 0.0874 - accuracy: 0.9688 - precision: 0.9579 - recall: 0.9793
150/352 [===========>..................] - ETA: 22s - loss: 0.0876 - accuracy: 0.9690 - precision: 0.9581 - recall: 0.9795
151/352 [===========>..................] - ETA: 21s - loss: 0.0895 - accuracy: 0.9676 - precision: 0.9551 - recall: 0.9795
152/352 [===========>..................] - ETA: 21s - loss: 0.0896 - accuracy: 0.9678 - precision: 0.9554 - recall: 0.9797
153/352 [============>.................] - ETA: 21s - loss: 0.0897 - accuracy: 0.9680 - precision: 0.9556 - recall: 0.9798
154/352 [============>.................] - ETA: 21s - loss: 0.0907 - accuracy: 0.9674 - precision: 0.9558 - recall: 0.9782
155/352 [============>.................] - ETA: 21s - loss: 0.0902 - accuracy: 0.9676 - precision: 0.9561 - recall: 0.9784
156/352 [============>.................] - ETA: 21s - loss: 0.0897 - accuracy: 0.9678 - precision: 0.9562 - recall: 0.9784
157/352 [============>.................] - ETA: 21s - loss: 0.0893 - accuracy: 0.9680 - precision: 0.9565 - recall: 0.9786
158/352 [============>.................] - ETA: 21s - loss: 0.0892 - accuracy: 0.9682 - precision: 0.9568 - recall: 0.9787
159/352 [============>.................] - ETA: 21s - loss: 0.0888 - accuracy: 0.9684 - precision: 0.9571 - recall: 0.9789
160/352 [============>.................] - ETA: 20s - loss: 0.0883 - accuracy: 0.9686 - precision: 0.9575 - recall: 0.9791
161/352 [============>.................] - ETA: 20s - loss: 0.0885 - accuracy: 0.9680 - precision: 0.9577 - recall: 0.9776
162/352 [============>.................] - ETA: 20s - loss: 0.0887 - accuracy: 0.9682 - precision: 0.9580 - recall: 0.9778
163/352 [============>.................] - ETA: 20s - loss: 0.0882 - accuracy: 0.9684 - precision: 0.9583 - recall: 0.9779
164/352 [============>.................] - ETA: 20s - loss: 0.0877 - accuracy: 0.9686 - precision: 0.9586 - recall: 0.9781
165/352 [=============>................] - ETA: 20s - loss: 0.0877 - accuracy: 0.9680 - precision: 0.9574 - recall: 0.9783
166/352 [=============>................] - ETA: 20s - loss: 0.0872 - accuracy: 0.9682 - precision: 0.9576 - recall: 0.9784
167/352 [=============>................] - ETA: 20s - loss: 0.0867 - accuracy: 0.9684 - precision: 0.9579 - recall: 0.9785
168/352 [=============>................] - ETA: 20s - loss: 0.0863 - accuracy: 0.9686 - precision: 0.9582 - recall: 0.9787
169/352 [=============>................] - ETA: 19s - loss: 0.0859 - accuracy: 0.9688 - precision: 0.9585 - recall: 0.9788
170/352 [=============>................] - ETA: 19s - loss: 0.0865 - accuracy: 0.9682 - precision: 0.9573 - recall: 0.9789
171/352 [=============>................] - ETA: 19s - loss: 0.0879 - accuracy: 0.9670 - precision: 0.9548 - recall: 0.9791
172/352 [=============>................] - ETA: 19s - loss: 0.0880 - accuracy: 0.9672 - precision: 0.9551 - recall: 0.9792
173/352 [=============>................] - ETA: 19s - loss: 0.0875 - accuracy: 0.9673 - precision: 0.9554 - recall: 0.9794
174/352 [=============>................] - ETA: 19s - loss: 0.0889 - accuracy: 0.9668 - precision: 0.9543 - recall: 0.9795
175/352 [=============>................] - ETA: 19s - loss: 0.0884 - accuracy: 0.9670 - precision: 0.9546 - recall: 0.9796
176/352 [==============>...............] - ETA: 19s - loss: 0.0880 - accuracy: 0.9672 - precision: 0.9547 - recall: 0.9797
177/352 [==============>...............] - ETA: 18s - loss: 0.0885 - accuracy: 0.9674 - precision: 0.9551 - recall: 0.9798
178/352 [==============>...............] - ETA: 18s - loss: 0.0880 - accuracy: 0.9676 - precision: 0.9553 - recall: 0.9799
179/352 [==============>...............] - ETA: 18s - loss: 0.0879 - accuracy: 0.9677 - precision: 0.9556 - recall: 0.9801
180/352 [==============>...............] - ETA: 18s - loss: 0.0874 - accuracy: 0.9679 - precision: 0.9559 - recall: 0.9802
181/352 [==============>...............] - ETA: 18s - loss: 0.0879 - accuracy: 0.9681 - precision: 0.9562 - recall: 0.9803
182/352 [==============>...............] - ETA: 18s - loss: 0.0875 - accuracy: 0.9683 - precision: 0.9564 - recall: 0.9804
183/352 [==============>...............] - ETA: 18s - loss: 0.0874 - accuracy: 0.9684 - precision: 0.9566 - recall: 0.9806
184/352 [==============>...............] - ETA: 18s - loss: 0.0871 - accuracy: 0.9686 - precision: 0.9570 - recall: 0.9807
185/352 [==============>...............] - ETA: 18s - loss: 0.0868 - accuracy: 0.9688 - precision: 0.9572 - recall: 0.9808
186/352 [==============>...............] - ETA: 17s - loss: 0.0878 - accuracy: 0.9683 - precision: 0.9573 - recall: 0.9795
187/352 [==============>...............] - ETA: 17s - loss: 0.0875 - accuracy: 0.9685 - precision: 0.9574 - recall: 0.9796
188/352 [===============>..............] - ETA: 17s - loss: 0.0877 - accuracy: 0.9686 - precision: 0.9578 - recall: 0.9798
189/352 [===============>..............] - ETA: 17s - loss: 0.0873 - accuracy: 0.9688 - precision: 0.9580 - recall: 0.9799
190/352 [===============>..............] - ETA: 17s - loss: 0.0874 - accuracy: 0.9690 - precision: 0.9581 - recall: 0.9799
191/352 [===============>..............] - ETA: 17s - loss: 0.0871 - accuracy: 0.9691 - precision: 0.9582 - recall: 0.9800
192/352 [===============>..............] - ETA: 17s - loss: 0.0869 - accuracy: 0.9693 - precision: 0.9585 - recall: 0.9801
193/352 [===============>..............] - ETA: 17s - loss: 0.0866 - accuracy: 0.9694 - precision: 0.9587 - recall: 0.9802
194/352 [===============>..............] - ETA: 17s - loss: 0.0862 - accuracy: 0.9696 - precision: 0.9590 - recall: 0.9803
195/352 [===============>..............] - ETA: 16s - loss: 0.0859 - accuracy: 0.9698 - precision: 0.9592 - recall: 0.9804
196/352 [===============>..............] - ETA: 16s - loss: 0.0855 - accuracy: 0.9699 - precision: 0.9594 - recall: 0.9805
197/352 [===============>..............] - ETA: 16s - loss: 0.0851 - accuracy: 0.9701 - precision: 0.9595 - recall: 0.9806
198/352 [===============>..............] - ETA: 16s - loss: 0.0847 - accuracy: 0.9702 - precision: 0.9598 - recall: 0.9807
199/352 [===============>..............] - ETA: 16s - loss: 0.0844 - accuracy: 0.9704 - precision: 0.9599 - recall: 0.9808
200/352 [================>.............] - ETA: 16s - loss: 0.0846 - accuracy: 0.9705 - precision: 0.9601 - recall: 0.9809
201/352 [================>.............] - ETA: 16s - loss: 0.0844 - accuracy: 0.9707 - precision: 0.9603 - recall: 0.9810
202/352 [================>.............] - ETA: 16s - loss: 0.0844 - accuracy: 0.9708 - precision: 0.9605 - recall: 0.9811
203/352 [================>.............] - ETA: 16s - loss: 0.0841 - accuracy: 0.9710 - precision: 0.9607 - recall: 0.9812
204/352 [================>.............] - ETA: 15s - loss: 0.0837 - accuracy: 0.9711 - precision: 0.9609 - recall: 0.9813
205/352 [================>.............] - ETA: 15s - loss: 0.0839 - accuracy: 0.9706 - precision: 0.9610 - recall: 0.9801
206/352 [================>.............] - ETA: 15s - loss: 0.0847 - accuracy: 0.9702 - precision: 0.9600 - recall: 0.9802
207/352 [================>.............] - ETA: 15s - loss: 0.0843 - accuracy: 0.9703 - precision: 0.9602 - recall: 0.9803
208/352 [================>.............] - ETA: 15s - loss: 0.0841 - accuracy: 0.9704 - precision: 0.9604 - recall: 0.9804
209/352 [================>.............] - ETA: 15s - loss: 0.0843 - accuracy: 0.9706 - precision: 0.9607 - recall: 0.9805
210/352 [================>.............] - ETA: 15s - loss: 0.0839 - accuracy: 0.9707 - precision: 0.9609 - recall: 0.9806
211/352 [================>.............] - ETA: 15s - loss: 0.0853 - accuracy: 0.9703 - precision: 0.9600 - recall: 0.9807
212/352 [=================>............] - ETA: 15s - loss: 0.0851 - accuracy: 0.9704 - precision: 0.9601 - recall: 0.9808
213/352 [=================>............] - ETA: 14s - loss: 0.0848 - accuracy: 0.9706 - precision: 0.9604 - recall: 0.9810
214/352 [=================>............] - ETA: 14s - loss: 0.0845 - accuracy: 0.9707 - precision: 0.9606 - recall: 0.9811
215/352 [=================>............] - ETA: 14s - loss: 0.0843 - accuracy: 0.9708 - precision: 0.9607 - recall: 0.9811
216/352 [=================>............] - ETA: 14s - loss: 0.0840 - accuracy: 0.9710 - precision: 0.9610 - recall: 0.9813
217/352 [=================>............] - ETA: 14s - loss: 0.0847 - accuracy: 0.9705 - precision: 0.9601 - recall: 0.9814
218/352 [=================>............] - ETA: 14s - loss: 0.0843 - accuracy: 0.9707 - precision: 0.9602 - recall: 0.9814
219/352 [=================>............] - ETA: 14s - loss: 0.0841 - accuracy: 0.9708 - precision: 0.9604 - recall: 0.9815
220/352 [=================>............] - ETA: 14s - loss: 0.0841 - accuracy: 0.9704 - precision: 0.9606 - recall: 0.9805
221/352 [=================>............] - ETA: 14s - loss: 0.0837 - accuracy: 0.9705 - precision: 0.9609 - recall: 0.9806
222/352 [=================>............] - ETA: 13s - loss: 0.0835 - accuracy: 0.9706 - precision: 0.9611 - recall: 0.9807
223/352 [==================>...........] - ETA: 13s - loss: 0.0831 - accuracy: 0.9708 - precision: 0.9612 - recall: 0.9808
224/352 [==================>...........] - ETA: 13s - loss: 0.0839 - accuracy: 0.9698 - precision: 0.9614 - recall: 0.9787
225/352 [==================>...........] - ETA: 13s - loss: 0.0835 - accuracy: 0.9699 - precision: 0.9615 - recall: 0.9787
226/352 [==================>...........] - ETA: 13s - loss: 0.0831 - accuracy: 0.9700 - precision: 0.9618 - recall: 0.9789
227/352 [==================>...........] - ETA: 13s - loss: 0.0835 - accuracy: 0.9696 - precision: 0.9609 - recall: 0.9790
228/352 [==================>...........] - ETA: 13s - loss: 0.0832 - accuracy: 0.9697 - precision: 0.9610 - recall: 0.9791
229/352 [==================>...........] - ETA: 13s - loss: 0.0829 - accuracy: 0.9699 - precision: 0.9612 - recall: 0.9792
230/352 [==================>...........] - ETA: 13s - loss: 0.0826 - accuracy: 0.9700 - precision: 0.9614 - recall: 0.9793
231/352 [==================>...........] - ETA: 12s - loss: 0.0822 - accuracy: 0.9701 - precision: 0.9615 - recall: 0.9793
232/352 [==================>...........] - ETA: 12s - loss: 0.0820 - accuracy: 0.9703 - precision: 0.9616 - recall: 0.9793
233/352 [==================>...........] - ETA: 12s - loss: 0.0817 - accuracy: 0.9704 - precision: 0.9618 - recall: 0.9795
234/352 [==================>...........] - ETA: 12s - loss: 0.0814 - accuracy: 0.9705 - precision: 0.9620 - recall: 0.9796
235/352 [===================>..........] - ETA: 12s - loss: 0.0811 - accuracy: 0.9707 - precision: 0.9623 - recall: 0.9797
236/352 [===================>..........] - ETA: 12s - loss: 0.0814 - accuracy: 0.9708 - precision: 0.9624 - recall: 0.9798
237/352 [===================>..........] - ETA: 12s - loss: 0.0811 - accuracy: 0.9709 - precision: 0.9625 - recall: 0.9799
238/352 [===================>..........] - ETA: 12s - loss: 0.0811 - accuracy: 0.9710 - precision: 0.9627 - recall: 0.9800
239/352 [===================>..........] - ETA: 12s - loss: 0.0810 - accuracy: 0.9711 - precision: 0.9629 - recall: 0.9801
240/352 [===================>..........] - ETA: 12s - loss: 0.0811 - accuracy: 0.9707 - precision: 0.9629 - recall: 0.9790
241/352 [===================>..........] - ETA: 11s - loss: 0.0817 - accuracy: 0.9703 - precision: 0.9621 - recall: 0.9791
242/352 [===================>..........] - ETA: 11s - loss: 0.0819 - accuracy: 0.9699 - precision: 0.9622 - recall: 0.9782
243/352 [===================>..........] - ETA: 11s - loss: 0.0816 - accuracy: 0.9701 - precision: 0.9624 - recall: 0.9783
244/352 [===================>..........] - ETA: 11s - loss: 0.0815 - accuracy: 0.9702 - precision: 0.9626 - recall: 0.9784
245/352 [===================>..........] - ETA: 11s - loss: 0.0821 - accuracy: 0.9698 - precision: 0.9618 - recall: 0.9785
246/352 [===================>..........] - ETA: 11s - loss: 0.0821 - accuracy: 0.9699 - precision: 0.9618 - recall: 0.9785
247/352 [====================>.........] - ETA: 11s - loss: 0.0819 - accuracy: 0.9701 - precision: 0.9620 - recall: 0.9786
248/352 [====================>.........] - ETA: 11s - loss: 0.0817 - accuracy: 0.9702 - precision: 0.9621 - recall: 0.9787
249/352 [====================>.........] - ETA: 11s - loss: 0.0814 - accuracy: 0.9703 - precision: 0.9622 - recall: 0.9787
250/352 [====================>.........] - ETA: 11s - loss: 0.0812 - accuracy: 0.9704 - precision: 0.9623 - recall: 0.9788
251/352 [====================>.........] - ETA: 10s - loss: 0.0812 - accuracy: 0.9705 - precision: 0.9625 - recall: 0.9789
252/352 [====================>.........] - ETA: 10s - loss: 0.0816 - accuracy: 0.9701 - precision: 0.9616 - recall: 0.9789
253/352 [====================>.........] - ETA: 10s - loss: 0.0813 - accuracy: 0.9703 - precision: 0.9617 - recall: 0.9790
254/352 [====================>.........] - ETA: 10s - loss: 0.0814 - accuracy: 0.9704 - precision: 0.9619 - recall: 0.9791
255/352 [====================>.........] - ETA: 10s - loss: 0.0811 - accuracy: 0.9705 - precision: 0.9620 - recall: 0.9792
256/352 [====================>.........] - ETA: 10s - loss: 0.0810 - accuracy: 0.9706 - precision: 0.9622 - recall: 0.9793
257/352 [====================>.........] - ETA: 10s - loss: 0.0807 - accuracy: 0.9707 - precision: 0.9623 - recall: 0.9794
258/352 [====================>.........] - ETA: 10s - loss: 0.0820 - accuracy: 0.9704 - precision: 0.9616 - recall: 0.9795
259/352 [=====================>........] - ETA: 10s - loss: 0.0821 - accuracy: 0.9700 - precision: 0.9616 - recall: 0.9785
260/352 [=====================>........] - ETA: 9s - loss: 0.0820 - accuracy: 0.9701 - precision: 0.9618 - recall: 0.9786 
261/352 [=====================>........] - ETA: 9s - loss: 0.0817 - accuracy: 0.9702 - precision: 0.9619 - recall: 0.9787
262/352 [=====================>........] - ETA: 9s - loss: 0.0814 - accuracy: 0.9703 - precision: 0.9620 - recall: 0.9787
263/352 [=====================>........] - ETA: 9s - loss: 0.0814 - accuracy: 0.9704 - precision: 0.9622 - recall: 0.9788
264/352 [=====================>........] - ETA: 9s - loss: 0.0817 - accuracy: 0.9701 - precision: 0.9614 - recall: 0.9789
265/352 [=====================>........] - ETA: 9s - loss: 0.0814 - accuracy: 0.9702 - precision: 0.9615 - recall: 0.9789
266/352 [=====================>........] - ETA: 9s - loss: 0.0812 - accuracy: 0.9703 - precision: 0.9616 - recall: 0.9790
267/352 [=====================>........] - ETA: 9s - loss: 0.0821 - accuracy: 0.9700 - precision: 0.9609 - recall: 0.9791
268/352 [=====================>........] - ETA: 9s - loss: 0.0853 - accuracy: 0.9691 - precision: 0.9591 - recall: 0.9791
269/352 [=====================>........] - ETA: 8s - loss: 0.0849 - accuracy: 0.9692 - precision: 0.9593 - recall: 0.9792
270/352 [======================>.......] - ETA: 8s - loss: 0.0847 - accuracy: 0.9694 - precision: 0.9594 - recall: 0.9793
271/352 [======================>.......] - ETA: 8s - loss: 0.0844 - accuracy: 0.9695 - precision: 0.9596 - recall: 0.9794
272/352 [======================>.......] - ETA: 8s - loss: 0.0843 - accuracy: 0.9696 - precision: 0.9598 - recall: 0.9795
273/352 [======================>.......] - ETA: 8s - loss: 0.0841 - accuracy: 0.9697 - precision: 0.9599 - recall: 0.9796
274/352 [======================>.......] - ETA: 8s - loss: 0.0838 - accuracy: 0.9698 - precision: 0.9600 - recall: 0.9796
275/352 [======================>.......] - ETA: 8s - loss: 0.0838 - accuracy: 0.9699 - precision: 0.9601 - recall: 0.9796
276/352 [======================>.......] - ETA: 8s - loss: 0.0835 - accuracy: 0.9700 - precision: 0.9601 - recall: 0.9796
277/352 [======================>.......] - ETA: 8s - loss: 0.0856 - accuracy: 0.9692 - precision: 0.9603 - recall: 0.9779
278/352 [======================>.......] - ETA: 7s - loss: 0.0853 - accuracy: 0.9693 - precision: 0.9604 - recall: 0.9780
279/352 [======================>.......] - ETA: 7s - loss: 0.0855 - accuracy: 0.9690 - precision: 0.9596 - recall: 0.9781
280/352 [======================>.......] - ETA: 7s - loss: 0.0854 - accuracy: 0.9691 - precision: 0.9597 - recall: 0.9781
281/352 [======================>.......] - ETA: 7s - loss: 0.0866 - accuracy: 0.9683 - precision: 0.9589 - recall: 0.9773
282/352 [=======================>......] - ETA: 7s - loss: 0.0863 - accuracy: 0.9684 - precision: 0.9590 - recall: 0.9773
283/352 [=======================>......] - ETA: 7s - loss: 0.0870 - accuracy: 0.9681 - precision: 0.9592 - recall: 0.9765
284/352 [=======================>......] - ETA: 7s - loss: 0.0872 - accuracy: 0.9678 - precision: 0.9586 - recall: 0.9766
285/352 [=======================>......] - ETA: 7s - loss: 0.0869 - accuracy: 0.9679 - precision: 0.9587 - recall: 0.9767
286/352 [=======================>......] - ETA: 7s - loss: 0.0868 - accuracy: 0.9680 - precision: 0.9588 - recall: 0.9768
287/352 [=======================>......] - ETA: 6s - loss: 0.0865 - accuracy: 0.9681 - precision: 0.9590 - recall: 0.9769
288/352 [=======================>......] - ETA: 6s - loss: 0.0868 - accuracy: 0.9678 - precision: 0.9591 - recall: 0.9761
289/352 [=======================>......] - ETA: 6s - loss: 0.0868 - accuracy: 0.9679 - precision: 0.9593 - recall: 0.9762
290/352 [=======================>......] - ETA: 6s - loss: 0.0866 - accuracy: 0.9680 - precision: 0.9594 - recall: 0.9763
291/352 [=======================>......] - ETA: 6s - loss: 0.0865 - accuracy: 0.9681 - precision: 0.9597 - recall: 0.9764
292/352 [=======================>......] - ETA: 6s - loss: 0.0864 - accuracy: 0.9682 - precision: 0.9598 - recall: 0.9765
293/352 [=======================>......] - ETA: 6s - loss: 0.0871 - accuracy: 0.9675 - precision: 0.9583 - recall: 0.9766
294/352 [========================>.....] - ETA: 6s - loss: 0.0868 - accuracy: 0.9676 - precision: 0.9584 - recall: 0.9767
295/352 [========================>.....] - ETA: 6s - loss: 0.0866 - accuracy: 0.9677 - precision: 0.9585 - recall: 0.9767
296/352 [========================>.....] - ETA: 5s - loss: 0.0864 - accuracy: 0.9678 - precision: 0.9588 - recall: 0.9768
297/352 [========================>.....] - ETA: 5s - loss: 0.0864 - accuracy: 0.9679 - precision: 0.9589 - recall: 0.9769
298/352 [========================>.....] - ETA: 5s - loss: 0.0863 - accuracy: 0.9680 - precision: 0.9590 - recall: 0.9770
299/352 [========================>.....] - ETA: 5s - loss: 0.0864 - accuracy: 0.9677 - precision: 0.9590 - recall: 0.9762
300/352 [========================>.....] - ETA: 5s - loss: 0.0863 - accuracy: 0.9678 - precision: 0.9591 - recall: 0.9762
301/352 [========================>.....] - ETA: 5s - loss: 0.0862 - accuracy: 0.9679 - precision: 0.9593 - recall: 0.9764
302/352 [========================>.....] - ETA: 5s - loss: 0.0861 - accuracy: 0.9680 - precision: 0.9595 - recall: 0.9765
303/352 [========================>.....] - ETA: 5s - loss: 0.0865 - accuracy: 0.9677 - precision: 0.9596 - recall: 0.9757
304/352 [========================>.....] - ETA: 5s - loss: 0.0863 - accuracy: 0.9678 - precision: 0.9598 - recall: 0.9758
305/352 [========================>.....] - ETA: 4s - loss: 0.0861 - accuracy: 0.9680 - precision: 0.9600 - recall: 0.9759
306/352 [=========================>....] - ETA: 4s - loss: 0.0858 - accuracy: 0.9681 - precision: 0.9601 - recall: 0.9760
307/352 [=========================>....] - ETA: 4s - loss: 0.0863 - accuracy: 0.9678 - precision: 0.9595 - recall: 0.9761
308/352 [=========================>....] - ETA: 4s - loss: 0.0865 - accuracy: 0.9675 - precision: 0.9589 - recall: 0.9762
309/352 [=========================>....] - ETA: 4s - loss: 0.0863 - accuracy: 0.9676 - precision: 0.9590 - recall: 0.9763
310/352 [=========================>....] - ETA: 4s - loss: 0.0864 - accuracy: 0.9677 - precision: 0.9592 - recall: 0.9764
311/352 [=========================>....] - ETA: 4s - loss: 0.0869 - accuracy: 0.9674 - precision: 0.9586 - recall: 0.9765
312/352 [=========================>....] - ETA: 4s - loss: 0.0873 - accuracy: 0.9671 - precision: 0.9579 - recall: 0.9765
313/352 [=========================>....] - ETA: 4s - loss: 0.0874 - accuracy: 0.9672 - precision: 0.9580 - recall: 0.9766
314/352 [=========================>....] - ETA: 4s - loss: 0.0873 - accuracy: 0.9673 - precision: 0.9581 - recall: 0.9766
315/352 [=========================>....] - ETA: 3s - loss: 0.0872 - accuracy: 0.9674 - precision: 0.9582 - recall: 0.9767
316/352 [=========================>....] - ETA: 3s - loss: 0.0870 - accuracy: 0.9675 - precision: 0.9584 - recall: 0.9768
317/352 [==========================>...] - ETA: 3s - loss: 0.0868 - accuracy: 0.9676 - precision: 0.9585 - recall: 0.9769
318/352 [==========================>...] - ETA: 3s - loss: 0.0866 - accuracy: 0.9677 - precision: 0.9586 - recall: 0.9769
319/352 [==========================>...] - ETA: 3s - loss: 0.0863 - accuracy: 0.9678 - precision: 0.9588 - recall: 0.9770
320/352 [==========================>...] - ETA: 3s - loss: 0.0869 - accuracy: 0.9671 - precision: 0.9589 - recall: 0.9755
321/352 [==========================>...] - ETA: 3s - loss: 0.0867 - accuracy: 0.9672 - precision: 0.9589 - recall: 0.9756
322/352 [==========================>...] - ETA: 3s - loss: 0.0865 - accuracy: 0.9673 - precision: 0.9590 - recall: 0.9756
323/352 [==========================>...] - ETA: 3s - loss: 0.0864 - accuracy: 0.9674 - precision: 0.9592 - recall: 0.9757
324/352 [==========================>...] - ETA: 2s - loss: 0.0862 - accuracy: 0.9675 - precision: 0.9593 - recall: 0.9758
325/352 [==========================>...] - ETA: 2s - loss: 0.0861 - accuracy: 0.9676 - precision: 0.9594 - recall: 0.9759
326/352 [==========================>...] - ETA: 2s - loss: 0.0860 - accuracy: 0.9677 - precision: 0.9595 - recall: 0.9759
327/352 [==========================>...] - ETA: 2s - loss: 0.0861 - accuracy: 0.9674 - precision: 0.9596 - recall: 0.9752
328/352 [==========================>...] - ETA: 2s - loss: 0.0858 - accuracy: 0.9675 - precision: 0.9598 - recall: 0.9753
329/352 [===========================>..] - ETA: 2s - loss: 0.0858 - accuracy: 0.9676 - precision: 0.9599 - recall: 0.9754
330/352 [===========================>..] - ETA: 2s - loss: 0.0869 - accuracy: 0.9674 - precision: 0.9593 - recall: 0.9755
331/352 [===========================>..] - ETA: 2s - loss: 0.0869 - accuracy: 0.9674 - precision: 0.9594 - recall: 0.9755
332/352 [===========================>..] - ETA: 2s - loss: 0.0882 - accuracy: 0.9672 - precision: 0.9588 - recall: 0.9756
333/352 [===========================>..] - ETA: 1s - loss: 0.0880 - accuracy: 0.9673 - precision: 0.9590 - recall: 0.9757
334/352 [===========================>..] - ETA: 1s - loss: 0.0881 - accuracy: 0.9674 - precision: 0.9591 - recall: 0.9758
335/352 [===========================>..] - ETA: 1s - loss: 0.0878 - accuracy: 0.9675 - precision: 0.9592 - recall: 0.9759
336/352 [===========================>..] - ETA: 1s - loss: 0.0876 - accuracy: 0.9676 - precision: 0.9594 - recall: 0.9760
337/352 [===========================>..] - ETA: 1s - loss: 0.0875 - accuracy: 0.9677 - precision: 0.9596 - recall: 0.9761
338/352 [===========================>..] - ETA: 1s - loss: 0.0873 - accuracy: 0.9678 - precision: 0.9597 - recall: 0.9761
339/352 [===========================>..] - ETA: 1s - loss: 0.0872 - accuracy: 0.9678 - precision: 0.9598 - recall: 0.9762
340/352 [===========================>..] - ETA: 1s - loss: 0.0873 - accuracy: 0.9679 - precision: 0.9598 - recall: 0.9762
341/352 [============================>.] - ETA: 1s - loss: 0.0870 - accuracy: 0.9680 - precision: 0.9599 - recall: 0.9763
342/352 [============================>.] - ETA: 1s - loss: 0.0869 - accuracy: 0.9681 - precision: 0.9600 - recall: 0.9763
343/352 [============================>.] - ETA: 0s - loss: 0.0866 - accuracy: 0.9682 - precision: 0.9600 - recall: 0.9763
344/352 [============================>.] - ETA: 0s - loss: 0.0877 - accuracy: 0.9676 - precision: 0.9595 - recall: 0.9757
345/352 [============================>.] - ETA: 0s - loss: 0.0875 - accuracy: 0.9677 - precision: 0.9596 - recall: 0.9758
346/352 [============================>.] - ETA: 0s - loss: 0.0874 - accuracy: 0.9678 - precision: 0.9596 - recall: 0.9758
347/352 [============================>.] - ETA: 0s - loss: 0.0872 - accuracy: 0.9679 - precision: 0.9597 - recall: 0.9758
348/352 [============================>.] - ETA: 0s - loss: 0.0869 - accuracy: 0.9680 - precision: 0.9598 - recall: 0.9759
349/352 [============================>.] - ETA: 0s - loss: 0.0867 - accuracy: 0.9681 - precision: 0.9599 - recall: 0.9759
350/352 [============================>.] - ETA: 0s - loss: 0.0866 - accuracy: 0.9681 - precision: 0.9600 - recall: 0.9760
351/352 [============================>.] - ETA: 0s - loss: 0.0863 - accuracy: 0.9682 - precision: 0.9601 - recall: 0.9761
352/352 [==============================] - ETA: 0s - loss: 0.0866 - accuracy: 0.9680 - precision: 0.9596 - recall: 0.9762
Epoch 10: saving model to C:\SIRCH_ENV\models\revision\exp13_grouped_retraining\gru_augmented_grouped\checkpoints\gru_augmented_grouped_epoch_010.weights.h5

Epoch 10: val_loss did not improve from 0.30821
Restoring model weights from the end of the best epoch: 4.

Epoch 10: ReduceLROnPlateau reducing learning rate to 2.499999936844688e-05.

352/352 [==============================] - 38s 109ms/step - loss: 0.0866 - accuracy: 0.9680 - precision: 0.9596 - recall: 0.9762 - val_loss: 0.5667 - val_accuracy: 0.8492 - val_precision: 0.8632 - val_recall: 0.8283 - lr: 5.0000e-05
Epoch 10: early stopping
COMPLETE gru_augmented_grouped: best epoch=4 val_loss=0.308207
