split,dataset_origin,label,duration_sec,path
test,RLVS,Non-violence,5.000,C:\SIRCH_ENV\datasets\RLVS\Real Life Violence Dataset\NonViolence\NV_102.mp4
test,RLVS,Non-violence,5.000,C:\SIRCH_ENV\datasets\RLVS\Real Life Violence Dataset\NonViolence\NV_107.mp4
test,RLVS,Non-violence,5.000,C:\SIRCH_ENV\datasets\RLVS\Real Life Violence Dataset\NonViolence\NV_109.mp4
test,RLVS,Non-violence,5.000,C:\SIRCH_ENV\datasets\RLVS\Real Life Violence Dataset\NonViolence\NV_119.mp4
test,RLVS,Non-violence,5.520,C:\SIRCH_ENV\datasets\RLVS\Real Life Violence Dataset\NonViolence\NV_12.mp4
test,RLVS,Non-violence,5.000,C:\SIRCH_ENV\datasets\RLVS\Real Life Violence Dataset\NonViolence\NV_123.mp4
test,RLVS,Non-violence,5.000,C:\SIRCH_ENV\datasets\RLVS\Real Life Violence Dataset\NonViolence\NV_127.mp4
test,RLVS,Non-violence,3.800,C:\SIRCH_ENV\datasets\RLVS\Real Life Violence Dataset\NonViolence\NV_142.mp4
test,RLVS,Non-violence,5.000,C:\SIRCH_ENV\datasets\RLVS\Real Life Violence Dataset\NonViolence\NV_155.mp4
test,RLVS,Non-violence,5.120,C:\SIRCH_ENV\datasets\RLVS\Real Life Violence Dataset\NonViolence\NV_17.mp4
test,RLVS,Non-violence,5.000,C:\SIRCH_ENV\datasets\RLVS\Real Life Violence Dataset\NonViolence\NV_177.mp4
test,RLVS,Non-violence,4.320,C:\SIRCH_ENV\datasets\RLVS\Real Life Violence Dataset\NonViolence\NV_180.mp4
test,RLVS,Non-violence,5.000,C:\SIRCH_ENV\datasets\RLVS\Real Life Violence Dataset\NonViolence\NV_191.mp4
test,RLVS,Non-violence,5.000,C:\SIRCH_ENV\datasets\RLVS\Real Life Violence Dataset\NonViolence\NV_197.mp4
test,RLVS,Non-violence,5.000,C:\SIRCH_ENV\datasets\RLVS\Real Life Violence Dataset\NonViolence\NV_20.mp4
test,RLVS,Non-violence,5.000,C:\SIRCH_ENV\datasets\RLVS\Real Life Violence Dataset\NonViolence\NV_211.mp4
test,RLVS,Non-violence,5.000,C:\SIRCH_ENV\datasets\RLVS\Real Life Violence Dataset\NonViolence\NV_220.mp4
test,RLVS,Non-violence,5.000,C:\SIRCH_ENV\datasets\RLVS\Real Life Violence Dataset\NonViolence\NV_229.mp4
test,RLVS,Non-violence,4.400,C:\SIRCH_ENV\datasets\RLVS\Real Life Violence Dataset\NonViolence\NV_23.mp4
test,RLVS,Non-violence,5.000,C:\SIRCH_ENV\datasets\RLVS\Real Life Violence Dataset\NonViolence\NV_230.mp4
test,RLVS,Non-violence,5.000,C:\SIRCH_ENV\datasets\RLVS\Real Life Violence Dataset\NonViolence\NV_239.mp4
test,RLVS,Non-violence,3.700,C:\SIRCH_ENV\datasets\RLVS\Real Life Violence Dataset\NonViolence\NV_24.mp4
test,RLVS,Non-violence,4.505,C:\SIRCH_ENV\datasets\RLVS\Real Life Violence Dataset\NonViolence\NV_247.mp4
test,RLVS,Non-violence,5.000,C:\SIRCH_ENV\datasets\RLVS\Real Life Violence Dataset\NonViolence\NV_251.mp4
test,RLVS,Non-violence,5.000,C:\SIRCH_ENV\datasets\RLVS\Real Life Violence Dataset\NonViolence\NV_258.mp4
test,RLVS,Non-violence,5.000,C:\SIRCH_ENV\datasets\RLVS\Real Life Violence Dataset\NonViolence\NV_265.mp4
test,RLVS,Non-violence,4.320,C:\SIRCH_ENV\datasets\RLVS\Real Life Violence Dataset\NonViolence\NV_275.mp4
test,RLVS,Non-violence,4.720,C:\SIRCH_ENV\datasets\RLVS\Real Life Violence Dataset\NonViolence\NV_291.mp4
test,RLVS,Non-violence,4.404,C:\SIRCH_ENV\datasets\RLVS\Real Life Violence Dataset\NonViolence\NV_295.mp4
test,RLVS,Non-violence,3.804,C:\SIRCH_ENV\datasets\RLVS\Real Life Violence Dataset\NonViolence\NV_298.mp4
test,RLVS,Non-violence,4.200,C:\SIRCH_ENV\datasets\RLVS\Real Life Violence Dataset\NonViolence\NV_302.mp4
test,RLVS,Non-violence,4.505,C:\SIRCH_ENV\datasets\RLVS\Real Life Violence Dataset\NonViolence\NV_307.mp4
test,RLVS,Non-violence,3.904,C:\SIRCH_ENV\datasets\RLVS\Real Life Violence Dataset\NonViolence\NV_310.mp4
test,RLVS,Non-violence,5.000,C:\SIRCH_ENV\datasets\RLVS\Real Life Violence Dataset\NonViolence\NV_327.mp4
test,RLVS,Non-violence,5.000,C:\SIRCH_ENV\datasets\RLVS\Real Life Violence Dataset\NonViolence\NV_329.mp4
test,RLVS,Non-violence,5.320,C:\SIRCH_ENV\datasets\RLVS\Real Life Violence Dataset\NonViolence\NV_33.mp4
test,RLVS,Non-violence,5.000,C:\SIRCH_ENV\datasets\RLVS\Real Life Violence Dataset\NonViolence\NV_333.mp4
test,RLVS,Non-violence,4.400,C:\SIRCH_ENV\datasets\RLVS\Real Life Violence Dataset\NonViolence\NV_335.mp4
test,RLVS,Non-violence,4.505,C:\SIRCH_ENV\datasets\RLVS\Real Life Violence Dataset\NonViolence\NV_345.mp4
test,RLVS,Non-violence,4.104,C:\SIRCH_ENV\datasets\RLVS\Real Life Violence Dataset\NonViolence\NV_348.mp4
test,RLVS,Non-violence,4.100,C:\SIRCH_ENV\datasets\RLVS\Real Life Violence Dataset\NonViolence\NV_35.mp4
test,RLVS,Non-violence,5.000,C:\SIRCH_ENV\datasets\RLVS\Real Life Violence Dataset\NonViolence\NV_367.mp4
test,RLVS,Non-violence,5.000,C:\SIRCH_ENV\datasets\RLVS\Real Life Violence Dataset\NonViolence\NV_369.mp4
test,RLVS,Non-violence,5.000,C:\SIRCH_ENV\datasets\RLVS\Real Life Violence Dataset\NonViolence\NV_372.mp4
test,RLVS,Non-violence,5.000,C:\SIRCH_ENV\datasets\RLVS\Real Life Violence Dataset\NonViolence\NV_377.mp4
test,RLVS,Non-violence,5.000,C:\SIRCH_ENV\datasets\RLVS\Real Life Violence Dataset\NonViolence\NV_390.mp4
test,RLVS,Non-violence,5.000,C:\SIRCH_ENV\datasets\RLVS\Real Life Violence Dataset\NonViolence\NV_393.mp4
test,RLVS,Non-violence,5.000,C:\SIRCH_ENV\datasets\RLVS\Real Life Violence Dataset\NonViolence\NV_395.mp4
test,RLVS,Non-violence,5.000,C:\SIRCH_ENV\datasets\RLVS\Real Life Violence Dataset\NonViolence\NV_397.mp4
test,RLVS,Non-violence,4.920,C:\SIRCH_ENV\datasets\RLVS\Real Life Violence Dataset\NonViolence\NV_4.mp4
test,RLVS,Non-violence,5.000,C:\SIRCH_ENV\datasets\RLVS\Real Life Violence Dataset\NonViolence\NV_410.mp4
test,RLVS,Non-violence,5.000,C:\SIRCH_ENV\datasets\RLVS\Real Life Violence Dataset\NonViolence\NV_417.mp4
test,RLVS,Non-violence,5.000,C:\SIRCH_ENV\datasets\RLVS\Real Life Violence Dataset\NonViolence\NV_420.mp4
test,RLVS,Non-violence,5.000,C:\SIRCH_ENV\datasets\RLVS\Real Life Violence Dataset\NonViolence\NV_421.mp4
test,RLVS,Non-violence,5.000,C:\SIRCH_ENV\datasets\RLVS\Real Life Violence Dataset\NonViolence\NV_429.mp4
test,RLVS,Non-violence,5.000,C:\SIRCH_ENV\datasets\RLVS\Real Life Violence Dataset\NonViolence\NV_431.mp4
test,RLVS,Non-violence,5.000,C:\SIRCH_ENV\datasets\RLVS\Real Life Violence Dataset\NonViolence\NV_434.mp4
test,RLVS,Non-violence,5.000,C:\SIRCH_ENV\datasets\RLVS\Real Life Violence Dataset\NonViolence\NV_435.mp4
test,RLVS,Non-violence,5.320,C:\SIRCH_ENV\datasets\RLVS\Real Life Violence Dataset\NonViolence\NV_44.mp4
test,RLVS,Non-violence,5.000,C:\SIRCH_ENV\datasets\RLVS\Real Life Violence Dataset\NonViolence\NV_442.mp4
test,RLVS,Non-violence,5.000,C:\SIRCH_ENV\datasets\RLVS\Real Life Violence Dataset\NonViolence\NV_444.mp4
test,RLVS,Non-violence,5.000,C:\SIRCH_ENV\datasets\RLVS\Real Life Violence Dataset\NonViolence\NV_455.mp4
test,RLVS,Non-violence,5.000,C:\SIRCH_ENV\datasets\RLVS\Real Life Violence Dataset\NonViolence\NV_463.mp4
test,RLVS,Non-violence,5.000,C:\SIRCH_ENV\datasets\RLVS\Real Life Violence Dataset\NonViolence\NV_469.mp4
test,RLVS,Non-violence,5.000,C:\SIRCH_ENV\datasets\RLVS\Real Life Violence Dataset\NonViolence\NV_470.mp4
test,RLVS,Non-violence,5.000,C:\SIRCH_ENV\datasets\RLVS\Real Life Violence Dataset\NonViolence\NV_471.mp4
test,RLVS,Non-violence,5.000,C:\SIRCH_ENV\datasets\RLVS\Real Life Violence Dataset\NonViolence\NV_480.mp4
test,RLVS,Non-violence,5.000,C:\SIRCH_ENV\datasets\RLVS\Real Life Violence Dataset\NonViolence\NV_488.mp4
test,RLVS,Non-violence,5.000,C:\SIRCH_ENV\datasets\RLVS\Real Life Violence Dataset\NonViolence\NV_490.mp4
test,RLVS,Non-violence,5.000,C:\SIRCH_ENV\datasets\RLVS\Real Life Violence Dataset\NonViolence\NV_501.mp4
test,RLVS,Non-violence,5.000,C:\SIRCH_ENV\datasets\RLVS\Real Life Violence Dataset\NonViolence\NV_509.mp4
test,RLVS,Non-violence,5.000,C:\SIRCH_ENV\datasets\RLVS\Real Life Violence Dataset\NonViolence\NV_511.mp4
test,RLVS,Non-violence,5.000,C:\SIRCH_ENV\datasets\RLVS\Real Life Violence Dataset\NonViolence\NV_512.mp4
test,RLVS,Non-violence,5.000,C:\SIRCH_ENV\datasets\RLVS\Real Life Violence Dataset\NonViolence\NV_515.mp4
test,RLVS,Non-violence,5.000,C:\SIRCH_ENV\datasets\RLVS\Real Life Violence Dataset\NonViolence\NV_520.mp4
test,RLVS,Non-violence,5.000,C:\SIRCH_ENV\datasets\RLVS\Real Life Violence Dataset\NonViolence\NV_527.mp4
test,RLVS,Non-violence,5.000,C:\SIRCH_ENV\datasets\RLVS\Real Life Violence Dataset\NonViolence\NV_529.mp4
test,RLVS,Non-violence,5.000,C:\SIRCH_ENV\datasets\RLVS\Real Life Violence Dataset\NonViolence\NV_531.mp4
test,RLVS,Non-violence,5.000,C:\SIRCH_ENV\datasets\RLVS\Real Life Violence Dataset\NonViolence\NV_538.mp4
test,RLVS,Non-violence,5.000,C:\SIRCH_ENV\datasets\RLVS\Real Life Violence Dataset\NonViolence\NV_548.mp4
test,RLVS,Non-violence,5.000,C:\SIRCH_ENV\datasets\RLVS\Real Life Violence Dataset\NonViolence\NV_550.mp4
test,RLVS,Non-violence,5.000,C:\SIRCH_ENV\datasets\RLVS\Real Life Violence Dataset\NonViolence\NV_554.mp4
test,RLVS,Non-violence,5.000,C:\SIRCH_ENV\datasets\RLVS\Real Life Violence Dataset\NonViolence\NV_556.mp4
test,RLVS,Non-violence,5.000,C:\SIRCH_ENV\datasets\RLVS\Real Life Violence Dataset\NonViolence\NV_557.mp4
test,RLVS,Non-violence,5.000,C:\SIRCH_ENV\datasets\RLVS\Real Life Violence Dataset\NonViolence\NV_563.mp4
test,RLVS,Non-violence,5.000,C:\SIRCH_ENV\datasets\RLVS\Real Life Violence Dataset\NonViolence\NV_567.mp4
test,RLVS,Non-violence,5.000,C:\SIRCH_ENV\datasets\RLVS\Real Life Violence Dataset\NonViolence\NV_569.mp4
test,RLVS,Non-violence,5.000,C:\SIRCH_ENV\datasets\RLVS\Real Life Violence Dataset\NonViolence\NV_579.mp4
test,RLVS,Non-violence,5.000,C:\SIRCH_ENV\datasets\RLVS\Real Life Violence Dataset\NonViolence\NV_58.mp4
test,RLVS,Non-violence,5.000,C:\SIRCH_ENV\datasets\RLVS\Real Life Violence Dataset\NonViolence\NV_59.mp4
test,RLVS,Non-violence,5.000,C:\SIRCH_ENV\datasets\RLVS\Real Life Violence Dataset\NonViolence\NV_599.mp4
test,RLVS,Non-violence,5.000,C:\SIRCH_ENV\datasets\RLVS\Real Life Violence Dataset\NonViolence\NV_61.mp4
test,RLVS,Non-violence,5.000,C:\SIRCH_ENV\datasets\RLVS\Real Life Violence Dataset\NonViolence\NV_617.mp4
test,RLVS,Non-violence,5.000,C:\SIRCH_ENV\datasets\RLVS\Real Life Violence Dataset\NonViolence\NV_62.mp4
test,RLVS,Non-violence,5.000,C:\SIRCH_ENV\datasets\RLVS\Real Life Violence Dataset\NonViolence\NV_631.mp4
test,RLVS,Non-violence,5.000,C:\SIRCH_ENV\datasets\RLVS\Real Life Violence Dataset\NonViolence\NV_632.mp4
test,RLVS,Non-violence,5.000,C:\SIRCH_ENV\datasets\RLVS\Real Life Violence Dataset\NonViolence\NV_639.mp4
test,RLVS,Non-violence,5.000,C:\SIRCH_ENV\datasets\RLVS\Real Life Violence Dataset\NonViolence\NV_641.mp4
test,RLVS,Non-violence,5.000,C:\SIRCH_ENV\datasets\RLVS\Real Life Violence Dataset\NonViolence\NV_650.mp4
test,RLVS,Non-violence,5.000,C:\SIRCH_ENV\datasets\RLVS\Real Life Violence Dataset\NonViolence\NV_670.mp4
test,RLVS,Non-violence,5.000,C:\SIRCH_ENV\datasets\RLVS\Real Life Violence Dataset\NonViolence\NV_681.mp4
test,RLVS,Non-violence,5.000,C:\SIRCH_ENV\datasets\RLVS\Real Life Violence Dataset\NonViolence\NV_689.mp4
test,RLVS,Non-violence,5.000,C:\SIRCH_ENV\datasets\RLVS\Real Life Violence Dataset\NonViolence\NV_694.mp4
test,RLVS,Non-violence,5.000,C:\SIRCH_ENV\datasets\RLVS\Real Life Violence Dataset\NonViolence\NV_695.mp4
test,RLVS,Non-violence,5.000,C:\SIRCH_ENV\datasets\RLVS\Real Life Violence Dataset\NonViolence\NV_698.mp4
test,RLVS,Non-violence,5.000,C:\SIRCH_ENV\datasets\RLVS\Real Life Violence Dataset\NonViolence\NV_720.mp4
test,RLVS,Non-violence,5.000,C:\SIRCH_ENV\datasets\RLVS\Real Life Violence Dataset\NonViolence\NV_721.mp4
test,RLVS,Non-violence,5.000,C:\SIRCH_ENV\datasets\RLVS\Real Life Violence Dataset\NonViolence\NV_723.mp4
test,RLVS,Non-violence,4.571,C:\SIRCH_ENV\datasets\RLVS\Real Life Violence Dataset\NonViolence\NV_749.mp4
test,RLVS,Non-violence,5.000,C:\SIRCH_ENV\datasets\RLVS\Real Life Violence Dataset\NonViolence\NV_758.mp4
test,RLVS,Non-violence,5.000,C:\SIRCH_ENV\datasets\RLVS\Real Life Violence Dataset\NonViolence\NV_764.mp4
test,RLVS,Non-violence,5.000,C:\SIRCH_ENV\datasets\RLVS\Real Life Violence Dataset\NonViolence\NV_767.mp4
test,RLVS,Non-violence,5.000,C:\SIRCH_ENV\datasets\RLVS\Real Life Violence Dataset\NonViolence\NV_777.mp4
test,RLVS,Non-violence,5.000,C:\SIRCH_ENV\datasets\RLVS\Real Life Violence Dataset\NonViolence\NV_783.mp4
test,RLVS,Non-violence,5.000,C:\SIRCH_ENV\datasets\RLVS\Real Life Violence Dataset\NonViolence\NV_787.mp4
test,RLVS,Non-violence,5.000,C:\SIRCH_ENV\datasets\RLVS\Real Life Violence Dataset\NonViolence\NV_794.mp4
test,RLVS,Non-violence,5.000,C:\SIRCH_ENV\datasets\RLVS\Real Life Violence Dataset\NonViolence\NV_806.mp4
test,RLVS,Non-violence,3.480,C:\SIRCH_ENV\datasets\RLVS\Real Life Violence Dataset\NonViolence\NV_852.mp4
test,RLVS,Non-violence,4.480,C:\SIRCH_ENV\datasets\RLVS\Real Life Violence Dataset\NonViolence\NV_855.mp4
test,RLVS,Non-violence,4.280,C:\SIRCH_ENV\datasets\RLVS\Real Life Violence Dataset\NonViolence\NV_859.mp4
test,RLVS,Non-violence,5.000,C:\SIRCH_ENV\datasets\RLVS\Real Life Violence Dataset\NonViolence\NV_866.avi
test,RLVS,Non-violence,5.000,C:\SIRCH_ENV\datasets\RLVS\Real Life Violence Dataset\NonViolence\NV_872.avi
test,RLVS,Non-violence,5.000,C:\SIRCH_ENV\datasets\RLVS\Real Life Violence Dataset\NonViolence\NV_874.avi
test,RLVS,Non-violence,5.000,C:\SIRCH_ENV\datasets\RLVS\Real Life Violence Dataset\NonViolence\NV_890.avi
test,RLVS,Non-violence,5.000,C:\SIRCH_ENV\datasets\RLVS\Real Life Violence Dataset\NonViolence\NV_907.avi
test,RLVS,Non-violence,4.320,C:\SIRCH_ENV\datasets\RLVS\Real Life Violence Dataset\NonViolence\NV_91.mp4
test,RLVS,Non-violence,5.000,C:\SIRCH_ENV\datasets\RLVS\Real Life Violence Dataset\NonViolence\NV_918.mp4
test,RLVS,Non-violence,5.000,C:\SIRCH_ENV\datasets\RLVS\Real Life Violence Dataset\NonViolence\NV_919.mp4
test,RLVS,Non-violence,5.000,C:\SIRCH_ENV\datasets\RLVS\Real Life Violence Dataset\NonViolence\NV_921.mp4
test,RLVS,Non-violence,5.000,C:\SIRCH_ENV\datasets\RLVS\Real Life Violence Dataset\NonViolence\NV_938.mp4
test,RLVS,Non-violence,5.000,C:\SIRCH_ENV\datasets\RLVS\Real Life Violence Dataset\NonViolence\NV_941.mp4
test,RLVS,Non-violence,5.000,C:\SIRCH_ENV\datasets\RLVS\Real Life Violence Dataset\NonViolence\NV_942.mp4
test,RLVS,Non-violence,5.000,C:\SIRCH_ENV\datasets\RLVS\Real Life Violence Dataset\NonViolence\NV_943.mp4
test,RLVS,Non-violence,5.000,C:\SIRCH_ENV\datasets\RLVS\Real Life Violence Dataset\NonViolence\NV_954.mp4
test,RLVS,Non-violence,5.000,C:\SIRCH_ENV\datasets\RLVS\Real Life Violence Dataset\NonViolence\NV_958.mp4
test,RLVS,Non-violence,5.000,C:\SIRCH_ENV\datasets\RLVS\Real Life Violence Dataset\NonViolence\NV_966.mp4
test,RLVS,Non-violence,5.000,C:\SIRCH_ENV\datasets\RLVS\Real Life Violence Dataset\NonViolence\NV_968.mp4
test,RLVS,Non-violence,5.000,C:\SIRCH_ENV\datasets\RLVS\Real Life Violence Dataset\NonViolence\NV_981.mp4
test,RLVS,Non-violence,5.000,C:\SIRCH_ENV\datasets\RLVS\Real Life Violence Dataset\NonViolence\NV_982.mp4
test,RLVS,Violence,5.005,C:\SIRCH_ENV\datasets\RLVS\Real Life Violence Dataset\Violence\V_107.mp4
test,RLVS,Violence,5.405,C:\SIRCH_ENV\datasets\RLVS\Real Life Violence Dataset\Violence\V_113.mp4
test,RLVS,Violence,5.005,C:\SIRCH_ENV\datasets\RLVS\Real Life Violence Dataset\Violence\V_114.mp4
test,RLVS,Violence,4.905,C:\SIRCH_ENV\datasets\RLVS\Real Life Violence Dataset\Violence\V_120.mp4
test,RLVS,Violence,5.900,C:\SIRCH_ENV\datasets\RLVS\Real Life Violence Dataset\Violence\V_123.mp4
test,RLVS,Violence,5.900,C:\SIRCH_ENV\datasets\RLVS\Real Life Violence Dataset\Violence\V_127.mp4
test,RLVS,Violence,5.900,C:\SIRCH_ENV\datasets\RLVS\Real Life Violence Dataset\Violence\V_136.mp4
test,RLVS,Violence,5.900,C:\SIRCH_ENV\datasets\RLVS\Real Life Violence Dataset\Violence\V_137.mp4
test,RLVS,Violence,5.900,C:\SIRCH_ENV\datasets\RLVS\Real Life Violence Dataset\Violence\V_154.mp4
test,RLVS,Violence,5.400,C:\SIRCH_ENV\datasets\RLVS\Real Life Violence Dataset\Violence\V_162.mp4
test,RLVS,Violence,5.500,C:\SIRCH_ENV\datasets\RLVS\Real Life Violence Dataset\Violence\V_170.mp4
test,RLVS,Violence,4.300,C:\SIRCH_ENV\datasets\RLVS\Real Life Violence Dataset\Violence\V_176.mp4
test,RLVS,Violence,5.606,C:\SIRCH_ENV\datasets\RLVS\Real Life Violence Dataset\Violence\V_184.mp4
test,RLVS,Violence,5.606,C:\SIRCH_ENV\datasets\RLVS\Real Life Violence Dataset\Violence\V_185.mp4
test,RLVS,Violence,3.904,C:\SIRCH_ENV\datasets\RLVS\Real Life Violence Dataset\Violence\V_192.mp4
test,RLVS,Violence,5.200,C:\SIRCH_ENV\datasets\RLVS\Real Life Violence Dataset\Violence\V_216.mp4
test,RLVS,Violence,5.200,C:\SIRCH_ENV\datasets\RLVS\Real Life Violence Dataset\Violence\V_219.mp4
test,RLVS,Violence,5.700,C:\SIRCH_ENV\datasets\RLVS\Real Life Violence Dataset\Violence\V_224.mp4
test,RLVS,Violence,4.600,C:\SIRCH_ENV\datasets\RLVS\Real Life Violence Dataset\Violence\V_232.mp4
test,RLVS,Violence,5.100,C:\SIRCH_ENV\datasets\RLVS\Real Life Violence Dataset\Violence\V_235.mp4
test,RLVS,Violence,7.007,C:\SIRCH_ENV\datasets\RLVS\Real Life Violence Dataset\Violence\V_24.mp4
test,RLVS,Violence,3.800,C:\SIRCH_ENV\datasets\RLVS\Real Life Violence Dataset\Violence\V_248.mp4
test,RLVS,Violence,4.304,C:\SIRCH_ENV\datasets\RLVS\Real Life Violence Dataset\Violence\V_25.mp4
test,RLVS,Violence,4.700,C:\SIRCH_ENV\datasets\RLVS\Real Life Violence Dataset\Violence\V_251.mp4
test,RLVS,Violence,4.204,C:\SIRCH_ENV\datasets\RLVS\Real Life Violence Dataset\Violence\V_26.mp4
test,RLVS,Violence,4.300,C:\SIRCH_ENV\datasets\RLVS\Real Life Violence Dataset\Violence\V_260.mp4
test,RLVS,Violence,4.300,C:\SIRCH_ENV\datasets\RLVS\Real Life Violence Dataset\Violence\V_265.mp4
test,RLVS,Violence,4.900,C:\SIRCH_ENV\datasets\RLVS\Real Life Violence Dataset\Violence\V_268.mp4
test,RLVS,Violence,5.400,C:\SIRCH_ENV\datasets\RLVS\Real Life Violence Dataset\Violence\V_272.mp4
test,RLVS,Violence,5.400,C:\SIRCH_ENV\datasets\RLVS\Real Life Violence Dataset\Violence\V_282.mp4
test,RLVS,Violence,5.205,C:\SIRCH_ENV\datasets\RLVS\Real Life Violence Dataset\Violence\V_285.mp4
test,RLVS,Violence,4.805,C:\SIRCH_ENV\datasets\RLVS\Real Life Violence Dataset\Violence\V_287.mp4
test,RLVS,Violence,5.205,C:\SIRCH_ENV\datasets\RLVS\Real Life Violence Dataset\Violence\V_295.mp4
test,RLVS,Violence,6.506,C:\SIRCH_ENV\datasets\RLVS\Real Life Violence Dataset\Violence\V_300.mp4
test,RLVS,Violence,5.405,C:\SIRCH_ENV\datasets\RLVS\Real Life Violence Dataset\Violence\V_306.mp4
test,RLVS,Violence,5.720,C:\SIRCH_ENV\datasets\RLVS\Real Life Violence Dataset\Violence\V_33.mp4
test,RLVS,Violence,3.804,C:\SIRCH_ENV\datasets\RLVS\Real Life Violence Dataset\Violence\V_334.mp4
test,RLVS,Violence,4.705,C:\SIRCH_ENV\datasets\RLVS\Real Life Violence Dataset\Violence\V_337.mp4
test,RLVS,Violence,5.305,C:\SIRCH_ENV\datasets\RLVS\Real Life Violence Dataset\Violence\V_341.mp4
test,RLVS,Violence,3.904,C:\SIRCH_ENV\datasets\RLVS\Real Life Violence Dataset\Violence\V_344.mp4
test,RLVS,Violence,5.105,C:\SIRCH_ENV\datasets\RLVS\Real Life Violence Dataset\Violence\V_348.mp4
test,RLVS,Violence,5.105,C:\SIRCH_ENV\datasets\RLVS\Real Life Violence Dataset\Violence\V_349.mp4
test,RLVS,Violence,5.005,C:\SIRCH_ENV\datasets\RLVS\Real Life Violence Dataset\Violence\V_355.mp4
test,RLVS,Violence,5.600,C:\SIRCH_ENV\datasets\RLVS\Real Life Violence Dataset\Violence\V_36.mp4
test,RLVS,Violence,5.506,C:\SIRCH_ENV\datasets\RLVS\Real Life Violence Dataset\Violence\V_363.mp4
test,RLVS,Violence,5.100,C:\SIRCH_ENV\datasets\RLVS\Real Life Violence Dataset\Violence\V_373.mp4
test,RLVS,Violence,5.000,C:\SIRCH_ENV\datasets\RLVS\Real Life Violence Dataset\Violence\V_382.mp4
test,RLVS,Violence,5.005,C:\SIRCH_ENV\datasets\RLVS\Real Life Violence Dataset\Violence\V_384.mp4
test,RLVS,Violence,3.709,C:\SIRCH_ENV\datasets\RLVS\Real Life Violence Dataset\Violence\V_402.mp4
test,RLVS,Violence,4.600,C:\SIRCH_ENV\datasets\RLVS\Real Life Violence Dataset\Violence\V_407.mp4
test,RLVS,Violence,4.912,C:\SIRCH_ENV\datasets\RLVS\Real Life Violence Dataset\Violence\V_409.mp4
test,RLVS,Violence,3.909,C:\SIRCH_ENV\datasets\RLVS\Real Life Violence Dataset\Violence\V_413.mp4
test,RLVS,Violence,3.200,C:\SIRCH_ENV\datasets\RLVS\Real Life Violence Dataset\Violence\V_415.mp4
test,RLVS,Violence,5.100,C:\SIRCH_ENV\datasets\RLVS\Real Life Violence Dataset\Violence\V_425.mp4
test,RLVS,Violence,5.720,C:\SIRCH_ENV\datasets\RLVS\Real Life Violence Dataset\Violence\V_43.mp4
test,RLVS,Violence,4.400,C:\SIRCH_ENV\datasets\RLVS\Real Life Violence Dataset\Violence\V_432.mp4
test,RLVS,Violence,3.700,C:\SIRCH_ENV\datasets\RLVS\Real Life Violence Dataset\Violence\V_441.mp4
test,RLVS,Violence,4.300,C:\SIRCH_ENV\datasets\RLVS\Real Life Violence Dataset\Violence\V_447.mp4
test,RLVS,Violence,4.400,C:\SIRCH_ENV\datasets\RLVS\Real Life Violence Dataset\Violence\V_457.mp4
test,RLVS,Violence,4.000,C:\SIRCH_ENV\datasets\RLVS\Real Life Violence Dataset\Violence\V_49.mp4
test,RLVS,Violence,4.304,C:\SIRCH_ENV\datasets\RLVS\Real Life Violence Dataset\Violence\V_499.mp4
test,RLVS,Violence,3.804,C:\SIRCH_ENV\datasets\RLVS\Real Life Violence Dataset\Violence\V_502.mp4
test,RLVS,Violence,5.800,C:\SIRCH_ENV\datasets\RLVS\Real Life Violence Dataset\Violence\V_51.mp4
test,RLVS,Violence,4.733,C:\SIRCH_ENV\datasets\RLVS\Real Life Violence Dataset\Violence\V_510.mp4
test,RLVS,Violence,7.000,C:\SIRCH_ENV\datasets\RLVS\Real Life Violence Dataset\Violence\V_52.mp4
test,RLVS,Violence,4.605,C:\SIRCH_ENV\datasets\RLVS\Real Life Violence Dataset\Violence\V_525.mp4
test,RLVS,Violence,5.000,C:\SIRCH_ENV\datasets\RLVS\Real Life Violence Dataset\Violence\V_528.mp4
test,RLVS,Violence,5.000,C:\SIRCH_ENV\datasets\RLVS\Real Life Violence Dataset\Violence\V_537.mp4
test,RLVS,Violence,5.000,C:\SIRCH_ENV\datasets\RLVS\Real Life Violence Dataset\Violence\V_544.mp4
test,RLVS,Violence,5.000,C:\SIRCH_ENV\datasets\RLVS\Real Life Violence Dataset\Violence\V_563.mp4
test,RLVS,Violence,5.000,C:\SIRCH_ENV\datasets\RLVS\Real Life Violence Dataset\Violence\V_565.mp4
test,RLVS,Violence,5.000,C:\SIRCH_ENV\datasets\RLVS\Real Life Violence Dataset\Violence\V_566.mp4
test,RLVS,Violence,5.000,C:\SIRCH_ENV\datasets\RLVS\Real Life Violence Dataset\Violence\V_567.mp4
test,RLVS,Violence,5.000,C:\SIRCH_ENV\datasets\RLVS\Real Life Violence Dataset\Violence\V_568.mp4
test,RLVS,Violence,3.000,C:\SIRCH_ENV\datasets\RLVS\Real Life Violence Dataset\Violence\V_57.mp4
test,RLVS,Violence,5.000,C:\SIRCH_ENV\datasets\RLVS\Real Life Violence Dataset\Violence\V_574.mp4
test,RLVS,Violence,5.000,C:\SIRCH_ENV\datasets\RLVS\Real Life Violence Dataset\Violence\V_585.mp4
test,RLVS,Violence,5.000,C:\SIRCH_ENV\datasets\RLVS\Real Life Violence Dataset\Violence\V_589.mp4
test,RLVS,Violence,5.400,C:\SIRCH_ENV\datasets\RLVS\Real Life Violence Dataset\Violence\V_59.mp4
test,RLVS,Violence,5.000,C:\SIRCH_ENV\datasets\RLVS\Real Life Violence Dataset\Violence\V_593.mp4
test,RLVS,Violence,5.000,C:\SIRCH_ENV\datasets\RLVS\Real Life Violence Dataset\Violence\V_606.mp4
test,RLVS,Violence,5.000,C:\SIRCH_ENV\datasets\RLVS\Real Life Violence Dataset\Violence\V_607.mp4
test,RLVS,Violence,5.000,C:\SIRCH_ENV\datasets\RLVS\Real Life Violence Dataset\Violence\V_611.mp4
test,RLVS,Violence,5.000,C:\SIRCH_ENV\datasets\RLVS\Real Life Violence Dataset\Violence\V_619.mp4
test,RLVS,Violence,4.320,C:\SIRCH_ENV\datasets\RLVS\Real Life Violence Dataset\Violence\V_624.mp4
test,RLVS,Violence,5.005,C:\SIRCH_ENV\datasets\RLVS\Real Life Violence Dataset\Violence\V_634.mp4
test,RLVS,Violence,5.000,C:\SIRCH_ENV\datasets\RLVS\Real Life Violence Dataset\Violence\V_644.mp4
test,RLVS,Violence,5.000,C:\SIRCH_ENV\datasets\RLVS\Real Life Violence Dataset\Violence\V_647.mp4
test,RLVS,Violence,5.000,C:\SIRCH_ENV\datasets\RLVS\Real Life Violence Dataset\Violence\V_648.mp4
test,RLVS,Violence,5.000,C:\SIRCH_ENV\datasets\RLVS\Real Life Violence Dataset\Violence\V_656.mp4
test,RLVS,Violence,5.000,C:\SIRCH_ENV\datasets\RLVS\Real Life Violence Dataset\Violence\V_659.mp4
test,RLVS,Violence,5.000,C:\SIRCH_ENV\datasets\RLVS\Real Life Violence Dataset\Violence\V_660.mp4
test,RLVS,Violence,5.000,C:\SIRCH_ENV\datasets\RLVS\Real Life Violence Dataset\Violence\V_661.mp4
test,RLVS,Violence,5.000,C:\SIRCH_ENV\datasets\RLVS\Real Life Violence Dataset\Violence\V_666.mp4
test,RLVS,Violence,5.000,C:\SIRCH_ENV\datasets\RLVS\Real Life Violence Dataset\Violence\V_668.mp4
test,RLVS,Violence,5.000,C:\SIRCH_ENV\datasets\RLVS\Real Life Violence Dataset\Violence\V_669.mp4
test,RLVS,Violence,5.000,C:\SIRCH_ENV\datasets\RLVS\Real Life Violence Dataset\Violence\V_672.mp4
test,RLVS,Violence,4.100,C:\SIRCH_ENV\datasets\RLVS\Real Life Violence Dataset\Violence\V_68.mp4
test,RLVS,Violence,5.000,C:\SIRCH_ENV\datasets\RLVS\Real Life Violence Dataset\Violence\V_686.mp4
test,RLVS,Violence,3.500,C:\SIRCH_ENV\datasets\RLVS\Real Life Violence Dataset\Violence\V_69.mp4
test,RLVS,Violence,5.000,C:\SIRCH_ENV\datasets\RLVS\Real Life Violence Dataset\Violence\V_696.mp4
test,RLVS,Violence,5.000,C:\SIRCH_ENV\datasets\RLVS\Real Life Violence Dataset\Violence\V_705.mp4
test,RLVS,Violence,5.005,C:\SIRCH_ENV\datasets\RLVS\Real Life Violence Dataset\Violence\V_71.mp4
test,RLVS,Violence,5.000,C:\SIRCH_ENV\datasets\RLVS\Real Life Violence Dataset\Violence\V_713.mp4
test,RLVS,Violence,5.000,C:\SIRCH_ENV\datasets\RLVS\Real Life Violence Dataset\Violence\V_720.mp4
test,RLVS,Violence,5.000,C:\SIRCH_ENV\datasets\RLVS\Real Life Violence Dataset\Violence\V_721.mp4
test,RLVS,Violence,5.000,C:\SIRCH_ENV\datasets\RLVS\Real Life Violence Dataset\Violence\V_724.mp4
test,RLVS,Violence,5.000,C:\SIRCH_ENV\datasets\RLVS\Real Life Violence Dataset\Violence\V_741.mp4
test,RLVS,Violence,4.505,C:\SIRCH_ENV\datasets\RLVS\Real Life Violence Dataset\Violence\V_747.mp4
test,RLVS,Violence,4.104,C:\SIRCH_ENV\datasets\RLVS\Real Life Violence Dataset\Violence\V_756.mp4
test,RLVS,Violence,4.404,C:\SIRCH_ENV\datasets\RLVS\Real Life Violence Dataset\Violence\V_758.mp4
test,RLVS,Violence,5.005,C:\SIRCH_ENV\datasets\RLVS\Real Life Violence Dataset\Violence\V_76.mp4
test,RLVS,Violence,4.304,C:\SIRCH_ENV\datasets\RLVS\Real Life Violence Dataset\Violence\V_763.mp4
test,RLVS,Violence,4.104,C:\SIRCH_ENV\datasets\RLVS\Real Life Violence Dataset\Violence\V_766.mp4
test,RLVS,Violence,4.304,C:\SIRCH_ENV\datasets\RLVS\Real Life Violence Dataset\Violence\V_767.mp4
test,RLVS,Violence,5.100,C:\SIRCH_ENV\datasets\RLVS\Real Life Violence Dataset\Violence\V_768.mp4
test,RLVS,Violence,4.800,C:\SIRCH_ENV\datasets\RLVS\Real Life Violence Dataset\Violence\V_774.mp4
test,RLVS,Violence,5.100,C:\SIRCH_ENV\datasets\RLVS\Real Life Violence Dataset\Violence\V_776.mp4
test,RLVS,Violence,4.800,C:\SIRCH_ENV\datasets\RLVS\Real Life Violence Dataset\Violence\V_778.mp4
test,RLVS,Violence,4.900,C:\SIRCH_ENV\datasets\RLVS\Real Life Violence Dataset\Violence\V_781.mp4
test,RLVS,Violence,5.200,C:\SIRCH_ENV\datasets\RLVS\Real Life Violence Dataset\Violence\V_782.mp4
test,RLVS,Violence,4.400,C:\SIRCH_ENV\datasets\RLVS\Real Life Violence Dataset\Violence\V_788.mp4
test,RLVS,Violence,4.409,C:\SIRCH_ENV\datasets\RLVS\Real Life Violence Dataset\Violence\V_794.mp4
test,RLVS,Violence,4.800,C:\SIRCH_ENV\datasets\RLVS\Real Life Violence Dataset\Violence\V_804.mp4
test,RLVS,Violence,5.400,C:\SIRCH_ENV\datasets\RLVS\Real Life Violence Dataset\Violence\V_810.mp4
test,RLVS,Violence,4.100,C:\SIRCH_ENV\datasets\RLVS\Real Life Violence Dataset\Violence\V_811.mp4
test,RLVS,Violence,5.600,C:\SIRCH_ENV\datasets\RLVS\Real Life Violence Dataset\Violence\V_817.mp4
test,RLVS,Violence,4.900,C:\SIRCH_ENV\datasets\RLVS\Real Life Violence Dataset\Violence\V_823.mp4
test,RLVS,Violence,5.200,C:\SIRCH_ENV\datasets\RLVS\Real Life Violence Dataset\Violence\V_831.mp4
test,RLVS,Violence,5.000,C:\SIRCH_ENV\datasets\RLVS\Real Life Violence Dataset\Violence\V_835.mp4
test,RLVS,Violence,3.900,C:\SIRCH_ENV\datasets\RLVS\Real Life Violence Dataset\Violence\V_852.mp4
test,RLVS,Violence,4.600,C:\SIRCH_ENV\datasets\RLVS\Real Life Violence Dataset\Violence\V_855.mp4
test,RLVS,Violence,3.900,C:\SIRCH_ENV\datasets\RLVS\Real Life Violence Dataset\Violence\V_856.mp4
test,RLVS,Violence,3.900,C:\SIRCH_ENV\datasets\RLVS\Real Life Violence Dataset\Violence\V_859.mp4
test,RLVS,Violence,5.005,C:\SIRCH_ENV\datasets\RLVS\Real Life Violence Dataset\Violence\V_86.mp4
test,RLVS,Violence,3.900,C:\SIRCH_ENV\datasets\RLVS\Real Life Violence Dataset\Violence\V_862.mp4
test,RLVS,Violence,4.300,C:\SIRCH_ENV\datasets\RLVS\Real Life Violence Dataset\Violence\V_868.mp4
test,RLVS,Violence,4.004,C:\SIRCH_ENV\datasets\RLVS\Real Life Violence Dataset\Violence\V_87.mp4
test,RLVS,Violence,5.000,C:\SIRCH_ENV\datasets\RLVS\Real Life Violence Dataset\Violence\V_876.mp4
test,RLVS,Violence,5.000,C:\SIRCH_ENV\datasets\RLVS\Real Life Violence Dataset\Violence\V_878.mp4
test,RLVS,Violence,5.100,C:\SIRCH_ENV\datasets\RLVS\Real Life Violence Dataset\Violence\V_884.mp4
test,RLVS,Violence,5.100,C:\SIRCH_ENV\datasets\RLVS\Real Life Violence Dataset\Violence\V_885.mp4
test,RLVS,Violence,4.207,C:\SIRCH_ENV\datasets\RLVS\Real Life Violence Dataset\Violence\V_891.mp4
test,RLVS,Violence,5.005,C:\SIRCH_ENV\datasets\RLVS\Real Life Violence Dataset\Violence\V_90.mp4
test,RLVS,Violence,4.204,C:\SIRCH_ENV\datasets\RLVS\Real Life Violence Dataset\Violence\V_900.mp4
test,RLVS,Violence,5.005,C:\SIRCH_ENV\datasets\RLVS\Real Life Violence Dataset\Violence\V_916.mp4
test,RLVS,Violence,4.635,C:\SIRCH_ENV\datasets\RLVS\Real Life Violence Dataset\Violence\V_920.mp4
test,RLVS,Violence,4.900,C:\SIRCH_ENV\datasets\RLVS\Real Life Violence Dataset\Violence\V_923.mp4
test,RLVS,Violence,5.116,C:\SIRCH_ENV\datasets\RLVS\Real Life Violence Dataset\Violence\V_929.mp4
test,RLVS,Violence,4.900,C:\SIRCH_ENV\datasets\RLVS\Real Life Violence Dataset\Violence\V_933.mp4
test,RLVS,Violence,4.931,C:\SIRCH_ENV\datasets\RLVS\Real Life Violence Dataset\Violence\V_941.mp4
test,RLVS,Violence,4.204,C:\SIRCH_ENV\datasets\RLVS\Real Life Violence Dataset\Violence\V_959.mp4
test,RLVS,Violence,5.105,C:\SIRCH_ENV\datasets\RLVS\Real Life Violence Dataset\Violence\V_97.mp4
test,RLVS,Violence,5.300,C:\SIRCH_ENV\datasets\RLVS\Real Life Violence Dataset\Violence\V_970.mp4
test,RLVS,Violence,5.000,C:\SIRCH_ENV\datasets\RLVS\Real Life Violence Dataset\Violence\V_975.mp4
test,RLVS,Violence,5.000,C:\SIRCH_ENV\datasets\RLVS\Real Life Violence Dataset\Violence\V_994.mp4
test,RLVS,Violence,5.000,C:\SIRCH_ENV\datasets\RLVS\Real Life Violence Dataset\Violence\V_996.mp4
test,RLVS,Violence,5.000,C:\SIRCH_ENV\datasets\RLVS\Real Life Violence Dataset\Violence\V_999.mp4
test,RWF-2000,Non-violence,5.000,C:\SIRCH_ENV\datasets\RWF-2000\train\NonFight\rwf_train_nonfight_0002.avi
test,RWF-2000,Non-violence,5.000,C:\SIRCH_ENV\datasets\RWF-2000\train\NonFight\rwf_train_nonfight_0016.avi
test,RWF-2000,Non-violence,5.000,C:\SIRCH_ENV\datasets\RWF-2000\train\NonFight\rwf_train_nonfight_0018.avi
test,RWF-2000,Non-violence,5.000,C:\SIRCH_ENV\datasets\RWF-2000\train\NonFight\rwf_train_nonfight_0037.avi
test,RWF-2000,Non-violence,5.000,C:\SIRCH_ENV\datasets\RWF-2000\train\NonFight\rwf_train_nonfight_0040.avi
test,RWF-2000,Non-violence,5.000,C:\SIRCH_ENV\datasets\RWF-2000\train\NonFight\rwf_train_nonfight_0043.avi
test,RWF-2000,Non-violence,5.000,C:\SIRCH_ENV\datasets\RWF-2000\train\NonFight\rwf_train_nonfight_0078.avi
test,RWF-2000,Non-violence,5.000,C:\SIRCH_ENV\datasets\RWF-2000\train\NonFight\rwf_train_nonfight_0079.avi
test,RWF-2000,Non-violence,5.000,C:\SIRCH_ENV\datasets\RWF-2000\train\NonFight\rwf_train_nonfight_0082.avi
test,RWF-2000,Non-violence,5.000,C:\SIRCH_ENV\datasets\RWF-2000\train\NonFight\rwf_train_nonfight_0084.avi
test,RWF-2000,Non-violence,5.000,C:\SIRCH_ENV\datasets\RWF-2000\train\NonFight\rwf_train_nonfight_0086.avi
test,RWF-2000,Non-violence,5.000,C:\SIRCH_ENV\datasets\RWF-2000\train\NonFight\rwf_train_nonfight_0090.avi
test,RWF-2000,Non-violence,5.000,C:\SIRCH_ENV\datasets\RWF-2000\train\NonFight\rwf_train_nonfight_0091.avi
test,RWF-2000,Non-violence,5.000,C:\SIRCH_ENV\datasets\RWF-2000\train\NonFight\rwf_train_nonfight_0108.avi
test,RWF-2000,Non-violence,5.000,C:\SIRCH_ENV\datasets\RWF-2000\train\NonFight\rwf_train_nonfight_0114.avi
test,RWF-2000,Non-violence,5.000,C:\SIRCH_ENV\datasets\RWF-2000\train\NonFight\rwf_train_nonfight_0116.avi
test,RWF-2000,Non-violence,5.000,C:\SIRCH_ENV\datasets\RWF-2000\train\NonFight\rwf_train_nonfight_0135.avi
test,RWF-2000,Non-violence,5.000,C:\SIRCH_ENV\datasets\RWF-2000\train\NonFight\rwf_train_nonfight_0144.avi
test,RWF-2000,Non-violence,5.000,C:\SIRCH_ENV\datasets\RWF-2000\train\NonFight\rwf_train_nonfight_0150.avi
test,RWF-2000,Non-violence,5.000,C:\SIRCH_ENV\datasets\RWF-2000\train\NonFight\rwf_train_nonfight_0157.avi
test,RWF-2000,Non-violence,5.000,C:\SIRCH_ENV\datasets\RWF-2000\train\NonFight\rwf_train_nonfight_0171.avi
test,RWF-2000,Non-violence,5.000,C:\SIRCH_ENV\datasets\RWF-2000\train\NonFight\rwf_train_nonfight_0172.avi
test,RWF-2000,Non-violence,5.000,C:\SIRCH_ENV\datasets\RWF-2000\train\NonFight\rwf_train_nonfight_0178.avi
test,RWF-2000,Non-violence,5.000,C:\SIRCH_ENV\datasets\RWF-2000\train\NonFight\rwf_train_nonfight_0186.avi
test,RWF-2000,Non-violence,5.000,C:\SIRCH_ENV\datasets\RWF-2000\train\NonFight\rwf_train_nonfight_0187.avi
test,RWF-2000,Non-violence,5.000,C:\SIRCH_ENV\datasets\RWF-2000\train\NonFight\rwf_train_nonfight_0216.avi
test,RWF-2000,Non-violence,5.000,C:\SIRCH_ENV\datasets\RWF-2000\train\NonFight\rwf_train_nonfight_0222.avi
test,RWF-2000,Non-violence,5.000,C:\SIRCH_ENV\datasets\RWF-2000\train\NonFight\rwf_train_nonfight_0229.avi
test,RWF-2000,Non-violence,5.000,C:\SIRCH_ENV\datasets\RWF-2000\train\NonFight\rwf_train_nonfight_0230.avi
test,RWF-2000,Non-violence,5.000,C:\SIRCH_ENV\datasets\RWF-2000\train\NonFight\rwf_train_nonfight_0232.avi
test,RWF-2000,Non-violence,5.000,C:\SIRCH_ENV\datasets\RWF-2000\train\NonFight\rwf_train_nonfight_0237.avi
test,RWF-2000,Non-violence,5.000,C:\SIRCH_ENV\datasets\RWF-2000\train\NonFight\rwf_train_nonfight_0239.avi
test,RWF-2000,Non-violence,5.000,C:\SIRCH_ENV\datasets\RWF-2000\train\NonFight\rwf_train_nonfight_0240.avi
test,RWF-2000,Non-violence,5.000,C:\SIRCH_ENV\datasets\RWF-2000\train\NonFight\rwf_train_nonfight_0241.avi
test,RWF-2000,Non-violence,5.000,C:\SIRCH_ENV\datasets\RWF-2000\train\NonFight\rwf_train_nonfight_0247.avi
test,RWF-2000,Non-violence,5.000,C:\SIRCH_ENV\datasets\RWF-2000\train\NonFight\rwf_train_nonfight_0249.avi
test,RWF-2000,Non-violence,5.000,C:\SIRCH_ENV\datasets\RWF-2000\train\NonFight\rwf_train_nonfight_0260.avi
test,RWF-2000,Non-violence,5.000,C:\SIRCH_ENV\datasets\RWF-2000\train\NonFight\rwf_train_nonfight_0276.avi
test,RWF-2000,Non-violence,5.000,C:\SIRCH_ENV\datasets\RWF-2000\train\NonFight\rwf_train_nonfight_0279.avi
test,RWF-2000,Non-violence,5.000,C:\SIRCH_ENV\datasets\RWF-2000\train\NonFight\rwf_train_nonfight_0283.avi
test,RWF-2000,Non-violence,5.000,C:\SIRCH_ENV\datasets\RWF-2000\train\NonFight\rwf_train_nonfight_0285.avi
test,RWF-2000,Non-violence,5.000,C:\SIRCH_ENV\datasets\RWF-2000\train\NonFight\rwf_train_nonfight_0290.avi
test,RWF-2000,Non-violence,5.000,C:\SIRCH_ENV\datasets\RWF-2000\train\NonFight\rwf_train_nonfight_0292.avi
test,RWF-2000,Non-violence,5.000,C:\SIRCH_ENV\datasets\RWF-2000\train\NonFight\rwf_train_nonfight_0294.avi
test,RWF-2000,Non-violence,5.000,C:\SIRCH_ENV\datasets\RWF-2000\train\NonFight\rwf_train_nonfight_0295.avi
test,RWF-2000,Non-violence,5.000,C:\SIRCH_ENV\datasets\RWF-2000\train\NonFight\rwf_train_nonfight_0298.avi
test,RWF-2000,Non-violence,5.000,C:\SIRCH_ENV\datasets\RWF-2000\train\NonFight\rwf_train_nonfight_0300.avi
test,RWF-2000,Non-violence,5.000,C:\SIRCH_ENV\datasets\RWF-2000\train\NonFight\rwf_train_nonfight_0301.avi
test,RWF-2000,Non-violence,5.000,C:\SIRCH_ENV\datasets\RWF-2000\train\NonFight\rwf_train_nonfight_0314.avi
test,RWF-2000,Non-violence,5.000,C:\SIRCH_ENV\datasets\RWF-2000\train\NonFight\rwf_train_nonfight_0330.avi
test,RWF-2000,Non-violence,5.000,C:\SIRCH_ENV\datasets\RWF-2000\train\NonFight\rwf_train_nonfight_0340.avi
test,RWF-2000,Non-violence,5.000,C:\SIRCH_ENV\datasets\RWF-2000\train\NonFight\rwf_train_nonfight_0342.avi
test,RWF-2000,Non-violence,5.000,C:\SIRCH_ENV\datasets\RWF-2000\train\NonFight\rwf_train_nonfight_0344.avi
test,RWF-2000,Non-violence,5.000,C:\SIRCH_ENV\datasets\RWF-2000\train\NonFight\rwf_train_nonfight_0359.avi
test,RWF-2000,Non-violence,5.000,C:\SIRCH_ENV\datasets\RWF-2000\train\NonFight\rwf_train_nonfight_0366.avi
test,RWF-2000,Non-violence,5.000,C:\SIRCH_ENV\datasets\RWF-2000\train\NonFight\rwf_train_nonfight_0369.avi
test,RWF-2000,Non-violence,5.000,C:\SIRCH_ENV\datasets\RWF-2000\train\NonFight\rwf_train_nonfight_0372.avi
test,RWF-2000,Non-violence,5.000,C:\SIRCH_ENV\datasets\RWF-2000\train\NonFight\rwf_train_nonfight_0377.avi
test,RWF-2000,Non-violence,5.000,C:\SIRCH_ENV\datasets\RWF-2000\train\NonFight\rwf_train_nonfight_0380.avi
test,RWF-2000,Non-violence,5.000,C:\SIRCH_ENV\datasets\RWF-2000\train\NonFight\rwf_train_nonfight_0382.avi
test,RWF-2000,Non-violence,5.000,C:\SIRCH_ENV\datasets\RWF-2000\train\NonFight\rwf_train_nonfight_0383.avi
test,RWF-2000,Non-violence,5.000,C:\SIRCH_ENV\datasets\RWF-2000\train\NonFight\rwf_train_nonfight_0386.avi
test,RWF-2000,Non-violence,5.000,C:\SIRCH_ENV\datasets\RWF-2000\train\NonFight\rwf_train_nonfight_0389.avi
test,RWF-2000,Non-violence,5.000,C:\SIRCH_ENV\datasets\RWF-2000\train\NonFight\rwf_train_nonfight_0394.avi
test,RWF-2000,Non-violence,5.000,C:\SIRCH_ENV\datasets\RWF-2000\train\NonFight\rwf_train_nonfight_0399.avi
test,RWF-2000,Non-violence,5.000,C:\SIRCH_ENV\datasets\RWF-2000\train\NonFight\rwf_train_nonfight_0404.avi
test,RWF-2000,Non-violence,5.000,C:\SIRCH_ENV\datasets\RWF-2000\train\NonFight\rwf_train_nonfight_0408.avi
test,RWF-2000,Non-violence,5.000,C:\SIRCH_ENV\datasets\RWF-2000\train\NonFight\rwf_train_nonfight_0411.avi
test,RWF-2000,Non-violence,5.000,C:\SIRCH_ENV\datasets\RWF-2000\train\NonFight\rwf_train_nonfight_0414.avi
test,RWF-2000,Non-violence,5.000,C:\SIRCH_ENV\datasets\RWF-2000\train\NonFight\rwf_train_nonfight_0416.avi
test,RWF-2000,Non-violence,5.000,C:\SIRCH_ENV\datasets\RWF-2000\train\NonFight\rwf_train_nonfight_0421.avi
test,RWF-2000,Non-violence,5.000,C:\SIRCH_ENV\datasets\RWF-2000\train\NonFight\rwf_train_nonfight_0427.avi
test,RWF-2000,Non-violence,5.000,C:\SIRCH_ENV\datasets\RWF-2000\train\NonFight\rwf_train_nonfight_0430.avi
test,RWF-2000,Non-violence,5.000,C:\SIRCH_ENV\datasets\RWF-2000\train\NonFight\rwf_train_nonfight_0432.avi
test,RWF-2000,Non-violence,5.000,C:\SIRCH_ENV\datasets\RWF-2000\train\NonFight\rwf_train_nonfight_0443.avi
test,RWF-2000,Non-violence,5.000,C:\SIRCH_ENV\datasets\RWF-2000\train\NonFight\rwf_train_nonfight_0444.avi
test,RWF-2000,Non-violence,5.000,C:\SIRCH_ENV\datasets\RWF-2000\train\NonFight\rwf_train_nonfight_0455.avi
test,RWF-2000,Non-violence,5.000,C:\SIRCH_ENV\datasets\RWF-2000\train\NonFight\rwf_train_nonfight_0459.avi
test,RWF-2000,Non-violence,5.000,C:\SIRCH_ENV\datasets\RWF-2000\train\NonFight\rwf_train_nonfight_0460.avi
test,RWF-2000,Non-violence,5.000,C:\SIRCH_ENV\datasets\RWF-2000\train\NonFight\rwf_train_nonfight_0472.avi
test,RWF-2000,Non-violence,5.000,C:\SIRCH_ENV\datasets\RWF-2000\train\NonFight\rwf_train_nonfight_0483.avi
test,RWF-2000,Non-violence,5.000,C:\SIRCH_ENV\datasets\RWF-2000\train\NonFight\rwf_train_nonfight_0486.avi
test,RWF-2000,Non-violence,5.000,C:\SIRCH_ENV\datasets\RWF-2000\train\NonFight\rwf_train_nonfight_0489.avi
test,RWF-2000,Non-violence,5.000,C:\SIRCH_ENV\datasets\RWF-2000\train\NonFight\rwf_train_nonfight_0490.avi
test,RWF-2000,Non-violence,5.000,C:\SIRCH_ENV\datasets\RWF-2000\train\NonFight\rwf_train_nonfight_0504.avi
test,RWF-2000,Non-violence,5.000,C:\SIRCH_ENV\datasets\RWF-2000\train\NonFight\rwf_train_nonfight_0507.avi
test,RWF-2000,Non-violence,5.000,C:\SIRCH_ENV\datasets\RWF-2000\train\NonFight\rwf_train_nonfight_0511.avi
test,RWF-2000,Non-violence,5.000,C:\SIRCH_ENV\datasets\RWF-2000\train\NonFight\rwf_train_nonfight_0526.avi
test,RWF-2000,Non-violence,5.000,C:\SIRCH_ENV\datasets\RWF-2000\train\NonFight\rwf_train_nonfight_0529.avi
test,RWF-2000,Non-violence,5.000,C:\SIRCH_ENV\datasets\RWF-2000\train\NonFight\rwf_train_nonfight_0531.avi
test,RWF-2000,Non-violence,5.000,C:\SIRCH_ENV\datasets\RWF-2000\train\NonFight\rwf_train_nonfight_0537.avi
test,RWF-2000,Non-violence,5.000,C:\SIRCH_ENV\datasets\RWF-2000\train\NonFight\rwf_train_nonfight_0539.avi
test,RWF-2000,Non-violence,5.000,C:\SIRCH_ENV\datasets\RWF-2000\train\NonFight\rwf_train_nonfight_0554.avi
test,RWF-2000,Non-violence,5.000,C:\SIRCH_ENV\datasets\RWF-2000\train\NonFight\rwf_train_nonfight_0557.avi
test,RWF-2000,Non-violence,5.000,C:\SIRCH_ENV\datasets\RWF-2000\train\NonFight\rwf_train_nonfight_0568.avi
test,RWF-2000,Non-violence,5.000,C:\SIRCH_ENV\datasets\RWF-2000\train\NonFight\rwf_train_nonfight_0573.avi
test,RWF-2000,Non-violence,5.000,C:\SIRCH_ENV\datasets\RWF-2000\train\NonFight\rwf_train_nonfight_0574.avi
test,RWF-2000,Non-violence,5.000,C:\SIRCH_ENV\datasets\RWF-2000\train\NonFight\rwf_train_nonfight_0575.avi
test,RWF-2000,Non-violence,5.000,C:\SIRCH_ENV\datasets\RWF-2000\train\NonFight\rwf_train_nonfight_0593.avi
test,RWF-2000,Non-violence,5.000,C:\SIRCH_ENV\datasets\RWF-2000\train\NonFight\rwf_train_nonfight_0599.avi
test,RWF-2000,Non-violence,5.000,C:\SIRCH_ENV\datasets\RWF-2000\train\NonFight\rwf_train_nonfight_0613.avi
test,RWF-2000,Non-violence,5.000,C:\SIRCH_ENV\datasets\RWF-2000\train\NonFight\rwf_train_nonfight_0619.avi
test,RWF-2000,Non-violence,5.000,C:\SIRCH_ENV\datasets\RWF-2000\train\NonFight\rwf_train_nonfight_0623.avi
test,RWF-2000,Non-violence,5.000,C:\SIRCH_ENV\datasets\RWF-2000\train\NonFight\rwf_train_nonfight_0625.avi
test,RWF-2000,Non-violence,5.000,C:\SIRCH_ENV\datasets\RWF-2000\train\NonFight\rwf_train_nonfight_0628.avi
test,RWF-2000,Non-violence,5.000,C:\SIRCH_ENV\datasets\RWF-2000\train\NonFight\rwf_train_nonfight_0629.avi
test,RWF-2000,Non-violence,5.000,C:\SIRCH_ENV\datasets\RWF-2000\train\NonFight\rwf_train_nonfight_0634.avi
test,RWF-2000,Non-violence,5.000,C:\SIRCH_ENV\datasets\RWF-2000\train\NonFight\rwf_train_nonfight_0637.avi
test,RWF-2000,Non-violence,5.000,C:\SIRCH_ENV\datasets\RWF-2000\train\NonFight\rwf_train_nonfight_0647.avi
test,RWF-2000,Non-violence,5.000,C:\SIRCH_ENV\datasets\RWF-2000\train\NonFight\rwf_train_nonfight_0653.avi
test,RWF-2000,Non-violence,5.000,C:\SIRCH_ENV\datasets\RWF-2000\train\NonFight\rwf_train_nonfight_0663.avi
test,RWF-2000,Non-violence,5.000,C:\SIRCH_ENV\datasets\RWF-2000\train\NonFight\rwf_train_nonfight_0668.avi
test,RWF-2000,Non-violence,5.000,C:\SIRCH_ENV\datasets\RWF-2000\train\NonFight\rwf_train_nonfight_0676.avi
test,RWF-2000,Non-violence,5.000,C:\SIRCH_ENV\datasets\RWF-2000\train\NonFight\rwf_train_nonfight_0678.avi
test,RWF-2000,Non-violence,5.000,C:\SIRCH_ENV\datasets\RWF-2000\train\NonFight\rwf_train_nonfight_0685.avi
test,RWF-2000,Non-violence,5.000,C:\SIRCH_ENV\datasets\RWF-2000\train\NonFight\rwf_train_nonfight_0688.avi
test,RWF-2000,Non-violence,5.000,C:\SIRCH_ENV\datasets\RWF-2000\train\NonFight\rwf_train_nonfight_0698.avi
test,RWF-2000,Non-violence,5.000,C:\SIRCH_ENV\datasets\RWF-2000\train\NonFight\rwf_train_nonfight_0701.avi
test,RWF-2000,Non-violence,5.000,C:\SIRCH_ENV\datasets\RWF-2000\train\NonFight\rwf_train_nonfight_0703.avi
test,RWF-2000,Non-violence,5.000,C:\SIRCH_ENV\datasets\RWF-2000\train\NonFight\rwf_train_nonfight_0706.avi
test,RWF-2000,Non-violence,5.000,C:\SIRCH_ENV\datasets\RWF-2000\train\NonFight\rwf_train_nonfight_0721.avi
test,RWF-2000,Non-violence,5.000,C:\SIRCH_ENV\datasets\RWF-2000\train\NonFight\rwf_train_nonfight_0724.avi
test,RWF-2000,Non-violence,5.000,C:\SIRCH_ENV\datasets\RWF-2000\train\NonFight\rwf_train_nonfight_0733.avi
test,RWF-2000,Non-violence,5.000,C:\SIRCH_ENV\datasets\RWF-2000\train\NonFight\rwf_train_nonfight_0734.avi
test,RWF-2000,Non-violence,5.000,C:\SIRCH_ENV\datasets\RWF-2000\train\NonFight\rwf_train_nonfight_0735.avi
test,RWF-2000,Non-violence,5.000,C:\SIRCH_ENV\datasets\RWF-2000\train\NonFight\rwf_train_nonfight_0742.avi
test,RWF-2000,Non-violence,5.000,C:\SIRCH_ENV\datasets\RWF-2000\train\NonFight\rwf_train_nonfight_0758.avi
test,RWF-2000,Non-violence,5.000,C:\SIRCH_ENV\datasets\RWF-2000\train\NonFight\rwf_train_nonfight_0764.avi
test,RWF-2000,Non-violence,5.000,C:\SIRCH_ENV\datasets\RWF-2000\train\NonFight\rwf_train_nonfight_0775.avi
test,RWF-2000,Non-violence,5.000,C:\SIRCH_ENV\datasets\RWF-2000\train\NonFight\rwf_train_nonfight_0796.avi
test,RWF-2000,Non-violence,5.000,C:\SIRCH_ENV\datasets\RWF-2000\val\NonFight\rwf_val_nonfight_0003.avi
test,RWF-2000,Non-violence,5.000,C:\SIRCH_ENV\datasets\RWF-2000\val\NonFight\rwf_val_nonfight_0004.avi
test,RWF-2000,Non-violence,5.000,C:\SIRCH_ENV\datasets\RWF-2000\val\NonFight\rwf_val_nonfight_0009.avi
test,RWF-2000,Non-violence,5.000,C:\SIRCH_ENV\datasets\RWF-2000\val\NonFight\rwf_val_nonfight_0011.avi
test,RWF-2000,Non-violence,5.000,C:\SIRCH_ENV\datasets\RWF-2000\val\NonFight\rwf_val_nonfight_0013.avi
test,RWF-2000,Non-violence,5.000,C:\SIRCH_ENV\datasets\RWF-2000\val\NonFight\rwf_val_nonfight_0017.avi
test,RWF-2000,Non-violence,5.000,C:\SIRCH_ENV\datasets\RWF-2000\val\NonFight\rwf_val_nonfight_0019.avi
test,RWF-2000,Non-violence,5.000,C:\SIRCH_ENV\datasets\RWF-2000\val\NonFight\rwf_val_nonfight_0027.avi
test,RWF-2000,Non-violence,5.000,C:\SIRCH_ENV\datasets\RWF-2000\val\NonFight\rwf_val_nonfight_0035.avi
test,RWF-2000,Non-violence,5.000,C:\SIRCH_ENV\datasets\RWF-2000\val\NonFight\rwf_val_nonfight_0037.avi
test,RWF-2000,Non-violence,5.000,C:\SIRCH_ENV\datasets\RWF-2000\val\NonFight\rwf_val_nonfight_0039.avi
test,RWF-2000,Non-violence,5.000,C:\SIRCH_ENV\datasets\RWF-2000\val\NonFight\rwf_val_nonfight_0043.avi
test,RWF-2000,Non-violence,5.000,C:\SIRCH_ENV\datasets\RWF-2000\val\NonFight\rwf_val_nonfight_0050.avi
test,RWF-2000,Non-violence,5.000,C:\SIRCH_ENV\datasets\RWF-2000\val\NonFight\rwf_val_nonfight_0051.avi
test,RWF-2000,Non-violence,5.000,C:\SIRCH_ENV\datasets\RWF-2000\val\NonFight\rwf_val_nonfight_0066.avi
test,RWF-2000,Non-violence,5.000,C:\SIRCH_ENV\datasets\RWF-2000\val\NonFight\rwf_val_nonfight_0097.avi
test,RWF-2000,Non-violence,5.000,C:\SIRCH_ENV\datasets\RWF-2000\val\NonFight\rwf_val_nonfight_0106.avi
test,RWF-2000,Non-violence,5.000,C:\SIRCH_ENV\datasets\RWF-2000\val\NonFight\rwf_val_nonfight_0109.avi
test,RWF-2000,Non-violence,5.000,C:\SIRCH_ENV\datasets\RWF-2000\val\NonFight\rwf_val_nonfight_0114.avi
test,RWF-2000,Non-violence,5.000,C:\SIRCH_ENV\datasets\RWF-2000\val\NonFight\rwf_val_nonfight_0115.avi
test,RWF-2000,Non-violence,5.000,C:\SIRCH_ENV\datasets\RWF-2000\val\NonFight\rwf_val_nonfight_0117.avi
test,RWF-2000,Non-violence,5.000,C:\SIRCH_ENV\datasets\RWF-2000\val\NonFight\rwf_val_nonfight_0120.avi
test,RWF-2000,Non-violence,5.000,C:\SIRCH_ENV\datasets\RWF-2000\val\NonFight\rwf_val_nonfight_0126.avi
test,RWF-2000,Non-violence,5.000,C:\SIRCH_ENV\datasets\RWF-2000\val\NonFight\rwf_val_nonfight_0140.avi
test,RWF-2000,Non-violence,5.000,C:\SIRCH_ENV\datasets\RWF-2000\val\NonFight\rwf_val_nonfight_0142.avi
test,RWF-2000,Non-violence,5.000,C:\SIRCH_ENV\datasets\RWF-2000\val\NonFight\rwf_val_nonfight_0162.avi
test,RWF-2000,Non-violence,5.000,C:\SIRCH_ENV\datasets\RWF-2000\val\NonFight\rwf_val_nonfight_0171.avi
test,RWF-2000,Non-violence,5.000,C:\SIRCH_ENV\datasets\RWF-2000\val\NonFight\rwf_val_nonfight_0187.avi
test,RWF-2000,Non-violence,5.000,C:\SIRCH_ENV\datasets\RWF-2000\val\NonFight\rwf_val_nonfight_0194.avi
test,RWF-2000,Non-violence,5.000,C:\SIRCH_ENV\datasets\RWF-2000\val\NonFight\rwf_val_nonfight_0195.avi
test,RWF-2000,Non-violence,5.000,C:\SIRCH_ENV\datasets\RWF-2000\val\NonFight\rwf_val_nonfight_0197.avi
test,RWF-2000,Violence,5.000,C:\SIRCH_ENV\datasets\RWF-2000\train\Fight\rwf_train_fight_0003.avi
test,RWF-2000,Violence,5.000,C:\SIRCH_ENV\datasets\RWF-2000\train\Fight\rwf_train_fight_0008.avi
test,RWF-2000,Violence,5.000,C:\SIRCH_ENV\datasets\RWF-2000\train\Fight\rwf_train_fight_0009.avi
test,RWF-2000,Violence,5.000,C:\SIRCH_ENV\datasets\RWF-2000\train\Fight\rwf_train_fight_0025.avi
test,RWF-2000,Violence,5.000,C:\SIRCH_ENV\datasets\RWF-2000\train\Fight\rwf_train_fight_0032.avi
test,RWF-2000,Violence,5.000,C:\SIRCH_ENV\datasets\RWF-2000\train\Fight\rwf_train_fight_0039.avi
test,RWF-2000,Violence,5.000,C:\SIRCH_ENV\datasets\RWF-2000\train\Fight\rwf_train_fight_0040.avi
test,RWF-2000,Violence,5.000,C:\SIRCH_ENV\datasets\RWF-2000\train\Fight\rwf_train_fight_0068.avi
test,RWF-2000,Violence,5.000,C:\SIRCH_ENV\datasets\RWF-2000\train\Fight\rwf_train_fight_0073.avi
test,RWF-2000,Violence,5.000,C:\SIRCH_ENV\datasets\RWF-2000\train\Fight\rwf_train_fight_0074.avi
test,RWF-2000,Violence,5.000,C:\SIRCH_ENV\datasets\RWF-2000\train\Fight\rwf_train_fight_0075.avi
test,RWF-2000,Violence,5.000,C:\SIRCH_ENV\datasets\RWF-2000\train\Fight\rwf_train_fight_0078.avi
test,RWF-2000,Violence,5.000,C:\SIRCH_ENV\datasets\RWF-2000\train\Fight\rwf_train_fight_0089.avi
test,RWF-2000,Violence,5.000,C:\SIRCH_ENV\datasets\RWF-2000\train\Fight\rwf_train_fight_0094.avi
test,RWF-2000,Violence,5.000,C:\SIRCH_ENV\datasets\RWF-2000\train\Fight\rwf_train_fight_0100.avi
test,RWF-2000,Violence,5.000,C:\SIRCH_ENV\datasets\RWF-2000\train\Fight\rwf_train_fight_0106.avi
test,RWF-2000,Violence,5.000,C:\SIRCH_ENV\datasets\RWF-2000\train\Fight\rwf_train_fight_0108.avi
test,RWF-2000,Violence,5.000,C:\SIRCH_ENV\datasets\RWF-2000\train\Fight\rwf_train_fight_0109.avi
test,RWF-2000,Violence,5.000,C:\SIRCH_ENV\datasets\RWF-2000\train\Fight\rwf_train_fight_0112.avi
test,RWF-2000,Violence,5.000,C:\SIRCH_ENV\datasets\RWF-2000\train\Fight\rwf_train_fight_0117.avi
test,RWF-2000,Violence,5.000,C:\SIRCH_ENV\datasets\RWF-2000\train\Fight\rwf_train_fight_0121.avi
test,RWF-2000,Violence,5.000,C:\SIRCH_ENV\datasets\RWF-2000\train\Fight\rwf_train_fight_0123.avi
test,RWF-2000,Violence,5.000,C:\SIRCH_ENV\datasets\RWF-2000\train\Fight\rwf_train_fight_0133.avi
test,RWF-2000,Violence,5.000,C:\SIRCH_ENV\datasets\RWF-2000\train\Fight\rwf_train_fight_0143.avi
test,RWF-2000,Violence,5.000,C:\SIRCH_ENV\datasets\RWF-2000\train\Fight\rwf_train_fight_0147.avi
test,RWF-2000,Violence,5.000,C:\SIRCH_ENV\datasets\RWF-2000\train\Fight\rwf_train_fight_0161.avi
test,RWF-2000,Violence,5.000,C:\SIRCH_ENV\datasets\RWF-2000\train\Fight\rwf_train_fight_0162.avi
test,RWF-2000,Violence,5.000,C:\SIRCH_ENV\datasets\RWF-2000\train\Fight\rwf_train_fight_0163.avi
test,RWF-2000,Violence,5.000,C:\SIRCH_ENV\datasets\RWF-2000\train\Fight\rwf_train_fight_0166.avi
test,RWF-2000,Violence,5.000,C:\SIRCH_ENV\datasets\RWF-2000\train\Fight\rwf_train_fight_0167.avi
test,RWF-2000,Violence,5.000,C:\SIRCH_ENV\datasets\RWF-2000\train\Fight\rwf_train_fight_0169.avi
test,RWF-2000,Violence,5.000,C:\SIRCH_ENV\datasets\RWF-2000\train\Fight\rwf_train_fight_0170.avi
test,RWF-2000,Violence,5.000,C:\SIRCH_ENV\datasets\RWF-2000\train\Fight\rwf_train_fight_0180.avi
test,RWF-2000,Violence,5.000,C:\SIRCH_ENV\datasets\RWF-2000\train\Fight\rwf_train_fight_0182.avi
test,RWF-2000,Violence,5.000,C:\SIRCH_ENV\datasets\RWF-2000\train\Fight\rwf_train_fight_0189.avi
test,RWF-2000,Violence,5.000,C:\SIRCH_ENV\datasets\RWF-2000\train\Fight\rwf_train_fight_0190.avi
test,RWF-2000,Violence,5.000,C:\SIRCH_ENV\datasets\RWF-2000\train\Fight\rwf_train_fight_0196.avi
test,RWF-2000,Violence,5.000,C:\SIRCH_ENV\datasets\RWF-2000\train\Fight\rwf_train_fight_0206.avi
test,RWF-2000,Violence,5.000,C:\SIRCH_ENV\datasets\RWF-2000\train\Fight\rwf_train_fight_0221.avi
test,RWF-2000,Violence,5.000,C:\SIRCH_ENV\datasets\RWF-2000\train\Fight\rwf_train_fight_0222.avi
test,RWF-2000,Violence,5.000,C:\SIRCH_ENV\datasets\RWF-2000\train\Fight\rwf_train_fight_0227.avi
test,RWF-2000,Violence,5.000,C:\SIRCH_ENV\datasets\RWF-2000\train\Fight\rwf_train_fight_0231.avi
test,RWF-2000,Violence,5.000,C:\SIRCH_ENV\datasets\RWF-2000\train\Fight\rwf_train_fight_0236.avi
test,RWF-2000,Violence,5.000,C:\SIRCH_ENV\datasets\RWF-2000\train\Fight\rwf_train_fight_0238.avi
test,RWF-2000,Violence,5.000,C:\SIRCH_ENV\datasets\RWF-2000\train\Fight\rwf_train_fight_0251.avi
test,RWF-2000,Violence,5.000,C:\SIRCH_ENV\datasets\RWF-2000\train\Fight\rwf_train_fight_0269.avi
test,RWF-2000,Violence,5.000,C:\SIRCH_ENV\datasets\RWF-2000\train\Fight\rwf_train_fight_0275.avi
test,RWF-2000,Violence,5.000,C:\SIRCH_ENV\datasets\RWF-2000\train\Fight\rwf_train_fight_0300.avi
test,RWF-2000,Violence,5.000,C:\SIRCH_ENV\datasets\RWF-2000\train\Fight\rwf_train_fight_0310.avi
test,RWF-2000,Violence,5.000,C:\SIRCH_ENV\datasets\RWF-2000\train\Fight\rwf_train_fight_0315.avi
test,RWF-2000,Violence,5.000,C:\SIRCH_ENV\datasets\RWF-2000\train\Fight\rwf_train_fight_0316.avi
test,RWF-2000,Violence,5.000,C:\SIRCH_ENV\datasets\RWF-2000\train\Fight\rwf_train_fight_0318.avi
test,RWF-2000,Violence,5.000,C:\SIRCH_ENV\datasets\RWF-2000\train\Fight\rwf_train_fight_0326.avi
test,RWF-2000,Violence,5.000,C:\SIRCH_ENV\datasets\RWF-2000\train\Fight\rwf_train_fight_0340.avi
test,RWF-2000,Violence,5.000,C:\SIRCH_ENV\datasets\RWF-2000\train\Fight\rwf_train_fight_0341.avi
test,RWF-2000,Violence,5.000,C:\SIRCH_ENV\datasets\RWF-2000\train\Fight\rwf_train_fight_0353.avi
test,RWF-2000,Violence,5.000,C:\SIRCH_ENV\datasets\RWF-2000\train\Fight\rwf_train_fight_0380.avi
test,RWF-2000,Violence,5.000,C:\SIRCH_ENV\datasets\RWF-2000\train\Fight\rwf_train_fight_0382.avi
test,RWF-2000,Violence,5.000,C:\SIRCH_ENV\datasets\RWF-2000\train\Fight\rwf_train_fight_0395.avi
test,RWF-2000,Violence,5.000,C:\SIRCH_ENV\datasets\RWF-2000\train\Fight\rwf_train_fight_0400.avi
test,RWF-2000,Violence,5.000,C:\SIRCH_ENV\datasets\RWF-2000\train\Fight\rwf_train_fight_0401.avi
test,RWF-2000,Violence,5.000,C:\SIRCH_ENV\datasets\RWF-2000\train\Fight\rwf_train_fight_0403.avi
test,RWF-2000,Violence,5.000,C:\SIRCH_ENV\datasets\RWF-2000\train\Fight\rwf_train_fight_0409.avi
test,RWF-2000,Violence,5.000,C:\SIRCH_ENV\datasets\RWF-2000\train\Fight\rwf_train_fight_0439.avi
test,RWF-2000,Violence,5.000,C:\SIRCH_ENV\datasets\RWF-2000\train\Fight\rwf_train_fight_0445.avi
test,RWF-2000,Violence,5.000,C:\SIRCH_ENV\datasets\RWF-2000\train\Fight\rwf_train_fight_0448.avi
test,RWF-2000,Violence,5.000,C:\SIRCH_ENV\datasets\RWF-2000\train\Fight\rwf_train_fight_0452.avi
test,RWF-2000,Violence,5.000,C:\SIRCH_ENV\datasets\RWF-2000\train\Fight\rwf_train_fight_0464.avi
test,RWF-2000,Violence,5.000,C:\SIRCH_ENV\datasets\RWF-2000\train\Fight\rwf_train_fight_0466.avi
test,RWF-2000,Violence,5.000,C:\SIRCH_ENV\datasets\RWF-2000\train\Fight\rwf_train_fight_0469.avi
test,RWF-2000,Violence,5.000,C:\SIRCH_ENV\datasets\RWF-2000\train\Fight\rwf_train_fight_0476.avi
test,RWF-2000,Violence,5.000,C:\SIRCH_ENV\datasets\RWF-2000\train\Fight\rwf_train_fight_0489.avi
test,RWF-2000,Violence,5.000,C:\SIRCH_ENV\datasets\RWF-2000\train\Fight\rwf_train_fight_0494.avi
test,RWF-2000,Violence,5.000,C:\SIRCH_ENV\datasets\RWF-2000\train\Fight\rwf_train_fight_0502.avi
test,RWF-2000,Violence,5.000,C:\SIRCH_ENV\datasets\RWF-2000\train\Fight\rwf_train_fight_0504.avi
test,RWF-2000,Violence,5.000,C:\SIRCH_ENV\datasets\RWF-2000\train\Fight\rwf_train_fight_0505.avi
test,RWF-2000,Violence,5.000,C:\SIRCH_ENV\datasets\RWF-2000\train\Fight\rwf_train_fight_0517.avi
test,RWF-2000,Violence,5.000,C:\SIRCH_ENV\datasets\RWF-2000\train\Fight\rwf_train_fight_0519.avi
test,RWF-2000,Violence,5.000,C:\SIRCH_ENV\datasets\RWF-2000\train\Fight\rwf_train_fight_0523.avi
test,RWF-2000,Violence,5.000,C:\SIRCH_ENV\datasets\RWF-2000\train\Fight\rwf_train_fight_0529.avi
test,RWF-2000,Violence,5.000,C:\SIRCH_ENV\datasets\RWF-2000\train\Fight\rwf_train_fight_0533.avi
test,RWF-2000,Violence,5.000,C:\SIRCH_ENV\datasets\RWF-2000\train\Fight\rwf_train_fight_0550.avi
test,RWF-2000,Violence,5.000,C:\SIRCH_ENV\datasets\RWF-2000\train\Fight\rwf_train_fight_0552.avi
test,RWF-2000,Violence,5.000,C:\SIRCH_ENV\datasets\RWF-2000\train\Fight\rwf_train_fight_0553.avi
test,RWF-2000,Violence,5.000,C:\SIRCH_ENV\datasets\RWF-2000\train\Fight\rwf_train_fight_0556.avi
test,RWF-2000,Violence,5.000,C:\SIRCH_ENV\datasets\RWF-2000\train\Fight\rwf_train_fight_0562.avi
test,RWF-2000,Violence,5.000,C:\SIRCH_ENV\datasets\RWF-2000\train\Fight\rwf_train_fight_0563.avi
test,RWF-2000,Violence,5.000,C:\SIRCH_ENV\datasets\RWF-2000\train\Fight\rwf_train_fight_0567.avi
test,RWF-2000,Violence,5.000,C:\SIRCH_ENV\datasets\RWF-2000\train\Fight\rwf_train_fight_0568.avi
test,RWF-2000,Violence,5.000,C:\SIRCH_ENV\datasets\RWF-2000\train\Fight\rwf_train_fight_0573.avi
test,RWF-2000,Violence,5.000,C:\SIRCH_ENV\datasets\RWF-2000\train\Fight\rwf_train_fight_0577.avi
test,RWF-2000,Violence,5.000,C:\SIRCH_ENV\datasets\RWF-2000\train\Fight\rwf_train_fight_0579.avi
test,RWF-2000,Violence,5.000,C:\SIRCH_ENV\datasets\RWF-2000\train\Fight\rwf_train_fight_0586.avi
test,RWF-2000,Violence,5.000,C:\SIRCH_ENV\datasets\RWF-2000\train\Fight\rwf_train_fight_0597.avi
test,RWF-2000,Violence,5.000,C:\SIRCH_ENV\datasets\RWF-2000\train\Fight\rwf_train_fight_0598.avi
test,RWF-2000,Violence,5.000,C:\SIRCH_ENV\datasets\RWF-2000\train\Fight\rwf_train_fight_0601.avi
test,RWF-2000,Violence,5.000,C:\SIRCH_ENV\datasets\RWF-2000\train\Fight\rwf_train_fight_0602.avi
test,RWF-2000,Violence,5.000,C:\SIRCH_ENV\datasets\RWF-2000\train\Fight\rwf_train_fight_0610.avi
test,RWF-2000,Violence,5.000,C:\SIRCH_ENV\datasets\RWF-2000\train\Fight\rwf_train_fight_0611.avi
test,RWF-2000,Violence,5.000,C:\SIRCH_ENV\datasets\RWF-2000\train\Fight\rwf_train_fight_0613.avi
test,RWF-2000,Violence,5.000,C:\SIRCH_ENV\datasets\RWF-2000\train\Fight\rwf_train_fight_0615.avi
test,RWF-2000,Violence,5.000,C:\SIRCH_ENV\datasets\RWF-2000\train\Fight\rwf_train_fight_0617.avi
test,RWF-2000,Violence,5.000,C:\SIRCH_ENV\datasets\RWF-2000\train\Fight\rwf_train_fight_0648.avi
test,RWF-2000,Violence,5.000,C:\SIRCH_ENV\datasets\RWF-2000\train\Fight\rwf_train_fight_0649.avi
test,RWF-2000,Violence,5.000,C:\SIRCH_ENV\datasets\RWF-2000\train\Fight\rwf_train_fight_0655.avi
test,RWF-2000,Violence,5.000,C:\SIRCH_ENV\datasets\RWF-2000\train\Fight\rwf_train_fight_0661.avi
test,RWF-2000,Violence,5.000,C:\SIRCH_ENV\datasets\RWF-2000\train\Fight\rwf_train_fight_0666.avi
test,RWF-2000,Violence,5.000,C:\SIRCH_ENV\datasets\RWF-2000\train\Fight\rwf_train_fight_0675.avi
test,RWF-2000,Violence,5.000,C:\SIRCH_ENV\datasets\RWF-2000\train\Fight\rwf_train_fight_0699.avi
test,RWF-2000,Violence,5.000,C:\SIRCH_ENV\datasets\RWF-2000\train\Fight\rwf_train_fight_0711.avi
test,RWF-2000,Violence,5.000,C:\SIRCH_ENV\datasets\RWF-2000\train\Fight\rwf_train_fight_0717.avi
test,RWF-2000,Violence,5.000,C:\SIRCH_ENV\datasets\RWF-2000\train\Fight\rwf_train_fight_0723.avi
test,RWF-2000,Violence,5.000,C:\SIRCH_ENV\datasets\RWF-2000\train\Fight\rwf_train_fight_0726.avi
test,RWF-2000,Violence,5.000,C:\SIRCH_ENV\datasets\RWF-2000\train\Fight\rwf_train_fight_0736.avi
test,RWF-2000,Violence,5.000,C:\SIRCH_ENV\datasets\RWF-2000\train\Fight\rwf_train_fight_0737.avi
test,RWF-2000,Violence,5.000,C:\SIRCH_ENV\datasets\RWF-2000\train\Fight\rwf_train_fight_0742.avi
test,RWF-2000,Violence,5.000,C:\SIRCH_ENV\datasets\RWF-2000\train\Fight\rwf_train_fight_0750.avi
test,RWF-2000,Violence,5.000,C:\SIRCH_ENV\datasets\RWF-2000\train\Fight\rwf_train_fight_0762.avi
test,RWF-2000,Violence,5.000,C:\SIRCH_ENV\datasets\RWF-2000\train\Fight\rwf_train_fight_0788.avi
test,RWF-2000,Violence,5.000,C:\SIRCH_ENV\datasets\RWF-2000\val\Fight\rwf_val_fight_0014.avi
test,RWF-2000,Violence,5.000,C:\SIRCH_ENV\datasets\RWF-2000\val\Fight\rwf_val_fight_0029.avi
test,RWF-2000,Violence,5.000,C:\SIRCH_ENV\datasets\RWF-2000\val\Fight\rwf_val_fight_0032.avi
test,RWF-2000,Violence,5.000,C:\SIRCH_ENV\datasets\RWF-2000\val\Fight\rwf_val_fight_0043.avi
test,RWF-2000,Violence,5.000,C:\SIRCH_ENV\datasets\RWF-2000\val\Fight\rwf_val_fight_0047.avi
test,RWF-2000,Violence,5.000,C:\SIRCH_ENV\datasets\RWF-2000\val\Fight\rwf_val_fight_0049.avi
test,RWF-2000,Violence,5.000,C:\SIRCH_ENV\datasets\RWF-2000\val\Fight\rwf_val_fight_0054.avi
test,RWF-2000,Violence,5.000,C:\SIRCH_ENV\datasets\RWF-2000\val\Fight\rwf_val_fight_0064.avi
test,RWF-2000,Violence,5.000,C:\SIRCH_ENV\datasets\RWF-2000\val\Fight\rwf_val_fight_0066.avi
test,RWF-2000,Violence,5.000,C:\SIRCH_ENV\datasets\RWF-2000\val\Fight\rwf_val_fight_0068.avi
test,RWF-2000,Violence,5.000,C:\SIRCH_ENV\datasets\RWF-2000\val\Fight\rwf_val_fight_0070.avi
test,RWF-2000,Violence,5.000,C:\SIRCH_ENV\datasets\RWF-2000\val\Fight\rwf_val_fight_0076.avi
test,RWF-2000,Violence,5.000,C:\SIRCH_ENV\datasets\RWF-2000\val\Fight\rwf_val_fight_0080.avi
test,RWF-2000,Violence,5.000,C:\SIRCH_ENV\datasets\RWF-2000\val\Fight\rwf_val_fight_0122.avi
test,RWF-2000,Violence,5.000,C:\SIRCH_ENV\datasets\RWF-2000\val\Fight\rwf_val_fight_0128.avi
test,RWF-2000,Violence,5.000,C:\SIRCH_ENV\datasets\RWF-2000\val\Fight\rwf_val_fight_0144.avi
test,RWF-2000,Violence,5.000,C:\SIRCH_ENV\datasets\RWF-2000\val\Fight\rwf_val_fight_0153.avi
test,RWF-2000,Violence,5.000,C:\SIRCH_ENV\datasets\RWF-2000\val\Fight\rwf_val_fight_0155.avi
test,RWF-2000,Violence,5.000,C:\SIRCH_ENV\datasets\RWF-2000\val\Fight\rwf_val_fight_0183.avi
test,RWF-2000,Violence,5.000,C:\SIRCH_ENV\datasets\RWF-2000\val\Fight\rwf_val_fight_0186.avi
test,RWF-2000,Violence,5.000,C:\SIRCH_ENV\datasets\RWF-2000\val\Fight\rwf_val_fight_0196.avi
test,RWF-2000,Violence,5.000,C:\SIRCH_ENV\datasets\RWF-2000\val\Fight\rwf_val_fight_0200.avi
train,RLVS,Non-violence,2.651,C:\SIRCH_ENV\datasets\RLVS\Real Life Violence Dataset\NonViolence\NV_1.mp4
train,RLVS,Non-violence,5.000,C:\SIRCH_ENV\datasets\RLVS\Real Life Violence Dataset\NonViolence\NV_10.mp4
train,RLVS,Non-violence,4.338,C:\SIRCH_ENV\datasets\RLVS\Real Life Violence Dataset\NonViolence\NV_1000.mp4
train,RLVS,Non-violence,5.000,C:\SIRCH_ENV\datasets\RLVS\Real Life Violence Dataset\NonViolence\NV_101.mp4
train,RLVS,Non-violence,5.000,C:\SIRCH_ENV\datasets\RLVS\Real Life Violence Dataset\NonViolence\NV_103.mp4
train,RLVS,Non-violence,5.000,C:\SIRCH_ENV\datasets\RLVS\Real Life Violence Dataset\NonViolence\NV_104.mp4
train,RLVS,Non-violence,5.000,C:\SIRCH_ENV\datasets\RLVS\Real Life Violence Dataset\NonViolence\NV_105.mp4
train,RLVS,Non-violence,5.000,C:\SIRCH_ENV\datasets\RLVS\Real Life Violence Dataset\NonViolence\NV_106.mp4
train,RLVS,Non-violence,5.000,C:\SIRCH_ENV\datasets\RLVS\Real Life Violence Dataset\NonViolence\NV_108.mp4
train,RLVS,Non-violence,5.000,C:\SIRCH_ENV\datasets\RLVS\Real Life Violence Dataset\NonViolence\NV_110.mp4
train,RLVS,Non-violence,5.000,C:\SIRCH_ENV\datasets\RLVS\Real Life Violence Dataset\NonViolence\NV_111.mp4
train,RLVS,Non-violence,5.000,C:\SIRCH_ENV\datasets\RLVS\Real Life Violence Dataset\NonViolence\NV_112.mp4
train,RLVS,Non-violence,5.000,C:\SIRCH_ENV\datasets\RLVS\Real Life Violence Dataset\NonViolence\NV_113.mp4
train,RLVS,Non-violence,5.000,C:\SIRCH_ENV\datasets\RLVS\Real Life Violence Dataset\NonViolence\NV_114.mp4
train,RLVS,Non-violence,5.000,C:\SIRCH_ENV\datasets\RLVS\Real Life Violence Dataset\NonViolence\NV_115.mp4
train,RLVS,Non-violence,5.000,C:\SIRCH_ENV\datasets\RLVS\Real Life Violence Dataset\NonViolence\NV_116.mp4
train,RLVS,Non-violence,5.000,C:\SIRCH_ENV\datasets\RLVS\Real Life Violence Dataset\NonViolence\NV_117.mp4
train,RLVS,Non-violence,5.000,C:\SIRCH_ENV\datasets\RLVS\Real Life Violence Dataset\NonViolence\NV_120.mp4
train,RLVS,Non-violence,5.000,C:\SIRCH_ENV\datasets\RLVS\Real Life Violence Dataset\NonViolence\NV_121.mp4
train,RLVS,Non-violence,5.000,C:\SIRCH_ENV\datasets\RLVS\Real Life Violence Dataset\NonViolence\NV_122.mp4
train,RLVS,Non-violence,5.000,C:\SIRCH_ENV\datasets\RLVS\Real Life Violence Dataset\NonViolence\NV_124.mp4
train,RLVS,Non-violence,5.000,C:\SIRCH_ENV\datasets\RLVS\Real Life Violence Dataset\NonViolence\NV_125.mp4
train,RLVS,Non-violence,5.000,C:\SIRCH_ENV\datasets\RLVS\Real Life Violence Dataset\NonViolence\NV_126.mp4
train,RLVS,Non-violence,5.000,C:\SIRCH_ENV\datasets\RLVS\Real Life Violence Dataset\NonViolence\NV_128.mp4
train,RLVS,Non-violence,5.000,C:\SIRCH_ENV\datasets\RLVS\Real Life Violence Dataset\NonViolence\NV_129.mp4
train,RLVS,Non-violence,6.200,C:\SIRCH_ENV\datasets\RLVS\Real Life Violence Dataset\NonViolence\NV_13.mp4
train,RLVS,Non-violence,5.000,C:\SIRCH_ENV\datasets\RLVS\Real Life Violence Dataset\NonViolence\NV_131.mp4
train,RLVS,Non-violence,5.000,C:\SIRCH_ENV\datasets\RLVS\Real Life Violence Dataset\NonViolence\NV_132.mp4
train,RLVS,Non-violence,5.000,C:\SIRCH_ENV\datasets\RLVS\Real Life Violence Dataset\NonViolence\NV_133.mp4
train,RLVS,Non-violence,5.000,C:\SIRCH_ENV\datasets\RLVS\Real Life Violence Dataset\NonViolence\NV_134.mp4
train,RLVS,Non-violence,5.000,C:\SIRCH_ENV\datasets\RLVS\Real Life Violence Dataset\NonViolence\NV_135.mp4
train,RLVS,Non-violence,5.000,C:\SIRCH_ENV\datasets\RLVS\Real Life Violence Dataset\NonViolence\NV_136.mp4
train,RLVS,Non-violence,3.920,C:\SIRCH_ENV\datasets\RLVS\Real Life Violence Dataset\NonViolence\NV_138.mp4
train,RLVS,Non-violence,4.520,C:\SIRCH_ENV\datasets\RLVS\Real Life Violence Dataset\NonViolence\NV_139.mp4
train,RLVS,Non-violence,4.600,C:\SIRCH_ENV\datasets\RLVS\Real Life Violence Dataset\NonViolence\NV_140.mp4
train,RLVS,Non-violence,4.200,C:\SIRCH_ENV\datasets\RLVS\Real Life Violence Dataset\NonViolence\NV_141.mp4
train,RLVS,Non-violence,5.000,C:\SIRCH_ENV\datasets\RLVS\Real Life Violence Dataset\NonViolence\NV_143.mp4
train,RLVS,Non-violence,4.520,C:\SIRCH_ENV\datasets\RLVS\Real Life Violence Dataset\NonViolence\NV_144.mp4
train,RLVS,Non-violence,5.000,C:\SIRCH_ENV\datasets\RLVS\Real Life Violence Dataset\NonViolence\NV_145.mp4
train,RLVS,Non-violence,5.000,C:\SIRCH_ENV\datasets\RLVS\Real Life Violence Dataset\NonViolence\NV_146.mp4
train,RLVS,Non-violence,5.000,C:\SIRCH_ENV\datasets\RLVS\Real Life Violence Dataset\NonViolence\NV_147.mp4
train,RLVS,Non-violence,5.320,C:\SIRCH_ENV\datasets\RLVS\Real Life Violence Dataset\NonViolence\NV_15.mp4
train,RLVS,Non-violence,5.000,C:\SIRCH_ENV\datasets\RLVS\Real Life Violence Dataset\NonViolence\NV_150.mp4
train,RLVS,Non-violence,5.000,C:\SIRCH_ENV\datasets\RLVS\Real Life Violence Dataset\NonViolence\NV_151.mp4
train,RLVS,Non-violence,5.000,C:\SIRCH_ENV\datasets\RLVS\Real Life Violence Dataset\NonViolence\NV_152.mp4
train,RLVS,Non-violence,5.000,C:\SIRCH_ENV\datasets\RLVS\Real Life Violence Dataset\NonViolence\NV_154.mp4
train,RLVS,Non-violence,5.000,C:\SIRCH_ENV\datasets\RLVS\Real Life Violence Dataset\NonViolence\NV_157.mp4
train,RLVS,Non-violence,5.000,C:\SIRCH_ENV\datasets\RLVS\Real Life Violence Dataset\NonViolence\NV_158.mp4
train,RLVS,Non-violence,4.600,C:\SIRCH_ENV\datasets\RLVS\Real Life Violence Dataset\NonViolence\NV_16.mp4
train,RLVS,Non-violence,5.000,C:\SIRCH_ENV\datasets\RLVS\Real Life Violence Dataset\NonViolence\NV_160.mp4
train,RLVS,Non-violence,5.000,C:\SIRCH_ENV\datasets\RLVS\Real Life Violence Dataset\NonViolence\NV_162.mp4
train,RLVS,Non-violence,5.000,C:\SIRCH_ENV\datasets\RLVS\Real Life Violence Dataset\NonViolence\NV_164.mp4
train,RLVS,Non-violence,5.000,C:\SIRCH_ENV\datasets\RLVS\Real Life Violence Dataset\NonViolence\NV_165.mp4
train,RLVS,Non-violence,5.000,C:\SIRCH_ENV\datasets\RLVS\Real Life Violence Dataset\NonViolence\NV_166.mp4
train,RLVS,Non-violence,5.000,C:\SIRCH_ENV\datasets\RLVS\Real Life Violence Dataset\NonViolence\NV_167.mp4
train,RLVS,Non-violence,5.000,C:\SIRCH_ENV\datasets\RLVS\Real Life Violence Dataset\NonViolence\NV_168.mp4
train,RLVS,Non-violence,5.000,C:\SIRCH_ENV\datasets\RLVS\Real Life Violence Dataset\NonViolence\NV_169.mp4
train,RLVS,Non-violence,5.000,C:\SIRCH_ENV\datasets\RLVS\Real Life Violence Dataset\NonViolence\NV_170.mp4
train,RLVS,Non-violence,5.000,C:\SIRCH_ENV\datasets\RLVS\Real Life Violence Dataset\NonViolence\NV_172.mp4
train,RLVS,Non-violence,5.000,C:\SIRCH_ENV\datasets\RLVS\Real Life Violence Dataset\NonViolence\NV_173.mp4
train,RLVS,Non-violence,5.000,C:\SIRCH_ENV\datasets\RLVS\Real Life Violence Dataset\NonViolence\NV_174.mp4
train,RLVS,Non-violence,5.000,C:\SIRCH_ENV\datasets\RLVS\Real Life Violence Dataset\NonViolence\NV_175.mp4
train,RLVS,Non-violence,5.000,C:\SIRCH_ENV\datasets\RLVS\Real Life Violence Dataset\NonViolence\NV_176.mp4
train,RLVS,Non-violence,5.000,C:\SIRCH_ENV\datasets\RLVS\Real Life Violence Dataset\NonViolence\NV_178.mp4
train,RLVS,Non-violence,5.000,C:\SIRCH_ENV\datasets\RLVS\Real Life Violence Dataset\NonViolence\NV_179.mp4
train,RLVS,Non-violence,4.800,C:\SIRCH_ENV\datasets\RLVS\Real Life Violence Dataset\NonViolence\NV_18.mp4
train,RLVS,Non-violence,4.320,C:\SIRCH_ENV\datasets\RLVS\Real Life Violence Dataset\NonViolence\NV_181.mp4
train,RLVS,Non-violence,5.000,C:\SIRCH_ENV\datasets\RLVS\Real Life Violence Dataset\NonViolence\NV_182.mp4
train,RLVS,Non-violence,5.000,C:\SIRCH_ENV\datasets\RLVS\Real Life Violence Dataset\NonViolence\NV_183.mp4
train,RLVS,Non-violence,5.000,C:\SIRCH_ENV\datasets\RLVS\Real Life Violence Dataset\NonViolence\NV_184.mp4
train,RLVS,Non-violence,5.000,C:\SIRCH_ENV\datasets\RLVS\Real Life Violence Dataset\NonViolence\NV_187.mp4
train,RLVS,Non-violence,2.000,C:\SIRCH_ENV\datasets\RLVS\Real Life Violence Dataset\NonViolence\NV_189.mp4
train,RLVS,Non-violence,5.000,C:\SIRCH_ENV\datasets\RLVS\Real Life Violence Dataset\NonViolence\NV_190.mp4
train,RLVS,Non-violence,5.000,C:\SIRCH_ENV\datasets\RLVS\Real Life Violence Dataset\NonViolence\NV_192.mp4
train,RLVS,Non-violence,4.735,C:\SIRCH_ENV\datasets\RLVS\Real Life Violence Dataset\NonViolence\NV_194.mp4
train,RLVS,Non-violence,5.000,C:\SIRCH_ENV\datasets\RLVS\Real Life Violence Dataset\NonViolence\NV_195.mp4
train,RLVS,Non-violence,5.000,C:\SIRCH_ENV\datasets\RLVS\Real Life Violence Dataset\NonViolence\NV_196.mp4
train,RLVS,Non-violence,5.000,C:\SIRCH_ENV\datasets\RLVS\Real Life Violence Dataset\NonViolence\NV_198.mp4
train,RLVS,Non-violence,5.000,C:\SIRCH_ENV\datasets\RLVS\Real Life Violence Dataset\NonViolence\NV_2.mp4
train,RLVS,Non-violence,5.000,C:\SIRCH_ENV\datasets\RLVS\Real Life Violence Dataset\NonViolence\NV_200.mp4
train,RLVS,Non-violence,4.520,C:\SIRCH_ENV\datasets\RLVS\Real Life Violence Dataset\NonViolence\NV_202.mp4
train,RLVS,Non-violence,5.000,C:\SIRCH_ENV\datasets\RLVS\Real Life Violence Dataset\NonViolence\NV_203.mp4
train,RLVS,Non-violence,4.600,C:\SIRCH_ENV\datasets\RLVS\Real Life Violence Dataset\NonViolence\NV_205.mp4
train,RLVS,Non-violence,5.000,C:\SIRCH_ENV\datasets\RLVS\Real Life Violence Dataset\NonViolence\NV_206.mp4
train,RLVS,Non-violence,6.000,C:\SIRCH_ENV\datasets\RLVS\Real Life Violence Dataset\NonViolence\NV_207.mp4
train,RLVS,Non-violence,5.000,C:\SIRCH_ENV\datasets\RLVS\Real Life Violence Dataset\NonViolence\NV_208.mp4
train,RLVS,Non-violence,5.000,C:\SIRCH_ENV\datasets\RLVS\Real Life Violence Dataset\NonViolence\NV_209.mp4
train,RLVS,Non-violence,5.000,C:\SIRCH_ENV\datasets\RLVS\Real Life Violence Dataset\NonViolence\NV_210.mp4
train,RLVS,Non-violence,5.000,C:\SIRCH_ENV\datasets\RLVS\Real Life Violence Dataset\NonViolence\NV_212.mp4
train,RLVS,Non-violence,5.000,C:\SIRCH_ENV\datasets\RLVS\Real Life Violence Dataset\NonViolence\NV_214.mp4
train,RLVS,Non-violence,5.000,C:\SIRCH_ENV\datasets\RLVS\Real Life Violence Dataset\NonViolence\NV_215.mp4
train,RLVS,Non-violence,4.600,C:\SIRCH_ENV\datasets\RLVS\Real Life Violence Dataset\NonViolence\NV_216.mp4
train,RLVS,Non-violence,5.000,C:\SIRCH_ENV\datasets\RLVS\Real Life Violence Dataset\NonViolence\NV_217.mp4
train,RLVS,Non-violence,5.000,C:\SIRCH_ENV\datasets\RLVS\Real Life Violence Dataset\NonViolence\NV_218.mp4
train,RLVS,Non-violence,5.000,C:\SIRCH_ENV\datasets\RLVS\Real Life Violence Dataset\NonViolence\NV_219.mp4
train,RLVS,Non-violence,4.000,C:\SIRCH_ENV\datasets\RLVS\Real Life Violence Dataset\NonViolence\NV_22.mp4
train,RLVS,Non-violence,5.000,C:\SIRCH_ENV\datasets\RLVS\Real Life Violence Dataset\NonViolence\NV_221.mp4
train,RLVS,Non-violence,5.000,C:\SIRCH_ENV\datasets\RLVS\Real Life Violence Dataset\NonViolence\NV_222.mp4
train,RLVS,Non-violence,5.000,C:\SIRCH_ENV\datasets\RLVS\Real Life Violence Dataset\NonViolence\NV_223.mp4
train,RLVS,Non-violence,5.000,C:\SIRCH_ENV\datasets\RLVS\Real Life Violence Dataset\NonViolence\NV_224.mp4
train,RLVS,Non-violence,5.000,C:\SIRCH_ENV\datasets\RLVS\Real Life Violence Dataset\NonViolence\NV_225.mp4
train,RLVS,Non-violence,5.372,C:\SIRCH_ENV\datasets\RLVS\Real Life Violence Dataset\NonViolence\NV_226.mp4
train,RLVS,Non-violence,5.000,C:\SIRCH_ENV\datasets\RLVS\Real Life Violence Dataset\NonViolence\NV_228.mp4
train,RLVS,Non-violence,5.000,C:\SIRCH_ENV\datasets\RLVS\Real Life Violence Dataset\NonViolence\NV_231.mp4
train,RLVS,Non-violence,5.000,C:\SIRCH_ENV\datasets\RLVS\Real Life Violence Dataset\NonViolence\NV_232.mp4
train,RLVS,Non-violence,5.000,C:\SIRCH_ENV\datasets\RLVS\Real Life Violence Dataset\NonViolence\NV_233.mp4
train,RLVS,Non-violence,5.000,C:\SIRCH_ENV\datasets\RLVS\Real Life Violence Dataset\NonViolence\NV_234.mp4
train,RLVS,Non-violence,5.000,C:\SIRCH_ENV\datasets\RLVS\Real Life Violence Dataset\NonViolence\NV_235.mp4
train,RLVS,Non-violence,5.000,C:\SIRCH_ENV\datasets\RLVS\Real Life Violence Dataset\NonViolence\NV_236.mp4
train,RLVS,Non-violence,5.000,C:\SIRCH_ENV\datasets\RLVS\Real Life Violence Dataset\NonViolence\NV_238.mp4
train,RLVS,Non-violence,5.000,C:\SIRCH_ENV\datasets\RLVS\Real Life Violence Dataset\NonViolence\NV_240.mp4
train,RLVS,Non-violence,5.000,C:\SIRCH_ENV\datasets\RLVS\Real Life Violence Dataset\NonViolence\NV_241.mp4
train,RLVS,Non-violence,5.000,C:\SIRCH_ENV\datasets\RLVS\Real Life Violence Dataset\NonViolence\NV_242.mp4
train,RLVS,Non-violence,5.000,C:\SIRCH_ENV\datasets\RLVS\Real Life Violence Dataset\NonViolence\NV_243.mp4
train,RLVS,Non-violence,5.000,C:\SIRCH_ENV\datasets\RLVS\Real Life Violence Dataset\NonViolence\NV_245.mp4
train,RLVS,Non-violence,5.000,C:\SIRCH_ENV\datasets\RLVS\Real Life Violence Dataset\NonViolence\NV_246.mp4
train,RLVS,Non-violence,5.000,C:\SIRCH_ENV\datasets\RLVS\Real Life Violence Dataset\NonViolence\NV_249.mp4
train,RLVS,Non-violence,5.000,C:\SIRCH_ENV\datasets\RLVS\Real Life Violence Dataset\NonViolence\NV_250.mp4
train,RLVS,Non-violence,5.000,C:\SIRCH_ENV\datasets\RLVS\Real Life Violence Dataset\NonViolence\NV_252.mp4
train,RLVS,Non-violence,5.000,C:\SIRCH_ENV\datasets\RLVS\Real Life Violence Dataset\NonViolence\NV_253.mp4
train,RLVS,Non-violence,5.000,C:\SIRCH_ENV\datasets\RLVS\Real Life Violence Dataset\NonViolence\NV_254.mp4
train,RLVS,Non-violence,5.372,C:\SIRCH_ENV\datasets\RLVS\Real Life Violence Dataset\NonViolence\NV_257.mp4
train,RLVS,Non-violence,5.000,C:\SIRCH_ENV\datasets\RLVS\Real Life Violence Dataset\NonViolence\NV_259.mp4
train,RLVS,Non-violence,5.000,C:\SIRCH_ENV\datasets\RLVS\Real Life Violence Dataset\NonViolence\NV_260.mp4
train,RLVS,Non-violence,5.000,C:\SIRCH_ENV\datasets\RLVS\Real Life Violence Dataset\NonViolence\NV_261.mp4
train,RLVS,Non-violence,5.000,C:\SIRCH_ENV\datasets\RLVS\Real Life Violence Dataset\NonViolence\NV_263.mp4
train,RLVS,Non-violence,5.000,C:\SIRCH_ENV\datasets\RLVS\Real Life Violence Dataset\NonViolence\NV_266.mp4
train,RLVS,Non-violence,3.720,C:\SIRCH_ENV\datasets\RLVS\Real Life Violence Dataset\NonViolence\NV_268.mp4
train,RLVS,Non-violence,5.000,C:\SIRCH_ENV\datasets\RLVS\Real Life Violence Dataset\NonViolence\NV_27.mp4
train,RLVS,Non-violence,4.200,C:\SIRCH_ENV\datasets\RLVS\Real Life Violence Dataset\NonViolence\NV_270.mp4
train,RLVS,Non-violence,4.200,C:\SIRCH_ENV\datasets\RLVS\Real Life Violence Dataset\NonViolence\NV_271.mp4
train,RLVS,Non-violence,3.800,C:\SIRCH_ENV\datasets\RLVS\Real Life Violence Dataset\NonViolence\NV_272.mp4
train,RLVS,Non-violence,5.520,C:\SIRCH_ENV\datasets\RLVS\Real Life Violence Dataset\NonViolence\NV_273.mp4
train,RLVS,Non-violence,4.320,C:\SIRCH_ENV\datasets\RLVS\Real Life Violence Dataset\NonViolence\NV_274.mp4
train,RLVS,Non-violence,5.000,C:\SIRCH_ENV\datasets\RLVS\Real Life Violence Dataset\NonViolence\NV_276.mp4
train,RLVS,Non-violence,3.600,C:\SIRCH_ENV\datasets\RLVS\Real Life Violence Dataset\NonViolence\NV_277.mp4
train,RLVS,Non-violence,4.200,C:\SIRCH_ENV\datasets\RLVS\Real Life Violence Dataset\NonViolence\NV_278.mp4
train,RLVS,Non-violence,4.200,C:\SIRCH_ENV\datasets\RLVS\Real Life Violence Dataset\NonViolence\NV_279.mp4
train,RLVS,Non-violence,4.000,C:\SIRCH_ENV\datasets\RLVS\Real Life Violence Dataset\NonViolence\NV_28.mp4
train,RLVS,Non-violence,5.000,C:\SIRCH_ENV\datasets\RLVS\Real Life Violence Dataset\NonViolence\NV_280.mp4
train,RLVS,Non-violence,5.000,C:\SIRCH_ENV\datasets\RLVS\Real Life Violence Dataset\NonViolence\NV_281.mp4
train,RLVS,Non-violence,4.000,C:\SIRCH_ENV\datasets\RLVS\Real Life Violence Dataset\NonViolence\NV_282.mp4
train,RLVS,Non-violence,3.720,C:\SIRCH_ENV\datasets\RLVS\Real Life Violence Dataset\NonViolence\NV_283.mp4
train,RLVS,Non-violence,4.200,C:\SIRCH_ENV\datasets\RLVS\Real Life Violence Dataset\NonViolence\NV_284.mp4
train,RLVS,Non-violence,4.400,C:\SIRCH_ENV\datasets\RLVS\Real Life Violence Dataset\NonViolence\NV_285.mp4
train,RLVS,Non-violence,6.520,C:\SIRCH_ENV\datasets\RLVS\Real Life Violence Dataset\NonViolence\NV_286.mp4
train,RLVS,Non-violence,4.320,C:\SIRCH_ENV\datasets\RLVS\Real Life Violence Dataset\NonViolence\NV_289.mp4
train,RLVS,Non-violence,4.100,C:\SIRCH_ENV\datasets\RLVS\Real Life Violence Dataset\NonViolence\NV_29.mp4
train,RLVS,Non-violence,4.320,C:\SIRCH_ENV\datasets\RLVS\Real Life Violence Dataset\NonViolence\NV_290.mp4
train,RLVS,Non-violence,4.320,C:\SIRCH_ENV\datasets\RLVS\Real Life Violence Dataset\NonViolence\NV_292.mp4
train,RLVS,Non-violence,5.600,C:\SIRCH_ENV\datasets\RLVS\Real Life Violence Dataset\NonViolence\NV_293.mp4
train,RLVS,Non-violence,5.200,C:\SIRCH_ENV\datasets\RLVS\Real Life Violence Dataset\NonViolence\NV_294.mp4
train,RLVS,Non-violence,4.505,C:\SIRCH_ENV\datasets\RLVS\Real Life Violence Dataset\NonViolence\NV_299.mp4
train,RLVS,Non-violence,5.120,C:\SIRCH_ENV\datasets\RLVS\Real Life Violence Dataset\NonViolence\NV_3.mp4
train,RLVS,Non-violence,5.300,C:\SIRCH_ENV\datasets\RLVS\Real Life Violence Dataset\NonViolence\NV_300.mp4
train,RLVS,Non-violence,5.800,C:\SIRCH_ENV\datasets\RLVS\Real Life Violence Dataset\NonViolence\NV_301.mp4
train,RLVS,Non-violence,4.300,C:\SIRCH_ENV\datasets\RLVS\Real Life Violence Dataset\NonViolence\NV_304.mp4
train,RLVS,Non-violence,5.600,C:\SIRCH_ENV\datasets\RLVS\Real Life Violence Dataset\NonViolence\NV_305.mp4
train,RLVS,Non-violence,4.705,C:\SIRCH_ENV\datasets\RLVS\Real Life Violence Dataset\NonViolence\NV_308.mp4
train,RLVS,Non-violence,3.804,C:\SIRCH_ENV\datasets\RLVS\Real Life Violence Dataset\NonViolence\NV_309.mp4
train,RLVS,Non-violence,4.100,C:\SIRCH_ENV\datasets\RLVS\Real Life Violence Dataset\NonViolence\NV_31.mp4
train,RLVS,Non-violence,5.005,C:\SIRCH_ENV\datasets\RLVS\Real Life Violence Dataset\NonViolence\NV_311.mp4
train,RLVS,Non-violence,4.320,C:\SIRCH_ENV\datasets\RLVS\Real Life Violence Dataset\NonViolence\NV_312.mp4
train,RLVS,Non-violence,4.304,C:\SIRCH_ENV\datasets\RLVS\Real Life Violence Dataset\NonViolence\NV_314.mp4
train,RLVS,Non-violence,4.304,C:\SIRCH_ENV\datasets\RLVS\Real Life Violence Dataset\NonViolence\NV_315.mp4
train,RLVS,Non-violence,4.600,C:\SIRCH_ENV\datasets\RLVS\Real Life Violence Dataset\NonViolence\NV_316.mp4
train,RLVS,Non-violence,4.400,C:\SIRCH_ENV\datasets\RLVS\Real Life Violence Dataset\NonViolence\NV_317.mp4
train,RLVS,Non-violence,4.120,C:\SIRCH_ENV\datasets\RLVS\Real Life Violence Dataset\NonViolence\NV_318.mp4
train,RLVS,Non-violence,5.520,C:\SIRCH_ENV\datasets\RLVS\Real Life Violence Dataset\NonViolence\NV_319.mp4
train,RLVS,Non-violence,4.200,C:\SIRCH_ENV\datasets\RLVS\Real Life Violence Dataset\NonViolence\NV_32.mp4
train,RLVS,Non-violence,5.000,C:\SIRCH_ENV\datasets\RLVS\Real Life Violence Dataset\NonViolence\NV_320.mp4
train,RLVS,Non-violence,3.720,C:\SIRCH_ENV\datasets\RLVS\Real Life Violence Dataset\NonViolence\NV_321.mp4
train,RLVS,Non-violence,5.214,C:\SIRCH_ENV\datasets\RLVS\Real Life Violence Dataset\NonViolence\NV_322.mp4
train,RLVS,Non-violence,5.214,C:\SIRCH_ENV\datasets\RLVS\Real Life Violence Dataset\NonViolence\NV_323.mp4
train,RLVS,Non-violence,5.005,C:\SIRCH_ENV\datasets\RLVS\Real Life Violence Dataset\NonViolence\NV_325.mp4
train,RLVS,Non-violence,4.922,C:\SIRCH_ENV\datasets\RLVS\Real Life Violence Dataset\NonViolence\NV_326.mp4
train,RLVS,Non-violence,5.000,C:\SIRCH_ENV\datasets\RLVS\Real Life Violence Dataset\NonViolence\NV_330.mp4
train,RLVS,Non-violence,5.000,C:\SIRCH_ENV\datasets\RLVS\Real Life Violence Dataset\NonViolence\NV_331.mp4
train,RLVS,Non-violence,5.000,C:\SIRCH_ENV\datasets\RLVS\Real Life Violence Dataset\NonViolence\NV_332.mp4
train,RLVS,Non-violence,3.604,C:\SIRCH_ENV\datasets\RLVS\Real Life Violence Dataset\NonViolence\NV_336.mp4
train,RLVS,Non-violence,4.400,C:\SIRCH_ENV\datasets\RLVS\Real Life Violence Dataset\NonViolence\NV_337.mp4
train,RLVS,Non-violence,4.800,C:\SIRCH_ENV\datasets\RLVS\Real Life Violence Dataset\NonViolence\NV_339.mp4
train,RLVS,Non-violence,5.320,C:\SIRCH_ENV\datasets\RLVS\Real Life Violence Dataset\NonViolence\NV_34.mp4
train,RLVS,Non-violence,4.104,C:\SIRCH_ENV\datasets\RLVS\Real Life Violence Dataset\NonViolence\NV_340.mp4
train,RLVS,Non-violence,4.404,C:\SIRCH_ENV\datasets\RLVS\Real Life Violence Dataset\NonViolence\NV_341.mp4
train,RLVS,Non-violence,4.505,C:\SIRCH_ENV\datasets\RLVS\Real Life Violence Dataset\NonViolence\NV_342.mp4
train,RLVS,Non-violence,4.705,C:\SIRCH_ENV\datasets\RLVS\Real Life Violence Dataset\NonViolence\NV_344.mp4
train,RLVS,Non-violence,5.105,C:\SIRCH_ENV\datasets\RLVS\Real Life Violence Dataset\NonViolence\NV_346.mp4
train,RLVS,Non-violence,4.905,C:\SIRCH_ENV\datasets\RLVS\Real Life Violence Dataset\NonViolence\NV_349.mp4
train,RLVS,Non-violence,5.305,C:\SIRCH_ENV\datasets\RLVS\Real Life Violence Dataset\NonViolence\NV_350.mp4
train,RLVS,Non-violence,6.807,C:\SIRCH_ENV\datasets\RLVS\Real Life Violence Dataset\NonViolence\NV_351.mp4
train,RLVS,Non-violence,3.804,C:\SIRCH_ENV\datasets\RLVS\Real Life Violence Dataset\NonViolence\NV_352.mp4
train,RLVS,Non-violence,3.963,C:\SIRCH_ENV\datasets\RLVS\Real Life Violence Dataset\NonViolence\NV_353.mp4
train,RLVS,Non-violence,2.913,C:\SIRCH_ENV\datasets\RLVS\Real Life Violence Dataset\NonViolence\NV_354.mp4
train,RLVS,Non-violence,3.772,C:\SIRCH_ENV\datasets\RLVS\Real Life Violence Dataset\NonViolence\NV_355.mp4
train,RLVS,Non-violence,2.760,C:\SIRCH_ENV\datasets\RLVS\Real Life Violence Dataset\NonViolence\NV_357.mp4
train,RLVS,Non-violence,4.017,C:\SIRCH_ENV\datasets\RLVS\Real Life Violence Dataset\NonViolence\NV_358.mp4
train,RLVS,Non-violence,3.452,C:\SIRCH_ENV\datasets\RLVS\Real Life Violence Dataset\NonViolence\NV_359.mp4
train,RLVS,Non-violence,4.500,C:\SIRCH_ENV\datasets\RLVS\Real Life Violence Dataset\NonViolence\NV_36.mp4
train,RLVS,Non-violence,7.274,C:\SIRCH_ENV\datasets\RLVS\Real Life Violence Dataset\NonViolence\NV_360.mp4
train,RLVS,Non-violence,5.985,C:\SIRCH_ENV\datasets\RLVS\Real Life Violence Dataset\NonViolence\NV_361.mp4
train,RLVS,Non-violence,4.782,C:\SIRCH_ENV\datasets\RLVS\Real Life Violence Dataset\NonViolence\NV_362.mp4
train,RLVS,Non-violence,5.000,C:\SIRCH_ENV\datasets\RLVS\Real Life Violence Dataset\NonViolence\NV_365.mp4
train,RLVS,Non-violence,5.000,C:\SIRCH_ENV\datasets\RLVS\Real Life Violence Dataset\NonViolence\NV_366.mp4
train,RLVS,Non-violence,5.000,C:\SIRCH_ENV\datasets\RLVS\Real Life Violence Dataset\NonViolence\NV_368.mp4
train,RLVS,Non-violence,4.800,C:\SIRCH_ENV\datasets\RLVS\Real Life Violence Dataset\NonViolence\NV_37.mp4
train,RLVS,Non-violence,5.000,C:\SIRCH_ENV\datasets\RLVS\Real Life Violence Dataset\NonViolence\NV_371.mp4
train,RLVS,Non-violence,5.000,C:\SIRCH_ENV\datasets\RLVS\Real Life Violence Dataset\NonViolence\NV_374.mp4
train,RLVS,Non-violence,5.000,C:\SIRCH_ENV\datasets\RLVS\Real Life Violence Dataset\NonViolence\NV_375.mp4
train,RLVS,Non-violence,5.000,C:\SIRCH_ENV\datasets\RLVS\Real Life Violence Dataset\NonViolence\NV_376.mp4
train,RLVS,Non-violence,5.000,C:\SIRCH_ENV\datasets\RLVS\Real Life Violence Dataset\NonViolence\NV_378.mp4
train,RLVS,Non-violence,5.000,C:\SIRCH_ENV\datasets\RLVS\Real Life Violence Dataset\NonViolence\NV_379.mp4
train,RLVS,Non-violence,5.000,C:\SIRCH_ENV\datasets\RLVS\Real Life Violence Dataset\NonViolence\NV_381.mp4
train,RLVS,Non-violence,5.000,C:\SIRCH_ENV\datasets\RLVS\Real Life Violence Dataset\NonViolence\NV_382.mp4
train,RLVS,Non-violence,5.000,C:\SIRCH_ENV\datasets\RLVS\Real Life Violence Dataset\NonViolence\NV_384.mp4
train,RLVS,Non-violence,5.000,C:\SIRCH_ENV\datasets\RLVS\Real Life Violence Dataset\NonViolence\NV_385.mp4
train,RLVS,Non-violence,5.000,C:\SIRCH_ENV\datasets\RLVS\Real Life Violence Dataset\NonViolence\NV_386.mp4
train,RLVS,Non-violence,5.000,C:\SIRCH_ENV\datasets\RLVS\Real Life Violence Dataset\NonViolence\NV_387.mp4
train,RLVS,Non-violence,5.000,C:\SIRCH_ENV\datasets\RLVS\Real Life Violence Dataset\NonViolence\NV_388.mp4
train,RLVS,Non-violence,5.000,C:\SIRCH_ENV\datasets\RLVS\Real Life Violence Dataset\NonViolence\NV_389.mp4
train,RLVS,Non-violence,4.600,C:\SIRCH_ENV\datasets\RLVS\Real Life Violence Dataset\NonViolence\NV_39.mp4
train,RLVS,Non-violence,5.000,C:\SIRCH_ENV\datasets\RLVS\Real Life Violence Dataset\NonViolence\NV_391.mp4
train,RLVS,Non-violence,5.000,C:\SIRCH_ENV\datasets\RLVS\Real Life Violence Dataset\NonViolence\NV_396.mp4
train,RLVS,Non-violence,5.000,C:\SIRCH_ENV\datasets\RLVS\Real Life Violence Dataset\NonViolence\NV_398.mp4
train,RLVS,Non-violence,5.000,C:\SIRCH_ENV\datasets\RLVS\Real Life Violence Dataset\NonViolence\NV_399.mp4
train,RLVS,Non-violence,5.320,C:\SIRCH_ENV\datasets\RLVS\Real Life Violence Dataset\NonViolence\NV_40.mp4
train,RLVS,Non-violence,5.000,C:\SIRCH_ENV\datasets\RLVS\Real Life Violence Dataset\NonViolence\NV_400.mp4
train,RLVS,Non-violence,5.000,C:\SIRCH_ENV\datasets\RLVS\Real Life Violence Dataset\NonViolence\NV_401.mp4
train,RLVS,Non-violence,5.000,C:\SIRCH_ENV\datasets\RLVS\Real Life Violence Dataset\NonViolence\NV_402.mp4
train,RLVS,Non-violence,5.000,C:\SIRCH_ENV\datasets\RLVS\Real Life Violence Dataset\NonViolence\NV_404.mp4
train,RLVS,Non-violence,5.000,C:\SIRCH_ENV\datasets\RLVS\Real Life Violence Dataset\NonViolence\NV_405.mp4
train,RLVS,Non-violence,5.000,C:\SIRCH_ENV\datasets\RLVS\Real Life Violence Dataset\NonViolence\NV_406.mp4
train,RLVS,Non-violence,5.000,C:\SIRCH_ENV\datasets\RLVS\Real Life Violence Dataset\NonViolence\NV_407.mp4
train,RLVS,Non-violence,5.000,C:\SIRCH_ENV\datasets\RLVS\Real Life Violence Dataset\NonViolence\NV_408.mp4
train,RLVS,Non-violence,5.000,C:\SIRCH_ENV\datasets\RLVS\Real Life Violence Dataset\NonViolence\NV_409.mp4
train,RLVS,Non-violence,4.920,C:\SIRCH_ENV\datasets\RLVS\Real Life Violence Dataset\NonViolence\NV_41.mp4
train,RLVS,Non-violence,5.000,C:\SIRCH_ENV\datasets\RLVS\Real Life Violence Dataset\NonViolence\NV_411.mp4
train,RLVS,Non-violence,5.000,C:\SIRCH_ENV\datasets\RLVS\Real Life Violence Dataset\NonViolence\NV_412.mp4
train,RLVS,Non-violence,5.000,C:\SIRCH_ENV\datasets\RLVS\Real Life Violence Dataset\NonViolence\NV_415.mp4
train,RLVS,Non-violence,5.000,C:\SIRCH_ENV\datasets\RLVS\Real Life Violence Dataset\NonViolence\NV_416.mp4
train,RLVS,Non-violence,5.000,C:\SIRCH_ENV\datasets\RLVS\Real Life Violence Dataset\NonViolence\NV_418.mp4
train,RLVS,Non-violence,5.000,C:\SIRCH_ENV\datasets\RLVS\Real Life Violence Dataset\NonViolence\NV_422.mp4
train,RLVS,Non-violence,5.000,C:\SIRCH_ENV\datasets\RLVS\Real Life Violence Dataset\NonViolence\NV_423.mp4
train,RLVS,Non-violence,5.000,C:\SIRCH_ENV\datasets\RLVS\Real Life Violence Dataset\NonViolence\NV_425.mp4
train,RLVS,Non-violence,5.000,C:\SIRCH_ENV\datasets\RLVS\Real Life Violence Dataset\NonViolence\NV_426.mp4
train,RLVS,Non-violence,5.000,C:\SIRCH_ENV\datasets\RLVS\Real Life Violence Dataset\NonViolence\NV_427.mp4
train,RLVS,Non-violence,5.000,C:\SIRCH_ENV\datasets\RLVS\Real Life Violence Dataset\NonViolence\NV_428.mp4
train,RLVS,Non-violence,4.720,C:\SIRCH_ENV\datasets\RLVS\Real Life Violence Dataset\NonViolence\NV_43.mp4
train,RLVS,Non-violence,5.000,C:\SIRCH_ENV\datasets\RLVS\Real Life Violence Dataset\NonViolence\NV_430.mp4
train,RLVS,Non-violence,5.000,C:\SIRCH_ENV\datasets\RLVS\Real Life Violence Dataset\NonViolence\NV_433.mp4
train,RLVS,Non-violence,5.000,C:\SIRCH_ENV\datasets\RLVS\Real Life Violence Dataset\NonViolence\NV_437.mp4
train,RLVS,Non-violence,5.000,C:\SIRCH_ENV\datasets\RLVS\Real Life Violence Dataset\NonViolence\NV_438.mp4
train,RLVS,Non-violence,5.000,C:\SIRCH_ENV\datasets\RLVS\Real Life Violence Dataset\NonViolence\NV_439.mp4
train,RLVS,Non-violence,5.000,C:\SIRCH_ENV\datasets\RLVS\Real Life Violence Dataset\NonViolence\NV_440.mp4
train,RLVS,Non-violence,5.000,C:\SIRCH_ENV\datasets\RLVS\Real Life Violence Dataset\NonViolence\NV_441.mp4
train,RLVS,Non-violence,5.000,C:\SIRCH_ENV\datasets\RLVS\Real Life Violence Dataset\NonViolence\NV_443.mp4
train,RLVS,Non-violence,5.000,C:\SIRCH_ENV\datasets\RLVS\Real Life Violence Dataset\NonViolence\NV_446.mp4
train,RLVS,Non-violence,5.000,C:\SIRCH_ENV\datasets\RLVS\Real Life Violence Dataset\NonViolence\NV_447.mp4
train,RLVS,Non-violence,5.000,C:\SIRCH_ENV\datasets\RLVS\Real Life Violence Dataset\NonViolence\NV_448.mp4
train,RLVS,Non-violence,4.304,C:\SIRCH_ENV\datasets\RLVS\Real Life Violence Dataset\NonViolence\NV_45.mp4
train,RLVS,Non-violence,5.000,C:\SIRCH_ENV\datasets\RLVS\Real Life Violence Dataset\NonViolence\NV_450.mp4
train,RLVS,Non-violence,5.000,C:\SIRCH_ENV\datasets\RLVS\Real Life Violence Dataset\NonViolence\NV_451.mp4
train,RLVS,Non-violence,5.000,C:\SIRCH_ENV\datasets\RLVS\Real Life Violence Dataset\NonViolence\NV_452.mp4
train,RLVS,Non-violence,5.000,C:\SIRCH_ENV\datasets\RLVS\Real Life Violence Dataset\NonViolence\NV_453.mp4
train,RLVS,Non-violence,5.000,C:\SIRCH_ENV\datasets\RLVS\Real Life Violence Dataset\NonViolence\NV_454.mp4
train,RLVS,Non-violence,5.000,C:\SIRCH_ENV\datasets\RLVS\Real Life Violence Dataset\NonViolence\NV_457.mp4
train,RLVS,Non-violence,5.000,C:\SIRCH_ENV\datasets\RLVS\Real Life Violence Dataset\NonViolence\NV_458.mp4
train,RLVS,Non-violence,5.000,C:\SIRCH_ENV\datasets\RLVS\Real Life Violence Dataset\NonViolence\NV_459.mp4
train,RLVS,Non-violence,5.000,C:\SIRCH_ENV\datasets\RLVS\Real Life Violence Dataset\NonViolence\NV_46.mp4
train,RLVS,Non-violence,5.000,C:\SIRCH_ENV\datasets\RLVS\Real Life Violence Dataset\NonViolence\NV_460.mp4
train,RLVS,Non-violence,5.000,C:\SIRCH_ENV\datasets\RLVS\Real Life Violence Dataset\NonViolence\NV_461.mp4
train,RLVS,Non-violence,5.000,C:\SIRCH_ENV\datasets\RLVS\Real Life Violence Dataset\NonViolence\NV_462.mp4
train,RLVS,Non-violence,5.000,C:\SIRCH_ENV\datasets\RLVS\Real Life Violence Dataset\NonViolence\NV_464.mp4
train,RLVS,Non-violence,5.000,C:\SIRCH_ENV\datasets\RLVS\Real Life Violence Dataset\NonViolence\NV_466.mp4
train,RLVS,Non-violence,5.000,C:\SIRCH_ENV\datasets\RLVS\Real Life Violence Dataset\NonViolence\NV_467.mp4
train,RLVS,Non-violence,5.000,C:\SIRCH_ENV\datasets\RLVS\Real Life Violence Dataset\NonViolence\NV_468.mp4
train,RLVS,Non-violence,5.000,C:\SIRCH_ENV\datasets\RLVS\Real Life Violence Dataset\NonViolence\NV_47.mp4
train,RLVS,Non-violence,5.000,C:\SIRCH_ENV\datasets\RLVS\Real Life Violence Dataset\NonViolence\NV_473.mp4
train,RLVS,Non-violence,5.000,C:\SIRCH_ENV\datasets\RLVS\Real Life Violence Dataset\NonViolence\NV_474.mp4
train,RLVS,Non-violence,5.000,C:\SIRCH_ENV\datasets\RLVS\Real Life Violence Dataset\NonViolence\NV_475.mp4
train,RLVS,Non-violence,5.000,C:\SIRCH_ENV\datasets\RLVS\Real Life Violence Dataset\NonViolence\NV_476.mp4
train,RLVS,Non-violence,5.000,C:\SIRCH_ENV\datasets\RLVS\Real Life Violence Dataset\NonViolence\NV_477.mp4
train,RLVS,Non-violence,5.000,C:\SIRCH_ENV\datasets\RLVS\Real Life Violence Dataset\NonViolence\NV_479.mp4
train,RLVS,Non-violence,5.000,C:\SIRCH_ENV\datasets\RLVS\Real Life Violence Dataset\NonViolence\NV_481.mp4
train,RLVS,Non-violence,5.000,C:\SIRCH_ENV\datasets\RLVS\Real Life Violence Dataset\NonViolence\NV_482.mp4
train,RLVS,Non-violence,5.000,C:\SIRCH_ENV\datasets\RLVS\Real Life Violence Dataset\NonViolence\NV_483.mp4
train,RLVS,Non-violence,5.000,C:\SIRCH_ENV\datasets\RLVS\Real Life Violence Dataset\NonViolence\NV_484.mp4
train,RLVS,Non-violence,5.000,C:\SIRCH_ENV\datasets\RLVS\Real Life Violence Dataset\NonViolence\NV_485.mp4
train,RLVS,Non-violence,5.000,C:\SIRCH_ENV\datasets\RLVS\Real Life Violence Dataset\NonViolence\NV_486.mp4
train,RLVS,Non-violence,5.000,C:\SIRCH_ENV\datasets\RLVS\Real Life Violence Dataset\NonViolence\NV_487.mp4
train,RLVS,Non-violence,5.000,C:\SIRCH_ENV\datasets\RLVS\Real Life Violence Dataset\NonViolence\NV_489.mp4
train,RLVS,Non-violence,5.000,C:\SIRCH_ENV\datasets\RLVS\Real Life Violence Dataset\NonViolence\NV_49.mp4
train,RLVS,Non-violence,5.000,C:\SIRCH_ENV\datasets\RLVS\Real Life Violence Dataset\NonViolence\NV_491.mp4
train,RLVS,Non-violence,5.000,C:\SIRCH_ENV\datasets\RLVS\Real Life Violence Dataset\NonViolence\NV_492.mp4
train,RLVS,Non-violence,5.000,C:\SIRCH_ENV\datasets\RLVS\Real Life Violence Dataset\NonViolence\NV_494.mp4
train,RLVS,Non-violence,5.000,C:\SIRCH_ENV\datasets\RLVS\Real Life Violence Dataset\NonViolence\NV_496.mp4
train,RLVS,Non-violence,5.000,C:\SIRCH_ENV\datasets\RLVS\Real Life Violence Dataset\NonViolence\NV_497.mp4
train,RLVS,Non-violence,5.000,C:\SIRCH_ENV\datasets\RLVS\Real Life Violence Dataset\NonViolence\NV_498.mp4
train,RLVS,Non-violence,5.000,C:\SIRCH_ENV\datasets\RLVS\Real Life Violence Dataset\NonViolence\NV_499.mp4
train,RLVS,Non-violence,4.920,C:\SIRCH_ENV\datasets\RLVS\Real Life Violence Dataset\NonViolence\NV_5.mp4
train,RLVS,Non-violence,5.000,C:\SIRCH_ENV\datasets\RLVS\Real Life Violence Dataset\NonViolence\NV_50.mp4
train,RLVS,Non-violence,5.000,C:\SIRCH_ENV\datasets\RLVS\Real Life Violence Dataset\NonViolence\NV_500.mp4
train,RLVS,Non-violence,5.000,C:\SIRCH_ENV\datasets\RLVS\Real Life Violence Dataset\NonViolence\NV_502.mp4
train,RLVS,Non-violence,5.000,C:\SIRCH_ENV\datasets\RLVS\Real Life Violence Dataset\NonViolence\NV_503.mp4
train,RLVS,Non-violence,5.000,C:\SIRCH_ENV\datasets\RLVS\Real Life Violence Dataset\NonViolence\NV_504.mp4
train,RLVS,Non-violence,5.000,C:\SIRCH_ENV\datasets\RLVS\Real Life Violence Dataset\NonViolence\NV_505.mp4
train,RLVS,Non-violence,5.000,C:\SIRCH_ENV\datasets\RLVS\Real Life Violence Dataset\NonViolence\NV_507.mp4
train,RLVS,Non-violence,5.000,C:\SIRCH_ENV\datasets\RLVS\Real Life Violence Dataset\NonViolence\NV_508.mp4
train,RLVS,Non-violence,5.000,C:\SIRCH_ENV\datasets\RLVS\Real Life Violence Dataset\NonViolence\NV_51.mp4
train,RLVS,Non-violence,5.000,C:\SIRCH_ENV\datasets\RLVS\Real Life Violence Dataset\NonViolence\NV_510.mp4
train,RLVS,Non-violence,5.000,C:\SIRCH_ENV\datasets\RLVS\Real Life Violence Dataset\NonViolence\NV_513.mp4
train,RLVS,Non-violence,5.000,C:\SIRCH_ENV\datasets\RLVS\Real Life Violence Dataset\NonViolence\NV_514.mp4
train,RLVS,Non-violence,5.000,C:\SIRCH_ENV\datasets\RLVS\Real Life Violence Dataset\NonViolence\NV_516.mp4
train,RLVS,Non-violence,5.000,C:\SIRCH_ENV\datasets\RLVS\Real Life Violence Dataset\NonViolence\NV_517.mp4
train,RLVS,Non-violence,5.000,C:\SIRCH_ENV\datasets\RLVS\Real Life Violence Dataset\NonViolence\NV_518.mp4
train,RLVS,Non-violence,5.000,C:\SIRCH_ENV\datasets\RLVS\Real Life Violence Dataset\NonViolence\NV_519.mp4
train,RLVS,Non-violence,5.000,C:\SIRCH_ENV\datasets\RLVS\Real Life Violence Dataset\NonViolence\NV_52.mp4
train,RLVS,Non-violence,5.000,C:\SIRCH_ENV\datasets\RLVS\Real Life Violence Dataset\NonViolence\NV_522.mp4
train,RLVS,Non-violence,5.000,C:\SIRCH_ENV\datasets\RLVS\Real Life Violence Dataset\NonViolence\NV_523.mp4
train,RLVS,Non-violence,5.000,C:\SIRCH_ENV\datasets\RLVS\Real Life Violence Dataset\NonViolence\NV_524.mp4
train,RLVS,Non-violence,5.000,C:\SIRCH_ENV\datasets\RLVS\Real Life Violence Dataset\NonViolence\NV_525.mp4
train,RLVS,Non-violence,5.000,C:\SIRCH_ENV\datasets\RLVS\Real Life Violence Dataset\NonViolence\NV_526.mp4
train,RLVS,Non-violence,5.000,C:\SIRCH_ENV\datasets\RLVS\Real Life Violence Dataset\NonViolence\NV_53.mp4
train,RLVS,Non-violence,5.000,C:\SIRCH_ENV\datasets\RLVS\Real Life Violence Dataset\NonViolence\NV_530.mp4
train,RLVS,Non-violence,5.000,C:\SIRCH_ENV\datasets\RLVS\Real Life Violence Dataset\NonViolence\NV_532.mp4
train,RLVS,Non-violence,5.000,C:\SIRCH_ENV\datasets\RLVS\Real Life Violence Dataset\NonViolence\NV_533.mp4
train,RLVS,Non-violence,5.000,C:\SIRCH_ENV\datasets\RLVS\Real Life Violence Dataset\NonViolence\NV_534.mp4
train,RLVS,Non-violence,5.000,C:\SIRCH_ENV\datasets\RLVS\Real Life Violence Dataset\NonViolence\NV_535.mp4
train,RLVS,Non-violence,5.000,C:\SIRCH_ENV\datasets\RLVS\Real Life Violence Dataset\NonViolence\NV_537.mp4
train,RLVS,Non-violence,5.000,C:\SIRCH_ENV\datasets\RLVS\Real Life Violence Dataset\NonViolence\NV_539.mp4
train,RLVS,Non-violence,5.000,C:\SIRCH_ENV\datasets\RLVS\Real Life Violence Dataset\NonViolence\NV_54.mp4
train,RLVS,Non-violence,5.000,C:\SIRCH_ENV\datasets\RLVS\Real Life Violence Dataset\NonViolence\NV_540.mp4
train,RLVS,Non-violence,5.000,C:\SIRCH_ENV\datasets\RLVS\Real Life Violence Dataset\NonViolence\NV_541.mp4
train,RLVS,Non-violence,5.000,C:\SIRCH_ENV\datasets\RLVS\Real Life Violence Dataset\NonViolence\NV_542.mp4
train,RLVS,Non-violence,5.000,C:\SIRCH_ENV\datasets\RLVS\Real Life Violence Dataset\NonViolence\NV_543.mp4
train,RLVS,Non-violence,5.000,C:\SIRCH_ENV\datasets\RLVS\Real Life Violence Dataset\NonViolence\NV_545.mp4
train,RLVS,Non-violence,5.000,C:\SIRCH_ENV\datasets\RLVS\Real Life Violence Dataset\NonViolence\NV_546.mp4
train,RLVS,Non-violence,5.000,C:\SIRCH_ENV\datasets\RLVS\Real Life Violence Dataset\NonViolence\NV_547.mp4
train,RLVS,Non-violence,5.000,C:\SIRCH_ENV\datasets\RLVS\Real Life Violence Dataset\NonViolence\NV_549.mp4
train,RLVS,Non-violence,5.000,C:\SIRCH_ENV\datasets\RLVS\Real Life Violence Dataset\NonViolence\NV_55.mp4
train,RLVS,Non-violence,5.000,C:\SIRCH_ENV\datasets\RLVS\Real Life Violence Dataset\NonViolence\NV_551.mp4
train,RLVS,Non-violence,5.000,C:\SIRCH_ENV\datasets\RLVS\Real Life Violence Dataset\NonViolence\NV_552.mp4
train,RLVS,Non-violence,5.000,C:\SIRCH_ENV\datasets\RLVS\Real Life Violence Dataset\NonViolence\NV_553.mp4
train,RLVS,Non-violence,5.000,C:\SIRCH_ENV\datasets\RLVS\Real Life Violence Dataset\NonViolence\NV_555.mp4
train,RLVS,Non-violence,5.000,C:\SIRCH_ENV\datasets\RLVS\Real Life Violence Dataset\NonViolence\NV_558.mp4
train,RLVS,Non-violence,5.000,C:\SIRCH_ENV\datasets\RLVS\Real Life Violence Dataset\NonViolence\NV_559.mp4
train,RLVS,Non-violence,5.000,C:\SIRCH_ENV\datasets\RLVS\Real Life Violence Dataset\NonViolence\NV_56.mp4
train,RLVS,Non-violence,5.000,C:\SIRCH_ENV\datasets\RLVS\Real Life Violence Dataset\NonViolence\NV_560.mp4
train,RLVS,Non-violence,5.000,C:\SIRCH_ENV\datasets\RLVS\Real Life Violence Dataset\NonViolence\NV_561.mp4
train,RLVS,Non-violence,5.000,C:\SIRCH_ENV\datasets\RLVS\Real Life Violence Dataset\NonViolence\NV_562.mp4
train,RLVS,Non-violence,5.000,C:\SIRCH_ENV\datasets\RLVS\Real Life Violence Dataset\NonViolence\NV_564.mp4
train,RLVS,Non-violence,5.000,C:\SIRCH_ENV\datasets\RLVS\Real Life Violence Dataset\NonViolence\NV_565.mp4
train,RLVS,Non-violence,5.000,C:\SIRCH_ENV\datasets\RLVS\Real Life Violence Dataset\NonViolence\NV_566.mp4
train,RLVS,Non-violence,5.000,C:\SIRCH_ENV\datasets\RLVS\Real Life Violence Dataset\NonViolence\NV_570.mp4
train,RLVS,Non-violence,5.000,C:\SIRCH_ENV\datasets\RLVS\Real Life Violence Dataset\NonViolence\NV_572.mp4
train,RLVS,Non-violence,5.000,C:\SIRCH_ENV\datasets\RLVS\Real Life Violence Dataset\NonViolence\NV_573.mp4
train,RLVS,Non-violence,5.000,C:\SIRCH_ENV\datasets\RLVS\Real Life Violence Dataset\NonViolence\NV_574.mp4
train,RLVS,Non-violence,5.000,C:\SIRCH_ENV\datasets\RLVS\Real Life Violence Dataset\NonViolence\NV_575.mp4
train,RLVS,Non-violence,5.000,C:\SIRCH_ENV\datasets\RLVS\Real Life Violence Dataset\NonViolence\NV_576.mp4
train,RLVS,Non-violence,5.000,C:\SIRCH_ENV\datasets\RLVS\Real Life Violence Dataset\NonViolence\NV_578.mp4
train,RLVS,Non-violence,5.000,C:\SIRCH_ENV\datasets\RLVS\Real Life Violence Dataset\NonViolence\NV_580.mp4
train,RLVS,Non-violence,5.000,C:\SIRCH_ENV\datasets\RLVS\Real Life Violence Dataset\NonViolence\NV_581.mp4
train,RLVS,Non-violence,5.000,C:\SIRCH_ENV\datasets\RLVS\Real Life Violence Dataset\NonViolence\NV_582.mp4
train,RLVS,Non-violence,5.000,C:\SIRCH_ENV\datasets\RLVS\Real Life Violence Dataset\NonViolence\NV_583.mp4
train,RLVS,Non-violence,5.000,C:\SIRCH_ENV\datasets\RLVS\Real Life Violence Dataset\NonViolence\NV_584.mp4
train,RLVS,Non-violence,5.000,C:\SIRCH_ENV\datasets\RLVS\Real Life Violence Dataset\NonViolence\NV_585.mp4
train,RLVS,Non-violence,5.000,C:\SIRCH_ENV\datasets\RLVS\Real Life Violence Dataset\NonViolence\NV_586.mp4
train,RLVS,Non-violence,5.000,C:\SIRCH_ENV\datasets\RLVS\Real Life Violence Dataset\NonViolence\NV_587.mp4
train,RLVS,Non-violence,5.000,C:\SIRCH_ENV\datasets\RLVS\Real Life Violence Dataset\NonViolence\NV_588.mp4
train,RLVS,Non-violence,5.000,C:\SIRCH_ENV\datasets\RLVS\Real Life Violence Dataset\NonViolence\NV_589.mp4
train,RLVS,Non-violence,5.000,C:\SIRCH_ENV\datasets\RLVS\Real Life Violence Dataset\NonViolence\NV_590.mp4
train,RLVS,Non-violence,5.000,C:\SIRCH_ENV\datasets\RLVS\Real Life Violence Dataset\NonViolence\NV_591.mp4
train,RLVS,Non-violence,5.000,C:\SIRCH_ENV\datasets\RLVS\Real Life Violence Dataset\NonViolence\NV_592.mp4
train,RLVS,Non-violence,5.000,C:\SIRCH_ENV\datasets\RLVS\Real Life Violence Dataset\NonViolence\NV_593.mp4
train,RLVS,Non-violence,5.000,C:\SIRCH_ENV\datasets\RLVS\Real Life Violence Dataset\NonViolence\NV_594.mp4
train,RLVS,Non-violence,5.000,C:\SIRCH_ENV\datasets\RLVS\Real Life Violence Dataset\NonViolence\NV_595.mp4
train,RLVS,Non-violence,5.000,C:\SIRCH_ENV\datasets\RLVS\Real Life Violence Dataset\NonViolence\NV_596.mp4
train,RLVS,Non-violence,5.000,C:\SIRCH_ENV\datasets\RLVS\Real Life Violence Dataset\NonViolence\NV_598.mp4
train,RLVS,Non-violence,4.120,C:\SIRCH_ENV\datasets\RLVS\Real Life Violence Dataset\NonViolence\NV_6.mp4
train,RLVS,Non-violence,5.000,C:\SIRCH_ENV\datasets\RLVS\Real Life Violence Dataset\NonViolence\NV_60.mp4
train,RLVS,Non-violence,3.000,C:\SIRCH_ENV\datasets\RLVS\Real Life Violence Dataset\NonViolence\NV_600.mp4
train,RLVS,Non-violence,5.000,C:\SIRCH_ENV\datasets\RLVS\Real Life Violence Dataset\NonViolence\NV_601.mp4
train,RLVS,Non-violence,5.000,C:\SIRCH_ENV\datasets\RLVS\Real Life Violence Dataset\NonViolence\NV_602.avi
train,RLVS,Non-violence,5.000,C:\SIRCH_ENV\datasets\RLVS\Real Life Violence Dataset\NonViolence\NV_603.mp4
train,RLVS,Non-violence,5.000,C:\SIRCH_ENV\datasets\RLVS\Real Life Violence Dataset\NonViolence\NV_605.mp4
train,RLVS,Non-violence,5.000,C:\SIRCH_ENV\datasets\RLVS\Real Life Violence Dataset\NonViolence\NV_606.mp4
train,RLVS,Non-violence,5.000,C:\SIRCH_ENV\datasets\RLVS\Real Life Violence Dataset\NonViolence\NV_607.mp4
train,RLVS,Non-violence,5.000,C:\SIRCH_ENV\datasets\RLVS\Real Life Violence Dataset\NonViolence\NV_610.mp4
train,RLVS,Non-violence,5.000,C:\SIRCH_ENV\datasets\RLVS\Real Life Violence Dataset\NonViolence\NV_611.mp4
train,RLVS,Non-violence,5.000,C:\SIRCH_ENV\datasets\RLVS\Real Life Violence Dataset\NonViolence\NV_612.mp4
train,RLVS,Non-violence,5.000,C:\SIRCH_ENV\datasets\RLVS\Real Life Violence Dataset\NonViolence\NV_613.mp4
train,RLVS,Non-violence,5.000,C:\SIRCH_ENV\datasets\RLVS\Real Life Violence Dataset\NonViolence\NV_614.mp4
train,RLVS,Non-violence,5.000,C:\SIRCH_ENV\datasets\RLVS\Real Life Violence Dataset\NonViolence\NV_615.mp4
train,RLVS,Non-violence,5.000,C:\SIRCH_ENV\datasets\RLVS\Real Life Violence Dataset\NonViolence\NV_618.mp4
train,RLVS,Non-violence,5.000,C:\SIRCH_ENV\datasets\RLVS\Real Life Violence Dataset\NonViolence\NV_619.mp4
train,RLVS,Non-violence,5.000,C:\SIRCH_ENV\datasets\RLVS\Real Life Violence Dataset\NonViolence\NV_620.mp4
train,RLVS,Non-violence,5.000,C:\SIRCH_ENV\datasets\RLVS\Real Life Violence Dataset\NonViolence\NV_621.mp4
train,RLVS,Non-violence,5.000,C:\SIRCH_ENV\datasets\RLVS\Real Life Violence Dataset\NonViolence\NV_622.mp4
train,RLVS,Non-violence,5.000,C:\SIRCH_ENV\datasets\RLVS\Real Life Violence Dataset\NonViolence\NV_623.mp4
train,RLVS,Non-violence,5.000,C:\SIRCH_ENV\datasets\RLVS\Real Life Violence Dataset\NonViolence\NV_624.mp4
train,RLVS,Non-violence,5.000,C:\SIRCH_ENV\datasets\RLVS\Real Life Violence Dataset\NonViolence\NV_625.mp4
train,RLVS,Non-violence,5.000,C:\SIRCH_ENV\datasets\RLVS\Real Life Violence Dataset\NonViolence\NV_626.mp4
train,RLVS,Non-violence,5.000,C:\SIRCH_ENV\datasets\RLVS\Real Life Violence Dataset\NonViolence\NV_627.mp4
train,RLVS,Non-violence,5.000,C:\SIRCH_ENV\datasets\RLVS\Real Life Violence Dataset\NonViolence\NV_629.mp4
train,RLVS,Non-violence,5.000,C:\SIRCH_ENV\datasets\RLVS\Real Life Violence Dataset\NonViolence\NV_630.mp4
train,RLVS,Non-violence,5.000,C:\SIRCH_ENV\datasets\RLVS\Real Life Violence Dataset\NonViolence\NV_633.mp4
train,RLVS,Non-violence,5.000,C:\SIRCH_ENV\datasets\RLVS\Real Life Violence Dataset\NonViolence\NV_634.mp4
train,RLVS,Non-violence,5.000,C:\SIRCH_ENV\datasets\RLVS\Real Life Violence Dataset\NonViolence\NV_635.mp4
train,RLVS,Non-violence,5.000,C:\SIRCH_ENV\datasets\RLVS\Real Life Violence Dataset\NonViolence\NV_636.mp4
train,RLVS,Non-violence,5.000,C:\SIRCH_ENV\datasets\RLVS\Real Life Violence Dataset\NonViolence\NV_64.mp4
train,RLVS,Non-violence,5.000,C:\SIRCH_ENV\datasets\RLVS\Real Life Violence Dataset\NonViolence\NV_640.mp4
train,RLVS,Non-violence,5.000,C:\SIRCH_ENV\datasets\RLVS\Real Life Violence Dataset\NonViolence\NV_642.mp4
train,RLVS,Non-violence,5.000,C:\SIRCH_ENV\datasets\RLVS\Real Life Violence Dataset\NonViolence\NV_643.mp4
train,RLVS,Non-violence,5.000,C:\SIRCH_ENV\datasets\RLVS\Real Life Violence Dataset\NonViolence\NV_644.mp4
train,RLVS,Non-violence,5.000,C:\SIRCH_ENV\datasets\RLVS\Real Life Violence Dataset\NonViolence\NV_645.mp4
train,RLVS,Non-violence,5.000,C:\SIRCH_ENV\datasets\RLVS\Real Life Violence Dataset\NonViolence\NV_646.mp4
train,RLVS,Non-violence,5.000,C:\SIRCH_ENV\datasets\RLVS\Real Life Violence Dataset\NonViolence\NV_647.mp4
train,RLVS,Non-violence,5.000,C:\SIRCH_ENV\datasets\RLVS\Real Life Violence Dataset\NonViolence\NV_649.mp4
train,RLVS,Non-violence,5.000,C:\SIRCH_ENV\datasets\RLVS\Real Life Violence Dataset\NonViolence\NV_65.mp4
train,RLVS,Non-violence,5.000,C:\SIRCH_ENV\datasets\RLVS\Real Life Violence Dataset\NonViolence\NV_652.mp4
train,RLVS,Non-violence,5.000,C:\SIRCH_ENV\datasets\RLVS\Real Life Violence Dataset\NonViolence\NV_653.mp4
train,RLVS,Non-violence,5.000,C:\SIRCH_ENV\datasets\RLVS\Real Life Violence Dataset\NonViolence\NV_655.mp4
train,RLVS,Non-violence,5.000,C:\SIRCH_ENV\datasets\RLVS\Real Life Violence Dataset\NonViolence\NV_656.mp4
train,RLVS,Non-violence,5.000,C:\SIRCH_ENV\datasets\RLVS\Real Life Violence Dataset\NonViolence\NV_657.mp4
train,RLVS,Non-violence,5.000,C:\SIRCH_ENV\datasets\RLVS\Real Life Violence Dataset\NonViolence\NV_658.mp4
train,RLVS,Non-violence,5.000,C:\SIRCH_ENV\datasets\RLVS\Real Life Violence Dataset\NonViolence\NV_66.mp4
train,RLVS,Non-violence,5.000,C:\SIRCH_ENV\datasets\RLVS\Real Life Violence Dataset\NonViolence\NV_661.mp4
train,RLVS,Non-violence,5.000,C:\SIRCH_ENV\datasets\RLVS\Real Life Violence Dataset\NonViolence\NV_663.mp4
train,RLVS,Non-violence,5.000,C:\SIRCH_ENV\datasets\RLVS\Real Life Violence Dataset\NonViolence\NV_664.mp4
train,RLVS,Non-violence,5.000,C:\SIRCH_ENV\datasets\RLVS\Real Life Violence Dataset\NonViolence\NV_665.mp4
train,RLVS,Non-violence,5.000,C:\SIRCH_ENV\datasets\RLVS\Real Life Violence Dataset\NonViolence\NV_666.mp4
train,RLVS,Non-violence,5.000,C:\SIRCH_ENV\datasets\RLVS\Real Life Violence Dataset\NonViolence\NV_667.mp4
train,RLVS,Non-violence,5.000,C:\SIRCH_ENV\datasets\RLVS\Real Life Violence Dataset\NonViolence\NV_668.mp4
train,RLVS,Non-violence,5.000,C:\SIRCH_ENV\datasets\RLVS\Real Life Violence Dataset\NonViolence\NV_669.mp4
train,RLVS,Non-violence,5.000,C:\SIRCH_ENV\datasets\RLVS\Real Life Violence Dataset\NonViolence\NV_671.mp4
train,RLVS,Non-violence,5.000,C:\SIRCH_ENV\datasets\RLVS\Real Life Violence Dataset\NonViolence\NV_672.mp4
train,RLVS,Non-violence,5.000,C:\SIRCH_ENV\datasets\RLVS\Real Life Violence Dataset\NonViolence\NV_673.mp4
train,RLVS,Non-violence,5.000,C:\SIRCH_ENV\datasets\RLVS\Real Life Violence Dataset\NonViolence\NV_674.mp4
train,RLVS,Non-violence,5.000,C:\SIRCH_ENV\datasets\RLVS\Real Life Violence Dataset\NonViolence\NV_675.mp4
train,RLVS,Non-violence,5.000,C:\SIRCH_ENV\datasets\RLVS\Real Life Violence Dataset\NonViolence\NV_677.mp4
train,RLVS,Non-violence,5.000,C:\SIRCH_ENV\datasets\RLVS\Real Life Violence Dataset\NonViolence\NV_679.mp4
train,RLVS,Non-violence,5.000,C:\SIRCH_ENV\datasets\RLVS\Real Life Violence Dataset\NonViolence\NV_68.mp4
train,RLVS,Non-violence,5.000,C:\SIRCH_ENV\datasets\RLVS\Real Life Violence Dataset\NonViolence\NV_680.mp4
train,RLVS,Non-violence,5.000,C:\SIRCH_ENV\datasets\RLVS\Real Life Violence Dataset\NonViolence\NV_683.mp4
train,RLVS,Non-violence,5.000,C:\SIRCH_ENV\datasets\RLVS\Real Life Violence Dataset\NonViolence\NV_684.mp4
train,RLVS,Non-violence,5.000,C:\SIRCH_ENV\datasets\RLVS\Real Life Violence Dataset\NonViolence\NV_685.mp4
train,RLVS,Non-violence,5.000,C:\SIRCH_ENV\datasets\RLVS\Real Life Violence Dataset\NonViolence\NV_686.mp4
train,RLVS,Non-violence,3.800,C:\SIRCH_ENV\datasets\RLVS\Real Life Violence Dataset\NonViolence\NV_687.mp4
train,RLVS,Non-violence,5.000,C:\SIRCH_ENV\datasets\RLVS\Real Life Violence Dataset\NonViolence\NV_688.mp4
train,RLVS,Non-violence,5.000,C:\SIRCH_ENV\datasets\RLVS\Real Life Violence Dataset\NonViolence\NV_69.mp4
train,RLVS,Non-violence,5.000,C:\SIRCH_ENV\datasets\RLVS\Real Life Violence Dataset\NonViolence\NV_690.mp4
train,RLVS,Non-violence,5.000,C:\SIRCH_ENV\datasets\RLVS\Real Life Violence Dataset\NonViolence\NV_691.mp4
train,RLVS,Non-violence,5.000,C:\SIRCH_ENV\datasets\RLVS\Real Life Violence Dataset\NonViolence\NV_692.mp4
train,RLVS,Non-violence,5.000,C:\SIRCH_ENV\datasets\RLVS\Real Life Violence Dataset\NonViolence\NV_693.mp4
train,RLVS,Non-violence,5.000,C:\SIRCH_ENV\datasets\RLVS\Real Life Violence Dataset\NonViolence\NV_696.mp4
train,RLVS,Non-violence,5.000,C:\SIRCH_ENV\datasets\RLVS\Real Life Violence Dataset\NonViolence\NV_697.mp4
train,RLVS,Non-violence,5.000,C:\SIRCH_ENV\datasets\RLVS\Real Life Violence Dataset\NonViolence\NV_699.mp4
train,RLVS,Non-violence,3.800,C:\SIRCH_ENV\datasets\RLVS\Real Life Violence Dataset\NonViolence\NV_7.mp4
train,RLVS,Non-violence,5.000,C:\SIRCH_ENV\datasets\RLVS\Real Life Violence Dataset\NonViolence\NV_70.mp4
train,RLVS,Non-violence,5.000,C:\SIRCH_ENV\datasets\RLVS\Real Life Violence Dataset\NonViolence\NV_700.mp4
train,RLVS,Non-violence,5.000,C:\SIRCH_ENV\datasets\RLVS\Real Life Violence Dataset\NonViolence\NV_701.mp4
train,RLVS,Non-violence,5.000,C:\SIRCH_ENV\datasets\RLVS\Real Life Violence Dataset\NonViolence\NV_702.mp4
train,RLVS,Non-violence,5.000,C:\SIRCH_ENV\datasets\RLVS\Real Life Violence Dataset\NonViolence\NV_703.mp4
train,RLVS,Non-violence,5.000,C:\SIRCH_ENV\datasets\RLVS\Real Life Violence Dataset\NonViolence\NV_705.mp4
train,RLVS,Non-violence,5.000,C:\SIRCH_ENV\datasets\RLVS\Real Life Violence Dataset\NonViolence\NV_706.mp4
train,RLVS,Non-violence,5.000,C:\SIRCH_ENV\datasets\RLVS\Real Life Violence Dataset\NonViolence\NV_708.mp4
train,RLVS,Non-violence,5.000,C:\SIRCH_ENV\datasets\RLVS\Real Life Violence Dataset\NonViolence\NV_709.mp4
train,RLVS,Non-violence,5.000,C:\SIRCH_ENV\datasets\RLVS\Real Life Violence Dataset\NonViolence\NV_71.mp4
train,RLVS,Non-violence,5.000,C:\SIRCH_ENV\datasets\RLVS\Real Life Violence Dataset\NonViolence\NV_710.mp4
train,RLVS,Non-violence,5.000,C:\SIRCH_ENV\datasets\RLVS\Real Life Violence Dataset\NonViolence\NV_711.mp4
train,RLVS,Non-violence,5.000,C:\SIRCH_ENV\datasets\RLVS\Real Life Violence Dataset\NonViolence\NV_712.mp4
train,RLVS,Non-violence,5.000,C:\SIRCH_ENV\datasets\RLVS\Real Life Violence Dataset\NonViolence\NV_713.mp4
train,RLVS,Non-violence,5.000,C:\SIRCH_ENV\datasets\RLVS\Real Life Violence Dataset\NonViolence\NV_714.mp4
train,RLVS,Non-violence,5.000,C:\SIRCH_ENV\datasets\RLVS\Real Life Violence Dataset\NonViolence\NV_715.mp4
train,RLVS,Non-violence,5.000,C:\SIRCH_ENV\datasets\RLVS\Real Life Violence Dataset\NonViolence\NV_716.mp4
train,RLVS,Non-violence,5.000,C:\SIRCH_ENV\datasets\RLVS\Real Life Violence Dataset\NonViolence\NV_717.mp4
train,RLVS,Non-violence,5.000,C:\SIRCH_ENV\datasets\RLVS\Real Life Violence Dataset\NonViolence\NV_718.mp4
train,RLVS,Non-violence,5.000,C:\SIRCH_ENV\datasets\RLVS\Real Life Violence Dataset\NonViolence\NV_719.mp4
train,RLVS,Non-violence,5.000,C:\SIRCH_ENV\datasets\RLVS\Real Life Violence Dataset\NonViolence\NV_72.mp4
train,RLVS,Non-violence,5.000,C:\SIRCH_ENV\datasets\RLVS\Real Life Violence Dataset\NonViolence\NV_722.mp4
train,RLVS,Non-violence,5.920,C:\SIRCH_ENV\datasets\RLVS\Real Life Violence Dataset\NonViolence\NV_724.mp4
train,RLVS,Non-violence,4.800,C:\SIRCH_ENV\datasets\RLVS\Real Life Violence Dataset\NonViolence\NV_725.mp4
train,RLVS,Non-violence,5.400,C:\SIRCH_ENV\datasets\RLVS\Real Life Violence Dataset\NonViolence\NV_727.mp4
train,RLVS,Non-violence,5.320,C:\SIRCH_ENV\datasets\RLVS\Real Life Violence Dataset\NonViolence\NV_728.mp4
train,RLVS,Non-violence,5.400,C:\SIRCH_ENV\datasets\RLVS\Real Life Violence Dataset\NonViolence\NV_729.mp4
train,RLVS,Non-violence,5.000,C:\SIRCH_ENV\datasets\RLVS\Real Life Violence Dataset\NonViolence\NV_73.mp4
train,RLVS,Non-violence,5.800,C:\SIRCH_ENV\datasets\RLVS\Real Life Violence Dataset\NonViolence\NV_730.mp4
train,RLVS,Non-violence,5.900,C:\SIRCH_ENV\datasets\RLVS\Real Life Violence Dataset\NonViolence\NV_731.mp4
train,RLVS,Non-violence,6.700,C:\SIRCH_ENV\datasets\RLVS\Real Life Violence Dataset\NonViolence\NV_732.mp4
train,RLVS,Non-violence,6.000,C:\SIRCH_ENV\datasets\RLVS\Real Life Violence Dataset\NonViolence\NV_733.mp4
train,RLVS,Non-violence,5.200,C:\SIRCH_ENV\datasets\RLVS\Real Life Violence Dataset\NonViolence\NV_734.mp4
train,RLVS,Non-violence,5.700,C:\SIRCH_ENV\datasets\RLVS\Real Life Violence Dataset\NonViolence\NV_735.mp4
train,RLVS,Non-violence,6.200,C:\SIRCH_ENV\datasets\RLVS\Real Life Violence Dataset\NonViolence\NV_736.mp4
train,RLVS,Non-violence,4.900,C:\SIRCH_ENV\datasets\RLVS\Real Life Violence Dataset\NonViolence\NV_737.mp4
train,RLVS,Non-violence,5.105,C:\SIRCH_ENV\datasets\RLVS\Real Life Violence Dataset\NonViolence\NV_738.mp4
train,RLVS,Non-violence,5.272,C:\SIRCH_ENV\datasets\RLVS\Real Life Violence Dataset\NonViolence\NV_739.mp4
train,RLVS,Non-violence,5.000,C:\SIRCH_ENV\datasets\RLVS\Real Life Violence Dataset\NonViolence\NV_74.mp4
train,RLVS,Non-violence,4.671,C:\SIRCH_ENV\datasets\RLVS\Real Life Violence Dataset\NonViolence\NV_740.mp4
train,RLVS,Non-violence,4.605,C:\SIRCH_ENV\datasets\RLVS\Real Life Violence Dataset\NonViolence\NV_741.mp4
train,RLVS,Non-violence,5.472,C:\SIRCH_ENV\datasets\RLVS\Real Life Violence Dataset\NonViolence\NV_742.mp4
train,RLVS,Non-violence,4.671,C:\SIRCH_ENV\datasets\RLVS\Real Life Violence Dataset\NonViolence\NV_743.mp4
train,RLVS,Non-violence,5.205,C:\SIRCH_ENV\datasets\RLVS\Real Life Violence Dataset\NonViolence\NV_744.mp4
train,RLVS,Non-violence,4.805,C:\SIRCH_ENV\datasets\RLVS\Real Life Violence Dataset\NonViolence\NV_746.mp4
train,RLVS,Non-violence,4.905,C:\SIRCH_ENV\datasets\RLVS\Real Life Violence Dataset\NonViolence\NV_747.mp4
train,RLVS,Non-violence,4.605,C:\SIRCH_ENV\datasets\RLVS\Real Life Violence Dataset\NonViolence\NV_748.mp4
train,RLVS,Non-violence,5.000,C:\SIRCH_ENV\datasets\RLVS\Real Life Violence Dataset\NonViolence\NV_75.mp4
train,RLVS,Non-violence,5.000,C:\SIRCH_ENV\datasets\RLVS\Real Life Violence Dataset\NonViolence\NV_750.mp4
train,RLVS,Non-violence,5.000,C:\SIRCH_ENV\datasets\RLVS\Real Life Violence Dataset\NonViolence\NV_751.mp4
train,RLVS,Non-violence,5.000,C:\SIRCH_ENV\datasets\RLVS\Real Life Violence Dataset\NonViolence\NV_752.mp4
train,RLVS,Non-violence,5.000,C:\SIRCH_ENV\datasets\RLVS\Real Life Violence Dataset\NonViolence\NV_753.mp4
train,RLVS,Non-violence,5.000,C:\SIRCH_ENV\datasets\RLVS\Real Life Violence Dataset\NonViolence\NV_754.mp4
train,RLVS,Non-violence,5.000,C:\SIRCH_ENV\datasets\RLVS\Real Life Violence Dataset\NonViolence\NV_755.mp4
train,RLVS,Non-violence,5.000,C:\SIRCH_ENV\datasets\RLVS\Real Life Violence Dataset\NonViolence\NV_756.mp4
train,RLVS,Non-violence,5.000,C:\SIRCH_ENV\datasets\RLVS\Real Life Violence Dataset\NonViolence\NV_757.mp4
train,RLVS,Non-violence,5.000,C:\SIRCH_ENV\datasets\RLVS\Real Life Violence Dataset\NonViolence\NV_759.mp4
train,RLVS,Non-violence,5.000,C:\SIRCH_ENV\datasets\RLVS\Real Life Violence Dataset\NonViolence\NV_760.mp4
train,RLVS,Non-violence,5.000,C:\SIRCH_ENV\datasets\RLVS\Real Life Violence Dataset\NonViolence\NV_762.mp4
train,RLVS,Non-violence,5.000,C:\SIRCH_ENV\datasets\RLVS\Real Life Violence Dataset\NonViolence\NV_763.mp4
train,RLVS,Non-violence,5.000,C:\SIRCH_ENV\datasets\RLVS\Real Life Violence Dataset\NonViolence\NV_766.mp4
train,RLVS,Non-violence,5.000,C:\SIRCH_ENV\datasets\RLVS\Real Life Violence Dataset\NonViolence\NV_768.mp4
train,RLVS,Non-violence,5.000,C:\SIRCH_ENV\datasets\RLVS\Real Life Violence Dataset\NonViolence\NV_769.mp4
train,RLVS,Non-violence,5.000,C:\SIRCH_ENV\datasets\RLVS\Real Life Violence Dataset\NonViolence\NV_77.mp4
train,RLVS,Non-violence,5.000,C:\SIRCH_ENV\datasets\RLVS\Real Life Violence Dataset\NonViolence\NV_770.mp4
train,RLVS,Non-violence,5.000,C:\SIRCH_ENV\datasets\RLVS\Real Life Violence Dataset\NonViolence\NV_771.mp4
train,RLVS,Non-violence,5.000,C:\SIRCH_ENV\datasets\RLVS\Real Life Violence Dataset\NonViolence\NV_772.mp4
train,RLVS,Non-violence,5.000,C:\SIRCH_ENV\datasets\RLVS\Real Life Violence Dataset\NonViolence\NV_773.mp4
train,RLVS,Non-violence,5.000,C:\SIRCH_ENV\datasets\RLVS\Real Life Violence Dataset\NonViolence\NV_775.mp4
train,RLVS,Non-violence,5.000,C:\SIRCH_ENV\datasets\RLVS\Real Life Violence Dataset\NonViolence\NV_776.mp4
train,RLVS,Non-violence,5.000,C:\SIRCH_ENV\datasets\RLVS\Real Life Violence Dataset\NonViolence\NV_778.mp4
train,RLVS,Non-violence,5.000,C:\SIRCH_ENV\datasets\RLVS\Real Life Violence Dataset\NonViolence\NV_779.mp4
train,RLVS,Non-violence,5.000,C:\SIRCH_ENV\datasets\RLVS\Real Life Violence Dataset\NonViolence\NV_78.mp4
train,RLVS,Non-violence,5.000,C:\SIRCH_ENV\datasets\RLVS\Real Life Violence Dataset\NonViolence\NV_780.mp4
train,RLVS,Non-violence,5.000,C:\SIRCH_ENV\datasets\RLVS\Real Life Violence Dataset\NonViolence\NV_781.mp4
train,RLVS,Non-violence,5.000,C:\SIRCH_ENV\datasets\RLVS\Real Life Violence Dataset\NonViolence\NV_782.mp4
train,RLVS,Non-violence,5.000,C:\SIRCH_ENV\datasets\RLVS\Real Life Violence Dataset\NonViolence\NV_785.mp4
train,RLVS,Non-violence,5.000,C:\SIRCH_ENV\datasets\RLVS\Real Life Violence Dataset\NonViolence\NV_786.mp4
train,RLVS,Non-violence,5.000,C:\SIRCH_ENV\datasets\RLVS\Real Life Violence Dataset\NonViolence\NV_788.mp4
train,RLVS,Non-violence,5.000,C:\SIRCH_ENV\datasets\RLVS\Real Life Violence Dataset\NonViolence\NV_789.mp4
train,RLVS,Non-violence,5.000,C:\SIRCH_ENV\datasets\RLVS\Real Life Violence Dataset\NonViolence\NV_79.mp4
train,RLVS,Non-violence,5.000,C:\SIRCH_ENV\datasets\RLVS\Real Life Violence Dataset\NonViolence\NV_791.mp4
train,RLVS,Non-violence,5.000,C:\SIRCH_ENV\datasets\RLVS\Real Life Violence Dataset\NonViolence\NV_792.mp4
train,RLVS,Non-violence,5.000,C:\SIRCH_ENV\datasets\RLVS\Real Life Violence Dataset\NonViolence\NV_793.mp4
train,RLVS,Non-violence,5.000,C:\SIRCH_ENV\datasets\RLVS\Real Life Violence Dataset\NonViolence\NV_795.mp4
train,RLVS,Non-violence,5.000,C:\SIRCH_ENV\datasets\RLVS\Real Life Violence Dataset\NonViolence\NV_796.mp4
train,RLVS,Non-violence,5.000,C:\SIRCH_ENV\datasets\RLVS\Real Life Violence Dataset\NonViolence\NV_797.mp4
train,RLVS,Non-violence,5.000,C:\SIRCH_ENV\datasets\RLVS\Real Life Violence Dataset\NonViolence\NV_798.mp4
train,RLVS,Non-violence,5.000,C:\SIRCH_ENV\datasets\RLVS\Real Life Violence Dataset\NonViolence\NV_799.mp4
train,RLVS,Non-violence,5.120,C:\SIRCH_ENV\datasets\RLVS\Real Life Violence Dataset\NonViolence\NV_8.mp4
train,RLVS,Non-violence,5.000,C:\SIRCH_ENV\datasets\RLVS\Real Life Violence Dataset\NonViolence\NV_80.mp4
train,RLVS,Non-violence,5.000,C:\SIRCH_ENV\datasets\RLVS\Real Life Violence Dataset\NonViolence\NV_800.mp4
train,RLVS,Non-violence,5.000,C:\SIRCH_ENV\datasets\RLVS\Real Life Violence Dataset\NonViolence\NV_801.mp4
train,RLVS,Non-violence,5.000,C:\SIRCH_ENV\datasets\RLVS\Real Life Violence Dataset\NonViolence\NV_802.mp4
train,RLVS,Non-violence,5.000,C:\SIRCH_ENV\datasets\RLVS\Real Life Violence Dataset\NonViolence\NV_803.mp4
train,RLVS,Non-violence,5.000,C:\SIRCH_ENV\datasets\RLVS\Real Life Violence Dataset\NonViolence\NV_804.mp4
train,RLVS,Non-violence,5.000,C:\SIRCH_ENV\datasets\RLVS\Real Life Violence Dataset\NonViolence\NV_807.mp4
train,RLVS,Non-violence,5.000,C:\SIRCH_ENV\datasets\RLVS\Real Life Violence Dataset\NonViolence\NV_808.mp4
train,RLVS,Non-violence,5.000,C:\SIRCH_ENV\datasets\RLVS\Real Life Violence Dataset\NonViolence\NV_809.mp4
train,RLVS,Non-violence,3.800,C:\SIRCH_ENV\datasets\RLVS\Real Life Violence Dataset\NonViolence\NV_81.mp4
train,RLVS,Non-violence,5.000,C:\SIRCH_ENV\datasets\RLVS\Real Life Violence Dataset\NonViolence\NV_810.mp4
train,RLVS,Non-violence,5.000,C:\SIRCH_ENV\datasets\RLVS\Real Life Violence Dataset\NonViolence\NV_811.mp4
train,RLVS,Non-violence,5.000,C:\SIRCH_ENV\datasets\RLVS\Real Life Violence Dataset\NonViolence\NV_812.mp4
train,RLVS,Non-violence,5.000,C:\SIRCH_ENV\datasets\RLVS\Real Life Violence Dataset\NonViolence\NV_813.mp4
train,RLVS,Non-violence,5.000,C:\SIRCH_ENV\datasets\RLVS\Real Life Violence Dataset\NonViolence\NV_814.mp4
train,RLVS,Non-violence,5.000,C:\SIRCH_ENV\datasets\RLVS\Real Life Violence Dataset\NonViolence\NV_815.mp4
train,RLVS,Non-violence,5.000,C:\SIRCH_ENV\datasets\RLVS\Real Life Violence Dataset\NonViolence\NV_817.mp4
train,RLVS,Non-violence,5.000,C:\SIRCH_ENV\datasets\RLVS\Real Life Violence Dataset\NonViolence\NV_819.mp4
train,RLVS,Non-violence,4.120,C:\SIRCH_ENV\datasets\RLVS\Real Life Violence Dataset\NonViolence\NV_82.mp4
train,RLVS,Non-violence,5.000,C:\SIRCH_ENV\datasets\RLVS\Real Life Violence Dataset\NonViolence\NV_820.mp4
train,RLVS,Non-violence,5.000,C:\SIRCH_ENV\datasets\RLVS\Real Life Violence Dataset\NonViolence\NV_821.mp4
train,RLVS,Non-violence,5.000,C:\SIRCH_ENV\datasets\RLVS\Real Life Violence Dataset\NonViolence\NV_822.mp4
train,RLVS,Non-violence,4.805,C:\SIRCH_ENV\datasets\RLVS\Real Life Violence Dataset\NonViolence\NV_823.mp4
train,RLVS,Non-violence,4.905,C:\SIRCH_ENV\datasets\RLVS\Real Life Violence Dataset\NonViolence\NV_824.mp4
train,RLVS,Non-violence,5.480,C:\SIRCH_ENV\datasets\RLVS\Real Life Violence Dataset\NonViolence\NV_826.mp4
train,RLVS,Non-violence,5.400,C:\SIRCH_ENV\datasets\RLVS\Real Life Violence Dataset\NonViolence\NV_827.mp4
train,RLVS,Non-violence,5.520,C:\SIRCH_ENV\datasets\RLVS\Real Life Violence Dataset\NonViolence\NV_828.mp4
train,RLVS,Non-violence,4.520,C:\SIRCH_ENV\datasets\RLVS\Real Life Violence Dataset\NonViolence\NV_829.mp4
train,RLVS,Non-violence,3.800,C:\SIRCH_ENV\datasets\RLVS\Real Life Violence Dataset\NonViolence\NV_83.mp4
train,RLVS,Non-violence,4.520,C:\SIRCH_ENV\datasets\RLVS\Real Life Violence Dataset\NonViolence\NV_830.mp4
train,RLVS,Non-violence,5.360,C:\SIRCH_ENV\datasets\RLVS\Real Life Violence Dataset\NonViolence\NV_832.mp4
train,RLVS,Non-violence,5.360,C:\SIRCH_ENV\datasets\RLVS\Real Life Violence Dataset\NonViolence\NV_833.mp4
train,RLVS,Non-violence,4.920,C:\SIRCH_ENV\datasets\RLVS\Real Life Violence Dataset\NonViolence\NV_834.mp4
train,RLVS,Non-violence,5.560,C:\SIRCH_ENV\datasets\RLVS\Real Life Violence Dataset\NonViolence\NV_835.mp4
train,RLVS,Non-violence,4.360,C:\SIRCH_ENV\datasets\RLVS\Real Life Violence Dataset\NonViolence\NV_838.mp4
train,RLVS,Non-violence,6.480,C:\SIRCH_ENV\datasets\RLVS\Real Life Violence Dataset\NonViolence\NV_839.mp4
train,RLVS,Non-violence,4.000,C:\SIRCH_ENV\datasets\RLVS\Real Life Violence Dataset\NonViolence\NV_84.mp4
train,RLVS,Non-violence,4.520,C:\SIRCH_ENV\datasets\RLVS\Real Life Violence Dataset\NonViolence\NV_840.mp4
train,RLVS,Non-violence,4.520,C:\SIRCH_ENV\datasets\RLVS\Real Life Violence Dataset\NonViolence\NV_841.mp4
train,RLVS,Non-violence,5.480,C:\SIRCH_ENV\datasets\RLVS\Real Life Violence Dataset\NonViolence\NV_842.mp4
train,RLVS,Non-violence,4.600,C:\SIRCH_ENV\datasets\RLVS\Real Life Violence Dataset\NonViolence\NV_843.mp4
train,RLVS,Non-violence,5.480,C:\SIRCH_ENV\datasets\RLVS\Real Life Violence Dataset\NonViolence\NV_844.mp4
train,RLVS,Non-violence,4.520,C:\SIRCH_ENV\datasets\RLVS\Real Life Violence Dataset\NonViolence\NV_845.mp4
train,RLVS,Non-violence,4.200,C:\SIRCH_ENV\datasets\RLVS\Real Life Violence Dataset\NonViolence\NV_846.mp4
train,RLVS,Non-violence,4.520,C:\SIRCH_ENV\datasets\RLVS\Real Life Violence Dataset\NonViolence\NV_847.mp4
train,RLVS,Non-violence,4.120,C:\SIRCH_ENV\datasets\RLVS\Real Life Violence Dataset\NonViolence\NV_848.mp4
train,RLVS,Non-violence,4.400,C:\SIRCH_ENV\datasets\RLVS\Real Life Violence Dataset\NonViolence\NV_849.mp4
train,RLVS,Non-violence,4.960,C:\SIRCH_ENV\datasets\RLVS\Real Life Violence Dataset\NonViolence\NV_850.mp4
train,RLVS,Non-violence,5.280,C:\SIRCH_ENV\datasets\RLVS\Real Life Violence Dataset\NonViolence\NV_851.mp4
train,RLVS,Non-violence,3.480,C:\SIRCH_ENV\datasets\RLVS\Real Life Violence Dataset\NonViolence\NV_853.mp4
train,RLVS,Non-violence,4.520,C:\SIRCH_ENV\datasets\RLVS\Real Life Violence Dataset\NonViolence\NV_854.mp4
train,RLVS,Non-violence,4.280,C:\SIRCH_ENV\datasets\RLVS\Real Life Violence Dataset\NonViolence\NV_857.mp4
train,RLVS,Non-violence,4.920,C:\SIRCH_ENV\datasets\RLVS\Real Life Violence Dataset\NonViolence\NV_858.mp4
train,RLVS,Non-violence,4.304,C:\SIRCH_ENV\datasets\RLVS\Real Life Violence Dataset\NonViolence\NV_86.mp4
train,RLVS,Non-violence,4.960,C:\SIRCH_ENV\datasets\RLVS\Real Life Violence Dataset\NonViolence\NV_862.mp4
train,RLVS,Non-violence,5.000,C:\SIRCH_ENV\datasets\RLVS\Real Life Violence Dataset\NonViolence\NV_863.avi
train,RLVS,Non-violence,5.000,C:\SIRCH_ENV\datasets\RLVS\Real Life Violence Dataset\NonViolence\NV_864.avi
train,RLVS,Non-violence,5.000,C:\SIRCH_ENV\datasets\RLVS\Real Life Violence Dataset\NonViolence\NV_865.avi
train,RLVS,Non-violence,5.000,C:\SIRCH_ENV\datasets\RLVS\Real Life Violence Dataset\NonViolence\NV_867.avi
train,RLVS,Non-violence,5.000,C:\SIRCH_ENV\datasets\RLVS\Real Life Violence Dataset\NonViolence\NV_868.avi
train,RLVS,Non-violence,5.000,C:\SIRCH_ENV\datasets\RLVS\Real Life Violence Dataset\NonViolence\NV_869.avi
train,RLVS,Non-violence,4.204,C:\SIRCH_ENV\datasets\RLVS\Real Life Violence Dataset\NonViolence\NV_87.mp4
train,RLVS,Non-violence,5.000,C:\SIRCH_ENV\datasets\RLVS\Real Life Violence Dataset\NonViolence\NV_871.avi
train,RLVS,Non-violence,5.000,C:\SIRCH_ENV\datasets\RLVS\Real Life Violence Dataset\NonViolence\NV_873.avi
train,RLVS,Non-violence,5.000,C:\SIRCH_ENV\datasets\RLVS\Real Life Violence Dataset\NonViolence\NV_875.avi
train,RLVS,Non-violence,5.000,C:\SIRCH_ENV\datasets\RLVS\Real Life Violence Dataset\NonViolence\NV_876.avi
train,RLVS,Non-violence,5.000,C:\SIRCH_ENV\datasets\RLVS\Real Life Violence Dataset\NonViolence\NV_877.avi
train,RLVS,Non-violence,5.000,C:\SIRCH_ENV\datasets\RLVS\Real Life Violence Dataset\NonViolence\NV_878.avi
train,RLVS,Non-violence,5.000,C:\SIRCH_ENV\datasets\RLVS\Real Life Violence Dataset\NonViolence\NV_879.avi
train,RLVS,Non-violence,4.505,C:\SIRCH_ENV\datasets\RLVS\Real Life Violence Dataset\NonViolence\NV_88.mp4
train,RLVS,Non-violence,5.000,C:\SIRCH_ENV\datasets\RLVS\Real Life Violence Dataset\NonViolence\NV_880.avi
train,RLVS,Non-violence,5.000,C:\SIRCH_ENV\datasets\RLVS\Real Life Violence Dataset\NonViolence\NV_881.avi
train,RLVS,Non-violence,5.000,C:\SIRCH_ENV\datasets\RLVS\Real Life Violence Dataset\NonViolence\NV_882.avi
train,RLVS,Non-violence,5.000,C:\SIRCH_ENV\datasets\RLVS\Real Life Violence Dataset\NonViolence\NV_883.avi
train,RLVS,Non-violence,5.000,C:\SIRCH_ENV\datasets\RLVS\Real Life Violence Dataset\NonViolence\NV_884.avi
train,RLVS,Non-violence,5.000,C:\SIRCH_ENV\datasets\RLVS\Real Life Violence Dataset\NonViolence\NV_886.avi
train,RLVS,Non-violence,5.000,C:\SIRCH_ENV\datasets\RLVS\Real Life Violence Dataset\NonViolence\NV_887.avi
train,RLVS,Non-violence,5.000,C:\SIRCH_ENV\datasets\RLVS\Real Life Violence Dataset\NonViolence\NV_889.avi
train,RLVS,Non-violence,4.605,C:\SIRCH_ENV\datasets\RLVS\Real Life Violence Dataset\NonViolence\NV_89.mp4
train,RLVS,Non-violence,5.000,C:\SIRCH_ENV\datasets\RLVS\Real Life Violence Dataset\NonViolence\NV_891.avi
train,RLVS,Non-violence,5.000,C:\SIRCH_ENV\datasets\RLVS\Real Life Violence Dataset\NonViolence\NV_892.avi
train,RLVS,Non-violence,5.000,C:\SIRCH_ENV\datasets\RLVS\Real Life Violence Dataset\NonViolence\NV_893.avi
train,RLVS,Non-violence,5.000,C:\SIRCH_ENV\datasets\RLVS\Real Life Violence Dataset\NonViolence\NV_894.avi
train,RLVS,Non-violence,5.000,C:\SIRCH_ENV\datasets\RLVS\Real Life Violence Dataset\NonViolence\NV_895.avi
train,RLVS,Non-violence,5.000,C:\SIRCH_ENV\datasets\RLVS\Real Life Violence Dataset\NonViolence\NV_896.avi
train,RLVS,Non-violence,5.000,C:\SIRCH_ENV\datasets\RLVS\Real Life Violence Dataset\NonViolence\NV_898.avi
train,RLVS,Non-violence,5.000,C:\SIRCH_ENV\datasets\RLVS\Real Life Violence Dataset\NonViolence\NV_899.avi
train,RLVS,Non-violence,4.920,C:\SIRCH_ENV\datasets\RLVS\Real Life Violence Dataset\NonViolence\NV_9.mp4
train,RLVS,Non-violence,4.605,C:\SIRCH_ENV\datasets\RLVS\Real Life Violence Dataset\NonViolence\NV_90.mp4
train,RLVS,Non-violence,5.000,C:\SIRCH_ENV\datasets\RLVS\Real Life Violence Dataset\NonViolence\NV_900.avi
train,RLVS,Non-violence,5.000,C:\SIRCH_ENV\datasets\RLVS\Real Life Violence Dataset\NonViolence\NV_901.avi
train,RLVS,Non-violence,5.000,C:\SIRCH_ENV\datasets\RLVS\Real Life Violence Dataset\NonViolence\NV_903.avi
train,RLVS,Non-violence,5.000,C:\SIRCH_ENV\datasets\RLVS\Real Life Violence Dataset\NonViolence\NV_904.avi
train,RLVS,Non-violence,5.000,C:\SIRCH_ENV\datasets\RLVS\Real Life Violence Dataset\NonViolence\NV_905.avi
train,RLVS,Non-violence,5.000,C:\SIRCH_ENV\datasets\RLVS\Real Life Violence Dataset\NonViolence\NV_906.avi
train,RLVS,Non-violence,5.000,C:\SIRCH_ENV\datasets\RLVS\Real Life Violence Dataset\NonViolence\NV_908.avi
train,RLVS,Non-violence,5.000,C:\SIRCH_ENV\datasets\RLVS\Real Life Violence Dataset\NonViolence\NV_910.avi
train,RLVS,Non-violence,5.000,C:\SIRCH_ENV\datasets\RLVS\Real Life Violence Dataset\NonViolence\NV_911.mp4
train,RLVS,Non-violence,5.000,C:\SIRCH_ENV\datasets\RLVS\Real Life Violence Dataset\NonViolence\NV_912.mp4
train,RLVS,Non-violence,5.000,C:\SIRCH_ENV\datasets\RLVS\Real Life Violence Dataset\NonViolence\NV_913.mp4
train,RLVS,Non-violence,5.000,C:\SIRCH_ENV\datasets\RLVS\Real Life Violence Dataset\NonViolence\NV_914.mp4
train,RLVS,Non-violence,5.000,C:\SIRCH_ENV\datasets\RLVS\Real Life Violence Dataset\NonViolence\NV_915.mp4
train,RLVS,Non-violence,5.000,C:\SIRCH_ENV\datasets\RLVS\Real Life Violence Dataset\NonViolence\NV_916.mp4
train,RLVS,Non-violence,5.000,C:\SIRCH_ENV\datasets\RLVS\Real Life Violence Dataset\NonViolence\NV_917.mp4
train,RLVS,Non-violence,5.320,C:\SIRCH_ENV\datasets\RLVS\Real Life Violence Dataset\NonViolence\NV_92.mp4
train,RLVS,Non-violence,5.000,C:\SIRCH_ENV\datasets\RLVS\Real Life Violence Dataset\NonViolence\NV_920.mp4
train,RLVS,Non-violence,5.000,C:\SIRCH_ENV\datasets\RLVS\Real Life Violence Dataset\NonViolence\NV_922.mp4
train,RLVS,Non-violence,5.000,C:\SIRCH_ENV\datasets\RLVS\Real Life Violence Dataset\NonViolence\NV_923.mp4
train,RLVS,Non-violence,5.000,C:\SIRCH_ENV\datasets\RLVS\Real Life Violence Dataset\NonViolence\NV_924.mp4
train,RLVS,Non-violence,5.000,C:\SIRCH_ENV\datasets\RLVS\Real Life Violence Dataset\NonViolence\NV_925.mp4
train,RLVS,Non-violence,5.000,C:\SIRCH_ENV\datasets\RLVS\Real Life Violence Dataset\NonViolence\NV_926.mp4
train,RLVS,Non-violence,5.000,C:\SIRCH_ENV\datasets\RLVS\Real Life Violence Dataset\NonViolence\NV_927.mp4
train,RLVS,Non-violence,5.000,C:\SIRCH_ENV\datasets\RLVS\Real Life Violence Dataset\NonViolence\NV_928.mp4
train,RLVS,Non-violence,5.000,C:\SIRCH_ENV\datasets\RLVS\Real Life Violence Dataset\NonViolence\NV_929.mp4
train,RLVS,Non-violence,4.320,C:\SIRCH_ENV\datasets\RLVS\Real Life Violence Dataset\NonViolence\NV_93.mp4
train,RLVS,Non-violence,5.000,C:\SIRCH_ENV\datasets\RLVS\Real Life Violence Dataset\NonViolence\NV_930.mp4
train,RLVS,Non-violence,5.000,C:\SIRCH_ENV\datasets\RLVS\Real Life Violence Dataset\NonViolence\NV_931.mp4
train,RLVS,Non-violence,5.000,C:\SIRCH_ENV\datasets\RLVS\Real Life Violence Dataset\NonViolence\NV_932.mp4
train,RLVS,Non-violence,5.000,C:\SIRCH_ENV\datasets\RLVS\Real Life Violence Dataset\NonViolence\NV_933.mp4
train,RLVS,Non-violence,5.000,C:\SIRCH_ENV\datasets\RLVS\Real Life Violence Dataset\NonViolence\NV_935.mp4
train,RLVS,Non-violence,5.000,C:\SIRCH_ENV\datasets\RLVS\Real Life Violence Dataset\NonViolence\NV_936.mp4
train,RLVS,Non-violence,5.000,C:\SIRCH_ENV\datasets\RLVS\Real Life Violence Dataset\NonViolence\NV_939.mp4
train,RLVS,Non-violence,4.000,C:\SIRCH_ENV\datasets\RLVS\Real Life Violence Dataset\NonViolence\NV_94.mp4
train,RLVS,Non-violence,1.000,C:\SIRCH_ENV\datasets\RLVS\Real Life Violence Dataset\NonViolence\NV_940.mp4
train,RLVS,Non-violence,5.000,C:\SIRCH_ENV\datasets\RLVS\Real Life Violence Dataset\NonViolence\NV_944.mp4
train,RLVS,Non-violence,5.000,C:\SIRCH_ENV\datasets\RLVS\Real Life Violence Dataset\NonViolence\NV_945.mp4
train,RLVS,Non-violence,5.000,C:\SIRCH_ENV\datasets\RLVS\Real Life Violence Dataset\NonViolence\NV_946.mp4
train,RLVS,Non-violence,5.000,C:\SIRCH_ENV\datasets\RLVS\Real Life Violence Dataset\NonViolence\NV_947.mp4
train,RLVS,Non-violence,5.000,C:\SIRCH_ENV\datasets\RLVS\Real Life Violence Dataset\NonViolence\NV_948.mp4
train,RLVS,Non-violence,5.000,C:\SIRCH_ENV\datasets\RLVS\Real Life Violence Dataset\NonViolence\NV_949.mp4
train,RLVS,Non-violence,4.800,C:\SIRCH_ENV\datasets\RLVS\Real Life Violence Dataset\NonViolence\NV_95.mp4
train,RLVS,Non-violence,5.000,C:\SIRCH_ENV\datasets\RLVS\Real Life Violence Dataset\NonViolence\NV_951.mp4
train,RLVS,Non-violence,5.000,C:\SIRCH_ENV\datasets\RLVS\Real Life Violence Dataset\NonViolence\NV_953.mp4
train,RLVS,Non-violence,5.000,C:\SIRCH_ENV\datasets\RLVS\Real Life Violence Dataset\NonViolence\NV_955.mp4
train,RLVS,Non-violence,5.000,C:\SIRCH_ENV\datasets\RLVS\Real Life Violence Dataset\NonViolence\NV_956.mp4
train,RLVS,Non-violence,5.000,C:\SIRCH_ENV\datasets\RLVS\Real Life Violence Dataset\NonViolence\NV_957.mp4
train,RLVS,Non-violence,5.000,C:\SIRCH_ENV\datasets\RLVS\Real Life Violence Dataset\NonViolence\NV_959.mp4
train,RLVS,Non-violence,5.706,C:\SIRCH_ENV\datasets\RLVS\Real Life Violence Dataset\NonViolence\NV_96.mp4
train,RLVS,Non-violence,5.000,C:\SIRCH_ENV\datasets\RLVS\Real Life Violence Dataset\NonViolence\NV_960.mp4
train,RLVS,Non-violence,5.000,C:\SIRCH_ENV\datasets\RLVS\Real Life Violence Dataset\NonViolence\NV_962.mp4
train,RLVS,Non-violence,5.000,C:\SIRCH_ENV\datasets\RLVS\Real Life Violence Dataset\NonViolence\NV_963.mp4
train,RLVS,Non-violence,5.000,C:\SIRCH_ENV\datasets\RLVS\Real Life Violence Dataset\NonViolence\NV_964.mp4
train,RLVS,Non-violence,5.000,C:\SIRCH_ENV\datasets\RLVS\Real Life Violence Dataset\NonViolence\NV_965.mp4
train,RLVS,Non-violence,5.000,C:\SIRCH_ENV\datasets\RLVS\Real Life Violence Dataset\NonViolence\NV_969.mp4
train,RLVS,Non-violence,3.520,C:\SIRCH_ENV\datasets\RLVS\Real Life Violence Dataset\NonViolence\NV_97.mp4
train,RLVS,Non-violence,5.000,C:\SIRCH_ENV\datasets\RLVS\Real Life Violence Dataset\NonViolence\NV_970.mp4
train,RLVS,Non-violence,5.000,C:\SIRCH_ENV\datasets\RLVS\Real Life Violence Dataset\NonViolence\NV_971.mp4
train,RLVS,Non-violence,5.000,C:\SIRCH_ENV\datasets\RLVS\Real Life Violence Dataset\NonViolence\NV_972.mp4
train,RLVS,Non-violence,5.000,C:\SIRCH_ENV\datasets\RLVS\Real Life Violence Dataset\NonViolence\NV_973.mp4
train,RLVS,Non-violence,5.000,C:\SIRCH_ENV\datasets\RLVS\Real Life Violence Dataset\NonViolence\NV_977.mp4
train,RLVS,Non-violence,5.000,C:\SIRCH_ENV\datasets\RLVS\Real Life Violence Dataset\NonViolence\NV_978.mp4
train,RLVS,Non-violence,5.000,C:\SIRCH_ENV\datasets\RLVS\Real Life Violence Dataset\NonViolence\NV_979.mp4
train,RLVS,Non-violence,3.800,C:\SIRCH_ENV\datasets\RLVS\Real Life Violence Dataset\NonViolence\NV_98.mp4
train,RLVS,Non-violence,5.000,C:\SIRCH_ENV\datasets\RLVS\Real Life Violence Dataset\NonViolence\NV_980.mp4
train,RLVS,Non-violence,5.000,C:\SIRCH_ENV\datasets\RLVS\Real Life Violence Dataset\NonViolence\NV_983.mp4
train,RLVS,Non-violence,5.000,C:\SIRCH_ENV\datasets\RLVS\Real Life Violence Dataset\NonViolence\NV_984.mp4
train,RLVS,Non-violence,5.000,C:\SIRCH_ENV\datasets\RLVS\Real Life Violence Dataset\NonViolence\NV_985.mp4
train,RLVS,Non-violence,5.000,C:\SIRCH_ENV\datasets\RLVS\Real Life Violence Dataset\NonViolence\NV_987.mp4
train,RLVS,Non-violence,5.000,C:\SIRCH_ENV\datasets\RLVS\Real Life Violence Dataset\NonViolence\NV_988.mp4
train,RLVS,Non-violence,6.089,C:\SIRCH_ENV\datasets\RLVS\Real Life Violence Dataset\NonViolence\NV_989.mp4
train,RLVS,Non-violence,5.422,C:\SIRCH_ENV\datasets\RLVS\Real Life Violence Dataset\NonViolence\NV_990.mp4
train,RLVS,Non-violence,179.900,C:\SIRCH_ENV\datasets\RLVS\Real Life Violence Dataset\NonViolence\NV_992.mp4
train,RLVS,Non-violence,4.500,C:\SIRCH_ENV\datasets\RLVS\Real Life Violence Dataset\NonViolence\NV_993.mp4
train,RLVS,Non-violence,4.000,C:\SIRCH_ENV\datasets\RLVS\Real Life Violence Dataset\NonViolence\NV_994.mp4
train,RLVS,Non-violence,6.340,C:\SIRCH_ENV\datasets\RLVS\Real Life Violence Dataset\NonViolence\NV_997.mp4
train,RLVS,Non-violence,6.423,C:\SIRCH_ENV\datasets\RLVS\Real Life Violence Dataset\NonViolence\NV_998.mp4
train,RLVS,Non-violence,7.007,C:\SIRCH_ENV\datasets\RLVS\Real Life Violence Dataset\NonViolence\NV_999.mp4
train,RLVS,Violence,6.681,C:\SIRCH_ENV\datasets\RLVS\Real Life Violence Dataset\Violence\V_1.mp4
train,RLVS,Violence,5.268,C:\SIRCH_ENV\datasets\RLVS\Real Life Violence Dataset\Violence\V_10.mp4
train,RLVS,Violence,5.000,C:\SIRCH_ENV\datasets\RLVS\Real Life Violence Dataset\Violence\V_1000.mp4
train,RLVS,Violence,3.604,C:\SIRCH_ENV\datasets\RLVS\Real Life Violence Dataset\Violence\V_101.mp4
train,RLVS,Violence,5.105,C:\SIRCH_ENV\datasets\RLVS\Real Life Violence Dataset\Violence\V_102.mp4
train,RLVS,Violence,5.005,C:\SIRCH_ENV\datasets\RLVS\Real Life Violence Dataset\Violence\V_103.mp4
train,RLVS,Violence,5.005,C:\SIRCH_ENV\datasets\RLVS\Real Life Violence Dataset\Violence\V_104.mp4
train,RLVS,Violence,5.105,C:\SIRCH_ENV\datasets\RLVS\Real Life Violence Dataset\Violence\V_105.mp4
train,RLVS,Violence,5.005,C:\SIRCH_ENV\datasets\RLVS\Real Life Violence Dataset\Violence\V_106.mp4
train,RLVS,Violence,4.004,C:\SIRCH_ENV\datasets\RLVS\Real Life Violence Dataset\Violence\V_108.mp4
train,RLVS,Violence,7.407,C:\SIRCH_ENV\datasets\RLVS\Real Life Violence Dataset\Violence\V_11.mp4
train,RLVS,Violence,5.005,C:\SIRCH_ENV\datasets\RLVS\Real Life Violence Dataset\Violence\V_110.mp4
train,RLVS,Violence,4.705,C:\SIRCH_ENV\datasets\RLVS\Real Life Violence Dataset\Violence\V_111.mp4
train,RLVS,Violence,5.005,C:\SIRCH_ENV\datasets\RLVS\Real Life Violence Dataset\Violence\V_115.mp4
train,RLVS,Violence,5.105,C:\SIRCH_ENV\datasets\RLVS\Real Life Violence Dataset\Violence\V_116.mp4
train,RLVS,Violence,4.905,C:\SIRCH_ENV\datasets\RLVS\Real Life Violence Dataset\Violence\V_117.mp4
train,RLVS,Violence,5.105,C:\SIRCH_ENV\datasets\RLVS\Real Life Violence Dataset\Violence\V_119.mp4
train,RLVS,Violence,4.605,C:\SIRCH_ENV\datasets\RLVS\Real Life Violence Dataset\Violence\V_12.mp4
train,RLVS,Violence,5.005,C:\SIRCH_ENV\datasets\RLVS\Real Life Violence Dataset\Violence\V_121.mp4
train,RLVS,Violence,5.005,C:\SIRCH_ENV\datasets\RLVS\Real Life Violence Dataset\Violence\V_122.mp4
train,RLVS,Violence,5.900,C:\SIRCH_ENV\datasets\RLVS\Real Life Violence Dataset\Violence\V_124.mp4
train,RLVS,Violence,5.900,C:\SIRCH_ENV\datasets\RLVS\Real Life Violence Dataset\Violence\V_125.mp4
train,RLVS,Violence,5.900,C:\SIRCH_ENV\datasets\RLVS\Real Life Violence Dataset\Violence\V_126.mp4
train,RLVS,Violence,5.900,C:\SIRCH_ENV\datasets\RLVS\Real Life Violence Dataset\Violence\V_128.mp4
train,RLVS,Violence,5.900,C:\SIRCH_ENV\datasets\RLVS\Real Life Violence Dataset\Violence\V_129.mp4
train,RLVS,Violence,5.305,C:\SIRCH_ENV\datasets\RLVS\Real Life Violence Dataset\Violence\V_13.mp4
train,RLVS,Violence,5.900,C:\SIRCH_ENV\datasets\RLVS\Real Life Violence Dataset\Violence\V_130.mp4
train,RLVS,Violence,5.900,C:\SIRCH_ENV\datasets\RLVS\Real Life Violence Dataset\Violence\V_132.mp4
train,RLVS,Violence,5.900,C:\SIRCH_ENV\datasets\RLVS\Real Life Violence Dataset\Violence\V_133.mp4
train,RLVS,Violence,5.900,C:\SIRCH_ENV\datasets\RLVS\Real Life Violence Dataset\Violence\V_134.mp4
train,RLVS,Violence,5.900,C:\SIRCH_ENV\datasets\RLVS\Real Life Violence Dataset\Violence\V_138.mp4
train,RLVS,Violence,6.006,C:\SIRCH_ENV\datasets\RLVS\Real Life Violence Dataset\Violence\V_14.mp4
train,RLVS,Violence,6.000,C:\SIRCH_ENV\datasets\RLVS\Real Life Violence Dataset\Violence\V_140.mp4
train,RLVS,Violence,5.900,C:\SIRCH_ENV\datasets\RLVS\Real Life Violence Dataset\Violence\V_141.mp4
train,RLVS,Violence,5.900,C:\SIRCH_ENV\datasets\RLVS\Real Life Violence Dataset\Violence\V_142.mp4
train,RLVS,Violence,5.900,C:\SIRCH_ENV\datasets\RLVS\Real Life Violence Dataset\Violence\V_143.mp4
train,RLVS,Violence,5.900,C:\SIRCH_ENV\datasets\RLVS\Real Life Violence Dataset\Violence\V_146.mp4
train,RLVS,Violence,6.000,C:\SIRCH_ENV\datasets\RLVS\Real Life Violence Dataset\Violence\V_147.mp4
train,RLVS,Violence,5.900,C:\SIRCH_ENV\datasets\RLVS\Real Life Violence Dataset\Violence\V_148.mp4
train,RLVS,Violence,5.900,C:\SIRCH_ENV\datasets\RLVS\Real Life Violence Dataset\Violence\V_149.mp4
train,RLVS,Violence,3.604,C:\SIRCH_ENV\datasets\RLVS\Real Life Violence Dataset\Violence\V_15.mp4
train,RLVS,Violence,5.900,C:\SIRCH_ENV\datasets\RLVS\Real Life Violence Dataset\Violence\V_150.mp4
train,RLVS,Violence,5.900,C:\SIRCH_ENV\datasets\RLVS\Real Life Violence Dataset\Violence\V_152.mp4
train,RLVS,Violence,5.900,C:\SIRCH_ENV\datasets\RLVS\Real Life Violence Dataset\Violence\V_153.mp4
train,RLVS,Violence,5.900,C:\SIRCH_ENV\datasets\RLVS\Real Life Violence Dataset\Violence\V_155.mp4
train,RLVS,Violence,4.900,C:\SIRCH_ENV\datasets\RLVS\Real Life Violence Dataset\Violence\V_156.mp4
train,RLVS,Violence,4.500,C:\SIRCH_ENV\datasets\RLVS\Real Life Violence Dataset\Violence\V_157.mp4
train,RLVS,Violence,3.800,C:\SIRCH_ENV\datasets\RLVS\Real Life Violence Dataset\Violence\V_159.mp4
train,RLVS,Violence,5.300,C:\SIRCH_ENV\datasets\RLVS\Real Life Violence Dataset\Violence\V_160.mp4
train,RLVS,Violence,5.100,C:\SIRCH_ENV\datasets\RLVS\Real Life Violence Dataset\Violence\V_161.mp4
train,RLVS,Violence,4.900,C:\SIRCH_ENV\datasets\RLVS\Real Life Violence Dataset\Violence\V_163.mp4
train,RLVS,Violence,5.300,C:\SIRCH_ENV\datasets\RLVS\Real Life Violence Dataset\Violence\V_164.mp4
train,RLVS,Violence,5.000,C:\SIRCH_ENV\datasets\RLVS\Real Life Violence Dataset\Violence\V_165.mp4
train,RLVS,Violence,6.200,C:\SIRCH_ENV\datasets\RLVS\Real Life Violence Dataset\Violence\V_166.mp4
train,RLVS,Violence,4.200,C:\SIRCH_ENV\datasets\RLVS\Real Life Violence Dataset\Violence\V_167.mp4
train,RLVS,Violence,4.400,C:\SIRCH_ENV\datasets\RLVS\Real Life Violence Dataset\Violence\V_168.mp4
train,RLVS,Violence,4.900,C:\SIRCH_ENV\datasets\RLVS\Real Life Violence Dataset\Violence\V_169.mp4
train,RLVS,Violence,6.406,C:\SIRCH_ENV\datasets\RLVS\Real Life Violence Dataset\Violence\V_17.mp4
train,RLVS,Violence,4.100,C:\SIRCH_ENV\datasets\RLVS\Real Life Violence Dataset\Violence\V_175.mp4
train,RLVS,Violence,4.800,C:\SIRCH_ENV\datasets\RLVS\Real Life Violence Dataset\Violence\V_178.mp4
train,RLVS,Violence,4.700,C:\SIRCH_ENV\datasets\RLVS\Real Life Violence Dataset\Violence\V_179.mp4
train,RLVS,Violence,4.304,C:\SIRCH_ENV\datasets\RLVS\Real Life Violence Dataset\Violence\V_18.mp4
train,RLVS,Violence,3.700,C:\SIRCH_ENV\datasets\RLVS\Real Life Violence Dataset\Violence\V_181.mp4
train,RLVS,Violence,3.700,C:\SIRCH_ENV\datasets\RLVS\Real Life Violence Dataset\Violence\V_182.mp4
train,RLVS,Violence,5.606,C:\SIRCH_ENV\datasets\RLVS\Real Life Violence Dataset\Violence\V_183.mp4
train,RLVS,Violence,5.005,C:\SIRCH_ENV\datasets\RLVS\Real Life Violence Dataset\Violence\V_186.mp4
train,RLVS,Violence,5.606,C:\SIRCH_ENV\datasets\RLVS\Real Life Violence Dataset\Violence\V_188.mp4
train,RLVS,Violence,5.606,C:\SIRCH_ENV\datasets\RLVS\Real Life Violence Dataset\Violence\V_189.mp4
train,RLVS,Violence,6.206,C:\SIRCH_ENV\datasets\RLVS\Real Life Violence Dataset\Violence\V_190.mp4
train,RLVS,Violence,5.606,C:\SIRCH_ENV\datasets\RLVS\Real Life Violence Dataset\Violence\V_193.mp4
train,RLVS,Violence,4.605,C:\SIRCH_ENV\datasets\RLVS\Real Life Violence Dataset\Violence\V_194.mp4
train,RLVS,Violence,4.805,C:\SIRCH_ENV\datasets\RLVS\Real Life Violence Dataset\Violence\V_195.mp4
train,RLVS,Violence,4.605,C:\SIRCH_ENV\datasets\RLVS\Real Life Violence Dataset\Violence\V_196.mp4
train,RLVS,Violence,5.606,C:\SIRCH_ENV\datasets\RLVS\Real Life Violence Dataset\Violence\V_198.mp4
train,RLVS,Violence,4.705,C:\SIRCH_ENV\datasets\RLVS\Real Life Violence Dataset\Violence\V_199.mp4
train,RLVS,Violence,4.905,C:\SIRCH_ENV\datasets\RLVS\Real Life Violence Dataset\Violence\V_20.mp4
train,RLVS,Violence,5.606,C:\SIRCH_ENV\datasets\RLVS\Real Life Violence Dataset\Violence\V_200.mp4
train,RLVS,Violence,5.606,C:\SIRCH_ENV\datasets\RLVS\Real Life Violence Dataset\Violence\V_201.mp4
train,RLVS,Violence,5.606,C:\SIRCH_ENV\datasets\RLVS\Real Life Violence Dataset\Violence\V_202.mp4
train,RLVS,Violence,5.200,C:\SIRCH_ENV\datasets\RLVS\Real Life Violence Dataset\Violence\V_204.mp4
train,RLVS,Violence,5.200,C:\SIRCH_ENV\datasets\RLVS\Real Life Violence Dataset\Violence\V_205.mp4
train,RLVS,Violence,5.600,C:\SIRCH_ENV\datasets\RLVS\Real Life Violence Dataset\Violence\V_206.mp4
train,RLVS,Violence,5.200,C:\SIRCH_ENV\datasets\RLVS\Real Life Violence Dataset\Violence\V_207.mp4
train,RLVS,Violence,5.200,C:\SIRCH_ENV\datasets\RLVS\Real Life Violence Dataset\Violence\V_208.mp4
train,RLVS,Violence,6.006,C:\SIRCH_ENV\datasets\RLVS\Real Life Violence Dataset\Violence\V_21.mp4
train,RLVS,Violence,5.500,C:\SIRCH_ENV\datasets\RLVS\Real Life Violence Dataset\Violence\V_210.mp4
train,RLVS,Violence,5.200,C:\SIRCH_ENV\datasets\RLVS\Real Life Violence Dataset\Violence\V_211.mp4
train,RLVS,Violence,5.200,C:\SIRCH_ENV\datasets\RLVS\Real Life Violence Dataset\Violence\V_212.mp4
train,RLVS,Violence,4.000,C:\SIRCH_ENV\datasets\RLVS\Real Life Violence Dataset\Violence\V_213.mp4
train,RLVS,Violence,5.200,C:\SIRCH_ENV\datasets\RLVS\Real Life Violence Dataset\Violence\V_214.mp4
train,RLVS,Violence,5.200,C:\SIRCH_ENV\datasets\RLVS\Real Life Violence Dataset\Violence\V_215.mp4
train,RLVS,Violence,5.200,C:\SIRCH_ENV\datasets\RLVS\Real Life Violence Dataset\Violence\V_217.mp4
train,RLVS,Violence,5.200,C:\SIRCH_ENV\datasets\RLVS\Real Life Violence Dataset\Violence\V_218.mp4
train,RLVS,Violence,5.305,C:\SIRCH_ENV\datasets\RLVS\Real Life Violence Dataset\Violence\V_22.mp4
train,RLVS,Violence,5.400,C:\SIRCH_ENV\datasets\RLVS\Real Life Violence Dataset\Violence\V_220.mp4
train,RLVS,Violence,5.400,C:\SIRCH_ENV\datasets\RLVS\Real Life Violence Dataset\Violence\V_221.mp4
train,RLVS,Violence,5.100,C:\SIRCH_ENV\datasets\RLVS\Real Life Violence Dataset\Violence\V_222.mp4
train,RLVS,Violence,5.200,C:\SIRCH_ENV\datasets\RLVS\Real Life Violence Dataset\Violence\V_223.mp4
train,RLVS,Violence,5.500,C:\SIRCH_ENV\datasets\RLVS\Real Life Violence Dataset\Violence\V_225.mp4
train,RLVS,Violence,5.200,C:\SIRCH_ENV\datasets\RLVS\Real Life Violence Dataset\Violence\V_227.mp4
train,RLVS,Violence,5.100,C:\SIRCH_ENV\datasets\RLVS\Real Life Violence Dataset\Violence\V_228.mp4
train,RLVS,Violence,4.204,C:\SIRCH_ENV\datasets\RLVS\Real Life Violence Dataset\Violence\V_23.mp4
train,RLVS,Violence,5.100,C:\SIRCH_ENV\datasets\RLVS\Real Life Violence Dataset\Violence\V_230.mp4
train,RLVS,Violence,5.100,C:\SIRCH_ENV\datasets\RLVS\Real Life Violence Dataset\Violence\V_231.mp4
train,RLVS,Violence,5.100,C:\SIRCH_ENV\datasets\RLVS\Real Life Violence Dataset\Violence\V_233.mp4
train,RLVS,Violence,5.200,C:\SIRCH_ENV\datasets\RLVS\Real Life Violence Dataset\Violence\V_234.mp4
train,RLVS,Violence,5.200,C:\SIRCH_ENV\datasets\RLVS\Real Life Violence Dataset\Violence\V_236.mp4
train,RLVS,Violence,5.200,C:\SIRCH_ENV\datasets\RLVS\Real Life Violence Dataset\Violence\V_238.mp4
train,RLVS,Violence,5.200,C:\SIRCH_ENV\datasets\RLVS\Real Life Violence Dataset\Violence\V_239.mp4
train,RLVS,Violence,5.200,C:\SIRCH_ENV\datasets\RLVS\Real Life Violence Dataset\Violence\V_240.mp4
train,RLVS,Violence,4.800,C:\SIRCH_ENV\datasets\RLVS\Real Life Violence Dataset\Violence\V_241.mp4
train,RLVS,Violence,3.600,C:\SIRCH_ENV\datasets\RLVS\Real Life Violence Dataset\Violence\V_242.mp4
train,RLVS,Violence,3.500,C:\SIRCH_ENV\datasets\RLVS\Real Life Violence Dataset\Violence\V_243.mp4
train,RLVS,Violence,3.600,C:\SIRCH_ENV\datasets\RLVS\Real Life Violence Dataset\Violence\V_244.mp4
train,RLVS,Violence,3.500,C:\SIRCH_ENV\datasets\RLVS\Real Life Violence Dataset\Violence\V_245.mp4
train,RLVS,Violence,3.500,C:\SIRCH_ENV\datasets\RLVS\Real Life Violence Dataset\Violence\V_246.mp4
train,RLVS,Violence,4.300,C:\SIRCH_ENV\datasets\RLVS\Real Life Violence Dataset\Violence\V_247.mp4
train,RLVS,Violence,3.600,C:\SIRCH_ENV\datasets\RLVS\Real Life Violence Dataset\Violence\V_249.mp4
train,RLVS,Violence,3.600,C:\SIRCH_ENV\datasets\RLVS\Real Life Violence Dataset\Violence\V_250.mp4
train,RLVS,Violence,4.600,C:\SIRCH_ENV\datasets\RLVS\Real Life Violence Dataset\Violence\V_252.mp4
train,RLVS,Violence,5.400,C:\SIRCH_ENV\datasets\RLVS\Real Life Violence Dataset\Violence\V_253.mp4
train,RLVS,Violence,5.400,C:\SIRCH_ENV\datasets\RLVS\Real Life Violence Dataset\Violence\V_254.mp4
train,RLVS,Violence,5.200,C:\SIRCH_ENV\datasets\RLVS\Real Life Violence Dataset\Violence\V_255.mp4
train,RLVS,Violence,5.000,C:\SIRCH_ENV\datasets\RLVS\Real Life Violence Dataset\Violence\V_256.mp4
train,RLVS,Violence,5.000,C:\SIRCH_ENV\datasets\RLVS\Real Life Violence Dataset\Violence\V_257.mp4
train,RLVS,Violence,4.600,C:\SIRCH_ENV\datasets\RLVS\Real Life Violence Dataset\Violence\V_259.mp4
train,RLVS,Violence,4.900,C:\SIRCH_ENV\datasets\RLVS\Real Life Violence Dataset\Violence\V_261.mp4
train,RLVS,Violence,3.900,C:\SIRCH_ENV\datasets\RLVS\Real Life Violence Dataset\Violence\V_262.mp4
train,RLVS,Violence,4.900,C:\SIRCH_ENV\datasets\RLVS\Real Life Violence Dataset\Violence\V_263.mp4
train,RLVS,Violence,5.300,C:\SIRCH_ENV\datasets\RLVS\Real Life Violence Dataset\Violence\V_264.mp4
train,RLVS,Violence,5.200,C:\SIRCH_ENV\datasets\RLVS\Real Life Violence Dataset\Violence\V_266.mp4
train,RLVS,Violence,4.900,C:\SIRCH_ENV\datasets\RLVS\Real Life Violence Dataset\Violence\V_269.mp4
train,RLVS,Violence,5.606,C:\SIRCH_ENV\datasets\RLVS\Real Life Violence Dataset\Violence\V_27.mp4
train,RLVS,Violence,5.600,C:\SIRCH_ENV\datasets\RLVS\Real Life Violence Dataset\Violence\V_270.mp4
train,RLVS,Violence,5.400,C:\SIRCH_ENV\datasets\RLVS\Real Life Violence Dataset\Violence\V_271.mp4
train,RLVS,Violence,5.111,C:\SIRCH_ENV\datasets\RLVS\Real Life Violence Dataset\Violence\V_273.mp4
train,RLVS,Violence,5.111,C:\SIRCH_ENV\datasets\RLVS\Real Life Violence Dataset\Violence\V_275.mp4
train,RLVS,Violence,5.400,C:\SIRCH_ENV\datasets\RLVS\Real Life Violence Dataset\Violence\V_276.mp4
train,RLVS,Violence,5.400,C:\SIRCH_ENV\datasets\RLVS\Real Life Violence Dataset\Violence\V_277.mp4
train,RLVS,Violence,5.400,C:\SIRCH_ENV\datasets\RLVS\Real Life Violence Dataset\Violence\V_278.mp4
train,RLVS,Violence,5.900,C:\SIRCH_ENV\datasets\RLVS\Real Life Violence Dataset\Violence\V_279.mp4
train,RLVS,Violence,4.304,C:\SIRCH_ENV\datasets\RLVS\Real Life Violence Dataset\Violence\V_28.mp4
train,RLVS,Violence,5.900,C:\SIRCH_ENV\datasets\RLVS\Real Life Violence Dataset\Violence\V_280.mp4
train,RLVS,Violence,5.400,C:\SIRCH_ENV\datasets\RLVS\Real Life Violence Dataset\Violence\V_281.mp4
train,RLVS,Violence,5.606,C:\SIRCH_ENV\datasets\RLVS\Real Life Violence Dataset\Violence\V_284.mp4
train,RLVS,Violence,5.205,C:\SIRCH_ENV\datasets\RLVS\Real Life Violence Dataset\Violence\V_286.mp4
train,RLVS,Violence,4.304,C:\SIRCH_ENV\datasets\RLVS\Real Life Violence Dataset\Violence\V_288.mp4
train,RLVS,Violence,3.604,C:\SIRCH_ENV\datasets\RLVS\Real Life Violence Dataset\Violence\V_29.mp4
train,RLVS,Violence,4.705,C:\SIRCH_ENV\datasets\RLVS\Real Life Violence Dataset\Violence\V_290.mp4
train,RLVS,Violence,4.805,C:\SIRCH_ENV\datasets\RLVS\Real Life Violence Dataset\Violence\V_291.mp4
train,RLVS,Violence,5.205,C:\SIRCH_ENV\datasets\RLVS\Real Life Violence Dataset\Violence\V_292.mp4
train,RLVS,Violence,4.805,C:\SIRCH_ENV\datasets\RLVS\Real Life Violence Dataset\Violence\V_294.mp4
train,RLVS,Violence,4.705,C:\SIRCH_ENV\datasets\RLVS\Real Life Violence Dataset\Violence\V_297.mp4
train,RLVS,Violence,5.706,C:\SIRCH_ENV\datasets\RLVS\Real Life Violence Dataset\Violence\V_298.mp4
train,RLVS,Violence,5.706,C:\SIRCH_ENV\datasets\RLVS\Real Life Violence Dataset\Violence\V_299.mp4
train,RLVS,Violence,6.960,C:\SIRCH_ENV\datasets\RLVS\Real Life Violence Dataset\Violence\V_3.mp4
train,RLVS,Violence,3.504,C:\SIRCH_ENV\datasets\RLVS\Real Life Violence Dataset\Violence\V_30.mp4
train,RLVS,Violence,4.404,C:\SIRCH_ENV\datasets\RLVS\Real Life Violence Dataset\Violence\V_301.mp4
train,RLVS,Violence,6.106,C:\SIRCH_ENV\datasets\RLVS\Real Life Violence Dataset\Violence\V_303.mp4
train,RLVS,Violence,4.304,C:\SIRCH_ENV\datasets\RLVS\Real Life Violence Dataset\Violence\V_305.mp4
train,RLVS,Violence,5.205,C:\SIRCH_ENV\datasets\RLVS\Real Life Violence Dataset\Violence\V_308.mp4
train,RLVS,Violence,5.905,C:\SIRCH_ENV\datasets\RLVS\Real Life Violence Dataset\Violence\V_31.mp4
train,RLVS,Violence,5.205,C:\SIRCH_ENV\datasets\RLVS\Real Life Violence Dataset\Violence\V_310.mp4
train,RLVS,Violence,4.805,C:\SIRCH_ENV\datasets\RLVS\Real Life Violence Dataset\Violence\V_311.mp4
train,RLVS,Violence,5.205,C:\SIRCH_ENV\datasets\RLVS\Real Life Violence Dataset\Violence\V_314.mp4
train,RLVS,Violence,5.606,C:\SIRCH_ENV\datasets\RLVS\Real Life Violence Dataset\Violence\V_315.mp4
train,RLVS,Violence,5.205,C:\SIRCH_ENV\datasets\RLVS\Real Life Violence Dataset\Violence\V_316.mp4
train,RLVS,Violence,4.505,C:\SIRCH_ENV\datasets\RLVS\Real Life Violence Dataset\Violence\V_317.mp4
train,RLVS,Violence,4.705,C:\SIRCH_ENV\datasets\RLVS\Real Life Violence Dataset\Violence\V_318.mp4
train,RLVS,Violence,5.600,C:\SIRCH_ENV\datasets\RLVS\Real Life Violence Dataset\Violence\V_32.mp4
train,RLVS,Violence,5.405,C:\SIRCH_ENV\datasets\RLVS\Real Life Violence Dataset\Violence\V_320.mp4
train,RLVS,Violence,4.404,C:\SIRCH_ENV\datasets\RLVS\Real Life Violence Dataset\Violence\V_321.mp4
train,RLVS,Violence,4.605,C:\SIRCH_ENV\datasets\RLVS\Real Life Violence Dataset\Violence\V_322.mp4
train,RLVS,Violence,5.105,C:\SIRCH_ENV\datasets\RLVS\Real Life Violence Dataset\Violence\V_323.mp4
train,RLVS,Violence,5.706,C:\SIRCH_ENV\datasets\RLVS\Real Life Violence Dataset\Violence\V_324.mp4
train,RLVS,Violence,5.506,C:\SIRCH_ENV\datasets\RLVS\Real Life Violence Dataset\Violence\V_325.mp4
train,RLVS,Violence,5.205,C:\SIRCH_ENV\datasets\RLVS\Real Life Violence Dataset\Violence\V_326.mp4
train,RLVS,Violence,4.304,C:\SIRCH_ENV\datasets\RLVS\Real Life Violence Dataset\Violence\V_327.mp4
train,RLVS,Violence,4.304,C:\SIRCH_ENV\datasets\RLVS\Real Life Violence Dataset\Violence\V_328.mp4
train,RLVS,Violence,5.205,C:\SIRCH_ENV\datasets\RLVS\Real Life Violence Dataset\Violence\V_329.mp4
train,RLVS,Violence,4.304,C:\SIRCH_ENV\datasets\RLVS\Real Life Violence Dataset\Violence\V_330.mp4
train,RLVS,Violence,5.706,C:\SIRCH_ENV\datasets\RLVS\Real Life Violence Dataset\Violence\V_332.mp4
train,RLVS,Violence,4.404,C:\SIRCH_ENV\datasets\RLVS\Real Life Violence Dataset\Violence\V_333.mp4
train,RLVS,Violence,4.705,C:\SIRCH_ENV\datasets\RLVS\Real Life Violence Dataset\Violence\V_335.mp4
train,RLVS,Violence,5.506,C:\SIRCH_ENV\datasets\RLVS\Real Life Violence Dataset\Violence\V_336.mp4
train,RLVS,Violence,4.304,C:\SIRCH_ENV\datasets\RLVS\Real Life Violence Dataset\Violence\V_339.mp4
train,RLVS,Violence,5.720,C:\SIRCH_ENV\datasets\RLVS\Real Life Violence Dataset\Violence\V_34.mp4
train,RLVS,Violence,3.904,C:\SIRCH_ENV\datasets\RLVS\Real Life Violence Dataset\Violence\V_340.mp4
train,RLVS,Violence,5.105,C:\SIRCH_ENV\datasets\RLVS\Real Life Violence Dataset\Violence\V_342.mp4
train,RLVS,Violence,4.705,C:\SIRCH_ENV\datasets\RLVS\Real Life Violence Dataset\Violence\V_343.mp4
train,RLVS,Violence,3.904,C:\SIRCH_ENV\datasets\RLVS\Real Life Violence Dataset\Violence\V_345.mp4
train,RLVS,Violence,4.805,C:\SIRCH_ENV\datasets\RLVS\Real Life Violence Dataset\Violence\V_346.mp4
train,RLVS,Violence,6.306,C:\SIRCH_ENV\datasets\RLVS\Real Life Violence Dataset\Violence\V_347.mp4
train,RLVS,Violence,5.600,C:\SIRCH_ENV\datasets\RLVS\Real Life Violence Dataset\Violence\V_35.mp4
train,RLVS,Violence,4.605,C:\SIRCH_ENV\datasets\RLVS\Real Life Violence Dataset\Violence\V_351.mp4
train,RLVS,Violence,5.005,C:\SIRCH_ENV\datasets\RLVS\Real Life Violence Dataset\Violence\V_353.mp4
train,RLVS,Violence,4.705,C:\SIRCH_ENV\datasets\RLVS\Real Life Violence Dataset\Violence\V_354.mp4
train,RLVS,Violence,6.006,C:\SIRCH_ENV\datasets\RLVS\Real Life Violence Dataset\Violence\V_356.mp4
train,RLVS,Violence,5.005,C:\SIRCH_ENV\datasets\RLVS\Real Life Violence Dataset\Violence\V_357.mp4
train,RLVS,Violence,6.006,C:\SIRCH_ENV\datasets\RLVS\Real Life Violence Dataset\Violence\V_358.mp4
train,RLVS,Violence,7.608,C:\SIRCH_ENV\datasets\RLVS\Real Life Violence Dataset\Violence\V_359.mp4
train,RLVS,Violence,6.707,C:\SIRCH_ENV\datasets\RLVS\Real Life Violence Dataset\Violence\V_360.mp4
train,RLVS,Violence,7.407,C:\SIRCH_ENV\datasets\RLVS\Real Life Violence Dataset\Violence\V_361.mp4
train,RLVS,Violence,5.005,C:\SIRCH_ENV\datasets\RLVS\Real Life Violence Dataset\Violence\V_362.mp4
train,RLVS,Violence,5.105,C:\SIRCH_ENV\datasets\RLVS\Real Life Violence Dataset\Violence\V_364.mp4
train,RLVS,Violence,5.005,C:\SIRCH_ENV\datasets\RLVS\Real Life Violence Dataset\Violence\V_365.mp4
train,RLVS,Violence,5.005,C:\SIRCH_ENV\datasets\RLVS\Real Life Violence Dataset\Violence\V_366.mp4
train,RLVS,Violence,4.605,C:\SIRCH_ENV\datasets\RLVS\Real Life Violence Dataset\Violence\V_367.mp4
train,RLVS,Violence,5.105,C:\SIRCH_ENV\datasets\RLVS\Real Life Violence Dataset\Violence\V_368.mp4
train,RLVS,Violence,5.600,C:\SIRCH_ENV\datasets\RLVS\Real Life Violence Dataset\Violence\V_369.mp4
train,RLVS,Violence,5.720,C:\SIRCH_ENV\datasets\RLVS\Real Life Violence Dataset\Violence\V_37.mp4
train,RLVS,Violence,5.000,C:\SIRCH_ENV\datasets\RLVS\Real Life Violence Dataset\Violence\V_372.mp4
train,RLVS,Violence,5.100,C:\SIRCH_ENV\datasets\RLVS\Real Life Violence Dataset\Violence\V_374.mp4
train,RLVS,Violence,5.000,C:\SIRCH_ENV\datasets\RLVS\Real Life Violence Dataset\Violence\V_376.mp4
train,RLVS,Violence,5.000,C:\SIRCH_ENV\datasets\RLVS\Real Life Violence Dataset\Violence\V_379.mp4
train,RLVS,Violence,5.720,C:\SIRCH_ENV\datasets\RLVS\Real Life Violence Dataset\Violence\V_38.mp4
train,RLVS,Violence,4.811,C:\SIRCH_ENV\datasets\RLVS\Real Life Violence Dataset\Violence\V_381.mp4
train,RLVS,Violence,3.120,C:\SIRCH_ENV\datasets\RLVS\Real Life Violence Dataset\Violence\V_383.mp4
train,RLVS,Violence,5.105,C:\SIRCH_ENV\datasets\RLVS\Real Life Violence Dataset\Violence\V_386.mp4
train,RLVS,Violence,5.005,C:\SIRCH_ENV\datasets\RLVS\Real Life Violence Dataset\Violence\V_387.mp4
train,RLVS,Violence,5.005,C:\SIRCH_ENV\datasets\RLVS\Real Life Violence Dataset\Violence\V_388.mp4
train,RLVS,Violence,5.005,C:\SIRCH_ENV\datasets\RLVS\Real Life Violence Dataset\Violence\V_389.mp4
train,RLVS,Violence,5.600,C:\SIRCH_ENV\datasets\RLVS\Real Life Violence Dataset\Violence\V_39.mp4
train,RLVS,Violence,5.005,C:\SIRCH_ENV\datasets\RLVS\Real Life Violence Dataset\Violence\V_390.mp4
train,RLVS,Violence,5.005,C:\SIRCH_ENV\datasets\RLVS\Real Life Violence Dataset\Violence\V_391.mp4
train,RLVS,Violence,5.005,C:\SIRCH_ENV\datasets\RLVS\Real Life Violence Dataset\Violence\V_392.mp4
train,RLVS,Violence,5.005,C:\SIRCH_ENV\datasets\RLVS\Real Life Violence Dataset\Violence\V_393.mp4
train,RLVS,Violence,5.005,C:\SIRCH_ENV\datasets\RLVS\Real Life Violence Dataset\Violence\V_394.mp4
train,RLVS,Violence,3.203,C:\SIRCH_ENV\datasets\RLVS\Real Life Violence Dataset\Violence\V_395.mp4
train,RLVS,Violence,5.112,C:\SIRCH_ENV\datasets\RLVS\Real Life Violence Dataset\Violence\V_396.mp4
train,RLVS,Violence,4.009,C:\SIRCH_ENV\datasets\RLVS\Real Life Violence Dataset\Violence\V_397.mp4
train,RLVS,Violence,136.967,C:\SIRCH_ENV\datasets\RLVS\Real Life Violence Dataset\Violence\V_398.mp4
train,RLVS,Violence,4.110,C:\SIRCH_ENV\datasets\RLVS\Real Life Violence Dataset\Violence\V_399.mp4
train,RLVS,Violence,6.040,C:\SIRCH_ENV\datasets\RLVS\Real Life Violence Dataset\Violence\V_4.mp4
train,RLVS,Violence,4.300,C:\SIRCH_ENV\datasets\RLVS\Real Life Violence Dataset\Violence\V_400.mp4
train,RLVS,Violence,4.210,C:\SIRCH_ENV\datasets\RLVS\Real Life Violence Dataset\Violence\V_401.mp4
train,RLVS,Violence,3.408,C:\SIRCH_ENV\datasets\RLVS\Real Life Violence Dataset\Violence\V_403.mp4
train,RLVS,Violence,4.310,C:\SIRCH_ENV\datasets\RLVS\Real Life Violence Dataset\Violence\V_405.mp4
train,RLVS,Violence,3.508,C:\SIRCH_ENV\datasets\RLVS\Real Life Violence Dataset\Violence\V_408.mp4
train,RLVS,Violence,6.800,C:\SIRCH_ENV\datasets\RLVS\Real Life Violence Dataset\Violence\V_41.mp4
train,RLVS,Violence,4.000,C:\SIRCH_ENV\datasets\RLVS\Real Life Violence Dataset\Violence\V_410.mp4
train,RLVS,Violence,3.700,C:\SIRCH_ENV\datasets\RLVS\Real Life Violence Dataset\Violence\V_411.mp4
train,RLVS,Violence,4.009,C:\SIRCH_ENV\datasets\RLVS\Real Life Violence Dataset\Violence\V_412.mp4
train,RLVS,Violence,3.809,C:\SIRCH_ENV\datasets\RLVS\Real Life Violence Dataset\Violence\V_414.mp4
train,RLVS,Violence,4.300,C:\SIRCH_ENV\datasets\RLVS\Real Life Violence Dataset\Violence\V_416.mp4
train,RLVS,Violence,4.200,C:\SIRCH_ENV\datasets\RLVS\Real Life Violence Dataset\Violence\V_417.mp4
train,RLVS,Violence,3.400,C:\SIRCH_ENV\datasets\RLVS\Real Life Violence Dataset\Violence\V_419.mp4
train,RLVS,Violence,5.720,C:\SIRCH_ENV\datasets\RLVS\Real Life Violence Dataset\Violence\V_42.mp4
train,RLVS,Violence,4.500,C:\SIRCH_ENV\datasets\RLVS\Real Life Violence Dataset\Violence\V_420.mp4
train,RLVS,Violence,5.300,C:\SIRCH_ENV\datasets\RLVS\Real Life Violence Dataset\Violence\V_422.mp4
train,RLVS,Violence,4.400,C:\SIRCH_ENV\datasets\RLVS\Real Life Violence Dataset\Violence\V_423.mp4
train,RLVS,Violence,5.000,C:\SIRCH_ENV\datasets\RLVS\Real Life Violence Dataset\Violence\V_424.mp4
train,RLVS,Violence,4.400,C:\SIRCH_ENV\datasets\RLVS\Real Life Violence Dataset\Violence\V_426.mp4
train,RLVS,Violence,4.700,C:\SIRCH_ENV\datasets\RLVS\Real Life Violence Dataset\Violence\V_427.mp4
train,RLVS,Violence,4.000,C:\SIRCH_ENV\datasets\RLVS\Real Life Violence Dataset\Violence\V_428.mp4
train,RLVS,Violence,4.000,C:\SIRCH_ENV\datasets\RLVS\Real Life Violence Dataset\Violence\V_429.mp4
train,RLVS,Violence,4.400,C:\SIRCH_ENV\datasets\RLVS\Real Life Violence Dataset\Violence\V_430.mp4
train,RLVS,Violence,4.300,C:\SIRCH_ENV\datasets\RLVS\Real Life Violence Dataset\Violence\V_431.mp4
train,RLVS,Violence,4.100,C:\SIRCH_ENV\datasets\RLVS\Real Life Violence Dataset\Violence\V_433.mp4
train,RLVS,Violence,3.900,C:\SIRCH_ENV\datasets\RLVS\Real Life Violence Dataset\Violence\V_434.mp4
train,RLVS,Violence,4.500,C:\SIRCH_ENV\datasets\RLVS\Real Life Violence Dataset\Violence\V_435.mp4
train,RLVS,Violence,4.700,C:\SIRCH_ENV\datasets\RLVS\Real Life Violence Dataset\Violence\V_437.mp4
train,RLVS,Violence,4.300,C:\SIRCH_ENV\datasets\RLVS\Real Life Violence Dataset\Violence\V_438.mp4
train,RLVS,Violence,4.500,C:\SIRCH_ENV\datasets\RLVS\Real Life Violence Dataset\Violence\V_439.mp4
train,RLVS,Violence,4.300,C:\SIRCH_ENV\datasets\RLVS\Real Life Violence Dataset\Violence\V_44.mp4
train,RLVS,Violence,4.700,C:\SIRCH_ENV\datasets\RLVS\Real Life Violence Dataset\Violence\V_442.mp4
train,RLVS,Violence,4.700,C:\SIRCH_ENV\datasets\RLVS\Real Life Violence Dataset\Violence\V_443.mp4
train,RLVS,Violence,4.400,C:\SIRCH_ENV\datasets\RLVS\Real Life Violence Dataset\Violence\V_445.mp4
train,RLVS,Violence,3.800,C:\SIRCH_ENV\datasets\RLVS\Real Life Violence Dataset\Violence\V_446.mp4
train,RLVS,Violence,4.300,C:\SIRCH_ENV\datasets\RLVS\Real Life Violence Dataset\Violence\V_448.mp4
train,RLVS,Violence,4.700,C:\SIRCH_ENV\datasets\RLVS\Real Life Violence Dataset\Violence\V_449.mp4
train,RLVS,Violence,3.300,C:\SIRCH_ENV\datasets\RLVS\Real Life Violence Dataset\Violence\V_45.mp4
train,RLVS,Violence,5.100,C:\SIRCH_ENV\datasets\RLVS\Real Life Violence Dataset\Violence\V_450.mp4
train,RLVS,Violence,4.000,C:\SIRCH_ENV\datasets\RLVS\Real Life Violence Dataset\Violence\V_451.mp4
train,RLVS,Violence,4.700,C:\SIRCH_ENV\datasets\RLVS\Real Life Violence Dataset\Violence\V_452.mp4
train,RLVS,Violence,4.700,C:\SIRCH_ENV\datasets\RLVS\Real Life Violence Dataset\Violence\V_454.mp4
train,RLVS,Violence,4.500,C:\SIRCH_ENV\datasets\RLVS\Real Life Violence Dataset\Violence\V_455.mp4
train,RLVS,Violence,4.300,C:\SIRCH_ENV\datasets\RLVS\Real Life Violence Dataset\Violence\V_456.mp4
train,RLVS,Violence,4.600,C:\SIRCH_ENV\datasets\RLVS\Real Life Violence Dataset\Violence\V_458.mp4
train,RLVS,Violence,3.000,C:\SIRCH_ENV\datasets\RLVS\Real Life Violence Dataset\Violence\V_46.mp4
train,RLVS,Violence,5.205,C:\SIRCH_ENV\datasets\RLVS\Real Life Violence Dataset\Violence\V_460.mp4
train,RLVS,Violence,5.706,C:\SIRCH_ENV\datasets\RLVS\Real Life Violence Dataset\Violence\V_461.mp4
train,RLVS,Violence,6.206,C:\SIRCH_ENV\datasets\RLVS\Real Life Violence Dataset\Violence\V_462.mp4
train,RLVS,Violence,6.306,C:\SIRCH_ENV\datasets\RLVS\Real Life Violence Dataset\Violence\V_463.mp4
train,RLVS,Violence,5.305,C:\SIRCH_ENV\datasets\RLVS\Real Life Violence Dataset\Violence\V_464.mp4
train,RLVS,Violence,4.705,C:\SIRCH_ENV\datasets\RLVS\Real Life Violence Dataset\Violence\V_465.mp4
train,RLVS,Violence,5.506,C:\SIRCH_ENV\datasets\RLVS\Real Life Violence Dataset\Violence\V_466.mp4
train,RLVS,Violence,4.304,C:\SIRCH_ENV\datasets\RLVS\Real Life Violence Dataset\Violence\V_467.mp4
train,RLVS,Violence,5.005,C:\SIRCH_ENV\datasets\RLVS\Real Life Violence Dataset\Violence\V_468.mp4
train,RLVS,Violence,4.905,C:\SIRCH_ENV\datasets\RLVS\Real Life Violence Dataset\Violence\V_469.mp4
train,RLVS,Violence,3.400,C:\SIRCH_ENV\datasets\RLVS\Real Life Violence Dataset\Violence\V_47.mp4
train,RLVS,Violence,4.004,C:\SIRCH_ENV\datasets\RLVS\Real Life Violence Dataset\Violence\V_471.mp4
train,RLVS,Violence,4.905,C:\SIRCH_ENV\datasets\RLVS\Real Life Violence Dataset\Violence\V_472.mp4
train,RLVS,Violence,4.204,C:\SIRCH_ENV\datasets\RLVS\Real Life Violence Dataset\Violence\V_473.mp4
train,RLVS,Violence,4.705,C:\SIRCH_ENV\datasets\RLVS\Real Life Violence Dataset\Violence\V_475.mp4
train,RLVS,Violence,5.305,C:\SIRCH_ENV\datasets\RLVS\Real Life Violence Dataset\Violence\V_477.mp4
train,RLVS,Violence,4.505,C:\SIRCH_ENV\datasets\RLVS\Real Life Violence Dataset\Violence\V_478.mp4
train,RLVS,Violence,5.305,C:\SIRCH_ENV\datasets\RLVS\Real Life Violence Dataset\Violence\V_479.mp4
train,RLVS,Violence,3.600,C:\SIRCH_ENV\datasets\RLVS\Real Life Violence Dataset\Violence\V_48.mp4
train,RLVS,Violence,4.805,C:\SIRCH_ENV\datasets\RLVS\Real Life Violence Dataset\Violence\V_480.mp4
train,RLVS,Violence,4.104,C:\SIRCH_ENV\datasets\RLVS\Real Life Violence Dataset\Violence\V_481.mp4
train,RLVS,Violence,4.805,C:\SIRCH_ENV\datasets\RLVS\Real Life Violence Dataset\Violence\V_482.mp4
train,RLVS,Violence,4.805,C:\SIRCH_ENV\datasets\RLVS\Real Life Violence Dataset\Violence\V_483.mp4
train,RLVS,Violence,5.105,C:\SIRCH_ENV\datasets\RLVS\Real Life Violence Dataset\Violence\V_485.mp4
train,RLVS,Violence,5.005,C:\SIRCH_ENV\datasets\RLVS\Real Life Violence Dataset\Violence\V_486.mp4
train,RLVS,Violence,3.704,C:\SIRCH_ENV\datasets\RLVS\Real Life Violence Dataset\Violence\V_487.mp4
train,RLVS,Violence,5.706,C:\SIRCH_ENV\datasets\RLVS\Real Life Violence Dataset\Violence\V_488.mp4
train,RLVS,Violence,4.004,C:\SIRCH_ENV\datasets\RLVS\Real Life Violence Dataset\Violence\V_489.mp4
train,RLVS,Violence,4.705,C:\SIRCH_ENV\datasets\RLVS\Real Life Violence Dataset\Violence\V_490.mp4
train,RLVS,Violence,4.404,C:\SIRCH_ENV\datasets\RLVS\Real Life Violence Dataset\Violence\V_491.mp4
train,RLVS,Violence,5.105,C:\SIRCH_ENV\datasets\RLVS\Real Life Violence Dataset\Violence\V_492.mp4
train,RLVS,Violence,3.604,C:\SIRCH_ENV\datasets\RLVS\Real Life Violence Dataset\Violence\V_493.mp4
train,RLVS,Violence,4.404,C:\SIRCH_ENV\datasets\RLVS\Real Life Violence Dataset\Violence\V_494.mp4
train,RLVS,Violence,4.605,C:\SIRCH_ENV\datasets\RLVS\Real Life Violence Dataset\Violence\V_495.mp4
train,RLVS,Violence,4.805,C:\SIRCH_ENV\datasets\RLVS\Real Life Violence Dataset\Violence\V_496.mp4
train,RLVS,Violence,4.605,C:\SIRCH_ENV\datasets\RLVS\Real Life Violence Dataset\Violence\V_498.mp4
train,RLVS,Violence,5.852,C:\SIRCH_ENV\datasets\RLVS\Real Life Violence Dataset\Violence\V_5.mp4
train,RLVS,Violence,4.600,C:\SIRCH_ENV\datasets\RLVS\Real Life Violence Dataset\Violence\V_50.mp4
train,RLVS,Violence,4.905,C:\SIRCH_ENV\datasets\RLVS\Real Life Violence Dataset\Violence\V_500.mp4
train,RLVS,Violence,4.505,C:\SIRCH_ENV\datasets\RLVS\Real Life Violence Dataset\Violence\V_501.mp4
train,RLVS,Violence,5.372,C:\SIRCH_ENV\datasets\RLVS\Real Life Violence Dataset\Violence\V_504.mp4
train,RLVS,Violence,5.100,C:\SIRCH_ENV\datasets\RLVS\Real Life Violence Dataset\Violence\V_505.mp4
train,RLVS,Violence,5.000,C:\SIRCH_ENV\datasets\RLVS\Real Life Violence Dataset\Violence\V_506.mp4
train,RLVS,Violence,4.315,C:\SIRCH_ENV\datasets\RLVS\Real Life Violence Dataset\Violence\V_507.mp4
train,RLVS,Violence,4.629,C:\SIRCH_ENV\datasets\RLVS\Real Life Violence Dataset\Violence\V_508.mp4
train,RLVS,Violence,3.933,C:\SIRCH_ENV\datasets\RLVS\Real Life Violence Dataset\Violence\V_509.mp4
train,RLVS,Violence,4.900,C:\SIRCH_ENV\datasets\RLVS\Real Life Violence Dataset\Violence\V_511.mp4
train,RLVS,Violence,4.805,C:\SIRCH_ENV\datasets\RLVS\Real Life Violence Dataset\Violence\V_513.mp4
train,RLVS,Violence,5.105,C:\SIRCH_ENV\datasets\RLVS\Real Life Violence Dataset\Violence\V_514.mp4
train,RLVS,Violence,3.804,C:\SIRCH_ENV\datasets\RLVS\Real Life Violence Dataset\Violence\V_515.mp4
train,RLVS,Violence,4.104,C:\SIRCH_ENV\datasets\RLVS\Real Life Violence Dataset\Violence\V_516.mp4
train,RLVS,Violence,4.605,C:\SIRCH_ENV\datasets\RLVS\Real Life Violence Dataset\Violence\V_517.mp4
train,RLVS,Violence,4.104,C:\SIRCH_ENV\datasets\RLVS\Real Life Violence Dataset\Violence\V_519.mp4
train,RLVS,Violence,4.004,C:\SIRCH_ENV\datasets\RLVS\Real Life Violence Dataset\Violence\V_521.mp4
train,RLVS,Violence,4.605,C:\SIRCH_ENV\datasets\RLVS\Real Life Violence Dataset\Violence\V_522.mp4
train,RLVS,Violence,4.605,C:\SIRCH_ENV\datasets\RLVS\Real Life Violence Dataset\Violence\V_523.mp4
train,RLVS,Violence,5.005,C:\SIRCH_ENV\datasets\RLVS\Real Life Violence Dataset\Violence\V_524.mp4
train,RLVS,Violence,5.000,C:\SIRCH_ENV\datasets\RLVS\Real Life Violence Dataset\Violence\V_529.mp4
train,RLVS,Violence,3.700,C:\SIRCH_ENV\datasets\RLVS\Real Life Violence Dataset\Violence\V_53.mp4
train,RLVS,Violence,5.000,C:\SIRCH_ENV\datasets\RLVS\Real Life Violence Dataset\Violence\V_530.mp4
train,RLVS,Violence,5.000,C:\SIRCH_ENV\datasets\RLVS\Real Life Violence Dataset\Violence\V_532.mp4
train,RLVS,Violence,5.000,C:\SIRCH_ENV\datasets\RLVS\Real Life Violence Dataset\Violence\V_533.mp4
train,RLVS,Violence,5.000,C:\SIRCH_ENV\datasets\RLVS\Real Life Violence Dataset\Violence\V_535.mp4
train,RLVS,Violence,5.000,C:\SIRCH_ENV\datasets\RLVS\Real Life Violence Dataset\Violence\V_538.mp4
train,RLVS,Violence,5.000,C:\SIRCH_ENV\datasets\RLVS\Real Life Violence Dataset\Violence\V_539.mp4
train,RLVS,Violence,5.100,C:\SIRCH_ENV\datasets\RLVS\Real Life Violence Dataset\Violence\V_54.mp4
train,RLVS,Violence,5.000,C:\SIRCH_ENV\datasets\RLVS\Real Life Violence Dataset\Violence\V_540.mp4
train,RLVS,Violence,5.000,C:\SIRCH_ENV\datasets\RLVS\Real Life Violence Dataset\Violence\V_541.mp4
train,RLVS,Violence,5.000,C:\SIRCH_ENV\datasets\RLVS\Real Life Violence Dataset\Violence\V_542.mp4
train,RLVS,Violence,5.000,C:\SIRCH_ENV\datasets\RLVS\Real Life Violence Dataset\Violence\V_543.mp4
train,RLVS,Violence,5.000,C:\SIRCH_ENV\datasets\RLVS\Real Life Violence Dataset\Violence\V_545.mp4
train,RLVS,Violence,5.000,C:\SIRCH_ENV\datasets\RLVS\Real Life Violence Dataset\Violence\V_546.mp4
train,RLVS,Violence,5.000,C:\SIRCH_ENV\datasets\RLVS\Real Life Violence Dataset\Violence\V_547.mp4
train,RLVS,Violence,5.000,C:\SIRCH_ENV\datasets\RLVS\Real Life Violence Dataset\Violence\V_548.mp4
train,RLVS,Violence,5.200,C:\SIRCH_ENV\datasets\RLVS\Real Life Violence Dataset\Violence\V_55.mp4
train,RLVS,Violence,5.000,C:\SIRCH_ENV\datasets\RLVS\Real Life Violence Dataset\Violence\V_550.mp4
train,RLVS,Violence,5.000,C:\SIRCH_ENV\datasets\RLVS\Real Life Violence Dataset\Violence\V_551.mp4
train,RLVS,Violence,5.000,C:\SIRCH_ENV\datasets\RLVS\Real Life Violence Dataset\Violence\V_552.mp4
train,RLVS,Violence,5.000,C:\SIRCH_ENV\datasets\RLVS\Real Life Violence Dataset\Violence\V_553.mp4
train,RLVS,Violence,5.000,C:\SIRCH_ENV\datasets\RLVS\Real Life Violence Dataset\Violence\V_554.mp4
train,RLVS,Violence,5.000,C:\SIRCH_ENV\datasets\RLVS\Real Life Violence Dataset\Violence\V_555.mp4
train,RLVS,Violence,5.000,C:\SIRCH_ENV\datasets\RLVS\Real Life Violence Dataset\Violence\V_556.mp4
train,RLVS,Violence,5.000,C:\SIRCH_ENV\datasets\RLVS\Real Life Violence Dataset\Violence\V_558.mp4
train,RLVS,Violence,3.600,C:\SIRCH_ENV\datasets\RLVS\Real Life Violence Dataset\Violence\V_56.mp4
train,RLVS,Violence,5.000,C:\SIRCH_ENV\datasets\RLVS\Real Life Violence Dataset\Violence\V_560.mp4
train,RLVS,Violence,5.000,C:\SIRCH_ENV\datasets\RLVS\Real Life Violence Dataset\Violence\V_561.mp4
train,RLVS,Violence,5.000,C:\SIRCH_ENV\datasets\RLVS\Real Life Violence Dataset\Violence\V_564.mp4
train,RLVS,Violence,5.000,C:\SIRCH_ENV\datasets\RLVS\Real Life Violence Dataset\Violence\V_570.mp4
train,RLVS,Violence,5.000,C:\SIRCH_ENV\datasets\RLVS\Real Life Violence Dataset\Violence\V_571.mp4
train,RLVS,Violence,5.000,C:\SIRCH_ENV\datasets\RLVS\Real Life Violence Dataset\Violence\V_572.mp4
train,RLVS,Violence,5.000,C:\SIRCH_ENV\datasets\RLVS\Real Life Violence Dataset\Violence\V_573.mp4
train,RLVS,Violence,5.000,C:\SIRCH_ENV\datasets\RLVS\Real Life Violence Dataset\Violence\V_575.mp4
train,RLVS,Violence,5.000,C:\SIRCH_ENV\datasets\RLVS\Real Life Violence Dataset\Violence\V_576.mp4
train,RLVS,Violence,5.000,C:\SIRCH_ENV\datasets\RLVS\Real Life Violence Dataset\Violence\V_578.mp4
train,RLVS,Violence,5.000,C:\SIRCH_ENV\datasets\RLVS\Real Life Violence Dataset\Violence\V_579.mp4
train,RLVS,Violence,3.900,C:\SIRCH_ENV\datasets\RLVS\Real Life Violence Dataset\Violence\V_58.mp4
train,RLVS,Violence,5.000,C:\SIRCH_ENV\datasets\RLVS\Real Life Violence Dataset\Violence\V_580.mp4
train,RLVS,Violence,5.000,C:\SIRCH_ENV\datasets\RLVS\Real Life Violence Dataset\Violence\V_581.mp4
train,RLVS,Violence,5.000,C:\SIRCH_ENV\datasets\RLVS\Real Life Violence Dataset\Violence\V_582.mp4
train,RLVS,Violence,5.000,C:\SIRCH_ENV\datasets\RLVS\Real Life Violence Dataset\Violence\V_583.mp4
train,RLVS,Violence,5.000,C:\SIRCH_ENV\datasets\RLVS\Real Life Violence Dataset\Violence\V_584.mp4
train,RLVS,Violence,5.000,C:\SIRCH_ENV\datasets\RLVS\Real Life Violence Dataset\Violence\V_586.mp4
train,RLVS,Violence,5.000,C:\SIRCH_ENV\datasets\RLVS\Real Life Violence Dataset\Violence\V_587.mp4
train,RLVS,Violence,5.000,C:\SIRCH_ENV\datasets\RLVS\Real Life Violence Dataset\Violence\V_588.mp4
train,RLVS,Violence,5.000,C:\SIRCH_ENV\datasets\RLVS\Real Life Violence Dataset\Violence\V_590.mp4
train,RLVS,Violence,5.000,C:\SIRCH_ENV\datasets\RLVS\Real Life Violence Dataset\Violence\V_591.mp4
train,RLVS,Violence,5.000,C:\SIRCH_ENV\datasets\RLVS\Real Life Violence Dataset\Violence\V_592.mp4
train,RLVS,Violence,5.000,C:\SIRCH_ENV\datasets\RLVS\Real Life Violence Dataset\Violence\V_594.mp4
train,RLVS,Violence,5.000,C:\SIRCH_ENV\datasets\RLVS\Real Life Violence Dataset\Violence\V_595.mp4
train,RLVS,Violence,5.000,C:\SIRCH_ENV\datasets\RLVS\Real Life Violence Dataset\Violence\V_596.mp4
train,RLVS,Violence,5.000,C:\SIRCH_ENV\datasets\RLVS\Real Life Violence Dataset\Violence\V_597.mp4
train,RLVS,Violence,5.000,C:\SIRCH_ENV\datasets\RLVS\Real Life Violence Dataset\Violence\V_598.mp4
train,RLVS,Violence,5.000,C:\SIRCH_ENV\datasets\RLVS\Real Life Violence Dataset\Violence\V_599.mp4
train,RLVS,Violence,6.312,C:\SIRCH_ENV\datasets\RLVS\Real Life Violence Dataset\Violence\V_6.mp4
train,RLVS,Violence,3.500,C:\SIRCH_ENV\datasets\RLVS\Real Life Violence Dataset\Violence\V_60.mp4
train,RLVS,Violence,5.000,C:\SIRCH_ENV\datasets\RLVS\Real Life Violence Dataset\Violence\V_600.mp4
train,RLVS,Violence,5.000,C:\SIRCH_ENV\datasets\RLVS\Real Life Violence Dataset\Violence\V_601.mp4
train,RLVS,Violence,5.000,C:\SIRCH_ENV\datasets\RLVS\Real Life Violence Dataset\Violence\V_602.mp4
train,RLVS,Violence,5.000,C:\SIRCH_ENV\datasets\RLVS\Real Life Violence Dataset\Violence\V_603.mp4
train,RLVS,Violence,5.000,C:\SIRCH_ENV\datasets\RLVS\Real Life Violence Dataset\Violence\V_604.mp4
train,RLVS,Violence,5.000,C:\SIRCH_ENV\datasets\RLVS\Real Life Violence Dataset\Violence\V_608.mp4
train,RLVS,Violence,5.000,C:\SIRCH_ENV\datasets\RLVS\Real Life Violence Dataset\Violence\V_609.mp4
train,RLVS,Violence,3.800,C:\SIRCH_ENV\datasets\RLVS\Real Life Violence Dataset\Violence\V_61.mp4
train,RLVS,Violence,5.000,C:\SIRCH_ENV\datasets\RLVS\Real Life Violence Dataset\Violence\V_614.mp4
train,RLVS,Violence,5.000,C:\SIRCH_ENV\datasets\RLVS\Real Life Violence Dataset\Violence\V_615.mp4
train,RLVS,Violence,5.000,C:\SIRCH_ENV\datasets\RLVS\Real Life Violence Dataset\Violence\V_616.mp4
train,RLVS,Violence,5.000,C:\SIRCH_ENV\datasets\RLVS\Real Life Violence Dataset\Violence\V_617.mp4
train,RLVS,Violence,5.000,C:\SIRCH_ENV\datasets\RLVS\Real Life Violence Dataset\Violence\V_618.mp4
train,RLVS,Violence,3.800,C:\SIRCH_ENV\datasets\RLVS\Real Life Violence Dataset\Violence\V_62.mp4
train,RLVS,Violence,5.000,C:\SIRCH_ENV\datasets\RLVS\Real Life Violence Dataset\Violence\V_620.mp4
train,RLVS,Violence,5.000,C:\SIRCH_ENV\datasets\RLVS\Real Life Violence Dataset\Violence\V_621.mp4
train,RLVS,Violence,5.000,C:\SIRCH_ENV\datasets\RLVS\Real Life Violence Dataset\Violence\V_622.mp4
train,RLVS,Violence,3.720,C:\SIRCH_ENV\datasets\RLVS\Real Life Violence Dataset\Violence\V_623.mp4
train,RLVS,Violence,4.000,C:\SIRCH_ENV\datasets\RLVS\Real Life Violence Dataset\Violence\V_625.mp4
train,RLVS,Violence,5.005,C:\SIRCH_ENV\datasets\RLVS\Real Life Violence Dataset\Violence\V_627.mp4
train,RLVS,Violence,5.005,C:\SIRCH_ENV\datasets\RLVS\Real Life Violence Dataset\Violence\V_628.mp4
train,RLVS,Violence,4.300,C:\SIRCH_ENV\datasets\RLVS\Real Life Violence Dataset\Violence\V_63.mp4
train,RLVS,Violence,5.005,C:\SIRCH_ENV\datasets\RLVS\Real Life Violence Dataset\Violence\V_630.mp4
train,RLVS,Violence,5.005,C:\SIRCH_ENV\datasets\RLVS\Real Life Violence Dataset\Violence\V_631.mp4
train,RLVS,Violence,5.005,C:\SIRCH_ENV\datasets\RLVS\Real Life Violence Dataset\Violence\V_632.mp4
train,RLVS,Violence,5.005,C:\SIRCH_ENV\datasets\RLVS\Real Life Violence Dataset\Violence\V_633.mp4
train,RLVS,Violence,5.005,C:\SIRCH_ENV\datasets\RLVS\Real Life Violence Dataset\Violence\V_635.mp4
train,RLVS,Violence,5.005,C:\SIRCH_ENV\datasets\RLVS\Real Life Violence Dataset\Violence\V_636.mp4
train,RLVS,Violence,5.005,C:\SIRCH_ENV\datasets\RLVS\Real Life Violence Dataset\Violence\V_637.mp4
train,RLVS,Violence,5.005,C:\SIRCH_ENV\datasets\RLVS\Real Life Violence Dataset\Violence\V_638.mp4
train,RLVS,Violence,5.005,C:\SIRCH_ENV\datasets\RLVS\Real Life Violence Dataset\Violence\V_639.mp4
train,RLVS,Violence,3.900,C:\SIRCH_ENV\datasets\RLVS\Real Life Violence Dataset\Violence\V_64.mp4
train,RLVS,Violence,5.005,C:\SIRCH_ENV\datasets\RLVS\Real Life Violence Dataset\Violence\V_640.mp4
train,RLVS,Violence,5.000,C:\SIRCH_ENV\datasets\RLVS\Real Life Violence Dataset\Violence\V_641.mp4
train,RLVS,Violence,5.000,C:\SIRCH_ENV\datasets\RLVS\Real Life Violence Dataset\Violence\V_642.mp4
train,RLVS,Violence,5.000,C:\SIRCH_ENV\datasets\RLVS\Real Life Violence Dataset\Violence\V_643.mp4
train,RLVS,Violence,5.000,C:\SIRCH_ENV\datasets\RLVS\Real Life Violence Dataset\Violence\V_645.mp4
train,RLVS,Violence,5.000,C:\SIRCH_ENV\datasets\RLVS\Real Life Violence Dataset\Violence\V_649.mp4
train,RLVS,Violence,4.100,C:\SIRCH_ENV\datasets\RLVS\Real Life Violence Dataset\Violence\V_65.mp4
train,RLVS,Violence,5.000,C:\SIRCH_ENV\datasets\RLVS\Real Life Violence Dataset\Violence\V_650.mp4
train,RLVS,Violence,5.000,C:\SIRCH_ENV\datasets\RLVS\Real Life Violence Dataset\Violence\V_652.mp4
train,RLVS,Violence,5.000,C:\SIRCH_ENV\datasets\RLVS\Real Life Violence Dataset\Violence\V_653.mp4
train,RLVS,Violence,5.000,C:\SIRCH_ENV\datasets\RLVS\Real Life Violence Dataset\Violence\V_654.mp4
train,RLVS,Violence,5.000,C:\SIRCH_ENV\datasets\RLVS\Real Life Violence Dataset\Violence\V_655.mp4
train,RLVS,Violence,5.000,C:\SIRCH_ENV\datasets\RLVS\Real Life Violence Dataset\Violence\V_657.mp4
train,RLVS,Violence,5.000,C:\SIRCH_ENV\datasets\RLVS\Real Life Violence Dataset\Violence\V_658.mp4
train,RLVS,Violence,5.000,C:\SIRCH_ENV\datasets\RLVS\Real Life Violence Dataset\Violence\V_662.mp4
train,RLVS,Violence,5.000,C:\SIRCH_ENV\datasets\RLVS\Real Life Violence Dataset\Violence\V_664.mp4
train,RLVS,Violence,5.000,C:\SIRCH_ENV\datasets\RLVS\Real Life Violence Dataset\Violence\V_665.mp4
train,RLVS,Violence,5.000,C:\SIRCH_ENV\datasets\RLVS\Real Life Violence Dataset\Violence\V_667.mp4
train,RLVS,Violence,3.600,C:\SIRCH_ENV\datasets\RLVS\Real Life Violence Dataset\Violence\V_67.mp4
train,RLVS,Violence,5.000,C:\SIRCH_ENV\datasets\RLVS\Real Life Violence Dataset\Violence\V_670.mp4
train,RLVS,Violence,5.000,C:\SIRCH_ENV\datasets\RLVS\Real Life Violence Dataset\Violence\V_671.mp4
train,RLVS,Violence,5.000,C:\SIRCH_ENV\datasets\RLVS\Real Life Violence Dataset\Violence\V_673.mp4
train,RLVS,Violence,5.000,C:\SIRCH_ENV\datasets\RLVS\Real Life Violence Dataset\Violence\V_674.mp4
train,RLVS,Violence,5.000,C:\SIRCH_ENV\datasets\RLVS\Real Life Violence Dataset\Violence\V_675.mp4
train,RLVS,Violence,5.000,C:\SIRCH_ENV\datasets\RLVS\Real Life Violence Dataset\Violence\V_676.mp4
train,RLVS,Violence,5.027,C:\SIRCH_ENV\datasets\RLVS\Real Life Violence Dataset\Violence\V_677.mp4
train,RLVS,Violence,5.000,C:\SIRCH_ENV\datasets\RLVS\Real Life Violence Dataset\Violence\V_678.mp4
train,RLVS,Violence,5.000,C:\SIRCH_ENV\datasets\RLVS\Real Life Violence Dataset\Violence\V_679.mp4
train,RLVS,Violence,5.000,C:\SIRCH_ENV\datasets\RLVS\Real Life Violence Dataset\Violence\V_680.mp4
train,RLVS,Violence,5.000,C:\SIRCH_ENV\datasets\RLVS\Real Life Violence Dataset\Violence\V_681.mp4
train,RLVS,Violence,5.000,C:\SIRCH_ENV\datasets\RLVS\Real Life Violence Dataset\Violence\V_683.mp4
train,RLVS,Violence,5.000,C:\SIRCH_ENV\datasets\RLVS\Real Life Violence Dataset\Violence\V_687.mp4
train,RLVS,Violence,5.000,C:\SIRCH_ENV\datasets\RLVS\Real Life Violence Dataset\Violence\V_688.mp4
train,RLVS,Violence,5.000,C:\SIRCH_ENV\datasets\RLVS\Real Life Violence Dataset\Violence\V_690.mp4
train,RLVS,Violence,5.000,C:\SIRCH_ENV\datasets\RLVS\Real Life Violence Dataset\Violence\V_691.mp4
train,RLVS,Violence,5.000,C:\SIRCH_ENV\datasets\RLVS\Real Life Violence Dataset\Violence\V_692.mp4
train,RLVS,Violence,5.000,C:\SIRCH_ENV\datasets\RLVS\Real Life Violence Dataset\Violence\V_693.mp4
train,RLVS,Violence,5.000,C:\SIRCH_ENV\datasets\RLVS\Real Life Violence Dataset\Violence\V_694.mp4
train,RLVS,Violence,5.000,C:\SIRCH_ENV\datasets\RLVS\Real Life Violence Dataset\Violence\V_695.mp4
train,RLVS,Violence,5.000,C:\SIRCH_ENV\datasets\RLVS\Real Life Violence Dataset\Violence\V_697.mp4
train,RLVS,Violence,5.000,C:\SIRCH_ENV\datasets\RLVS\Real Life Violence Dataset\Violence\V_698.mp4
train,RLVS,Violence,4.202,C:\SIRCH_ENV\datasets\RLVS\Real Life Violence Dataset\Violence\V_7.mp4
train,RLVS,Violence,4.905,C:\SIRCH_ENV\datasets\RLVS\Real Life Violence Dataset\Violence\V_70.mp4
train,RLVS,Violence,5.000,C:\SIRCH_ENV\datasets\RLVS\Real Life Violence Dataset\Violence\V_700.mp4
train,RLVS,Violence,5.000,C:\SIRCH_ENV\datasets\RLVS\Real Life Violence Dataset\Violence\V_701.mp4
train,RLVS,Violence,5.000,C:\SIRCH_ENV\datasets\RLVS\Real Life Violence Dataset\Violence\V_702.mp4
train,RLVS,Violence,5.000,C:\SIRCH_ENV\datasets\RLVS\Real Life Violence Dataset\Violence\V_703.mp4
train,RLVS,Violence,5.000,C:\SIRCH_ENV\datasets\RLVS\Real Life Violence Dataset\Violence\V_704.mp4
train,RLVS,Violence,5.000,C:\SIRCH_ENV\datasets\RLVS\Real Life Violence Dataset\Violence\V_706.mp4
train,RLVS,Violence,5.000,C:\SIRCH_ENV\datasets\RLVS\Real Life Violence Dataset\Violence\V_708.mp4
train,RLVS,Violence,5.000,C:\SIRCH_ENV\datasets\RLVS\Real Life Violence Dataset\Violence\V_711.mp4
train,RLVS,Violence,5.000,C:\SIRCH_ENV\datasets\RLVS\Real Life Violence Dataset\Violence\V_712.mp4
train,RLVS,Violence,5.000,C:\SIRCH_ENV\datasets\RLVS\Real Life Violence Dataset\Violence\V_714.mp4
train,RLVS,Violence,5.000,C:\SIRCH_ENV\datasets\RLVS\Real Life Violence Dataset\Violence\V_716.mp4
train,RLVS,Violence,5.000,C:\SIRCH_ENV\datasets\RLVS\Real Life Violence Dataset\Violence\V_718.mp4
train,RLVS,Violence,5.000,C:\SIRCH_ENV\datasets\RLVS\Real Life Violence Dataset\Violence\V_719.mp4
train,RLVS,Violence,5.005,C:\SIRCH_ENV\datasets\RLVS\Real Life Violence Dataset\Violence\V_72.mp4
train,RLVS,Violence,5.000,C:\SIRCH_ENV\datasets\RLVS\Real Life Violence Dataset\Violence\V_722.mp4
train,RLVS,Violence,5.000,C:\SIRCH_ENV\datasets\RLVS\Real Life Violence Dataset\Violence\V_725.mp4
train,RLVS,Violence,5.000,C:\SIRCH_ENV\datasets\RLVS\Real Life Violence Dataset\Violence\V_727.mp4
train,RLVS,Violence,5.000,C:\SIRCH_ENV\datasets\RLVS\Real Life Violence Dataset\Violence\V_728.mp4
train,RLVS,Violence,5.000,C:\SIRCH_ENV\datasets\RLVS\Real Life Violence Dataset\Violence\V_729.mp4
train,RLVS,Violence,5.005,C:\SIRCH_ENV\datasets\RLVS\Real Life Violence Dataset\Violence\V_73.mp4
train,RLVS,Violence,5.000,C:\SIRCH_ENV\datasets\RLVS\Real Life Violence Dataset\Violence\V_730.mp4
train,RLVS,Violence,5.000,C:\SIRCH_ENV\datasets\RLVS\Real Life Violence Dataset\Violence\V_731.mp4
train,RLVS,Violence,5.000,C:\SIRCH_ENV\datasets\RLVS\Real Life Violence Dataset\Violence\V_732.mp4
train,RLVS,Violence,5.000,C:\SIRCH_ENV\datasets\RLVS\Real Life Violence Dataset\Violence\V_733.mp4
train,RLVS,Violence,5.000,C:\SIRCH_ENV\datasets\RLVS\Real Life Violence Dataset\Violence\V_734.mp4
train,RLVS,Violence,5.000,C:\SIRCH_ENV\datasets\RLVS\Real Life Violence Dataset\Violence\V_735.mp4
train,RLVS,Violence,5.000,C:\SIRCH_ENV\datasets\RLVS\Real Life Violence Dataset\Violence\V_736.mp4
train,RLVS,Violence,5.000,C:\SIRCH_ENV\datasets\RLVS\Real Life Violence Dataset\Violence\V_737.mp4
train,RLVS,Violence,5.000,C:\SIRCH_ENV\datasets\RLVS\Real Life Violence Dataset\Violence\V_738.mp4
train,RLVS,Violence,5.000,C:\SIRCH_ENV\datasets\RLVS\Real Life Violence Dataset\Violence\V_739.mp4
train,RLVS,Violence,5.105,C:\SIRCH_ENV\datasets\RLVS\Real Life Violence Dataset\Violence\V_74.mp4
train,RLVS,Violence,5.000,C:\SIRCH_ENV\datasets\RLVS\Real Life Violence Dataset\Violence\V_742.mp4
train,RLVS,Violence,4.705,C:\SIRCH_ENV\datasets\RLVS\Real Life Violence Dataset\Violence\V_743.mp4
train,RLVS,Violence,5.506,C:\SIRCH_ENV\datasets\RLVS\Real Life Violence Dataset\Violence\V_745.mp4
train,RLVS,Violence,5.005,C:\SIRCH_ENV\datasets\RLVS\Real Life Violence Dataset\Violence\V_748.mp4
train,RLVS,Violence,4.605,C:\SIRCH_ENV\datasets\RLVS\Real Life Violence Dataset\Violence\V_749.mp4
train,RLVS,Violence,5.005,C:\SIRCH_ENV\datasets\RLVS\Real Life Violence Dataset\Violence\V_75.mp4
train,RLVS,Violence,4.505,C:\SIRCH_ENV\datasets\RLVS\Real Life Violence Dataset\Violence\V_751.mp4
train,RLVS,Violence,4.204,C:\SIRCH_ENV\datasets\RLVS\Real Life Violence Dataset\Violence\V_752.mp4
train,RLVS,Violence,4.805,C:\SIRCH_ENV\datasets\RLVS\Real Life Violence Dataset\Violence\V_753.mp4
train,RLVS,Violence,4.304,C:\SIRCH_ENV\datasets\RLVS\Real Life Violence Dataset\Violence\V_754.mp4
train,RLVS,Violence,4.204,C:\SIRCH_ENV\datasets\RLVS\Real Life Violence Dataset\Violence\V_755.mp4
train,RLVS,Violence,3.904,C:\SIRCH_ENV\datasets\RLVS\Real Life Violence Dataset\Violence\V_759.mp4
train,RLVS,Violence,4.104,C:\SIRCH_ENV\datasets\RLVS\Real Life Violence Dataset\Violence\V_760.mp4
train,RLVS,Violence,4.204,C:\SIRCH_ENV\datasets\RLVS\Real Life Violence Dataset\Violence\V_761.mp4
train,RLVS,Violence,3.804,C:\SIRCH_ENV\datasets\RLVS\Real Life Violence Dataset\Violence\V_762.mp4
train,RLVS,Violence,4.104,C:\SIRCH_ENV\datasets\RLVS\Real Life Violence Dataset\Violence\V_764.mp4
train,RLVS,Violence,4.304,C:\SIRCH_ENV\datasets\RLVS\Real Life Violence Dataset\Violence\V_765.mp4
train,RLVS,Violence,5.900,C:\SIRCH_ENV\datasets\RLVS\Real Life Violence Dataset\Violence\V_769.mp4
train,RLVS,Violence,5.105,C:\SIRCH_ENV\datasets\RLVS\Real Life Violence Dataset\Violence\V_77.mp4
train,RLVS,Violence,5.400,C:\SIRCH_ENV\datasets\RLVS\Real Life Violence Dataset\Violence\V_771.mp4
train,RLVS,Violence,4.000,C:\SIRCH_ENV\datasets\RLVS\Real Life Violence Dataset\Violence\V_772.mp4
train,RLVS,Violence,5.000,C:\SIRCH_ENV\datasets\RLVS\Real Life Violence Dataset\Violence\V_773.mp4
train,RLVS,Violence,4.800,C:\SIRCH_ENV\datasets\RLVS\Real Life Violence Dataset\Violence\V_775.mp4
train,RLVS,Violence,4.000,C:\SIRCH_ENV\datasets\RLVS\Real Life Violence Dataset\Violence\V_777.mp4
train,RLVS,Violence,5.500,C:\SIRCH_ENV\datasets\RLVS\Real Life Violence Dataset\Violence\V_779.mp4
train,RLVS,Violence,5.005,C:\SIRCH_ENV\datasets\RLVS\Real Life Violence Dataset\Violence\V_78.mp4
train,RLVS,Violence,4.600,C:\SIRCH_ENV\datasets\RLVS\Real Life Violence Dataset\Violence\V_783.mp4
train,RLVS,Violence,4.400,C:\SIRCH_ENV\datasets\RLVS\Real Life Violence Dataset\Violence\V_784.mp4
train,RLVS,Violence,5.400,C:\SIRCH_ENV\datasets\RLVS\Real Life Violence Dataset\Violence\V_785.mp4
train,RLVS,Violence,5.200,C:\SIRCH_ENV\datasets\RLVS\Real Life Violence Dataset\Violence\V_787.mp4
train,RLVS,Violence,3.604,C:\SIRCH_ENV\datasets\RLVS\Real Life Violence Dataset\Violence\V_79.mp4
train,RLVS,Violence,5.603,C:\SIRCH_ENV\datasets\RLVS\Real Life Violence Dataset\Violence\V_790.mp4
train,RLVS,Violence,5.027,C:\SIRCH_ENV\datasets\RLVS\Real Life Violence Dataset\Violence\V_791.mp4
train,RLVS,Violence,5.027,C:\SIRCH_ENV\datasets\RLVS\Real Life Violence Dataset\Violence\V_792.mp4
train,RLVS,Violence,4.120,C:\SIRCH_ENV\datasets\RLVS\Real Life Violence Dataset\Violence\V_793.mp4
train,RLVS,Violence,5.933,C:\SIRCH_ENV\datasets\RLVS\Real Life Violence Dataset\Violence\V_795.mp4
train,RLVS,Violence,4.903,C:\SIRCH_ENV\datasets\RLVS\Real Life Violence Dataset\Violence\V_796.mp4
train,RLVS,Violence,5.027,C:\SIRCH_ENV\datasets\RLVS\Real Life Violence Dataset\Violence\V_797.mp4
train,RLVS,Violence,5.109,C:\SIRCH_ENV\datasets\RLVS\Real Life Violence Dataset\Violence\V_798.mp4
train,RLVS,Violence,4.821,C:\SIRCH_ENV\datasets\RLVS\Real Life Violence Dataset\Violence\V_799.mp4
train,RLVS,Violence,5.320,C:\SIRCH_ENV\datasets\RLVS\Real Life Violence Dataset\Violence\V_8.mp4
train,RLVS,Violence,5.105,C:\SIRCH_ENV\datasets\RLVS\Real Life Violence Dataset\Violence\V_80.mp4
train,RLVS,Violence,5.100,C:\SIRCH_ENV\datasets\RLVS\Real Life Violence Dataset\Violence\V_800.mp4
train,RLVS,Violence,6.100,C:\SIRCH_ENV\datasets\RLVS\Real Life Violence Dataset\Violence\V_802.mp4
train,RLVS,Violence,4.800,C:\SIRCH_ENV\datasets\RLVS\Real Life Violence Dataset\Violence\V_807.mp4
train,RLVS,Violence,5.100,C:\SIRCH_ENV\datasets\RLVS\Real Life Violence Dataset\Violence\V_809.mp4
train,RLVS,Violence,5.105,C:\SIRCH_ENV\datasets\RLVS\Real Life Violence Dataset\Violence\V_81.mp4
train,RLVS,Violence,4.400,C:\SIRCH_ENV\datasets\RLVS\Real Life Violence Dataset\Violence\V_812.mp4
train,RLVS,Violence,5.600,C:\SIRCH_ENV\datasets\RLVS\Real Life Violence Dataset\Violence\V_813.mp4
train,RLVS,Violence,4.700,C:\SIRCH_ENV\datasets\RLVS\Real Life Violence Dataset\Violence\V_814.mp4
train,RLVS,Violence,4.800,C:\SIRCH_ENV\datasets\RLVS\Real Life Violence Dataset\Violence\V_815.mp4
train,RLVS,Violence,4.800,C:\SIRCH_ENV\datasets\RLVS\Real Life Violence Dataset\Violence\V_816.mp4
train,RLVS,Violence,4.100,C:\SIRCH_ENV\datasets\RLVS\Real Life Violence Dataset\Violence\V_818.mp4
train,RLVS,Violence,5.200,C:\SIRCH_ENV\datasets\RLVS\Real Life Violence Dataset\Violence\V_819.mp4
train,RLVS,Violence,5.405,C:\SIRCH_ENV\datasets\RLVS\Real Life Violence Dataset\Violence\V_82.mp4
train,RLVS,Violence,4.800,C:\SIRCH_ENV\datasets\RLVS\Real Life Violence Dataset\Violence\V_820.mp4
train,RLVS,Violence,4.800,C:\SIRCH_ENV\datasets\RLVS\Real Life Violence Dataset\Violence\V_821.mp4
train,RLVS,Violence,4.200,C:\SIRCH_ENV\datasets\RLVS\Real Life Violence Dataset\Violence\V_822.mp4
train,RLVS,Violence,4.900,C:\SIRCH_ENV\datasets\RLVS\Real Life Violence Dataset\Violence\V_824.mp4
train,RLVS,Violence,6.100,C:\SIRCH_ENV\datasets\RLVS\Real Life Violence Dataset\Violence\V_825.mp4
train,RLVS,Violence,4.200,C:\SIRCH_ENV\datasets\RLVS\Real Life Violence Dataset\Violence\V_826.mp4
train,RLVS,Violence,5.105,C:\SIRCH_ENV\datasets\RLVS\Real Life Violence Dataset\Violence\V_83.mp4
train,RLVS,Violence,5.000,C:\SIRCH_ENV\datasets\RLVS\Real Life Violence Dataset\Violence\V_830.mp4
train,RLVS,Violence,5.000,C:\SIRCH_ENV\datasets\RLVS\Real Life Violence Dataset\Violence\V_832.mp4
train,RLVS,Violence,5.100,C:\SIRCH_ENV\datasets\RLVS\Real Life Violence Dataset\Violence\V_833.mp4
train,RLVS,Violence,5.000,C:\SIRCH_ENV\datasets\RLVS\Real Life Violence Dataset\Violence\V_834.mp4
train,RLVS,Violence,5.000,C:\SIRCH_ENV\datasets\RLVS\Real Life Violence Dataset\Violence\V_836.mp4
train,RLVS,Violence,4.200,C:\SIRCH_ENV\datasets\RLVS\Real Life Violence Dataset\Violence\V_837.mp4
train,RLVS,Violence,5.100,C:\SIRCH_ENV\datasets\RLVS\Real Life Violence Dataset\Violence\V_838.mp4
train,RLVS,Violence,5.000,C:\SIRCH_ENV\datasets\RLVS\Real Life Violence Dataset\Violence\V_839.mp4
train,RLVS,Violence,5.000,C:\SIRCH_ENV\datasets\RLVS\Real Life Violence Dataset\Violence\V_840.mp4
train,RLVS,Violence,5.000,C:\SIRCH_ENV\datasets\RLVS\Real Life Violence Dataset\Violence\V_841.mp4
train,RLVS,Violence,4.400,C:\SIRCH_ENV\datasets\RLVS\Real Life Violence Dataset\Violence\V_842.mp4
train,RLVS,Violence,5.000,C:\SIRCH_ENV\datasets\RLVS\Real Life Violence Dataset\Violence\V_843.mp4
train,RLVS,Violence,5.200,C:\SIRCH_ENV\datasets\RLVS\Real Life Violence Dataset\Violence\V_844.mp4
train,RLVS,Violence,5.000,C:\SIRCH_ENV\datasets\RLVS\Real Life Violence Dataset\Violence\V_845.mp4
train,RLVS,Violence,4.400,C:\SIRCH_ENV\datasets\RLVS\Real Life Violence Dataset\Violence\V_847.mp4
train,RLVS,Violence,3.700,C:\SIRCH_ENV\datasets\RLVS\Real Life Violence Dataset\Violence\V_848.mp4
train,RLVS,Violence,4.500,C:\SIRCH_ENV\datasets\RLVS\Real Life Violence Dataset\Violence\V_849.mp4
train,RLVS,Violence,5.005,C:\SIRCH_ENV\datasets\RLVS\Real Life Violence Dataset\Violence\V_85.mp4
train,RLVS,Violence,5.600,C:\SIRCH_ENV\datasets\RLVS\Real Life Violence Dataset\Violence\V_850.mp4
train,RLVS,Violence,5.400,C:\SIRCH_ENV\datasets\RLVS\Real Life Violence Dataset\Violence\V_851.mp4
train,RLVS,Violence,4.600,C:\SIRCH_ENV\datasets\RLVS\Real Life Violence Dataset\Violence\V_853.mp4
train,RLVS,Violence,4.400,C:\SIRCH_ENV\datasets\RLVS\Real Life Violence Dataset\Violence\V_857.mp4
train,RLVS,Violence,4.300,C:\SIRCH_ENV\datasets\RLVS\Real Life Violence Dataset\Violence\V_858.mp4
train,RLVS,Violence,4.300,C:\SIRCH_ENV\datasets\RLVS\Real Life Violence Dataset\Violence\V_860.mp4
train,RLVS,Violence,3.900,C:\SIRCH_ENV\datasets\RLVS\Real Life Violence Dataset\Violence\V_863.mp4
train,RLVS,Violence,4.500,C:\SIRCH_ENV\datasets\RLVS\Real Life Violence Dataset\Violence\V_865.mp4
train,RLVS,Violence,4.100,C:\SIRCH_ENV\datasets\RLVS\Real Life Violence Dataset\Violence\V_866.mp4
train,RLVS,Violence,3.900,C:\SIRCH_ENV\datasets\RLVS\Real Life Violence Dataset\Violence\V_867.mp4
train,RLVS,Violence,4.200,C:\SIRCH_ENV\datasets\RLVS\Real Life Violence Dataset\Violence\V_869.mp4
train,RLVS,Violence,5.200,C:\SIRCH_ENV\datasets\RLVS\Real Life Violence Dataset\Violence\V_871.mp4
train,RLVS,Violence,5.300,C:\SIRCH_ENV\datasets\RLVS\Real Life Violence Dataset\Violence\V_872.mp4
train,RLVS,Violence,5.000,C:\SIRCH_ENV\datasets\RLVS\Real Life Violence Dataset\Violence\V_873.mp4
train,RLVS,Violence,5.000,C:\SIRCH_ENV\datasets\RLVS\Real Life Violence Dataset\Violence\V_874.mp4
train,RLVS,Violence,5.000,C:\SIRCH_ENV\datasets\RLVS\Real Life Violence Dataset\Violence\V_875.mp4
train,RLVS,Violence,5.000,C:\SIRCH_ENV\datasets\RLVS\Real Life Violence Dataset\Violence\V_877.mp4
train,RLVS,Violence,4.605,C:\SIRCH_ENV\datasets\RLVS\Real Life Violence Dataset\Violence\V_88.mp4
train,RLVS,Violence,4.300,C:\SIRCH_ENV\datasets\RLVS\Real Life Violence Dataset\Violence\V_880.mp4
train,RLVS,Violence,5.100,C:\SIRCH_ENV\datasets\RLVS\Real Life Violence Dataset\Violence\V_881.mp4
train,RLVS,Violence,5.000,C:\SIRCH_ENV\datasets\RLVS\Real Life Violence Dataset\Violence\V_882.mp4
train,RLVS,Violence,5.400,C:\SIRCH_ENV\datasets\RLVS\Real Life Violence Dataset\Violence\V_883.mp4
train,RLVS,Violence,5.812,C:\SIRCH_ENV\datasets\RLVS\Real Life Violence Dataset\Violence\V_886.mp4
train,RLVS,Violence,4.200,C:\SIRCH_ENV\datasets\RLVS\Real Life Violence Dataset\Violence\V_888.mp4
train,RLVS,Violence,4.400,C:\SIRCH_ENV\datasets\RLVS\Real Life Violence Dataset\Violence\V_889.mp4
train,RLVS,Violence,5.105,C:\SIRCH_ENV\datasets\RLVS\Real Life Violence Dataset\Violence\V_89.mp4
train,RLVS,Violence,4.512,C:\SIRCH_ENV\datasets\RLVS\Real Life Violence Dataset\Violence\V_890.mp4
train,RLVS,Violence,4.716,C:\SIRCH_ENV\datasets\RLVS\Real Life Violence Dataset\Violence\V_892.mp4
train,RLVS,Violence,3.630,C:\SIRCH_ENV\datasets\RLVS\Real Life Violence Dataset\Violence\V_893.mp4
train,RLVS,Violence,4.793,C:\SIRCH_ENV\datasets\RLVS\Real Life Violence Dataset\Violence\V_894.mp4
train,RLVS,Violence,4.103,C:\SIRCH_ENV\datasets\RLVS\Real Life Violence Dataset\Violence\V_895.mp4
train,RLVS,Violence,4.207,C:\SIRCH_ENV\datasets\RLVS\Real Life Violence Dataset\Violence\V_897.mp4
train,RLVS,Violence,4.304,C:\SIRCH_ENV\datasets\RLVS\Real Life Violence Dataset\Violence\V_898.mp4
train,RLVS,Violence,7.200,C:\SIRCH_ENV\datasets\RLVS\Real Life Violence Dataset\Violence\V_9.mp4
train,RLVS,Violence,5.005,C:\SIRCH_ENV\datasets\RLVS\Real Life Violence Dataset\Violence\V_901.mp4
train,RLVS,Violence,4.900,C:\SIRCH_ENV\datasets\RLVS\Real Life Violence Dataset\Violence\V_903.mp4
train,RLVS,Violence,4.300,C:\SIRCH_ENV\datasets\RLVS\Real Life Violence Dataset\Violence\V_906.mp4
train,RLVS,Violence,5.400,C:\SIRCH_ENV\datasets\RLVS\Real Life Violence Dataset\Violence\V_907.mp4
train,RLVS,Violence,4.700,C:\SIRCH_ENV\datasets\RLVS\Real Life Violence Dataset\Violence\V_908.mp4
train,RLVS,Violence,3.400,C:\SIRCH_ENV\datasets\RLVS\Real Life Violence Dataset\Violence\V_909.mp4
train,RLVS,Violence,5.005,C:\SIRCH_ENV\datasets\RLVS\Real Life Violence Dataset\Violence\V_91.mp4
train,RLVS,Violence,4.517,C:\SIRCH_ENV\datasets\RLVS\Real Life Violence Dataset\Violence\V_910.mp4
train,RLVS,Violence,4.724,C:\SIRCH_ENV\datasets\RLVS\Real Life Violence Dataset\Violence\V_911.mp4
train,RLVS,Violence,4.207,C:\SIRCH_ENV\datasets\RLVS\Real Life Violence Dataset\Violence\V_912.mp4
train,RLVS,Violence,4.705,C:\SIRCH_ENV\datasets\RLVS\Real Life Violence Dataset\Violence\V_915.mp4
train,RLVS,Violence,4.635,C:\SIRCH_ENV\datasets\RLVS\Real Life Violence Dataset\Violence\V_918.mp4
train,RLVS,Violence,4.200,C:\SIRCH_ENV\datasets\RLVS\Real Life Violence Dataset\Violence\V_919.mp4
train,RLVS,Violence,5.005,C:\SIRCH_ENV\datasets\RLVS\Real Life Violence Dataset\Violence\V_92.mp4
train,RLVS,Violence,4.428,C:\SIRCH_ENV\datasets\RLVS\Real Life Violence Dataset\Violence\V_921.mp4
train,RLVS,Violence,5.338,C:\SIRCH_ENV\datasets\RLVS\Real Life Violence Dataset\Violence\V_922.mp4
train,RLVS,Violence,4.800,C:\SIRCH_ENV\datasets\RLVS\Real Life Violence Dataset\Violence\V_924.mp4
train,RLVS,Violence,5.400,C:\SIRCH_ENV\datasets\RLVS\Real Life Violence Dataset\Violence\V_925.mp4
train,RLVS,Violence,4.200,C:\SIRCH_ENV\datasets\RLVS\Real Life Violence Dataset\Violence\V_926.mp4
train,RLVS,Violence,4.400,C:\SIRCH_ENV\datasets\RLVS\Real Life Violence Dataset\Violence\V_927.mp4
train,RLVS,Violence,5.000,C:\SIRCH_ENV\datasets\RLVS\Real Life Violence Dataset\Violence\V_928.mp4
train,RLVS,Violence,5.105,C:\SIRCH_ENV\datasets\RLVS\Real Life Violence Dataset\Violence\V_93.mp4
train,RLVS,Violence,6.300,C:\SIRCH_ENV\datasets\RLVS\Real Life Violence Dataset\Violence\V_930.mp4
train,RLVS,Violence,5.417,C:\SIRCH_ENV\datasets\RLVS\Real Life Violence Dataset\Violence\V_931.mp4
train,RLVS,Violence,5.100,C:\SIRCH_ENV\datasets\RLVS\Real Life Violence Dataset\Violence\V_932.mp4
train,RLVS,Violence,4.500,C:\SIRCH_ENV\datasets\RLVS\Real Life Violence Dataset\Violence\V_934.mp4
train,RLVS,Violence,4.132,C:\SIRCH_ENV\datasets\RLVS\Real Life Violence Dataset\Violence\V_935.mp4
train,RLVS,Violence,5.105,C:\SIRCH_ENV\datasets\RLVS\Real Life Violence Dataset\Violence\V_936.mp4
train,RLVS,Violence,4.705,C:\SIRCH_ENV\datasets\RLVS\Real Life Violence Dataset\Violence\V_937.mp4
train,RLVS,Violence,4.605,C:\SIRCH_ENV\datasets\RLVS\Real Life Violence Dataset\Violence\V_938.mp4
train,RLVS,Violence,4.310,C:\SIRCH_ENV\datasets\RLVS\Real Life Violence Dataset\Violence\V_939.mp4
train,RLVS,Violence,4.004,C:\SIRCH_ENV\datasets\RLVS\Real Life Violence Dataset\Violence\V_94.mp4
train,RLVS,Violence,5.000,C:\SIRCH_ENV\datasets\RLVS\Real Life Violence Dataset\Violence\V_940.mp4
train,RLVS,Violence,5.310,C:\SIRCH_ENV\datasets\RLVS\Real Life Violence Dataset\Violence\V_942.mp4
train,RLVS,Violence,4.724,C:\SIRCH_ENV\datasets\RLVS\Real Life Violence Dataset\Violence\V_943.mp4
train,RLVS,Violence,4.204,C:\SIRCH_ENV\datasets\RLVS\Real Life Violence Dataset\Violence\V_944.mp4
train,RLVS,Violence,4.400,C:\SIRCH_ENV\datasets\RLVS\Real Life Violence Dataset\Violence\V_946.mp4
train,RLVS,Violence,4.600,C:\SIRCH_ENV\datasets\RLVS\Real Life Violence Dataset\Violence\V_947.mp4
train,RLVS,Violence,4.700,C:\SIRCH_ENV\datasets\RLVS\Real Life Violence Dataset\Violence\V_948.mp4
train,RLVS,Violence,4.100,C:\SIRCH_ENV\datasets\RLVS\Real Life Violence Dataset\Violence\V_949.mp4
train,RLVS,Violence,4.705,C:\SIRCH_ENV\datasets\RLVS\Real Life Violence Dataset\Violence\V_95.mp4
train,RLVS,Violence,4.300,C:\SIRCH_ENV\datasets\RLVS\Real Life Violence Dataset\Violence\V_950.mp4
train,RLVS,Violence,4.815,C:\SIRCH_ENV\datasets\RLVS\Real Life Violence Dataset\Violence\V_952.mp4
train,RLVS,Violence,6.200,C:\SIRCH_ENV\datasets\RLVS\Real Life Violence Dataset\Violence\V_953.mp4
train,RLVS,Violence,5.200,C:\SIRCH_ENV\datasets\RLVS\Real Life Violence Dataset\Violence\V_954.mp4
train,RLVS,Violence,6.200,C:\SIRCH_ENV\datasets\RLVS\Real Life Violence Dataset\Violence\V_955.mp4
train,RLVS,Violence,5.200,C:\SIRCH_ENV\datasets\RLVS\Real Life Violence Dataset\Violence\V_956.mp4
train,RLVS,Violence,4.204,C:\SIRCH_ENV\datasets\RLVS\Real Life Violence Dataset\Violence\V_958.mp4
train,RLVS,Violence,5.005,C:\SIRCH_ENV\datasets\RLVS\Real Life Violence Dataset\Violence\V_96.mp4
train,RLVS,Violence,3.804,C:\SIRCH_ENV\datasets\RLVS\Real Life Violence Dataset\Violence\V_960.mp4
train,RLVS,Violence,4.505,C:\SIRCH_ENV\datasets\RLVS\Real Life Violence Dataset\Violence\V_961.mp4
train,RLVS,Violence,4.705,C:\SIRCH_ENV\datasets\RLVS\Real Life Violence Dataset\Violence\V_962.mp4
train,RLVS,Violence,5.016,C:\SIRCH_ENV\datasets\RLVS\Real Life Violence Dataset\Violence\V_963.mp4
train,RLVS,Violence,5.000,C:\SIRCH_ENV\datasets\RLVS\Real Life Violence Dataset\Violence\V_966.mp4
train,RLVS,Violence,5.000,C:\SIRCH_ENV\datasets\RLVS\Real Life Violence Dataset\Violence\V_967.mp4
train,RLVS,Violence,5.400,C:\SIRCH_ENV\datasets\RLVS\Real Life Violence Dataset\Violence\V_969.mp4
train,RLVS,Violence,5.200,C:\SIRCH_ENV\datasets\RLVS\Real Life Violence Dataset\Violence\V_971.mp4
train,RLVS,Violence,2.900,C:\SIRCH_ENV\datasets\RLVS\Real Life Violence Dataset\Violence\V_972.mp4
train,RLVS,Violence,5.000,C:\SIRCH_ENV\datasets\RLVS\Real Life Violence Dataset\Violence\V_973.mp4
train,RLVS,Violence,5.100,C:\SIRCH_ENV\datasets\RLVS\Real Life Violence Dataset\Violence\V_974.mp4
train,RLVS,Violence,5.000,C:\SIRCH_ENV\datasets\RLVS\Real Life Violence Dataset\Violence\V_976.mp4
train,RLVS,Violence,5.000,C:\SIRCH_ENV\datasets\RLVS\Real Life Violence Dataset\Violence\V_977.mp4
train,RLVS,Violence,5.005,C:\SIRCH_ENV\datasets\RLVS\Real Life Violence Dataset\Violence\V_98.mp4
train,RLVS,Violence,5.000,C:\SIRCH_ENV\datasets\RLVS\Real Life Violence Dataset\Violence\V_980.mp4
train,RLVS,Violence,5.000,C:\SIRCH_ENV\datasets\RLVS\Real Life Violence Dataset\Violence\V_981.mp4
train,RLVS,Violence,5.000,C:\SIRCH_ENV\datasets\RLVS\Real Life Violence Dataset\Violence\V_982.mp4
train,RLVS,Violence,5.000,C:\SIRCH_ENV\datasets\RLVS\Real Life Violence Dataset\Violence\V_983.mp4
train,RLVS,Violence,5.000,C:\SIRCH_ENV\datasets\RLVS\Real Life Violence Dataset\Violence\V_985.mp4
train,RLVS,Violence,5.200,C:\SIRCH_ENV\datasets\RLVS\Real Life Violence Dataset\Violence\V_986.mp4
train,RLVS,Violence,5.000,C:\SIRCH_ENV\datasets\RLVS\Real Life Violence Dataset\Violence\V_987.mp4
train,RLVS,Violence,5.000,C:\SIRCH_ENV\datasets\RLVS\Real Life Violence Dataset\Violence\V_989.mp4
train,RLVS,Violence,5.005,C:\SIRCH_ENV\datasets\RLVS\Real Life Violence Dataset\Violence\V_99.mp4
train,RLVS,Violence,5.000,C:\SIRCH_ENV\datasets\RLVS\Real Life Violence Dataset\Violence\V_990.mp4
train,RLVS,Violence,5.000,C:\SIRCH_ENV\datasets\RLVS\Real Life Violence Dataset\Violence\V_992.mp4
train,RLVS,Violence,5.000,C:\SIRCH_ENV\datasets\RLVS\Real Life Violence Dataset\Violence\V_993.mp4
train,RLVS,Violence,5.000,C:\SIRCH_ENV\datasets\RLVS\Real Life Violence Dataset\Violence\V_995.mp4
train,RLVS,Violence,5.000,C:\SIRCH_ENV\datasets\RLVS\Real Life Violence Dataset\Violence\V_997.mp4
train,RLVS,Violence,5.000,C:\SIRCH_ENV\datasets\RLVS\Real Life Violence Dataset\Violence\V_998.mp4
train,RWF-2000,Non-violence,5.000,C:\SIRCH_ENV\datasets\RWF-2000\train\NonFight\rwf_train_nonfight_0004.avi
train,RWF-2000,Non-violence,5.000,C:\SIRCH_ENV\datasets\RWF-2000\train\NonFight\rwf_train_nonfight_0005.avi
train,RWF-2000,Non-violence,5.000,C:\SIRCH_ENV\datasets\RWF-2000\train\NonFight\rwf_train_nonfight_0007.avi
train,RWF-2000,Non-violence,5.000,C:\SIRCH_ENV\datasets\RWF-2000\train\NonFight\rwf_train_nonfight_0008.avi
train,RWF-2000,Non-violence,5.000,C:\SIRCH_ENV\datasets\RWF-2000\train\NonFight\rwf_train_nonfight_0009.avi
train,RWF-2000,Non-violence,5.000,C:\SIRCH_ENV\datasets\RWF-2000\train\NonFight\rwf_train_nonfight_0011.avi
train,RWF-2000,Non-violence,5.000,C:\SIRCH_ENV\datasets\RWF-2000\train\NonFight\rwf_train_nonfight_0013.avi
train,RWF-2000,Non-violence,5.000,C:\SIRCH_ENV\datasets\RWF-2000\train\NonFight\rwf_train_nonfight_0014.avi
train,RWF-2000,Non-violence,5.000,C:\SIRCH_ENV\datasets\RWF-2000\train\NonFight\rwf_train_nonfight_0015.avi
train,RWF-2000,Non-violence,5.000,C:\SIRCH_ENV\datasets\RWF-2000\train\NonFight\rwf_train_nonfight_0019.avi
train,RWF-2000,Non-violence,5.000,C:\SIRCH_ENV\datasets\RWF-2000\train\NonFight\rwf_train_nonfight_0020.avi
train,RWF-2000,Non-violence,5.000,C:\SIRCH_ENV\datasets\RWF-2000\train\NonFight\rwf_train_nonfight_0021.avi
train,RWF-2000,Non-violence,5.000,C:\SIRCH_ENV\datasets\RWF-2000\train\NonFight\rwf_train_nonfight_0022.avi
train,RWF-2000,Non-violence,5.000,C:\SIRCH_ENV\datasets\RWF-2000\train\NonFight\rwf_train_nonfight_0023.avi
train,RWF-2000,Non-violence,5.000,C:\SIRCH_ENV\datasets\RWF-2000\train\NonFight\rwf_train_nonfight_0024.avi
train,RWF-2000,Non-violence,5.000,C:\SIRCH_ENV\datasets\RWF-2000\train\NonFight\rwf_train_nonfight_0025.avi
train,RWF-2000,Non-violence,5.000,C:\SIRCH_ENV\datasets\RWF-2000\train\NonFight\rwf_train_nonfight_0026.avi
train,RWF-2000,Non-violence,5.000,C:\SIRCH_ENV\datasets\RWF-2000\train\NonFight\rwf_train_nonfight_0028.avi
train,RWF-2000,Non-violence,5.000,C:\SIRCH_ENV\datasets\RWF-2000\train\NonFight\rwf_train_nonfight_0030.avi
train,RWF-2000,Non-violence,5.000,C:\SIRCH_ENV\datasets\RWF-2000\train\NonFight\rwf_train_nonfight_0031.avi
train,RWF-2000,Non-violence,5.000,C:\SIRCH_ENV\datasets\RWF-2000\train\NonFight\rwf_train_nonfight_0032.avi
train,RWF-2000,Non-violence,5.000,C:\SIRCH_ENV\datasets\RWF-2000\train\NonFight\rwf_train_nonfight_0033.avi
train,RWF-2000,Non-violence,5.000,C:\SIRCH_ENV\datasets\RWF-2000\train\NonFight\rwf_train_nonfight_0034.avi
train,RWF-2000,Non-violence,5.000,C:\SIRCH_ENV\datasets\RWF-2000\train\NonFight\rwf_train_nonfight_0035.avi
train,RWF-2000,Non-violence,5.000,C:\SIRCH_ENV\datasets\RWF-2000\train\NonFight\rwf_train_nonfight_0036.avi
train,RWF-2000,Non-violence,5.000,C:\SIRCH_ENV\datasets\RWF-2000\train\NonFight\rwf_train_nonfight_0042.avi
train,RWF-2000,Non-violence,5.000,C:\SIRCH_ENV\datasets\RWF-2000\train\NonFight\rwf_train_nonfight_0045.avi
train,RWF-2000,Non-violence,5.000,C:\SIRCH_ENV\datasets\RWF-2000\train\NonFight\rwf_train_nonfight_0046.avi
train,RWF-2000,Non-violence,5.000,C:\SIRCH_ENV\datasets\RWF-2000\train\NonFight\rwf_train_nonfight_0047.avi
train,RWF-2000,Non-violence,5.000,C:\SIRCH_ENV\datasets\RWF-2000\train\NonFight\rwf_train_nonfight_0048.avi
train,RWF-2000,Non-violence,5.000,C:\SIRCH_ENV\datasets\RWF-2000\train\NonFight\rwf_train_nonfight_0049.avi
train,RWF-2000,Non-violence,5.000,C:\SIRCH_ENV\datasets\RWF-2000\train\NonFight\rwf_train_nonfight_0050.avi
train,RWF-2000,Non-violence,5.000,C:\SIRCH_ENV\datasets\RWF-2000\train\NonFight\rwf_train_nonfight_0051.avi
train,RWF-2000,Non-violence,5.000,C:\SIRCH_ENV\datasets\RWF-2000\train\NonFight\rwf_train_nonfight_0052.avi
train,RWF-2000,Non-violence,5.000,C:\SIRCH_ENV\datasets\RWF-2000\train\NonFight\rwf_train_nonfight_0053.avi
train,RWF-2000,Non-violence,5.000,C:\SIRCH_ENV\datasets\RWF-2000\train\NonFight\rwf_train_nonfight_0054.avi
train,RWF-2000,Non-violence,5.000,C:\SIRCH_ENV\datasets\RWF-2000\train\NonFight\rwf_train_nonfight_0056.avi
train,RWF-2000,Non-violence,5.000,C:\SIRCH_ENV\datasets\RWF-2000\train\NonFight\rwf_train_nonfight_0057.avi
train,RWF-2000,Non-violence,5.000,C:\SIRCH_ENV\datasets\RWF-2000\train\NonFight\rwf_train_nonfight_0058.avi
train,RWF-2000,Non-violence,5.000,C:\SIRCH_ENV\datasets\RWF-2000\train\NonFight\rwf_train_nonfight_0059.avi
train,RWF-2000,Non-violence,5.000,C:\SIRCH_ENV\datasets\RWF-2000\train\NonFight\rwf_train_nonfight_0060.avi
train,RWF-2000,Non-violence,5.000,C:\SIRCH_ENV\datasets\RWF-2000\train\NonFight\rwf_train_nonfight_0061.avi
train,RWF-2000,Non-violence,5.000,C:\SIRCH_ENV\datasets\RWF-2000\train\NonFight\rwf_train_nonfight_0062.avi
train,RWF-2000,Non-violence,5.000,C:\SIRCH_ENV\datasets\RWF-2000\train\NonFight\rwf_train_nonfight_0063.avi
train,RWF-2000,Non-violence,5.000,C:\SIRCH_ENV\datasets\RWF-2000\train\NonFight\rwf_train_nonfight_0064.avi
train,RWF-2000,Non-violence,5.000,C:\SIRCH_ENV\datasets\RWF-2000\train\NonFight\rwf_train_nonfight_0065.avi
train,RWF-2000,Non-violence,5.000,C:\SIRCH_ENV\datasets\RWF-2000\train\NonFight\rwf_train_nonfight_0066.avi
train,RWF-2000,Non-violence,5.000,C:\SIRCH_ENV\datasets\RWF-2000\train\NonFight\rwf_train_nonfight_0067.avi
train,RWF-2000,Non-violence,5.000,C:\SIRCH_ENV\datasets\RWF-2000\train\NonFight\rwf_train_nonfight_0068.avi
train,RWF-2000,Non-violence,5.000,C:\SIRCH_ENV\datasets\RWF-2000\train\NonFight\rwf_train_nonfight_0069.avi
train,RWF-2000,Non-violence,5.000,C:\SIRCH_ENV\datasets\RWF-2000\train\NonFight\rwf_train_nonfight_0071.avi
train,RWF-2000,Non-violence,5.000,C:\SIRCH_ENV\datasets\RWF-2000\train\NonFight\rwf_train_nonfight_0072.avi
train,RWF-2000,Non-violence,5.000,C:\SIRCH_ENV\datasets\RWF-2000\train\NonFight\rwf_train_nonfight_0073.avi
train,RWF-2000,Non-violence,5.000,C:\SIRCH_ENV\datasets\RWF-2000\train\NonFight\rwf_train_nonfight_0074.avi
train,RWF-2000,Non-violence,5.000,C:\SIRCH_ENV\datasets\RWF-2000\train\NonFight\rwf_train_nonfight_0076.avi
train,RWF-2000,Non-violence,5.000,C:\SIRCH_ENV\datasets\RWF-2000\train\NonFight\rwf_train_nonfight_0081.avi
train,RWF-2000,Non-violence,5.000,C:\SIRCH_ENV\datasets\RWF-2000\train\NonFight\rwf_train_nonfight_0085.avi
train,RWF-2000,Non-violence,5.000,C:\SIRCH_ENV\datasets\RWF-2000\train\NonFight\rwf_train_nonfight_0087.avi
train,RWF-2000,Non-violence,5.000,C:\SIRCH_ENV\datasets\RWF-2000\train\NonFight\rwf_train_nonfight_0088.avi
train,RWF-2000,Non-violence,5.000,C:\SIRCH_ENV\datasets\RWF-2000\train\NonFight\rwf_train_nonfight_0089.avi
train,RWF-2000,Non-violence,5.000,C:\SIRCH_ENV\datasets\RWF-2000\train\NonFight\rwf_train_nonfight_0092.avi
train,RWF-2000,Non-violence,5.000,C:\SIRCH_ENV\datasets\RWF-2000\train\NonFight\rwf_train_nonfight_0093.avi
train,RWF-2000,Non-violence,5.000,C:\SIRCH_ENV\datasets\RWF-2000\train\NonFight\rwf_train_nonfight_0094.avi
train,RWF-2000,Non-violence,5.000,C:\SIRCH_ENV\datasets\RWF-2000\train\NonFight\rwf_train_nonfight_0095.avi
train,RWF-2000,Non-violence,5.000,C:\SIRCH_ENV\datasets\RWF-2000\train\NonFight\rwf_train_nonfight_0096.avi
train,RWF-2000,Non-violence,5.000,C:\SIRCH_ENV\datasets\RWF-2000\train\NonFight\rwf_train_nonfight_0097.avi
train,RWF-2000,Non-violence,5.000,C:\SIRCH_ENV\datasets\RWF-2000\train\NonFight\rwf_train_nonfight_0098.avi
train,RWF-2000,Non-violence,5.000,C:\SIRCH_ENV\datasets\RWF-2000\train\NonFight\rwf_train_nonfight_0099.avi
train,RWF-2000,Non-violence,5.000,C:\SIRCH_ENV\datasets\RWF-2000\train\NonFight\rwf_train_nonfight_0100.avi
train,RWF-2000,Non-violence,5.000,C:\SIRCH_ENV\datasets\RWF-2000\train\NonFight\rwf_train_nonfight_0101.avi
train,RWF-2000,Non-violence,5.000,C:\SIRCH_ENV\datasets\RWF-2000\train\NonFight\rwf_train_nonfight_0102.avi
train,RWF-2000,Non-violence,5.000,C:\SIRCH_ENV\datasets\RWF-2000\train\NonFight\rwf_train_nonfight_0103.avi
train,RWF-2000,Non-violence,5.000,C:\SIRCH_ENV\datasets\RWF-2000\train\NonFight\rwf_train_nonfight_0104.avi
train,RWF-2000,Non-violence,5.000,C:\SIRCH_ENV\datasets\RWF-2000\train\NonFight\rwf_train_nonfight_0107.avi
train,RWF-2000,Non-violence,5.000,C:\SIRCH_ENV\datasets\RWF-2000\train\NonFight\rwf_train_nonfight_0113.avi
train,RWF-2000,Non-violence,5.000,C:\SIRCH_ENV\datasets\RWF-2000\train\NonFight\rwf_train_nonfight_0115.avi
train,RWF-2000,Non-violence,5.000,C:\SIRCH_ENV\datasets\RWF-2000\train\NonFight\rwf_train_nonfight_0117.avi
train,RWF-2000,Non-violence,5.000,C:\SIRCH_ENV\datasets\RWF-2000\train\NonFight\rwf_train_nonfight_0118.avi
train,RWF-2000,Non-violence,5.000,C:\SIRCH_ENV\datasets\RWF-2000\train\NonFight\rwf_train_nonfight_0119.avi
train,RWF-2000,Non-violence,5.000,C:\SIRCH_ENV\datasets\RWF-2000\train\NonFight\rwf_train_nonfight_0120.avi
train,RWF-2000,Non-violence,5.000,C:\SIRCH_ENV\datasets\RWF-2000\train\NonFight\rwf_train_nonfight_0121.avi
train,RWF-2000,Non-violence,5.000,C:\SIRCH_ENV\datasets\RWF-2000\train\NonFight\rwf_train_nonfight_0122.avi
train,RWF-2000,Non-violence,5.000,C:\SIRCH_ENV\datasets\RWF-2000\train\NonFight\rwf_train_nonfight_0123.avi
train,RWF-2000,Non-violence,5.000,C:\SIRCH_ENV\datasets\RWF-2000\train\NonFight\rwf_train_nonfight_0124.avi
train,RWF-2000,Non-violence,5.000,C:\SIRCH_ENV\datasets\RWF-2000\train\NonFight\rwf_train_nonfight_0125.avi
train,RWF-2000,Non-violence,5.000,C:\SIRCH_ENV\datasets\RWF-2000\train\NonFight\rwf_train_nonfight_0127.avi
train,RWF-2000,Non-violence,5.000,C:\SIRCH_ENV\datasets\RWF-2000\train\NonFight\rwf_train_nonfight_0129.avi
train,RWF-2000,Non-violence,5.000,C:\SIRCH_ENV\datasets\RWF-2000\train\NonFight\rwf_train_nonfight_0130.avi
train,RWF-2000,Non-violence,5.000,C:\SIRCH_ENV\datasets\RWF-2000\train\NonFight\rwf_train_nonfight_0131.avi
train,RWF-2000,Non-violence,5.000,C:\SIRCH_ENV\datasets\RWF-2000\train\NonFight\rwf_train_nonfight_0132.avi
train,RWF-2000,Non-violence,5.000,C:\SIRCH_ENV\datasets\RWF-2000\train\NonFight\rwf_train_nonfight_0134.avi
train,RWF-2000,Non-violence,5.000,C:\SIRCH_ENV\datasets\RWF-2000\train\NonFight\rwf_train_nonfight_0136.avi
train,RWF-2000,Non-violence,5.000,C:\SIRCH_ENV\datasets\RWF-2000\train\NonFight\rwf_train_nonfight_0137.avi
train,RWF-2000,Non-violence,5.000,C:\SIRCH_ENV\datasets\RWF-2000\train\NonFight\rwf_train_nonfight_0138.avi
train,RWF-2000,Non-violence,5.000,C:\SIRCH_ENV\datasets\RWF-2000\train\NonFight\rwf_train_nonfight_0139.avi
train,RWF-2000,Non-violence,5.000,C:\SIRCH_ENV\datasets\RWF-2000\train\NonFight\rwf_train_nonfight_0140.avi
train,RWF-2000,Non-violence,5.000,C:\SIRCH_ENV\datasets\RWF-2000\train\NonFight\rwf_train_nonfight_0141.avi
train,RWF-2000,Non-violence,5.000,C:\SIRCH_ENV\datasets\RWF-2000\train\NonFight\rwf_train_nonfight_0143.avi
train,RWF-2000,Non-violence,5.000,C:\SIRCH_ENV\datasets\RWF-2000\train\NonFight\rwf_train_nonfight_0145.avi
train,RWF-2000,Non-violence,5.000,C:\SIRCH_ENV\datasets\RWF-2000\train\NonFight\rwf_train_nonfight_0146.avi
train,RWF-2000,Non-violence,5.000,C:\SIRCH_ENV\datasets\RWF-2000\train\NonFight\rwf_train_nonfight_0147.avi
train,RWF-2000,Non-violence,5.000,C:\SIRCH_ENV\datasets\RWF-2000\train\NonFight\rwf_train_nonfight_0148.avi
train,RWF-2000,Non-violence,5.000,C:\SIRCH_ENV\datasets\RWF-2000\train\NonFight\rwf_train_nonfight_0149.avi
train,RWF-2000,Non-violence,5.000,C:\SIRCH_ENV\datasets\RWF-2000\train\NonFight\rwf_train_nonfight_0151.avi
train,RWF-2000,Non-violence,5.000,C:\SIRCH_ENV\datasets\RWF-2000\train\NonFight\rwf_train_nonfight_0152.avi
train,RWF-2000,Non-violence,5.000,C:\SIRCH_ENV\datasets\RWF-2000\train\NonFight\rwf_train_nonfight_0153.avi
train,RWF-2000,Non-violence,5.000,C:\SIRCH_ENV\datasets\RWF-2000\train\NonFight\rwf_train_nonfight_0154.avi
train,RWF-2000,Non-violence,5.000,C:\SIRCH_ENV\datasets\RWF-2000\train\NonFight\rwf_train_nonfight_0156.avi
train,RWF-2000,Non-violence,5.000,C:\SIRCH_ENV\datasets\RWF-2000\train\NonFight\rwf_train_nonfight_0158.avi
train,RWF-2000,Non-violence,5.000,C:\SIRCH_ENV\datasets\RWF-2000\train\NonFight\rwf_train_nonfight_0159.avi
train,RWF-2000,Non-violence,5.000,C:\SIRCH_ENV\datasets\RWF-2000\train\NonFight\rwf_train_nonfight_0160.avi
train,RWF-2000,Non-violence,5.000,C:\SIRCH_ENV\datasets\RWF-2000\train\NonFight\rwf_train_nonfight_0161.avi
train,RWF-2000,Non-violence,5.000,C:\SIRCH_ENV\datasets\RWF-2000\train\NonFight\rwf_train_nonfight_0162.avi
train,RWF-2000,Non-violence,5.000,C:\SIRCH_ENV\datasets\RWF-2000\train\NonFight\rwf_train_nonfight_0163.avi
train,RWF-2000,Non-violence,5.000,C:\SIRCH_ENV\datasets\RWF-2000\train\NonFight\rwf_train_nonfight_0164.avi
train,RWF-2000,Non-violence,5.000,C:\SIRCH_ENV\datasets\RWF-2000\train\NonFight\rwf_train_nonfight_0165.avi
train,RWF-2000,Non-violence,5.000,C:\SIRCH_ENV\datasets\RWF-2000\train\NonFight\rwf_train_nonfight_0166.avi
train,RWF-2000,Non-violence,5.000,C:\SIRCH_ENV\datasets\RWF-2000\train\NonFight\rwf_train_nonfight_0167.avi
train,RWF-2000,Non-violence,5.000,C:\SIRCH_ENV\datasets\RWF-2000\train\NonFight\rwf_train_nonfight_0168.avi
train,RWF-2000,Non-violence,5.000,C:\SIRCH_ENV\datasets\RWF-2000\train\NonFight\rwf_train_nonfight_0169.avi
train,RWF-2000,Non-violence,5.000,C:\SIRCH_ENV\datasets\RWF-2000\train\NonFight\rwf_train_nonfight_0170.avi
train,RWF-2000,Non-violence,5.000,C:\SIRCH_ENV\datasets\RWF-2000\train\NonFight\rwf_train_nonfight_0173.avi
train,RWF-2000,Non-violence,5.000,C:\SIRCH_ENV\datasets\RWF-2000\train\NonFight\rwf_train_nonfight_0174.avi
train,RWF-2000,Non-violence,5.000,C:\SIRCH_ENV\datasets\RWF-2000\train\NonFight\rwf_train_nonfight_0175.avi
train,RWF-2000,Non-violence,5.000,C:\SIRCH_ENV\datasets\RWF-2000\train\NonFight\rwf_train_nonfight_0176.avi
train,RWF-2000,Non-violence,5.000,C:\SIRCH_ENV\datasets\RWF-2000\train\NonFight\rwf_train_nonfight_0177.avi
train,RWF-2000,Non-violence,5.000,C:\SIRCH_ENV\datasets\RWF-2000\train\NonFight\rwf_train_nonfight_0179.avi
train,RWF-2000,Non-violence,5.000,C:\SIRCH_ENV\datasets\RWF-2000\train\NonFight\rwf_train_nonfight_0180.avi
train,RWF-2000,Non-violence,5.000,C:\SIRCH_ENV\datasets\RWF-2000\train\NonFight\rwf_train_nonfight_0182.avi
train,RWF-2000,Non-violence,5.000,C:\SIRCH_ENV\datasets\RWF-2000\train\NonFight\rwf_train_nonfight_0183.avi
train,RWF-2000,Non-violence,5.000,C:\SIRCH_ENV\datasets\RWF-2000\train\NonFight\rwf_train_nonfight_0184.avi
train,RWF-2000,Non-violence,5.000,C:\SIRCH_ENV\datasets\RWF-2000\train\NonFight\rwf_train_nonfight_0188.avi
train,RWF-2000,Non-violence,5.000,C:\SIRCH_ENV\datasets\RWF-2000\train\NonFight\rwf_train_nonfight_0189.avi
train,RWF-2000,Non-violence,5.000,C:\SIRCH_ENV\datasets\RWF-2000\train\NonFight\rwf_train_nonfight_0192.avi
train,RWF-2000,Non-violence,5.000,C:\SIRCH_ENV\datasets\RWF-2000\train\NonFight\rwf_train_nonfight_0193.avi
train,RWF-2000,Non-violence,5.000,C:\SIRCH_ENV\datasets\RWF-2000\train\NonFight\rwf_train_nonfight_0194.avi
train,RWF-2000,Non-violence,5.000,C:\SIRCH_ENV\datasets\RWF-2000\train\NonFight\rwf_train_nonfight_0196.avi
train,RWF-2000,Non-violence,5.000,C:\SIRCH_ENV\datasets\RWF-2000\train\NonFight\rwf_train_nonfight_0197.avi
train,RWF-2000,Non-violence,5.000,C:\SIRCH_ENV\datasets\RWF-2000\train\NonFight\rwf_train_nonfight_0198.avi
train,RWF-2000,Non-violence,5.000,C:\SIRCH_ENV\datasets\RWF-2000\train\NonFight\rwf_train_nonfight_0199.avi
train,RWF-2000,Non-violence,5.000,C:\SIRCH_ENV\datasets\RWF-2000\train\NonFight\rwf_train_nonfight_0200.avi
train,RWF-2000,Non-violence,5.000,C:\SIRCH_ENV\datasets\RWF-2000\train\NonFight\rwf_train_nonfight_0202.avi
train,RWF-2000,Non-violence,5.000,C:\SIRCH_ENV\datasets\RWF-2000\train\NonFight\rwf_train_nonfight_0203.avi
train,RWF-2000,Non-violence,5.000,C:\SIRCH_ENV\datasets\RWF-2000\train\NonFight\rwf_train_nonfight_0204.avi
train,RWF-2000,Non-violence,5.000,C:\SIRCH_ENV\datasets\RWF-2000\train\NonFight\rwf_train_nonfight_0205.avi
train,RWF-2000,Non-violence,5.000,C:\SIRCH_ENV\datasets\RWF-2000\train\NonFight\rwf_train_nonfight_0206.avi
train,RWF-2000,Non-violence,5.000,C:\SIRCH_ENV\datasets\RWF-2000\train\NonFight\rwf_train_nonfight_0207.avi
train,RWF-2000,Non-violence,5.000,C:\SIRCH_ENV\datasets\RWF-2000\train\NonFight\rwf_train_nonfight_0208.avi
train,RWF-2000,Non-violence,5.000,C:\SIRCH_ENV\datasets\RWF-2000\train\NonFight\rwf_train_nonfight_0210.avi
train,RWF-2000,Non-violence,5.000,C:\SIRCH_ENV\datasets\RWF-2000\train\NonFight\rwf_train_nonfight_0211.avi
train,RWF-2000,Non-violence,5.000,C:\SIRCH_ENV\datasets\RWF-2000\train\NonFight\rwf_train_nonfight_0212.avi
train,RWF-2000,Non-violence,5.000,C:\SIRCH_ENV\datasets\RWF-2000\train\NonFight\rwf_train_nonfight_0213.avi
train,RWF-2000,Non-violence,5.000,C:\SIRCH_ENV\datasets\RWF-2000\train\NonFight\rwf_train_nonfight_0214.avi
train,RWF-2000,Non-violence,5.000,C:\SIRCH_ENV\datasets\RWF-2000\train\NonFight\rwf_train_nonfight_0215.avi
train,RWF-2000,Non-violence,5.000,C:\SIRCH_ENV\datasets\RWF-2000\train\NonFight\rwf_train_nonfight_0217.avi
train,RWF-2000,Non-violence,5.000,C:\SIRCH_ENV\datasets\RWF-2000\train\NonFight\rwf_train_nonfight_0218.avi
train,RWF-2000,Non-violence,5.000,C:\SIRCH_ENV\datasets\RWF-2000\train\NonFight\rwf_train_nonfight_0219.avi
train,RWF-2000,Non-violence,5.000,C:\SIRCH_ENV\datasets\RWF-2000\train\NonFight\rwf_train_nonfight_0221.avi
train,RWF-2000,Non-violence,5.000,C:\SIRCH_ENV\datasets\RWF-2000\train\NonFight\rwf_train_nonfight_0223.avi
train,RWF-2000,Non-violence,5.000,C:\SIRCH_ENV\datasets\RWF-2000\train\NonFight\rwf_train_nonfight_0224.avi
train,RWF-2000,Non-violence,5.000,C:\SIRCH_ENV\datasets\RWF-2000\train\NonFight\rwf_train_nonfight_0225.avi
train,RWF-2000,Non-violence,5.000,C:\SIRCH_ENV\datasets\RWF-2000\train\NonFight\rwf_train_nonfight_0226.avi
train,RWF-2000,Non-violence,5.000,C:\SIRCH_ENV\datasets\RWF-2000\train\NonFight\rwf_train_nonfight_0227.avi
train,RWF-2000,Non-violence,5.000,C:\SIRCH_ENV\datasets\RWF-2000\train\NonFight\rwf_train_nonfight_0228.avi
train,RWF-2000,Non-violence,5.000,C:\SIRCH_ENV\datasets\RWF-2000\train\NonFight\rwf_train_nonfight_0233.avi
train,RWF-2000,Non-violence,5.000,C:\SIRCH_ENV\datasets\RWF-2000\train\NonFight\rwf_train_nonfight_0235.avi
train,RWF-2000,Non-violence,5.000,C:\SIRCH_ENV\datasets\RWF-2000\train\NonFight\rwf_train_nonfight_0236.avi
train,RWF-2000,Non-violence,5.000,C:\SIRCH_ENV\datasets\RWF-2000\train\NonFight\rwf_train_nonfight_0238.avi
train,RWF-2000,Non-violence,5.000,C:\SIRCH_ENV\datasets\RWF-2000\train\NonFight\rwf_train_nonfight_0242.avi
train,RWF-2000,Non-violence,5.000,C:\SIRCH_ENV\datasets\RWF-2000\train\NonFight\rwf_train_nonfight_0243.avi
train,RWF-2000,Non-violence,5.000,C:\SIRCH_ENV\datasets\RWF-2000\train\NonFight\rwf_train_nonfight_0244.avi
train,RWF-2000,Non-violence,5.000,C:\SIRCH_ENV\datasets\RWF-2000\train\NonFight\rwf_train_nonfight_0246.avi
train,RWF-2000,Non-violence,5.000,C:\SIRCH_ENV\datasets\RWF-2000\train\NonFight\rwf_train_nonfight_0248.avi
train,RWF-2000,Non-violence,5.000,C:\SIRCH_ENV\datasets\RWF-2000\train\NonFight\rwf_train_nonfight_0250.avi
train,RWF-2000,Non-violence,5.000,C:\SIRCH_ENV\datasets\RWF-2000\train\NonFight\rwf_train_nonfight_0252.avi
train,RWF-2000,Non-violence,5.000,C:\SIRCH_ENV\datasets\RWF-2000\train\NonFight\rwf_train_nonfight_0253.avi
train,RWF-2000,Non-violence,5.000,C:\SIRCH_ENV\datasets\RWF-2000\train\NonFight\rwf_train_nonfight_0255.avi
train,RWF-2000,Non-violence,5.000,C:\SIRCH_ENV\datasets\RWF-2000\train\NonFight\rwf_train_nonfight_0256.avi
train,RWF-2000,Non-violence,5.000,C:\SIRCH_ENV\datasets\RWF-2000\train\NonFight\rwf_train_nonfight_0257.avi
train,RWF-2000,Non-violence,5.000,C:\SIRCH_ENV\datasets\RWF-2000\train\NonFight\rwf_train_nonfight_0258.avi
train,RWF-2000,Non-violence,5.000,C:\SIRCH_ENV\datasets\RWF-2000\train\NonFight\rwf_train_nonfight_0259.avi
train,RWF-2000,Non-violence,5.000,C:\SIRCH_ENV\datasets\RWF-2000\train\NonFight\rwf_train_nonfight_0261.avi
train,RWF-2000,Non-violence,5.000,C:\SIRCH_ENV\datasets\RWF-2000\train\NonFight\rwf_train_nonfight_0262.avi
train,RWF-2000,Non-violence,5.000,C:\SIRCH_ENV\datasets\RWF-2000\train\NonFight\rwf_train_nonfight_0263.avi
train,RWF-2000,Non-violence,5.000,C:\SIRCH_ENV\datasets\RWF-2000\train\NonFight\rwf_train_nonfight_0264.avi
train,RWF-2000,Non-violence,5.000,C:\SIRCH_ENV\datasets\RWF-2000\train\NonFight\rwf_train_nonfight_0265.avi
train,RWF-2000,Non-violence,5.000,C:\SIRCH_ENV\datasets\RWF-2000\train\NonFight\rwf_train_nonfight_0266.avi
train,RWF-2000,Non-violence,5.000,C:\SIRCH_ENV\datasets\RWF-2000\train\NonFight\rwf_train_nonfight_0267.avi
train,RWF-2000,Non-violence,5.000,C:\SIRCH_ENV\datasets\RWF-2000\train\NonFight\rwf_train_nonfight_0268.avi
train,RWF-2000,Non-violence,5.000,C:\SIRCH_ENV\datasets\RWF-2000\train\NonFight\rwf_train_nonfight_0269.avi
train,RWF-2000,Non-violence,5.000,C:\SIRCH_ENV\datasets\RWF-2000\train\NonFight\rwf_train_nonfight_0270.avi
train,RWF-2000,Non-violence,5.000,C:\SIRCH_ENV\datasets\RWF-2000\train\NonFight\rwf_train_nonfight_0271.avi
train,RWF-2000,Non-violence,5.000,C:\SIRCH_ENV\datasets\RWF-2000\train\NonFight\rwf_train_nonfight_0272.avi
train,RWF-2000,Non-violence,5.000,C:\SIRCH_ENV\datasets\RWF-2000\train\NonFight\rwf_train_nonfight_0273.avi
train,RWF-2000,Non-violence,5.000,C:\SIRCH_ENV\datasets\RWF-2000\train\NonFight\rwf_train_nonfight_0274.avi
train,RWF-2000,Non-violence,5.000,C:\SIRCH_ENV\datasets\RWF-2000\train\NonFight\rwf_train_nonfight_0275.avi
train,RWF-2000,Non-violence,5.000,C:\SIRCH_ENV\datasets\RWF-2000\train\NonFight\rwf_train_nonfight_0277.avi
train,RWF-2000,Non-violence,5.000,C:\SIRCH_ENV\datasets\RWF-2000\train\NonFight\rwf_train_nonfight_0278.avi
train,RWF-2000,Non-violence,5.000,C:\SIRCH_ENV\datasets\RWF-2000\train\NonFight\rwf_train_nonfight_0280.avi
train,RWF-2000,Non-violence,5.000,C:\SIRCH_ENV\datasets\RWF-2000\train\NonFight\rwf_train_nonfight_0282.avi
train,RWF-2000,Non-violence,5.000,C:\SIRCH_ENV\datasets\RWF-2000\train\NonFight\rwf_train_nonfight_0286.avi
train,RWF-2000,Non-violence,5.000,C:\SIRCH_ENV\datasets\RWF-2000\train\NonFight\rwf_train_nonfight_0287.avi
train,RWF-2000,Non-violence,5.000,C:\SIRCH_ENV\datasets\RWF-2000\train\NonFight\rwf_train_nonfight_0288.avi
train,RWF-2000,Non-violence,5.000,C:\SIRCH_ENV\datasets\RWF-2000\train\NonFight\rwf_train_nonfight_0291.avi
train,RWF-2000,Non-violence,5.000,C:\SIRCH_ENV\datasets\RWF-2000\train\NonFight\rwf_train_nonfight_0296.avi
train,RWF-2000,Non-violence,5.000,C:\SIRCH_ENV\datasets\RWF-2000\train\NonFight\rwf_train_nonfight_0297.avi
train,RWF-2000,Non-violence,5.000,C:\SIRCH_ENV\datasets\RWF-2000\train\NonFight\rwf_train_nonfight_0299.avi
train,RWF-2000,Non-violence,5.000,C:\SIRCH_ENV\datasets\RWF-2000\train\NonFight\rwf_train_nonfight_0302.avi
train,RWF-2000,Non-violence,5.000,C:\SIRCH_ENV\datasets\RWF-2000\train\NonFight\rwf_train_nonfight_0303.avi
train,RWF-2000,Non-violence,5.000,C:\SIRCH_ENV\datasets\RWF-2000\train\NonFight\rwf_train_nonfight_0304.avi
train,RWF-2000,Non-violence,5.000,C:\SIRCH_ENV\datasets\RWF-2000\train\NonFight\rwf_train_nonfight_0305.avi
train,RWF-2000,Non-violence,5.000,C:\SIRCH_ENV\datasets\RWF-2000\train\NonFight\rwf_train_nonfight_0307.avi
train,RWF-2000,Non-violence,5.000,C:\SIRCH_ENV\datasets\RWF-2000\train\NonFight\rwf_train_nonfight_0308.avi
train,RWF-2000,Non-violence,5.000,C:\SIRCH_ENV\datasets\RWF-2000\train\NonFight\rwf_train_nonfight_0309.avi
train,RWF-2000,Non-violence,5.000,C:\SIRCH_ENV\datasets\RWF-2000\train\NonFight\rwf_train_nonfight_0310.avi
train,RWF-2000,Non-violence,5.000,C:\SIRCH_ENV\datasets\RWF-2000\train\NonFight\rwf_train_nonfight_0311.avi
train,RWF-2000,Non-violence,5.000,C:\SIRCH_ENV\datasets\RWF-2000\train\NonFight\rwf_train_nonfight_0312.avi
train,RWF-2000,Non-violence,5.000,C:\SIRCH_ENV\datasets\RWF-2000\train\NonFight\rwf_train_nonfight_0313.avi
train,RWF-2000,Non-violence,5.000,C:\SIRCH_ENV\datasets\RWF-2000\train\NonFight\rwf_train_nonfight_0317.avi
train,RWF-2000,Non-violence,5.000,C:\SIRCH_ENV\datasets\RWF-2000\train\NonFight\rwf_train_nonfight_0318.avi
train,RWF-2000,Non-violence,5.000,C:\SIRCH_ENV\datasets\RWF-2000\train\NonFight\rwf_train_nonfight_0320.avi
train,RWF-2000,Non-violence,5.000,C:\SIRCH_ENV\datasets\RWF-2000\train\NonFight\rwf_train_nonfight_0321.avi
train,RWF-2000,Non-violence,5.000,C:\SIRCH_ENV\datasets\RWF-2000\train\NonFight\rwf_train_nonfight_0322.avi
train,RWF-2000,Non-violence,5.000,C:\SIRCH_ENV\datasets\RWF-2000\train\NonFight\rwf_train_nonfight_0323.avi
train,RWF-2000,Non-violence,5.000,C:\SIRCH_ENV\datasets\RWF-2000\train\NonFight\rwf_train_nonfight_0325.avi
train,RWF-2000,Non-violence,5.000,C:\SIRCH_ENV\datasets\RWF-2000\train\NonFight\rwf_train_nonfight_0326.avi
train,RWF-2000,Non-violence,5.000,C:\SIRCH_ENV\datasets\RWF-2000\train\NonFight\rwf_train_nonfight_0327.avi
train,RWF-2000,Non-violence,5.000,C:\SIRCH_ENV\datasets\RWF-2000\train\NonFight\rwf_train_nonfight_0328.avi
train,RWF-2000,Non-violence,5.000,C:\SIRCH_ENV\datasets\RWF-2000\train\NonFight\rwf_train_nonfight_0331.avi
train,RWF-2000,Non-violence,5.000,C:\SIRCH_ENV\datasets\RWF-2000\train\NonFight\rwf_train_nonfight_0333.avi
train,RWF-2000,Non-violence,5.000,C:\SIRCH_ENV\datasets\RWF-2000\train\NonFight\rwf_train_nonfight_0334.avi
train,RWF-2000,Non-violence,5.000,C:\SIRCH_ENV\datasets\RWF-2000\train\NonFight\rwf_train_nonfight_0335.avi
train,RWF-2000,Non-violence,5.000,C:\SIRCH_ENV\datasets\RWF-2000\train\NonFight\rwf_train_nonfight_0338.avi
train,RWF-2000,Non-violence,5.000,C:\SIRCH_ENV\datasets\RWF-2000\train\NonFight\rwf_train_nonfight_0339.avi
train,RWF-2000,Non-violence,5.000,C:\SIRCH_ENV\datasets\RWF-2000\train\NonFight\rwf_train_nonfight_0341.avi
train,RWF-2000,Non-violence,5.000,C:\SIRCH_ENV\datasets\RWF-2000\train\NonFight\rwf_train_nonfight_0343.avi
train,RWF-2000,Non-violence,5.000,C:\SIRCH_ENV\datasets\RWF-2000\train\NonFight\rwf_train_nonfight_0346.avi
train,RWF-2000,Non-violence,5.000,C:\SIRCH_ENV\datasets\RWF-2000\train\NonFight\rwf_train_nonfight_0347.avi
train,RWF-2000,Non-violence,5.000,C:\SIRCH_ENV\datasets\RWF-2000\train\NonFight\rwf_train_nonfight_0348.avi
train,RWF-2000,Non-violence,5.000,C:\SIRCH_ENV\datasets\RWF-2000\train\NonFight\rwf_train_nonfight_0349.avi
train,RWF-2000,Non-violence,5.000,C:\SIRCH_ENV\datasets\RWF-2000\train\NonFight\rwf_train_nonfight_0350.avi
train,RWF-2000,Non-violence,5.000,C:\SIRCH_ENV\datasets\RWF-2000\train\NonFight\rwf_train_nonfight_0351.avi
train,RWF-2000,Non-violence,5.000,C:\SIRCH_ENV\datasets\RWF-2000\train\NonFight\rwf_train_nonfight_0352.avi
train,RWF-2000,Non-violence,5.000,C:\SIRCH_ENV\datasets\RWF-2000\train\NonFight\rwf_train_nonfight_0353.avi
train,RWF-2000,Non-violence,5.000,C:\SIRCH_ENV\datasets\RWF-2000\train\NonFight\rwf_train_nonfight_0354.avi
train,RWF-2000,Non-violence,5.000,C:\SIRCH_ENV\datasets\RWF-2000\train\NonFight\rwf_train_nonfight_0356.avi
train,RWF-2000,Non-violence,5.000,C:\SIRCH_ENV\datasets\RWF-2000\train\NonFight\rwf_train_nonfight_0357.avi
train,RWF-2000,Non-violence,5.000,C:\SIRCH_ENV\datasets\RWF-2000\train\NonFight\rwf_train_nonfight_0358.avi
train,RWF-2000,Non-violence,5.000,C:\SIRCH_ENV\datasets\RWF-2000\train\NonFight\rwf_train_nonfight_0360.avi
train,RWF-2000,Non-violence,5.000,C:\SIRCH_ENV\datasets\RWF-2000\train\NonFight\rwf_train_nonfight_0361.avi
train,RWF-2000,Non-violence,5.000,C:\SIRCH_ENV\datasets\RWF-2000\train\NonFight\rwf_train_nonfight_0362.avi
train,RWF-2000,Non-violence,5.000,C:\SIRCH_ENV\datasets\RWF-2000\train\NonFight\rwf_train_nonfight_0363.avi
train,RWF-2000,Non-violence,5.000,C:\SIRCH_ENV\datasets\RWF-2000\train\NonFight\rwf_train_nonfight_0364.avi
train,RWF-2000,Non-violence,5.000,C:\SIRCH_ENV\datasets\RWF-2000\train\NonFight\rwf_train_nonfight_0365.avi
train,RWF-2000,Non-violence,5.000,C:\SIRCH_ENV\datasets\RWF-2000\train\NonFight\rwf_train_nonfight_0367.avi
train,RWF-2000,Non-violence,5.000,C:\SIRCH_ENV\datasets\RWF-2000\train\NonFight\rwf_train_nonfight_0368.avi
train,RWF-2000,Non-violence,5.000,C:\SIRCH_ENV\datasets\RWF-2000\train\NonFight\rwf_train_nonfight_0370.avi
train,RWF-2000,Non-violence,5.000,C:\SIRCH_ENV\datasets\RWF-2000\train\NonFight\rwf_train_nonfight_0371.avi
train,RWF-2000,Non-violence,5.000,C:\SIRCH_ENV\datasets\RWF-2000\train\NonFight\rwf_train_nonfight_0373.avi
train,RWF-2000,Non-violence,5.000,C:\SIRCH_ENV\datasets\RWF-2000\train\NonFight\rwf_train_nonfight_0374.avi
train,RWF-2000,Non-violence,5.000,C:\SIRCH_ENV\datasets\RWF-2000\train\NonFight\rwf_train_nonfight_0375.avi
train,RWF-2000,Non-violence,5.000,C:\SIRCH_ENV\datasets\RWF-2000\train\NonFight\rwf_train_nonfight_0376.avi
train,RWF-2000,Non-violence,5.000,C:\SIRCH_ENV\datasets\RWF-2000\train\NonFight\rwf_train_nonfight_0378.avi
train,RWF-2000,Non-violence,5.000,C:\SIRCH_ENV\datasets\RWF-2000\train\NonFight\rwf_train_nonfight_0381.avi
train,RWF-2000,Non-violence,5.000,C:\SIRCH_ENV\datasets\RWF-2000\train\NonFight\rwf_train_nonfight_0384.avi
train,RWF-2000,Non-violence,5.000,C:\SIRCH_ENV\datasets\RWF-2000\train\NonFight\rwf_train_nonfight_0385.avi
train,RWF-2000,Non-violence,5.000,C:\SIRCH_ENV\datasets\RWF-2000\train\NonFight\rwf_train_nonfight_0387.avi
train,RWF-2000,Non-violence,5.000,C:\SIRCH_ENV\datasets\RWF-2000\train\NonFight\rwf_train_nonfight_0388.avi
train,RWF-2000,Non-violence,5.000,C:\SIRCH_ENV\datasets\RWF-2000\train\NonFight\rwf_train_nonfight_0390.avi
train,RWF-2000,Non-violence,5.000,C:\SIRCH_ENV\datasets\RWF-2000\train\NonFight\rwf_train_nonfight_0391.avi
train,RWF-2000,Non-violence,5.000,C:\SIRCH_ENV\datasets\RWF-2000\train\NonFight\rwf_train_nonfight_0392.avi
train,RWF-2000,Non-violence,5.000,C:\SIRCH_ENV\datasets\RWF-2000\train\NonFight\rwf_train_nonfight_0393.avi
train,RWF-2000,Non-violence,5.000,C:\SIRCH_ENV\datasets\RWF-2000\train\NonFight\rwf_train_nonfight_0395.avi
train,RWF-2000,Non-violence,5.000,C:\SIRCH_ENV\datasets\RWF-2000\train\NonFight\rwf_train_nonfight_0396.avi
train,RWF-2000,Non-violence,5.000,C:\SIRCH_ENV\datasets\RWF-2000\train\NonFight\rwf_train_nonfight_0397.avi
train,RWF-2000,Non-violence,5.000,C:\SIRCH_ENV\datasets\RWF-2000\train\NonFight\rwf_train_nonfight_0398.avi
train,RWF-2000,Non-violence,5.000,C:\SIRCH_ENV\datasets\RWF-2000\train\NonFight\rwf_train_nonfight_0400.avi
train,RWF-2000,Non-violence,5.000,C:\SIRCH_ENV\datasets\RWF-2000\train\NonFight\rwf_train_nonfight_0401.avi
train,RWF-2000,Non-violence,5.000,C:\SIRCH_ENV\datasets\RWF-2000\train\NonFight\rwf_train_nonfight_0402.avi
train,RWF-2000,Non-violence,5.000,C:\SIRCH_ENV\datasets\RWF-2000\train\NonFight\rwf_train_nonfight_0403.avi
train,RWF-2000,Non-violence,5.000,C:\SIRCH_ENV\datasets\RWF-2000\train\NonFight\rwf_train_nonfight_0405.avi
train,RWF-2000,Non-violence,5.000,C:\SIRCH_ENV\datasets\RWF-2000\train\NonFight\rwf_train_nonfight_0406.avi
train,RWF-2000,Non-violence,5.000,C:\SIRCH_ENV\datasets\RWF-2000\train\NonFight\rwf_train_nonfight_0407.avi
train,RWF-2000,Non-violence,5.000,C:\SIRCH_ENV\datasets\RWF-2000\train\NonFight\rwf_train_nonfight_0409.avi
train,RWF-2000,Non-violence,5.000,C:\SIRCH_ENV\datasets\RWF-2000\train\NonFight\rwf_train_nonfight_0410.avi
train,RWF-2000,Non-violence,5.000,C:\SIRCH_ENV\datasets\RWF-2000\train\NonFight\rwf_train_nonfight_0412.avi
train,RWF-2000,Non-violence,5.000,C:\SIRCH_ENV\datasets\RWF-2000\train\NonFight\rwf_train_nonfight_0413.avi
train,RWF-2000,Non-violence,5.000,C:\SIRCH_ENV\datasets\RWF-2000\train\NonFight\rwf_train_nonfight_0415.avi
train,RWF-2000,Non-violence,5.000,C:\SIRCH_ENV\datasets\RWF-2000\train\NonFight\rwf_train_nonfight_0419.avi
train,RWF-2000,Non-violence,5.000,C:\SIRCH_ENV\datasets\RWF-2000\train\NonFight\rwf_train_nonfight_0420.avi
train,RWF-2000,Non-violence,5.000,C:\SIRCH_ENV\datasets\RWF-2000\train\NonFight\rwf_train_nonfight_0423.avi
train,RWF-2000,Non-violence,5.000,C:\SIRCH_ENV\datasets\RWF-2000\train\NonFight\rwf_train_nonfight_0426.avi
train,RWF-2000,Non-violence,5.000,C:\SIRCH_ENV\datasets\RWF-2000\train\NonFight\rwf_train_nonfight_0428.avi
train,RWF-2000,Non-violence,5.000,C:\SIRCH_ENV\datasets\RWF-2000\train\NonFight\rwf_train_nonfight_0429.avi
train,RWF-2000,Non-violence,5.000,C:\SIRCH_ENV\datasets\RWF-2000\train\NonFight\rwf_train_nonfight_0431.avi
train,RWF-2000,Non-violence,5.000,C:\SIRCH_ENV\datasets\RWF-2000\train\NonFight\rwf_train_nonfight_0433.avi
train,RWF-2000,Non-violence,5.000,C:\SIRCH_ENV\datasets\RWF-2000\train\NonFight\rwf_train_nonfight_0434.avi
train,RWF-2000,Non-violence,5.000,C:\SIRCH_ENV\datasets\RWF-2000\train\NonFight\rwf_train_nonfight_0435.avi
train,RWF-2000,Non-violence,5.000,C:\SIRCH_ENV\datasets\RWF-2000\train\NonFight\rwf_train_nonfight_0436.avi
train,RWF-2000,Non-violence,5.000,C:\SIRCH_ENV\datasets\RWF-2000\train\NonFight\rwf_train_nonfight_0437.avi
train,RWF-2000,Non-violence,5.000,C:\SIRCH_ENV\datasets\RWF-2000\train\NonFight\rwf_train_nonfight_0438.avi
train,RWF-2000,Non-violence,5.000,C:\SIRCH_ENV\datasets\RWF-2000\train\NonFight\rwf_train_nonfight_0439.avi
train,RWF-2000,Non-violence,5.000,C:\SIRCH_ENV\datasets\RWF-2000\train\NonFight\rwf_train_nonfight_0440.avi
train,RWF-2000,Non-violence,5.000,C:\SIRCH_ENV\datasets\RWF-2000\train\NonFight\rwf_train_nonfight_0441.avi
train,RWF-2000,Non-violence,5.000,C:\SIRCH_ENV\datasets\RWF-2000\train\NonFight\rwf_train_nonfight_0445.avi
train,RWF-2000,Non-violence,5.000,C:\SIRCH_ENV\datasets\RWF-2000\train\NonFight\rwf_train_nonfight_0446.avi
train,RWF-2000,Non-violence,5.000,C:\SIRCH_ENV\datasets\RWF-2000\train\NonFight\rwf_train_nonfight_0448.avi
train,RWF-2000,Non-violence,5.000,C:\SIRCH_ENV\datasets\RWF-2000\train\NonFight\rwf_train_nonfight_0449.avi
train,RWF-2000,Non-violence,5.000,C:\SIRCH_ENV\datasets\RWF-2000\train\NonFight\rwf_train_nonfight_0452.avi
train,RWF-2000,Non-violence,5.000,C:\SIRCH_ENV\datasets\RWF-2000\train\NonFight\rwf_train_nonfight_0453.avi
train,RWF-2000,Non-violence,5.000,C:\SIRCH_ENV\datasets\RWF-2000\train\NonFight\rwf_train_nonfight_0456.avi
train,RWF-2000,Non-violence,5.000,C:\SIRCH_ENV\datasets\RWF-2000\train\NonFight\rwf_train_nonfight_0457.avi
train,RWF-2000,Non-violence,5.000,C:\SIRCH_ENV\datasets\RWF-2000\train\NonFight\rwf_train_nonfight_0458.avi
train,RWF-2000,Non-violence,5.000,C:\SIRCH_ENV\datasets\RWF-2000\train\NonFight\rwf_train_nonfight_0461.avi
train,RWF-2000,Non-violence,5.000,C:\SIRCH_ENV\datasets\RWF-2000\train\NonFight\rwf_train_nonfight_0462.avi
train,RWF-2000,Non-violence,5.000,C:\SIRCH_ENV\datasets\RWF-2000\train\NonFight\rwf_train_nonfight_0463.avi
train,RWF-2000,Non-violence,5.000,C:\SIRCH_ENV\datasets\RWF-2000\train\NonFight\rwf_train_nonfight_0464.avi
train,RWF-2000,Non-violence,5.000,C:\SIRCH_ENV\datasets\RWF-2000\train\NonFight\rwf_train_nonfight_0465.avi
train,RWF-2000,Non-violence,5.000,C:\SIRCH_ENV\datasets\RWF-2000\train\NonFight\rwf_train_nonfight_0466.avi
train,RWF-2000,Non-violence,5.000,C:\SIRCH_ENV\datasets\RWF-2000\train\NonFight\rwf_train_nonfight_0467.avi
train,RWF-2000,Non-violence,5.000,C:\SIRCH_ENV\datasets\RWF-2000\train\NonFight\rwf_train_nonfight_0469.avi
train,RWF-2000,Non-violence,5.000,C:\SIRCH_ENV\datasets\RWF-2000\train\NonFight\rwf_train_nonfight_0471.avi
train,RWF-2000,Non-violence,5.000,C:\SIRCH_ENV\datasets\RWF-2000\train\NonFight\rwf_train_nonfight_0473.avi
train,RWF-2000,Non-violence,5.000,C:\SIRCH_ENV\datasets\RWF-2000\train\NonFight\rwf_train_nonfight_0474.avi
train,RWF-2000,Non-violence,5.000,C:\SIRCH_ENV\datasets\RWF-2000\train\NonFight\rwf_train_nonfight_0475.avi
train,RWF-2000,Non-violence,5.000,C:\SIRCH_ENV\datasets\RWF-2000\train\NonFight\rwf_train_nonfight_0476.avi
train,RWF-2000,Non-violence,5.000,C:\SIRCH_ENV\datasets\RWF-2000\train\NonFight\rwf_train_nonfight_0477.avi
train,RWF-2000,Non-violence,5.000,C:\SIRCH_ENV\datasets\RWF-2000\train\NonFight\rwf_train_nonfight_0478.avi
train,RWF-2000,Non-violence,5.000,C:\SIRCH_ENV\datasets\RWF-2000\train\NonFight\rwf_train_nonfight_0479.avi
train,RWF-2000,Non-violence,5.000,C:\SIRCH_ENV\datasets\RWF-2000\train\NonFight\rwf_train_nonfight_0480.avi
train,RWF-2000,Non-violence,5.000,C:\SIRCH_ENV\datasets\RWF-2000\train\NonFight\rwf_train_nonfight_0481.avi
train,RWF-2000,Non-violence,5.000,C:\SIRCH_ENV\datasets\RWF-2000\train\NonFight\rwf_train_nonfight_0482.avi
train,RWF-2000,Non-violence,5.000,C:\SIRCH_ENV\datasets\RWF-2000\train\NonFight\rwf_train_nonfight_0485.avi
train,RWF-2000,Non-violence,5.000,C:\SIRCH_ENV\datasets\RWF-2000\train\NonFight\rwf_train_nonfight_0487.avi
train,RWF-2000,Non-violence,5.000,C:\SIRCH_ENV\datasets\RWF-2000\train\NonFight\rwf_train_nonfight_0488.avi
train,RWF-2000,Non-violence,5.000,C:\SIRCH_ENV\datasets\RWF-2000\train\NonFight\rwf_train_nonfight_0491.avi
train,RWF-2000,Non-violence,5.000,C:\SIRCH_ENV\datasets\RWF-2000\train\NonFight\rwf_train_nonfight_0492.avi
train,RWF-2000,Non-violence,5.000,C:\SIRCH_ENV\datasets\RWF-2000\train\NonFight\rwf_train_nonfight_0493.avi
train,RWF-2000,Non-violence,5.000,C:\SIRCH_ENV\datasets\RWF-2000\train\NonFight\rwf_train_nonfight_0494.avi
train,RWF-2000,Non-violence,5.000,C:\SIRCH_ENV\datasets\RWF-2000\train\NonFight\rwf_train_nonfight_0495.avi
train,RWF-2000,Non-violence,5.000,C:\SIRCH_ENV\datasets\RWF-2000\train\NonFight\rwf_train_nonfight_0496.avi
train,RWF-2000,Non-violence,5.000,C:\SIRCH_ENV\datasets\RWF-2000\train\NonFight\rwf_train_nonfight_0497.avi
train,RWF-2000,Non-violence,5.000,C:\SIRCH_ENV\datasets\RWF-2000\train\NonFight\rwf_train_nonfight_0499.avi
train,RWF-2000,Non-violence,5.000,C:\SIRCH_ENV\datasets\RWF-2000\train\NonFight\rwf_train_nonfight_0500.avi
train,RWF-2000,Non-violence,5.000,C:\SIRCH_ENV\datasets\RWF-2000\train\NonFight\rwf_train_nonfight_0501.avi
train,RWF-2000,Non-violence,5.000,C:\SIRCH_ENV\datasets\RWF-2000\train\NonFight\rwf_train_nonfight_0502.avi
train,RWF-2000,Non-violence,5.000,C:\SIRCH_ENV\datasets\RWF-2000\train\NonFight\rwf_train_nonfight_0503.avi
train,RWF-2000,Non-violence,5.000,C:\SIRCH_ENV\datasets\RWF-2000\train\NonFight\rwf_train_nonfight_0505.avi
train,RWF-2000,Non-violence,5.000,C:\SIRCH_ENV\datasets\RWF-2000\train\NonFight\rwf_train_nonfight_0508.avi
train,RWF-2000,Non-violence,5.000,C:\SIRCH_ENV\datasets\RWF-2000\train\NonFight\rwf_train_nonfight_0509.avi
train,RWF-2000,Non-violence,5.000,C:\SIRCH_ENV\datasets\RWF-2000\train\NonFight\rwf_train_nonfight_0510.avi
train,RWF-2000,Non-violence,5.000,C:\SIRCH_ENV\datasets\RWF-2000\train\NonFight\rwf_train_nonfight_0513.avi
train,RWF-2000,Non-violence,5.000,C:\SIRCH_ENV\datasets\RWF-2000\train\NonFight\rwf_train_nonfight_0514.avi
train,RWF-2000,Non-violence,5.000,C:\SIRCH_ENV\datasets\RWF-2000\train\NonFight\rwf_train_nonfight_0515.avi
train,RWF-2000,Non-violence,5.000,C:\SIRCH_ENV\datasets\RWF-2000\train\NonFight\rwf_train_nonfight_0516.avi
train,RWF-2000,Non-violence,5.000,C:\SIRCH_ENV\datasets\RWF-2000\train\NonFight\rwf_train_nonfight_0517.avi
train,RWF-2000,Non-violence,5.000,C:\SIRCH_ENV\datasets\RWF-2000\train\NonFight\rwf_train_nonfight_0518.avi
train,RWF-2000,Non-violence,5.000,C:\SIRCH_ENV\datasets\RWF-2000\train\NonFight\rwf_train_nonfight_0519.avi
train,RWF-2000,Non-violence,5.000,C:\SIRCH_ENV\datasets\RWF-2000\train\NonFight\rwf_train_nonfight_0520.avi
train,RWF-2000,Non-violence,5.000,C:\SIRCH_ENV\datasets\RWF-2000\train\NonFight\rwf_train_nonfight_0521.avi
train,RWF-2000,Non-violence,5.000,C:\SIRCH_ENV\datasets\RWF-2000\train\NonFight\rwf_train_nonfight_0522.avi
train,RWF-2000,Non-violence,5.000,C:\SIRCH_ENV\datasets\RWF-2000\train\NonFight\rwf_train_nonfight_0523.avi
train,RWF-2000,Non-violence,5.000,C:\SIRCH_ENV\datasets\RWF-2000\train\NonFight\rwf_train_nonfight_0525.avi
train,RWF-2000,Non-violence,5.000,C:\SIRCH_ENV\datasets\RWF-2000\train\NonFight\rwf_train_nonfight_0527.avi
train,RWF-2000,Non-violence,5.000,C:\SIRCH_ENV\datasets\RWF-2000\train\NonFight\rwf_train_nonfight_0528.avi
train,RWF-2000,Non-violence,5.000,C:\SIRCH_ENV\datasets\RWF-2000\train\NonFight\rwf_train_nonfight_0532.avi
train,RWF-2000,Non-violence,5.000,C:\SIRCH_ENV\datasets\RWF-2000\train\NonFight\rwf_train_nonfight_0534.avi
train,RWF-2000,Non-violence,5.000,C:\SIRCH_ENV\datasets\RWF-2000\train\NonFight\rwf_train_nonfight_0535.avi
train,RWF-2000,Non-violence,5.000,C:\SIRCH_ENV\datasets\RWF-2000\train\NonFight\rwf_train_nonfight_0536.avi
train,RWF-2000,Non-violence,5.000,C:\SIRCH_ENV\datasets\RWF-2000\train\NonFight\rwf_train_nonfight_0538.avi
train,RWF-2000,Non-violence,5.000,C:\SIRCH_ENV\datasets\RWF-2000\train\NonFight\rwf_train_nonfight_0540.avi
train,RWF-2000,Non-violence,5.000,C:\SIRCH_ENV\datasets\RWF-2000\train\NonFight\rwf_train_nonfight_0541.avi
train,RWF-2000,Non-violence,5.000,C:\SIRCH_ENV\datasets\RWF-2000\train\NonFight\rwf_train_nonfight_0542.avi
train,RWF-2000,Non-violence,5.000,C:\SIRCH_ENV\datasets\RWF-2000\train\NonFight\rwf_train_nonfight_0543.avi
train,RWF-2000,Non-violence,5.000,C:\SIRCH_ENV\datasets\RWF-2000\train\NonFight\rwf_train_nonfight_0544.avi
train,RWF-2000,Non-violence,5.000,C:\SIRCH_ENV\datasets\RWF-2000\train\NonFight\rwf_train_nonfight_0545.avi
train,RWF-2000,Non-violence,5.000,C:\SIRCH_ENV\datasets\RWF-2000\train\NonFight\rwf_train_nonfight_0546.avi
train,RWF-2000,Non-violence,5.000,C:\SIRCH_ENV\datasets\RWF-2000\train\NonFight\rwf_train_nonfight_0547.avi
train,RWF-2000,Non-violence,5.000,C:\SIRCH_ENV\datasets\RWF-2000\train\NonFight\rwf_train_nonfight_0548.avi
train,RWF-2000,Non-violence,5.000,C:\SIRCH_ENV\datasets\RWF-2000\train\NonFight\rwf_train_nonfight_0549.avi
train,RWF-2000,Non-violence,5.000,C:\SIRCH_ENV\datasets\RWF-2000\train\NonFight\rwf_train_nonfight_0550.avi
train,RWF-2000,Non-violence,5.000,C:\SIRCH_ENV\datasets\RWF-2000\train\NonFight\rwf_train_nonfight_0552.avi
train,RWF-2000,Non-violence,5.000,C:\SIRCH_ENV\datasets\RWF-2000\train\NonFight\rwf_train_nonfight_0553.avi
train,RWF-2000,Non-violence,5.000,C:\SIRCH_ENV\datasets\RWF-2000\train\NonFight\rwf_train_nonfight_0555.avi
train,RWF-2000,Non-violence,5.000,C:\SIRCH_ENV\datasets\RWF-2000\train\NonFight\rwf_train_nonfight_0556.avi
train,RWF-2000,Non-violence,5.000,C:\SIRCH_ENV\datasets\RWF-2000\train\NonFight\rwf_train_nonfight_0558.avi
train,RWF-2000,Non-violence,5.000,C:\SIRCH_ENV\datasets\RWF-2000\train\NonFight\rwf_train_nonfight_0559.avi
train,RWF-2000,Non-violence,5.000,C:\SIRCH_ENV\datasets\RWF-2000\train\NonFight\rwf_train_nonfight_0561.avi
train,RWF-2000,Non-violence,5.000,C:\SIRCH_ENV\datasets\RWF-2000\train\NonFight\rwf_train_nonfight_0562.avi
train,RWF-2000,Non-violence,5.000,C:\SIRCH_ENV\datasets\RWF-2000\train\NonFight\rwf_train_nonfight_0563.avi
train,RWF-2000,Non-violence,5.000,C:\SIRCH_ENV\datasets\RWF-2000\train\NonFight\rwf_train_nonfight_0564.avi
train,RWF-2000,Non-violence,5.000,C:\SIRCH_ENV\datasets\RWF-2000\train\NonFight\rwf_train_nonfight_0565.avi
train,RWF-2000,Non-violence,5.000,C:\SIRCH_ENV\datasets\RWF-2000\train\NonFight\rwf_train_nonfight_0566.avi
train,RWF-2000,Non-violence,5.000,C:\SIRCH_ENV\datasets\RWF-2000\train\NonFight\rwf_train_nonfight_0567.avi
train,RWF-2000,Non-violence,5.000,C:\SIRCH_ENV\datasets\RWF-2000\train\NonFight\rwf_train_nonfight_0569.avi
train,RWF-2000,Non-violence,5.000,C:\SIRCH_ENV\datasets\RWF-2000\train\NonFight\rwf_train_nonfight_0570.avi
train,RWF-2000,Non-violence,5.000,C:\SIRCH_ENV\datasets\RWF-2000\train\NonFight\rwf_train_nonfight_0571.avi
train,RWF-2000,Non-violence,5.000,C:\SIRCH_ENV\datasets\RWF-2000\train\NonFight\rwf_train_nonfight_0572.avi
train,RWF-2000,Non-violence,5.000,C:\SIRCH_ENV\datasets\RWF-2000\train\NonFight\rwf_train_nonfight_0576.avi
train,RWF-2000,Non-violence,5.000,C:\SIRCH_ENV\datasets\RWF-2000\train\NonFight\rwf_train_nonfight_0577.avi
train,RWF-2000,Non-violence,5.000,C:\SIRCH_ENV\datasets\RWF-2000\train\NonFight\rwf_train_nonfight_0578.avi
train,RWF-2000,Non-violence,5.000,C:\SIRCH_ENV\datasets\RWF-2000\train\NonFight\rwf_train_nonfight_0579.avi
train,RWF-2000,Non-violence,5.000,C:\SIRCH_ENV\datasets\RWF-2000\train\NonFight\rwf_train_nonfight_0580.avi
train,RWF-2000,Non-violence,5.000,C:\SIRCH_ENV\datasets\RWF-2000\train\NonFight\rwf_train_nonfight_0581.avi
train,RWF-2000,Non-violence,5.000,C:\SIRCH_ENV\datasets\RWF-2000\train\NonFight\rwf_train_nonfight_0583.avi
train,RWF-2000,Non-violence,5.000,C:\SIRCH_ENV\datasets\RWF-2000\train\NonFight\rwf_train_nonfight_0585.avi
train,RWF-2000,Non-violence,5.000,C:\SIRCH_ENV\datasets\RWF-2000\train\NonFight\rwf_train_nonfight_0586.avi
train,RWF-2000,Non-violence,5.000,C:\SIRCH_ENV\datasets\RWF-2000\train\NonFight\rwf_train_nonfight_0587.avi
train,RWF-2000,Non-violence,5.000,C:\SIRCH_ENV\datasets\RWF-2000\train\NonFight\rwf_train_nonfight_0588.avi
train,RWF-2000,Non-violence,5.000,C:\SIRCH_ENV\datasets\RWF-2000\train\NonFight\rwf_train_nonfight_0589.avi
train,RWF-2000,Non-violence,5.000,C:\SIRCH_ENV\datasets\RWF-2000\train\NonFight\rwf_train_nonfight_0591.avi
train,RWF-2000,Non-violence,5.000,C:\SIRCH_ENV\datasets\RWF-2000\train\NonFight\rwf_train_nonfight_0592.avi
train,RWF-2000,Non-violence,5.000,C:\SIRCH_ENV\datasets\RWF-2000\train\NonFight\rwf_train_nonfight_0595.avi
train,RWF-2000,Non-violence,5.000,C:\SIRCH_ENV\datasets\RWF-2000\train\NonFight\rwf_train_nonfight_0596.avi
train,RWF-2000,Non-violence,5.000,C:\SIRCH_ENV\datasets\RWF-2000\train\NonFight\rwf_train_nonfight_0597.avi
train,RWF-2000,Non-violence,5.000,C:\SIRCH_ENV\datasets\RWF-2000\train\NonFight\rwf_train_nonfight_0598.avi
train,RWF-2000,Non-violence,5.000,C:\SIRCH_ENV\datasets\RWF-2000\train\NonFight\rwf_train_nonfight_0600.avi
train,RWF-2000,Non-violence,5.000,C:\SIRCH_ENV\datasets\RWF-2000\train\NonFight\rwf_train_nonfight_0601.avi
train,RWF-2000,Non-violence,5.000,C:\SIRCH_ENV\datasets\RWF-2000\train\NonFight\rwf_train_nonfight_0602.avi
train,RWF-2000,Non-violence,5.000,C:\SIRCH_ENV\datasets\RWF-2000\train\NonFight\rwf_train_nonfight_0603.avi
train,RWF-2000,Non-violence,5.000,C:\SIRCH_ENV\datasets\RWF-2000\train\NonFight\rwf_train_nonfight_0604.avi
train,RWF-2000,Non-violence,5.000,C:\SIRCH_ENV\datasets\RWF-2000\train\NonFight\rwf_train_nonfight_0606.avi
train,RWF-2000,Non-violence,5.000,C:\SIRCH_ENV\datasets\RWF-2000\train\NonFight\rwf_train_nonfight_0607.avi
train,RWF-2000,Non-violence,5.000,C:\SIRCH_ENV\datasets\RWF-2000\train\NonFight\rwf_train_nonfight_0608.avi
train,RWF-2000,Non-violence,5.000,C:\SIRCH_ENV\datasets\RWF-2000\train\NonFight\rwf_train_nonfight_0609.avi
train,RWF-2000,Non-violence,5.000,C:\SIRCH_ENV\datasets\RWF-2000\train\NonFight\rwf_train_nonfight_0610.avi
train,RWF-2000,Non-violence,5.000,C:\SIRCH_ENV\datasets\RWF-2000\train\NonFight\rwf_train_nonfight_0612.avi
train,RWF-2000,Non-violence,5.000,C:\SIRCH_ENV\datasets\RWF-2000\train\NonFight\rwf_train_nonfight_0614.avi
train,RWF-2000,Non-violence,5.000,C:\SIRCH_ENV\datasets\RWF-2000\train\NonFight\rwf_train_nonfight_0615.avi
train,RWF-2000,Non-violence,5.000,C:\SIRCH_ENV\datasets\RWF-2000\train\NonFight\rwf_train_nonfight_0617.avi
train,RWF-2000,Non-violence,5.000,C:\SIRCH_ENV\datasets\RWF-2000\train\NonFight\rwf_train_nonfight_0618.avi
train,RWF-2000,Non-violence,5.000,C:\SIRCH_ENV\datasets\RWF-2000\train\NonFight\rwf_train_nonfight_0620.avi
train,RWF-2000,Non-violence,5.000,C:\SIRCH_ENV\datasets\RWF-2000\train\NonFight\rwf_train_nonfight_0622.avi
train,RWF-2000,Non-violence,5.000,C:\SIRCH_ENV\datasets\RWF-2000\train\NonFight\rwf_train_nonfight_0624.avi
train,RWF-2000,Non-violence,5.000,C:\SIRCH_ENV\datasets\RWF-2000\train\NonFight\rwf_train_nonfight_0626.avi
train,RWF-2000,Non-violence,5.000,C:\SIRCH_ENV\datasets\RWF-2000\train\NonFight\rwf_train_nonfight_0627.avi
train,RWF-2000,Non-violence,5.000,C:\SIRCH_ENV\datasets\RWF-2000\train\NonFight\rwf_train_nonfight_0630.avi
train,RWF-2000,Non-violence,5.000,C:\SIRCH_ENV\datasets\RWF-2000\train\NonFight\rwf_train_nonfight_0631.avi
train,RWF-2000,Non-violence,5.000,C:\SIRCH_ENV\datasets\RWF-2000\train\NonFight\rwf_train_nonfight_0633.avi
train,RWF-2000,Non-violence,5.000,C:\SIRCH_ENV\datasets\RWF-2000\train\NonFight\rwf_train_nonfight_0636.avi
train,RWF-2000,Non-violence,5.000,C:\SIRCH_ENV\datasets\RWF-2000\train\NonFight\rwf_train_nonfight_0638.avi
train,RWF-2000,Non-violence,5.000,C:\SIRCH_ENV\datasets\RWF-2000\train\NonFight\rwf_train_nonfight_0640.avi
train,RWF-2000,Non-violence,5.000,C:\SIRCH_ENV\datasets\RWF-2000\train\NonFight\rwf_train_nonfight_0641.avi
train,RWF-2000,Non-violence,5.000,C:\SIRCH_ENV\datasets\RWF-2000\train\NonFight\rwf_train_nonfight_0642.avi
train,RWF-2000,Non-violence,5.000,C:\SIRCH_ENV\datasets\RWF-2000\train\NonFight\rwf_train_nonfight_0643.avi
train,RWF-2000,Non-violence,5.000,C:\SIRCH_ENV\datasets\RWF-2000\train\NonFight\rwf_train_nonfight_0644.avi
train,RWF-2000,Non-violence,5.000,C:\SIRCH_ENV\datasets\RWF-2000\train\NonFight\rwf_train_nonfight_0645.avi
train,RWF-2000,Non-violence,5.000,C:\SIRCH_ENV\datasets\RWF-2000\train\NonFight\rwf_train_nonfight_0646.avi
train,RWF-2000,Non-violence,5.000,C:\SIRCH_ENV\datasets\RWF-2000\train\NonFight\rwf_train_nonfight_0648.avi
train,RWF-2000,Non-violence,5.000,C:\SIRCH_ENV\datasets\RWF-2000\train\NonFight\rwf_train_nonfight_0649.avi
train,RWF-2000,Non-violence,5.000,C:\SIRCH_ENV\datasets\RWF-2000\train\NonFight\rwf_train_nonfight_0650.avi
train,RWF-2000,Non-violence,5.000,C:\SIRCH_ENV\datasets\RWF-2000\train\NonFight\rwf_train_nonfight_0651.avi
train,RWF-2000,Non-violence,5.000,C:\SIRCH_ENV\datasets\RWF-2000\train\NonFight\rwf_train_nonfight_0652.avi
train,RWF-2000,Non-violence,5.000,C:\SIRCH_ENV\datasets\RWF-2000\train\NonFight\rwf_train_nonfight_0654.avi
train,RWF-2000,Non-violence,5.000,C:\SIRCH_ENV\datasets\RWF-2000\train\NonFight\rwf_train_nonfight_0655.avi
train,RWF-2000,Non-violence,5.000,C:\SIRCH_ENV\datasets\RWF-2000\train\NonFight\rwf_train_nonfight_0656.avi
train,RWF-2000,Non-violence,5.000,C:\SIRCH_ENV\datasets\RWF-2000\train\NonFight\rwf_train_nonfight_0658.avi
train,RWF-2000,Non-violence,5.000,C:\SIRCH_ENV\datasets\RWF-2000\train\NonFight\rwf_train_nonfight_0659.avi
train,RWF-2000,Non-violence,5.000,C:\SIRCH_ENV\datasets\RWF-2000\train\NonFight\rwf_train_nonfight_0660.avi
train,RWF-2000,Non-violence,5.000,C:\SIRCH_ENV\datasets\RWF-2000\train\NonFight\rwf_train_nonfight_0661.avi
train,RWF-2000,Non-violence,5.000,C:\SIRCH_ENV\datasets\RWF-2000\train\NonFight\rwf_train_nonfight_0662.avi
train,RWF-2000,Non-violence,5.000,C:\SIRCH_ENV\datasets\RWF-2000\train\NonFight\rwf_train_nonfight_0664.avi
train,RWF-2000,Non-violence,5.000,C:\SIRCH_ENV\datasets\RWF-2000\train\NonFight\rwf_train_nonfight_0665.avi
train,RWF-2000,Non-violence,5.000,C:\SIRCH_ENV\datasets\RWF-2000\train\NonFight\rwf_train_nonfight_0666.avi
train,RWF-2000,Non-violence,5.000,C:\SIRCH_ENV\datasets\RWF-2000\train\NonFight\rwf_train_nonfight_0667.avi
train,RWF-2000,Non-violence,5.000,C:\SIRCH_ENV\datasets\RWF-2000\train\NonFight\rwf_train_nonfight_0669.avi
train,RWF-2000,Non-violence,5.000,C:\SIRCH_ENV\datasets\RWF-2000\train\NonFight\rwf_train_nonfight_0672.avi
train,RWF-2000,Non-violence,5.000,C:\SIRCH_ENV\datasets\RWF-2000\train\NonFight\rwf_train_nonfight_0675.avi
train,RWF-2000,Non-violence,5.000,C:\SIRCH_ENV\datasets\RWF-2000\train\NonFight\rwf_train_nonfight_0677.avi
train,RWF-2000,Non-violence,5.000,C:\SIRCH_ENV\datasets\RWF-2000\train\NonFight\rwf_train_nonfight_0679.avi
train,RWF-2000,Non-violence,5.000,C:\SIRCH_ENV\datasets\RWF-2000\train\NonFight\rwf_train_nonfight_0680.avi
train,RWF-2000,Non-violence,5.000,C:\SIRCH_ENV\datasets\RWF-2000\train\NonFight\rwf_train_nonfight_0681.avi
train,RWF-2000,Non-violence,5.000,C:\SIRCH_ENV\datasets\RWF-2000\train\NonFight\rwf_train_nonfight_0682.avi
train,RWF-2000,Non-violence,5.000,C:\SIRCH_ENV\datasets\RWF-2000\train\NonFight\rwf_train_nonfight_0683.avi
train,RWF-2000,Non-violence,5.000,C:\SIRCH_ENV\datasets\RWF-2000\train\NonFight\rwf_train_nonfight_0684.avi
train,RWF-2000,Non-violence,5.000,C:\SIRCH_ENV\datasets\RWF-2000\train\NonFight\rwf_train_nonfight_0686.avi
train,RWF-2000,Non-violence,5.000,C:\SIRCH_ENV\datasets\RWF-2000\train\NonFight\rwf_train_nonfight_0687.avi
train,RWF-2000,Non-violence,5.000,C:\SIRCH_ENV\datasets\RWF-2000\train\NonFight\rwf_train_nonfight_0689.avi
train,RWF-2000,Non-violence,5.000,C:\SIRCH_ENV\datasets\RWF-2000\train\NonFight\rwf_train_nonfight_0690.avi
train,RWF-2000,Non-violence,5.000,C:\SIRCH_ENV\datasets\RWF-2000\train\NonFight\rwf_train_nonfight_0691.avi
train,RWF-2000,Non-violence,5.000,C:\SIRCH_ENV\datasets\RWF-2000\train\NonFight\rwf_train_nonfight_0692.avi
train,RWF-2000,Non-violence,5.000,C:\SIRCH_ENV\datasets\RWF-2000\train\NonFight\rwf_train_nonfight_0693.avi
train,RWF-2000,Non-violence,5.000,C:\SIRCH_ENV\datasets\RWF-2000\train\NonFight\rwf_train_nonfight_0694.avi
train,RWF-2000,Non-violence,5.000,C:\SIRCH_ENV\datasets\RWF-2000\train\NonFight\rwf_train_nonfight_0695.avi
train,RWF-2000,Non-violence,5.000,C:\SIRCH_ENV\datasets\RWF-2000\train\NonFight\rwf_train_nonfight_0696.avi
train,RWF-2000,Non-violence,5.000,C:\SIRCH_ENV\datasets\RWF-2000\train\NonFight\rwf_train_nonfight_0697.avi
train,RWF-2000,Non-violence,5.000,C:\SIRCH_ENV\datasets\RWF-2000\train\NonFight\rwf_train_nonfight_0699.avi
train,RWF-2000,Non-violence,5.000,C:\SIRCH_ENV\datasets\RWF-2000\train\NonFight\rwf_train_nonfight_0700.avi
train,RWF-2000,Non-violence,5.000,C:\SIRCH_ENV\datasets\RWF-2000\train\NonFight\rwf_train_nonfight_0702.avi
train,RWF-2000,Non-violence,5.000,C:\SIRCH_ENV\datasets\RWF-2000\train\NonFight\rwf_train_nonfight_0704.avi
train,RWF-2000,Non-violence,5.000,C:\SIRCH_ENV\datasets\RWF-2000\train\NonFight\rwf_train_nonfight_0705.avi
train,RWF-2000,Non-violence,5.000,C:\SIRCH_ENV\datasets\RWF-2000\train\NonFight\rwf_train_nonfight_0707.avi
train,RWF-2000,Non-violence,5.000,C:\SIRCH_ENV\datasets\RWF-2000\train\NonFight\rwf_train_nonfight_0712.avi
train,RWF-2000,Non-violence,5.000,C:\SIRCH_ENV\datasets\RWF-2000\train\NonFight\rwf_train_nonfight_0714.avi
train,RWF-2000,Non-violence,5.000,C:\SIRCH_ENV\datasets\RWF-2000\train\NonFight\rwf_train_nonfight_0715.avi
train,RWF-2000,Non-violence,5.000,C:\SIRCH_ENV\datasets\RWF-2000\train\NonFight\rwf_train_nonfight_0717.avi
train,RWF-2000,Non-violence,5.000,C:\SIRCH_ENV\datasets\RWF-2000\train\NonFight\rwf_train_nonfight_0718.avi
train,RWF-2000,Non-violence,5.000,C:\SIRCH_ENV\datasets\RWF-2000\train\NonFight\rwf_train_nonfight_0719.avi
train,RWF-2000,Non-violence,5.000,C:\SIRCH_ENV\datasets\RWF-2000\train\NonFight\rwf_train_nonfight_0720.avi
train,RWF-2000,Non-violence,5.000,C:\SIRCH_ENV\datasets\RWF-2000\train\NonFight\rwf_train_nonfight_0722.avi
train,RWF-2000,Non-violence,5.000,C:\SIRCH_ENV\datasets\RWF-2000\train\NonFight\rwf_train_nonfight_0723.avi
train,RWF-2000,Non-violence,5.000,C:\SIRCH_ENV\datasets\RWF-2000\train\NonFight\rwf_train_nonfight_0725.avi
train,RWF-2000,Non-violence,5.000,C:\SIRCH_ENV\datasets\RWF-2000\train\NonFight\rwf_train_nonfight_0726.avi
train,RWF-2000,Non-violence,5.000,C:\SIRCH_ENV\datasets\RWF-2000\train\NonFight\rwf_train_nonfight_0728.avi
train,RWF-2000,Non-violence,5.000,C:\SIRCH_ENV\datasets\RWF-2000\train\NonFight\rwf_train_nonfight_0729.avi
train,RWF-2000,Non-violence,5.000,C:\SIRCH_ENV\datasets\RWF-2000\train\NonFight\rwf_train_nonfight_0730.avi
train,RWF-2000,Non-violence,5.000,C:\SIRCH_ENV\datasets\RWF-2000\train\NonFight\rwf_train_nonfight_0731.avi
train,RWF-2000,Non-violence,5.000,C:\SIRCH_ENV\datasets\RWF-2000\train\NonFight\rwf_train_nonfight_0732.avi
train,RWF-2000,Non-violence,5.000,C:\SIRCH_ENV\datasets\RWF-2000\train\NonFight\rwf_train_nonfight_0737.avi
train,RWF-2000,Non-violence,5.000,C:\SIRCH_ENV\datasets\RWF-2000\train\NonFight\rwf_train_nonfight_0738.avi
train,RWF-2000,Non-violence,5.000,C:\SIRCH_ENV\datasets\RWF-2000\train\NonFight\rwf_train_nonfight_0739.avi
train,RWF-2000,Non-violence,5.000,C:\SIRCH_ENV\datasets\RWF-2000\train\NonFight\rwf_train_nonfight_0741.avi
train,RWF-2000,Non-violence,5.000,C:\SIRCH_ENV\datasets\RWF-2000\train\NonFight\rwf_train_nonfight_0743.avi
train,RWF-2000,Non-violence,5.000,C:\SIRCH_ENV\datasets\RWF-2000\train\NonFight\rwf_train_nonfight_0746.avi
train,RWF-2000,Non-violence,5.000,C:\SIRCH_ENV\datasets\RWF-2000\train\NonFight\rwf_train_nonfight_0747.avi
train,RWF-2000,Non-violence,5.000,C:\SIRCH_ENV\datasets\RWF-2000\train\NonFight\rwf_train_nonfight_0748.avi
train,RWF-2000,Non-violence,5.000,C:\SIRCH_ENV\datasets\RWF-2000\train\NonFight\rwf_train_nonfight_0749.avi
train,RWF-2000,Non-violence,5.000,C:\SIRCH_ENV\datasets\RWF-2000\train\NonFight\rwf_train_nonfight_0750.avi
train,RWF-2000,Non-violence,5.000,C:\SIRCH_ENV\datasets\RWF-2000\train\NonFight\rwf_train_nonfight_0751.avi
train,RWF-2000,Non-violence,5.000,C:\SIRCH_ENV\datasets\RWF-2000\train\NonFight\rwf_train_nonfight_0752.avi
train,RWF-2000,Non-violence,5.000,C:\SIRCH_ENV\datasets\RWF-2000\train\NonFight\rwf_train_nonfight_0753.avi
train,RWF-2000,Non-violence,5.000,C:\SIRCH_ENV\datasets\RWF-2000\train\NonFight\rwf_train_nonfight_0754.avi
train,RWF-2000,Non-violence,5.000,C:\SIRCH_ENV\datasets\RWF-2000\train\NonFight\rwf_train_nonfight_0755.avi
train,RWF-2000,Non-violence,5.000,C:\SIRCH_ENV\datasets\RWF-2000\train\NonFight\rwf_train_nonfight_0756.avi
train,RWF-2000,Non-violence,5.000,C:\SIRCH_ENV\datasets\RWF-2000\train\NonFight\rwf_train_nonfight_0757.avi
train,RWF-2000,Non-violence,5.000,C:\SIRCH_ENV\datasets\RWF-2000\train\NonFight\rwf_train_nonfight_0761.avi
train,RWF-2000,Non-violence,5.000,C:\SIRCH_ENV\datasets\RWF-2000\train\NonFight\rwf_train_nonfight_0763.avi
train,RWF-2000,Non-violence,5.000,C:\SIRCH_ENV\datasets\RWF-2000\train\NonFight\rwf_train_nonfight_0766.avi
train,RWF-2000,Non-violence,5.000,C:\SIRCH_ENV\datasets\RWF-2000\train\NonFight\rwf_train_nonfight_0767.avi
train,RWF-2000,Non-violence,5.000,C:\SIRCH_ENV\datasets\RWF-2000\train\NonFight\rwf_train_nonfight_0768.avi
train,RWF-2000,Non-violence,5.000,C:\SIRCH_ENV\datasets\RWF-2000\train\NonFight\rwf_train_nonfight_0769.avi
train,RWF-2000,Non-violence,5.000,C:\SIRCH_ENV\datasets\RWF-2000\train\NonFight\rwf_train_nonfight_0770.avi
train,RWF-2000,Non-violence,5.000,C:\SIRCH_ENV\datasets\RWF-2000\train\NonFight\rwf_train_nonfight_0772.avi
train,RWF-2000,Non-violence,5.000,C:\SIRCH_ENV\datasets\RWF-2000\train\NonFight\rwf_train_nonfight_0773.avi
train,RWF-2000,Non-violence,5.000,C:\SIRCH_ENV\datasets\RWF-2000\train\NonFight\rwf_train_nonfight_0774.avi
train,RWF-2000,Non-violence,5.000,C:\SIRCH_ENV\datasets\RWF-2000\train\NonFight\rwf_train_nonfight_0776.avi
train,RWF-2000,Non-violence,5.000,C:\SIRCH_ENV\datasets\RWF-2000\train\NonFight\rwf_train_nonfight_0777.avi
train,RWF-2000,Non-violence,5.000,C:\SIRCH_ENV\datasets\RWF-2000\train\NonFight\rwf_train_nonfight_0778.avi
train,RWF-2000,Non-violence,5.000,C:\SIRCH_ENV\datasets\RWF-2000\train\NonFight\rwf_train_nonfight_0779.avi
train,RWF-2000,Non-violence,5.000,C:\SIRCH_ENV\datasets\RWF-2000\train\NonFight\rwf_train_nonfight_0780.avi
train,RWF-2000,Non-violence,5.000,C:\SIRCH_ENV\datasets\RWF-2000\train\NonFight\rwf_train_nonfight_0781.avi
train,RWF-2000,Non-violence,5.000,C:\SIRCH_ENV\datasets\RWF-2000\train\NonFight\rwf_train_nonfight_0782.avi
train,RWF-2000,Non-violence,5.000,C:\SIRCH_ENV\datasets\RWF-2000\train\NonFight\rwf_train_nonfight_0783.avi
train,RWF-2000,Non-violence,5.000,C:\SIRCH_ENV\datasets\RWF-2000\train\NonFight\rwf_train_nonfight_0784.avi
train,RWF-2000,Non-violence,5.000,C:\SIRCH_ENV\datasets\RWF-2000\train\NonFight\rwf_train_nonfight_0785.avi
train,RWF-2000,Non-violence,5.000,C:\SIRCH_ENV\datasets\RWF-2000\train\NonFight\rwf_train_nonfight_0786.avi
train,RWF-2000,Non-violence,5.000,C:\SIRCH_ENV\datasets\RWF-2000\train\NonFight\rwf_train_nonfight_0787.avi
train,RWF-2000,Non-violence,5.000,C:\SIRCH_ENV\datasets\RWF-2000\train\NonFight\rwf_train_nonfight_0788.avi
train,RWF-2000,Non-violence,5.000,C:\SIRCH_ENV\datasets\RWF-2000\train\NonFight\rwf_train_nonfight_0789.avi
train,RWF-2000,Non-violence,5.000,C:\SIRCH_ENV\datasets\RWF-2000\train\NonFight\rwf_train_nonfight_0790.avi
train,RWF-2000,Non-violence,5.000,C:\SIRCH_ENV\datasets\RWF-2000\train\NonFight\rwf_train_nonfight_0791.avi
train,RWF-2000,Non-violence,5.000,C:\SIRCH_ENV\datasets\RWF-2000\train\NonFight\rwf_train_nonfight_0792.avi
train,RWF-2000,Non-violence,5.000,C:\SIRCH_ENV\datasets\RWF-2000\train\NonFight\rwf_train_nonfight_0795.avi
train,RWF-2000,Non-violence,5.000,C:\SIRCH_ENV\datasets\RWF-2000\train\NonFight\rwf_train_nonfight_0797.avi
train,RWF-2000,Non-violence,5.000,C:\SIRCH_ENV\datasets\RWF-2000\train\NonFight\rwf_train_nonfight_0798.avi
train,RWF-2000,Non-violence,5.000,C:\SIRCH_ENV\datasets\RWF-2000\train\NonFight\rwf_train_nonfight_0799.avi
train,RWF-2000,Non-violence,5.000,C:\SIRCH_ENV\datasets\RWF-2000\val\NonFight\rwf_val_nonfight_0005.avi
train,RWF-2000,Non-violence,5.000,C:\SIRCH_ENV\datasets\RWF-2000\val\NonFight\rwf_val_nonfight_0006.avi
train,RWF-2000,Non-violence,5.000,C:\SIRCH_ENV\datasets\RWF-2000\val\NonFight\rwf_val_nonfight_0007.avi
train,RWF-2000,Non-violence,5.000,C:\SIRCH_ENV\datasets\RWF-2000\val\NonFight\rwf_val_nonfight_0010.avi
train,RWF-2000,Non-violence,5.000,C:\SIRCH_ENV\datasets\RWF-2000\val\NonFight\rwf_val_nonfight_0012.avi
train,RWF-2000,Non-violence,5.000,C:\SIRCH_ENV\datasets\RWF-2000\val\NonFight\rwf_val_nonfight_0015.avi
train,RWF-2000,Non-violence,5.000,C:\SIRCH_ENV\datasets\RWF-2000\val\NonFight\rwf_val_nonfight_0016.avi
train,RWF-2000,Non-violence,5.000,C:\SIRCH_ENV\datasets\RWF-2000\val\NonFight\rwf_val_nonfight_0018.avi
train,RWF-2000,Non-violence,5.000,C:\SIRCH_ENV\datasets\RWF-2000\val\NonFight\rwf_val_nonfight_0020.avi
train,RWF-2000,Non-violence,5.000,C:\SIRCH_ENV\datasets\RWF-2000\val\NonFight\rwf_val_nonfight_0021.avi
train,RWF-2000,Non-violence,5.000,C:\SIRCH_ENV\datasets\RWF-2000\val\NonFight\rwf_val_nonfight_0022.avi
train,RWF-2000,Non-violence,5.000,C:\SIRCH_ENV\datasets\RWF-2000\val\NonFight\rwf_val_nonfight_0023.avi
train,RWF-2000,Non-violence,5.000,C:\SIRCH_ENV\datasets\RWF-2000\val\NonFight\rwf_val_nonfight_0024.avi
train,RWF-2000,Non-violence,5.000,C:\SIRCH_ENV\datasets\RWF-2000\val\NonFight\rwf_val_nonfight_0025.avi
train,RWF-2000,Non-violence,5.000,C:\SIRCH_ENV\datasets\RWF-2000\val\NonFight\rwf_val_nonfight_0026.avi
train,RWF-2000,Non-violence,5.000,C:\SIRCH_ENV\datasets\RWF-2000\val\NonFight\rwf_val_nonfight_0029.avi
train,RWF-2000,Non-violence,5.000,C:\SIRCH_ENV\datasets\RWF-2000\val\NonFight\rwf_val_nonfight_0030.avi
train,RWF-2000,Non-violence,5.000,C:\SIRCH_ENV\datasets\RWF-2000\val\NonFight\rwf_val_nonfight_0031.avi
train,RWF-2000,Non-violence,5.000,C:\SIRCH_ENV\datasets\RWF-2000\val\NonFight\rwf_val_nonfight_0033.avi
train,RWF-2000,Non-violence,5.000,C:\SIRCH_ENV\datasets\RWF-2000\val\NonFight\rwf_val_nonfight_0040.avi
train,RWF-2000,Non-violence,5.000,C:\SIRCH_ENV\datasets\RWF-2000\val\NonFight\rwf_val_nonfight_0041.avi
train,RWF-2000,Non-violence,5.000,C:\SIRCH_ENV\datasets\RWF-2000\val\NonFight\rwf_val_nonfight_0044.avi
train,RWF-2000,Non-violence,5.000,C:\SIRCH_ENV\datasets\RWF-2000\val\NonFight\rwf_val_nonfight_0046.avi
train,RWF-2000,Non-violence,5.000,C:\SIRCH_ENV\datasets\RWF-2000\val\NonFight\rwf_val_nonfight_0047.avi
train,RWF-2000,Non-violence,5.000,C:\SIRCH_ENV\datasets\RWF-2000\val\NonFight\rwf_val_nonfight_0048.avi
train,RWF-2000,Non-violence,5.000,C:\SIRCH_ENV\datasets\RWF-2000\val\NonFight\rwf_val_nonfight_0049.avi
train,RWF-2000,Non-violence,5.000,C:\SIRCH_ENV\datasets\RWF-2000\val\NonFight\rwf_val_nonfight_0053.avi
train,RWF-2000,Non-violence,5.000,C:\SIRCH_ENV\datasets\RWF-2000\val\NonFight\rwf_val_nonfight_0054.avi
train,RWF-2000,Non-violence,5.000,C:\SIRCH_ENV\datasets\RWF-2000\val\NonFight\rwf_val_nonfight_0055.avi
train,RWF-2000,Non-violence,5.000,C:\SIRCH_ENV\datasets\RWF-2000\val\NonFight\rwf_val_nonfight_0056.avi
train,RWF-2000,Non-violence,5.000,C:\SIRCH_ENV\datasets\RWF-2000\val\NonFight\rwf_val_nonfight_0057.avi
train,RWF-2000,Non-violence,5.000,C:\SIRCH_ENV\datasets\RWF-2000\val\NonFight\rwf_val_nonfight_0059.avi
train,RWF-2000,Non-violence,5.000,C:\SIRCH_ENV\datasets\RWF-2000\val\NonFight\rwf_val_nonfight_0060.avi
train,RWF-2000,Non-violence,5.000,C:\SIRCH_ENV\datasets\RWF-2000\val\NonFight\rwf_val_nonfight_0061.avi
train,RWF-2000,Non-violence,5.000,C:\SIRCH_ENV\datasets\RWF-2000\val\NonFight\rwf_val_nonfight_0063.avi
train,RWF-2000,Non-violence,5.000,C:\SIRCH_ENV\datasets\RWF-2000\val\NonFight\rwf_val_nonfight_0065.avi
train,RWF-2000,Non-violence,5.000,C:\SIRCH_ENV\datasets\RWF-2000\val\NonFight\rwf_val_nonfight_0067.avi
train,RWF-2000,Non-violence,5.000,C:\SIRCH_ENV\datasets\RWF-2000\val\NonFight\rwf_val_nonfight_0069.avi
train,RWF-2000,Non-violence,5.000,C:\SIRCH_ENV\datasets\RWF-2000\val\NonFight\rwf_val_nonfight_0070.avi
train,RWF-2000,Non-violence,5.000,C:\SIRCH_ENV\datasets\RWF-2000\val\NonFight\rwf_val_nonfight_0072.avi
train,RWF-2000,Non-violence,5.000,C:\SIRCH_ENV\datasets\RWF-2000\val\NonFight\rwf_val_nonfight_0073.avi
train,RWF-2000,Non-violence,5.000,C:\SIRCH_ENV\datasets\RWF-2000\val\NonFight\rwf_val_nonfight_0075.avi
train,RWF-2000,Non-violence,5.000,C:\SIRCH_ENV\datasets\RWF-2000\val\NonFight\rwf_val_nonfight_0076.avi
train,RWF-2000,Non-violence,5.000,C:\SIRCH_ENV\datasets\RWF-2000\val\NonFight\rwf_val_nonfight_0077.avi
train,RWF-2000,Non-violence,5.000,C:\SIRCH_ENV\datasets\RWF-2000\val\NonFight\rwf_val_nonfight_0079.avi
train,RWF-2000,Non-violence,5.000,C:\SIRCH_ENV\datasets\RWF-2000\val\NonFight\rwf_val_nonfight_0080.avi
train,RWF-2000,Non-violence,5.000,C:\SIRCH_ENV\datasets\RWF-2000\val\NonFight\rwf_val_nonfight_0081.avi
train,RWF-2000,Non-violence,5.000,C:\SIRCH_ENV\datasets\RWF-2000\val\NonFight\rwf_val_nonfight_0082.avi
train,RWF-2000,Non-violence,5.000,C:\SIRCH_ENV\datasets\RWF-2000\val\NonFight\rwf_val_nonfight_0084.avi
train,RWF-2000,Non-violence,5.000,C:\SIRCH_ENV\datasets\RWF-2000\val\NonFight\rwf_val_nonfight_0085.avi
train,RWF-2000,Non-violence,5.000,C:\SIRCH_ENV\datasets\RWF-2000\val\NonFight\rwf_val_nonfight_0086.avi
train,RWF-2000,Non-violence,5.000,C:\SIRCH_ENV\datasets\RWF-2000\val\NonFight\rwf_val_nonfight_0087.avi
train,RWF-2000,Non-violence,5.000,C:\SIRCH_ENV\datasets\RWF-2000\val\NonFight\rwf_val_nonfight_0088.avi
train,RWF-2000,Non-violence,5.000,C:\SIRCH_ENV\datasets\RWF-2000\val\NonFight\rwf_val_nonfight_0089.avi
train,RWF-2000,Non-violence,5.000,C:\SIRCH_ENV\datasets\RWF-2000\val\NonFight\rwf_val_nonfight_0091.avi
train,RWF-2000,Non-violence,5.000,C:\SIRCH_ENV\datasets\RWF-2000\val\NonFight\rwf_val_nonfight_0092.avi
train,RWF-2000,Non-violence,5.000,C:\SIRCH_ENV\datasets\RWF-2000\val\NonFight\rwf_val_nonfight_0093.avi
train,RWF-2000,Non-violence,5.000,C:\SIRCH_ENV\datasets\RWF-2000\val\NonFight\rwf_val_nonfight_0094.avi
train,RWF-2000,Non-violence,5.000,C:\SIRCH_ENV\datasets\RWF-2000\val\NonFight\rwf_val_nonfight_0095.avi
train,RWF-2000,Non-violence,5.000,C:\SIRCH_ENV\datasets\RWF-2000\val\NonFight\rwf_val_nonfight_0096.avi
train,RWF-2000,Non-violence,5.000,C:\SIRCH_ENV\datasets\RWF-2000\val\NonFight\rwf_val_nonfight_0098.avi
train,RWF-2000,Non-violence,5.000,C:\SIRCH_ENV\datasets\RWF-2000\val\NonFight\rwf_val_nonfight_0099.avi
train,RWF-2000,Non-violence,5.000,C:\SIRCH_ENV\datasets\RWF-2000\val\NonFight\rwf_val_nonfight_0100.avi
train,RWF-2000,Non-violence,5.000,C:\SIRCH_ENV\datasets\RWF-2000\val\NonFight\rwf_val_nonfight_0102.avi
train,RWF-2000,Non-violence,5.000,C:\SIRCH_ENV\datasets\RWF-2000\val\NonFight\rwf_val_nonfight_0104.avi
train,RWF-2000,Non-violence,5.000,C:\SIRCH_ENV\datasets\RWF-2000\val\NonFight\rwf_val_nonfight_0105.avi
train,RWF-2000,Non-violence,5.000,C:\SIRCH_ENV\datasets\RWF-2000\val\NonFight\rwf_val_nonfight_0107.avi
train,RWF-2000,Non-violence,5.000,C:\SIRCH_ENV\datasets\RWF-2000\val\NonFight\rwf_val_nonfight_0108.avi
train,RWF-2000,Non-violence,5.000,C:\SIRCH_ENV\datasets\RWF-2000\val\NonFight\rwf_val_nonfight_0110.avi
train,RWF-2000,Non-violence,5.000,C:\SIRCH_ENV\datasets\RWF-2000\val\NonFight\rwf_val_nonfight_0111.avi
train,RWF-2000,Non-violence,5.000,C:\SIRCH_ENV\datasets\RWF-2000\val\NonFight\rwf_val_nonfight_0112.avi
train,RWF-2000,Non-violence,5.000,C:\SIRCH_ENV\datasets\RWF-2000\val\NonFight\rwf_val_nonfight_0118.avi
train,RWF-2000,Non-violence,5.000,C:\SIRCH_ENV\datasets\RWF-2000\val\NonFight\rwf_val_nonfight_0121.avi
train,RWF-2000,Non-violence,5.000,C:\SIRCH_ENV\datasets\RWF-2000\val\NonFight\rwf_val_nonfight_0122.avi
train,RWF-2000,Non-violence,5.000,C:\SIRCH_ENV\datasets\RWF-2000\val\NonFight\rwf_val_nonfight_0123.avi
train,RWF-2000,Non-violence,5.000,C:\SIRCH_ENV\datasets\RWF-2000\val\NonFight\rwf_val_nonfight_0124.avi
train,RWF-2000,Non-violence,5.000,C:\SIRCH_ENV\datasets\RWF-2000\val\NonFight\rwf_val_nonfight_0127.avi
train,RWF-2000,Non-violence,5.000,C:\SIRCH_ENV\datasets\RWF-2000\val\NonFight\rwf_val_nonfight_0128.avi
train,RWF-2000,Non-violence,5.000,C:\SIRCH_ENV\datasets\RWF-2000\val\NonFight\rwf_val_nonfight_0131.avi
train,RWF-2000,Non-violence,5.000,C:\SIRCH_ENV\datasets\RWF-2000\val\NonFight\rwf_val_nonfight_0132.avi
train,RWF-2000,Non-violence,5.000,C:\SIRCH_ENV\datasets\RWF-2000\val\NonFight\rwf_val_nonfight_0133.avi
train,RWF-2000,Non-violence,5.000,C:\SIRCH_ENV\datasets\RWF-2000\val\NonFight\rwf_val_nonfight_0134.avi
train,RWF-2000,Non-violence,5.000,C:\SIRCH_ENV\datasets\RWF-2000\val\NonFight\rwf_val_nonfight_0135.avi
train,RWF-2000,Non-violence,5.000,C:\SIRCH_ENV\datasets\RWF-2000\val\NonFight\rwf_val_nonfight_0136.avi
train,RWF-2000,Non-violence,5.000,C:\SIRCH_ENV\datasets\RWF-2000\val\NonFight\rwf_val_nonfight_0137.avi
train,RWF-2000,Non-violence,5.000,C:\SIRCH_ENV\datasets\RWF-2000\val\NonFight\rwf_val_nonfight_0138.avi
train,RWF-2000,Non-violence,5.000,C:\SIRCH_ENV\datasets\RWF-2000\val\NonFight\rwf_val_nonfight_0144.avi
train,RWF-2000,Non-violence,5.000,C:\SIRCH_ENV\datasets\RWF-2000\val\NonFight\rwf_val_nonfight_0145.avi
train,RWF-2000,Non-violence,5.000,C:\SIRCH_ENV\datasets\RWF-2000\val\NonFight\rwf_val_nonfight_0146.avi
train,RWF-2000,Non-violence,5.000,C:\SIRCH_ENV\datasets\RWF-2000\val\NonFight\rwf_val_nonfight_0147.avi
train,RWF-2000,Non-violence,5.000,C:\SIRCH_ENV\datasets\RWF-2000\val\NonFight\rwf_val_nonfight_0149.avi
train,RWF-2000,Non-violence,5.000,C:\SIRCH_ENV\datasets\RWF-2000\val\NonFight\rwf_val_nonfight_0150.avi
train,RWF-2000,Non-violence,5.000,C:\SIRCH_ENV\datasets\RWF-2000\val\NonFight\rwf_val_nonfight_0151.avi
train,RWF-2000,Non-violence,5.000,C:\SIRCH_ENV\datasets\RWF-2000\val\NonFight\rwf_val_nonfight_0152.avi
train,RWF-2000,Non-violence,5.000,C:\SIRCH_ENV\datasets\RWF-2000\val\NonFight\rwf_val_nonfight_0153.avi
train,RWF-2000,Non-violence,5.000,C:\SIRCH_ENV\datasets\RWF-2000\val\NonFight\rwf_val_nonfight_0154.avi
train,RWF-2000,Non-violence,5.000,C:\SIRCH_ENV\datasets\RWF-2000\val\NonFight\rwf_val_nonfight_0155.avi
train,RWF-2000,Non-violence,5.000,C:\SIRCH_ENV\datasets\RWF-2000\val\NonFight\rwf_val_nonfight_0156.avi
train,RWF-2000,Non-violence,5.000,C:\SIRCH_ENV\datasets\RWF-2000\val\NonFight\rwf_val_nonfight_0157.avi
train,RWF-2000,Non-violence,5.000,C:\SIRCH_ENV\datasets\RWF-2000\val\NonFight\rwf_val_nonfight_0158.avi
train,RWF-2000,Non-violence,5.000,C:\SIRCH_ENV\datasets\RWF-2000\val\NonFight\rwf_val_nonfight_0159.avi
train,RWF-2000,Non-violence,5.000,C:\SIRCH_ENV\datasets\RWF-2000\val\NonFight\rwf_val_nonfight_0160.avi
train,RWF-2000,Non-violence,5.000,C:\SIRCH_ENV\datasets\RWF-2000\val\NonFight\rwf_val_nonfight_0161.avi
train,RWF-2000,Non-violence,5.000,C:\SIRCH_ENV\datasets\RWF-2000\val\NonFight\rwf_val_nonfight_0165.avi
train,RWF-2000,Non-violence,5.000,C:\SIRCH_ENV\datasets\RWF-2000\val\NonFight\rwf_val_nonfight_0166.avi
train,RWF-2000,Non-violence,5.000,C:\SIRCH_ENV\datasets\RWF-2000\val\NonFight\rwf_val_nonfight_0167.avi
train,RWF-2000,Non-violence,5.000,C:\SIRCH_ENV\datasets\RWF-2000\val\NonFight\rwf_val_nonfight_0169.avi
train,RWF-2000,Non-violence,5.000,C:\SIRCH_ENV\datasets\RWF-2000\val\NonFight\rwf_val_nonfight_0170.avi
train,RWF-2000,Non-violence,5.000,C:\SIRCH_ENV\datasets\RWF-2000\val\NonFight\rwf_val_nonfight_0172.avi
train,RWF-2000,Non-violence,5.000,C:\SIRCH_ENV\datasets\RWF-2000\val\NonFight\rwf_val_nonfight_0173.avi
train,RWF-2000,Non-violence,5.000,C:\SIRCH_ENV\datasets\RWF-2000\val\NonFight\rwf_val_nonfight_0175.avi
train,RWF-2000,Non-violence,5.000,C:\SIRCH_ENV\datasets\RWF-2000\val\NonFight\rwf_val_nonfight_0176.avi
train,RWF-2000,Non-violence,5.000,C:\SIRCH_ENV\datasets\RWF-2000\val\NonFight\rwf_val_nonfight_0177.avi
train,RWF-2000,Non-violence,5.000,C:\SIRCH_ENV\datasets\RWF-2000\val\NonFight\rwf_val_nonfight_0178.avi
train,RWF-2000,Non-violence,5.000,C:\SIRCH_ENV\datasets\RWF-2000\val\NonFight\rwf_val_nonfight_0179.avi
train,RWF-2000,Non-violence,5.000,C:\SIRCH_ENV\datasets\RWF-2000\val\NonFight\rwf_val_nonfight_0181.avi
train,RWF-2000,Non-violence,5.000,C:\SIRCH_ENV\datasets\RWF-2000\val\NonFight\rwf_val_nonfight_0182.avi
train,RWF-2000,Non-violence,5.000,C:\SIRCH_ENV\datasets\RWF-2000\val\NonFight\rwf_val_nonfight_0183.avi
train,RWF-2000,Non-violence,5.000,C:\SIRCH_ENV\datasets\RWF-2000\val\NonFight\rwf_val_nonfight_0184.avi
train,RWF-2000,Non-violence,5.000,C:\SIRCH_ENV\datasets\RWF-2000\val\NonFight\rwf_val_nonfight_0185.avi
train,RWF-2000,Non-violence,5.000,C:\SIRCH_ENV\datasets\RWF-2000\val\NonFight\rwf_val_nonfight_0186.avi
train,RWF-2000,Non-violence,5.000,C:\SIRCH_ENV\datasets\RWF-2000\val\NonFight\rwf_val_nonfight_0188.avi
train,RWF-2000,Non-violence,5.000,C:\SIRCH_ENV\datasets\RWF-2000\val\NonFight\rwf_val_nonfight_0189.avi
train,RWF-2000,Non-violence,5.000,C:\SIRCH_ENV\datasets\RWF-2000\val\NonFight\rwf_val_nonfight_0190.avi
train,RWF-2000,Non-violence,5.000,C:\SIRCH_ENV\datasets\RWF-2000\val\NonFight\rwf_val_nonfight_0192.avi
train,RWF-2000,Non-violence,5.000,C:\SIRCH_ENV\datasets\RWF-2000\val\NonFight\rwf_val_nonfight_0193.avi
train,RWF-2000,Non-violence,5.000,C:\SIRCH_ENV\datasets\RWF-2000\val\NonFight\rwf_val_nonfight_0196.avi
train,RWF-2000,Non-violence,5.000,C:\SIRCH_ENV\datasets\RWF-2000\val\NonFight\rwf_val_nonfight_0198.avi
train,RWF-2000,Non-violence,5.000,C:\SIRCH_ENV\datasets\RWF-2000\val\NonFight\rwf_val_nonfight_0199.avi
train,RWF-2000,Violence,5.000,C:\SIRCH_ENV\datasets\RWF-2000\train\Fight\rwf_train_fight_0001.avi
train,RWF-2000,Violence,5.000,C:\SIRCH_ENV\datasets\RWF-2000\train\Fight\rwf_train_fight_0002.avi
train,RWF-2000,Violence,5.000,C:\SIRCH_ENV\datasets\RWF-2000\train\Fight\rwf_train_fight_0004.avi
train,RWF-2000,Violence,5.000,C:\SIRCH_ENV\datasets\RWF-2000\train\Fight\rwf_train_fight_0005.avi
train,RWF-2000,Violence,5.000,C:\SIRCH_ENV\datasets\RWF-2000\train\Fight\rwf_train_fight_0006.avi
train,RWF-2000,Violence,5.000,C:\SIRCH_ENV\datasets\RWF-2000\train\Fight\rwf_train_fight_0007.avi
train,RWF-2000,Violence,5.000,C:\SIRCH_ENV\datasets\RWF-2000\train\Fight\rwf_train_fight_0011.avi
train,RWF-2000,Violence,5.000,C:\SIRCH_ENV\datasets\RWF-2000\train\Fight\rwf_train_fight_0012.avi
train,RWF-2000,Violence,5.000,C:\SIRCH_ENV\datasets\RWF-2000\train\Fight\rwf_train_fight_0013.avi
train,RWF-2000,Violence,5.000,C:\SIRCH_ENV\datasets\RWF-2000\train\Fight\rwf_train_fight_0016.avi
train,RWF-2000,Violence,5.000,C:\SIRCH_ENV\datasets\RWF-2000\train\Fight\rwf_train_fight_0018.avi
train,RWF-2000,Violence,5.000,C:\SIRCH_ENV\datasets\RWF-2000\train\Fight\rwf_train_fight_0020.avi
train,RWF-2000,Violence,5.000,C:\SIRCH_ENV\datasets\RWF-2000\train\Fight\rwf_train_fight_0021.avi
train,RWF-2000,Violence,5.000,C:\SIRCH_ENV\datasets\RWF-2000\train\Fight\rwf_train_fight_0022.avi
train,RWF-2000,Violence,5.000,C:\SIRCH_ENV\datasets\RWF-2000\train\Fight\rwf_train_fight_0023.avi
train,RWF-2000,Violence,5.000,C:\SIRCH_ENV\datasets\RWF-2000\train\Fight\rwf_train_fight_0026.avi
train,RWF-2000,Violence,5.000,C:\SIRCH_ENV\datasets\RWF-2000\train\Fight\rwf_train_fight_0027.avi
train,RWF-2000,Violence,5.000,C:\SIRCH_ENV\datasets\RWF-2000\train\Fight\rwf_train_fight_0028.avi
train,RWF-2000,Violence,5.000,C:\SIRCH_ENV\datasets\RWF-2000\train\Fight\rwf_train_fight_0029.avi
train,RWF-2000,Violence,5.000,C:\SIRCH_ENV\datasets\RWF-2000\train\Fight\rwf_train_fight_0030.avi
train,RWF-2000,Violence,5.000,C:\SIRCH_ENV\datasets\RWF-2000\train\Fight\rwf_train_fight_0031.avi
train,RWF-2000,Violence,5.000,C:\SIRCH_ENV\datasets\RWF-2000\train\Fight\rwf_train_fight_0033.avi
train,RWF-2000,Violence,5.000,C:\SIRCH_ENV\datasets\RWF-2000\train\Fight\rwf_train_fight_0035.avi
train,RWF-2000,Violence,5.000,C:\SIRCH_ENV\datasets\RWF-2000\train\Fight\rwf_train_fight_0037.avi
train,RWF-2000,Violence,5.000,C:\SIRCH_ENV\datasets\RWF-2000\train\Fight\rwf_train_fight_0038.avi
train,RWF-2000,Violence,5.000,C:\SIRCH_ENV\datasets\RWF-2000\train\Fight\rwf_train_fight_0041.avi
train,RWF-2000,Violence,5.000,C:\SIRCH_ENV\datasets\RWF-2000\train\Fight\rwf_train_fight_0042.avi
train,RWF-2000,Violence,5.000,C:\SIRCH_ENV\datasets\RWF-2000\train\Fight\rwf_train_fight_0043.avi
train,RWF-2000,Violence,5.000,C:\SIRCH_ENV\datasets\RWF-2000\train\Fight\rwf_train_fight_0044.avi
train,RWF-2000,Violence,5.000,C:\SIRCH_ENV\datasets\RWF-2000\train\Fight\rwf_train_fight_0046.avi
train,RWF-2000,Violence,5.000,C:\SIRCH_ENV\datasets\RWF-2000\train\Fight\rwf_train_fight_0047.avi
train,RWF-2000,Violence,5.000,C:\SIRCH_ENV\datasets\RWF-2000\train\Fight\rwf_train_fight_0048.avi
train,RWF-2000,Violence,5.000,C:\SIRCH_ENV\datasets\RWF-2000\train\Fight\rwf_train_fight_0049.avi
train,RWF-2000,Violence,5.000,C:\SIRCH_ENV\datasets\RWF-2000\train\Fight\rwf_train_fight_0050.avi
train,RWF-2000,Violence,5.000,C:\SIRCH_ENV\datasets\RWF-2000\train\Fight\rwf_train_fight_0051.avi
train,RWF-2000,Violence,5.000,C:\SIRCH_ENV\datasets\RWF-2000\train\Fight\rwf_train_fight_0052.avi
train,RWF-2000,Violence,5.000,C:\SIRCH_ENV\datasets\RWF-2000\train\Fight\rwf_train_fight_0055.avi
train,RWF-2000,Violence,5.000,C:\SIRCH_ENV\datasets\RWF-2000\train\Fight\rwf_train_fight_0058.avi
train,RWF-2000,Violence,5.000,C:\SIRCH_ENV\datasets\RWF-2000\train\Fight\rwf_train_fight_0060.avi
train,RWF-2000,Violence,5.000,C:\SIRCH_ENV\datasets\RWF-2000\train\Fight\rwf_train_fight_0061.avi
train,RWF-2000,Violence,5.000,C:\SIRCH_ENV\datasets\RWF-2000\train\Fight\rwf_train_fight_0062.avi
train,RWF-2000,Violence,5.000,C:\SIRCH_ENV\datasets\RWF-2000\train\Fight\rwf_train_fight_0063.avi
train,RWF-2000,Violence,5.000,C:\SIRCH_ENV\datasets\RWF-2000\train\Fight\rwf_train_fight_0064.avi
train,RWF-2000,Violence,5.000,C:\SIRCH_ENV\datasets\RWF-2000\train\Fight\rwf_train_fight_0065.avi
train,RWF-2000,Violence,5.000,C:\SIRCH_ENV\datasets\RWF-2000\train\Fight\rwf_train_fight_0066.avi
train,RWF-2000,Violence,5.000,C:\SIRCH_ENV\datasets\RWF-2000\train\Fight\rwf_train_fight_0067.avi
train,RWF-2000,Violence,5.000,C:\SIRCH_ENV\datasets\RWF-2000\train\Fight\rwf_train_fight_0069.avi
train,RWF-2000,Violence,5.000,C:\SIRCH_ENV\datasets\RWF-2000\train\Fight\rwf_train_fight_0071.avi
train,RWF-2000,Violence,5.000,C:\SIRCH_ENV\datasets\RWF-2000\train\Fight\rwf_train_fight_0072.avi
train,RWF-2000,Violence,5.000,C:\SIRCH_ENV\datasets\RWF-2000\train\Fight\rwf_train_fight_0076.avi
train,RWF-2000,Violence,5.000,C:\SIRCH_ENV\datasets\RWF-2000\train\Fight\rwf_train_fight_0077.avi
train,RWF-2000,Violence,5.000,C:\SIRCH_ENV\datasets\RWF-2000\train\Fight\rwf_train_fight_0079.avi
train,RWF-2000,Violence,5.000,C:\SIRCH_ENV\datasets\RWF-2000\train\Fight\rwf_train_fight_0080.avi
train,RWF-2000,Violence,5.000,C:\SIRCH_ENV\datasets\RWF-2000\train\Fight\rwf_train_fight_0081.avi
train,RWF-2000,Violence,5.000,C:\SIRCH_ENV\datasets\RWF-2000\train\Fight\rwf_train_fight_0082.avi
train,RWF-2000,Violence,5.000,C:\SIRCH_ENV\datasets\RWF-2000\train\Fight\rwf_train_fight_0083.avi
train,RWF-2000,Violence,5.000,C:\SIRCH_ENV\datasets\RWF-2000\train\Fight\rwf_train_fight_0084.avi
train,RWF-2000,Violence,5.000,C:\SIRCH_ENV\datasets\RWF-2000\train\Fight\rwf_train_fight_0085.avi
train,RWF-2000,Violence,5.000,C:\SIRCH_ENV\datasets\RWF-2000\train\Fight\rwf_train_fight_0086.avi
train,RWF-2000,Violence,5.000,C:\SIRCH_ENV\datasets\RWF-2000\train\Fight\rwf_train_fight_0087.avi
train,RWF-2000,Violence,5.000,C:\SIRCH_ENV\datasets\RWF-2000\train\Fight\rwf_train_fight_0088.avi
train,RWF-2000,Violence,5.000,C:\SIRCH_ENV\datasets\RWF-2000\train\Fight\rwf_train_fight_0090.avi
train,RWF-2000,Violence,5.000,C:\SIRCH_ENV\datasets\RWF-2000\train\Fight\rwf_train_fight_0091.avi
train,RWF-2000,Violence,5.000,C:\SIRCH_ENV\datasets\RWF-2000\train\Fight\rwf_train_fight_0092.avi
train,RWF-2000,Violence,5.000,C:\SIRCH_ENV\datasets\RWF-2000\train\Fight\rwf_train_fight_0093.avi
train,RWF-2000,Violence,5.000,C:\SIRCH_ENV\datasets\RWF-2000\train\Fight\rwf_train_fight_0095.avi
train,RWF-2000,Violence,5.000,C:\SIRCH_ENV\datasets\RWF-2000\train\Fight\rwf_train_fight_0096.avi
train,RWF-2000,Violence,5.000,C:\SIRCH_ENV\datasets\RWF-2000\train\Fight\rwf_train_fight_0097.avi
train,RWF-2000,Violence,5.000,C:\SIRCH_ENV\datasets\RWF-2000\train\Fight\rwf_train_fight_0098.avi
train,RWF-2000,Violence,5.000,C:\SIRCH_ENV\datasets\RWF-2000\train\Fight\rwf_train_fight_0099.avi
train,RWF-2000,Violence,5.000,C:\SIRCH_ENV\datasets\RWF-2000\train\Fight\rwf_train_fight_0101.avi
train,RWF-2000,Violence,5.000,C:\SIRCH_ENV\datasets\RWF-2000\train\Fight\rwf_train_fight_0102.avi
train,RWF-2000,Violence,5.000,C:\SIRCH_ENV\datasets\RWF-2000\train\Fight\rwf_train_fight_0103.avi
train,RWF-2000,Violence,5.000,C:\SIRCH_ENV\datasets\RWF-2000\train\Fight\rwf_train_fight_0107.avi
train,RWF-2000,Violence,5.000,C:\SIRCH_ENV\datasets\RWF-2000\train\Fight\rwf_train_fight_0110.avi
train,RWF-2000,Violence,5.000,C:\SIRCH_ENV\datasets\RWF-2000\train\Fight\rwf_train_fight_0111.avi
train,RWF-2000,Violence,5.000,C:\SIRCH_ENV\datasets\RWF-2000\train\Fight\rwf_train_fight_0113.avi
train,RWF-2000,Violence,5.000,C:\SIRCH_ENV\datasets\RWF-2000\train\Fight\rwf_train_fight_0114.avi
train,RWF-2000,Violence,5.000,C:\SIRCH_ENV\datasets\RWF-2000\train\Fight\rwf_train_fight_0115.avi
train,RWF-2000,Violence,5.000,C:\SIRCH_ENV\datasets\RWF-2000\train\Fight\rwf_train_fight_0119.avi
train,RWF-2000,Violence,5.000,C:\SIRCH_ENV\datasets\RWF-2000\train\Fight\rwf_train_fight_0120.avi
train,RWF-2000,Violence,5.000,C:\SIRCH_ENV\datasets\RWF-2000\train\Fight\rwf_train_fight_0122.avi
train,RWF-2000,Violence,5.000,C:\SIRCH_ENV\datasets\RWF-2000\train\Fight\rwf_train_fight_0124.avi
train,RWF-2000,Violence,5.000,C:\SIRCH_ENV\datasets\RWF-2000\train\Fight\rwf_train_fight_0125.avi
train,RWF-2000,Violence,5.000,C:\SIRCH_ENV\datasets\RWF-2000\train\Fight\rwf_train_fight_0127.avi
train,RWF-2000,Violence,5.000,C:\SIRCH_ENV\datasets\RWF-2000\train\Fight\rwf_train_fight_0128.avi
train,RWF-2000,Violence,5.000,C:\SIRCH_ENV\datasets\RWF-2000\train\Fight\rwf_train_fight_0129.avi
train,RWF-2000,Violence,5.000,C:\SIRCH_ENV\datasets\RWF-2000\train\Fight\rwf_train_fight_0130.avi
train,RWF-2000,Violence,5.000,C:\SIRCH_ENV\datasets\RWF-2000\train\Fight\rwf_train_fight_0131.avi
train,RWF-2000,Violence,5.000,C:\SIRCH_ENV\datasets\RWF-2000\train\Fight\rwf_train_fight_0132.avi
train,RWF-2000,Violence,5.000,C:\SIRCH_ENV\datasets\RWF-2000\train\Fight\rwf_train_fight_0134.avi
train,RWF-2000,Violence,5.000,C:\SIRCH_ENV\datasets\RWF-2000\train\Fight\rwf_train_fight_0135.avi
train,RWF-2000,Violence,5.000,C:\SIRCH_ENV\datasets\RWF-2000\train\Fight\rwf_train_fight_0136.avi
train,RWF-2000,Violence,5.000,C:\SIRCH_ENV\datasets\RWF-2000\train\Fight\rwf_train_fight_0137.avi
train,RWF-2000,Violence,5.000,C:\SIRCH_ENV\datasets\RWF-2000\train\Fight\rwf_train_fight_0138.avi
train,RWF-2000,Violence,5.000,C:\SIRCH_ENV\datasets\RWF-2000\train\Fight\rwf_train_fight_0139.avi
train,RWF-2000,Violence,5.000,C:\SIRCH_ENV\datasets\RWF-2000\train\Fight\rwf_train_fight_0140.avi
train,RWF-2000,Violence,5.000,C:\SIRCH_ENV\datasets\RWF-2000\train\Fight\rwf_train_fight_0141.avi
train,RWF-2000,Violence,5.000,C:\SIRCH_ENV\datasets\RWF-2000\train\Fight\rwf_train_fight_0144.avi
train,RWF-2000,Violence,5.000,C:\SIRCH_ENV\datasets\RWF-2000\train\Fight\rwf_train_fight_0145.avi
train,RWF-2000,Violence,5.000,C:\SIRCH_ENV\datasets\RWF-2000\train\Fight\rwf_train_fight_0146.avi
train,RWF-2000,Violence,5.000,C:\SIRCH_ENV\datasets\RWF-2000\train\Fight\rwf_train_fight_0148.avi
train,RWF-2000,Violence,5.000,C:\SIRCH_ENV\datasets\RWF-2000\train\Fight\rwf_train_fight_0149.avi
train,RWF-2000,Violence,5.000,C:\SIRCH_ENV\datasets\RWF-2000\train\Fight\rwf_train_fight_0151.avi
train,RWF-2000,Violence,5.000,C:\SIRCH_ENV\datasets\RWF-2000\train\Fight\rwf_train_fight_0152.avi
train,RWF-2000,Violence,5.000,C:\SIRCH_ENV\datasets\RWF-2000\train\Fight\rwf_train_fight_0153.avi
train,RWF-2000,Violence,5.000,C:\SIRCH_ENV\datasets\RWF-2000\train\Fight\rwf_train_fight_0154.avi
train,RWF-2000,Violence,5.000,C:\SIRCH_ENV\datasets\RWF-2000\train\Fight\rwf_train_fight_0155.avi
train,RWF-2000,Violence,5.000,C:\SIRCH_ENV\datasets\RWF-2000\train\Fight\rwf_train_fight_0157.avi
train,RWF-2000,Violence,5.000,C:\SIRCH_ENV\datasets\RWF-2000\train\Fight\rwf_train_fight_0158.avi
train,RWF-2000,Violence,5.000,C:\SIRCH_ENV\datasets\RWF-2000\train\Fight\rwf_train_fight_0159.avi
train,RWF-2000,Violence,5.000,C:\SIRCH_ENV\datasets\RWF-2000\train\Fight\rwf_train_fight_0164.avi
train,RWF-2000,Violence,5.000,C:\SIRCH_ENV\datasets\RWF-2000\train\Fight\rwf_train_fight_0165.avi
train,RWF-2000,Violence,5.000,C:\SIRCH_ENV\datasets\RWF-2000\train\Fight\rwf_train_fight_0168.avi
train,RWF-2000,Violence,5.000,C:\SIRCH_ENV\datasets\RWF-2000\train\Fight\rwf_train_fight_0171.avi
train,RWF-2000,Violence,5.000,C:\SIRCH_ENV\datasets\RWF-2000\train\Fight\rwf_train_fight_0172.avi
train,RWF-2000,Violence,5.000,C:\SIRCH_ENV\datasets\RWF-2000\train\Fight\rwf_train_fight_0173.avi
train,RWF-2000,Violence,5.000,C:\SIRCH_ENV\datasets\RWF-2000\train\Fight\rwf_train_fight_0174.avi
train,RWF-2000,Violence,5.000,C:\SIRCH_ENV\datasets\RWF-2000\train\Fight\rwf_train_fight_0175.avi
train,RWF-2000,Violence,5.000,C:\SIRCH_ENV\datasets\RWF-2000\train\Fight\rwf_train_fight_0176.avi
train,RWF-2000,Violence,5.000,C:\SIRCH_ENV\datasets\RWF-2000\train\Fight\rwf_train_fight_0177.avi
train,RWF-2000,Violence,5.000,C:\SIRCH_ENV\datasets\RWF-2000\train\Fight\rwf_train_fight_0178.avi
train,RWF-2000,Violence,5.000,C:\SIRCH_ENV\datasets\RWF-2000\train\Fight\rwf_train_fight_0181.avi
train,RWF-2000,Violence,5.000,C:\SIRCH_ENV\datasets\RWF-2000\train\Fight\rwf_train_fight_0183.avi
train,RWF-2000,Violence,5.000,C:\SIRCH_ENV\datasets\RWF-2000\train\Fight\rwf_train_fight_0184.avi
train,RWF-2000,Violence,5.000,C:\SIRCH_ENV\datasets\RWF-2000\train\Fight\rwf_train_fight_0185.avi
train,RWF-2000,Violence,5.000,C:\SIRCH_ENV\datasets\RWF-2000\train\Fight\rwf_train_fight_0186.avi
train,RWF-2000,Violence,5.000,C:\SIRCH_ENV\datasets\RWF-2000\train\Fight\rwf_train_fight_0188.avi
train,RWF-2000,Violence,5.000,C:\SIRCH_ENV\datasets\RWF-2000\train\Fight\rwf_train_fight_0192.avi
train,RWF-2000,Violence,5.000,C:\SIRCH_ENV\datasets\RWF-2000\train\Fight\rwf_train_fight_0193.avi
train,RWF-2000,Violence,5.000,C:\SIRCH_ENV\datasets\RWF-2000\train\Fight\rwf_train_fight_0194.avi
train,RWF-2000,Violence,5.000,C:\SIRCH_ENV\datasets\RWF-2000\train\Fight\rwf_train_fight_0195.avi
train,RWF-2000,Violence,5.000,C:\SIRCH_ENV\datasets\RWF-2000\train\Fight\rwf_train_fight_0197.avi
train,RWF-2000,Violence,5.000,C:\SIRCH_ENV\datasets\RWF-2000\train\Fight\rwf_train_fight_0198.avi
train,RWF-2000,Violence,5.000,C:\SIRCH_ENV\datasets\RWF-2000\train\Fight\rwf_train_fight_0200.avi
train,RWF-2000,Violence,5.000,C:\SIRCH_ENV\datasets\RWF-2000\train\Fight\rwf_train_fight_0201.avi
train,RWF-2000,Violence,5.000,C:\SIRCH_ENV\datasets\RWF-2000\train\Fight\rwf_train_fight_0202.avi
train,RWF-2000,Violence,5.000,C:\SIRCH_ENV\datasets\RWF-2000\train\Fight\rwf_train_fight_0204.avi
train,RWF-2000,Violence,5.000,C:\SIRCH_ENV\datasets\RWF-2000\train\Fight\rwf_train_fight_0205.avi
train,RWF-2000,Violence,5.000,C:\SIRCH_ENV\datasets\RWF-2000\train\Fight\rwf_train_fight_0207.avi
train,RWF-2000,Violence,5.000,C:\SIRCH_ENV\datasets\RWF-2000\train\Fight\rwf_train_fight_0208.avi
train,RWF-2000,Violence,5.000,C:\SIRCH_ENV\datasets\RWF-2000\train\Fight\rwf_train_fight_0210.avi
train,RWF-2000,Violence,5.000,C:\SIRCH_ENV\datasets\RWF-2000\train\Fight\rwf_train_fight_0211.avi
train,RWF-2000,Violence,5.000,C:\SIRCH_ENV\datasets\RWF-2000\train\Fight\rwf_train_fight_0212.avi
train,RWF-2000,Violence,5.000,C:\SIRCH_ENV\datasets\RWF-2000\train\Fight\rwf_train_fight_0214.avi
train,RWF-2000,Violence,5.000,C:\SIRCH_ENV\datasets\RWF-2000\train\Fight\rwf_train_fight_0216.avi
train,RWF-2000,Violence,5.000,C:\SIRCH_ENV\datasets\RWF-2000\train\Fight\rwf_train_fight_0218.avi
train,RWF-2000,Violence,5.000,C:\SIRCH_ENV\datasets\RWF-2000\train\Fight\rwf_train_fight_0220.avi
train,RWF-2000,Violence,5.000,C:\SIRCH_ENV\datasets\RWF-2000\train\Fight\rwf_train_fight_0223.avi
train,RWF-2000,Violence,5.000,C:\SIRCH_ENV\datasets\RWF-2000\train\Fight\rwf_train_fight_0224.avi
train,RWF-2000,Violence,5.000,C:\SIRCH_ENV\datasets\RWF-2000\train\Fight\rwf_train_fight_0225.avi
train,RWF-2000,Violence,5.000,C:\SIRCH_ENV\datasets\RWF-2000\train\Fight\rwf_train_fight_0226.avi
train,RWF-2000,Violence,5.000,C:\SIRCH_ENV\datasets\RWF-2000\train\Fight\rwf_train_fight_0229.avi
train,RWF-2000,Violence,5.000,C:\SIRCH_ENV\datasets\RWF-2000\train\Fight\rwf_train_fight_0230.avi
train,RWF-2000,Violence,5.000,C:\SIRCH_ENV\datasets\RWF-2000\train\Fight\rwf_train_fight_0232.avi
train,RWF-2000,Violence,5.000,C:\SIRCH_ENV\datasets\RWF-2000\train\Fight\rwf_train_fight_0233.avi
train,RWF-2000,Violence,5.000,C:\SIRCH_ENV\datasets\RWF-2000\train\Fight\rwf_train_fight_0234.avi
train,RWF-2000,Violence,5.000,C:\SIRCH_ENV\datasets\RWF-2000\train\Fight\rwf_train_fight_0235.avi
train,RWF-2000,Violence,5.000,C:\SIRCH_ENV\datasets\RWF-2000\train\Fight\rwf_train_fight_0237.avi
train,RWF-2000,Violence,5.000,C:\SIRCH_ENV\datasets\RWF-2000\train\Fight\rwf_train_fight_0240.avi
train,RWF-2000,Violence,5.000,C:\SIRCH_ENV\datasets\RWF-2000\train\Fight\rwf_train_fight_0241.avi
train,RWF-2000,Violence,5.000,C:\SIRCH_ENV\datasets\RWF-2000\train\Fight\rwf_train_fight_0242.avi
train,RWF-2000,Violence,5.000,C:\SIRCH_ENV\datasets\RWF-2000\train\Fight\rwf_train_fight_0243.avi
train,RWF-2000,Violence,5.000,C:\SIRCH_ENV\datasets\RWF-2000\train\Fight\rwf_train_fight_0245.avi
train,RWF-2000,Violence,5.000,C:\SIRCH_ENV\datasets\RWF-2000\train\Fight\rwf_train_fight_0247.avi
train,RWF-2000,Violence,5.000,C:\SIRCH_ENV\datasets\RWF-2000\train\Fight\rwf_train_fight_0248.avi
train,RWF-2000,Violence,5.000,C:\SIRCH_ENV\datasets\RWF-2000\train\Fight\rwf_train_fight_0249.avi
train,RWF-2000,Violence,5.000,C:\SIRCH_ENV\datasets\RWF-2000\train\Fight\rwf_train_fight_0250.avi
train,RWF-2000,Violence,5.000,C:\SIRCH_ENV\datasets\RWF-2000\train\Fight\rwf_train_fight_0253.avi
train,RWF-2000,Violence,5.000,C:\SIRCH_ENV\datasets\RWF-2000\train\Fight\rwf_train_fight_0254.avi
train,RWF-2000,Violence,5.000,C:\SIRCH_ENV\datasets\RWF-2000\train\Fight\rwf_train_fight_0255.avi
train,RWF-2000,Violence,5.000,C:\SIRCH_ENV\datasets\RWF-2000\train\Fight\rwf_train_fight_0256.avi
train,RWF-2000,Violence,5.000,C:\SIRCH_ENV\datasets\RWF-2000\train\Fight\rwf_train_fight_0258.avi
train,RWF-2000,Violence,5.000,C:\SIRCH_ENV\datasets\RWF-2000\train\Fight\rwf_train_fight_0259.avi
train,RWF-2000,Violence,5.000,C:\SIRCH_ENV\datasets\RWF-2000\train\Fight\rwf_train_fight_0260.avi
train,RWF-2000,Violence,5.000,C:\SIRCH_ENV\datasets\RWF-2000\train\Fight\rwf_train_fight_0261.avi
train,RWF-2000,Violence,5.000,C:\SIRCH_ENV\datasets\RWF-2000\train\Fight\rwf_train_fight_0262.avi
train,RWF-2000,Violence,5.000,C:\SIRCH_ENV\datasets\RWF-2000\train\Fight\rwf_train_fight_0263.avi
train,RWF-2000,Violence,5.000,C:\SIRCH_ENV\datasets\RWF-2000\train\Fight\rwf_train_fight_0264.avi
train,RWF-2000,Violence,5.000,C:\SIRCH_ENV\datasets\RWF-2000\train\Fight\rwf_train_fight_0265.avi
train,RWF-2000,Violence,5.000,C:\SIRCH_ENV\datasets\RWF-2000\train\Fight\rwf_train_fight_0266.avi
train,RWF-2000,Violence,5.000,C:\SIRCH_ENV\datasets\RWF-2000\train\Fight\rwf_train_fight_0267.avi
train,RWF-2000,Violence,5.000,C:\SIRCH_ENV\datasets\RWF-2000\train\Fight\rwf_train_fight_0268.avi
train,RWF-2000,Violence,5.000,C:\SIRCH_ENV\datasets\RWF-2000\train\Fight\rwf_train_fight_0270.avi
train,RWF-2000,Violence,5.000,C:\SIRCH_ENV\datasets\RWF-2000\train\Fight\rwf_train_fight_0271.avi
train,RWF-2000,Violence,5.000,C:\SIRCH_ENV\datasets\RWF-2000\train\Fight\rwf_train_fight_0272.avi
train,RWF-2000,Violence,5.000,C:\SIRCH_ENV\datasets\RWF-2000\train\Fight\rwf_train_fight_0273.avi
train,RWF-2000,Violence,5.000,C:\SIRCH_ENV\datasets\RWF-2000\train\Fight\rwf_train_fight_0274.avi
train,RWF-2000,Violence,5.000,C:\SIRCH_ENV\datasets\RWF-2000\train\Fight\rwf_train_fight_0277.avi
train,RWF-2000,Violence,5.000,C:\SIRCH_ENV\datasets\RWF-2000\train\Fight\rwf_train_fight_0278.avi
train,RWF-2000,Violence,5.000,C:\SIRCH_ENV\datasets\RWF-2000\train\Fight\rwf_train_fight_0279.avi
train,RWF-2000,Violence,5.000,C:\SIRCH_ENV\datasets\RWF-2000\train\Fight\rwf_train_fight_0280.avi
train,RWF-2000,Violence,5.000,C:\SIRCH_ENV\datasets\RWF-2000\train\Fight\rwf_train_fight_0281.avi
train,RWF-2000,Violence,5.000,C:\SIRCH_ENV\datasets\RWF-2000\train\Fight\rwf_train_fight_0283.avi
train,RWF-2000,Violence,5.000,C:\SIRCH_ENV\datasets\RWF-2000\train\Fight\rwf_train_fight_0284.avi
train,RWF-2000,Violence,5.000,C:\SIRCH_ENV\datasets\RWF-2000\train\Fight\rwf_train_fight_0285.avi
train,RWF-2000,Violence,5.000,C:\SIRCH_ENV\datasets\RWF-2000\train\Fight\rwf_train_fight_0286.avi
train,RWF-2000,Violence,5.000,C:\SIRCH_ENV\datasets\RWF-2000\train\Fight\rwf_train_fight_0287.avi
train,RWF-2000,Violence,5.000,C:\SIRCH_ENV\datasets\RWF-2000\train\Fight\rwf_train_fight_0288.avi
train,RWF-2000,Violence,5.000,C:\SIRCH_ENV\datasets\RWF-2000\train\Fight\rwf_train_fight_0291.avi
train,RWF-2000,Violence,5.000,C:\SIRCH_ENV\datasets\RWF-2000\train\Fight\rwf_train_fight_0292.avi
train,RWF-2000,Violence,5.000,C:\SIRCH_ENV\datasets\RWF-2000\train\Fight\rwf_train_fight_0293.avi
train,RWF-2000,Violence,5.000,C:\SIRCH_ENV\datasets\RWF-2000\train\Fight\rwf_train_fight_0294.avi
train,RWF-2000,Violence,5.000,C:\SIRCH_ENV\datasets\RWF-2000\train\Fight\rwf_train_fight_0295.avi
train,RWF-2000,Violence,5.000,C:\SIRCH_ENV\datasets\RWF-2000\train\Fight\rwf_train_fight_0297.avi
train,RWF-2000,Violence,5.000,C:\SIRCH_ENV\datasets\RWF-2000\train\Fight\rwf_train_fight_0301.avi
train,RWF-2000,Violence,5.000,C:\SIRCH_ENV\datasets\RWF-2000\train\Fight\rwf_train_fight_0302.avi
train,RWF-2000,Violence,5.000,C:\SIRCH_ENV\datasets\RWF-2000\train\Fight\rwf_train_fight_0305.avi
train,RWF-2000,Violence,5.000,C:\SIRCH_ENV\datasets\RWF-2000\train\Fight\rwf_train_fight_0306.avi
train,RWF-2000,Violence,5.000,C:\SIRCH_ENV\datasets\RWF-2000\train\Fight\rwf_train_fight_0307.avi
train,RWF-2000,Violence,5.000,C:\SIRCH_ENV\datasets\RWF-2000\train\Fight\rwf_train_fight_0308.avi
train,RWF-2000,Violence,5.000,C:\SIRCH_ENV\datasets\RWF-2000\train\Fight\rwf_train_fight_0309.avi
train,RWF-2000,Violence,5.000,C:\SIRCH_ENV\datasets\RWF-2000\train\Fight\rwf_train_fight_0311.avi
train,RWF-2000,Violence,5.000,C:\SIRCH_ENV\datasets\RWF-2000\train\Fight\rwf_train_fight_0312.avi
train,RWF-2000,Violence,5.000,C:\SIRCH_ENV\datasets\RWF-2000\train\Fight\rwf_train_fight_0313.avi
train,RWF-2000,Violence,5.000,C:\SIRCH_ENV\datasets\RWF-2000\train\Fight\rwf_train_fight_0314.avi
train,RWF-2000,Violence,5.000,C:\SIRCH_ENV\datasets\RWF-2000\train\Fight\rwf_train_fight_0317.avi
train,RWF-2000,Violence,5.000,C:\SIRCH_ENV\datasets\RWF-2000\train\Fight\rwf_train_fight_0319.avi
train,RWF-2000,Violence,5.000,C:\SIRCH_ENV\datasets\RWF-2000\train\Fight\rwf_train_fight_0320.avi
train,RWF-2000,Violence,5.000,C:\SIRCH_ENV\datasets\RWF-2000\train\Fight\rwf_train_fight_0322.avi
train,RWF-2000,Violence,5.000,C:\SIRCH_ENV\datasets\RWF-2000\train\Fight\rwf_train_fight_0323.avi
train,RWF-2000,Violence,5.000,C:\SIRCH_ENV\datasets\RWF-2000\train\Fight\rwf_train_fight_0324.avi
train,RWF-2000,Violence,5.000,C:\SIRCH_ENV\datasets\RWF-2000\train\Fight\rwf_train_fight_0325.avi
train,RWF-2000,Violence,5.000,C:\SIRCH_ENV\datasets\RWF-2000\train\Fight\rwf_train_fight_0327.avi
train,RWF-2000,Violence,5.000,C:\SIRCH_ENV\datasets\RWF-2000\train\Fight\rwf_train_fight_0328.avi
train,RWF-2000,Violence,5.000,C:\SIRCH_ENV\datasets\RWF-2000\train\Fight\rwf_train_fight_0331.avi
train,RWF-2000,Violence,5.000,C:\SIRCH_ENV\datasets\RWF-2000\train\Fight\rwf_train_fight_0332.avi
train,RWF-2000,Violence,5.000,C:\SIRCH_ENV\datasets\RWF-2000\train\Fight\rwf_train_fight_0333.avi
train,RWF-2000,Violence,5.000,C:\SIRCH_ENV\datasets\RWF-2000\train\Fight\rwf_train_fight_0334.avi
train,RWF-2000,Violence,5.000,C:\SIRCH_ENV\datasets\RWF-2000\train\Fight\rwf_train_fight_0335.avi
train,RWF-2000,Violence,5.000,C:\SIRCH_ENV\datasets\RWF-2000\train\Fight\rwf_train_fight_0336.avi
train,RWF-2000,Violence,5.000,C:\SIRCH_ENV\datasets\RWF-2000\train\Fight\rwf_train_fight_0337.avi
train,RWF-2000,Violence,5.000,C:\SIRCH_ENV\datasets\RWF-2000\train\Fight\rwf_train_fight_0338.avi
train,RWF-2000,Violence,5.000,C:\SIRCH_ENV\datasets\RWF-2000\train\Fight\rwf_train_fight_0342.avi
train,RWF-2000,Violence,5.000,C:\SIRCH_ENV\datasets\RWF-2000\train\Fight\rwf_train_fight_0343.avi
train,RWF-2000,Violence,5.000,C:\SIRCH_ENV\datasets\RWF-2000\train\Fight\rwf_train_fight_0344.avi
train,RWF-2000,Violence,5.000,C:\SIRCH_ENV\datasets\RWF-2000\train\Fight\rwf_train_fight_0346.avi
train,RWF-2000,Violence,5.000,C:\SIRCH_ENV\datasets\RWF-2000\train\Fight\rwf_train_fight_0347.avi
train,RWF-2000,Violence,5.000,C:\SIRCH_ENV\datasets\RWF-2000\train\Fight\rwf_train_fight_0348.avi
train,RWF-2000,Violence,5.000,C:\SIRCH_ENV\datasets\RWF-2000\train\Fight\rwf_train_fight_0349.avi
train,RWF-2000,Violence,5.000,C:\SIRCH_ENV\datasets\RWF-2000\train\Fight\rwf_train_fight_0350.avi
train,RWF-2000,Violence,5.000,C:\SIRCH_ENV\datasets\RWF-2000\train\Fight\rwf_train_fight_0351.avi
train,RWF-2000,Violence,5.000,C:\SIRCH_ENV\datasets\RWF-2000\train\Fight\rwf_train_fight_0352.avi
train,RWF-2000,Violence,5.000,C:\SIRCH_ENV\datasets\RWF-2000\train\Fight\rwf_train_fight_0354.avi
train,RWF-2000,Violence,5.000,C:\SIRCH_ENV\datasets\RWF-2000\train\Fight\rwf_train_fight_0355.avi
train,RWF-2000,Violence,5.000,C:\SIRCH_ENV\datasets\RWF-2000\train\Fight\rwf_train_fight_0356.avi
train,RWF-2000,Violence,5.000,C:\SIRCH_ENV\datasets\RWF-2000\train\Fight\rwf_train_fight_0357.avi
train,RWF-2000,Violence,5.000,C:\SIRCH_ENV\datasets\RWF-2000\train\Fight\rwf_train_fight_0358.avi
train,RWF-2000,Violence,5.000,C:\SIRCH_ENV\datasets\RWF-2000\train\Fight\rwf_train_fight_0359.avi
train,RWF-2000,Violence,5.000,C:\SIRCH_ENV\datasets\RWF-2000\train\Fight\rwf_train_fight_0360.avi
train,RWF-2000,Violence,5.000,C:\SIRCH_ENV\datasets\RWF-2000\train\Fight\rwf_train_fight_0363.avi
train,RWF-2000,Violence,5.000,C:\SIRCH_ENV\datasets\RWF-2000\train\Fight\rwf_train_fight_0364.avi
train,RWF-2000,Violence,5.000,C:\SIRCH_ENV\datasets\RWF-2000\train\Fight\rwf_train_fight_0365.avi
train,RWF-2000,Violence,5.000,C:\SIRCH_ENV\datasets\RWF-2000\train\Fight\rwf_train_fight_0366.avi
train,RWF-2000,Violence,5.000,C:\SIRCH_ENV\datasets\RWF-2000\train\Fight\rwf_train_fight_0367.avi
train,RWF-2000,Violence,5.000,C:\SIRCH_ENV\datasets\RWF-2000\train\Fight\rwf_train_fight_0368.avi
train,RWF-2000,Violence,5.000,C:\SIRCH_ENV\datasets\RWF-2000\train\Fight\rwf_train_fight_0369.avi
train,RWF-2000,Violence,5.000,C:\SIRCH_ENV\datasets\RWF-2000\train\Fight\rwf_train_fight_0371.avi
train,RWF-2000,Violence,5.000,C:\SIRCH_ENV\datasets\RWF-2000\train\Fight\rwf_train_fight_0372.avi
train,RWF-2000,Violence,5.000,C:\SIRCH_ENV\datasets\RWF-2000\train\Fight\rwf_train_fight_0373.avi
train,RWF-2000,Violence,5.000,C:\SIRCH_ENV\datasets\RWF-2000\train\Fight\rwf_train_fight_0374.avi
train,RWF-2000,Violence,5.000,C:\SIRCH_ENV\datasets\RWF-2000\train\Fight\rwf_train_fight_0376.avi
train,RWF-2000,Violence,5.000,C:\SIRCH_ENV\datasets\RWF-2000\train\Fight\rwf_train_fight_0377.avi
train,RWF-2000,Violence,5.000,C:\SIRCH_ENV\datasets\RWF-2000\train\Fight\rwf_train_fight_0378.avi
train,RWF-2000,Violence,5.000,C:\SIRCH_ENV\datasets\RWF-2000\train\Fight\rwf_train_fight_0379.avi
train,RWF-2000,Violence,5.000,C:\SIRCH_ENV\datasets\RWF-2000\train\Fight\rwf_train_fight_0381.avi
train,RWF-2000,Violence,5.000,C:\SIRCH_ENV\datasets\RWF-2000\train\Fight\rwf_train_fight_0383.avi
train,RWF-2000,Violence,5.000,C:\SIRCH_ENV\datasets\RWF-2000\train\Fight\rwf_train_fight_0384.avi
train,RWF-2000,Violence,5.000,C:\SIRCH_ENV\datasets\RWF-2000\train\Fight\rwf_train_fight_0386.avi
train,RWF-2000,Violence,5.000,C:\SIRCH_ENV\datasets\RWF-2000\train\Fight\rwf_train_fight_0387.avi
train,RWF-2000,Violence,5.000,C:\SIRCH_ENV\datasets\RWF-2000\train\Fight\rwf_train_fight_0388.avi
train,RWF-2000,Violence,5.000,C:\SIRCH_ENV\datasets\RWF-2000\train\Fight\rwf_train_fight_0389.avi
train,RWF-2000,Violence,5.000,C:\SIRCH_ENV\datasets\RWF-2000\train\Fight\rwf_train_fight_0390.avi
train,RWF-2000,Violence,5.000,C:\SIRCH_ENV\datasets\RWF-2000\train\Fight\rwf_train_fight_0391.avi
train,RWF-2000,Violence,5.000,C:\SIRCH_ENV\datasets\RWF-2000\train\Fight\rwf_train_fight_0392.avi
train,RWF-2000,Violence,5.000,C:\SIRCH_ENV\datasets\RWF-2000\train\Fight\rwf_train_fight_0393.avi
train,RWF-2000,Violence,5.000,C:\SIRCH_ENV\datasets\RWF-2000\train\Fight\rwf_train_fight_0396.avi
train,RWF-2000,Violence,5.000,C:\SIRCH_ENV\datasets\RWF-2000\train\Fight\rwf_train_fight_0398.avi
train,RWF-2000,Violence,5.000,C:\SIRCH_ENV\datasets\RWF-2000\train\Fight\rwf_train_fight_0399.avi
train,RWF-2000,Violence,5.000,C:\SIRCH_ENV\datasets\RWF-2000\train\Fight\rwf_train_fight_0404.avi
train,RWF-2000,Violence,5.000,C:\SIRCH_ENV\datasets\RWF-2000\train\Fight\rwf_train_fight_0405.avi
train,RWF-2000,Violence,5.000,C:\SIRCH_ENV\datasets\RWF-2000\train\Fight\rwf_train_fight_0406.avi
train,RWF-2000,Violence,5.000,C:\SIRCH_ENV\datasets\RWF-2000\train\Fight\rwf_train_fight_0407.avi
train,RWF-2000,Violence,5.000,C:\SIRCH_ENV\datasets\RWF-2000\train\Fight\rwf_train_fight_0408.avi
train,RWF-2000,Violence,5.000,C:\SIRCH_ENV\datasets\RWF-2000\train\Fight\rwf_train_fight_0410.avi
train,RWF-2000,Violence,5.000,C:\SIRCH_ENV\datasets\RWF-2000\train\Fight\rwf_train_fight_0411.avi
train,RWF-2000,Violence,5.000,C:\SIRCH_ENV\datasets\RWF-2000\train\Fight\rwf_train_fight_0412.avi
train,RWF-2000,Violence,5.000,C:\SIRCH_ENV\datasets\RWF-2000\train\Fight\rwf_train_fight_0413.avi
train,RWF-2000,Violence,5.000,C:\SIRCH_ENV\datasets\RWF-2000\train\Fight\rwf_train_fight_0415.avi
train,RWF-2000,Violence,5.000,C:\SIRCH_ENV\datasets\RWF-2000\train\Fight\rwf_train_fight_0419.avi
train,RWF-2000,Violence,5.000,C:\SIRCH_ENV\datasets\RWF-2000\train\Fight\rwf_train_fight_0420.avi
train,RWF-2000,Violence,5.000,C:\SIRCH_ENV\datasets\RWF-2000\train\Fight\rwf_train_fight_0421.avi
train,RWF-2000,Violence,5.000,C:\SIRCH_ENV\datasets\RWF-2000\train\Fight\rwf_train_fight_0422.avi
train,RWF-2000,Violence,5.000,C:\SIRCH_ENV\datasets\RWF-2000\train\Fight\rwf_train_fight_0423.avi
train,RWF-2000,Violence,5.000,C:\SIRCH_ENV\datasets\RWF-2000\train\Fight\rwf_train_fight_0424.avi
train,RWF-2000,Violence,5.000,C:\SIRCH_ENV\datasets\RWF-2000\train\Fight\rwf_train_fight_0425.avi
train,RWF-2000,Violence,5.000,C:\SIRCH_ENV\datasets\RWF-2000\train\Fight\rwf_train_fight_0426.avi
train,RWF-2000,Violence,5.000,C:\SIRCH_ENV\datasets\RWF-2000\train\Fight\rwf_train_fight_0427.avi
train,RWF-2000,Violence,5.000,C:\SIRCH_ENV\datasets\RWF-2000\train\Fight\rwf_train_fight_0428.avi
train,RWF-2000,Violence,5.000,C:\SIRCH_ENV\datasets\RWF-2000\train\Fight\rwf_train_fight_0429.avi
train,RWF-2000,Violence,5.000,C:\SIRCH_ENV\datasets\RWF-2000\train\Fight\rwf_train_fight_0430.avi
train,RWF-2000,Violence,5.000,C:\SIRCH_ENV\datasets\RWF-2000\train\Fight\rwf_train_fight_0431.avi
train,RWF-2000,Violence,5.000,C:\SIRCH_ENV\datasets\RWF-2000\train\Fight\rwf_train_fight_0432.avi
train,RWF-2000,Violence,5.000,C:\SIRCH_ENV\datasets\RWF-2000\train\Fight\rwf_train_fight_0433.avi
train,RWF-2000,Violence,5.000,C:\SIRCH_ENV\datasets\RWF-2000\train\Fight\rwf_train_fight_0434.avi
train,RWF-2000,Violence,5.000,C:\SIRCH_ENV\datasets\RWF-2000\train\Fight\rwf_train_fight_0435.avi
train,RWF-2000,Violence,5.000,C:\SIRCH_ENV\datasets\RWF-2000\train\Fight\rwf_train_fight_0436.avi
train,RWF-2000,Violence,5.000,C:\SIRCH_ENV\datasets\RWF-2000\train\Fight\rwf_train_fight_0437.avi
train,RWF-2000,Violence,5.000,C:\SIRCH_ENV\datasets\RWF-2000\train\Fight\rwf_train_fight_0438.avi
train,RWF-2000,Violence,5.000,C:\SIRCH_ENV\datasets\RWF-2000\train\Fight\rwf_train_fight_0440.avi
train,RWF-2000,Violence,5.000,C:\SIRCH_ENV\datasets\RWF-2000\train\Fight\rwf_train_fight_0441.avi
train,RWF-2000,Violence,5.000,C:\SIRCH_ENV\datasets\RWF-2000\train\Fight\rwf_train_fight_0442.avi
train,RWF-2000,Violence,5.000,C:\SIRCH_ENV\datasets\RWF-2000\train\Fight\rwf_train_fight_0443.avi
train,RWF-2000,Violence,5.000,C:\SIRCH_ENV\datasets\RWF-2000\train\Fight\rwf_train_fight_0444.avi
train,RWF-2000,Violence,5.000,C:\SIRCH_ENV\datasets\RWF-2000\train\Fight\rwf_train_fight_0446.avi
train,RWF-2000,Violence,5.000,C:\SIRCH_ENV\datasets\RWF-2000\train\Fight\rwf_train_fight_0447.avi
train,RWF-2000,Violence,5.000,C:\SIRCH_ENV\datasets\RWF-2000\train\Fight\rwf_train_fight_0449.avi
train,RWF-2000,Violence,5.000,C:\SIRCH_ENV\datasets\RWF-2000\train\Fight\rwf_train_fight_0450.avi
train,RWF-2000,Violence,5.000,C:\SIRCH_ENV\datasets\RWF-2000\train\Fight\rwf_train_fight_0451.avi
train,RWF-2000,Violence,5.000,C:\SIRCH_ENV\datasets\RWF-2000\train\Fight\rwf_train_fight_0455.avi
train,RWF-2000,Violence,5.000,C:\SIRCH_ENV\datasets\RWF-2000\train\Fight\rwf_train_fight_0456.avi
train,RWF-2000,Violence,5.000,C:\SIRCH_ENV\datasets\RWF-2000\train\Fight\rwf_train_fight_0457.avi
train,RWF-2000,Violence,5.000,C:\SIRCH_ENV\datasets\RWF-2000\train\Fight\rwf_train_fight_0459.avi
train,RWF-2000,Violence,5.000,C:\SIRCH_ENV\datasets\RWF-2000\train\Fight\rwf_train_fight_0460.avi
train,RWF-2000,Violence,5.000,C:\SIRCH_ENV\datasets\RWF-2000\train\Fight\rwf_train_fight_0461.avi
train,RWF-2000,Violence,5.000,C:\SIRCH_ENV\datasets\RWF-2000\train\Fight\rwf_train_fight_0462.avi
train,RWF-2000,Violence,5.000,C:\SIRCH_ENV\datasets\RWF-2000\train\Fight\rwf_train_fight_0463.avi
train,RWF-2000,Violence,5.000,C:\SIRCH_ENV\datasets\RWF-2000\train\Fight\rwf_train_fight_0465.avi
train,RWF-2000,Violence,5.000,C:\SIRCH_ENV\datasets\RWF-2000\train\Fight\rwf_train_fight_0468.avi
train,RWF-2000,Violence,5.000,C:\SIRCH_ENV\datasets\RWF-2000\train\Fight\rwf_train_fight_0470.avi
train,RWF-2000,Violence,5.000,C:\SIRCH_ENV\datasets\RWF-2000\train\Fight\rwf_train_fight_0471.avi
train,RWF-2000,Violence,5.000,C:\SIRCH_ENV\datasets\RWF-2000\train\Fight\rwf_train_fight_0472.avi
train,RWF-2000,Violence,5.000,C:\SIRCH_ENV\datasets\RWF-2000\train\Fight\rwf_train_fight_0473.avi
train,RWF-2000,Violence,5.000,C:\SIRCH_ENV\datasets\RWF-2000\train\Fight\rwf_train_fight_0475.avi
train,RWF-2000,Violence,5.000,C:\SIRCH_ENV\datasets\RWF-2000\train\Fight\rwf_train_fight_0477.avi
train,RWF-2000,Violence,5.000,C:\SIRCH_ENV\datasets\RWF-2000\train\Fight\rwf_train_fight_0478.avi
train,RWF-2000,Violence,5.000,C:\SIRCH_ENV\datasets\RWF-2000\train\Fight\rwf_train_fight_0479.avi
train,RWF-2000,Violence,5.000,C:\SIRCH_ENV\datasets\RWF-2000\train\Fight\rwf_train_fight_0480.avi
train,RWF-2000,Violence,5.000,C:\SIRCH_ENV\datasets\RWF-2000\train\Fight\rwf_train_fight_0481.avi
train,RWF-2000,Violence,5.000,C:\SIRCH_ENV\datasets\RWF-2000\train\Fight\rwf_train_fight_0482.avi
train,RWF-2000,Violence,5.000,C:\SIRCH_ENV\datasets\RWF-2000\train\Fight\rwf_train_fight_0485.avi
train,RWF-2000,Violence,5.000,C:\SIRCH_ENV\datasets\RWF-2000\train\Fight\rwf_train_fight_0486.avi
train,RWF-2000,Violence,5.000,C:\SIRCH_ENV\datasets\RWF-2000\train\Fight\rwf_train_fight_0487.avi
train,RWF-2000,Violence,5.000,C:\SIRCH_ENV\datasets\RWF-2000\train\Fight\rwf_train_fight_0490.avi
train,RWF-2000,Violence,5.000,C:\SIRCH_ENV\datasets\RWF-2000\train\Fight\rwf_train_fight_0492.avi
train,RWF-2000,Violence,5.000,C:\SIRCH_ENV\datasets\RWF-2000\train\Fight\rwf_train_fight_0493.avi
train,RWF-2000,Violence,5.000,C:\SIRCH_ENV\datasets\RWF-2000\train\Fight\rwf_train_fight_0495.avi
train,RWF-2000,Violence,5.000,C:\SIRCH_ENV\datasets\RWF-2000\train\Fight\rwf_train_fight_0496.avi
train,RWF-2000,Violence,5.000,C:\SIRCH_ENV\datasets\RWF-2000\train\Fight\rwf_train_fight_0497.avi
train,RWF-2000,Violence,5.000,C:\SIRCH_ENV\datasets\RWF-2000\train\Fight\rwf_train_fight_0498.avi
train,RWF-2000,Violence,5.000,C:\SIRCH_ENV\datasets\RWF-2000\train\Fight\rwf_train_fight_0499.avi
train,RWF-2000,Violence,5.000,C:\SIRCH_ENV\datasets\RWF-2000\train\Fight\rwf_train_fight_0500.avi
train,RWF-2000,Violence,5.000,C:\SIRCH_ENV\datasets\RWF-2000\train\Fight\rwf_train_fight_0501.avi
train,RWF-2000,Violence,5.000,C:\SIRCH_ENV\datasets\RWF-2000\train\Fight\rwf_train_fight_0503.avi
train,RWF-2000,Violence,5.000,C:\SIRCH_ENV\datasets\RWF-2000\train\Fight\rwf_train_fight_0507.avi
train,RWF-2000,Violence,5.000,C:\SIRCH_ENV\datasets\RWF-2000\train\Fight\rwf_train_fight_0508.avi
train,RWF-2000,Violence,5.000,C:\SIRCH_ENV\datasets\RWF-2000\train\Fight\rwf_train_fight_0510.avi
train,RWF-2000,Violence,5.000,C:\SIRCH_ENV\datasets\RWF-2000\train\Fight\rwf_train_fight_0511.avi
train,RWF-2000,Violence,5.000,C:\SIRCH_ENV\datasets\RWF-2000\train\Fight\rwf_train_fight_0512.avi
train,RWF-2000,Violence,5.000,C:\SIRCH_ENV\datasets\RWF-2000\train\Fight\rwf_train_fight_0513.avi
train,RWF-2000,Violence,5.000,C:\SIRCH_ENV\datasets\RWF-2000\train\Fight\rwf_train_fight_0514.avi
train,RWF-2000,Violence,5.000,C:\SIRCH_ENV\datasets\RWF-2000\train\Fight\rwf_train_fight_0515.avi
train,RWF-2000,Violence,5.000,C:\SIRCH_ENV\datasets\RWF-2000\train\Fight\rwf_train_fight_0518.avi
train,RWF-2000,Violence,5.000,C:\SIRCH_ENV\datasets\RWF-2000\train\Fight\rwf_train_fight_0520.avi
train,RWF-2000,Violence,5.000,C:\SIRCH_ENV\datasets\RWF-2000\train\Fight\rwf_train_fight_0521.avi
train,RWF-2000,Violence,5.000,C:\SIRCH_ENV\datasets\RWF-2000\train\Fight\rwf_train_fight_0522.avi
train,RWF-2000,Violence,5.000,C:\SIRCH_ENV\datasets\RWF-2000\train\Fight\rwf_train_fight_0526.avi
train,RWF-2000,Violence,5.000,C:\SIRCH_ENV\datasets\RWF-2000\train\Fight\rwf_train_fight_0528.avi
train,RWF-2000,Violence,5.000,C:\SIRCH_ENV\datasets\RWF-2000\train\Fight\rwf_train_fight_0530.avi
train,RWF-2000,Violence,5.000,C:\SIRCH_ENV\datasets\RWF-2000\train\Fight\rwf_train_fight_0532.avi
train,RWF-2000,Violence,5.000,C:\SIRCH_ENV\datasets\RWF-2000\train\Fight\rwf_train_fight_0534.avi
train,RWF-2000,Violence,5.000,C:\SIRCH_ENV\datasets\RWF-2000\train\Fight\rwf_train_fight_0535.avi
train,RWF-2000,Violence,5.000,C:\SIRCH_ENV\datasets\RWF-2000\train\Fight\rwf_train_fight_0536.avi
train,RWF-2000,Violence,5.000,C:\SIRCH_ENV\datasets\RWF-2000\train\Fight\rwf_train_fight_0537.avi
train,RWF-2000,Violence,5.000,C:\SIRCH_ENV\datasets\RWF-2000\train\Fight\rwf_train_fight_0538.avi
train,RWF-2000,Violence,5.000,C:\SIRCH_ENV\datasets\RWF-2000\train\Fight\rwf_train_fight_0539.avi
train,RWF-2000,Violence,5.000,C:\SIRCH_ENV\datasets\RWF-2000\train\Fight\rwf_train_fight_0540.avi
train,RWF-2000,Violence,5.000,C:\SIRCH_ENV\datasets\RWF-2000\train\Fight\rwf_train_fight_0541.avi
train,RWF-2000,Violence,5.000,C:\SIRCH_ENV\datasets\RWF-2000\train\Fight\rwf_train_fight_0542.avi
train,RWF-2000,Violence,5.000,C:\SIRCH_ENV\datasets\RWF-2000\train\Fight\rwf_train_fight_0543.avi
train,RWF-2000,Violence,5.000,C:\SIRCH_ENV\datasets\RWF-2000\train\Fight\rwf_train_fight_0544.avi
train,RWF-2000,Violence,5.000,C:\SIRCH_ENV\datasets\RWF-2000\train\Fight\rwf_train_fight_0545.avi
train,RWF-2000,Violence,5.000,C:\SIRCH_ENV\datasets\RWF-2000\train\Fight\rwf_train_fight_0546.avi
train,RWF-2000,Violence,5.000,C:\SIRCH_ENV\datasets\RWF-2000\train\Fight\rwf_train_fight_0547.avi
train,RWF-2000,Violence,5.000,C:\SIRCH_ENV\datasets\RWF-2000\train\Fight\rwf_train_fight_0549.avi
train,RWF-2000,Violence,5.000,C:\SIRCH_ENV\datasets\RWF-2000\train\Fight\rwf_train_fight_0551.avi
train,RWF-2000,Violence,5.000,C:\SIRCH_ENV\datasets\RWF-2000\train\Fight\rwf_train_fight_0554.avi
train,RWF-2000,Violence,5.000,C:\SIRCH_ENV\datasets\RWF-2000\train\Fight\rwf_train_fight_0557.avi
train,RWF-2000,Violence,5.000,C:\SIRCH_ENV\datasets\RWF-2000\train\Fight\rwf_train_fight_0558.avi
train,RWF-2000,Violence,5.000,C:\SIRCH_ENV\datasets\RWF-2000\train\Fight\rwf_train_fight_0559.avi
train,RWF-2000,Violence,5.000,C:\SIRCH_ENV\datasets\RWF-2000\train\Fight\rwf_train_fight_0560.avi
train,RWF-2000,Violence,5.000,C:\SIRCH_ENV\datasets\RWF-2000\train\Fight\rwf_train_fight_0561.avi
train,RWF-2000,Violence,5.000,C:\SIRCH_ENV\datasets\RWF-2000\train\Fight\rwf_train_fight_0564.avi
train,RWF-2000,Violence,5.000,C:\SIRCH_ENV\datasets\RWF-2000\train\Fight\rwf_train_fight_0566.avi
train,RWF-2000,Violence,5.000,C:\SIRCH_ENV\datasets\RWF-2000\train\Fight\rwf_train_fight_0569.avi
train,RWF-2000,Violence,5.000,C:\SIRCH_ENV\datasets\RWF-2000\train\Fight\rwf_train_fight_0570.avi
train,RWF-2000,Violence,5.000,C:\SIRCH_ENV\datasets\RWF-2000\train\Fight\rwf_train_fight_0571.avi
train,RWF-2000,Violence,5.000,C:\SIRCH_ENV\datasets\RWF-2000\train\Fight\rwf_train_fight_0572.avi
train,RWF-2000,Violence,5.000,C:\SIRCH_ENV\datasets\RWF-2000\train\Fight\rwf_train_fight_0574.avi
train,RWF-2000,Violence,5.000,C:\SIRCH_ENV\datasets\RWF-2000\train\Fight\rwf_train_fight_0575.avi
train,RWF-2000,Violence,5.000,C:\SIRCH_ENV\datasets\RWF-2000\train\Fight\rwf_train_fight_0576.avi
train,RWF-2000,Violence,5.000,C:\SIRCH_ENV\datasets\RWF-2000\train\Fight\rwf_train_fight_0578.avi
train,RWF-2000,Violence,5.000,C:\SIRCH_ENV\datasets\RWF-2000\train\Fight\rwf_train_fight_0580.avi
train,RWF-2000,Violence,5.000,C:\SIRCH_ENV\datasets\RWF-2000\train\Fight\rwf_train_fight_0581.avi
train,RWF-2000,Violence,5.000,C:\SIRCH_ENV\datasets\RWF-2000\train\Fight\rwf_train_fight_0582.avi
train,RWF-2000,Violence,5.000,C:\SIRCH_ENV\datasets\RWF-2000\train\Fight\rwf_train_fight_0583.avi
train,RWF-2000,Violence,5.000,C:\SIRCH_ENV\datasets\RWF-2000\train\Fight\rwf_train_fight_0584.avi
train,RWF-2000,Violence,5.000,C:\SIRCH_ENV\datasets\RWF-2000\train\Fight\rwf_train_fight_0585.avi
train,RWF-2000,Violence,5.000,C:\SIRCH_ENV\datasets\RWF-2000\train\Fight\rwf_train_fight_0587.avi
train,RWF-2000,Violence,5.000,C:\SIRCH_ENV\datasets\RWF-2000\train\Fight\rwf_train_fight_0588.avi
train,RWF-2000,Violence,5.000,C:\SIRCH_ENV\datasets\RWF-2000\train\Fight\rwf_train_fight_0592.avi
train,RWF-2000,Violence,5.000,C:\SIRCH_ENV\datasets\RWF-2000\train\Fight\rwf_train_fight_0595.avi
train,RWF-2000,Violence,5.000,C:\SIRCH_ENV\datasets\RWF-2000\train\Fight\rwf_train_fight_0596.avi
train,RWF-2000,Violence,5.000,C:\SIRCH_ENV\datasets\RWF-2000\train\Fight\rwf_train_fight_0599.avi
train,RWF-2000,Violence,5.000,C:\SIRCH_ENV\datasets\RWF-2000\train\Fight\rwf_train_fight_0600.avi
train,RWF-2000,Violence,5.000,C:\SIRCH_ENV\datasets\RWF-2000\train\Fight\rwf_train_fight_0604.avi
train,RWF-2000,Violence,5.000,C:\SIRCH_ENV\datasets\RWF-2000\train\Fight\rwf_train_fight_0605.avi
train,RWF-2000,Violence,5.000,C:\SIRCH_ENV\datasets\RWF-2000\train\Fight\rwf_train_fight_0606.avi
train,RWF-2000,Violence,5.000,C:\SIRCH_ENV\datasets\RWF-2000\train\Fight\rwf_train_fight_0607.avi
train,RWF-2000,Violence,5.000,C:\SIRCH_ENV\datasets\RWF-2000\train\Fight\rwf_train_fight_0608.avi
train,RWF-2000,Violence,5.000,C:\SIRCH_ENV\datasets\RWF-2000\train\Fight\rwf_train_fight_0609.avi
train,RWF-2000,Violence,5.000,C:\SIRCH_ENV\datasets\RWF-2000\train\Fight\rwf_train_fight_0612.avi
train,RWF-2000,Violence,5.000,C:\SIRCH_ENV\datasets\RWF-2000\train\Fight\rwf_train_fight_0614.avi
train,RWF-2000,Violence,5.000,C:\SIRCH_ENV\datasets\RWF-2000\train\Fight\rwf_train_fight_0616.avi
train,RWF-2000,Violence,5.000,C:\SIRCH_ENV\datasets\RWF-2000\train\Fight\rwf_train_fight_0618.avi
train,RWF-2000,Violence,5.000,C:\SIRCH_ENV\datasets\RWF-2000\train\Fight\rwf_train_fight_0620.avi
train,RWF-2000,Violence,5.000,C:\SIRCH_ENV\datasets\RWF-2000\train\Fight\rwf_train_fight_0621.avi
train,RWF-2000,Violence,5.000,C:\SIRCH_ENV\datasets\RWF-2000\train\Fight\rwf_train_fight_0622.avi
train,RWF-2000,Violence,5.000,C:\SIRCH_ENV\datasets\RWF-2000\train\Fight\rwf_train_fight_0623.avi
train,RWF-2000,Violence,5.000,C:\SIRCH_ENV\datasets\RWF-2000\train\Fight\rwf_train_fight_0624.avi
train,RWF-2000,Violence,5.000,C:\SIRCH_ENV\datasets\RWF-2000\train\Fight\rwf_train_fight_0625.avi
train,RWF-2000,Violence,5.000,C:\SIRCH_ENV\datasets\RWF-2000\train\Fight\rwf_train_fight_0626.avi
train,RWF-2000,Violence,5.000,C:\SIRCH_ENV\datasets\RWF-2000\train\Fight\rwf_train_fight_0627.avi
train,RWF-2000,Violence,5.000,C:\SIRCH_ENV\datasets\RWF-2000\train\Fight\rwf_train_fight_0628.avi
train,RWF-2000,Violence,5.000,C:\SIRCH_ENV\datasets\RWF-2000\train\Fight\rwf_train_fight_0629.avi
train,RWF-2000,Violence,5.000,C:\SIRCH_ENV\datasets\RWF-2000\train\Fight\rwf_train_fight_0630.avi
train,RWF-2000,Violence,5.000,C:\SIRCH_ENV\datasets\RWF-2000\train\Fight\rwf_train_fight_0631.avi
train,RWF-2000,Violence,5.000,C:\SIRCH_ENV\datasets\RWF-2000\train\Fight\rwf_train_fight_0632.avi
train,RWF-2000,Violence,5.000,C:\SIRCH_ENV\datasets\RWF-2000\train\Fight\rwf_train_fight_0634.avi
train,RWF-2000,Violence,5.000,C:\SIRCH_ENV\datasets\RWF-2000\train\Fight\rwf_train_fight_0635.avi
train,RWF-2000,Violence,5.000,C:\SIRCH_ENV\datasets\RWF-2000\train\Fight\rwf_train_fight_0636.avi
train,RWF-2000,Violence,5.000,C:\SIRCH_ENV\datasets\RWF-2000\train\Fight\rwf_train_fight_0637.avi
train,RWF-2000,Violence,5.000,C:\SIRCH_ENV\datasets\RWF-2000\train\Fight\rwf_train_fight_0638.avi
train,RWF-2000,Violence,5.000,C:\SIRCH_ENV\datasets\RWF-2000\train\Fight\rwf_train_fight_0639.avi
train,RWF-2000,Violence,5.000,C:\SIRCH_ENV\datasets\RWF-2000\train\Fight\rwf_train_fight_0640.avi
train,RWF-2000,Violence,5.000,C:\SIRCH_ENV\datasets\RWF-2000\train\Fight\rwf_train_fight_0641.avi
train,RWF-2000,Violence,5.000,C:\SIRCH_ENV\datasets\RWF-2000\train\Fight\rwf_train_fight_0643.avi
train,RWF-2000,Violence,5.000,C:\SIRCH_ENV\datasets\RWF-2000\train\Fight\rwf_train_fight_0644.avi
train,RWF-2000,Violence,5.000,C:\SIRCH_ENV\datasets\RWF-2000\train\Fight\rwf_train_fight_0645.avi
train,RWF-2000,Violence,5.000,C:\SIRCH_ENV\datasets\RWF-2000\train\Fight\rwf_train_fight_0646.avi
train,RWF-2000,Violence,5.000,C:\SIRCH_ENV\datasets\RWF-2000\train\Fight\rwf_train_fight_0647.avi
train,RWF-2000,Violence,5.000,C:\SIRCH_ENV\datasets\RWF-2000\train\Fight\rwf_train_fight_0650.avi
train,RWF-2000,Violence,5.000,C:\SIRCH_ENV\datasets\RWF-2000\train\Fight\rwf_train_fight_0651.avi
train,RWF-2000,Violence,5.000,C:\SIRCH_ENV\datasets\RWF-2000\train\Fight\rwf_train_fight_0653.avi
train,RWF-2000,Violence,5.000,C:\SIRCH_ENV\datasets\RWF-2000\train\Fight\rwf_train_fight_0654.avi
train,RWF-2000,Violence,5.000,C:\SIRCH_ENV\datasets\RWF-2000\train\Fight\rwf_train_fight_0656.avi
train,RWF-2000,Violence,5.000,C:\SIRCH_ENV\datasets\RWF-2000\train\Fight\rwf_train_fight_0657.avi
train,RWF-2000,Violence,5.000,C:\SIRCH_ENV\datasets\RWF-2000\train\Fight\rwf_train_fight_0658.avi
train,RWF-2000,Violence,5.000,C:\SIRCH_ENV\datasets\RWF-2000\train\Fight\rwf_train_fight_0660.avi
train,RWF-2000,Violence,5.000,C:\SIRCH_ENV\datasets\RWF-2000\train\Fight\rwf_train_fight_0662.avi
train,RWF-2000,Violence,5.000,C:\SIRCH_ENV\datasets\RWF-2000\train\Fight\rwf_train_fight_0663.avi
train,RWF-2000,Violence,5.000,C:\SIRCH_ENV\datasets\RWF-2000\train\Fight\rwf_train_fight_0664.avi
train,RWF-2000,Violence,5.000,C:\SIRCH_ENV\datasets\RWF-2000\train\Fight\rwf_train_fight_0665.avi
train,RWF-2000,Violence,5.000,C:\SIRCH_ENV\datasets\RWF-2000\train\Fight\rwf_train_fight_0667.avi
train,RWF-2000,Violence,5.000,C:\SIRCH_ENV\datasets\RWF-2000\train\Fight\rwf_train_fight_0668.avi
train,RWF-2000,Violence,5.000,C:\SIRCH_ENV\datasets\RWF-2000\train\Fight\rwf_train_fight_0670.avi
train,RWF-2000,Violence,5.000,C:\SIRCH_ENV\datasets\RWF-2000\train\Fight\rwf_train_fight_0676.avi
train,RWF-2000,Violence,5.000,C:\SIRCH_ENV\datasets\RWF-2000\train\Fight\rwf_train_fight_0677.avi
train,RWF-2000,Violence,5.000,C:\SIRCH_ENV\datasets\RWF-2000\train\Fight\rwf_train_fight_0679.avi
train,RWF-2000,Violence,5.000,C:\SIRCH_ENV\datasets\RWF-2000\train\Fight\rwf_train_fight_0680.avi
train,RWF-2000,Violence,5.000,C:\SIRCH_ENV\datasets\RWF-2000\train\Fight\rwf_train_fight_0681.avi
train,RWF-2000,Violence,5.000,C:\SIRCH_ENV\datasets\RWF-2000\train\Fight\rwf_train_fight_0683.avi
train,RWF-2000,Violence,5.000,C:\SIRCH_ENV\datasets\RWF-2000\train\Fight\rwf_train_fight_0684.avi
train,RWF-2000,Violence,5.000,C:\SIRCH_ENV\datasets\RWF-2000\train\Fight\rwf_train_fight_0685.avi
train,RWF-2000,Violence,5.000,C:\SIRCH_ENV\datasets\RWF-2000\train\Fight\rwf_train_fight_0686.avi
train,RWF-2000,Violence,5.000,C:\SIRCH_ENV\datasets\RWF-2000\train\Fight\rwf_train_fight_0687.avi
train,RWF-2000,Violence,5.000,C:\SIRCH_ENV\datasets\RWF-2000\train\Fight\rwf_train_fight_0688.avi
train,RWF-2000,Violence,5.000,C:\SIRCH_ENV\datasets\RWF-2000\train\Fight\rwf_train_fight_0689.avi
train,RWF-2000,Violence,5.000,C:\SIRCH_ENV\datasets\RWF-2000\train\Fight\rwf_train_fight_0691.avi
train,RWF-2000,Violence,5.000,C:\SIRCH_ENV\datasets\RWF-2000\train\Fight\rwf_train_fight_0692.avi
train,RWF-2000,Violence,5.000,C:\SIRCH_ENV\datasets\RWF-2000\train\Fight\rwf_train_fight_0693.avi
train,RWF-2000,Violence,5.000,C:\SIRCH_ENV\datasets\RWF-2000\train\Fight\rwf_train_fight_0694.avi
train,RWF-2000,Violence,5.000,C:\SIRCH_ENV\datasets\RWF-2000\train\Fight\rwf_train_fight_0695.avi
train,RWF-2000,Violence,5.000,C:\SIRCH_ENV\datasets\RWF-2000\train\Fight\rwf_train_fight_0696.avi
train,RWF-2000,Violence,5.000,C:\SIRCH_ENV\datasets\RWF-2000\train\Fight\rwf_train_fight_0697.avi
train,RWF-2000,Violence,5.000,C:\SIRCH_ENV\datasets\RWF-2000\train\Fight\rwf_train_fight_0698.avi
train,RWF-2000,Violence,5.000,C:\SIRCH_ENV\datasets\RWF-2000\train\Fight\rwf_train_fight_0700.avi
train,RWF-2000,Violence,5.000,C:\SIRCH_ENV\datasets\RWF-2000\train\Fight\rwf_train_fight_0701.avi
train,RWF-2000,Violence,5.000,C:\SIRCH_ENV\datasets\RWF-2000\train\Fight\rwf_train_fight_0702.avi
train,RWF-2000,Violence,5.000,C:\SIRCH_ENV\datasets\RWF-2000\train\Fight\rwf_train_fight_0703.avi
train,RWF-2000,Violence,5.000,C:\SIRCH_ENV\datasets\RWF-2000\train\Fight\rwf_train_fight_0705.avi
train,RWF-2000,Violence,5.000,C:\SIRCH_ENV\datasets\RWF-2000\train\Fight\rwf_train_fight_0706.avi
train,RWF-2000,Violence,5.000,C:\SIRCH_ENV\datasets\RWF-2000\train\Fight\rwf_train_fight_0707.avi
train,RWF-2000,Violence,5.000,C:\SIRCH_ENV\datasets\RWF-2000\train\Fight\rwf_train_fight_0708.avi
train,RWF-2000,Violence,5.000,C:\SIRCH_ENV\datasets\RWF-2000\train\Fight\rwf_train_fight_0709.avi
train,RWF-2000,Violence,5.000,C:\SIRCH_ENV\datasets\RWF-2000\train\Fight\rwf_train_fight_0710.avi
train,RWF-2000,Violence,5.000,C:\SIRCH_ENV\datasets\RWF-2000\train\Fight\rwf_train_fight_0713.avi
train,RWF-2000,Violence,5.000,C:\SIRCH_ENV\datasets\RWF-2000\train\Fight\rwf_train_fight_0714.avi
train,RWF-2000,Violence,5.000,C:\SIRCH_ENV\datasets\RWF-2000\train\Fight\rwf_train_fight_0716.avi
train,RWF-2000,Violence,5.000,C:\SIRCH_ENV\datasets\RWF-2000\train\Fight\rwf_train_fight_0718.avi
train,RWF-2000,Violence,5.000,C:\SIRCH_ENV\datasets\RWF-2000\train\Fight\rwf_train_fight_0719.avi
train,RWF-2000,Violence,5.000,C:\SIRCH_ENV\datasets\RWF-2000\train\Fight\rwf_train_fight_0720.avi
train,RWF-2000,Violence,5.000,C:\SIRCH_ENV\datasets\RWF-2000\train\Fight\rwf_train_fight_0722.avi
train,RWF-2000,Violence,5.000,C:\SIRCH_ENV\datasets\RWF-2000\train\Fight\rwf_train_fight_0725.avi
train,RWF-2000,Violence,5.000,C:\SIRCH_ENV\datasets\RWF-2000\train\Fight\rwf_train_fight_0727.avi
train,RWF-2000,Violence,5.000,C:\SIRCH_ENV\datasets\RWF-2000\train\Fight\rwf_train_fight_0728.avi
train,RWF-2000,Violence,5.000,C:\SIRCH_ENV\datasets\RWF-2000\train\Fight\rwf_train_fight_0729.avi
train,RWF-2000,Violence,5.000,C:\SIRCH_ENV\datasets\RWF-2000\train\Fight\rwf_train_fight_0730.avi
train,RWF-2000,Violence,5.000,C:\SIRCH_ENV\datasets\RWF-2000\train\Fight\rwf_train_fight_0731.avi
train,RWF-2000,Violence,5.000,C:\SIRCH_ENV\datasets\RWF-2000\train\Fight\rwf_train_fight_0732.avi
train,RWF-2000,Violence,5.000,C:\SIRCH_ENV\datasets\RWF-2000\train\Fight\rwf_train_fight_0733.avi
train,RWF-2000,Violence,5.000,C:\SIRCH_ENV\datasets\RWF-2000\train\Fight\rwf_train_fight_0734.avi
train,RWF-2000,Violence,5.000,C:\SIRCH_ENV\datasets\RWF-2000\train\Fight\rwf_train_fight_0738.avi
train,RWF-2000,Violence,5.000,C:\SIRCH_ENV\datasets\RWF-2000\train\Fight\rwf_train_fight_0739.avi
train,RWF-2000,Violence,5.000,C:\SIRCH_ENV\datasets\RWF-2000\train\Fight\rwf_train_fight_0740.avi
train,RWF-2000,Violence,5.000,C:\SIRCH_ENV\datasets\RWF-2000\train\Fight\rwf_train_fight_0741.avi
train,RWF-2000,Violence,5.000,C:\SIRCH_ENV\datasets\RWF-2000\train\Fight\rwf_train_fight_0743.avi
train,RWF-2000,Violence,5.000,C:\SIRCH_ENV\datasets\RWF-2000\train\Fight\rwf_train_fight_0744.avi
train,RWF-2000,Violence,5.000,C:\SIRCH_ENV\datasets\RWF-2000\train\Fight\rwf_train_fight_0746.avi
train,RWF-2000,Violence,5.000,C:\SIRCH_ENV\datasets\RWF-2000\train\Fight\rwf_train_fight_0747.avi
train,RWF-2000,Violence,5.000,C:\SIRCH_ENV\datasets\RWF-2000\train\Fight\rwf_train_fight_0748.avi
train,RWF-2000,Violence,5.000,C:\SIRCH_ENV\datasets\RWF-2000\train\Fight\rwf_train_fight_0752.avi
train,RWF-2000,Violence,5.000,C:\SIRCH_ENV\datasets\RWF-2000\train\Fight\rwf_train_fight_0755.avi
train,RWF-2000,Violence,5.000,C:\SIRCH_ENV\datasets\RWF-2000\train\Fight\rwf_train_fight_0756.avi
train,RWF-2000,Violence,5.000,C:\SIRCH_ENV\datasets\RWF-2000\train\Fight\rwf_train_fight_0757.avi
train,RWF-2000,Violence,5.000,C:\SIRCH_ENV\datasets\RWF-2000\train\Fight\rwf_train_fight_0761.avi
train,RWF-2000,Violence,5.000,C:\SIRCH_ENV\datasets\RWF-2000\train\Fight\rwf_train_fight_0763.avi
train,RWF-2000,Violence,5.000,C:\SIRCH_ENV\datasets\RWF-2000\train\Fight\rwf_train_fight_0764.avi
train,RWF-2000,Violence,5.000,C:\SIRCH_ENV\datasets\RWF-2000\train\Fight\rwf_train_fight_0765.avi
train,RWF-2000,Violence,5.000,C:\SIRCH_ENV\datasets\RWF-2000\train\Fight\rwf_train_fight_0766.avi
train,RWF-2000,Violence,5.000,C:\SIRCH_ENV\datasets\RWF-2000\train\Fight\rwf_train_fight_0767.avi
train,RWF-2000,Violence,5.000,C:\SIRCH_ENV\datasets\RWF-2000\train\Fight\rwf_train_fight_0768.avi
train,RWF-2000,Violence,5.000,C:\SIRCH_ENV\datasets\RWF-2000\train\Fight\rwf_train_fight_0769.avi
train,RWF-2000,Violence,5.000,C:\SIRCH_ENV\datasets\RWF-2000\train\Fight\rwf_train_fight_0770.avi
train,RWF-2000,Violence,5.000,C:\SIRCH_ENV\datasets\RWF-2000\train\Fight\rwf_train_fight_0771.avi
train,RWF-2000,Violence,5.000,C:\SIRCH_ENV\datasets\RWF-2000\train\Fight\rwf_train_fight_0772.avi
train,RWF-2000,Violence,5.000,C:\SIRCH_ENV\datasets\RWF-2000\train\Fight\rwf_train_fight_0773.avi
train,RWF-2000,Violence,5.000,C:\SIRCH_ENV\datasets\RWF-2000\train\Fight\rwf_train_fight_0774.avi
train,RWF-2000,Violence,5.000,C:\SIRCH_ENV\datasets\RWF-2000\train\Fight\rwf_train_fight_0776.avi
train,RWF-2000,Violence,5.000,C:\SIRCH_ENV\datasets\RWF-2000\train\Fight\rwf_train_fight_0777.avi
train,RWF-2000,Violence,5.000,C:\SIRCH_ENV\datasets\RWF-2000\train\Fight\rwf_train_fight_0778.avi
train,RWF-2000,Violence,5.000,C:\SIRCH_ENV\datasets\RWF-2000\train\Fight\rwf_train_fight_0779.avi
train,RWF-2000,Violence,5.000,C:\SIRCH_ENV\datasets\RWF-2000\train\Fight\rwf_train_fight_0780.avi
train,RWF-2000,Violence,5.000,C:\SIRCH_ENV\datasets\RWF-2000\train\Fight\rwf_train_fight_0781.avi
train,RWF-2000,Violence,5.000,C:\SIRCH_ENV\datasets\RWF-2000\train\Fight\rwf_train_fight_0782.avi
train,RWF-2000,Violence,5.000,C:\SIRCH_ENV\datasets\RWF-2000\train\Fight\rwf_train_fight_0783.avi
train,RWF-2000,Violence,5.000,C:\SIRCH_ENV\datasets\RWF-2000\train\Fight\rwf_train_fight_0784.avi
train,RWF-2000,Violence,5.000,C:\SIRCH_ENV\datasets\RWF-2000\train\Fight\rwf_train_fight_0785.avi
train,RWF-2000,Violence,5.000,C:\SIRCH_ENV\datasets\RWF-2000\train\Fight\rwf_train_fight_0786.avi
train,RWF-2000,Violence,5.000,C:\SIRCH_ENV\datasets\RWF-2000\train\Fight\rwf_train_fight_0787.avi
train,RWF-2000,Violence,5.000,C:\SIRCH_ENV\datasets\RWF-2000\train\Fight\rwf_train_fight_0790.avi
train,RWF-2000,Violence,5.000,C:\SIRCH_ENV\datasets\RWF-2000\train\Fight\rwf_train_fight_0791.avi
train,RWF-2000,Violence,5.000,C:\SIRCH_ENV\datasets\RWF-2000\val\Fight\rwf_val_fight_0002.avi
train,RWF-2000,Violence,5.000,C:\SIRCH_ENV\datasets\RWF-2000\val\Fight\rwf_val_fight_0003.avi
train,RWF-2000,Violence,5.000,C:\SIRCH_ENV\datasets\RWF-2000\val\Fight\rwf_val_fight_0004.avi
train,RWF-2000,Violence,5.000,C:\SIRCH_ENV\datasets\RWF-2000\val\Fight\rwf_val_fight_0005.avi
train,RWF-2000,Violence,5.000,C:\SIRCH_ENV\datasets\RWF-2000\val\Fight\rwf_val_fight_0007.avi
train,RWF-2000,Violence,5.000,C:\SIRCH_ENV\datasets\RWF-2000\val\Fight\rwf_val_fight_0009.avi
train,RWF-2000,Violence,5.000,C:\SIRCH_ENV\datasets\RWF-2000\val\Fight\rwf_val_fight_0010.avi
train,RWF-2000,Violence,5.000,C:\SIRCH_ENV\datasets\RWF-2000\val\Fight\rwf_val_fight_0012.avi
train,RWF-2000,Violence,5.000,C:\SIRCH_ENV\datasets\RWF-2000\val\Fight\rwf_val_fight_0013.avi
train,RWF-2000,Violence,5.000,C:\SIRCH_ENV\datasets\RWF-2000\val\Fight\rwf_val_fight_0015.avi
train,RWF-2000,Violence,5.000,C:\SIRCH_ENV\datasets\RWF-2000\val\Fight\rwf_val_fight_0016.avi
train,RWF-2000,Violence,5.000,C:\SIRCH_ENV\datasets\RWF-2000\val\Fight\rwf_val_fight_0017.avi
train,RWF-2000,Violence,5.000,C:\SIRCH_ENV\datasets\RWF-2000\val\Fight\rwf_val_fight_0018.avi
train,RWF-2000,Violence,5.000,C:\SIRCH_ENV\datasets\RWF-2000\val\Fight\rwf_val_fight_0019.avi
train,RWF-2000,Violence,5.000,C:\SIRCH_ENV\datasets\RWF-2000\val\Fight\rwf_val_fight_0021.avi
train,RWF-2000,Violence,5.000,C:\SIRCH_ENV\datasets\RWF-2000\val\Fight\rwf_val_fight_0022.avi
train,RWF-2000,Violence,5.000,C:\SIRCH_ENV\datasets\RWF-2000\val\Fight\rwf_val_fight_0023.avi
train,RWF-2000,Violence,5.000,C:\SIRCH_ENV\datasets\RWF-2000\val\Fight\rwf_val_fight_0024.avi
train,RWF-2000,Violence,5.000,C:\SIRCH_ENV\datasets\RWF-2000\val\Fight\rwf_val_fight_0025.avi
train,RWF-2000,Violence,5.000,C:\SIRCH_ENV\datasets\RWF-2000\val\Fight\rwf_val_fight_0027.avi
train,RWF-2000,Violence,5.000,C:\SIRCH_ENV\datasets\RWF-2000\val\Fight\rwf_val_fight_0030.avi
train,RWF-2000,Violence,5.000,C:\SIRCH_ENV\datasets\RWF-2000\val\Fight\rwf_val_fight_0033.avi
train,RWF-2000,Violence,5.000,C:\SIRCH_ENV\datasets\RWF-2000\val\Fight\rwf_val_fight_0034.avi
train,RWF-2000,Violence,5.000,C:\SIRCH_ENV\datasets\RWF-2000\val\Fight\rwf_val_fight_0035.avi
train,RWF-2000,Violence,5.000,C:\SIRCH_ENV\datasets\RWF-2000\val\Fight\rwf_val_fight_0036.avi
train,RWF-2000,Violence,5.000,C:\SIRCH_ENV\datasets\RWF-2000\val\Fight\rwf_val_fight_0037.avi
train,RWF-2000,Violence,5.000,C:\SIRCH_ENV\datasets\RWF-2000\val\Fight\rwf_val_fight_0038.avi
train,RWF-2000,Violence,5.000,C:\SIRCH_ENV\datasets\RWF-2000\val\Fight\rwf_val_fight_0039.avi
train,RWF-2000,Violence,5.000,C:\SIRCH_ENV\datasets\RWF-2000\val\Fight\rwf_val_fight_0040.avi
train,RWF-2000,Violence,5.000,C:\SIRCH_ENV\datasets\RWF-2000\val\Fight\rwf_val_fight_0042.avi
train,RWF-2000,Violence,5.000,C:\SIRCH_ENV\datasets\RWF-2000\val\Fight\rwf_val_fight_0044.avi
train,RWF-2000,Violence,5.000,C:\SIRCH_ENV\datasets\RWF-2000\val\Fight\rwf_val_fight_0045.avi
train,RWF-2000,Violence,5.000,C:\SIRCH_ENV\datasets\RWF-2000\val\Fight\rwf_val_fight_0046.avi
train,RWF-2000,Violence,5.000,C:\SIRCH_ENV\datasets\RWF-2000\val\Fight\rwf_val_fight_0048.avi
train,RWF-2000,Violence,5.000,C:\SIRCH_ENV\datasets\RWF-2000\val\Fight\rwf_val_fight_0051.avi
train,RWF-2000,Violence,5.000,C:\SIRCH_ENV\datasets\RWF-2000\val\Fight\rwf_val_fight_0053.avi
train,RWF-2000,Violence,5.000,C:\SIRCH_ENV\datasets\RWF-2000\val\Fight\rwf_val_fight_0055.avi
train,RWF-2000,Violence,5.000,C:\SIRCH_ENV\datasets\RWF-2000\val\Fight\rwf_val_fight_0056.avi
train,RWF-2000,Violence,5.000,C:\SIRCH_ENV\datasets\RWF-2000\val\Fight\rwf_val_fight_0057.avi
train,RWF-2000,Violence,5.000,C:\SIRCH_ENV\datasets\RWF-2000\val\Fight\rwf_val_fight_0059.avi
train,RWF-2000,Violence,5.000,C:\SIRCH_ENV\datasets\RWF-2000\val\Fight\rwf_val_fight_0060.avi
train,RWF-2000,Violence,5.000,C:\SIRCH_ENV\datasets\RWF-2000\val\Fight\rwf_val_fight_0061.avi
train,RWF-2000,Violence,5.000,C:\SIRCH_ENV\datasets\RWF-2000\val\Fight\rwf_val_fight_0062.avi
train,RWF-2000,Violence,5.000,C:\SIRCH_ENV\datasets\RWF-2000\val\Fight\rwf_val_fight_0063.avi
train,RWF-2000,Violence,5.000,C:\SIRCH_ENV\datasets\RWF-2000\val\Fight\rwf_val_fight_0065.avi
train,RWF-2000,Violence,5.000,C:\SIRCH_ENV\datasets\RWF-2000\val\Fight\rwf_val_fight_0069.avi
train,RWF-2000,Violence,5.000,C:\SIRCH_ENV\datasets\RWF-2000\val\Fight\rwf_val_fight_0071.avi
train,RWF-2000,Violence,5.000,C:\SIRCH_ENV\datasets\RWF-2000\val\Fight\rwf_val_fight_0073.avi
train,RWF-2000,Violence,5.000,C:\SIRCH_ENV\datasets\RWF-2000\val\Fight\rwf_val_fight_0074.avi
train,RWF-2000,Violence,5.000,C:\SIRCH_ENV\datasets\RWF-2000\val\Fight\rwf_val_fight_0075.avi
train,RWF-2000,Violence,5.000,C:\SIRCH_ENV\datasets\RWF-2000\val\Fight\rwf_val_fight_0077.avi
train,RWF-2000,Violence,5.000,C:\SIRCH_ENV\datasets\RWF-2000\val\Fight\rwf_val_fight_0078.avi
train,RWF-2000,Violence,5.000,C:\SIRCH_ENV\datasets\RWF-2000\val\Fight\rwf_val_fight_0079.avi
train,RWF-2000,Violence,5.000,C:\SIRCH_ENV\datasets\RWF-2000\val\Fight\rwf_val_fight_0081.avi
train,RWF-2000,Violence,5.000,C:\SIRCH_ENV\datasets\RWF-2000\val\Fight\rwf_val_fight_0082.avi
train,RWF-2000,Violence,5.000,C:\SIRCH_ENV\datasets\RWF-2000\val\Fight\rwf_val_fight_0083.avi
train,RWF-2000,Violence,5.000,C:\SIRCH_ENV\datasets\RWF-2000\val\Fight\rwf_val_fight_0084.avi
train,RWF-2000,Violence,5.000,C:\SIRCH_ENV\datasets\RWF-2000\val\Fight\rwf_val_fight_0086.avi
train,RWF-2000,Violence,5.000,C:\SIRCH_ENV\datasets\RWF-2000\val\Fight\rwf_val_fight_0087.avi
train,RWF-2000,Violence,5.000,C:\SIRCH_ENV\datasets\RWF-2000\val\Fight\rwf_val_fight_0088.avi
train,RWF-2000,Violence,5.000,C:\SIRCH_ENV\datasets\RWF-2000\val\Fight\rwf_val_fight_0089.avi
train,RWF-2000,Violence,5.000,C:\SIRCH_ENV\datasets\RWF-2000\val\Fight\rwf_val_fight_0090.avi
train,RWF-2000,Violence,5.000,C:\SIRCH_ENV\datasets\RWF-2000\val\Fight\rwf_val_fight_0091.avi
train,RWF-2000,Violence,5.000,C:\SIRCH_ENV\datasets\RWF-2000\val\Fight\rwf_val_fight_0092.avi
train,RWF-2000,Violence,5.000,C:\SIRCH_ENV\datasets\RWF-2000\val\Fight\rwf_val_fight_0093.avi
train,RWF-2000,Violence,5.000,C:\SIRCH_ENV\datasets\RWF-2000\val\Fight\rwf_val_fight_0094.avi
train,RWF-2000,Violence,5.000,C:\SIRCH_ENV\datasets\RWF-2000\val\Fight\rwf_val_fight_0095.avi
train,RWF-2000,Violence,5.000,C:\SIRCH_ENV\datasets\RWF-2000\val\Fight\rwf_val_fight_0096.avi
train,RWF-2000,Violence,5.000,C:\SIRCH_ENV\datasets\RWF-2000\val\Fight\rwf_val_fight_0097.avi
train,RWF-2000,Violence,5.000,C:\SIRCH_ENV\datasets\RWF-2000\val\Fight\rwf_val_fight_0098.avi
train,RWF-2000,Violence,5.000,C:\SIRCH_ENV\datasets\RWF-2000\val\Fight\rwf_val_fight_0099.avi
train,RWF-2000,Violence,5.000,C:\SIRCH_ENV\datasets\RWF-2000\val\Fight\rwf_val_fight_0100.avi
train,RWF-2000,Violence,5.000,C:\SIRCH_ENV\datasets\RWF-2000\val\Fight\rwf_val_fight_0102.avi
train,RWF-2000,Violence,5.000,C:\SIRCH_ENV\datasets\RWF-2000\val\Fight\rwf_val_fight_0103.avi
train,RWF-2000,Violence,5.000,C:\SIRCH_ENV\datasets\RWF-2000\val\Fight\rwf_val_fight_0105.avi
train,RWF-2000,Violence,5.000,C:\SIRCH_ENV\datasets\RWF-2000\val\Fight\rwf_val_fight_0106.avi
train,RWF-2000,Violence,5.000,C:\SIRCH_ENV\datasets\RWF-2000\val\Fight\rwf_val_fight_0107.avi
train,RWF-2000,Violence,5.000,C:\SIRCH_ENV\datasets\RWF-2000\val\Fight\rwf_val_fight_0109.avi
train,RWF-2000,Violence,5.000,C:\SIRCH_ENV\datasets\RWF-2000\val\Fight\rwf_val_fight_0110.avi
train,RWF-2000,Violence,5.000,C:\SIRCH_ENV\datasets\RWF-2000\val\Fight\rwf_val_fight_0111.avi
train,RWF-2000,Violence,5.000,C:\SIRCH_ENV\datasets\RWF-2000\val\Fight\rwf_val_fight_0113.avi
train,RWF-2000,Violence,5.000,C:\SIRCH_ENV\datasets\RWF-2000\val\Fight\rwf_val_fight_0114.avi
train,RWF-2000,Violence,5.000,C:\SIRCH_ENV\datasets\RWF-2000\val\Fight\rwf_val_fight_0115.avi
train,RWF-2000,Violence,5.000,C:\SIRCH_ENV\datasets\RWF-2000\val\Fight\rwf_val_fight_0116.avi
train,RWF-2000,Violence,5.000,C:\SIRCH_ENV\datasets\RWF-2000\val\Fight\rwf_val_fight_0117.avi
train,RWF-2000,Violence,5.000,C:\SIRCH_ENV\datasets\RWF-2000\val\Fight\rwf_val_fight_0118.avi
train,RWF-2000,Violence,5.000,C:\SIRCH_ENV\datasets\RWF-2000\val\Fight\rwf_val_fight_0119.avi
train,RWF-2000,Violence,5.000,C:\SIRCH_ENV\datasets\RWF-2000\val\Fight\rwf_val_fight_0120.avi
train,RWF-2000,Violence,5.000,C:\SIRCH_ENV\datasets\RWF-2000\val\Fight\rwf_val_fight_0121.avi
train,RWF-2000,Violence,5.000,C:\SIRCH_ENV\datasets\RWF-2000\val\Fight\rwf_val_fight_0123.avi
train,RWF-2000,Violence,5.000,C:\SIRCH_ENV\datasets\RWF-2000\val\Fight\rwf_val_fight_0124.avi
train,RWF-2000,Violence,5.000,C:\SIRCH_ENV\datasets\RWF-2000\val\Fight\rwf_val_fight_0125.avi
train,RWF-2000,Violence,5.000,C:\SIRCH_ENV\datasets\RWF-2000\val\Fight\rwf_val_fight_0126.avi
train,RWF-2000,Violence,5.000,C:\SIRCH_ENV\datasets\RWF-2000\val\Fight\rwf_val_fight_0127.avi
train,RWF-2000,Violence,5.000,C:\SIRCH_ENV\datasets\RWF-2000\val\Fight\rwf_val_fight_0129.avi
train,RWF-2000,Violence,5.000,C:\SIRCH_ENV\datasets\RWF-2000\val\Fight\rwf_val_fight_0130.avi
train,RWF-2000,Violence,5.000,C:\SIRCH_ENV\datasets\RWF-2000\val\Fight\rwf_val_fight_0131.avi
train,RWF-2000,Violence,5.000,C:\SIRCH_ENV\datasets\RWF-2000\val\Fight\rwf_val_fight_0132.avi
train,RWF-2000,Violence,5.000,C:\SIRCH_ENV\datasets\RWF-2000\val\Fight\rwf_val_fight_0133.avi
train,RWF-2000,Violence,5.000,C:\SIRCH_ENV\datasets\RWF-2000\val\Fight\rwf_val_fight_0134.avi
train,RWF-2000,Violence,5.000,C:\SIRCH_ENV\datasets\RWF-2000\val\Fight\rwf_val_fight_0136.avi
train,RWF-2000,Violence,5.000,C:\SIRCH_ENV\datasets\RWF-2000\val\Fight\rwf_val_fight_0137.avi
train,RWF-2000,Violence,5.000,C:\SIRCH_ENV\datasets\RWF-2000\val\Fight\rwf_val_fight_0138.avi
train,RWF-2000,Violence,5.000,C:\SIRCH_ENV\datasets\RWF-2000\val\Fight\rwf_val_fight_0139.avi
train,RWF-2000,Violence,5.000,C:\SIRCH_ENV\datasets\RWF-2000\val\Fight\rwf_val_fight_0140.avi
train,RWF-2000,Violence,5.000,C:\SIRCH_ENV\datasets\RWF-2000\val\Fight\rwf_val_fight_0141.avi
train,RWF-2000,Violence,5.000,C:\SIRCH_ENV\datasets\RWF-2000\val\Fight\rwf_val_fight_0142.avi
train,RWF-2000,Violence,5.000,C:\SIRCH_ENV\datasets\RWF-2000\val\Fight\rwf_val_fight_0143.avi
train,RWF-2000,Violence,5.000,C:\SIRCH_ENV\datasets\RWF-2000\val\Fight\rwf_val_fight_0145.avi
train,RWF-2000,Violence,5.000,C:\SIRCH_ENV\datasets\RWF-2000\val\Fight\rwf_val_fight_0147.avi
train,RWF-2000,Violence,5.000,C:\SIRCH_ENV\datasets\RWF-2000\val\Fight\rwf_val_fight_0148.avi
train,RWF-2000,Violence,5.000,C:\SIRCH_ENV\datasets\RWF-2000\val\Fight\rwf_val_fight_0150.avi
train,RWF-2000,Violence,5.000,C:\SIRCH_ENV\datasets\RWF-2000\val\Fight\rwf_val_fight_0151.avi
train,RWF-2000,Violence,5.000,C:\SIRCH_ENV\datasets\RWF-2000\val\Fight\rwf_val_fight_0156.avi
train,RWF-2000,Violence,5.000,C:\SIRCH_ENV\datasets\RWF-2000\val\Fight\rwf_val_fight_0157.avi
train,RWF-2000,Violence,5.000,C:\SIRCH_ENV\datasets\RWF-2000\val\Fight\rwf_val_fight_0158.avi
train,RWF-2000,Violence,5.000,C:\SIRCH_ENV\datasets\RWF-2000\val\Fight\rwf_val_fight_0159.avi
train,RWF-2000,Violence,5.000,C:\SIRCH_ENV\datasets\RWF-2000\val\Fight\rwf_val_fight_0160.avi
train,RWF-2000,Violence,5.000,C:\SIRCH_ENV\datasets\RWF-2000\val\Fight\rwf_val_fight_0161.avi
train,RWF-2000,Violence,5.000,C:\SIRCH_ENV\datasets\RWF-2000\val\Fight\rwf_val_fight_0162.avi
train,RWF-2000,Violence,5.000,C:\SIRCH_ENV\datasets\RWF-2000\val\Fight\rwf_val_fight_0163.avi
train,RWF-2000,Violence,5.000,C:\SIRCH_ENV\datasets\RWF-2000\val\Fight\rwf_val_fight_0164.avi
train,RWF-2000,Violence,5.000,C:\SIRCH_ENV\datasets\RWF-2000\val\Fight\rwf_val_fight_0165.avi
train,RWF-2000,Violence,5.000,C:\SIRCH_ENV\datasets\RWF-2000\val\Fight\rwf_val_fight_0166.avi
train,RWF-2000,Violence,5.000,C:\SIRCH_ENV\datasets\RWF-2000\val\Fight\rwf_val_fight_0167.avi
train,RWF-2000,Violence,5.000,C:\SIRCH_ENV\datasets\RWF-2000\val\Fight\rwf_val_fight_0168.avi
train,RWF-2000,Violence,5.000,C:\SIRCH_ENV\datasets\RWF-2000\val\Fight\rwf_val_fight_0169.avi
train,RWF-2000,Violence,5.000,C:\SIRCH_ENV\datasets\RWF-2000\val\Fight\rwf_val_fight_0170.avi
train,RWF-2000,Violence,5.000,C:\SIRCH_ENV\datasets\RWF-2000\val\Fight\rwf_val_fight_0172.avi
train,RWF-2000,Violence,5.000,C:\SIRCH_ENV\datasets\RWF-2000\val\Fight\rwf_val_fight_0173.avi
train,RWF-2000,Violence,5.000,C:\SIRCH_ENV\datasets\RWF-2000\val\Fight\rwf_val_fight_0174.avi
train,RWF-2000,Violence,5.000,C:\SIRCH_ENV\datasets\RWF-2000\val\Fight\rwf_val_fight_0175.avi
train,RWF-2000,Violence,5.000,C:\SIRCH_ENV\datasets\RWF-2000\val\Fight\rwf_val_fight_0176.avi
train,RWF-2000,Violence,5.000,C:\SIRCH_ENV\datasets\RWF-2000\val\Fight\rwf_val_fight_0179.avi
train,RWF-2000,Violence,5.000,C:\SIRCH_ENV\datasets\RWF-2000\val\Fight\rwf_val_fight_0180.avi
train,RWF-2000,Violence,5.000,C:\SIRCH_ENV\datasets\RWF-2000\val\Fight\rwf_val_fight_0181.avi
train,RWF-2000,Violence,5.000,C:\SIRCH_ENV\datasets\RWF-2000\val\Fight\rwf_val_fight_0182.avi
train,RWF-2000,Violence,5.000,C:\SIRCH_ENV\datasets\RWF-2000\val\Fight\rwf_val_fight_0184.avi
train,RWF-2000,Violence,5.000,C:\SIRCH_ENV\datasets\RWF-2000\val\Fight\rwf_val_fight_0185.avi
train,RWF-2000,Violence,5.000,C:\SIRCH_ENV\datasets\RWF-2000\val\Fight\rwf_val_fight_0187.avi
train,RWF-2000,Violence,5.000,C:\SIRCH_ENV\datasets\RWF-2000\val\Fight\rwf_val_fight_0188.avi
train,RWF-2000,Violence,5.000,C:\SIRCH_ENV\datasets\RWF-2000\val\Fight\rwf_val_fight_0189.avi
train,RWF-2000,Violence,5.000,C:\SIRCH_ENV\datasets\RWF-2000\val\Fight\rwf_val_fight_0190.avi
train,RWF-2000,Violence,5.000,C:\SIRCH_ENV\datasets\RWF-2000\val\Fight\rwf_val_fight_0191.avi
train,RWF-2000,Violence,5.000,C:\SIRCH_ENV\datasets\RWF-2000\val\Fight\rwf_val_fight_0192.avi
train,RWF-2000,Violence,5.000,C:\SIRCH_ENV\datasets\RWF-2000\val\Fight\rwf_val_fight_0194.avi
train,RWF-2000,Violence,5.000,C:\SIRCH_ENV\datasets\RWF-2000\val\Fight\rwf_val_fight_0197.avi
train,RWF-2000,Violence,5.000,C:\SIRCH_ENV\datasets\RWF-2000\val\Fight\rwf_val_fight_0198.avi
val,RLVS,Non-violence,5.000,C:\SIRCH_ENV\datasets\RLVS\Real Life Violence Dataset\NonViolence\NV_100.mp4
val,RLVS,Non-violence,5.520,C:\SIRCH_ENV\datasets\RLVS\Real Life Violence Dataset\NonViolence\NV_11.mp4
val,RLVS,Non-violence,5.000,C:\SIRCH_ENV\datasets\RLVS\Real Life Violence Dataset\NonViolence\NV_118.mp4
val,RLVS,Non-violence,5.000,C:\SIRCH_ENV\datasets\RLVS\Real Life Violence Dataset\NonViolence\NV_130.mp4
val,RLVS,Non-violence,4.320,C:\SIRCH_ENV\datasets\RLVS\Real Life Violence Dataset\NonViolence\NV_137.mp4
val,RLVS,Non-violence,4.400,C:\SIRCH_ENV\datasets\RLVS\Real Life Violence Dataset\NonViolence\NV_14.mp4
val,RLVS,Non-violence,5.000,C:\SIRCH_ENV\datasets\RLVS\Real Life Violence Dataset\NonViolence\NV_148.mp4
val,RLVS,Non-violence,5.000,C:\SIRCH_ENV\datasets\RLVS\Real Life Violence Dataset\NonViolence\NV_149.mp4
val,RLVS,Non-violence,5.000,C:\SIRCH_ENV\datasets\RLVS\Real Life Violence Dataset\NonViolence\NV_153.mp4
val,RLVS,Non-violence,5.000,C:\SIRCH_ENV\datasets\RLVS\Real Life Violence Dataset\NonViolence\NV_156.mp4
val,RLVS,Non-violence,5.000,C:\SIRCH_ENV\datasets\RLVS\Real Life Violence Dataset\NonViolence\NV_159.mp4
val,RLVS,Non-violence,5.000,C:\SIRCH_ENV\datasets\RLVS\Real Life Violence Dataset\NonViolence\NV_161.mp4
val,RLVS,Non-violence,5.000,C:\SIRCH_ENV\datasets\RLVS\Real Life Violence Dataset\NonViolence\NV_163.mp4
val,RLVS,Non-violence,5.000,C:\SIRCH_ENV\datasets\RLVS\Real Life Violence Dataset\NonViolence\NV_171.mp4
val,RLVS,Non-violence,5.000,C:\SIRCH_ENV\datasets\RLVS\Real Life Violence Dataset\NonViolence\NV_185.mp4
val,RLVS,Non-violence,5.000,C:\SIRCH_ENV\datasets\RLVS\Real Life Violence Dataset\NonViolence\NV_186.mp4
val,RLVS,Non-violence,5.000,C:\SIRCH_ENV\datasets\RLVS\Real Life Violence Dataset\NonViolence\NV_188.mp4
val,RLVS,Non-violence,4.800,C:\SIRCH_ENV\datasets\RLVS\Real Life Violence Dataset\NonViolence\NV_19.mp4
val,RLVS,Non-violence,5.000,C:\SIRCH_ENV\datasets\RLVS\Real Life Violence Dataset\NonViolence\NV_193.mp4
val,RLVS,Non-violence,5.000,C:\SIRCH_ENV\datasets\RLVS\Real Life Violence Dataset\NonViolence\NV_199.mp4
val,RLVS,Non-violence,5.000,C:\SIRCH_ENV\datasets\RLVS\Real Life Violence Dataset\NonViolence\NV_201.mp4
val,RLVS,Non-violence,5.000,C:\SIRCH_ENV\datasets\RLVS\Real Life Violence Dataset\NonViolence\NV_204.mp4
val,RLVS,Non-violence,4.800,C:\SIRCH_ENV\datasets\RLVS\Real Life Violence Dataset\NonViolence\NV_21.mp4
val,RLVS,Non-violence,5.000,C:\SIRCH_ENV\datasets\RLVS\Real Life Violence Dataset\NonViolence\NV_213.mp4
val,RLVS,Non-violence,5.000,C:\SIRCH_ENV\datasets\RLVS\Real Life Violence Dataset\NonViolence\NV_227.mp4
val,RLVS,Non-violence,4.271,C:\SIRCH_ENV\datasets\RLVS\Real Life Violence Dataset\NonViolence\NV_237.mp4
val,RLVS,Non-violence,5.000,C:\SIRCH_ENV\datasets\RLVS\Real Life Violence Dataset\NonViolence\NV_244.mp4
val,RLVS,Non-violence,5.000,C:\SIRCH_ENV\datasets\RLVS\Real Life Violence Dataset\NonViolence\NV_248.mp4
val,RLVS,Non-violence,4.300,C:\SIRCH_ENV\datasets\RLVS\Real Life Violence Dataset\NonViolence\NV_25.mp4
val,RLVS,Non-violence,5.000,C:\SIRCH_ENV\datasets\RLVS\Real Life Violence Dataset\NonViolence\NV_255.mp4
val,RLVS,Non-violence,5.000,C:\SIRCH_ENV\datasets\RLVS\Real Life Violence Dataset\NonViolence\NV_256.mp4
val,RLVS,Non-violence,4.300,C:\SIRCH_ENV\datasets\RLVS\Real Life Violence Dataset\NonViolence\NV_26.mp4
val,RLVS,Non-violence,5.000,C:\SIRCH_ENV\datasets\RLVS\Real Life Violence Dataset\NonViolence\NV_262.mp4
val,RLVS,Non-violence,5.000,C:\SIRCH_ENV\datasets\RLVS\Real Life Violence Dataset\NonViolence\NV_264.mp4
val,RLVS,Non-violence,5.000,C:\SIRCH_ENV\datasets\RLVS\Real Life Violence Dataset\NonViolence\NV_267.mp4
val,RLVS,Non-violence,4.320,C:\SIRCH_ENV\datasets\RLVS\Real Life Violence Dataset\NonViolence\NV_269.mp4
val,RLVS,Non-violence,4.400,C:\SIRCH_ENV\datasets\RLVS\Real Life Violence Dataset\NonViolence\NV_287.mp4
val,RLVS,Non-violence,5.320,C:\SIRCH_ENV\datasets\RLVS\Real Life Violence Dataset\NonViolence\NV_288.mp4
val,RLVS,Non-violence,4.104,C:\SIRCH_ENV\datasets\RLVS\Real Life Violence Dataset\NonViolence\NV_296.mp4
val,RLVS,Non-violence,3.804,C:\SIRCH_ENV\datasets\RLVS\Real Life Violence Dataset\NonViolence\NV_297.mp4
val,RLVS,Non-violence,4.400,C:\SIRCH_ENV\datasets\RLVS\Real Life Violence Dataset\NonViolence\NV_30.mp4
val,RLVS,Non-violence,5.000,C:\SIRCH_ENV\datasets\RLVS\Real Life Violence Dataset\NonViolence\NV_303.mp4
val,RLVS,Non-violence,4.805,C:\SIRCH_ENV\datasets\RLVS\Real Life Violence Dataset\NonViolence\NV_306.mp4
val,RLVS,Non-violence,4.304,C:\SIRCH_ENV\datasets\RLVS\Real Life Violence Dataset\NonViolence\NV_313.mp4
val,RLVS,Non-violence,5.130,C:\SIRCH_ENV\datasets\RLVS\Real Life Violence Dataset\NonViolence\NV_324.mp4
val,RLVS,Non-violence,5.000,C:\SIRCH_ENV\datasets\RLVS\Real Life Violence Dataset\NonViolence\NV_328.mp4
val,RLVS,Non-violence,3.400,C:\SIRCH_ENV\datasets\RLVS\Real Life Violence Dataset\NonViolence\NV_334.mp4
val,RLVS,Non-violence,6.006,C:\SIRCH_ENV\datasets\RLVS\Real Life Violence Dataset\NonViolence\NV_338.mp4
val,RLVS,Non-violence,3.704,C:\SIRCH_ENV\datasets\RLVS\Real Life Violence Dataset\NonViolence\NV_343.mp4
val,RLVS,Non-violence,4.404,C:\SIRCH_ENV\datasets\RLVS\Real Life Violence Dataset\NonViolence\NV_347.mp4
val,RLVS,Non-violence,4.184,C:\SIRCH_ENV\datasets\RLVS\Real Life Violence Dataset\NonViolence\NV_356.mp4
val,RLVS,Non-violence,10.250,C:\SIRCH_ENV\datasets\RLVS\Real Life Violence Dataset\NonViolence\NV_363.mp4
val,RLVS,Non-violence,5.000,C:\SIRCH_ENV\datasets\RLVS\Real Life Violence Dataset\NonViolence\NV_364.mp4
val,RLVS,Non-violence,5.000,C:\SIRCH_ENV\datasets\RLVS\Real Life Violence Dataset\NonViolence\NV_370.mp4
val,RLVS,Non-violence,5.000,C:\SIRCH_ENV\datasets\RLVS\Real Life Violence Dataset\NonViolence\NV_373.mp4
val,RLVS,Non-violence,4.400,C:\SIRCH_ENV\datasets\RLVS\Real Life Violence Dataset\NonViolence\NV_38.mp4
val,RLVS,Non-violence,5.000,C:\SIRCH_ENV\datasets\RLVS\Real Life Violence Dataset\NonViolence\NV_380.mp4
val,RLVS,Non-violence,5.000,C:\SIRCH_ENV\datasets\RLVS\Real Life Violence Dataset\NonViolence\NV_383.mp4
val,RLVS,Non-violence,5.000,C:\SIRCH_ENV\datasets\RLVS\Real Life Violence Dataset\NonViolence\NV_392.mp4
val,RLVS,Non-violence,5.000,C:\SIRCH_ENV\datasets\RLVS\Real Life Violence Dataset\NonViolence\NV_394.mp4
val,RLVS,Non-violence,5.000,C:\SIRCH_ENV\datasets\RLVS\Real Life Violence Dataset\NonViolence\NV_403.mp4
val,RLVS,Non-violence,5.000,C:\SIRCH_ENV\datasets\RLVS\Real Life Violence Dataset\NonViolence\NV_413.mp4
val,RLVS,Non-violence,5.000,C:\SIRCH_ENV\datasets\RLVS\Real Life Violence Dataset\NonViolence\NV_414.mp4
val,RLVS,Non-violence,5.000,C:\SIRCH_ENV\datasets\RLVS\Real Life Violence Dataset\NonViolence\NV_419.mp4
val,RLVS,Non-violence,3.500,C:\SIRCH_ENV\datasets\RLVS\Real Life Violence Dataset\NonViolence\NV_42.mp4
val,RLVS,Non-violence,5.000,C:\SIRCH_ENV\datasets\RLVS\Real Life Violence Dataset\NonViolence\NV_424.mp4
val,RLVS,Non-violence,5.000,C:\SIRCH_ENV\datasets\RLVS\Real Life Violence Dataset\NonViolence\NV_432.mp4
val,RLVS,Non-violence,5.000,C:\SIRCH_ENV\datasets\RLVS\Real Life Violence Dataset\NonViolence\NV_436.mp4
val,RLVS,Non-violence,5.000,C:\SIRCH_ENV\datasets\RLVS\Real Life Violence Dataset\NonViolence\NV_445.mp4
val,RLVS,Non-violence,5.000,C:\SIRCH_ENV\datasets\RLVS\Real Life Violence Dataset\NonViolence\NV_449.mp4
val,RLVS,Non-violence,5.000,C:\SIRCH_ENV\datasets\RLVS\Real Life Violence Dataset\NonViolence\NV_456.mp4
val,RLVS,Non-violence,5.000,C:\SIRCH_ENV\datasets\RLVS\Real Life Violence Dataset\NonViolence\NV_465.mp4
val,RLVS,Non-violence,5.000,C:\SIRCH_ENV\datasets\RLVS\Real Life Violence Dataset\NonViolence\NV_472.mp4
val,RLVS,Non-violence,5.000,C:\SIRCH_ENV\datasets\RLVS\Real Life Violence Dataset\NonViolence\NV_478.mp4
val,RLVS,Non-violence,5.000,C:\SIRCH_ENV\datasets\RLVS\Real Life Violence Dataset\NonViolence\NV_48.mp4
val,RLVS,Non-violence,5.000,C:\SIRCH_ENV\datasets\RLVS\Real Life Violence Dataset\NonViolence\NV_493.mp4
val,RLVS,Non-violence,5.000,C:\SIRCH_ENV\datasets\RLVS\Real Life Violence Dataset\NonViolence\NV_495.mp4
val,RLVS,Non-violence,5.000,C:\SIRCH_ENV\datasets\RLVS\Real Life Violence Dataset\NonViolence\NV_506.mp4
val,RLVS,Non-violence,5.000,C:\SIRCH_ENV\datasets\RLVS\Real Life Violence Dataset\NonViolence\NV_521.mp4
val,RLVS,Non-violence,5.000,C:\SIRCH_ENV\datasets\RLVS\Real Life Violence Dataset\NonViolence\NV_528.mp4
val,RLVS,Non-violence,5.000,C:\SIRCH_ENV\datasets\RLVS\Real Life Violence Dataset\NonViolence\NV_536.mp4
val,RLVS,Non-violence,5.000,C:\SIRCH_ENV\datasets\RLVS\Real Life Violence Dataset\NonViolence\NV_544.mp4
val,RLVS,Non-violence,5.000,C:\SIRCH_ENV\datasets\RLVS\Real Life Violence Dataset\NonViolence\NV_568.mp4
val,RLVS,Non-violence,5.000,C:\SIRCH_ENV\datasets\RLVS\Real Life Violence Dataset\NonViolence\NV_57.mp4
val,RLVS,Non-violence,5.000,C:\SIRCH_ENV\datasets\RLVS\Real Life Violence Dataset\NonViolence\NV_571.mp4
val,RLVS,Non-violence,5.000,C:\SIRCH_ENV\datasets\RLVS\Real Life Violence Dataset\NonViolence\NV_577.mp4
val,RLVS,Non-violence,5.000,C:\SIRCH_ENV\datasets\RLVS\Real Life Violence Dataset\NonViolence\NV_597.mp4
val,RLVS,Non-violence,5.000,C:\SIRCH_ENV\datasets\RLVS\Real Life Violence Dataset\NonViolence\NV_604.mp4
val,RLVS,Non-violence,5.000,C:\SIRCH_ENV\datasets\RLVS\Real Life Violence Dataset\NonViolence\NV_608.mp4
val,RLVS,Non-violence,5.000,C:\SIRCH_ENV\datasets\RLVS\Real Life Violence Dataset\NonViolence\NV_609.mp4
val,RLVS,Non-violence,5.000,C:\SIRCH_ENV\datasets\RLVS\Real Life Violence Dataset\NonViolence\NV_616.mp4
val,RLVS,Non-violence,5.000,C:\SIRCH_ENV\datasets\RLVS\Real Life Violence Dataset\NonViolence\NV_628.mp4
val,RLVS,Non-violence,3.520,C:\SIRCH_ENV\datasets\RLVS\Real Life Violence Dataset\NonViolence\NV_63.mp4
val,RLVS,Non-violence,5.000,C:\SIRCH_ENV\datasets\RLVS\Real Life Violence Dataset\NonViolence\NV_637.mp4
val,RLVS,Non-violence,5.000,C:\SIRCH_ENV\datasets\RLVS\Real Life Violence Dataset\NonViolence\NV_638.mp4
val,RLVS,Non-violence,5.000,C:\SIRCH_ENV\datasets\RLVS\Real Life Violence Dataset\NonViolence\NV_648.mp4
val,RLVS,Non-violence,5.000,C:\SIRCH_ENV\datasets\RLVS\Real Life Violence Dataset\NonViolence\NV_651.mp4
val,RLVS,Non-violence,5.000,C:\SIRCH_ENV\datasets\RLVS\Real Life Violence Dataset\NonViolence\NV_654.mp4
val,RLVS,Non-violence,5.000,C:\SIRCH_ENV\datasets\RLVS\Real Life Violence Dataset\NonViolence\NV_659.mp4
val,RLVS,Non-violence,5.000,C:\SIRCH_ENV\datasets\RLVS\Real Life Violence Dataset\NonViolence\NV_660.mp4
val,RLVS,Non-violence,5.000,C:\SIRCH_ENV\datasets\RLVS\Real Life Violence Dataset\NonViolence\NV_662.mp4
val,RLVS,Non-violence,5.000,C:\SIRCH_ENV\datasets\RLVS\Real Life Violence Dataset\NonViolence\NV_67.mp4
val,RLVS,Non-violence,5.000,C:\SIRCH_ENV\datasets\RLVS\Real Life Violence Dataset\NonViolence\NV_676.mp4
val,RLVS,Non-violence,5.000,C:\SIRCH_ENV\datasets\RLVS\Real Life Violence Dataset\NonViolence\NV_678.mp4
val,RLVS,Non-violence,5.000,C:\SIRCH_ENV\datasets\RLVS\Real Life Violence Dataset\NonViolence\NV_682.mp4
val,RLVS,Non-violence,5.000,C:\SIRCH_ENV\datasets\RLVS\Real Life Violence Dataset\NonViolence\NV_704.mp4
val,RLVS,Non-violence,5.000,C:\SIRCH_ENV\datasets\RLVS\Real Life Violence Dataset\NonViolence\NV_707.mp4
val,RLVS,Non-violence,5.000,C:\SIRCH_ENV\datasets\RLVS\Real Life Violence Dataset\NonViolence\NV_726.mp4
val,RLVS,Non-violence,4.471,C:\SIRCH_ENV\datasets\RLVS\Real Life Violence Dataset\NonViolence\NV_745.mp4
val,RLVS,Non-violence,5.000,C:\SIRCH_ENV\datasets\RLVS\Real Life Violence Dataset\NonViolence\NV_76.mp4
val,RLVS,Non-violence,6.607,C:\SIRCH_ENV\datasets\RLVS\Real Life Violence Dataset\NonViolence\NV_761.mp4
val,RLVS,Non-violence,5.000,C:\SIRCH_ENV\datasets\RLVS\Real Life Violence Dataset\NonViolence\NV_765.mp4
val,RLVS,Non-violence,5.000,C:\SIRCH_ENV\datasets\RLVS\Real Life Violence Dataset\NonViolence\NV_774.mp4
val,RLVS,Non-violence,5.000,C:\SIRCH_ENV\datasets\RLVS\Real Life Violence Dataset\NonViolence\NV_784.mp4
val,RLVS,Non-violence,5.000,C:\SIRCH_ENV\datasets\RLVS\Real Life Violence Dataset\NonViolence\NV_790.mp4
val,RLVS,Non-violence,5.000,C:\SIRCH_ENV\datasets\RLVS\Real Life Violence Dataset\NonViolence\NV_805.mp4
val,RLVS,Non-violence,5.000,C:\SIRCH_ENV\datasets\RLVS\Real Life Violence Dataset\NonViolence\NV_816.mp4
val,RLVS,Non-violence,5.000,C:\SIRCH_ENV\datasets\RLVS\Real Life Violence Dataset\NonViolence\NV_818.mp4
val,RLVS,Non-violence,5.520,C:\SIRCH_ENV\datasets\RLVS\Real Life Violence Dataset\NonViolence\NV_825.mp4
val,RLVS,Non-violence,5.400,C:\SIRCH_ENV\datasets\RLVS\Real Life Violence Dataset\NonViolence\NV_831.mp4
val,RLVS,Non-violence,6.160,C:\SIRCH_ENV\datasets\RLVS\Real Life Violence Dataset\NonViolence\NV_836.mp4
val,RLVS,Non-violence,5.080,C:\SIRCH_ENV\datasets\RLVS\Real Life Violence Dataset\NonViolence\NV_837.mp4
val,RLVS,Non-violence,3.800,C:\SIRCH_ENV\datasets\RLVS\Real Life Violence Dataset\NonViolence\NV_85.mp4
val,RLVS,Non-violence,4.560,C:\SIRCH_ENV\datasets\RLVS\Real Life Violence Dataset\NonViolence\NV_856.mp4
val,RLVS,Non-violence,5.200,C:\SIRCH_ENV\datasets\RLVS\Real Life Violence Dataset\NonViolence\NV_860.mp4
val,RLVS,Non-violence,4.400,C:\SIRCH_ENV\datasets\RLVS\Real Life Violence Dataset\NonViolence\NV_861.mp4
val,RLVS,Non-violence,5.000,C:\SIRCH_ENV\datasets\RLVS\Real Life Violence Dataset\NonViolence\NV_870.avi
val,RLVS,Non-violence,5.000,C:\SIRCH_ENV\datasets\RLVS\Real Life Violence Dataset\NonViolence\NV_885.avi
val,RLVS,Non-violence,5.000,C:\SIRCH_ENV\datasets\RLVS\Real Life Violence Dataset\NonViolence\NV_888.avi
val,RLVS,Non-violence,5.000,C:\SIRCH_ENV\datasets\RLVS\Real Life Violence Dataset\NonViolence\NV_897.avi
val,RLVS,Non-violence,5.000,C:\SIRCH_ENV\datasets\RLVS\Real Life Violence Dataset\NonViolence\NV_902.avi
val,RLVS,Non-violence,5.000,C:\SIRCH_ENV\datasets\RLVS\Real Life Violence Dataset\NonViolence\NV_909.avi
val,RLVS,Non-violence,5.000,C:\SIRCH_ENV\datasets\RLVS\Real Life Violence Dataset\NonViolence\NV_934.mp4
val,RLVS,Non-violence,5.000,C:\SIRCH_ENV\datasets\RLVS\Real Life Violence Dataset\NonViolence\NV_937.mp4
val,RLVS,Non-violence,5.000,C:\SIRCH_ENV\datasets\RLVS\Real Life Violence Dataset\NonViolence\NV_950.mp4
val,RLVS,Non-violence,5.000,C:\SIRCH_ENV\datasets\RLVS\Real Life Violence Dataset\NonViolence\NV_952.mp4
val,RLVS,Non-violence,5.000,C:\SIRCH_ENV\datasets\RLVS\Real Life Violence Dataset\NonViolence\NV_961.mp4
val,RLVS,Non-violence,5.000,C:\SIRCH_ENV\datasets\RLVS\Real Life Violence Dataset\NonViolence\NV_967.mp4
val,RLVS,Non-violence,5.000,C:\SIRCH_ENV\datasets\RLVS\Real Life Violence Dataset\NonViolence\NV_974.mp4
val,RLVS,Non-violence,5.000,C:\SIRCH_ENV\datasets\RLVS\Real Life Violence Dataset\NonViolence\NV_975.mp4
val,RLVS,Non-violence,5.000,C:\SIRCH_ENV\datasets\RLVS\Real Life Violence Dataset\NonViolence\NV_976.mp4
val,RLVS,Non-violence,5.000,C:\SIRCH_ENV\datasets\RLVS\Real Life Violence Dataset\NonViolence\NV_986.mp4
val,RLVS,Non-violence,5.520,C:\SIRCH_ENV\datasets\RLVS\Real Life Violence Dataset\NonViolence\NV_99.mp4
val,RLVS,Non-violence,5.339,C:\SIRCH_ENV\datasets\RLVS\Real Life Violence Dataset\NonViolence\NV_991.mp4
val,RLVS,Non-violence,5.339,C:\SIRCH_ENV\datasets\RLVS\Real Life Violence Dataset\NonViolence\NV_995.mp4
val,RLVS,Non-violence,6.423,C:\SIRCH_ENV\datasets\RLVS\Real Life Violence Dataset\NonViolence\NV_996.mp4
val,RLVS,Violence,5.105,C:\SIRCH_ENV\datasets\RLVS\Real Life Violence Dataset\Violence\V_100.mp4
val,RLVS,Violence,3.604,C:\SIRCH_ENV\datasets\RLVS\Real Life Violence Dataset\Violence\V_109.mp4
val,RLVS,Violence,4.404,C:\SIRCH_ENV\datasets\RLVS\Real Life Violence Dataset\Violence\V_112.mp4
val,RLVS,Violence,5.005,C:\SIRCH_ENV\datasets\RLVS\Real Life Violence Dataset\Violence\V_118.mp4
val,RLVS,Violence,5.900,C:\SIRCH_ENV\datasets\RLVS\Real Life Violence Dataset\Violence\V_131.mp4
val,RLVS,Violence,5.900,C:\SIRCH_ENV\datasets\RLVS\Real Life Violence Dataset\Violence\V_135.mp4
val,RLVS,Violence,5.900,C:\SIRCH_ENV\datasets\RLVS\Real Life Violence Dataset\Violence\V_139.mp4
val,RLVS,Violence,7.100,C:\SIRCH_ENV\datasets\RLVS\Real Life Violence Dataset\Violence\V_144.mp4
val,RLVS,Violence,5.900,C:\SIRCH_ENV\datasets\RLVS\Real Life Violence Dataset\Violence\V_145.mp4
val,RLVS,Violence,5.900,C:\SIRCH_ENV\datasets\RLVS\Real Life Violence Dataset\Violence\V_151.mp4
val,RLVS,Violence,4.700,C:\SIRCH_ENV\datasets\RLVS\Real Life Violence Dataset\Violence\V_158.mp4
val,RLVS,Violence,3.504,C:\SIRCH_ENV\datasets\RLVS\Real Life Violence Dataset\Violence\V_16.mp4
val,RLVS,Violence,3.100,C:\SIRCH_ENV\datasets\RLVS\Real Life Violence Dataset\Violence\V_171.mp4
val,RLVS,Violence,3.700,C:\SIRCH_ENV\datasets\RLVS\Real Life Violence Dataset\Violence\V_172.mp4
val,RLVS,Violence,5.400,C:\SIRCH_ENV\datasets\RLVS\Real Life Violence Dataset\Violence\V_173.mp4
val,RLVS,Violence,4.200,C:\SIRCH_ENV\datasets\RLVS\Real Life Violence Dataset\Violence\V_174.mp4
val,RLVS,Violence,4.000,C:\SIRCH_ENV\datasets\RLVS\Real Life Violence Dataset\Violence\V_177.mp4
val,RLVS,Violence,4.400,C:\SIRCH_ENV\datasets\RLVS\Real Life Violence Dataset\Violence\V_180.mp4
val,RLVS,Violence,5.606,C:\SIRCH_ENV\datasets\RLVS\Real Life Violence Dataset\Violence\V_187.mp4
val,RLVS,Violence,3.604,C:\SIRCH_ENV\datasets\RLVS\Real Life Violence Dataset\Violence\V_19.mp4
val,RLVS,Violence,5.506,C:\SIRCH_ENV\datasets\RLVS\Real Life Violence Dataset\Violence\V_191.mp4
val,RLVS,Violence,5.606,C:\SIRCH_ENV\datasets\RLVS\Real Life Violence Dataset\Violence\V_197.mp4
val,RLVS,Violence,6.900,C:\SIRCH_ENV\datasets\RLVS\Real Life Violence Dataset\Violence\V_2.mp4
val,RLVS,Violence,5.100,C:\SIRCH_ENV\datasets\RLVS\Real Life Violence Dataset\Violence\V_203.mp4
val,RLVS,Violence,5.700,C:\SIRCH_ENV\datasets\RLVS\Real Life Violence Dataset\Violence\V_209.mp4
val,RLVS,Violence,5.100,C:\SIRCH_ENV\datasets\RLVS\Real Life Violence Dataset\Violence\V_226.mp4
val,RLVS,Violence,5.100,C:\SIRCH_ENV\datasets\RLVS\Real Life Violence Dataset\Violence\V_229.mp4
val,RLVS,Violence,5.200,C:\SIRCH_ENV\datasets\RLVS\Real Life Violence Dataset\Violence\V_237.mp4
val,RLVS,Violence,5.300,C:\SIRCH_ENV\datasets\RLVS\Real Life Violence Dataset\Violence\V_258.mp4
val,RLVS,Violence,5.700,C:\SIRCH_ENV\datasets\RLVS\Real Life Violence Dataset\Violence\V_267.mp4
val,RLVS,Violence,5.111,C:\SIRCH_ENV\datasets\RLVS\Real Life Violence Dataset\Violence\V_274.mp4
val,RLVS,Violence,5.305,C:\SIRCH_ENV\datasets\RLVS\Real Life Violence Dataset\Violence\V_283.mp4
val,RLVS,Violence,4.705,C:\SIRCH_ENV\datasets\RLVS\Real Life Violence Dataset\Violence\V_289.mp4
val,RLVS,Violence,4.705,C:\SIRCH_ENV\datasets\RLVS\Real Life Violence Dataset\Violence\V_293.mp4
val,RLVS,Violence,4.304,C:\SIRCH_ENV\datasets\RLVS\Real Life Violence Dataset\Violence\V_296.mp4
val,RLVS,Violence,4.304,C:\SIRCH_ENV\datasets\RLVS\Real Life Violence Dataset\Violence\V_302.mp4
val,RLVS,Violence,5.205,C:\SIRCH_ENV\datasets\RLVS\Real Life Violence Dataset\Violence\V_304.mp4
val,RLVS,Violence,5.205,C:\SIRCH_ENV\datasets\RLVS\Real Life Violence Dataset\Violence\V_307.mp4
val,RLVS,Violence,4.605,C:\SIRCH_ENV\datasets\RLVS\Real Life Violence Dataset\Violence\V_309.mp4
val,RLVS,Violence,4.304,C:\SIRCH_ENV\datasets\RLVS\Real Life Violence Dataset\Violence\V_312.mp4
val,RLVS,Violence,5.205,C:\SIRCH_ENV\datasets\RLVS\Real Life Violence Dataset\Violence\V_313.mp4
val,RLVS,Violence,4.805,C:\SIRCH_ENV\datasets\RLVS\Real Life Violence Dataset\Violence\V_319.mp4
val,RLVS,Violence,5.867,C:\SIRCH_ENV\datasets\RLVS\Real Life Violence Dataset\Violence\V_331.mp4
val,RLVS,Violence,4.104,C:\SIRCH_ENV\datasets\RLVS\Real Life Violence Dataset\Violence\V_338.mp4
val,RLVS,Violence,4.037,C:\SIRCH_ENV\datasets\RLVS\Real Life Violence Dataset\Violence\V_350.mp4
val,RLVS,Violence,4.905,C:\SIRCH_ENV\datasets\RLVS\Real Life Violence Dataset\Violence\V_352.mp4
val,RLVS,Violence,5.333,C:\SIRCH_ENV\datasets\RLVS\Real Life Violence Dataset\Violence\V_370.mp4
val,RLVS,Violence,5.000,C:\SIRCH_ENV\datasets\RLVS\Real Life Violence Dataset\Violence\V_371.mp4
val,RLVS,Violence,5.000,C:\SIRCH_ENV\datasets\RLVS\Real Life Violence Dataset\Violence\V_375.mp4
val,RLVS,Violence,11.320,C:\SIRCH_ENV\datasets\RLVS\Real Life Violence Dataset\Violence\V_377.mp4
val,RLVS,Violence,5.120,C:\SIRCH_ENV\datasets\RLVS\Real Life Violence Dataset\Violence\V_378.mp4
val,RLVS,Violence,5.120,C:\SIRCH_ENV\datasets\RLVS\Real Life Violence Dataset\Violence\V_380.mp4
val,RLVS,Violence,5.005,C:\SIRCH_ENV\datasets\RLVS\Real Life Violence Dataset\Violence\V_385.mp4
val,RLVS,Violence,5.600,C:\SIRCH_ENV\datasets\RLVS\Real Life Violence Dataset\Violence\V_40.mp4
val,RLVS,Violence,4.210,C:\SIRCH_ENV\datasets\RLVS\Real Life Violence Dataset\Violence\V_404.mp4
val,RLVS,Violence,3.809,C:\SIRCH_ENV\datasets\RLVS\Real Life Violence Dataset\Violence\V_406.mp4
val,RLVS,Violence,3.700,C:\SIRCH_ENV\datasets\RLVS\Real Life Violence Dataset\Violence\V_418.mp4
val,RLVS,Violence,5.300,C:\SIRCH_ENV\datasets\RLVS\Real Life Violence Dataset\Violence\V_421.mp4
val,RLVS,Violence,4.400,C:\SIRCH_ENV\datasets\RLVS\Real Life Violence Dataset\Violence\V_436.mp4
val,RLVS,Violence,4.000,C:\SIRCH_ENV\datasets\RLVS\Real Life Violence Dataset\Violence\V_440.mp4
val,RLVS,Violence,3.700,C:\SIRCH_ENV\datasets\RLVS\Real Life Violence Dataset\Violence\V_444.mp4
val,RLVS,Violence,4.000,C:\SIRCH_ENV\datasets\RLVS\Real Life Violence Dataset\Violence\V_453.mp4
val,RLVS,Violence,4.104,C:\SIRCH_ENV\datasets\RLVS\Real Life Violence Dataset\Violence\V_459.mp4
val,RLVS,Violence,4.404,C:\SIRCH_ENV\datasets\RLVS\Real Life Violence Dataset\Violence\V_470.mp4
val,RLVS,Violence,4.705,C:\SIRCH_ENV\datasets\RLVS\Real Life Violence Dataset\Violence\V_474.mp4
val,RLVS,Violence,5.005,C:\SIRCH_ENV\datasets\RLVS\Real Life Violence Dataset\Violence\V_476.mp4
val,RLVS,Violence,4.905,C:\SIRCH_ENV\datasets\RLVS\Real Life Violence Dataset\Violence\V_484.mp4
val,RLVS,Violence,4.805,C:\SIRCH_ENV\datasets\RLVS\Real Life Violence Dataset\Violence\V_497.mp4
val,RLVS,Violence,5.005,C:\SIRCH_ENV\datasets\RLVS\Real Life Violence Dataset\Violence\V_503.mp4
val,RLVS,Violence,4.000,C:\SIRCH_ENV\datasets\RLVS\Real Life Violence Dataset\Violence\V_512.mp4
val,RLVS,Violence,4.605,C:\SIRCH_ENV\datasets\RLVS\Real Life Violence Dataset\Violence\V_518.mp4
val,RLVS,Violence,4.505,C:\SIRCH_ENV\datasets\RLVS\Real Life Violence Dataset\Violence\V_520.mp4
val,RLVS,Violence,5.000,C:\SIRCH_ENV\datasets\RLVS\Real Life Violence Dataset\Violence\V_526.mp4
val,RLVS,Violence,5.000,C:\SIRCH_ENV\datasets\RLVS\Real Life Violence Dataset\Violence\V_527.mp4
val,RLVS,Violence,5.000,C:\SIRCH_ENV\datasets\RLVS\Real Life Violence Dataset\Violence\V_531.mp4
val,RLVS,Violence,5.000,C:\SIRCH_ENV\datasets\RLVS\Real Life Violence Dataset\Violence\V_534.mp4
val,RLVS,Violence,5.000,C:\SIRCH_ENV\datasets\RLVS\Real Life Violence Dataset\Violence\V_536.mp4
val,RLVS,Violence,5.000,C:\SIRCH_ENV\datasets\RLVS\Real Life Violence Dataset\Violence\V_549.mp4
val,RLVS,Violence,5.000,C:\SIRCH_ENV\datasets\RLVS\Real Life Violence Dataset\Violence\V_557.mp4
val,RLVS,Violence,5.000,C:\SIRCH_ENV\datasets\RLVS\Real Life Violence Dataset\Violence\V_559.mp4
val,RLVS,Violence,5.000,C:\SIRCH_ENV\datasets\RLVS\Real Life Violence Dataset\Violence\V_562.mp4
val,RLVS,Violence,5.000,C:\SIRCH_ENV\datasets\RLVS\Real Life Violence Dataset\Violence\V_569.mp4
val,RLVS,Violence,5.000,C:\SIRCH_ENV\datasets\RLVS\Real Life Violence Dataset\Violence\V_577.mp4
val,RLVS,Violence,5.000,C:\SIRCH_ENV\datasets\RLVS\Real Life Violence Dataset\Violence\V_605.mp4
val,RLVS,Violence,5.000,C:\SIRCH_ENV\datasets\RLVS\Real Life Violence Dataset\Violence\V_610.mp4
val,RLVS,Violence,5.000,C:\SIRCH_ENV\datasets\RLVS\Real Life Violence Dataset\Violence\V_612.mp4
val,RLVS,Violence,5.000,C:\SIRCH_ENV\datasets\RLVS\Real Life Violence Dataset\Violence\V_613.mp4
val,RLVS,Violence,4.805,C:\SIRCH_ENV\datasets\RLVS\Real Life Violence Dataset\Violence\V_626.mp4
val,RLVS,Violence,6.006,C:\SIRCH_ENV\datasets\RLVS\Real Life Violence Dataset\Violence\V_629.mp4
val,RLVS,Violence,5.000,C:\SIRCH_ENV\datasets\RLVS\Real Life Violence Dataset\Violence\V_646.mp4
val,RLVS,Violence,5.000,C:\SIRCH_ENV\datasets\RLVS\Real Life Violence Dataset\Violence\V_651.mp4
val,RLVS,Violence,3.500,C:\SIRCH_ENV\datasets\RLVS\Real Life Violence Dataset\Violence\V_66.mp4
val,RLVS,Violence,5.000,C:\SIRCH_ENV\datasets\RLVS\Real Life Violence Dataset\Violence\V_663.mp4
val,RLVS,Violence,5.000,C:\SIRCH_ENV\datasets\RLVS\Real Life Violence Dataset\Violence\V_682.mp4
val,RLVS,Violence,5.000,C:\SIRCH_ENV\datasets\RLVS\Real Life Violence Dataset\Violence\V_684.mp4
val,RLVS,Violence,5.000,C:\SIRCH_ENV\datasets\RLVS\Real Life Violence Dataset\Violence\V_685.mp4
val,RLVS,Violence,5.000,C:\SIRCH_ENV\datasets\RLVS\Real Life Violence Dataset\Violence\V_689.mp4
val,RLVS,Violence,5.000,C:\SIRCH_ENV\datasets\RLVS\Real Life Violence Dataset\Violence\V_699.mp4
val,RLVS,Violence,5.000,C:\SIRCH_ENV\datasets\RLVS\Real Life Violence Dataset\Violence\V_707.mp4
val,RLVS,Violence,5.000,C:\SIRCH_ENV\datasets\RLVS\Real Life Violence Dataset\Violence\V_709.mp4
val,RLVS,Violence,5.000,C:\SIRCH_ENV\datasets\RLVS\Real Life Violence Dataset\Violence\V_710.mp4
val,RLVS,Violence,5.000,C:\SIRCH_ENV\datasets\RLVS\Real Life Violence Dataset\Violence\V_715.mp4
val,RLVS,Violence,5.000,C:\SIRCH_ENV\datasets\RLVS\Real Life Violence Dataset\Violence\V_717.mp4
val,RLVS,Violence,5.000,C:\SIRCH_ENV\datasets\RLVS\Real Life Violence Dataset\Violence\V_723.mp4
val,RLVS,Violence,5.000,C:\SIRCH_ENV\datasets\RLVS\Real Life Violence Dataset\Violence\V_726.mp4
val,RLVS,Violence,5.000,C:\SIRCH_ENV\datasets\RLVS\Real Life Violence Dataset\Violence\V_740.mp4
val,RLVS,Violence,4.905,C:\SIRCH_ENV\datasets\RLVS\Real Life Violence Dataset\Violence\V_744.mp4
val,RLVS,Violence,4.805,C:\SIRCH_ENV\datasets\RLVS\Real Life Violence Dataset\Violence\V_746.mp4
val,RLVS,Violence,4.905,C:\SIRCH_ENV\datasets\RLVS\Real Life Violence Dataset\Violence\V_750.mp4
val,RLVS,Violence,3.804,C:\SIRCH_ENV\datasets\RLVS\Real Life Violence Dataset\Violence\V_757.mp4
val,RLVS,Violence,4.600,C:\SIRCH_ENV\datasets\RLVS\Real Life Violence Dataset\Violence\V_770.mp4
val,RLVS,Violence,4.600,C:\SIRCH_ENV\datasets\RLVS\Real Life Violence Dataset\Violence\V_780.mp4
val,RLVS,Violence,5.500,C:\SIRCH_ENV\datasets\RLVS\Real Life Violence Dataset\Violence\V_786.mp4
val,RLVS,Violence,375.733,C:\SIRCH_ENV\datasets\RLVS\Real Life Violence Dataset\Violence\V_789.mp4
val,RLVS,Violence,5.000,C:\SIRCH_ENV\datasets\RLVS\Real Life Violence Dataset\Violence\V_801.mp4
val,RLVS,Violence,5.100,C:\SIRCH_ENV\datasets\RLVS\Real Life Violence Dataset\Violence\V_803.mp4
val,RLVS,Violence,5.100,C:\SIRCH_ENV\datasets\RLVS\Real Life Violence Dataset\Violence\V_805.mp4
val,RLVS,Violence,5.100,C:\SIRCH_ENV\datasets\RLVS\Real Life Violence Dataset\Violence\V_806.mp4
val,RLVS,Violence,5.800,C:\SIRCH_ENV\datasets\RLVS\Real Life Violence Dataset\Violence\V_808.mp4
val,RLVS,Violence,4.800,C:\SIRCH_ENV\datasets\RLVS\Real Life Violence Dataset\Violence\V_827.mp4
val,RLVS,Violence,4.705,C:\SIRCH_ENV\datasets\RLVS\Real Life Violence Dataset\Violence\V_828.mp4
val,RLVS,Violence,5.000,C:\SIRCH_ENV\datasets\RLVS\Real Life Violence Dataset\Violence\V_829.mp4
val,RLVS,Violence,5.005,C:\SIRCH_ENV\datasets\RLVS\Real Life Violence Dataset\Violence\V_84.mp4
val,RLVS,Violence,5.000,C:\SIRCH_ENV\datasets\RLVS\Real Life Violence Dataset\Violence\V_846.mp4
val,RLVS,Violence,4.300,C:\SIRCH_ENV\datasets\RLVS\Real Life Violence Dataset\Violence\V_854.mp4
val,RLVS,Violence,4.900,C:\SIRCH_ENV\datasets\RLVS\Real Life Violence Dataset\Violence\V_861.mp4
val,RLVS,Violence,4.100,C:\SIRCH_ENV\datasets\RLVS\Real Life Violence Dataset\Violence\V_864.mp4
val,RLVS,Violence,3.900,C:\SIRCH_ENV\datasets\RLVS\Real Life Violence Dataset\Violence\V_870.mp4
val,RLVS,Violence,5.000,C:\SIRCH_ENV\datasets\RLVS\Real Life Violence Dataset\Violence\V_879.mp4
val,RLVS,Violence,4.000,C:\SIRCH_ENV\datasets\RLVS\Real Life Violence Dataset\Violence\V_887.mp4
val,RLVS,Violence,4.310,C:\SIRCH_ENV\datasets\RLVS\Real Life Violence Dataset\Violence\V_896.mp4
val,RLVS,Violence,5.806,C:\SIRCH_ENV\datasets\RLVS\Real Life Violence Dataset\Violence\V_899.mp4
val,RLVS,Violence,6.006,C:\SIRCH_ENV\datasets\RLVS\Real Life Violence Dataset\Violence\V_902.mp4
val,RLVS,Violence,5.500,C:\SIRCH_ENV\datasets\RLVS\Real Life Violence Dataset\Violence\V_904.mp4
val,RLVS,Violence,4.500,C:\SIRCH_ENV\datasets\RLVS\Real Life Violence Dataset\Violence\V_905.mp4
val,RLVS,Violence,4.805,C:\SIRCH_ENV\datasets\RLVS\Real Life Violence Dataset\Violence\V_913.mp4
val,RLVS,Violence,5.205,C:\SIRCH_ENV\datasets\RLVS\Real Life Violence Dataset\Violence\V_914.mp4
val,RLVS,Violence,4.635,C:\SIRCH_ENV\datasets\RLVS\Real Life Violence Dataset\Violence\V_917.mp4
val,RLVS,Violence,4.505,C:\SIRCH_ENV\datasets\RLVS\Real Life Violence Dataset\Violence\V_945.mp4
val,RLVS,Violence,4.900,C:\SIRCH_ENV\datasets\RLVS\Real Life Violence Dataset\Violence\V_951.mp4
val,RLVS,Violence,5.305,C:\SIRCH_ENV\datasets\RLVS\Real Life Violence Dataset\Violence\V_957.mp4
val,RLVS,Violence,5.000,C:\SIRCH_ENV\datasets\RLVS\Real Life Violence Dataset\Violence\V_964.mp4
val,RLVS,Violence,5.000,C:\SIRCH_ENV\datasets\RLVS\Real Life Violence Dataset\Violence\V_965.mp4
val,RLVS,Violence,5.100,C:\SIRCH_ENV\datasets\RLVS\Real Life Violence Dataset\Violence\V_968.mp4
val,RLVS,Violence,5.000,C:\SIRCH_ENV\datasets\RLVS\Real Life Violence Dataset\Violence\V_978.mp4
val,RLVS,Violence,5.000,C:\SIRCH_ENV\datasets\RLVS\Real Life Violence Dataset\Violence\V_979.mp4
val,RLVS,Violence,5.000,C:\SIRCH_ENV\datasets\RLVS\Real Life Violence Dataset\Violence\V_984.mp4
val,RLVS,Violence,5.000,C:\SIRCH_ENV\datasets\RLVS\Real Life Violence Dataset\Violence\V_988.mp4
val,RLVS,Violence,5.000,C:\SIRCH_ENV\datasets\RLVS\Real Life Violence Dataset\Violence\V_991.mp4
val,RWF-2000,Non-violence,5.000,C:\SIRCH_ENV\datasets\RWF-2000\train\NonFight\rwf_train_nonfight_0001.avi
val,RWF-2000,Non-violence,5.000,C:\SIRCH_ENV\datasets\RWF-2000\train\NonFight\rwf_train_nonfight_0003.avi
val,RWF-2000,Non-violence,5.000,C:\SIRCH_ENV\datasets\RWF-2000\train\NonFight\rwf_train_nonfight_0006.avi
val,RWF-2000,Non-violence,5.000,C:\SIRCH_ENV\datasets\RWF-2000\train\NonFight\rwf_train_nonfight_0010.avi
val,RWF-2000,Non-violence,5.000,C:\SIRCH_ENV\datasets\RWF-2000\train\NonFight\rwf_train_nonfight_0012.avi
val,RWF-2000,Non-violence,5.000,C:\SIRCH_ENV\datasets\RWF-2000\train\NonFight\rwf_train_nonfight_0017.avi
val,RWF-2000,Non-violence,5.000,C:\SIRCH_ENV\datasets\RWF-2000\train\NonFight\rwf_train_nonfight_0027.avi
val,RWF-2000,Non-violence,5.000,C:\SIRCH_ENV\datasets\RWF-2000\train\NonFight\rwf_train_nonfight_0029.avi
val,RWF-2000,Non-violence,5.000,C:\SIRCH_ENV\datasets\RWF-2000\train\NonFight\rwf_train_nonfight_0038.avi
val,RWF-2000,Non-violence,5.000,C:\SIRCH_ENV\datasets\RWF-2000\train\NonFight\rwf_train_nonfight_0039.avi
val,RWF-2000,Non-violence,5.000,C:\SIRCH_ENV\datasets\RWF-2000\train\NonFight\rwf_train_nonfight_0041.avi
val,RWF-2000,Non-violence,5.000,C:\SIRCH_ENV\datasets\RWF-2000\train\NonFight\rwf_train_nonfight_0044.avi
val,RWF-2000,Non-violence,5.000,C:\SIRCH_ENV\datasets\RWF-2000\train\NonFight\rwf_train_nonfight_0055.avi
val,RWF-2000,Non-violence,5.000,C:\SIRCH_ENV\datasets\RWF-2000\train\NonFight\rwf_train_nonfight_0070.avi
val,RWF-2000,Non-violence,5.000,C:\SIRCH_ENV\datasets\RWF-2000\train\NonFight\rwf_train_nonfight_0075.avi
val,RWF-2000,Non-violence,5.000,C:\SIRCH_ENV\datasets\RWF-2000\train\NonFight\rwf_train_nonfight_0077.avi
val,RWF-2000,Non-violence,5.000,C:\SIRCH_ENV\datasets\RWF-2000\train\NonFight\rwf_train_nonfight_0080.avi
val,RWF-2000,Non-violence,5.000,C:\SIRCH_ENV\datasets\RWF-2000\train\NonFight\rwf_train_nonfight_0083.avi
val,RWF-2000,Non-violence,5.000,C:\SIRCH_ENV\datasets\RWF-2000\train\NonFight\rwf_train_nonfight_0105.avi
val,RWF-2000,Non-violence,5.000,C:\SIRCH_ENV\datasets\RWF-2000\train\NonFight\rwf_train_nonfight_0106.avi
val,RWF-2000,Non-violence,5.000,C:\SIRCH_ENV\datasets\RWF-2000\train\NonFight\rwf_train_nonfight_0109.avi
val,RWF-2000,Non-violence,5.000,C:\SIRCH_ENV\datasets\RWF-2000\train\NonFight\rwf_train_nonfight_0110.avi
val,RWF-2000,Non-violence,5.000,C:\SIRCH_ENV\datasets\RWF-2000\train\NonFight\rwf_train_nonfight_0111.avi
val,RWF-2000,Non-violence,5.000,C:\SIRCH_ENV\datasets\RWF-2000\train\NonFight\rwf_train_nonfight_0112.avi
val,RWF-2000,Non-violence,5.000,C:\SIRCH_ENV\datasets\RWF-2000\train\NonFight\rwf_train_nonfight_0126.avi
val,RWF-2000,Non-violence,5.000,C:\SIRCH_ENV\datasets\RWF-2000\train\NonFight\rwf_train_nonfight_0128.avi
val,RWF-2000,Non-violence,5.000,C:\SIRCH_ENV\datasets\RWF-2000\train\NonFight\rwf_train_nonfight_0133.avi
val,RWF-2000,Non-violence,5.000,C:\SIRCH_ENV\datasets\RWF-2000\train\NonFight\rwf_train_nonfight_0142.avi
val,RWF-2000,Non-violence,5.000,C:\SIRCH_ENV\datasets\RWF-2000\train\NonFight\rwf_train_nonfight_0155.avi
val,RWF-2000,Non-violence,5.000,C:\SIRCH_ENV\datasets\RWF-2000\train\NonFight\rwf_train_nonfight_0181.avi
val,RWF-2000,Non-violence,5.000,C:\SIRCH_ENV\datasets\RWF-2000\train\NonFight\rwf_train_nonfight_0185.avi
val,RWF-2000,Non-violence,5.000,C:\SIRCH_ENV\datasets\RWF-2000\train\NonFight\rwf_train_nonfight_0190.avi
val,RWF-2000,Non-violence,5.000,C:\SIRCH_ENV\datasets\RWF-2000\train\NonFight\rwf_train_nonfight_0191.avi
val,RWF-2000,Non-violence,5.000,C:\SIRCH_ENV\datasets\RWF-2000\train\NonFight\rwf_train_nonfight_0195.avi
val,RWF-2000,Non-violence,5.000,C:\SIRCH_ENV\datasets\RWF-2000\train\NonFight\rwf_train_nonfight_0201.avi
val,RWF-2000,Non-violence,5.000,C:\SIRCH_ENV\datasets\RWF-2000\train\NonFight\rwf_train_nonfight_0209.avi
val,RWF-2000,Non-violence,5.000,C:\SIRCH_ENV\datasets\RWF-2000\train\NonFight\rwf_train_nonfight_0220.avi
val,RWF-2000,Non-violence,5.000,C:\SIRCH_ENV\datasets\RWF-2000\train\NonFight\rwf_train_nonfight_0231.avi
val,RWF-2000,Non-violence,5.000,C:\SIRCH_ENV\datasets\RWF-2000\train\NonFight\rwf_train_nonfight_0234.avi
val,RWF-2000,Non-violence,5.000,C:\SIRCH_ENV\datasets\RWF-2000\train\NonFight\rwf_train_nonfight_0245.avi
val,RWF-2000,Non-violence,5.000,C:\SIRCH_ENV\datasets\RWF-2000\train\NonFight\rwf_train_nonfight_0251.avi
val,RWF-2000,Non-violence,5.000,C:\SIRCH_ENV\datasets\RWF-2000\train\NonFight\rwf_train_nonfight_0254.avi
val,RWF-2000,Non-violence,5.000,C:\SIRCH_ENV\datasets\RWF-2000\train\NonFight\rwf_train_nonfight_0281.avi
val,RWF-2000,Non-violence,5.000,C:\SIRCH_ENV\datasets\RWF-2000\train\NonFight\rwf_train_nonfight_0284.avi
val,RWF-2000,Non-violence,5.000,C:\SIRCH_ENV\datasets\RWF-2000\train\NonFight\rwf_train_nonfight_0289.avi
val,RWF-2000,Non-violence,5.000,C:\SIRCH_ENV\datasets\RWF-2000\train\NonFight\rwf_train_nonfight_0293.avi
val,RWF-2000,Non-violence,5.000,C:\SIRCH_ENV\datasets\RWF-2000\train\NonFight\rwf_train_nonfight_0306.avi
val,RWF-2000,Non-violence,5.000,C:\SIRCH_ENV\datasets\RWF-2000\train\NonFight\rwf_train_nonfight_0315.avi
val,RWF-2000,Non-violence,5.000,C:\SIRCH_ENV\datasets\RWF-2000\train\NonFight\rwf_train_nonfight_0316.avi
val,RWF-2000,Non-violence,5.000,C:\SIRCH_ENV\datasets\RWF-2000\train\NonFight\rwf_train_nonfight_0319.avi
val,RWF-2000,Non-violence,5.000,C:\SIRCH_ENV\datasets\RWF-2000\train\NonFight\rwf_train_nonfight_0324.avi
val,RWF-2000,Non-violence,5.000,C:\SIRCH_ENV\datasets\RWF-2000\train\NonFight\rwf_train_nonfight_0329.avi
val,RWF-2000,Non-violence,5.000,C:\SIRCH_ENV\datasets\RWF-2000\train\NonFight\rwf_train_nonfight_0332.avi
val,RWF-2000,Non-violence,5.000,C:\SIRCH_ENV\datasets\RWF-2000\train\NonFight\rwf_train_nonfight_0336.avi
val,RWF-2000,Non-violence,5.000,C:\SIRCH_ENV\datasets\RWF-2000\train\NonFight\rwf_train_nonfight_0337.avi
val,RWF-2000,Non-violence,5.000,C:\SIRCH_ENV\datasets\RWF-2000\train\NonFight\rwf_train_nonfight_0345.avi
val,RWF-2000,Non-violence,5.000,C:\SIRCH_ENV\datasets\RWF-2000\train\NonFight\rwf_train_nonfight_0355.avi
val,RWF-2000,Non-violence,5.000,C:\SIRCH_ENV\datasets\RWF-2000\train\NonFight\rwf_train_nonfight_0379.avi
val,RWF-2000,Non-violence,5.000,C:\SIRCH_ENV\datasets\RWF-2000\train\NonFight\rwf_train_nonfight_0417.avi
val,RWF-2000,Non-violence,5.000,C:\SIRCH_ENV\datasets\RWF-2000\train\NonFight\rwf_train_nonfight_0418.avi
val,RWF-2000,Non-violence,5.000,C:\SIRCH_ENV\datasets\RWF-2000\train\NonFight\rwf_train_nonfight_0422.avi
val,RWF-2000,Non-violence,5.000,C:\SIRCH_ENV\datasets\RWF-2000\train\NonFight\rwf_train_nonfight_0424.avi
val,RWF-2000,Non-violence,5.000,C:\SIRCH_ENV\datasets\RWF-2000\train\NonFight\rwf_train_nonfight_0425.avi
val,RWF-2000,Non-violence,5.000,C:\SIRCH_ENV\datasets\RWF-2000\train\NonFight\rwf_train_nonfight_0442.avi
val,RWF-2000,Non-violence,5.000,C:\SIRCH_ENV\datasets\RWF-2000\train\NonFight\rwf_train_nonfight_0447.avi
val,RWF-2000,Non-violence,5.000,C:\SIRCH_ENV\datasets\RWF-2000\train\NonFight\rwf_train_nonfight_0450.avi
val,RWF-2000,Non-violence,5.000,C:\SIRCH_ENV\datasets\RWF-2000\train\NonFight\rwf_train_nonfight_0451.avi
val,RWF-2000,Non-violence,5.000,C:\SIRCH_ENV\datasets\RWF-2000\train\NonFight\rwf_train_nonfight_0454.avi
val,RWF-2000,Non-violence,5.000,C:\SIRCH_ENV\datasets\RWF-2000\train\NonFight\rwf_train_nonfight_0468.avi
val,RWF-2000,Non-violence,5.000,C:\SIRCH_ENV\datasets\RWF-2000\train\NonFight\rwf_train_nonfight_0470.avi
val,RWF-2000,Non-violence,5.000,C:\SIRCH_ENV\datasets\RWF-2000\train\NonFight\rwf_train_nonfight_0484.avi
val,RWF-2000,Non-violence,5.000,C:\SIRCH_ENV\datasets\RWF-2000\train\NonFight\rwf_train_nonfight_0498.avi
val,RWF-2000,Non-violence,5.000,C:\SIRCH_ENV\datasets\RWF-2000\train\NonFight\rwf_train_nonfight_0506.avi
val,RWF-2000,Non-violence,5.000,C:\SIRCH_ENV\datasets\RWF-2000\train\NonFight\rwf_train_nonfight_0512.avi
val,RWF-2000,Non-violence,5.000,C:\SIRCH_ENV\datasets\RWF-2000\train\NonFight\rwf_train_nonfight_0524.avi
val,RWF-2000,Non-violence,5.000,C:\SIRCH_ENV\datasets\RWF-2000\train\NonFight\rwf_train_nonfight_0530.avi
val,RWF-2000,Non-violence,5.000,C:\SIRCH_ENV\datasets\RWF-2000\train\NonFight\rwf_train_nonfight_0533.avi
val,RWF-2000,Non-violence,5.000,C:\SIRCH_ENV\datasets\RWF-2000\train\NonFight\rwf_train_nonfight_0551.avi
val,RWF-2000,Non-violence,5.000,C:\SIRCH_ENV\datasets\RWF-2000\train\NonFight\rwf_train_nonfight_0560.avi
val,RWF-2000,Non-violence,5.000,C:\SIRCH_ENV\datasets\RWF-2000\train\NonFight\rwf_train_nonfight_0582.avi
val,RWF-2000,Non-violence,5.000,C:\SIRCH_ENV\datasets\RWF-2000\train\NonFight\rwf_train_nonfight_0584.avi
val,RWF-2000,Non-violence,5.000,C:\SIRCH_ENV\datasets\RWF-2000\train\NonFight\rwf_train_nonfight_0590.avi
val,RWF-2000,Non-violence,5.000,C:\SIRCH_ENV\datasets\RWF-2000\train\NonFight\rwf_train_nonfight_0594.avi
val,RWF-2000,Non-violence,5.000,C:\SIRCH_ENV\datasets\RWF-2000\train\NonFight\rwf_train_nonfight_0605.avi
val,RWF-2000,Non-violence,5.000,C:\SIRCH_ENV\datasets\RWF-2000\train\NonFight\rwf_train_nonfight_0611.avi
val,RWF-2000,Non-violence,5.000,C:\SIRCH_ENV\datasets\RWF-2000\train\NonFight\rwf_train_nonfight_0616.avi
val,RWF-2000,Non-violence,5.000,C:\SIRCH_ENV\datasets\RWF-2000\train\NonFight\rwf_train_nonfight_0621.avi
val,RWF-2000,Non-violence,5.000,C:\SIRCH_ENV\datasets\RWF-2000\train\NonFight\rwf_train_nonfight_0632.avi
val,RWF-2000,Non-violence,5.000,C:\SIRCH_ENV\datasets\RWF-2000\train\NonFight\rwf_train_nonfight_0635.avi
val,RWF-2000,Non-violence,5.000,C:\SIRCH_ENV\datasets\RWF-2000\train\NonFight\rwf_train_nonfight_0639.avi
val,RWF-2000,Non-violence,5.000,C:\SIRCH_ENV\datasets\RWF-2000\train\NonFight\rwf_train_nonfight_0657.avi
val,RWF-2000,Non-violence,5.000,C:\SIRCH_ENV\datasets\RWF-2000\train\NonFight\rwf_train_nonfight_0670.avi
val,RWF-2000,Non-violence,5.000,C:\SIRCH_ENV\datasets\RWF-2000\train\NonFight\rwf_train_nonfight_0671.avi
val,RWF-2000,Non-violence,5.000,C:\SIRCH_ENV\datasets\RWF-2000\train\NonFight\rwf_train_nonfight_0673.avi
val,RWF-2000,Non-violence,5.000,C:\SIRCH_ENV\datasets\RWF-2000\train\NonFight\rwf_train_nonfight_0674.avi
val,RWF-2000,Non-violence,5.000,C:\SIRCH_ENV\datasets\RWF-2000\train\NonFight\rwf_train_nonfight_0708.avi
val,RWF-2000,Non-violence,5.000,C:\SIRCH_ENV\datasets\RWF-2000\train\NonFight\rwf_train_nonfight_0709.avi
val,RWF-2000,Non-violence,5.000,C:\SIRCH_ENV\datasets\RWF-2000\train\NonFight\rwf_train_nonfight_0710.avi
val,RWF-2000,Non-violence,5.000,C:\SIRCH_ENV\datasets\RWF-2000\train\NonFight\rwf_train_nonfight_0711.avi
val,RWF-2000,Non-violence,5.000,C:\SIRCH_ENV\datasets\RWF-2000\train\NonFight\rwf_train_nonfight_0713.avi
val,RWF-2000,Non-violence,5.000,C:\SIRCH_ENV\datasets\RWF-2000\train\NonFight\rwf_train_nonfight_0716.avi
val,RWF-2000,Non-violence,5.000,C:\SIRCH_ENV\datasets\RWF-2000\train\NonFight\rwf_train_nonfight_0727.avi
val,RWF-2000,Non-violence,5.000,C:\SIRCH_ENV\datasets\RWF-2000\train\NonFight\rwf_train_nonfight_0736.avi
val,RWF-2000,Non-violence,5.000,C:\SIRCH_ENV\datasets\RWF-2000\train\NonFight\rwf_train_nonfight_0740.avi
val,RWF-2000,Non-violence,5.000,C:\SIRCH_ENV\datasets\RWF-2000\train\NonFight\rwf_train_nonfight_0744.avi
val,RWF-2000,Non-violence,5.000,C:\SIRCH_ENV\datasets\RWF-2000\train\NonFight\rwf_train_nonfight_0745.avi
val,RWF-2000,Non-violence,5.000,C:\SIRCH_ENV\datasets\RWF-2000\train\NonFight\rwf_train_nonfight_0759.avi
val,RWF-2000,Non-violence,5.000,C:\SIRCH_ENV\datasets\RWF-2000\train\NonFight\rwf_train_nonfight_0760.avi
val,RWF-2000,Non-violence,5.000,C:\SIRCH_ENV\datasets\RWF-2000\train\NonFight\rwf_train_nonfight_0762.avi
val,RWF-2000,Non-violence,5.000,C:\SIRCH_ENV\datasets\RWF-2000\train\NonFight\rwf_train_nonfight_0765.avi
val,RWF-2000,Non-violence,5.000,C:\SIRCH_ENV\datasets\RWF-2000\train\NonFight\rwf_train_nonfight_0771.avi
val,RWF-2000,Non-violence,5.000,C:\SIRCH_ENV\datasets\RWF-2000\train\NonFight\rwf_train_nonfight_0793.avi
val,RWF-2000,Non-violence,5.000,C:\SIRCH_ENV\datasets\RWF-2000\train\NonFight\rwf_train_nonfight_0794.avi
val,RWF-2000,Non-violence,5.000,C:\SIRCH_ENV\datasets\RWF-2000\train\NonFight\rwf_train_nonfight_0800.avi
val,RWF-2000,Non-violence,5.000,C:\SIRCH_ENV\datasets\RWF-2000\val\NonFight\rwf_val_nonfight_0001.avi
val,RWF-2000,Non-violence,5.000,C:\SIRCH_ENV\datasets\RWF-2000\val\NonFight\rwf_val_nonfight_0002.avi
val,RWF-2000,Non-violence,5.000,C:\SIRCH_ENV\datasets\RWF-2000\val\NonFight\rwf_val_nonfight_0008.avi
val,RWF-2000,Non-violence,5.000,C:\SIRCH_ENV\datasets\RWF-2000\val\NonFight\rwf_val_nonfight_0014.avi
val,RWF-2000,Non-violence,5.000,C:\SIRCH_ENV\datasets\RWF-2000\val\NonFight\rwf_val_nonfight_0028.avi
val,RWF-2000,Non-violence,5.000,C:\SIRCH_ENV\datasets\RWF-2000\val\NonFight\rwf_val_nonfight_0032.avi
val,RWF-2000,Non-violence,5.000,C:\SIRCH_ENV\datasets\RWF-2000\val\NonFight\rwf_val_nonfight_0034.avi
val,RWF-2000,Non-violence,5.000,C:\SIRCH_ENV\datasets\RWF-2000\val\NonFight\rwf_val_nonfight_0036.avi
val,RWF-2000,Non-violence,5.000,C:\SIRCH_ENV\datasets\RWF-2000\val\NonFight\rwf_val_nonfight_0038.avi
val,RWF-2000,Non-violence,5.000,C:\SIRCH_ENV\datasets\RWF-2000\val\NonFight\rwf_val_nonfight_0042.avi
val,RWF-2000,Non-violence,5.000,C:\SIRCH_ENV\datasets\RWF-2000\val\NonFight\rwf_val_nonfight_0045.avi
val,RWF-2000,Non-violence,5.000,C:\SIRCH_ENV\datasets\RWF-2000\val\NonFight\rwf_val_nonfight_0052.avi
val,RWF-2000,Non-violence,5.000,C:\SIRCH_ENV\datasets\RWF-2000\val\NonFight\rwf_val_nonfight_0058.avi
val,RWF-2000,Non-violence,5.000,C:\SIRCH_ENV\datasets\RWF-2000\val\NonFight\rwf_val_nonfight_0062.avi
val,RWF-2000,Non-violence,5.000,C:\SIRCH_ENV\datasets\RWF-2000\val\NonFight\rwf_val_nonfight_0064.avi
val,RWF-2000,Non-violence,5.000,C:\SIRCH_ENV\datasets\RWF-2000\val\NonFight\rwf_val_nonfight_0068.avi
val,RWF-2000,Non-violence,5.000,C:\SIRCH_ENV\datasets\RWF-2000\val\NonFight\rwf_val_nonfight_0071.avi
val,RWF-2000,Non-violence,5.000,C:\SIRCH_ENV\datasets\RWF-2000\val\NonFight\rwf_val_nonfight_0074.avi
val,RWF-2000,Non-violence,5.000,C:\SIRCH_ENV\datasets\RWF-2000\val\NonFight\rwf_val_nonfight_0078.avi
val,RWF-2000,Non-violence,5.000,C:\SIRCH_ENV\datasets\RWF-2000\val\NonFight\rwf_val_nonfight_0083.avi
val,RWF-2000,Non-violence,5.000,C:\SIRCH_ENV\datasets\RWF-2000\val\NonFight\rwf_val_nonfight_0090.avi
val,RWF-2000,Non-violence,5.000,C:\SIRCH_ENV\datasets\RWF-2000\val\NonFight\rwf_val_nonfight_0101.avi
val,RWF-2000,Non-violence,5.000,C:\SIRCH_ENV\datasets\RWF-2000\val\NonFight\rwf_val_nonfight_0103.avi
val,RWF-2000,Non-violence,5.000,C:\SIRCH_ENV\datasets\RWF-2000\val\NonFight\rwf_val_nonfight_0113.avi
val,RWF-2000,Non-violence,5.000,C:\SIRCH_ENV\datasets\RWF-2000\val\NonFight\rwf_val_nonfight_0116.avi
val,RWF-2000,Non-violence,5.000,C:\SIRCH_ENV\datasets\RWF-2000\val\NonFight\rwf_val_nonfight_0119.avi
val,RWF-2000,Non-violence,5.000,C:\SIRCH_ENV\datasets\RWF-2000\val\NonFight\rwf_val_nonfight_0125.avi
val,RWF-2000,Non-violence,5.000,C:\SIRCH_ENV\datasets\RWF-2000\val\NonFight\rwf_val_nonfight_0129.avi
val,RWF-2000,Non-violence,5.000,C:\SIRCH_ENV\datasets\RWF-2000\val\NonFight\rwf_val_nonfight_0130.avi
val,RWF-2000,Non-violence,5.000,C:\SIRCH_ENV\datasets\RWF-2000\val\NonFight\rwf_val_nonfight_0139.avi
val,RWF-2000,Non-violence,5.000,C:\SIRCH_ENV\datasets\RWF-2000\val\NonFight\rwf_val_nonfight_0141.avi
val,RWF-2000,Non-violence,5.000,C:\SIRCH_ENV\datasets\RWF-2000\val\NonFight\rwf_val_nonfight_0143.avi
val,RWF-2000,Non-violence,5.000,C:\SIRCH_ENV\datasets\RWF-2000\val\NonFight\rwf_val_nonfight_0148.avi
val,RWF-2000,Non-violence,5.000,C:\SIRCH_ENV\datasets\RWF-2000\val\NonFight\rwf_val_nonfight_0163.avi
val,RWF-2000,Non-violence,5.000,C:\SIRCH_ENV\datasets\RWF-2000\val\NonFight\rwf_val_nonfight_0164.avi
val,RWF-2000,Non-violence,5.000,C:\SIRCH_ENV\datasets\RWF-2000\val\NonFight\rwf_val_nonfight_0168.avi
val,RWF-2000,Non-violence,5.000,C:\SIRCH_ENV\datasets\RWF-2000\val\NonFight\rwf_val_nonfight_0174.avi
val,RWF-2000,Non-violence,5.000,C:\SIRCH_ENV\datasets\RWF-2000\val\NonFight\rwf_val_nonfight_0180.avi
val,RWF-2000,Non-violence,5.000,C:\SIRCH_ENV\datasets\RWF-2000\val\NonFight\rwf_val_nonfight_0191.avi
val,RWF-2000,Non-violence,5.000,C:\SIRCH_ENV\datasets\RWF-2000\val\NonFight\rwf_val_nonfight_0200.avi
val,RWF-2000,Violence,5.000,C:\SIRCH_ENV\datasets\RWF-2000\train\Fight\rwf_train_fight_0010.avi
val,RWF-2000,Violence,5.000,C:\SIRCH_ENV\datasets\RWF-2000\train\Fight\rwf_train_fight_0014.avi
val,RWF-2000,Violence,5.000,C:\SIRCH_ENV\datasets\RWF-2000\train\Fight\rwf_train_fight_0015.avi
val,RWF-2000,Violence,5.000,C:\SIRCH_ENV\datasets\RWF-2000\train\Fight\rwf_train_fight_0017.avi
val,RWF-2000,Violence,5.000,C:\SIRCH_ENV\datasets\RWF-2000\train\Fight\rwf_train_fight_0019.avi
val,RWF-2000,Violence,5.000,C:\SIRCH_ENV\datasets\RWF-2000\train\Fight\rwf_train_fight_0024.avi
val,RWF-2000,Violence,5.000,C:\SIRCH_ENV\datasets\RWF-2000\train\Fight\rwf_train_fight_0034.avi
val,RWF-2000,Violence,5.000,C:\SIRCH_ENV\datasets\RWF-2000\train\Fight\rwf_train_fight_0036.avi
val,RWF-2000,Violence,5.000,C:\SIRCH_ENV\datasets\RWF-2000\train\Fight\rwf_train_fight_0045.avi
val,RWF-2000,Violence,5.000,C:\SIRCH_ENV\datasets\RWF-2000\train\Fight\rwf_train_fight_0053.avi
val,RWF-2000,Violence,5.000,C:\SIRCH_ENV\datasets\RWF-2000\train\Fight\rwf_train_fight_0054.avi
val,RWF-2000,Violence,5.000,C:\SIRCH_ENV\datasets\RWF-2000\train\Fight\rwf_train_fight_0056.avi
val,RWF-2000,Violence,5.000,C:\SIRCH_ENV\datasets\RWF-2000\train\Fight\rwf_train_fight_0057.avi
val,RWF-2000,Violence,5.000,C:\SIRCH_ENV\datasets\RWF-2000\train\Fight\rwf_train_fight_0059.avi
val,RWF-2000,Violence,5.000,C:\SIRCH_ENV\datasets\RWF-2000\train\Fight\rwf_train_fight_0070.avi
val,RWF-2000,Violence,5.000,C:\SIRCH_ENV\datasets\RWF-2000\train\Fight\rwf_train_fight_0104.avi
val,RWF-2000,Violence,5.000,C:\SIRCH_ENV\datasets\RWF-2000\train\Fight\rwf_train_fight_0105.avi
val,RWF-2000,Violence,5.000,C:\SIRCH_ENV\datasets\RWF-2000\train\Fight\rwf_train_fight_0116.avi
val,RWF-2000,Violence,5.000,C:\SIRCH_ENV\datasets\RWF-2000\train\Fight\rwf_train_fight_0118.avi
val,RWF-2000,Violence,5.000,C:\SIRCH_ENV\datasets\RWF-2000\train\Fight\rwf_train_fight_0126.avi
val,RWF-2000,Violence,5.000,C:\SIRCH_ENV\datasets\RWF-2000\train\Fight\rwf_train_fight_0142.avi
val,RWF-2000,Violence,5.000,C:\SIRCH_ENV\datasets\RWF-2000\train\Fight\rwf_train_fight_0150.avi
val,RWF-2000,Violence,5.000,C:\SIRCH_ENV\datasets\RWF-2000\train\Fight\rwf_train_fight_0156.avi
val,RWF-2000,Violence,5.000,C:\SIRCH_ENV\datasets\RWF-2000\train\Fight\rwf_train_fight_0160.avi
val,RWF-2000,Violence,5.000,C:\SIRCH_ENV\datasets\RWF-2000\train\Fight\rwf_train_fight_0179.avi
val,RWF-2000,Violence,5.000,C:\SIRCH_ENV\datasets\RWF-2000\train\Fight\rwf_train_fight_0187.avi
val,RWF-2000,Violence,5.000,C:\SIRCH_ENV\datasets\RWF-2000\train\Fight\rwf_train_fight_0191.avi
val,RWF-2000,Violence,5.000,C:\SIRCH_ENV\datasets\RWF-2000\train\Fight\rwf_train_fight_0199.avi
val,RWF-2000,Violence,5.000,C:\SIRCH_ENV\datasets\RWF-2000\train\Fight\rwf_train_fight_0203.avi
val,RWF-2000,Violence,5.000,C:\SIRCH_ENV\datasets\RWF-2000\train\Fight\rwf_train_fight_0209.avi
val,RWF-2000,Violence,5.000,C:\SIRCH_ENV\datasets\RWF-2000\train\Fight\rwf_train_fight_0213.avi
val,RWF-2000,Violence,5.000,C:\SIRCH_ENV\datasets\RWF-2000\train\Fight\rwf_train_fight_0215.avi
val,RWF-2000,Violence,5.000,C:\SIRCH_ENV\datasets\RWF-2000\train\Fight\rwf_train_fight_0217.avi
val,RWF-2000,Violence,5.000,C:\SIRCH_ENV\datasets\RWF-2000\train\Fight\rwf_train_fight_0219.avi
val,RWF-2000,Violence,5.000,C:\SIRCH_ENV\datasets\RWF-2000\train\Fight\rwf_train_fight_0228.avi
val,RWF-2000,Violence,5.000,C:\SIRCH_ENV\datasets\RWF-2000\train\Fight\rwf_train_fight_0239.avi
val,RWF-2000,Violence,5.000,C:\SIRCH_ENV\datasets\RWF-2000\train\Fight\rwf_train_fight_0244.avi
val,RWF-2000,Violence,5.000,C:\SIRCH_ENV\datasets\RWF-2000\train\Fight\rwf_train_fight_0246.avi
val,RWF-2000,Violence,5.000,C:\SIRCH_ENV\datasets\RWF-2000\train\Fight\rwf_train_fight_0252.avi
val,RWF-2000,Violence,5.000,C:\SIRCH_ENV\datasets\RWF-2000\train\Fight\rwf_train_fight_0257.avi
val,RWF-2000,Violence,5.000,C:\SIRCH_ENV\datasets\RWF-2000\train\Fight\rwf_train_fight_0276.avi
val,RWF-2000,Violence,5.000,C:\SIRCH_ENV\datasets\RWF-2000\train\Fight\rwf_train_fight_0282.avi
val,RWF-2000,Violence,5.000,C:\SIRCH_ENV\datasets\RWF-2000\train\Fight\rwf_train_fight_0289.avi
val,RWF-2000,Violence,5.000,C:\SIRCH_ENV\datasets\RWF-2000\train\Fight\rwf_train_fight_0290.avi
val,RWF-2000,Violence,5.000,C:\SIRCH_ENV\datasets\RWF-2000\train\Fight\rwf_train_fight_0296.avi
val,RWF-2000,Violence,5.000,C:\SIRCH_ENV\datasets\RWF-2000\train\Fight\rwf_train_fight_0298.avi
val,RWF-2000,Violence,5.000,C:\SIRCH_ENV\datasets\RWF-2000\train\Fight\rwf_train_fight_0299.avi
val,RWF-2000,Violence,5.000,C:\SIRCH_ENV\datasets\RWF-2000\train\Fight\rwf_train_fight_0303.avi
val,RWF-2000,Violence,5.000,C:\SIRCH_ENV\datasets\RWF-2000\train\Fight\rwf_train_fight_0304.avi
val,RWF-2000,Violence,5.000,C:\SIRCH_ENV\datasets\RWF-2000\train\Fight\rwf_train_fight_0321.avi
val,RWF-2000,Violence,5.000,C:\SIRCH_ENV\datasets\RWF-2000\train\Fight\rwf_train_fight_0329.avi
val,RWF-2000,Violence,5.000,C:\SIRCH_ENV\datasets\RWF-2000\train\Fight\rwf_train_fight_0330.avi
val,RWF-2000,Violence,5.000,C:\SIRCH_ENV\datasets\RWF-2000\train\Fight\rwf_train_fight_0339.avi
val,RWF-2000,Violence,5.000,C:\SIRCH_ENV\datasets\RWF-2000\train\Fight\rwf_train_fight_0345.avi
val,RWF-2000,Violence,5.000,C:\SIRCH_ENV\datasets\RWF-2000\train\Fight\rwf_train_fight_0361.avi
val,RWF-2000,Violence,5.000,C:\SIRCH_ENV\datasets\RWF-2000\train\Fight\rwf_train_fight_0362.avi
val,RWF-2000,Violence,5.000,C:\SIRCH_ENV\datasets\RWF-2000\train\Fight\rwf_train_fight_0370.avi
val,RWF-2000,Violence,5.000,C:\SIRCH_ENV\datasets\RWF-2000\train\Fight\rwf_train_fight_0375.avi
val,RWF-2000,Violence,5.000,C:\SIRCH_ENV\datasets\RWF-2000\train\Fight\rwf_train_fight_0385.avi
val,RWF-2000,Violence,5.000,C:\SIRCH_ENV\datasets\RWF-2000\train\Fight\rwf_train_fight_0394.avi
val,RWF-2000,Violence,5.000,C:\SIRCH_ENV\datasets\RWF-2000\train\Fight\rwf_train_fight_0397.avi
val,RWF-2000,Violence,5.000,C:\SIRCH_ENV\datasets\RWF-2000\train\Fight\rwf_train_fight_0402.avi
val,RWF-2000,Violence,5.000,C:\SIRCH_ENV\datasets\RWF-2000\train\Fight\rwf_train_fight_0414.avi
val,RWF-2000,Violence,5.000,C:\SIRCH_ENV\datasets\RWF-2000\train\Fight\rwf_train_fight_0416.avi
val,RWF-2000,Violence,5.000,C:\SIRCH_ENV\datasets\RWF-2000\train\Fight\rwf_train_fight_0417.avi
val,RWF-2000,Violence,5.000,C:\SIRCH_ENV\datasets\RWF-2000\train\Fight\rwf_train_fight_0418.avi
val,RWF-2000,Violence,5.000,C:\SIRCH_ENV\datasets\RWF-2000\train\Fight\rwf_train_fight_0453.avi
val,RWF-2000,Violence,5.000,C:\SIRCH_ENV\datasets\RWF-2000\train\Fight\rwf_train_fight_0454.avi
val,RWF-2000,Violence,5.000,C:\SIRCH_ENV\datasets\RWF-2000\train\Fight\rwf_train_fight_0458.avi
val,RWF-2000,Violence,5.000,C:\SIRCH_ENV\datasets\RWF-2000\train\Fight\rwf_train_fight_0467.avi
val,RWF-2000,Violence,5.000,C:\SIRCH_ENV\datasets\RWF-2000\train\Fight\rwf_train_fight_0474.avi
val,RWF-2000,Violence,5.000,C:\SIRCH_ENV\datasets\RWF-2000\train\Fight\rwf_train_fight_0483.avi
val,RWF-2000,Violence,5.000,C:\SIRCH_ENV\datasets\RWF-2000\train\Fight\rwf_train_fight_0484.avi
val,RWF-2000,Violence,5.000,C:\SIRCH_ENV\datasets\RWF-2000\train\Fight\rwf_train_fight_0488.avi
val,RWF-2000,Violence,5.000,C:\SIRCH_ENV\datasets\RWF-2000\train\Fight\rwf_train_fight_0491.avi
val,RWF-2000,Violence,5.000,C:\SIRCH_ENV\datasets\RWF-2000\train\Fight\rwf_train_fight_0506.avi
val,RWF-2000,Violence,5.000,C:\SIRCH_ENV\datasets\RWF-2000\train\Fight\rwf_train_fight_0509.avi
val,RWF-2000,Violence,5.000,C:\SIRCH_ENV\datasets\RWF-2000\train\Fight\rwf_train_fight_0516.avi
val,RWF-2000,Violence,5.000,C:\SIRCH_ENV\datasets\RWF-2000\train\Fight\rwf_train_fight_0524.avi
val,RWF-2000,Violence,5.000,C:\SIRCH_ENV\datasets\RWF-2000\train\Fight\rwf_train_fight_0525.avi
val,RWF-2000,Violence,5.000,C:\SIRCH_ENV\datasets\RWF-2000\train\Fight\rwf_train_fight_0527.avi
val,RWF-2000,Violence,5.000,C:\SIRCH_ENV\datasets\RWF-2000\train\Fight\rwf_train_fight_0531.avi
val,RWF-2000,Violence,5.000,C:\SIRCH_ENV\datasets\RWF-2000\train\Fight\rwf_train_fight_0548.avi
val,RWF-2000,Violence,5.000,C:\SIRCH_ENV\datasets\RWF-2000\train\Fight\rwf_train_fight_0555.avi
val,RWF-2000,Violence,5.000,C:\SIRCH_ENV\datasets\RWF-2000\train\Fight\rwf_train_fight_0565.avi
val,RWF-2000,Violence,5.000,C:\SIRCH_ENV\datasets\RWF-2000\train\Fight\rwf_train_fight_0589.avi
val,RWF-2000,Violence,5.000,C:\SIRCH_ENV\datasets\RWF-2000\train\Fight\rwf_train_fight_0590.avi
val,RWF-2000,Violence,5.000,C:\SIRCH_ENV\datasets\RWF-2000\train\Fight\rwf_train_fight_0591.avi
val,RWF-2000,Violence,5.000,C:\SIRCH_ENV\datasets\RWF-2000\train\Fight\rwf_train_fight_0593.avi
val,RWF-2000,Violence,5.000,C:\SIRCH_ENV\datasets\RWF-2000\train\Fight\rwf_train_fight_0594.avi
val,RWF-2000,Violence,5.000,C:\SIRCH_ENV\datasets\RWF-2000\train\Fight\rwf_train_fight_0603.avi
val,RWF-2000,Violence,5.000,C:\SIRCH_ENV\datasets\RWF-2000\train\Fight\rwf_train_fight_0619.avi
val,RWF-2000,Violence,5.000,C:\SIRCH_ENV\datasets\RWF-2000\train\Fight\rwf_train_fight_0633.avi
val,RWF-2000,Violence,5.000,C:\SIRCH_ENV\datasets\RWF-2000\train\Fight\rwf_train_fight_0642.avi
val,RWF-2000,Violence,5.000,C:\SIRCH_ENV\datasets\RWF-2000\train\Fight\rwf_train_fight_0652.avi
val,RWF-2000,Violence,5.000,C:\SIRCH_ENV\datasets\RWF-2000\train\Fight\rwf_train_fight_0659.avi
val,RWF-2000,Violence,5.000,C:\SIRCH_ENV\datasets\RWF-2000\train\Fight\rwf_train_fight_0669.avi
val,RWF-2000,Violence,5.000,C:\SIRCH_ENV\datasets\RWF-2000\train\Fight\rwf_train_fight_0671.avi
val,RWF-2000,Violence,5.000,C:\SIRCH_ENV\datasets\RWF-2000\train\Fight\rwf_train_fight_0672.avi
val,RWF-2000,Violence,5.000,C:\SIRCH_ENV\datasets\RWF-2000\train\Fight\rwf_train_fight_0673.avi
val,RWF-2000,Violence,5.000,C:\SIRCH_ENV\datasets\RWF-2000\train\Fight\rwf_train_fight_0674.avi
val,RWF-2000,Violence,5.000,C:\SIRCH_ENV\datasets\RWF-2000\train\Fight\rwf_train_fight_0678.avi
val,RWF-2000,Violence,5.000,C:\SIRCH_ENV\datasets\RWF-2000\train\Fight\rwf_train_fight_0682.avi
val,RWF-2000,Violence,5.000,C:\SIRCH_ENV\datasets\RWF-2000\train\Fight\rwf_train_fight_0690.avi
val,RWF-2000,Violence,5.000,C:\SIRCH_ENV\datasets\RWF-2000\train\Fight\rwf_train_fight_0704.avi
val,RWF-2000,Violence,5.000,C:\SIRCH_ENV\datasets\RWF-2000\train\Fight\rwf_train_fight_0712.avi
val,RWF-2000,Violence,5.000,C:\SIRCH_ENV\datasets\RWF-2000\train\Fight\rwf_train_fight_0715.avi
val,RWF-2000,Violence,5.000,C:\SIRCH_ENV\datasets\RWF-2000\train\Fight\rwf_train_fight_0721.avi
val,RWF-2000,Violence,5.000,C:\SIRCH_ENV\datasets\RWF-2000\train\Fight\rwf_train_fight_0724.avi
val,RWF-2000,Violence,5.000,C:\SIRCH_ENV\datasets\RWF-2000\train\Fight\rwf_train_fight_0735.avi
val,RWF-2000,Violence,5.000,C:\SIRCH_ENV\datasets\RWF-2000\train\Fight\rwf_train_fight_0745.avi
val,RWF-2000,Violence,5.000,C:\SIRCH_ENV\datasets\RWF-2000\train\Fight\rwf_train_fight_0749.avi
val,RWF-2000,Violence,5.000,C:\SIRCH_ENV\datasets\RWF-2000\train\Fight\rwf_train_fight_0751.avi
val,RWF-2000,Violence,5.000,C:\SIRCH_ENV\datasets\RWF-2000\train\Fight\rwf_train_fight_0753.avi
val,RWF-2000,Violence,5.000,C:\SIRCH_ENV\datasets\RWF-2000\train\Fight\rwf_train_fight_0754.avi
val,RWF-2000,Violence,5.000,C:\SIRCH_ENV\datasets\RWF-2000\train\Fight\rwf_train_fight_0758.avi
val,RWF-2000,Violence,5.000,C:\SIRCH_ENV\datasets\RWF-2000\train\Fight\rwf_train_fight_0759.avi
val,RWF-2000,Violence,5.000,C:\SIRCH_ENV\datasets\RWF-2000\train\Fight\rwf_train_fight_0760.avi
val,RWF-2000,Violence,5.000,C:\SIRCH_ENV\datasets\RWF-2000\train\Fight\rwf_train_fight_0775.avi
val,RWF-2000,Violence,5.000,C:\SIRCH_ENV\datasets\RWF-2000\train\Fight\rwf_train_fight_0789.avi
val,RWF-2000,Violence,5.000,C:\SIRCH_ENV\datasets\RWF-2000\val\Fight\rwf_val_fight_0001.avi
val,RWF-2000,Violence,5.000,C:\SIRCH_ENV\datasets\RWF-2000\val\Fight\rwf_val_fight_0006.avi
val,RWF-2000,Violence,5.000,C:\SIRCH_ENV\datasets\RWF-2000\val\Fight\rwf_val_fight_0008.avi
val,RWF-2000,Violence,5.000,C:\SIRCH_ENV\datasets\RWF-2000\val\Fight\rwf_val_fight_0011.avi
val,RWF-2000,Violence,5.000,C:\SIRCH_ENV\datasets\RWF-2000\val\Fight\rwf_val_fight_0020.avi
val,RWF-2000,Violence,5.000,C:\SIRCH_ENV\datasets\RWF-2000\val\Fight\rwf_val_fight_0026.avi
val,RWF-2000,Violence,5.000,C:\SIRCH_ENV\datasets\RWF-2000\val\Fight\rwf_val_fight_0028.avi
val,RWF-2000,Violence,5.000,C:\SIRCH_ENV\datasets\RWF-2000\val\Fight\rwf_val_fight_0031.avi
val,RWF-2000,Violence,5.000,C:\SIRCH_ENV\datasets\RWF-2000\val\Fight\rwf_val_fight_0041.avi
val,RWF-2000,Violence,5.000,C:\SIRCH_ENV\datasets\RWF-2000\val\Fight\rwf_val_fight_0050.avi
val,RWF-2000,Violence,5.000,C:\SIRCH_ENV\datasets\RWF-2000\val\Fight\rwf_val_fight_0052.avi
val,RWF-2000,Violence,5.000,C:\SIRCH_ENV\datasets\RWF-2000\val\Fight\rwf_val_fight_0058.avi
val,RWF-2000,Violence,5.000,C:\SIRCH_ENV\datasets\RWF-2000\val\Fight\rwf_val_fight_0067.avi
val,RWF-2000,Violence,5.000,C:\SIRCH_ENV\datasets\RWF-2000\val\Fight\rwf_val_fight_0072.avi
val,RWF-2000,Violence,5.000,C:\SIRCH_ENV\datasets\RWF-2000\val\Fight\rwf_val_fight_0085.avi
val,RWF-2000,Violence,5.000,C:\SIRCH_ENV\datasets\RWF-2000\val\Fight\rwf_val_fight_0101.avi
val,RWF-2000,Violence,5.000,C:\SIRCH_ENV\datasets\RWF-2000\val\Fight\rwf_val_fight_0104.avi
val,RWF-2000,Violence,5.000,C:\SIRCH_ENV\datasets\RWF-2000\val\Fight\rwf_val_fight_0108.avi
val,RWF-2000,Violence,5.000,C:\SIRCH_ENV\datasets\RWF-2000\val\Fight\rwf_val_fight_0112.avi
val,RWF-2000,Violence,5.000,C:\SIRCH_ENV\datasets\RWF-2000\val\Fight\rwf_val_fight_0135.avi
val,RWF-2000,Violence,5.000,C:\SIRCH_ENV\datasets\RWF-2000\val\Fight\rwf_val_fight_0146.avi
val,RWF-2000,Violence,5.000,C:\SIRCH_ENV\datasets\RWF-2000\val\Fight\rwf_val_fight_0149.avi
val,RWF-2000,Violence,5.000,C:\SIRCH_ENV\datasets\RWF-2000\val\Fight\rwf_val_fight_0152.avi
val,RWF-2000,Violence,5.000,C:\SIRCH_ENV\datasets\RWF-2000\val\Fight\rwf_val_fight_0154.avi
val,RWF-2000,Violence,5.000,C:\SIRCH_ENV\datasets\RWF-2000\val\Fight\rwf_val_fight_0171.avi
val,RWF-2000,Violence,5.000,C:\SIRCH_ENV\datasets\RWF-2000\val\Fight\rwf_val_fight_0177.avi
val,RWF-2000,Violence,5.000,C:\SIRCH_ENV\datasets\RWF-2000\val\Fight\rwf_val_fight_0178.avi
val,RWF-2000,Violence,5.000,C:\SIRCH_ENV\datasets\RWF-2000\val\Fight\rwf_val_fight_0193.avi
val,RWF-2000,Violence,5.000,C:\SIRCH_ENV\datasets\RWF-2000\val\Fight\rwf_val_fight_0195.avi
val,RWF-2000,Violence,5.000,C:\SIRCH_ENV\datasets\RWF-2000\val\Fight\rwf_val_fight_0199.avi
