split,split_index,dataset,category,label,label_name,relative_path,size_bytes,sha256
train,0,RWF-2000,,0,non_violence,train/NonFight/rwf_train_nonfight_0084.avi,3501126,d7432429c3f8869eaa400aa65273364c615e158db4effd1cf2e6d5b4b3243b36
train,1,RLVS,,1,violence,Violence/V_372.mp4,2474989,5a3b6bdb38b01b7dfcdcd291192e8632c973bae021488b9f9b7ecf970a77b322
train,2,RWF-2000,,0,non_violence,val/NonFight/rwf_val_nonfight_0119.avi,2193624,a33dbbf72a504609b0eab939adf738fc33dd7e9e2f7eb54a32560488bd2e4211
train,3,RLVS,,1,violence,Violence/V_374.mp4,2575164,a37084055a942ad5504c41ba7170494a58ffe1da0eb96e7e18fecc08c001d0a6
train,4,RWF-2000,,1,violence,train/Fight/rwf_train_fight_0548.avi,5816254,38841138e512887d0768787baf3dcb465c1f53da367d04925c8af27f26ec33ca
train,5,RLVS,,0,non_violence,NonViolence/NV_833.mp4,772299,cc807f007fce67ff4d3358ffb76dafc6f738151a1f8ad7a93c8f1e849ccaf61a
train,6,RLVS,,1,violence,Violence/V_56.mp4,455244,fa4407362436a31a6beb1e13745a12c6b4639810a01006ac7cef6f1c23017924
train,7,RWF-2000,,0,non_violence,train/NonFight/rwf_train_nonfight_0321.avi,2515184,1897f32aecf66456f5c17d8c0b89061b48850fc08083c635fc05a0d7a62ce909
train,8,RLVS,,0,non_violence,NonViolence/NV_965.mp4,1186503,4d7ba2818039cc9b5268a19eba7caa27b6b431d41ba7d73524ac31dc57f6e829
train,9,RLVS,,1,violence,Violence/V_449.mp4,1669893,1ec50eee56d0d2ebf2b09926a2ff1fd2d1be0c577a6042fd13541676da053882
train,10,RLVS,,1,violence,Violence/V_287.mp4,1991497,aee1be41b2bc30a584029513c7e39f6bcfa92938a2df1db77f9d05700f92776d
train,11,RWF-2000,,0,non_violence,train/NonFight/rwf_train_nonfight_0385.avi,11436068,0d72bfab8510e3cd8ae59cd3d36976a346dcee421b3b66d96bed4baea82723a3
train,12,RLVS,,0,non_violence,NonViolence/NV_145.mp4,734260,f502b47187097fbde59c761fde022b11b2f36cad05e19b9052b58c2e0500e3b0
train,13,RLVS,,1,violence,Violence/V_436.mp4,739441,64db657595868381e4d9e9197d54b4ef1e7001562a376e5fe15ed05de7b3a471
train,14,RLVS,,1,violence,Violence/V_181.mp4,279160,cf94663336f49e366cb6672d28ec4c5d707e390c0d9ae2125a46bc217592461f
train,15,RLVS,,1,violence,Violence/V_279.mp4,2127821,6562f108210fdc33a63e9eb63e7ae001353b375e83299c04cab1e8091d945fd3
train,16,RWF-2000,,1,violence,val/Fight/rwf_val_fight_0008.avi,1886522,ed1f14af4e54271422b4d99e878baac2dd8b03bafa649ac1dc0671215445796a
train,17,RLVS,,1,violence,Violence/V_672.mp4,921831,cf21963c0198df2aed7cc4a295ba4f8ac6982ef67389763bb2ad0d7de9ad64fa
train,18,RWF-2000,,0,non_violence,val/NonFight/rwf_val_nonfight_0003.avi,9357494,0a241944b6d301cf603d537f6ca732bfcefdebd01ccde86f9025dbf3b0d7ac0c
train,19,RLVS,,0,non_violence,NonViolence/NV_638.mp4,213773,c69ca211383f3baff956b8da2d51c03cd8b14f8ad4a4b52c3f739ecb3aa6f564
train,20,RWF-2000,,0,non_violence,train/NonFight/rwf_train_nonfight_0069.avi,2212446,4ba1056a76d3e478610e1d87ae1ec619aae8bc5d76c9247e240699aeb22a490a
train,21,RWF-2000,,0,non_violence,train/NonFight/rwf_train_nonfight_0147.avi,4038418,0d43bc5030c37a4c1814cb4d014994f2c5c200ca9c79c1d71c420cf229e76ba2
train,22,RLVS,,1,violence,Violence/V_199.mp4,416711,26ed5565f9e6f383fcce80f7686688666a5399af5a04200da049b7de516d9ac8
train,23,RLVS,,1,violence,Violence/V_143.mp4,942817,f11ae77b6a5e76a1c7e26940cb92be72c1f254582be04da1db98452228b2b05d
train,24,RLVS,,0,non_violence,NonViolence/NV_765.mp4,1392112,e2d0f3eca61cd0e07eca5b6cb6a9aeef4d7613284fa80dca9a181bb6853a63ff
train,25,RWF-2000,,1,violence,val/Fight/rwf_val_fight_0050.avi,12209134,ba88f72b428ba78f0dd4ab9d4c242f0f1552424e819c9f381d3cb5220c1348fd
train,26,RWF-2000,,1,violence,train/Fight/rwf_train_fight_0407.avi,14600124,8c8e54ed0cf46f6ccbda933faf3de1235d6dd0c547e4e2c03a56722af787afe9
train,27,RWF-2000,,1,violence,train/Fight/rwf_train_fight_0220.avi,6511376,4edba1c1294dcbf559cb56d776a7924b36484ca384a23043e60784b398cdb10e
train,28,RLVS,,0,non_violence,NonViolence/NV_532.mp4,360171,54e5ebe08c75d8dd2e1b448e93cbf835c1db5129a268eff105c2ccf3604007d3
train,29,RWF-2000,,0,non_violence,train/NonFight/rwf_train_nonfight_0544.avi,11082476,4b31e139542648f4fa510141cd7a0aecb1f461f4349c499fd87afd20cb44e802
train,30,RLVS,,0,non_violence,NonViolence/NV_6.mp4,1354646,3d054705c076dc9b80189878d17cb6752912e61a3e445fa36e82867261e61485
train,31,RLVS,,1,violence,Violence/V_152.mp4,692621,adb555b9a6f8ef5786dabbdd1e865431a7e9d1d3065625060ff3b9a7e6fc22ba
train,32,RWF-2000,,1,violence,train/Fight/rwf_train_fight_0133.avi,6306284,1ca7d188040566cd51b6623ab4c764d791e0f33d8e9c16d97672547b034e6b68
train,33,RLVS,,0,non_violence,NonViolence/NV_18.mp4,1572711,0768f2ee60addd51eff1ada83d25b989d37a73bda938ece83e0f183ddf45f759
train,34,RWF-2000,,0,non_violence,train/NonFight/rwf_train_nonfight_0388.avi,9591822,85374ba0f2442d3c56d53fb74ae3856229808c10441c48f482272d35c334847a
train,35,RWF-2000,,1,violence,train/Fight/rwf_train_fight_0088.avi,24559472,6cfd5b246b113569a3e71a956fbfe6a9d8a80e1750dab42feac989ea796102c0
train,36,RLVS,,1,violence,Violence/V_278.mp4,2643189,7ea8dba80bd5e9d99baee1490d3a79f5c6d1f4372cb59d724472f5a1d43f938b
train,37,RWF-2000,,1,violence,train/Fight/rwf_train_fight_0302.avi,13549692,2ab6b8a3f846a8b67610008bc953a905fd5d40bb67dd9d360022436d0d7c1e5a
train,38,RLVS,,0,non_violence,NonViolence/NV_639.mp4,112846,757d1e5f150e68ddf213b3bf1fb7388fa9769088e6479b3051ee1b7d68e9fb78
train,39,RLVS,,0,non_violence,NonViolence/NV_970.mp4,1031131,e9bc045ed2b480d78aaec416a8045d7f26bffb4ffca75c5402068bfb964b350d
train,40,RLVS,,0,non_violence,NonViolence/NV_853.mp4,1000346,524d31e12b2a4ddec8bf5a4728008768db94578525ab0ca54a1afea69a4f9752
train,41,RLVS,,1,violence,Violence/V_759.mp4,2721340,055eada363e2bb0df863829dcd45716fa15a684a2c2787043a37dcb7043f9349
train,42,RWF-2000,,0,non_violence,val/NonFight/rwf_val_nonfight_0125.avi,12005216,66672089e56c13a1f0fd632ba179a99ff716ea6af5c6a61b42cd4447fe59efbf
train,43,RWF-2000,,0,non_violence,train/NonFight/rwf_train_nonfight_0131.avi,8400486,378383e2a3c7c5406fd2e20bf73a951c34dabd870ed55475d62e8694ba222ea0
train,44,RLVS,,1,violence,Violence/V_123.mp4,329213,df29e10f486060a4f9099dfb59c8274c91ac79e5c9595c4e25c95ec02d6b54b3
train,45,RLVS,,0,non_violence,NonViolence/NV_770.mp4,1005922,0c5c5bb3eb07a9fae8fd974fb1291361863916ab2f415dc8efb61ff19b2541be
train,46,RWF-2000,,0,non_violence,train/NonFight/rwf_train_nonfight_0665.avi,1758788,00fdf3a103bc91f8588cafafb89f09b24bbeb1d7fe933ff9a3a2e12193f07b4a
train,47,RLVS,,1,violence,Violence/V_820.mp4,680167,1c3331661ed7c63306856f33553e47f108af903e42150523c1c122d6151183af
train,48,RLVS,,0,non_violence,NonViolence/NV_885.avi,692386,cd79ab4c3986c449c06acfe0857bb0a2ac307a0d6b5c41b95e1a4b47f877eabb
train,49,RWF-2000,,1,violence,train/Fight/rwf_train_fight_0059.avi,14078192,bc509867e2789a4895745f01545a08020f04f69867e26b4d29345d717bdc668f
train,50,RWF-2000,,0,non_violence,train/NonFight/rwf_train_nonfight_0589.avi,14464218,c4ed2cd10d5d6650df7b075c629567bdf89f10c600b480c2a892809ef4365f70
train,51,RLVS,,1,violence,Violence/V_659.mp4,1347670,9e69f7a9918a997b51592b4ce172cc84220389a281506710f75181e63e027ed6
train,52,RWF-2000,,1,violence,val/Fight/rwf_val_fight_0133.avi,8716664,01e6d452674786452566898a8839679e6fb239d1ca344f5fb04f102ebee5349d
train,53,RLVS,,0,non_violence,NonViolence/NV_409.mp4,314870,e960a6f564530f4df45df89724b474baf316f002a06fef419e071587c2c8eaa4
train,54,RLVS,,1,violence,Violence/V_706.mp4,869447,9d7f466ec4faa81d8d7c50db26f065aa4b2fc6cd5b6b8afe2a67fcf9e0b3fae1
train,55,RWF-2000,,1,violence,train/Fight/rwf_train_fight_0530.avi,2312188,b1c13e291c0772bdf40e711f3d9b433b0ce5fc971c467789facd580414f4a60e
train,56,RLVS,,0,non_violence,NonViolence/NV_916.mp4,1115203,7de80626afd9dc0637efd28c38c9c5df94b365a1eeb7a6e10efad18a3ecde849
train,57,RWF-2000,,0,non_violence,train/NonFight/rwf_train_nonfight_0381.avi,17511462,1df496dcaf7d34f20f34737a894cbfbab2f30f8c530e91291b08ca4b9ee80ccf
train,58,RWF-2000,,0,non_violence,val/NonFight/rwf_val_nonfight_0111.avi,2258912,5b6c14b03da4cf746322e9cdbe7d2eb88d836b16e8b70fa5c9a1a94e8c43e795
train,59,RLVS,,1,violence,Violence/V_200.mp4,543597,b4337cb714065bc7dcd88b7e0aea425d16c529fdf4ac1758d6067d57fcbdf626
train,60,RWF-2000,,0,non_violence,train/NonFight/rwf_train_nonfight_0297.avi,2703410,6ddea7c4278eed6bd21eeaaa1ed6c7233aca78f74369a922dc4344c21d64aabd
train,61,RLVS,,0,non_violence,NonViolence/NV_42.mp4,376465,4b5fe6962ca9c9dde749029a8b4300995ebed55d74d4dbb30b74abbb5139341b
train,62,RWF-2000,,0,non_violence,val/NonFight/rwf_val_nonfight_0117.avi,3018134,9941dc0af3d2cdd6891348a9096d54a264749548d08a1ec1627fea40ac85e050
train,63,RLVS,,1,violence,Violence/V_755.mp4,2153049,e035a385cc46c9d7899ebc0bee7190f7a4cccb727d253505f9a69725c8196862
train,64,RWF-2000,,1,violence,train/Fight/rwf_train_fight_0768.avi,1334650,e417f1f795aa6ae8acfaa408b3d2453ab3179cda5e5d6af2b9ea3a91bc12373a
train,65,RLVS,,1,violence,Violence/V_623.mp4,374032,fb96c2909fb2d076bf35d796c0b4c35b5deb427cb01653520b4ecd1008ec6641
train,66,RLVS,,1,violence,Violence/V_352.mp4,432341,42d294fc020be2e4bb38b10d5d4af5b53596017ea6fa5a91d76143b95ec3b00c
train,67,RLVS,,1,violence,Violence/V_528.mp4,1113814,5d9fb2e6287f64c4fbfd60e43451d1efc274fbd1136e50c4e9595b062eb3e681
train,68,RLVS,,0,non_violence,NonViolence/NV_200.mp4,520630,22350850d1a25b5ec8c4ed57ec29932c78fe5959c4ca30b4ee2d053f827683bc
train,69,RLVS,,0,non_violence,NonViolence/NV_258.mp4,624458,5727e7b453188628fb5d5e214b91d591db2dac99811324608bfe543b1a556357
train,70,RWF-2000,,0,non_violence,val/NonFight/rwf_val_nonfight_0099.avi,3223832,cc820e8c380f3a126821017e64a3651b5f9f1dc06ad5d77a66e656e36732d6b5
train,71,RWF-2000,,1,violence,train/Fight/rwf_train_fight_0739.avi,1246140,c684adb32c96f1103f9cb3418c5f6fcb364cd44a907033ee7e1ccb4617949b78
train,72,RLVS,,1,violence,Violence/V_590.mp4,1471290,bd59b2fc16d4bb518ed6a263cccab3ccbee5a09c6b68d1b3358f6fdf9863bdf1
train,73,RLVS,,0,non_violence,NonViolence/NV_846.mp4,2254117,7a1de8478f9ea53b9318b6c8392534ec3451008af5ae4984557aa7571050065b
train,74,RLVS,,1,violence,Violence/V_738.mp4,165948,f213424843fe8098746728ac0f52427485bbfd0f6feb91da7949bafa89550d7b
train,75,RLVS,,0,non_violence,NonViolence/NV_555.mp4,384266,e496734b80c47e1a42147e559eed5304f803bfb8953cfe34b117295273f13516
train,76,RWF-2000,,0,non_violence,val/NonFight/rwf_val_nonfight_0077.avi,2084618,247ac99dd38ea36e45edd09120bce6500e92b5d57ad0791d585a0d7b0a661216
train,77,RLVS,,0,non_violence,NonViolence/NV_426.mp4,179602,b6e970b880715a779c0588b0b91a30602637e33e8a243b41bad1256c3e277462
train,78,RWF-2000,,0,non_violence,val/NonFight/rwf_val_nonfight_0066.avi,2556544,901ca729a68272a01271ba8edbac1591c588a410fd079207b742e2c65a906183
train,79,RLVS,,1,violence,Violence/V_670.mp4,1140144,6d7fc9afb40871c336bd7537b0a9c129d5e80afab3866049ce4cc0950214c7e2
train,80,RLVS,,1,violence,Violence/V_815.mp4,634162,38b64df2d542b3c0c6aa8e41e567c37fce5677bd29369a2f92175df15557a366
train,81,RLVS,,0,non_violence,NonViolence/NV_251.mp4,508210,fabbe0a3d609acb6c512e1c1f95882a8e4f896e95d6a0841d79b932b1d880253
train,82,RLVS,,0,non_violence,NonViolence/NV_48.mp4,999600,35b2538caea154767f494163f8136e9bd8669fa7973d099bf0a189760e847f8e
train,83,RLVS,,0,non_violence,NonViolence/NV_768.mp4,1054875,40fdaa0af875f1b059db5296db33a7bbe3db6dd91c380ef80b7333cc60dc8d0c
train,84,RWF-2000,,0,non_violence,train/NonFight/rwf_train_nonfight_0417.avi,2472530,cfef682898e9de09bf9e15098361d94118ecb40e25f283b81d7e3c042ba34142
train,85,RLVS,,1,violence,Violence/V_945.mp4,610604,84d03724ca2bbc6a741e7eda80e394ab36c98107db9df7d9ef6b015ed2034236
train,86,RWF-2000,,1,violence,val/Fight/rwf_val_fight_0029.avi,6799124,04771d703b86a34242255de5b9ff8d246cf5cfaa2ef937cc81d1559fd2cae67e
train,87,RWF-2000,,1,violence,train/Fight/rwf_train_fight_0379.avi,1800098,17db57ea7650066375eea79024381ea2bfcedd062da402cdb03596f9ce8f7dbd
train,88,RLVS,,1,violence,Violence/V_767.mp4,1939850,87fc5804a8e4016db8381f14bd8053ec2aaa640a1859f8a01d3052b9b8f5ca88
train,89,RWF-2000,,0,non_violence,train/NonFight/rwf_train_nonfight_0102.avi,8727522,795dca5e53b4d41ea24b4da80a1859c258652d7a43b87c857e0eb3a89309ca20
train,90,RWF-2000,,1,violence,val/Fight/rwf_val_fight_0075.avi,18249356,f23eabfddef2b6bad8719425d4b433c093c000ff8b1d5216e339ca28f2ac3ea5
train,91,RLVS,,1,violence,Violence/V_364.mp4,1654420,5e1ab08d930a4405259a54c526b7c8a4e92f3c8e1736c9878de8f7373f5e2346
train,92,RLVS,,0,non_violence,NonViolence/NV_321.mp4,1091437,0cc15bf72444704ed9322d3284ca87dbfb44dac6886dd8cf7e89ab797e7a3a18
train,93,RLVS,,1,violence,Violence/V_680.mp4,819996,ba797c2f13d8b92af005bf58c9b623478f67cb34f733a76a76f95af406d3532d
train,94,RLVS,,0,non_violence,NonViolence/NV_220.mp4,677916,ad74fbc7d1a53f1838e43d326acabaf44b82ad4eba00da6916a758003a91e947
train,95,RLVS,,0,non_violence,NonViolence/NV_169.mp4,352872,fc8d6f8cf61c0bd1714049c6a2e8fe8979133027483e8566c453a72173fffca5
train,96,RWF-2000,,1,violence,train/Fight/rwf_train_fight_0665.avi,17272272,b5cc01c8212bff57995b8e5a666c26b6aa87cd0a46a8c330336e8ef1c3522dc4
train,97,RWF-2000,,1,violence,val/Fight/rwf_val_fight_0142.avi,2076096,342052bc58f54f0148198e03f47f5c161333afe8d64b471e531a9ebaa1e166cb
train,98,RWF-2000,,1,violence,train/Fight/rwf_train_fight_0394.avi,10739680,7a9d8de6e8034bcce2a0a534527590b879ba3b7455e0468fe4dd9f9f01ca775d
train,99,RLVS,,1,violence,Violence/V_655.mp4,910006,e4278fe168c55d50eea45a801227d2fde18bd05171abba012602ac9a998f4799
train,100,RLVS,,1,violence,Violence/V_296.mp4,1698061,be80a70565d9917bf8148dde226b91544ff2dfeebb7a6687617ef139d1159eb9
train,101,RLVS,,1,violence,Violence/V_810.mp4,648994,448e7332fa133136ab5f0aeffe2590d4c8c721feba936cb9f745a536fcee1b7b
train,102,RLVS,,0,non_violence,NonViolence/NV_436.mp4,284676,e6fa9d7442badc44aea80ff10aa2e175e6dbb4ef4e3f5b8f0654a5984fbe41da
train,103,RWF-2000,,1,violence,train/Fight/rwf_train_fight_0609.avi,17380510,7ff030bbcee624b6113494e75723de0135043fd965fafcaa91078b9af93dee62
train,104,RLVS,,1,violence,Violence/V_667.mp4,578301,39f75a69758243cd16e8fa38379f39e71f9d4bfacce22dd1bd417a14a64442eb
train,105,RWF-2000,,0,non_violence,train/NonFight/rwf_train_nonfight_0581.avi,2494088,10ebf758f20cfa2861cd732cc934eaaff14dcc0e0d12c56c7526f7a69ae847c3
train,106,RWF-2000,,1,violence,train/Fight/rwf_train_fight_0532.avi,8647432,6dcca31f1b764aba418928b6b8744721e060adb0b36af54ad86e60aa2bfb9448
train,107,RLVS,,0,non_violence,NonViolence/NV_209.mp4,731150,a185e3d687322e76c1171a1f213c4640267c820d07714e1545a601dede89ca45
train,108,RWF-2000,,0,non_violence,val/NonFight/rwf_val_nonfight_0058.avi,3057122,4d30c3acfbece00b1f2a1104e53c8197dd65f63ebb9daac0d79cf1621e11fa09
train,109,RLVS,,0,non_violence,NonViolence/NV_457.mp4,457002,31eb5e52b347920b32936d9d7cd4424196e05beae0b22a08572bfa5165679026
train,110,RWF-2000,,0,non_violence,train/NonFight/rwf_train_nonfight_0114.avi,22069910,68d016dd8c1936672503b2dc1b642795809056a3c35aadcb62853742f9f030c2
train,111,RLVS,,0,non_violence,NonViolence/NV_604.mp4,580628,9727a676e4f4089f2cee402e02f5a522b1c01ae44e83fcbf51188aaf9f65be24
train,112,RWF-2000,,0,non_violence,train/NonFight/rwf_train_nonfight_0595.avi,2674334,5145462994a96b32aa1ac4d8c20d8919fa6824b39caf868e1643b78c7a86ad40
train,113,RLVS,,1,violence,Violence/V_531.mp4,1305745,62f361e876042f76a236df3cd212b781972f9a611a2c1adb9eff6ccc17ef0775
train,114,RLVS,,0,non_violence,NonViolence/NV_961.mp4,910293,8df01229abf6d4058db0e08d55e2d59c299055a28114123dd8908c15cb388b08
train,115,RLVS,,1,violence,Violence/V_688.mp4,630649,65b63b7e52763fda3310cfe1cbc355c372e944ae7cc9359033158f483ac31f08
train,116,RWF-2000,,1,violence,train/Fight/rwf_train_fight_0770.avi,1453056,8397605d2e26ed064e2daa89ad083e70e992fcc1d8bb6cdfc0f12e980fa898f1
train,117,RWF-2000,,0,non_violence,val/NonFight/rwf_val_nonfight_0196.avi,3800708,cfcef813ee30a339506e39a5558d46b12fef7fa7c64b450a3a854bf25dc4bbb0
train,118,RWF-2000,,0,non_violence,train/NonFight/rwf_train_nonfight_0384.avi,11594396,f905e672f0cab29426dbe5ba9cf68f8eee65cbbc1ed9c6a4fc1872dde3422c4b
train,119,RWF-2000,,1,violence,train/Fight/rwf_train_fight_0106.avi,4336188,eb5a20612f90b1b6dd227885ab2717ab0a3341ae7b4d70509bd21714e5eaa8c4
train,120,RWF-2000,,1,violence,train/Fight/rwf_train_fight_0699.avi,18273618,ceac731800094c6c4c560846996b176a17669eacb6985b133b2aedaaf6664f84
train,121,RWF-2000,,1,violence,train/Fight/rwf_train_fight_0070.avi,12116896,c3676d7c0e439ebabe1444c188f0074d3cf278d5f38ab61bc5b77597ab1d2cd6
train,122,RWF-2000,,1,violence,train/Fight/rwf_train_fight_0627.avi,5968572,33eea338a2e94b23df57e9198c8970c84a95130be13556c13ed0f43a27c00714
train,123,RLVS,,0,non_violence,NonViolence/NV_410.mp4,274816,a2fa6b677363e224e01aa1f7dac7c21a3f4aa010029b91c72cd171b2a6ac07de
train,124,RWF-2000,,0,non_violence,train/NonFight/rwf_train_nonfight_0634.avi,2494764,282dcf04656e6b77e07bc086cae7cdc52094bd5796ad9dd351e2726b04a5a158
train,125,RLVS,,1,violence,Violence/V_172.mp4,246760,23fb4b8e7d0c4b501949bbd17650a7ce344ea178f368318ac9a5b102b1d19010
train,126,RWF-2000,,1,violence,train/Fight/rwf_train_fight_0386.avi,1820764,e0c7ac39f87a362a42a1737ae6c50a264a317dc8a42ec4b781a9b607520f460d
train,127,RWF-2000,,0,non_violence,train/NonFight/rwf_train_nonfight_0281.avi,3694112,ea62d81de51b1eec81dac71c6a6e9973c3460ac659924dbdd5bb6ec3520b1ad2
train,128,RWF-2000,,0,non_violence,train/NonFight/rwf_train_nonfight_0308.avi,2932026,abe25c129cbfd2892897a3d8983fd941d702b55eddb602a21d8167f6e226da0d
train,129,RLVS,,0,non_violence,NonViolence/NV_695.mp4,913901,2461e760124cf404a0bcf809831d21e505b258f894cf990ff6c2ab9372b85f66
train,130,RLVS,,0,non_violence,NonViolence/NV_468.mp4,255639,3441b9622501caad1116aed685662c9219bb7679ac294a13d53fd9b81de097c3
train,131,RLVS,,0,non_violence,NonViolence/NV_774.mp4,1472889,cd7babdc1b3ffe56abe15d42072c4c149210f0f1432036202dfc7abd194fa74f
train,132,RWF-2000,,0,non_violence,val/NonFight/rwf_val_nonfight_0087.avi,3723308,cb95a6cab1b17c97fa92533a891cfd61c955c049c47c7ce3a2abd947db708513
train,133,RWF-2000,,0,non_violence,train/NonFight/rwf_train_nonfight_0455.avi,2241160,11cd19cabc324feee6b9de2c3a67a0f52a36aa11dd3f60c518d48dab19614a8f
train,134,RWF-2000,,0,non_violence,train/NonFight/rwf_train_nonfight_0027.avi,10617392,1dc8884562b9ff2330cc1c09f4004af4756a6551bab617956c49df44c2ee6164
train,135,RLVS,,0,non_violence,NonViolence/NV_336.mp4,826283,921620e80a975114d9bdeab9ab774be9353fb5ecdee5d04ecfec8b4ad9689807
train,136,RWF-2000,,0,non_violence,train/NonFight/rwf_train_nonfight_0006.avi,8367330,80524c68e0c16f8250787413f88156c2553d825beecf6ab311f3d08c97632d09
train,137,RLVS,,0,non_violence,NonViolence/NV_874.avi,502020,2d391fcafb596b16582077c8dae80a62ca684ca210660dd9b098154707bfb2fc
train,138,RWF-2000,,0,non_violence,train/NonFight/rwf_train_nonfight_0163.avi,5856874,8026e38e071331fdff5c8c32c5cee05e65a84829d18ff102c21628a035b9661c
train,139,RWF-2000,,1,violence,train/Fight/rwf_train_fight_0171.avi,26899968,ea20c8a831c8d2df4c4dc1ed6f43acd07033025a1b78ebd56f47d3cb2bc92edf
train,140,RWF-2000,,0,non_violence,train/NonFight/rwf_train_nonfight_0054.avi,2940362,0d416232a517aad6f2c00869d7e2c14cb87cd061f77e172b80ffcfc366228435
train,141,RWF-2000,,1,violence,train/Fight/rwf_train_fight_0632.avi,6534772,52845cf5f8cf6604fb2739ecfd748a327b2e48567cab20274fad106f37adb2e6
train,142,RWF-2000,,1,violence,train/Fight/rwf_train_fight_0356.avi,1357138,01eef4fbcddeeaf1564a73d969ae90e6a56231ec8fe523914adbb74779b9ee20
train,143,RWF-2000,,1,violence,train/Fight/rwf_train_fight_0024.avi,9405614,3b1677016315e330c4c9573cc63bc0d406510d0ba918b8e939121da8c7a9ee1d
train,144,RWF-2000,,1,violence,train/Fight/rwf_train_fight_0403.avi,8649488,1e46527e9942bfb375f3db99c000a0506ff6513b7080f42f1fa131cd93fbf745
train,145,RWF-2000,,0,non_violence,train/NonFight/rwf_train_nonfight_0432.avi,1835338,ecd95561a81ef4b1bb5e14774cba8ee2432ed9843f9ad43fab70ddf343301ca3
train,146,RWF-2000,,0,non_violence,val/NonFight/rwf_val_nonfight_0107.avi,4124848,cd10a2526dd852a30f4dea4fbf6d25dada99a560175381653bd715d59b10a3bf
train,147,RWF-2000,,1,violence,train/Fight/rwf_train_fight_0146.avi,7190340,cfbfe223c908d77c2c3e120639071cd7c9c6487ace93a8d1e88ca14cac619129
train,148,RLVS,,0,non_violence,NonViolence/NV_323.mp4,1338490,5075c67c35fb53478ca123e4b70a5df20c9c1728dcef221abae9f8cd7489fb16
train,149,RWF-2000,,0,non_violence,train/NonFight/rwf_train_nonfight_0749.avi,4301130,992ca849d35081aff8ce54f0d3cdba070c7efdec627b885dfdc38c0eae406217
train,150,RLVS,,1,violence,Violence/V_167.mp4,259262,b0a2c517a3422149bee00a802d1b7eebe97b5c91690aded6e48e3da85cfa46e6
train,151,RWF-2000,,1,violence,train/Fight/rwf_train_fight_0583.avi,4192258,dde1c138812382325455d2b8ac9a15e3b656c508b5c6808319169e4880c76ace
train,152,RLVS,,1,violence,Violence/V_629.mp4,1310373,c72a35d0958d8773d77116d01c858905385d46955a467a80166fa400ffb87700
train,153,RWF-2000,,0,non_violence,train/NonFight/rwf_train_nonfight_0743.avi,3240214,b456b05491a6c254adf077477acc4dc8a7a974127bea27bd8c96c1c9d3d9ca5f
train,154,RLVS,,1,violence,Violence/V_270.mp4,397449,ed4c2cc87292d8bc1d46a00f37fbbcaaa8fa4161ac7bae120fd61ff94be50088
train,155,RLVS,,0,non_violence,NonViolence/NV_271.mp4,1204231,f2c63a71dca0eefb965df3428d7c37bdda5c552779fc85a40aa41489141fdd2c
train,156,RWF-2000,,0,non_violence,train/NonFight/rwf_train_nonfight_0613.avi,3049870,95eb0a11c58fcb8f2d9cc45056db7739548ffde4112e1af479683981541f2a54
train,157,RWF-2000,,0,non_violence,train/NonFight/rwf_train_nonfight_0752.avi,3532892,4c357666a00c474832ed94e8a08b0b4c112f2a0a7cac556f7b3124da2ec1270e
train,158,RWF-2000,,1,violence,train/Fight/rwf_train_fight_0402.avi,3199182,3546cde77cd6c31644975faa46005736fbdddd638d104c470fd1168809570c16
train,159,RLVS,,0,non_violence,NonViolence/NV_725.mp4,642210,0333f74846c1a5b8efa62abdd301a57667697c614a3f67d3c26019fb4b89d714
train,160,RWF-2000,,0,non_violence,train/NonFight/rwf_train_nonfight_0380.avi,10908780,d12b46ca9d7ae11e86ea5e607aa9a4c890cd8c91f2998317fe81b87b20051faa
train,161,RLVS,,1,violence,Violence/V_832.mp4,1437067,5346dd9095c5da1c8723a65e33730fdc8edb9d40261a9126fee98cf08936cb38
train,162,RLVS,,0,non_violence,NonViolence/NV_142.mp4,593956,846412d7a6f0530cdf3aae3beab341b65b1084c7488803ae27e04b0ddb73a944
train,163,RWF-2000,,1,violence,val/Fight/rwf_val_fight_0022.avi,4754240,8b5ca15f23431fdfe48456e937a88940863869b3d5156c224617db5b68ab90b2
train,164,RWF-2000,,1,violence,val/Fight/rwf_val_fight_0172.avi,8800568,231a6bdd0f6658a2f499cbe435f17c62731856cf42e0b2097aa624b0cd4a5659
train,165,RWF-2000,,1,violence,train/Fight/rwf_train_fight_0550.avi,5903766,4564abf0c0dc98651faf0cd1580f1f04e41831426aceaa390cba614881b5aff6
train,166,RLVS,,0,non_violence,NonViolence/NV_759.mp4,372457,03dd7e98dc49f032c9ca1ae0c4ea3e27d7621bed245ca133bca7af5b27ab8098
train,167,RWF-2000,,0,non_violence,train/NonFight/rwf_train_nonfight_0440.avi,3207938,19bd51ea3cc31a457c00dcc4f9a8c49a044d5d1c595423b0b22a217b0ebb0721
train,168,RLVS,,0,non_violence,NonViolence/NV_576.mp4,508198,cc9b67433d5f03e9d305c8f54b79c88823e038c56e560292f1349145dbc2ffe0
train,169,RWF-2000,,1,violence,train/Fight/rwf_train_fight_0033.avi,3160080,97798b3eef590be949b7964a482315a5ad730c18f5433f83d8aa1cefc321e40f
train,170,RLVS,,0,non_violence,NonViolence/NV_166.mp4,426236,c81c3e9f00d6c1af9a12fe224c905a7858c3e06b5b448c62cd7bce6c107c4bf4
train,171,RLVS,,1,violence,Violence/V_194.mp4,381764,614b09583ac5bf4fa2f6aef6c2daf08678e90a6604acaade5f2f363b9bb6091d
train,172,RLVS,,0,non_violence,NonViolence/NV_244.mp4,571548,ce98cf0e2e72c892862fb479ce55926665e4f31cf211b6abe65689f6c8b01cac
train,173,RWF-2000,,1,violence,train/Fight/rwf_train_fight_0519.avi,10978104,e9cbaee1ab3ca95c1956c0edd1cdaedae458592a3e1c1bddb8c5094517f7385d
train,174,RWF-2000,,0,non_violence,train/NonFight/rwf_train_nonfight_0300.avi,3098234,05f4e7ff6e10c2e3272b1235bc2e078c47a5daff833397b4eb187f035d08d7d3
train,175,RLVS,,1,violence,Violence/V_896.mp4,479427,cd0384d0d93da7c1a436758ed542e4b445bb5f8a594dde63502c60684eb6df50
train,176,RWF-2000,,0,non_violence,train/NonFight/rwf_train_nonfight_0081.avi,12179886,b22a5b1117085790f0b8b53564a0b25cdb854699eecf6e404e3b258549be3517
train,177,RLVS,,0,non_violence,NonViolence/NV_417.mp4,218027,1b227d9ec738690e624b90fbe3411671c8ce0d190f6171d211dca2f7523ed864
train,178,RWF-2000,,1,violence,train/Fight/rwf_train_fight_0231.avi,2616424,782b18835a20be798b6d3e971f9063355d8238da363f35952a20245ffc5a3265
train,179,RLVS,,0,non_violence,NonViolence/NV_301.mp4,454198,a599a29a73e941debfcc8d852f77480646d3520df3b1d4a6a1d785d6941a0aac
train,180,RLVS,,0,non_violence,NonViolence/NV_692.mp4,735461,b9859f4c7c95b6f04fa1404b8dfb7ae5700c69fb62afcf4aa75f52bbfdcf346a
train,181,RLVS,,1,violence,Violence/V_828.mp4,1705244,9fcc3e031a828c06cb31aa2338d6a553e700fc9f1c088fefd88bffb942041a12
train,182,RWF-2000,,0,non_violence,val/NonFight/rwf_val_nonfight_0015.avi,3579024,6f17e89e94766f2be817a9f672a575a32a017c1046a580b82a30bcb1946a6d50
train,183,RLVS,,1,violence,Violence/V_518.mp4,552757,ebd59ebd8a5f866d15c3cc4e8651e04edbdeaa3da5222b65c470d997ff075219
train,184,RWF-2000,,0,non_violence,train/NonFight/rwf_train_nonfight_0139.avi,9654538,75377dbf7e8ab83bf0d5c7368dda5e1531e7b8b900eed00eb5705686e06542f3
train,185,RWF-2000,,0,non_violence,val/NonFight/rwf_val_nonfight_0179.avi,4649772,06291692184d2a65de3b1815e84590669a6ab56af5fd5bc053a00f8be5720dee
train,186,RLVS,,1,violence,Violence/V_746.mp4,889110,60efa9c9e74c533e7148406f49dcb2e0db7fcfa87fcddff5b42dafb060ffc1d3
train,187,RWF-2000,,0,non_violence,train/NonFight/rwf_train_nonfight_0699.avi,2828864,b545ace1307c4997b018d994311f26dd71267362ee4fcfcf6834d9d729510f6c
train,188,RWF-2000,,1,violence,val/Fight/rwf_val_fight_0186.avi,3502798,0b7c86a9fe90cb47a0066fcf72565f26caf598295f5b254f2a4e944027b8c8c2
train,189,RLVS,,0,non_violence,NonViolence/NV_245.mp4,431390,568c0b31fe6c0de569cf967be7aee014475e6eea6efc15683b58e81365085a28
train,190,RLVS,,1,violence,Violence/V_383.mp4,318720,d03f8f18135c7ec09b8b6127b006e6da9a501daafde76161a170055bc71a7b25
train,191,RLVS,,1,violence,Violence/V_497.mp4,1647912,004d417a5d14d28e15032e5a66e902a47566641c0582805c51446f98d3b980c2
train,192,RLVS,,0,non_violence,NonViolence/NV_293.mp4,1977828,369655ec6ba69ada6f638004be1fa1d96bd0b4218d5c9c2da337c6ae5084b5fe
train,193,RWF-2000,,0,non_violence,train/NonFight/rwf_train_nonfight_0444.avi,16367510,9004b8a4ee601d292c739eda6184d3554ebe07bbd72916a7c4aafdd2159afa2c
train,194,RWF-2000,,0,non_violence,train/NonFight/rwf_train_nonfight_0648.avi,3726694,19578c7f90ead1de57139250fabb6be4cefc8df9c53657e6de14c6e824cad084
train,195,RWF-2000,,0,non_violence,train/NonFight/rwf_train_nonfight_0121.avi,17937980,3918342d6cb32b058161cb9dd4cf8f9a198ac95c2e2fb453bca833a8e56f41fe
train,196,RLVS,,0,non_violence,NonViolence/NV_308.mp4,1012094,18a7186fe2741aa4b4b860cb60c9baf093fe394c5b6429a188519c051f8a726f
train,197,RWF-2000,,1,violence,val/Fight/rwf_val_fight_0062.avi,3375484,0de797c314484ec8a84d5ae78f2cb6f58916c2729a7390dce06dd8ab738f2511
train,198,RLVS,,1,violence,Violence/V_557.mp4,1332699,7c4304af7fd5b49d9396375032cbc087a9959e2cc3ad27ac5c6bfc59521274eb
train,199,RWF-2000,,1,violence,train/Fight/rwf_train_fight_0526.avi,2001164,0da5404348deae850d08af217f18a34e0c5fe1111212b47934faf9abdf3b8f36
train,200,RWF-2000,,1,violence,train/Fight/rwf_train_fight_0654.avi,15515000,1f15f379d43295dc71ce08cdf8b1ed9d00ffd47698f61af26e830e51a68f4f1c
train,201,RWF-2000,,0,non_violence,train/NonFight/rwf_train_nonfight_0605.avi,8833866,18dfe26b5e99631e2726d27c61ae282a8548defb54d8cbba7d2834a5f502a512
train,202,RWF-2000,,0,non_violence,train/NonFight/rwf_train_nonfight_0390.avi,1484296,c929d095aa2f4ce50c5307b253c56ee469b83c4c5bffdeceb54fb3e76dced9c1
train,203,RLVS,,0,non_violence,NonViolence/NV_754.mp4,253426,67cc9628e16da8603fded1ff861d6ce9a363a70d567a73f596ec82e337f9c9d0
train,204,RWF-2000,,0,non_violence,train/NonFight/rwf_train_nonfight_0286.avi,2712970,b0a76ed634fa599b3b014abcfbc96e8a2a0abef125845f5a1c2136c5496516bc
train,205,RWF-2000,,1,violence,train/Fight/rwf_train_fight_0314.avi,2855578,b57df7725668df2b40a4cf92f2d73824988adfa5809986011d369c1bd517294f
train,206,RWF-2000,,1,violence,train/Fight/rwf_train_fight_0441.avi,9411006,9669743dbd966fa4c43b96c83523c02f7b5ac21818c593008c64e4f558300ea6
train,207,RLVS,,0,non_violence,NonViolence/NV_529.mp4,276994,af9fd97bb996c0cc85f4ef9a4eb62647d8e6ddee099cc7d953a0b858d5da2858
train,208,RWF-2000,,0,non_violence,train/NonFight/rwf_train_nonfight_0392.avi,3039250,515d767e51d5227373a7e0ed9fed948c5261c80b43774f4856a8a63717eb3cd7
train,209,RWF-2000,,1,violence,train/Fight/rwf_train_fight_0022.avi,9962064,57a1b0537599c8ffb01a73baeeb0ff5c91028c6eb7a0e051055f61f4455debd8
train,210,RLVS,,0,non_violence,NonViolence/NV_196.mp4,869166,3f23b89449b6a57237849d118972176dac1ff9da6115bff879289bd81fe477d7
train,211,RLVS,,0,non_violence,NonViolence/NV_825.mp4,770731,4ae4c8956d8b665151051bc633b95f5539fe427e0a4fb1de13d435b1a199a9d1
train,212,RLVS,,0,non_violence,NonViolence/NV_498.mp4,346538,ba9eec39ab96580d00fb0957f9ba6156b137b4ee05fda086c095810b7dbc2d0f
train,213,RLVS,,0,non_violence,NonViolence/NV_81.mp4,646544,5c74ac5d1889395af5fe62adb0b95f159b72ca02418f7bb8c72ebb6469aff0cc
train,214,RLVS,,1,violence,Violence/V_535.mp4,1413068,db051a88d960269ec8d6fe5920a04bafc77d3fce8a96c170674345cb50b5e494
train,215,RLVS,,0,non_violence,NonViolence/NV_205.mp4,737224,38f874dfb19423b338427759cca58f41967ddf8ab551226f2f02bac3f84ede6b
train,216,RWF-2000,,1,violence,val/Fight/rwf_val_fight_0033.avi,7840054,a8fa69d2aee1b75c36a7574059ae813a99b0bbaa382a4fbe107e64a074427317
train,217,RWF-2000,,0,non_violence,val/NonFight/rwf_val_nonfight_0173.avi,4005104,818c8e11acba6e1ca0a8a4639398e4a38ba46e35320ddf6348b5dbd2fed70293
train,218,RLVS,,0,non_violence,NonViolence/NV_67.mp4,990310,9d778c5c8ecd6c1c50236b74bba1dd0f36818bdc2f0220aa54ad2d6d5c06f989
train,219,RLVS,,1,violence,Violence/V_2.mp4,3208792,a3c02d9edb9f0f877900bfffb4195990fed6e689f847e403308f1024986e7c1b
train,220,RLVS,,0,non_violence,NonViolence/NV_589.mp4,285434,62ffbd6be2b23d43d4ea5db681cded5489b31535e09cf5ae2d7121e7ac90b557
train,221,RLVS,,0,non_violence,NonViolence/NV_104.mp4,1184510,91071a9984e741cb9bcf7575a3594be1e968bf4a9788ad3c0915b78b637f41d3
train,222,RLVS,,0,non_violence,NonViolence/NV_307.mp4,685467,a8edb9e60cb35b047de0583a67f1854dd91a02fe80d588745ff53cd0c606ae23
train,223,RWF-2000,,0,non_violence,val/NonFight/rwf_val_nonfight_0122.avi,9182020,eaa7bc62497cc094f32228de9f9a8848af2d33cdf7e2f7af0ec2484513b6fb4a
train,224,RLVS,,1,violence,Violence/V_369.mp4,1924351,44b483f496dadd10e22ecbfc5ccb72163598f2f656ddc5fbfc0013e40ed1802c
train,225,RWF-2000,,1,violence,val/Fight/rwf_val_fight_0076.avi,18487648,39fbd341523a6c7e695b48998869aed1cdb66be9c3c6110b72f335d00135d55c
train,226,RLVS,,0,non_violence,NonViolence/NV_143.mp4,426270,8e971c26fb3d2ba3d0e2bfd3fc034851ed60cdcbc0c3759e7e012d3986ac16b0
train,227,RWF-2000,,1,violence,val/Fight/rwf_val_fight_0100.avi,4120674,2702d121f98730317baec4e1b74178d96bab7b807c4cd04e27337fd6201cc5cc
train,228,RLVS,,0,non_violence,NonViolence/NV_406.mp4,228957,2e01dbc32fcf4e37ae9391d31bb4e2ac9e0e9d68443ae4a0eec1d4135f646c08
train,229,RWF-2000,,1,violence,train/Fight/rwf_train_fight_0419.avi,6890720,3a2fad889ab9e49839816a33f36a7db1453647a0e6fa5fa8099d07b7d60f31da
train,230,RLVS,,1,violence,Violence/V_318.mp4,1935315,a6a3727912e059d2bf95d477dae5208b9ed630ec837d02736f8d380d9fb4a0c3
train,231,RWF-2000,,1,violence,val/Fight/rwf_val_fight_0132.avi,8834686,93f332674bf87cb1a82db6823cfddd1be995f4643a757df148dcdc5fdac2e99f
train,232,RWF-2000,,0,non_violence,train/NonFight/rwf_train_nonfight_0066.avi,20069536,15c8e021c77f0f97bb388b9d849eed2783c2a5cd17e9824b918bc1aa578e73c2
train,233,RLVS,,0,non_violence,NonViolence/NV_502.mp4,505966,5db3338add83b804c7c6821861fe7d07d0ea969b3804d3831336fc88ecedef41
train,234,RWF-2000,,0,non_violence,train/NonFight/rwf_train_nonfight_0499.avi,12272252,e9fa4053ee5cafa5212e91c98529f6b2517111558a263d465dfb7d2f5db13d8c
train,235,RLVS,,0,non_violence,NonViolence/NV_372.mp4,217175,bdd6e4759827880b2e4ac61e4e0721c84f008e71a52b5bf51bb5a4c2a4f465e5
train,236,RWF-2000,,0,non_violence,train/NonFight/rwf_train_nonfight_0459.avi,11355712,1a789b359c7d279f01febbb510dcaf69a0ebc612df92221c0b791629154b2849
train,237,RLVS,,1,violence,Violence/V_512.mp4,494918,d217f62ea386c62399a3c4565a214de05e6912c2c9a6380768e9925ee00abc63
train,238,RWF-2000,,1,violence,val/Fight/rwf_val_fight_0037.avi,5789978,38962ec9acd897ec5dc636bb24e550b6312e1d4e7e4eb3c3de2cbaadb3d4733d
train,239,RLVS,,0,non_violence,NonViolence/NV_727.mp4,738861,a7d34fefb48503ab2bf1342cf6aa6a2794e267a9fe183f476e491761f278ec33
train,240,RLVS,,1,violence,Violence/V_939.mp4,327936,87a78f78aa8e1b2d8d87b13209f4eac213be80832b646d3f4b881655f81e56c8
train,241,RWF-2000,,1,violence,train/Fight/rwf_train_fight_0245.avi,5076444,945346fd43a52093b66c186ff3eff2f162015502f36653235400c34b6d54d82c
train,242,RWF-2000,,1,violence,train/Fight/rwf_train_fight_0372.avi,9039284,a8b742c34592c70757a44ba6a4b1f80a327e61dc960137c5063d6959fed5f08c
train,243,RLVS,,0,non_violence,NonViolence/NV_106.mp4,561880,cb858decbbf88881abe8802f206726574a2aadf729646ac14a9ac9072c82cbca
train,244,RLVS,,0,non_violence,NonViolence/NV_425.mp4,202087,f16ad41748a231542458e32b46d215af291646500b99253ef81f72d8e45e57a4
train,245,RLVS,,1,violence,Violence/V_862.mp4,805421,6f565b171999db23bb429b0a4c69b6d99e07f38d26e535ceb51c7868571af0b4
train,246,RLVS,,1,violence,Violence/V_548.mp4,1839034,f96078d51d25994e4c148d82ebbf6bb2450d5531b99016b402d00eca9baa3b52
train,247,RLVS,,1,violence,Violence/V_109.mp4,318776,daa89098104d4968b66f82fc44fb26fff61ce409f5b34194c0be95dfe0ce6fdf
train,248,RLVS,,1,violence,Violence/V_304.mp4,2300659,6674edd8e20f69b2ca6505329c0eafe00804ed880ea5206d390891ceae9820a2
train,249,RWF-2000,,0,non_violence,train/NonFight/rwf_train_nonfight_0374.avi,6942060,6e2fe824deee3669e28bdab75eef979036dbfb2aae0c3992003d016268a9ad90
train,250,RLVS,,1,violence,Violence/V_692.mp4,882746,c1082a774f1ac08aa885ec290f9bd5b5e9481d64b7f975936af32ae79081e734
train,251,RLVS,,0,non_violence,NonViolence/NV_974.mp4,1688683,c530414527a38aa1b5546732d0ff9d68de6fffee7194ee52b2e35f704e6dad43
train,252,RLVS,,1,violence,Violence/V_111.mp4,271696,b34b31d9bd53b001ae13610d68f230fa372048d766488108be853493b86e8edc
train,253,RLVS,,0,non_violence,NonViolence/NV_480.mp4,297804,83063054f8aa52d648fe2f9aec62b3667baa6ddf56379f38250beceecaa0999c
train,254,RLVS,,1,violence,Violence/V_938.mp4,452349,e2cd0752fafbeb238a9de83da41f5c2aa151406d66dd67871563baa1a980a72b
train,255,RWF-2000,,1,violence,train/Fight/rwf_train_fight_0404.avi,8786388,beed5c7a8455996b4ef811e5bc328c60922b903363a00fb3c9e8ad93345d160e
train,256,RWF-2000,,0,non_violence,val/NonFight/rwf_val_nonfight_0170.avi,3204386,39a21512503c37866db86725aec2b36bdb6519cde71221c5798077e50234a1fa
train,257,RLVS,,1,violence,Violence/V_975.mp4,457135,68fea8b640d29b56ed917b8b53f21136a7799f46f49c02abe866b684323ef7e9
train,258,RLVS,,0,non_violence,NonViolence/NV_807.mp4,1331672,fbaded6f23188acfe0940f1a64856facf4807101dd326a0aa0cf5065c9bf2cbc
train,259,RLVS,,1,violence,Violence/V_742.mp4,372300,5381833c5c7ca947df472bab17a6c816901e534d543fa56854af93f2aacdf9e0
train,260,RLVS,,1,violence,Violence/V_480.mp4,580888,ebc786416031fc0a344e151aee04759d666f088f187361d80f822021272de9dd
train,261,RLVS,,1,violence,Violence/V_684.mp4,1138930,4d3f124c9084372fe8a56f3c24da695a8a826985c1575b9e20281f64f123fa33
train,262,RLVS,,1,violence,Violence/V_246.mp4,700132,7cf0dbf6ace642a0587a60d344b28907a986116cebad51237aa4a4abc52c8306
train,263,RLVS,,0,non_violence,NonViolence/NV_742.mp4,309872,88d9c5a1bd8c6dab548f6b3311627204c8331081e2e99e1df4a0d7a1eb32a086
train,264,RWF-2000,,1,violence,train/Fight/rwf_train_fight_0655.avi,15257732,2221be69fcaf331dd52390b5d4ce734b7ef22fe916a543e404ca7383bad99f81
train,265,RWF-2000,,1,violence,train/Fight/rwf_train_fight_0308.avi,14566390,1d817554f94b7697ab96fcdd721cdb375f592edf8136993a4b074f06c8f882e4
train,266,RWF-2000,,0,non_violence,train/NonFight/rwf_train_nonfight_0405.avi,3307510,495a77d2534d19959ad0ecdf44c2b23b1f6165741c571254d28a4a9108e6f0d5
train,267,RLVS,,1,violence,Violence/V_694.mp4,875121,f15b79ec49759c4d3fa74fde7c5d4c47d54845fafebda6957035900b23c2414b
train,268,RLVS,,1,violence,Violence/V_839.mp4,1272595,e2c9bbedaa25c5e005fba1b2e133629cb09ac6c8af0daa57061f6ad91ce276d5
train,269,RLVS,,1,violence,Violence/V_911.mp4,404457,1e0bf50b55d80a6fa5244b73901d3f158b472eb1b8f71fd9c1f9e3d2067f0990
train,270,RWF-2000,,0,non_violence,train/NonFight/rwf_train_nonfight_0534.avi,3091264,16a3a42bc8fa7ee139543466813187e7327be9d6b73edbb2da03dbc47e8fdde4
train,271,RWF-2000,,0,non_violence,val/NonFight/rwf_val_nonfight_0162.avi,3191226,eae621579cbfd580b42132d9e1694e85b3b00902ba99d02303a9c71834122e96
train,272,RLVS,,1,violence,Violence/V_714.mp4,979677,7a47d462ad071e1aa8573c07871bd402958b9878db148ca299d2abbec59b843c
train,273,RWF-2000,,0,non_violence,train/NonFight/rwf_train_nonfight_0410.avi,4026964,2b86265442185eae11252003706cb8587d27bfc8d1bdeb5757ab987fbed49628
train,274,RLVS,,1,violence,Violence/V_913.mp4,351539,a79b2335fb74840e9d55ad2648f108ec4b5e9aae35aab78b51a79de84c2499a2
train,275,RWF-2000,,1,violence,train/Fight/rwf_train_fight_0658.avi,25017594,1f4b126a269f9425cfb9ba582d885e5b2378d3034db86813c2ac91371942f841
train,276,RWF-2000,,1,violence,train/Fight/rwf_train_fight_0606.avi,10511846,f50bdfd29d20833ac2d0c54375b96b682395f7c4fafc1321e1ec1cba692ed68b
train,277,RWF-2000,,0,non_violence,train/NonFight/rwf_train_nonfight_0302.avi,8465970,425ddc3d57da2e405f26587eda725d1f41878f9f70d51b5b326b1d29347015a4
train,278,RWF-2000,,1,violence,train/Fight/rwf_train_fight_0073.avi,12154292,dd9897efdd778ef816f2441aeaf3e19a538652482c4dcb87b97968a45f1d323a
train,279,RWF-2000,,1,violence,train/Fight/rwf_train_fight_0397.avi,2643030,28f77b1753a8ae8a03904f1f7470a88c889b6b1b3eb637a578bcd4d1ecd0a002
train,280,RLVS,,0,non_violence,NonViolence/NV_444.mp4,73412,cee7930e72b5a5926735c1f0f9b031de65836604ff08aca43a98222f35bc7f35
train,281,RLVS,,0,non_violence,NonViolence/NV_975.mp4,897697,b32e1d39618ddfd86dab79ec47606a1d2a052ab3a903550edb7fcb74ca56b54a
train,282,RWF-2000,,0,non_violence,train/NonFight/rwf_train_nonfight_0418.avi,8206742,f43399e450713b5d6152e3fe48543b3bcb094c2fc8878efb88e3f3e33b5ba0ed
train,283,RWF-2000,,0,non_violence,train/NonFight/rwf_train_nonfight_0203.avi,10732430,519c90171097f95bec275447ede76aa44c7a52e318ffd53baeee126238b80f76
train,284,RWF-2000,,1,violence,train/Fight/rwf_train_fight_0741.avi,2182280,a5532747eee1d363b70e00b0ea1b757b21311eae5e6b3a90a5607c1ab9c12653
train,285,RWF-2000,,0,non_violence,val/NonFight/rwf_val_nonfight_0178.avi,9635050,d7589af8636d17bf65a6bb7779b32df195a62c126e307e339890034ba91b7bc5
train,286,RLVS,,1,violence,Violence/V_527.mp4,2139799,74880fe76aa7f9fa1d1802d3d2542dd8fba5e63f81aa7f551d0f54c35207cd3e
train,287,RLVS,,0,non_violence,NonViolence/NV_678.mp4,816823,79721493f2e407fe6e2e8806b431af59cbf302c68ebd66550b233212759e0ece
train,288,RWF-2000,,0,non_violence,train/NonFight/rwf_train_nonfight_0347.avi,2567450,95f3bf5c6e6d958a2a2648a4034517559ae0892f1e1d97cb47223c310a566486
train,289,RWF-2000,,1,violence,val/Fight/rwf_val_fight_0003.avi,24872152,b60970dca79f7186ab0cc83303b30c64f02c53964a719c7c98dcae5be7e18c44
train,290,RLVS,,1,violence,Violence/V_646.mp4,4783146,faa5b0908a06073c42139a14c6e2f10eb6c20ff72c1c22a746cc1aaa05aed7f5
train,291,RLVS,,0,non_violence,NonViolence/NV_29.mp4,1154724,056385dcd74a52c6a29ff95bcdbc6b4a7ede048b002bf91768d72e0e4bb9fc89
train,292,RLVS,,1,violence,Violence/V_73.mp4,579393,4e4e355e204213296140a9845a8a389472f27a2e1536c626f861a0ee964b2adf
train,293,RWF-2000,,1,violence,train/Fight/rwf_train_fight_0018.avi,9505856,01098e0fc40e22542ca0858b30894c41f36a9b6cc99b0130101fa7cea3b56068
train,294,RWF-2000,,1,violence,train/Fight/rwf_train_fight_0050.avi,1422502,7567111cca17bcc49d72df480f4a38d1f7c5640a2ab7184ae92964ee84ecbfd4
train,295,RLVS,,1,violence,Violence/V_883.mp4,348273,505f60289fd37478b9f7abd307f9f1a2264173ea09ebf7d46cc10c9ed395c8c4
train,296,RWF-2000,,0,non_violence,val/NonFight/rwf_val_nonfight_0181.avi,3665048,73af22960bb0ab55a71c895d96f0a1491a8998b4806b6a1e2a2dc1678619902d
train,297,RWF-2000,,1,violence,train/Fight/rwf_train_fight_0025.avi,9354350,a0f88caf83acfe4c551bead12e22ffaf471ccea51dfe5b078b2cd3cf8599e8d4
train,298,RLVS,,1,violence,Violence/V_37.mp4,1633840,99270b6c4bf2cebed88a8a4e1afa2dbc939ff2430c30ae8a7a8dabffedb74f6a
train,299,RWF-2000,,0,non_violence,train/NonFight/rwf_train_nonfight_0628.avi,4515336,185bcf24782c7026b9adcfc280b3c8cb28424f5352a2ea05c45d9335fc648858
train,300,RLVS,,1,violence,Violence/V_485.mp4,743943,02b4be4a1baf86d6dd65432fc55de8534ce39c43141b6832ffb1deb34dceac15
train,301,RLVS,,1,violence,Violence/V_277.mp4,2661599,d99a70b6fdc3805d959f3a2be5ce522e46288edcd9d96a15ff062f173ec7f0d2
train,302,RWF-2000,,1,violence,val/Fight/rwf_val_fight_0055.avi,6276558,fa6222f88fcf2a586f3ddb54c2747d0e660d657df0be6eb62cecf58b8a42e0c1
train,303,RLVS,,1,violence,Violence/V_407.mp4,2645329,e851aba4f7356e84c2130d53c87c345bbe86064c8c0af853de3604e6d3bbdfff
train,304,RWF-2000,,1,violence,train/Fight/rwf_train_fight_0524.avi,4539364,7b753bcfa472b20bdef2e5d6522b8a18b5e27d6dafb7ce1eb2763d5de22645ed
train,305,RWF-2000,,1,violence,train/Fight/rwf_train_fight_0656.avi,2150482,e4ced4d1eb97207f120ca9ec323d5877d5f5db59dc5398723c7620a791f7c880
train,306,RWF-2000,,1,violence,train/Fight/rwf_train_fight_0790.avi,3925990,5561ba5284a1049ef6c937e9e2aea621936605c9028f059d7da875e989784124
train,307,RLVS,,1,violence,Violence/V_367.mp4,1450786,2d29fd7035ecf820ac0ab6ad4cf053a4d70e7086a32d581d1662b89123985d8c
train,308,RWF-2000,,1,violence,train/Fight/rwf_train_fight_0151.avi,15489650,d170aeb4489c81ed4d64467fe3caedae1750c55173f84f7d78f2e308dfb1e4a5
train,309,RLVS,,0,non_violence,NonViolence/NV_898.avi,1085350,e0f77dc1e002b633bcbff7e715d00f96716eac15a0d2d2ea7f47364375217153
train,310,RLVS,,1,violence,Violence/V_641.mp4,4665044,498a84ffdd4022838ebe5546ffc89d8098d7d40f76319472922d200f5eb444c2
train,311,RWF-2000,,1,violence,train/Fight/rwf_train_fight_0788.avi,2042300,e98245403bfba0a58bc48d7ea865dea0ed175cf416d3b404d999c73d782da403
train,312,RWF-2000,,0,non_violence,train/NonFight/rwf_train_nonfight_0096.avi,2546940,e841c3c8b4c1b8fe9016ffb860f5cf90528010fac1252c313f9b6fcaee6814ca
train,313,RWF-2000,,1,violence,val/Fight/rwf_val_fight_0110.avi,2856426,06c860dcfc461f74e9d48add2ab53947d500dc1cb1bce99b292478d8a4a959ae
train,314,RWF-2000,,0,non_violence,train/NonFight/rwf_train_nonfight_0520.avi,4469760,ec0644c9c330ac8f00c066900aa71c9f0bed9065b0f398373e5eced54147d88e
train,315,RWF-2000,,1,violence,train/Fight/rwf_train_fight_0248.avi,2015600,acd02a7ec909e6c211ffddb9b8c11381a106d7422cf4b24d4d06264f61cf7911
train,316,RWF-2000,,0,non_violence,train/NonFight/rwf_train_nonfight_0004.avi,1376482,324949a0315a9b7273cc244d2d4a86ee9583b0e787751382e8950c6c2a0d5205
train,317,RLVS,,1,violence,Violence/V_319.mp4,2345762,9b6e62d0b9ce1b2ec453e2e73c71dbe89b07a551888f2e19fa22e4d0a2854480
train,318,RWF-2000,,0,non_violence,train/NonFight/rwf_train_nonfight_0694.avi,2069982,509d311d28f943e2b9431288be51865558444b0171d2b405c2b16409fb52808b
train,319,RLVS,,1,violence,Violence/V_382.mp4,500442,6925245333efbc120d39ef9ece16716adaeb8905f5c6f9d8f4e9547d66b131b4
train,320,RWF-2000,,0,non_violence,val/NonFight/rwf_val_nonfight_0002.avi,2647220,b49f4d315d1c65b30e0a240ce382351409c70d397694de46f132e1eec60c1378
train,321,RWF-2000,,0,non_violence,train/NonFight/rwf_train_nonfight_0343.avi,8181514,e6a63989f2830edafc982dc8cff8a15a74bda1f61173d77d57c59591226e1435
train,322,RWF-2000,,1,violence,train/Fight/rwf_train_fight_0181.avi,1342508,75d7af41673a3af8ff2cf611f9df6e80f85d35e9ce59e6ec672742150a5eef3f
train,323,RLVS,,0,non_violence,NonViolence/NV_27.mp4,1708706,992382c47f49ffe960ab3f609d48d4e2049490e44c048b4ef6c10f843e8fefaf
train,324,RLVS,,0,non_violence,NonViolence/NV_945.mp4,1022209,7e9e34e104f74e35e527ed030229284f6bc30553756ec0703d881032295262de
train,325,RLVS,,1,violence,Violence/V_116.mp4,1273175,a4694e0a9fb999171a2c9ce51fa8216318b1be9214970bf80f047cbeaf699ee3
train,326,RWF-2000,,0,non_violence,train/NonFight/rwf_train_nonfight_0030.avi,10175628,815329480aabed9119819155417d2a9f25cfeabef417dc93e8e53c440ada76d6
train,327,RLVS,,0,non_violence,NonViolence/NV_282.mp4,1193854,a69a93b753d63a00acd2865d6c2229f0de0a039b9c864415c7ac8afcd6fefc83
train,328,RLVS,,1,violence,Violence/V_764.mp4,2256286,7662a690be61b4094f83c01d6f9dd44a145995a253abdad434d5cabb7dd8b76a
train,329,RLVS,,1,violence,Violence/V_415.mp4,703763,fd09d1e9fe01b25657dd1d1cfcce5c94ae5c5a674eb5a0df11284f3086a869cd
train,330,RLVS,,0,non_violence,NonViolence/NV_508.mp4,550760,6a18a584840e8263cea1c330e2965964b505e2fba9c32aa91b44855b62d6611c
train,331,RLVS,,0,non_violence,NonViolence/NV_96.mp4,969502,19090b81f26d35bd1fc6710222839f4b312fd8bbd06b24a33a7fd37b6f2fb61d
train,332,RWF-2000,,0,non_violence,train/NonFight/rwf_train_nonfight_0426.avi,3079520,69a0326b00c7a6e7522abfacd68bfae8aa71f0a799ed549f8551801d9d11b3b8
train,333,RLVS,,0,non_violence,NonViolence/NV_33.mp4,816342,19f93946de642aa8a7ca118c570bca37d3ac7849eee4475bfbf2775424bd37b5
train,334,RLVS,,0,non_violence,NonViolence/NV_283.mp4,890765,566a0ecbc26380d1b4e0b46643ba50041897b01a933b3f56276e2c0d4764f23a
train,335,RWF-2000,,0,non_violence,val/NonFight/rwf_val_nonfight_0151.avi,1544000,93d138cc020004bab97ebcaa2093b9f2b3aee0c19ffae4dbaee8779e8731c45f
train,336,RLVS,,0,non_violence,NonViolence/NV_56.mp4,1173042,ade532e1b81470a2fe03843a9a32e41f048ed16422cbfcfddb68601c97bd8e43
train,337,RLVS,,0,non_violence,NonViolence/NV_902.avi,520778,5df91dd03196bc8e2f05271e8eb67f286fe2c167bb62696dbc5ed3aaecdaeab5
train,338,RLVS,,0,non_violence,NonViolence/NV_454.mp4,242854,a6c8d3497336fbe2703248268e63ed06fef693b83995b12b0d791111d3d7f042
train,339,RWF-2000,,1,violence,train/Fight/rwf_train_fight_0634.avi,6441878,acde9af60dbdf3df5fc6294245fede32860836dbeea99753edefdb80b4a6ec33
train,340,RWF-2000,,1,violence,train/Fight/rwf_train_fight_0107.avi,17763218,ca6274a2d00ebd148365e93efd5935e963bbb791f73632c67d4afc1ed51de44a
train,341,RWF-2000,,0,non_violence,val/NonFight/rwf_val_nonfight_0197.avi,14548846,4df5451c32fc52074923c1c033513e6d7b1e88a5afa20261e669a0dcde964ad2
train,342,RWF-2000,,1,violence,train/Fight/rwf_train_fight_0249.avi,2478944,1af2f0cef6f92377a64d8ef2a17e270dbeca98661dcb2b7ad2a342f613766f5f
train,343,RWF-2000,,1,violence,train/Fight/rwf_train_fight_0780.avi,7746858,2e7ef62526cae5b739a9cefbc0117bb777250853ea89ce95ad0b96c66c00e279
train,344,RLVS,,1,violence,Violence/V_916.mp4,383398,d212860631b5398176656ad6642e33dcfbbb4565e8b2b3ddbcc859bf81501838
train,345,RWF-2000,,0,non_violence,val/NonFight/rwf_val_nonfight_0194.avi,2369006,cc5d1ba5e876fa442489bc6b854d6a7ceae94e83b12017558b500c684f08d83c
train,346,RLVS,,1,violence,Violence/V_861.mp4,1272031,440961e992874c0254806f0d192126693ffbd9ed6a36000796b27125e68aac05
train,347,RLVS,,0,non_violence,NonViolence/NV_50.mp4,791954,62a25d6ca3d51d422ec050b03418d4c945c1f78abcab46802d6769a33f8e95bf
train,348,RLVS,,0,non_violence,NonViolence/NV_73.mp4,536160,282398dacc832e772cdee6f8b14a03a8150900cb1d48ba714dbc6e606a0f96e6
train,349,RLVS,,0,non_violence,NonViolence/NV_62.mp4,523200,2f7c0f5d4548fa028696c35a943c81cd00d66c27420f6fb0ad136de3b83e52a9
train,350,RLVS,,0,non_violence,NonViolence/NV_180.mp4,744040,7d06b39e910252f0097200a059ea71babeb52680e3d4ca6c12eafff6e3a35d53
train,351,RWF-2000,,1,violence,train/Fight/rwf_train_fight_0118.avi,7192804,569a3b83dc401a675f7a4100275d0274bb3c38d758a810840013432780b5486b
train,352,RWF-2000,,0,non_violence,train/NonFight/rwf_train_nonfight_0566.avi,20727900,fa46843e8d956aba7b81be48641297255e1fb1a150e46cd18759ea6318b2b2f5
train,353,RWF-2000,,1,violence,train/Fight/rwf_train_fight_0462.avi,8825002,b1f72c2518200d3c8dab28624544e396b1502fc91c6697f8d21e860d65cb216a
train,354,RLVS,,1,violence,Violence/V_43.mp4,1458362,f4b542d7f1bdcc07047af3d95860f085fce2f2713fd2c5af63aeae670ec57a76
train,355,RLVS,,0,non_violence,NonViolence/NV_793.mp4,790096,3bb9a14b8620566416ba7a790bc05d4ade21d93d458d1e1ebaaae83fd25893c1
train,356,RLVS,,1,violence,Violence/V_737.mp4,351809,1e23bcee64b4c3d95c8254cf52a020ebc97d6302759c1d4672802db17bddb364
train,357,RWF-2000,,1,violence,train/Fight/rwf_train_fight_0382.avi,5520494,5d1af7d42bec679721fbc9b80f78048c759d1c55d9abdb5672fc246a0d1a1852
train,358,RLVS,,1,violence,Violence/V_477.mp4,611177,d00cb03aed625483daf2f924cc7ee4907cccf83c4dc65adb114f84b3c8faca86
train,359,RLVS,,0,non_violence,NonViolence/NV_703.mp4,759055,fba9867bbda2870b95bd161c95aee9bbd7e00ac526b030d4d690acff35f62abd
train,360,RWF-2000,,1,violence,val/Fight/rwf_val_fight_0200.avi,12404536,d01666179841eb48367dc2c0276f45121e77a732494e97aabf7a4432f3051eb3
train,361,RLVS,,1,violence,Violence/V_130.mp4,674326,a87d4dfef6bd0190498e15fb4497ad96c9c53a9e884d6f9120192614a6340943
train,362,RLVS,,1,violence,Violence/V_328.mp4,2411368,5402ffed1596fd9007a58a622aee111b0202c7e86146c3a6021604cff7a076f7
train,363,RWF-2000,,1,violence,train/Fight/rwf_train_fight_0150.avi,15273250,b418934c24ba141ada5d939b49c2182a9a5624e5a0b8f1f67c557cff0b9bd761
train,364,RWF-2000,,0,non_violence,train/NonFight/rwf_train_nonfight_0711.avi,2270914,fda0d534553352c2baa524b455dcb2dc3b140e7b74bc8bdb6d161082bf93b5aa
train,365,RWF-2000,,1,violence,train/Fight/rwf_train_fight_0666.avi,6919398,375b2b5ce096763adeb85018c6621b4df214463fda836d585093a5420ecbf84a
train,366,RLVS,,0,non_violence,NonViolence/NV_644.mp4,153892,49efc5f1ceee9940322e7af724b549dfad4a3f20447934a53c7b5f34eb41f1f6
train,367,RWF-2000,,1,violence,train/Fight/rwf_train_fight_0401.avi,11539642,c3f562df2bf4ce61376f1b1d7351c1825d1f5a433774af32990e27693c2103a0
train,368,RLVS,,1,violence,Violence/V_926.mp4,401772,1922aa7fbb25231f74c7750194a780042f0d5eac216690f4fc377d6cf1138e33
train,369,RLVS,,0,non_violence,NonViolence/NV_206.mp4,489634,c53af12bf8b5123a2d4c247c7a70c0d5e75b093697f4517175ed484cae388ed7
train,370,RWF-2000,,1,violence,val/Fight/rwf_val_fight_0128.avi,5619468,ecab487102ff042793f347a753b7825f2a3760e619177b88906e96120e5c0eaf
train,371,RWF-2000,,0,non_violence,train/NonFight/rwf_train_nonfight_0112.avi,17729694,9ebad857006a01d786633893d4b98da765844d4c62c52f7cfeb85217a4d3cab2
train,372,RWF-2000,,1,violence,train/Fight/rwf_train_fight_0595.avi,7310384,0b4bf8473c108c99a2825000ae48419b89fcc6e055e69c907784863b93a677ec
train,373,RLVS,,1,violence,Violence/V_814.mp4,508748,9d060f69890f4d568350742f332707bab52f7c96010230d8ac2d1d20cbdbc1d9
train,374,RWF-2000,,0,non_violence,val/NonFight/rwf_val_nonfight_0060.avi,20745214,7c201540d4184a3e5dca72b178f0ae3db4fabdcf61605402f427540fc8fa9eae
train,375,RLVS,,1,violence,Violence/V_416.mp4,860256,18cdb7acc225ca6b2335bba0ff8791f652bb4eda1f49e352293b81dd4da8ad8f
train,376,RLVS,,0,non_violence,NonViolence/NV_225.mp4,686246,69d720bdfd19fb042b3dfe678887a00b2d50b06eaca11c9d2bea51c798bb29cf
train,377,RLVS,,1,violence,Violence/V_92.mp4,630865,7999766b2879f42629e1c03c730d0e0ab2a0859933dc769a6234e71eb22ebd4e
train,378,RLVS,,0,non_violence,NonViolence/NV_526.mp4,721099,774271e435b8abc3d33da0918d4ab87f10d2fa0fc9d266ea1250431665254171
train,379,RLVS,,1,violence,Violence/V_591.mp4,1897292,1a2696ef21388e796a3e95a6fd7c2cfe17ee11edeaa109014c90a7d3521c8d9e
train,380,RWF-2000,,1,violence,train/Fight/rwf_train_fight_0276.avi,2671130,56bb908d3810f171bfe6caff2fb4d547568a9f7c7bb010c85bb2423d82361380
train,381,RWF-2000,,1,violence,train/Fight/rwf_train_fight_0117.avi,2480230,fef14926de319dfeb7ac8c7b4ad40de8b5afc0a93e2de0808fc63557736c274b
train,382,RLVS,,1,violence,Violence/V_636.mp4,452461,1062e5de541fe8111fbb177690fc5a8d1e48a1e0ddc4760bb1941551c494bac5
train,383,RWF-2000,,0,non_violence,train/NonFight/rwf_train_nonfight_0298.avi,2578460,e53df4ebd681c438144869409c0f09170409783d7eaec72533ca6711d3ab7464
train,384,RWF-2000,,1,violence,train/Fight/rwf_train_fight_0300.avi,1598584,dc22fdac4bac72e961112d1dab6cd2d529f8a19eba893549302a998b1e25639c
train,385,RWF-2000,,1,violence,train/Fight/rwf_train_fight_0347.avi,1378072,6bd8e9608663122089c71192c31c94d84d8d4919067dc44e11b33cfa0f143176
train,386,RWF-2000,,0,non_violence,train/NonFight/rwf_train_nonfight_0684.avi,2832856,a63997bd755ce6c379d6a3acb6c147813d52e76ce91bc928c095978a3b80ed0a
train,387,RWF-2000,,1,violence,train/Fight/rwf_train_fight_0459.avi,4455586,e9fa5fe7f8085812b81d1a9ce1733ade050e6abb5bb897aa883f10298f078b60
train,388,RWF-2000,,1,violence,train/Fight/rwf_train_fight_0201.avi,7128258,d5f6ab438764d040c1ff5c0b407f0a4d4be1c3f723c60a0cd9a28881bfc0b429
train,389,RLVS,,1,violence,Violence/V_107.mp4,470668,977fb9cce3942ae7a95168a1fe69ffd46f75ed75a84ee88006ee9a84b33e9d46
train,390,RWF-2000,,1,violence,val/Fight/rwf_val_fight_0152.avi,6849348,17fa684a422d29923369b624252a2d8a12ddb7c4526fb23d7494e2d5f5557e57
train,391,RWF-2000,,0,non_violence,val/NonFight/rwf_val_nonfight_0053.avi,2818510,faef73a50a3b6020957994194bcdd11b15524f0827d96c03ce0b0c9dfdaf62e9
train,392,RLVS,,0,non_violence,NonViolence/NV_599.mp4,845063,08199c916a362edb4964bdef1fee6b1f950690ad486781faf377fd623a4c16cb
train,393,RLVS,,1,violence,Violence/V_260.mp4,316448,863d89360bd3014faa04f641d42de352a9e07bf4cb166eaa4c038e160fbdc7d6
train,394,RWF-2000,,0,non_violence,train/NonFight/rwf_train_nonfight_0176.avi,1220594,bccaf6043cc51cd96d4f6dc9e3a2c6531dc54913788dfbb96a3068f17514762e
train,395,RWF-2000,,0,non_violence,train/NonFight/rwf_train_nonfight_0532.avi,2753074,5f51e9f6e846cad374f3b5910fbf7761620fe52bd2e998f7bfd11dc243335bcd
train,396,RWF-2000,,1,violence,train/Fight/rwf_train_fight_0075.avi,11701156,5689ccf8caaf6588a40367daf6c92123b6f85e2758853436a0c31a0b44ed169a
train,397,RLVS,,1,violence,Violence/V_769.mp4,1716777,d4cdfd784a92d7bb1a727a427b4a180e480f51b925d9ba4ff7e583279c8c6553
train,398,RWF-2000,,1,violence,train/Fight/rwf_train_fight_0124.avi,8040320,beb280857c4c99d02108f795e40b3c10e3ad4e06f7f94ab3a33898ebedba038d
train,399,RWF-2000,,0,non_violence,train/NonFight/rwf_train_nonfight_0026.avi,11638786,fbd937717b9d38a9eb078d188f83a064f123d169a0ab7a9e8f80a328ed41944a
train,400,RWF-2000,,0,non_violence,train/NonFight/rwf_train_nonfight_0129.avi,21183972,7916bc9ade1141f1a52eafad8a138c1e026061fd252eb232db248b255f590981
train,401,RLVS,,0,non_violence,NonViolence/NV_602.avi,644536,321d0c061168706de4f7adc21b54b18b579403030bd97daf68fd8dfe16238587
train,402,RLVS,,1,violence,Violence/V_611.mp4,1242756,6904285fe2fdcd0d6c9c12cd4335ca9d9a6fbc6fe37ece8635ab1eadb4972e90
train,403,RLVS,,1,violence,Violence/V_463.mp4,1299750,ef71b5f364e60ffd1654a7ffa58a08a5e4291d91e3adcd5be2bc8f517f17917c
train,404,RWF-2000,,1,violence,train/Fight/rwf_train_fight_0601.avi,6038592,9bf9bfd22fb04005f0ca0c24058d6d903a6502fa8b04c27c849553745f410607
train,405,RWF-2000,,0,non_violence,train/NonFight/rwf_train_nonfight_0079.avi,2108544,8f29245d11a35520dde159296b986f9dbe2bac6e9ff9e2fb5ff52f8460154a44
train,406,RLVS,,1,violence,Violence/V_62.mp4,329879,4b58311de387a16a8afc15d4ef79cf3dca715922a4500e4b267074b362061e78
train,407,RLVS,,0,non_violence,NonViolence/NV_958.mp4,551753,4350aff949588e15db02d8530ad0fcb68da719a423dd296ec315df90299e915f
train,408,RLVS,,1,violence,Violence/V_772.mp4,839232,c7c21b97b07fd7e4ec873e08f8eb411b173fa18e4188285e1d1170bb13ab4d4f
train,409,RLVS,,0,non_violence,NonViolence/NV_179.mp4,957484,992450acad6486cd7efa395745aa2abe7c0845eb6207f8d7ae4e7b32fa7a4d86
train,410,RWF-2000,,1,violence,val/Fight/rwf_val_fight_0011.avi,10700000,8b0ba9c3483bb89d84faa677d0d6a9c630c963c507e39eba025379953b395511
train,411,RLVS,,0,non_violence,NonViolence/NV_955.mp4,798148,f8d7e2f8866e8c2f01f85e27d382c84bd5aac97c6dfabe3b93a3e9e5d23487c7
train,412,RWF-2000,,0,non_violence,train/NonFight/rwf_train_nonfight_0649.avi,2539810,d294d27c19bbf97151a7c8fffea92aa1922fa34b62f4f6bd9f42c2d318a50f26
train,413,RWF-2000,,1,violence,train/Fight/rwf_train_fight_0064.avi,18583838,34b641d5e7627f72aa45d7c5aa422566d174d549fdd1882aa55478a2d93e2f8c
train,414,RWF-2000,,1,violence,train/Fight/rwf_train_fight_0284.avi,1434926,8077cf486ac19c4f7638a96d80d717c2734897a0583118066e662d45bd517802
train,415,RLVS,,1,violence,Violence/V_144.mp4,968181,ed9bb5afed7c03cc619a1431c6f88a55bf3a461915e8c718317250159e70b7a5
train,416,RWF-2000,,0,non_violence,train/NonFight/rwf_train_nonfight_0611.avi,2848090,f328bf26ea6ecfe2f70dee442fa469cec05715b914a6ada412614e6e2fda7406
train,417,RLVS,,1,violence,Violence/V_478.mp4,611248,b108b8a28eb8ed90e228640c01ad166a370a52b0f0e34f764284b8e36647a367
train,418,RLVS,,1,violence,Violence/V_792.mp4,621377,6ba22500e37f405ae6dd3662d96a44d192904481f6a0cfe8ec4f042fd3f9957c
train,419,RWF-2000,,0,non_violence,train/NonFight/rwf_train_nonfight_0122.avi,3447438,ae1d205f78631d7ba92a05b129316d3788f1dd264734fa6ae5d58dca506af321
train,420,RLVS,,0,non_violence,NonViolence/NV_962.mp4,812524,e286ec71cf2d3f8506ce6bcf54e03c85bc6e8ef71ff329d4e241e06bdbc27be0
train,421,RLVS,,1,violence,Violence/V_120.mp4,1134788,9bb7f118fa2ca27da7d17bf109869f269553b03d3bef57f15772a9af1c82e4da
train,422,RWF-2000,,1,violence,train/Fight/rwf_train_fight_0283.avi,1439054,b11ad3e2cba8141d0e851d6fd6417b801e52a7271ca2703f069bf092ce922531
train,423,RLVS,,1,violence,Violence/V_947.mp4,508154,94b21309fefbc8fbfd2810a74b1494b619d8424d4a03e543830ffcf29cafc64d
train,424,RWF-2000,,0,non_violence,train/NonFight/rwf_train_nonfight_0145.avi,2535338,a35f4cf00b7a1569b1c66a41838a4091afd81c5502f24faccfe4d3aad70f12b2
train,425,RLVS,,0,non_violence,NonViolence/NV_241.mp4,607066,aff5888f3da0244cdbe42e81ad80569e6493dc2472908ca7c153b2b7657feea2
train,426,RLVS,,1,violence,Violence/V_235.mp4,813071,6e0e650f65b0d9bd615c747af09da1fc39a909d675189b5fdb1891e03697742a
train,427,RWF-2000,,0,non_violence,train/NonFight/rwf_train_nonfight_0174.avi,3738184,61fecb8bc00d6e10285909d5bd432c18946d7ad05785691cfc5fbf11b60dbbe4
train,428,RLVS,,1,violence,Violence/V_148.mp4,431436,72125250aed9ce7b2c245688a2b4ab0bb5614ced6cbf0f560d29a331a6150461
train,429,RWF-2000,,1,violence,train/Fight/rwf_train_fight_0128.avi,7069612,41737013b7b496d537cd07dacd8456bd49e21014559ed318a74a8c4040149df1
train,430,RWF-2000,,1,violence,train/Fight/rwf_train_fight_0619.avi,2552006,66471d2194faa30f4c720cb6440fa3f1e5981247304f3f0520e43b6e2da1956a
train,431,RWF-2000,,1,violence,train/Fight/rwf_train_fight_0116.avi,2878874,066d5229a29d9012b193d336f088ac44af0e3466d8c2ae88e20a80a54c1a498f
train,432,RWF-2000,,1,violence,train/Fight/rwf_train_fight_0446.avi,3660178,6f68ec88781599e2264009b54d75466cb524acabae513ed794b274f73eefc9da
train,433,RWF-2000,,1,violence,train/Fight/rwf_train_fight_0373.avi,9159454,6427f4e4df0ffae11e54e105a8ec6415431dcf24b078eb6a401ea9b3a844edee
train,434,RWF-2000,,0,non_violence,val/NonFight/rwf_val_nonfight_0025.avi,2979004,41129a99982cad02d9b0600ec21e73507bfb9c12865257d45d3b1acd7ee72421
train,435,RWF-2000,,0,non_violence,train/NonFight/rwf_train_nonfight_0674.avi,1920578,162d251c5446cd2407dfee6eb11708530a214091b40ecf16b9bfd6541f879eb4
train,436,RLVS,,1,violence,Violence/V_411.mp4,2620424,0bd597879f6d149c2477e63d423e98a5e25284f2d4dcf61a7be8f3b2dd5dd5c9
train,437,RLVS,,1,violence,Violence/V_658.mp4,826571,fdae1863929bbf1bee1e9b610bf40ddc2d1ecb41e8b59bef321dd9432132ddca
train,438,RWF-2000,,1,violence,val/Fight/rwf_val_fight_0026.avi,11007060,7144888d55877b5275c5ab22341cf8c6c23162cb4cf1f4cabf40514f3207d3df
train,439,RWF-2000,,1,violence,train/Fight/rwf_train_fight_0584.avi,1125624,5147abcfe87a001d98d4d4165f52accc4da44fd5b77fdd1cae02a68f0b000d1f
train,440,RWF-2000,,0,non_violence,train/NonFight/rwf_train_nonfight_0623.avi,4118484,dde21e7ee6852f763bdcb699288326fd1f2d8347782822821dc96cfe7ea585c4
train,441,RLVS,,1,violence,Violence/V_96.mp4,649455,0446c670d040a2089490a8f5cf158d3027dc70f43c36d9c204c8862be608dbcc
train,442,RLVS,,0,non_violence,NonViolence/NV_278.mp4,988820,855d53e61f6d4bd57b84739a10f5358b095120be7d3101318c4e5199b6a1c3e9
train,443,RLVS,,0,non_violence,NonViolence/NV_112.mp4,347724,3cc250a6b99fe783b653faf9edacc2ae52fcaafc5d4c1b438af6ab3adaa3490c
train,444,RLVS,,0,non_violence,NonViolence/NV_392.mp4,109259,8aa83a80889eafdcf49bb15791e0116ebbe8b8317923970cf9311bf7c9c00a59
train,445,RWF-2000,,0,non_violence,train/NonFight/rwf_train_nonfight_0260.avi,19604306,7de09e644f3c47fa8cc92b063b32007cee1f2a1b000948b9a8eeafe44ce8a1aa
train,446,RLVS,,0,non_violence,NonViolence/NV_612.mp4,465148,bad7a359fc516123747a02503f8ccbf1cfb3c654d3c42ca4046c941e249b6dcb
train,447,RWF-2000,,1,violence,train/Fight/rwf_train_fight_0452.avi,10852466,f0863ca9712f6dda0cb16d2d27d77d22282ce5424ad3142bb25162c5f429e99b
train,448,RLVS,,1,violence,Violence/V_728.mp4,559028,b08ffbeedb86af890df2fcb4547e33b6a21cc4b9f93e49fab9fa03023fa04fd6
train,449,RLVS,,1,violence,Violence/V_852.mp4,964010,55621e7b2424dbe0b51fdec2e1cde6524f9b73890d9530385afae14c57c88bc4
train,450,RWF-2000,,1,violence,train/Fight/rwf_train_fight_0309.avi,4774832,c8df278c02218597de8aa1ee12f21902e9369f1eb060bf2247ce49af8797cb94
train,451,RLVS,,0,non_violence,NonViolence/NV_808.mp4,825348,0d204c6bf20dade06a13a1ada405c4bf438145b084397e52426ecf00aac40d68
train,452,RWF-2000,,1,violence,train/Fight/rwf_train_fight_0542.avi,14196430,03c4b2582bbf880a591ea15f06f3c0cfe3321f7993f7008aa72300b4d768e231
train,453,RWF-2000,,0,non_violence,val/NonFight/rwf_val_nonfight_0084.avi,3094752,e0d92dba586d823b5d604404fc33d93f6057b6a5e6da1534ba7e2372d38c8cee
train,454,RWF-2000,,1,violence,train/Fight/rwf_train_fight_0032.avi,10135562,54b7fcd7aa06f9149a4b5c97f315ac3224b0283ede2bf5aae80ce703834296c6
train,455,RWF-2000,,0,non_violence,train/NonFight/rwf_train_nonfight_0290.avi,2496452,4680177901f5901419495c419dfea1aab37a1acc5d68c3e8eec5765fef7aded5
train,456,RWF-2000,,0,non_violence,train/NonFight/rwf_train_nonfight_0295.avi,3073476,d77af0a224094debbc957266f768626bc4ca97f8e6d5d8a648b2b0bca579beb1
train,457,RLVS,,0,non_violence,NonViolence/NV_798.mp4,1305215,10158e89c71f7e2eeee17e163d727133a3684f4e8f3b943f4cc36ef6bad576ff
train,458,RWF-2000,,0,non_violence,train/NonFight/rwf_train_nonfight_0063.avi,8889764,e9446339ea584ebfdeca5a5acafc30a66c847a6aab068132d7a8cc77c2db8948
train,459,RWF-2000,,0,non_violence,train/NonFight/rwf_train_nonfight_0299.avi,2131330,18e7076e6a2de8cc827598541df7b07d280add1c3a719762f1041e58eba8394e
train,460,RLVS,,0,non_violence,NonViolence/NV_325.mp4,1222807,94e06de5aff7b2c521433d404c331cfeff874f878f79b96feccac9bdf6c6b42f
train,461,RWF-2000,,0,non_violence,train/NonFight/rwf_train_nonfight_0747.avi,2970196,d392172bf12a59a7d7dee050b26452fb92f18f5ac4a5382986930addd7048c7d
train,462,RLVS,,0,non_violence,NonViolence/NV_934.mp4,1469422,207f1fb173fd5dafd3f59c71b508084a9ca9b5b59a9059ab47418e89fb289b14
train,463,RLVS,,1,violence,Violence/V_989.mp4,419772,b9b9458b08a7a9111a4dc119d447920d531cb950f06e109db28a28cf05b9eb5b
train,464,RWF-2000,,0,non_violence,train/NonFight/rwf_train_nonfight_0755.avi,3232222,6ae750fbc2c2e6c5546116ab209da06ca23e0953ac598ba1ad9f62bcbf9b22a6
train,465,RLVS,,0,non_violence,NonViolence/NV_224.mp4,581116,40aec33e7810fe0c4ee102356cf99aa99e8af0e2a7977ff61975223cf90590de
train,466,RLVS,,1,violence,Violence/V_572.mp4,1278957,c7c7387401c7eedc96b4c02933f75cab509e72ad9104871ad9f5632e9de3014a
train,467,RWF-2000,,1,violence,train/Fight/rwf_train_fight_0637.avi,6635242,563edfe31a9fc9b5bb9d21bf304ee47620383b780309a3772ca3a3c084febdb1
train,468,RWF-2000,,1,violence,train/Fight/rwf_train_fight_0370.avi,9445160,d5c60f0776e2ce2547c0fd6dbcb264250b684a7ea37d9cb9b542383fa295b4a7
train,469,RLVS,,1,violence,Violence/V_366.mp4,1281576,047b66906871d8cc6129bef353e61c465b79fa6ca2210d91dc68e8f70eefea5b
train,470,RLVS,,0,non_violence,NonViolence/NV_437.mp4,305651,9a1c4361c30d90a3485faa66b14aaddf632a376938e0e87f57541457fb8f8e32
train,471,RWF-2000,,0,non_violence,train/NonFight/rwf_train_nonfight_0150.avi,5558264,2887d0e140b3bc6622954f0e7bef7eb66103c55b08a998af2c2a3693231b1ea9
train,472,RWF-2000,,1,violence,val/Fight/rwf_val_fight_0147.avi,5006110,e78692a8d11ec8d845e64a49d7129433f814eeed990497994ff60fe9f3fb5f5f
train,473,RWF-2000,,1,violence,train/Fight/rwf_train_fight_0677.avi,4072802,d63a1507d678e7e1b57795c675436f38b9b3d72cc10ef8ccceac092ff130037d
train,474,RLVS,,1,violence,Violence/V_262.mp4,254086,363d77f775c4d1b7ee2049304098b8bc49ede06ea2f416118ecff555b859e8cd
train,475,RLVS,,0,non_violence,NonViolence/NV_276.mp4,1171687,a8ee12dbb62bb289579665d3314a8caf417534bfaaeb26845e115c90a515c0d3
train,476,RLVS,,0,non_violence,NonViolence/NV_839.mp4,700494,6496e8e9b0484f9d6e715b2972648842ff0b91baec56469fe5a34f68b8ec7c22
train,477,RLVS,,1,violence,Violence/V_660.mp4,1047285,c947cf6a3d0b2b727f5f572f69629bc9c5e3afd51aa35962ebd1d7dee15a69e2
train,478,RLVS,,1,violence,Violence/V_931.mp4,298050,161c5e58da3a81f66a7749219d4dd8859e900bc790ffe329e29c33d5625916a7
train,479,RLVS,,1,violence,Violence/V_185.mp4,429279,cdd0ec83cd9a19dc0aa79c8e2e314ecf1e69e7349cc287d15e04ac56f9514850
train,480,RWF-2000,,1,violence,val/Fight/rwf_val_fight_0086.avi,3616108,a956cf85a8bed6aa6eceb91376941e3d1a75169b732c1d95cca0af4978f306b7
train,481,RLVS,,1,violence,Violence/V_413.mp4,395066,ccf8cc0ef699c9f5111ac055dcae7ebeda687e227f046af7a894df183750f627
train,482,RWF-2000,,1,violence,train/Fight/rwf_train_fight_0730.avi,2503354,7e3b7b4872e3820c534481fb53cc9d7ee3ea1ae40875ecbf031252da7fd423bc
train,483,RLVS,,0,non_violence,NonViolence/NV_889.avi,1209198,d93b4824f0b8b80350d69c7cb429babd89595cfced53977c87dee60233d8a11e
train,484,RWF-2000,,0,non_violence,train/NonFight/rwf_train_nonfight_0688.avi,20838914,ac2a1865a0a504ea320533ba4014cb04b4499bcf4526580d6f0679fc71d8494d
train,485,RWF-2000,,1,violence,train/Fight/rwf_train_fight_0098.avi,10880836,592c7877b4d79b667b322acd6d673ab211dd8c509c5dbc0a6728d5316b4ab262
train,486,RWF-2000,,1,violence,train/Fight/rwf_train_fight_0782.avi,7852930,f5d5c086b04d0ed9736935bed34ce2dcb3178a00f83d1ccc068217c2eab6916c
train,487,RLVS,,1,violence,Violence/V_704.mp4,659738,2a7dc583c4759b4e352c61bec495e12ad833320596394754b7d02a61aafba311
train,488,RWF-2000,,1,violence,train/Fight/rwf_train_fight_0377.avi,3408986,abcd077fbaed44bf0086072aed41a99a65d84743404f6083d8a3e41db57d1ecd
train,489,RWF-2000,,0,non_violence,val/NonFight/rwf_val_nonfight_0091.avi,3098820,0b317febac373ab2150d9bc48435635ba45211b6acc490c20d627c33762a3e0a
train,490,RWF-2000,,0,non_violence,train/NonFight/rwf_train_nonfight_0038.avi,3329610,be8ac08bebc891fc7d177b803d78b9931d659c655fb9fe0f8a7c4f0084db8249
train,491,RLVS,,0,non_violence,NonViolence/NV_780.mp4,1293524,9df18ff54d581e21a47a26711b466c95474addb82605a956f25a54db452a8a9e
train,492,RWF-2000,,1,violence,val/Fight/rwf_val_fight_0164.avi,11404996,33f219cff53feb6a9a92bb75134816d7dbb3124df11f6a98a987cde3f37f6bca
train,493,RWF-2000,,1,violence,train/Fight/rwf_train_fight_0473.avi,2666604,49aba6d034a6be89d54e4819de104893b3842101e98da49bdab46fbd4982d61e
train,494,RLVS,,1,violence,Violence/V_438.mp4,1486501,518bab501f9b9f09d3139ca5486a316855a78f687c78fff4f85d24490e9f3402
train,495,RLVS,,1,violence,Violence/V_580.mp4,1994737,3e4cd6bc781a47bd18b3dc9dc3c7c30552f654c8332bb5da29b3609cc86c2b96
train,496,RLVS,,0,non_violence,NonViolence/NV_863.avi,1250684,45b16e9c29ee2162d16dab29974b8e92decf270846c10a8080b66f21b15bff4b
train,497,RWF-2000,,1,violence,train/Fight/rwf_train_fight_0288.avi,4016518,aaab83db8e20dcc9f2835f2ada10f7eccf66608b1fb69982c53fccebbcf20514
train,498,RLVS,,1,violence,Violence/V_588.mp4,1210210,577562055ccddf7cd887955a22a126274fb79643156034ac0582a646e9b8eb7a
train,499,RWF-2000,,1,violence,train/Fight/rwf_train_fight_0312.avi,5792586,2e72d98d7b9698f2ae0a20ccf8ca1b4532df26f229080a7dc5a5ab0762de7461
train,500,RLVS,,1,violence,Violence/V_960.mp4,232211,bbe0cfc9ae00d651c7d945b08e6b67ec6d86157dd79bcf69975d06a2d5544f86
train,501,RLVS,,1,violence,Violence/V_118.mp4,1571186,414dbb8bf8eff4bda74fee41250d4b2c500f0f464b0fe0353fa5a4993f663837
train,502,RLVS,,1,violence,Violence/V_556.mp4,817217,78ba9a6ad4a3051ec01c098bbc1bbf1f982f4839218a5fbe32508cfd0b1246ab
train,503,RLVS,,0,non_violence,NonViolence/NV_516.mp4,388820,9a2aa9c028628174b7ebfb008cdc21c9dcf404424c96c331dd6ddecad295c884
train,504,RWF-2000,,0,non_violence,train/NonFight/rwf_train_nonfight_0657.avi,3037262,c4eb6d2a9bd8bb1fa647f0f50ce36f6e37df80f123275424bdc0a47f4a434af0
train,505,RWF-2000,,1,violence,train/Fight/rwf_train_fight_0773.avi,2969962,4796bedbedf42ea2ca0f2fea373964b61548338989e6aa662a1fe49a3f32223f
train,506,RLVS,,0,non_violence,NonViolence/NV_438.mp4,193362,6aa4a9dfbcbe9333b34a4eef43fc41e74b8f0b19ebe3fe20655a81fc44e1785d
train,507,RWF-2000,,0,non_violence,val/NonFight/rwf_val_nonfight_0115.avi,2728224,6204860dbb03611bee7ffd357c18e92bae8020bff0bec72a0add6bbaf2fc4975
train,508,RLVS,,0,non_violence,NonViolence/NV_481.mp4,226382,0868fd120526b7de1cfc213da72ddaf87affdc35a132862547bac3dfb1bd5e70
train,509,RLVS,,0,non_violence,NonViolence/NV_579.mp4,127071,aa743079b647eea0c7eaa0567f080027bcb399177f7db480f045a287362776e8
train,510,RWF-2000,,1,violence,train/Fight/rwf_train_fight_0496.avi,2769080,03fb6abedcdc9a915deba170f9e049abe238f4a0e44b2eb2a2ac75bac4a70f68
train,511,RLVS,,1,violence,Violence/V_997.mp4,1029533,ceac05a296a5ca60d71a6696a32ee6d58f7947de1c1fd4ecbda5649cba05a391
train,512,RLVS,,0,non_violence,NonViolence/NV_606.mp4,1388817,9fd9361ca7c7bd461828a0d04e51c8e78181f8bb5e8bbbe9fe0fca406c16e105
train,513,RWF-2000,,1,violence,train/Fight/rwf_train_fight_0160.avi,15029816,d5a25d86c0bcb1d39b182982ab2956a85dbbf108753da4c3da28c2e838131d93
train,514,RWF-2000,,0,non_violence,train/NonFight/rwf_train_nonfight_0673.avi,2227928,be5944d21066ce7d16ec9662df4e3e3d8d4e013f723975c4d47e149ed33ef716
train,515,RWF-2000,,0,non_violence,train/NonFight/rwf_train_nonfight_0546.avi,1730838,4b861d9f6e7b918c60085fa3be9ffa323cb647621782ac85edbdac605c68e489
train,516,RWF-2000,,1,violence,train/Fight/rwf_train_fight_0009.avi,2250748,183760503b0e83e23fe4fdd75cf1f2c9e2a9920db551e69f30e50a3542ca17e2
train,517,RWF-2000,,1,violence,val/Fight/rwf_val_fight_0184.avi,17316916,a54acd891d021475d17e3afde3e754f5d8a24c095305d1e8263eb62c547cfaa4
train,518,RLVS,,1,violence,Violence/V_303.mp4,2696206,9dcf27e4a11e50fec663706ebb8b54f86938e5015c1468d8271117bac700a65e
train,519,RWF-2000,,1,violence,train/Fight/rwf_train_fight_0541.avi,9183140,7ec564d81cab73da28d512d2496792c07b2b25204d860eb7dd2823cdda59915b
train,520,RWF-2000,,1,violence,val/Fight/rwf_val_fight_0109.avi,2871210,a4064a1b9862635d7be7213a674d7bf4fbcb53205e2da4af00e75cc76bf6a323
train,521,RWF-2000,,0,non_violence,train/NonFight/rwf_train_nonfight_0559.avi,12560736,6e56dfc6c5cba7657c44a87ce45cba6611430b7fd50e346924a60efeb82611c8
train,522,RLVS,,0,non_violence,NonViolence/NV_844.mp4,3744264,246db2096e9958593abc2d141dae2b0e3da133a4f39fbf3dee1dd4d542bcd4ec
train,523,RLVS,,1,violence,Violence/V_734.mp4,362581,ad625aeaac0dd0f092b6a52a01b14547e9d28c202da964539ad84d5213417c9d
train,524,RWF-2000,,1,violence,train/Fight/rwf_train_fight_0352.avi,9817952,5c9b74bf2c64177b1b30c9ec84d7be27585798b9b0928fc3c94d6f8b92c4b4ea
train,525,RLVS,,1,violence,Violence/V_987.mp4,432113,f2d744177cc6e372672bf6f819e0f4f5dbcb51e124e29bafbf780dfc6a678f9c
train,526,RLVS,,1,violence,Violence/V_638.mp4,473238,d3baa4f52941952601a140b1201158d88a6b1be59da3a915a6ee296ba6b0150b
train,527,RLVS,,0,non_violence,NonViolence/NV_690.mp4,782972,d1444b1cc79b66548b9f82031a0facfdc81435c61e462b74cb3196575e57f613
train,528,RLVS,,0,non_violence,NonViolence/NV_239.mp4,772274,fd2657c40b1f3c30a413acf96d20eadc5e09d172eaf3d53879502c6920027967
train,529,RLVS,,0,non_violence,NonViolence/NV_636.mp4,202728,84163b585ae05084ef2c8aaa8f7e67b1ea5c16344a20c4038c519a168c6810dc
train,530,RWF-2000,,0,non_violence,train/NonFight/rwf_train_nonfight_0744.avi,3506416,1b92a5444db20d6ea263a6bf28359d21dcae4a5d614a15294a350d138c096550
train,531,RWF-2000,,0,non_violence,train/NonFight/rwf_train_nonfight_0256.avi,2946706,189778c068ce9ae4d9f2e38e19d914249f3a2c7acedca056773b48983e06f22a
train,532,RWF-2000,,1,violence,train/Fight/rwf_train_fight_0112.avi,17091802,8747d1b31bc76f9f4535948f8dca5e9d847ff2118b1f34f8d562759724cb895d
train,533,RLVS,,0,non_violence,NonViolence/NV_447.mp4,204445,2a01150268ac20be2b19ca03549e0db64f1b59dba37334cc82034df5798e4cdf
train,534,RLVS,,0,non_violence,NonViolence/NV_632.mp4,132802,b8dba847d8a4c04d6a1508ab9744c078664cd9f828f0f2da3321cc0122d15802
train,535,RWF-2000,,0,non_violence,train/NonFight/rwf_train_nonfight_0319.avi,2331158,6d89df2c4db24b751e63fe4691df66a308e60b1936483fb2693103ba82b86c52
train,536,RWF-2000,,1,violence,train/Fight/rwf_train_fight_0573.avi,1891032,abd021b66c7440885d9ba969c9e51ddde8493b0d0ece39ef83355f6f6972cb70
train,537,RLVS,,0,non_violence,NonViolence/NV_629.mp4,123617,855b30258d6cb444bd073a929d9bb27ab0733857c878d4c7b1d3b33fd11b1938
train,538,RWF-2000,,1,violence,train/Fight/rwf_train_fight_0593.avi,4674980,f5b674d6075095482ae3c8d4b040f7deb29cda3053c62e6c9f7f4b3d379b0752
train,539,RWF-2000,,1,violence,train/Fight/rwf_train_fight_0120.avi,18966604,7869f5f3dcd22ac9e8848a5fb86664d70fee2ce9bdff1a5db8605e67ce846e07
train,540,RLVS,,0,non_violence,NonViolence/NV_159.mp4,654484,407430966f1d50195badb13e03aacdd6769f0d94122b35d7934e4f48a6376859
train,541,RWF-2000,,0,non_violence,val/NonFight/rwf_val_nonfight_0123.avi,2776422,274db6a6583432e5efe69ae5521cd38dbc6df3b7dee21309219deda97c39956a
train,542,RWF-2000,,1,violence,train/Fight/rwf_train_fight_0669.avi,3382628,d2d4f4226c6a51a46982f1789766a3f5bc36790b0e8c7eed9b2216422782a8c2
train,543,RWF-2000,,1,violence,train/Fight/rwf_train_fight_0177.avi,2270422,dd691ed8b0dd917c05537d661972d09d1b0e27c064889e7427d6689cbba8a6bc
train,544,RLVS,,0,non_violence,NonViolence/NV_704.mp4,756869,d91234ee78b063cdd8ac10ef92220653dcfa87a56868764da8eb5acba07a573f
train,545,RLVS,,0,non_violence,NonViolence/NV_164.mp4,954730,6a63ea2f9e27debc69bc98c2d3c19a743bd43fa1a3e802ac9487a0962703235f
train,546,RWF-2000,,0,non_violence,train/NonFight/rwf_train_nonfight_0778.avi,3002260,0923bfff81f25aa050b9dfabcdcec00cb419614da6a2f0c7608fcd4d999334ab
train,547,RLVS,,0,non_violence,NonViolence/NV_355.mp4,10742765,bc3988efa22074ad47b94d41e7a5dce7831b9cc50aa694f7084f124b20d7ffe7
train,548,RWF-2000,,0,non_violence,train/NonFight/rwf_train_nonfight_0246.avi,3332914,11b8b5eb5af0f150a0c8f4006b3acf25fab9801762b662388b897665b7e65fba
train,549,RLVS,,0,non_violence,NonViolence/NV_661.mp4,186939,3dad869e774e90f3b591097a0a6c63ccab17ff240054337c8f70c54d7c6b6b32
train,550,RLVS,,0,non_violence,NonViolence/NV_701.mp4,1221649,013338a2e541cec0bab4ccd29accba131089e8432c723d55f5cf58f8b80f104d
train,551,RWF-2000,,0,non_violence,train/NonFight/rwf_train_nonfight_0490.avi,3298330,207e13efd328b15e8ffd7668060fbffb865a1e364adf0901330beded05a754bf
train,552,RWF-2000,,0,non_violence,train/NonFight/rwf_train_nonfight_0516.avi,11437704,f71a5f8f8711f5339f609c98196ccf32fe6ddc29166ee47a30c90b0d47f30265
train,553,RWF-2000,,1,violence,val/Fight/rwf_val_fight_0018.avi,4307498,11763940776dd3e07a77cb0a42cb28c3e0617db514ed37d899228035f4708631
train,554,RLVS,,1,violence,Violence/V_979.mp4,312198,56ba4289cc429ecc65a3f9e17485a3f21b022eb05d22559d3b8bfcda5f54941d
train,555,RLVS,,1,violence,Violence/V_613.mp4,1403266,b19de36a565aa41f06378237986d7ff0a550038bf75072585b023575569a690d
train,556,RWF-2000,,1,violence,train/Fight/rwf_train_fight_0672.avi,5845276,d681d43b1fbe9ceb30a9754cbda3e7d953e9d42592c09e2356eaf21f5d3d2a5e
train,557,RLVS,,0,non_violence,NonViolence/NV_797.mp4,1332212,a840a10137d1edd067adbf634d38b76998d1d4196c85120b789a49876a631159
train,558,RLVS,,1,violence,Violence/V_709.mp4,699973,3b560abe55e5bb8db66df4b2d905d263102ad7232ad273e70068b6acc254a4f3
train,559,RWF-2000,,0,non_violence,train/NonFight/rwf_train_nonfight_0561.avi,2873334,925e3e6bac4279fcf7a2c96c252234c599dcf7b5ca9657ed5e70022800ff870e
train,560,RLVS,,0,non_violence,NonViolence/NV_381.mp4,198586,fe177aa84882119295afa62ba4763c5f7890e8ed5591e51c73b3205be36dbaca
train,561,RLVS,,1,violence,Violence/V_936.mp4,440538,ec43b9f6d9c457460bca2f85dd543bbd82eaaed3d11c3407871b6a8d514e3293
train,562,RWF-2000,,1,violence,train/Fight/rwf_train_fight_0016.avi,5988008,451210d04956ddd03c629ceb7d95f900ad79e114494f847757a3f70afcfd982f
train,563,RWF-2000,,1,violence,val/Fight/rwf_val_fight_0174.avi,5754988,9d413218dc2bd97766867d74ea50813cecfab9c5d0ca12c09aa377d06fa1a8a0
train,564,RLVS,,0,non_violence,NonViolence/NV_621.mp4,130910,c40d31ab794bbd06d5756ff6147a65c551a8b9cb2ab415b7f66ffb0f1a0cf9a7
train,565,RWF-2000,,1,violence,train/Fight/rwf_train_fight_0216.avi,3633386,89eb7a65fcc79c6ad4f4963f7b5343020780ea7029d91b5be1d04eea756edd02
train,566,RLVS,,1,violence,Violence/V_603.mp4,1218806,ad5bae9c34a8b495c1840add46af149257098adedba14205a1fe9d79551b2109
train,567,RLVS,,0,non_violence,NonViolence/NV_422.mp4,119162,6a591ce0d32a5ee11bc39cfc7b763260895de88b6cb6d17167eed82b30e2f6c6
train,568,RLVS,,0,non_violence,NonViolence/NV_865.avi,1105522,4917221b155490887b5722273d47680e79ea39eb63e5c70f8b518bf0aa1fb789
train,569,RLVS,,0,non_violence,NonViolence/NV_716.mp4,1601753,efe2b74801b39324bb89d824a7350c521a86a77574bf7e3d0a9f05df58baf576
train,570,RWF-2000,,0,non_violence,train/NonFight/rwf_train_nonfight_0324.avi,3021724,5444584980892457449dd87c6bdbb3f47a3409c27674a8a4d9eb24122365bd5f
train,571,RLVS,,1,violence,Violence/V_716.mp4,1126758,ccb17fdb1907471d80a7dd4500bc72041c8799e8c66dd820dacfc17b9f0838ce
train,572,RWF-2000,,1,violence,train/Fight/rwf_train_fight_0616.avi,2430082,0803d48e9d5afeeae0c875064840713cf2b47de2c19d4dc10e54608c9ce4f06f
train,573,RWF-2000,,0,non_violence,train/NonFight/rwf_train_nonfight_0574.avi,2545556,c2b6a7f5d79c83462c923f4e0ebd3ca81d86f5424ef825a7cb47a658b42f14a3
train,574,RLVS,,1,violence,Violence/V_331.mp4,402735,9729c37cc9773583765a8b9a26f2d3ddec695a5f44c2a4f4f148c36573306098
train,575,RLVS,,0,non_violence,NonViolence/NV_127.mp4,570226,effb3b01011d136130336d132b7f49e5d590a8c0b783b5f93822df390003fd41
train,576,RWF-2000,,0,non_violence,train/NonFight/rwf_train_nonfight_0158.avi,23472252,439e4267c44cc9c77734ad8627623303532960e9648f79ad20320cb2613f7e88
train,577,RLVS,,0,non_violence,NonViolence/NV_39.mp4,730112,d0e5038040c03e90006ddbc395016943b2fe1ba7bb66eacb91344a4a62d5eea8
train,578,RLVS,,1,violence,Violence/V_186.mp4,385820,1d0e33d32e6a61112af2b762d833b0e61199b7acbe1b9b9d7984845eaed03f8b
train,579,RLVS,,0,non_violence,NonViolence/NV_357.mp4,8259006,a70cf89037d3241b23b526f79e4ad508d5a08a26b67af044acd12210ae0d3642
train,580,RLVS,,0,non_violence,NonViolence/NV_655.mp4,97228,e16d54b05769e4a7732489a0da5e4c5645b6bbce94cd093e800e87c43920b61b
train,581,RLVS,,0,non_violence,NonViolence/NV_497.mp4,281052,31466ccb41c1e1ca093cf42deee7d80c0d2768876b2502f91b1a5ee11aadff29
train,582,RWF-2000,,0,non_violence,train/NonFight/rwf_train_nonfight_0178.avi,2802352,2b26bbe1a8b4667625e7b46469afed7bcdfa03cba249d13f986980588d38f260
train,583,RWF-2000,,1,violence,train/Fight/rwf_train_fight_0182.avi,13250518,f99d3e0c3a45ed0f79b2b4a02bd211cf39812ff1b848265e4362e2f1bfe7d683
train,584,RWF-2000,,1,violence,train/Fight/rwf_train_fight_0337.avi,11739766,2036d6e4e2f0cee1d404258ff057e6c5884bd9f6cdea404819e5d0f12a7967bd
train,585,RLVS,,0,non_violence,NonViolence/NV_423.mp4,111082,57b9bb5e68cd7d1b62a5a30e8ccb57545be1c1ac44c3d3dbffad166f876f9eed
train,586,RWF-2000,,0,non_violence,train/NonFight/rwf_train_nonfight_0517.avi,10792058,3db307a8bd93f708c0887c527e37c057acb238b2596e67720b46cf47c58d0727
train,587,RWF-2000,,0,non_violence,train/NonFight/rwf_train_nonfight_0120.avi,3441172,55d7b949cfde9d32ebeb8d9f021ef158f4492286e3686f8ccdfbf7f03f156385
train,588,RWF-2000,,1,violence,train/Fight/rwf_train_fight_0203.avi,2343476,a08ae9b5d09e7fc1a82f0d7d32871456979ca2a054fb83bc3c116c6d83f9a670
train,589,RLVS,,0,non_violence,NonViolence/NV_207.mp4,636030,7edd65efc7f4b73d37e58cbeeb7e4cf6e14e951c07a3c52e7e3155a2d314cc2b
train,590,RWF-2000,,0,non_violence,train/NonFight/rwf_train_nonfight_0586.avi,2610380,a2f8e40f1ca24607a29966a54dedd7048dcd5b034c56b0183e35786aea8097ca
train,591,RWF-2000,,0,non_violence,val/NonFight/rwf_val_nonfight_0045.avi,3404002,d9bddd5e502f1e8aae9872cae761fe64564d2e3c3c56fcee2650afbf1d681962
train,592,RLVS,,1,violence,Violence/V_496.mp4,848187,cee1990dca6a25dae331edec0fe65c447c0d88416ff9397c50c0974e1b2d8156
train,593,RWF-2000,,1,violence,val/Fight/rwf_val_fight_0119.avi,19005724,ba24c4393eb0f4017220791baf945be6f7a636b3802ff468bea03f9b5a505714
train,594,RLVS,,0,non_violence,NonViolence/NV_633.mp4,85193,259eee14cf0b1453e63cbffa86aec0de50f7b7b3aa688659f2ec13ff951ff133
train,595,RWF-2000,,0,non_violence,val/NonFight/rwf_val_nonfight_0193.avi,2160610,a045066742ebeb055a0c524d4b88d3e5c069bb5625d0b53b4714cce79bec8445
train,596,RWF-2000,,1,violence,train/Fight/rwf_train_fight_0226.avi,2274594,519c0ea5586f590028473434c537ad059861b5aa3c7d18e414effad6a66dedac
train,597,RLVS,,1,violence,Violence/V_99.mp4,639573,fbe840a6f067c68ef912f03c1a868a266fe89866ae9da214e73a56af4f0df8d0
train,598,RWF-2000,,0,non_violence,train/NonFight/rwf_train_nonfight_0729.avi,3553660,7988666c3a3dd8115b02aed5cfb0cac0e7880d655a0f3bbb8da7f7b49a4325a7
train,599,RLVS,,1,violence,Violence/V_489.mp4,634884,f13c1774b77807eecb5748bfa2107377d7436f047333e1a5504fe47d8860136b
train,600,RLVS,,1,violence,Violence/V_87.mp4,260693,f7f3f974cfc927e6a3093948e8ee4ad831a52e531859934eeb104b7728358f71
train,601,RWF-2000,,1,violence,train/Fight/rwf_train_fight_0115.avi,14253918,10647109df7debb6106747e611bf7f2c847f7f57c49b2566b8a9fd29129a81f3
train,602,RWF-2000,,0,non_violence,train/NonFight/rwf_train_nonfight_0685.avi,2619904,736d10f6bd137ed1b095cc0dd0406b150af8a107bdfe22f1ba834b71dd2c3fe7
train,603,RWF-2000,,0,non_violence,train/NonFight/rwf_train_nonfight_0043.avi,2648204,f1cc0b2a10661de91bfd4827c3667892f29a3f74f1e4b1f5f882cd0e85e72380
train,604,RWF-2000,,0,non_violence,train/NonFight/rwf_train_nonfight_0363.avi,2870496,da78c83f08d2ddf0c32278d6f82081abf59be4558760f1031c0ebcdfe1ff7c32
train,605,RWF-2000,,0,non_violence,train/NonFight/rwf_train_nonfight_0768.avi,2826136,6f32a7ea9401fdbe74cebffc41405158c3b03548b12f1dcb7eadde652fcdcf2c
train,606,RWF-2000,,0,non_violence,train/NonFight/rwf_train_nonfight_0311.avi,1876354,b98687faac44e8c3bcde50bcb561a2ac61c6f10ba4c74da42cd9484836077156
train,607,RLVS,,0,non_violence,NonViolence/NV_665.mp4,371540,2eb31944038021c2f61c8c41e8deb188727077c75ee1ed44fe458db7d8af67cd
train,608,RLVS,,1,violence,Violence/V_221.mp4,2564161,48e8b1e159d14796160c4a3fc06669f85b1b617b5b8171850403d10643d2793e
train,609,RWF-2000,,1,violence,train/Fight/rwf_train_fight_0700.avi,7684930,8f0c9834106aa19dde692f9b499bb38e494346fe315c62420fb0262585750924
train,610,RWF-2000,,0,non_violence,train/NonFight/rwf_train_nonfight_0080.avi,12374072,81a4e311f9819e598473e49ed9201b41cd36b1e5cfbfdcb6ee611084bb1a721d
train,611,RWF-2000,,1,violence,train/Fight/rwf_train_fight_0750.avi,1603822,6ce4fb31121d68f10278689e78be89044bade11fa6b6ecdd0453d5c5335bd5a2
train,612,RLVS,,1,violence,Violence/V_72.mp4,467566,0ccf53b0cf71ae04e8d894deddb28a9c0490983d202999d33808265605f1cc25
train,613,RLVS,,0,non_violence,NonViolence/NV_64.mp4,846974,2b78995b3238ba4c6c5f031618c4e4fcc245b0d65da3b265029d4b408f539a95
train,614,RLVS,,0,non_violence,NonViolence/NV_171.mp4,460764,f775639394860a0167f38225b8ccc6484c99f283a016d340191b37dee369ce1e
train,615,RWF-2000,,1,violence,train/Fight/rwf_train_fight_0427.avi,4591582,09c6679f689f4907f3829f39e17e3029e176b45a9f32e966509dff2bd4e105a8
train,616,RLVS,,1,violence,Violence/V_404.mp4,393560,72ca31e0b76a18512920f83fa02954e18563a043d163fce6be0618c399a85c4c
train,617,RLVS,,0,non_violence,NonViolence/NV_324.mp4,1150411,36d18b002c1719e12d7933159241018ef6279a23d72975636621e8ac9890e5b8
train,618,RLVS,,1,violence,Violence/V_494.mp4,1010897,813b7757586f7aaaec3c735a8823a313cebeac68abff1218c8a3f8a51e64bd1b
train,619,RWF-2000,,0,non_violence,train/NonFight/rwf_train_nonfight_0274.avi,2443660,53da45120da81acf85e333c6536b1e368e23e79ab2cba5c25ce33bd8af4065cc
train,620,RWF-2000,,0,non_violence,val/NonFight/rwf_val_nonfight_0137.avi,3876092,ea1b594a61607c5eb25a3f3d8db89dbb02f33be45b7d05acbbeff054510b3b91
train,621,RLVS,,1,violence,Violence/V_715.mp4,941081,5fcb39981826db159ff1d00f0692fc97a3847d7aaf94248d76d0ee0635dec1dd
train,622,RWF-2000,,1,violence,train/Fight/rwf_train_fight_0108.avi,2527508,67d0181ea38984172447ec2ae9db62fd5f04c5c5d0b88ea30b1e7247e453b591
train,623,RWF-2000,,1,violence,train/Fight/rwf_train_fight_0588.avi,5900194,7aa2fe347ca44f09c6a4b89761b1889796c8c1a18d6240ba12fdd5299409a085
train,624,RLVS,,1,violence,Violence/V_855.mp4,728431,e16d7140593a3627e1ff5b20e50a3f79fe7882aa248e22dc8e415012931ac05d
train,625,RLVS,,0,non_violence,NonViolence/NV_830.mp4,781554,e90eefd57748210ff7f3c014d70cd5361b4ac07fe94daeb6acbec8f62c380e65
train,626,RWF-2000,,0,non_violence,val/NonFight/rwf_val_nonfight_0187.avi,2896348,51380daf535028917a0b77faa4b3a4ef3c7231e479cb02471fad85f9d2f89af8
train,627,RLVS,,0,non_violence,NonViolence/NV_676.mp4,860819,70da0d937e160ac8541f875b1be35f895826c3ffaaef93caba2744d07e61130f
train,628,RLVS,,1,violence,Violence/V_803.mp4,743207,c5db8be6b3bb1e972ddc4cb8bbf061c305bfd41221be9e8e7d70a96b2b9f11cf
train,629,RWF-2000,,1,violence,val/Fight/rwf_val_fight_0178.avi,4758676,55ff3f5731ab5d1001325786593b02102dc137c87b6051905f4e6932c22ad586
train,630,RWF-2000,,1,violence,val/Fight/rwf_val_fight_0106.avi,3989462,84241929e98f4edf716e55571c5d1a1a7db06e355e399e281327cf9a6a46b21a
train,631,RWF-2000,,0,non_violence,train/NonFight/rwf_train_nonfight_0539.avi,1939784,05c4ab8e0a7a48b15ae446a09038dbd481b6542eeb01f4a8e009922d2ca25a7f
train,632,RLVS,,0,non_violence,NonViolence/NV_610.mp4,490875,44381e318101b0763dcd67818fc453bf2d5dc90d388a9001f2a45974c41fef0b
train,633,RWF-2000,,1,violence,train/Fight/rwf_train_fight_0126.avi,7827114,0aad8d1fc77ff6c4e74029aec06c7f052ee2776fbeee8b180b1745f8d0105471
train,634,RLVS,,1,violence,Violence/V_972.mp4,696567,15150c91491fb850055a0cc406341aca27d42494828ce3855cb6dd1972233ba0
train,635,RLVS,,0,non_violence,NonViolence/NV_176.mp4,376352,fbfdf01fa2907951409f92da2effa9edb25cc7f85de07a57271a7753e34484d3
train,636,RLVS,,0,non_violence,NonViolence/NV_820.mp4,1063232,32c40cb80ad674472b7994bace6692a73d8d7958f1c9063734be49c848d169f7
train,637,RLVS,,1,violence,Violence/V_654.mp4,1010234,61c219fe3cda519b613abbf6a5fa4c1d4c2c86c70f5f9462864e7d0a03bedcb3
train,638,RWF-2000,,1,violence,train/Fight/rwf_train_fight_0695.avi,15171792,bcb55ac74a230ebb8b83c4a654ca17088435cae0476f5aa27ba45138fd52a869
train,639,RWF-2000,,1,violence,train/Fight/rwf_train_fight_0455.avi,4358538,557ed74fb1e3e69fa0eed283cbfa140ae96b6441ea3e1c09d9e6634026f84e9b
train,640,RWF-2000,,0,non_violence,train/NonFight/rwf_train_nonfight_0436.avi,5571016,761e9498e6efb126c6de9aed178ee4beb27aea475b21cb559c85867022718b86
train,641,RLVS,,0,non_violence,NonViolence/NV_587.mp4,361025,63d6f01b8c1d190f3b123e328d115e1f849f8226c5d06a7efabb2685f7b4b6ed
train,642,RWF-2000,,0,non_violence,train/NonFight/rwf_train_nonfight_0092.avi,23631186,9f31a18db459716a3473ff2cc1fec38a199428164d1b7d2b64044a2ce5958a6b
train,643,RLVS,,1,violence,Violence/V_252.mp4,477096,e1244bec31c94ef047bd2f093789ac47b135846d935a1c436415e8e93382e045
train,644,RLVS,,0,non_violence,NonViolence/NV_113.mp4,464314,b306e92923cf1915c5db0ea2ce70fb2853cffc5350e6ff68419c395351bb05d7
train,645,RLVS,,1,violence,Violence/V_64.mp4,362764,5e363e4a4c1a43975e925d74ce20efe1278282961da5be73986c0c6f99a5febf
train,646,RLVS,,1,violence,Violence/V_350.mp4,355499,2193398134deeac6ab2df427c33d5602f974d86f6db9ef8acf5afb0c78312806
train,647,RWF-2000,,0,non_violence,train/NonFight/rwf_train_nonfight_0340.avi,8844256,0e4f434febc77779033e2b75a1781fd191ea48f3e427642004b8b03b50925d50
train,648,RLVS,,1,violence,Violence/V_532.mp4,724559,3cb6b04e43d5c4b203a9504fc352bde55bc1a5319d0c8d5d630c2d9cefac1962
train,649,RWF-2000,,1,violence,val/Fight/rwf_val_fight_0114.avi,5567862,94057ff8375c652f4ae6ebe709c612e9718fb6deeb3e6800af4b75a2b6042d54
train,650,RWF-2000,,0,non_violence,train/NonFight/rwf_train_nonfight_0375.avi,6799866,9fc4f50e84df1a8f4b7f4efd51319496d6edf4f7a034c3173360d8fd81ad7c4f
train,651,RLVS,,0,non_violence,NonViolence/NV_858.mp4,1343293,43575a433c05f248e5be647e793df0c3d6fe95dfc30453061dfdf1bec3758b45
train,652,RLVS,,0,non_violence,NonViolence/NV_369.mp4,258252,ff7b8e2f8ef29b07ae2889ccf93e458087daa3774b3edb9bd4bfde583b9fc6d9
train,653,RWF-2000,,1,violence,train/Fight/rwf_train_fight_0546.avi,2152210,ec9acacb397a4f59c2d13f4f066716d541dd6d3b605cbda98b78600a9d7a0073
train,654,RWF-2000,,1,violence,train/Fight/rwf_train_fight_0693.avi,19115072,87c4a2208c24c864bf5d3a94e1cffc1edf0993860bcb6b6e73315b018b8af2eb
train,655,RWF-2000,,0,non_violence,train/NonFight/rwf_train_nonfight_0335.avi,3690254,a7a6d6ea988c14c9b577850f7eb46cf97f9558fc538a2797c0715a26a6855155
train,656,RLVS,,1,violence,Violence/V_223.mp4,1273644,bfde8abfdf46368832e15ac492442fab720af596563e064aeaa2a4434ff8e322
train,657,RWF-2000,,1,violence,val/Fight/rwf_val_fight_0139.avi,1667344,94403080193366c93ea129b25b48b411471a15364bd12ea256bf7cca3f3eaac3
train,658,RWF-2000,,1,violence,train/Fight/rwf_train_fight_0081.avi,3357174,0b72a34eab8be8c170a2fddfa95def41d87fe82dc02d44ccaad87b75a89d22ee
train,659,RLVS,,1,violence,Violence/V_370.mp4,338806,b6bfc2d14718c5c8f206d64f6efc180e408adeeb70df17b9b025e2e22aefb0da
train,660,RLVS,,0,non_violence,NonViolence/NV_141.mp4,649292,80b87d299d8d1c0ab379d2a59cc4c70dd55cd1ba7205761ca4f2b82af3f940d6
train,661,RLVS,,1,violence,Violence/V_719.mp4,559211,1fd5258f072118b4f36e242ff5f5910ec5a6504b48b37816993989ce5ff916a2
train,662,RWF-2000,,0,non_violence,train/NonFight/rwf_train_nonfight_0083.avi,2185812,1ddc2fd94840db08b6b9728004d7b415f849277a598de6b9e8a8affadfd037c7
train,663,RWF-2000,,1,violence,train/Fight/rwf_train_fight_0635.avi,6692184,710af62d24c0e602dc437da91d0e50a67339a7a19c21875dd2fa70a91f6c3421
train,664,RLVS,,0,non_violence,NonViolence/NV_545.mp4,1123978,b1acccbdcc89001bbf429e532d3010c85c313551cb2c54c059a2b1704bc3251a
train,665,RLVS,,0,non_violence,NonViolence/NV_61.mp4,1281520,a3e15bdae6ca7fb55bf9c7f353f7e1459bac7334c9152e1010293375b1cd7e40
train,666,RLVS,,1,violence,Violence/V_701.mp4,1024443,bf06c8bc644a16bea06fe2034cc9749e9d6386b50fb61de4f3513c8655bcd9df
train,667,RWF-2000,,0,non_violence,train/NonFight/rwf_train_nonfight_0754.avi,2404668,34d2a6224749b917fcb4cbc900dbea2236f934340f5c96f1584d14aa8a4733bb
train,668,RLVS,,1,violence,Violence/V_161.mp4,294102,e3a730ae4279e380286e935428604ee8e5c665f571e935180f45c2d09b6c34f3
train,669,RWF-2000,,1,violence,train/Fight/rwf_train_fight_0148.avi,10446662,7fb83f02b77af73ac9a6be39a67a0d393c8d5a7aff79fcc2a2bf3302251966b6
train,670,RWF-2000,,0,non_violence,val/NonFight/rwf_val_nonfight_0186.avi,1694502,d22c389cf8c2360a48262284fd4d9f691dd87e77141828ad42873d6c4d1a26f3
train,671,RWF-2000,,0,non_violence,val/NonFight/rwf_val_nonfight_0031.avi,29399830,1e7c34242843120150e85781f8135a3f42ce690491d629878a865c271f9193e8
train,672,RLVS,,1,violence,Violence/V_33.mp4,1476306,5368c2a3feaef3d3f41d34bd0b02801e8ee1174f19c57479dad7c9429e2e2e3f
train,673,RWF-2000,,1,violence,train/Fight/rwf_train_fight_0035.avi,1775958,aa04e317b6d64b3cdf3e27d6117598c35c730461bcb51cfe8c9ccf95c3d0184c
train,674,RLVS,,0,non_violence,NonViolence/NV_862.mp4,1212671,41a62781e1690d5bbeea4a0d56454d3381c3c1b6f0518f1d79d0b136f88ece4a
train,675,RWF-2000,,0,non_violence,train/NonFight/rwf_train_nonfight_0082.avi,12659890,4b207b2d6eca1c87309f2841aebb197909f4c80714834af7853476669277454e
train,676,RWF-2000,,1,violence,train/Fight/rwf_train_fight_0756.avi,3668910,360e85d556ea0326cd0e47815a7c94ee8bef9f0f4d83e527ab06d28d1afa6d27
train,677,RWF-2000,,1,violence,train/Fight/rwf_train_fight_0691.avi,16438980,42a3d7e74ead4ab843776902dc15a1839ffd5408f64ca5315aa431fce22eecf2
train,678,RLVS,,0,non_violence,NonViolence/NV_231.mp4,608174,c81545d4e2a0fb6518a58c6927a7d5981e039ce64ada0d2fb766e9d48254692a
train,679,RWF-2000,,0,non_violence,train/NonFight/rwf_train_nonfight_0077.avi,4926518,805975e2d5dde2099fe820f4193982e76680549e54a74db323fef0c7b2186614
train,680,RLVS,,1,violence,Violence/V_362.mp4,1288284,dd8025edbb0acb971d09cf966b01d9b1cd7a176ecefae2cbc54de61b16ebd405
train,681,RLVS,,0,non_violence,NonViolence/NV_577.mp4,292090,e7a45cbedfe6f53de9e597b929343aaea5404b8f0d447c2dbcedcf2b9ba93656
train,682,RLVS,,0,non_violence,NonViolence/NV_509.mp4,621004,57addd5eae22a5de75502482205f337b89098badbff542afbe72b603aa64d74e
train,683,RLVS,,1,violence,Violence/V_921.mp4,257784,c2ae1504a024016acc830f387b8f4d00e5ba0c3adfc2805a61b144928ca1a1e7
train,684,RLVS,,0,non_violence,NonViolence/NV_549.mp4,434002,df23d9ccfd1c31dd0e3c51221c4a813c83d4d96df23a5c01f634ed10d08912cb
train,685,RLVS,,0,non_violence,NonViolence/NV_836.mp4,894598,be0639e6e74170bc4ee057ea64d830c2e6113ee2216d297105946a7992588eb7
train,686,RLVS,,1,violence,Violence/V_145.mp4,924357,46873ec77875695d9ade0cfa92a5724859731885db47b06ddae7ab9cf7d5b801
train,687,RWF-2000,,0,non_violence,train/NonFight/rwf_train_nonfight_0798.avi,1655146,de53a0fc003e3e68dfa59b20be89caa4f3f18f5405dc1a1ac0622f34a7b00e8d
train,688,RLVS,,1,violence,Violence/V_519.mp4,414326,38dc0d161d2e70680ef9bb8e8fb91d045aa0a2c1cc148dc31fe8aca8a8770bca
train,689,RWF-2000,,0,non_violence,train/NonFight/rwf_train_nonfight_0740.avi,2757672,03430ba4472e7eb44481f02d87994b68fda833dc69607f2c028ba2a36d0e4d04
train,690,RWF-2000,,0,non_violence,train/NonFight/rwf_train_nonfight_0315.avi,7790764,dcb5d02e5f337b9fc234f1d985a6293a1e3bd4e02339d08cbcbbcbd089bb8580
train,691,RLVS,,1,violence,Violence/V_15.mp4,771890,0826d2f1484fd21c0ee57dcefd5c83097d69d3cb8409f39daf93fffa5ed5d16f
train,692,RWF-2000,,0,non_violence,train/NonFight/rwf_train_nonfight_0396.avi,3840446,13752c9f26a5343c94d2a7312858cecce799b5070352e99ccc5995d653444f77
train,693,RLVS,,1,violence,Violence/V_838.mp4,992543,3cb53487ad9165a0140f81a18f4a47bb6fbd07c7dc3177059c994dab28758153
train,694,RWF-2000,,1,violence,train/Fight/rwf_train_fight_0538.avi,1236124,3c92bdefe5bd3dc32e47ae9b8ea828ef7a67c4c58b8774318ed96864df0ca4ed
train,695,RLVS,,0,non_violence,NonViolence/NV_218.mp4,586724,5ef606a8de514e556ae01832c0c76cb885eab135227f3bd875434782b3a8bd4c
train,696,RLVS,,0,non_violence,NonViolence/NV_663.mp4,233432,3ea0919fac7523bf1f4775771c7a7c758cf1ccb4b5fab8fcf9ca8ac1e6c9f8b8
train,697,RWF-2000,,0,non_violence,train/NonFight/rwf_train_nonfight_0556.avi,2646270,306c974d8916bccaa643190fa28eb2c3b097fabc087cb73540148b69e98f6337
train,698,RLVS,,0,non_violence,NonViolence/NV_996.mp4,900689,24d3f031d6fe4e218402fd6a092e6fcb41e4b6ce520231d80aa6461cf46d8312
train,699,RWF-2000,,1,violence,train/Fight/rwf_train_fight_0380.avi,2248874,3d1fe556f42d740059a1aea96f64f02aee06f1b3b4173c53960c87553d814424
train,700,RLVS,,0,non_violence,NonViolence/NV_915.mp4,350573,ae5a4d76ad767062082c5a4fead315833d060aa9f38acd75fc374cd7df99aed7
train,701,RWF-2000,,1,violence,val/Fight/rwf_val_fight_0053.avi,11784858,3ce52593b71576cb16368c618bbc8592a362d0c1e14f718fbf8f14b0e2d38a03
train,702,RWF-2000,,0,non_violence,val/NonFight/rwf_val_nonfight_0157.avi,5810826,788187e0192c281060aa8d7fc53e5bf44c165e20db7402b9dde95a5c7b339963
train,703,RWF-2000,,0,non_violence,train/NonFight/rwf_train_nonfight_0526.avi,1792772,ecd5f2e0e8944278c0dd5425aa76577bbb58ef53c37e51a9bd87b6b1d9b34662
train,704,RLVS,,0,non_violence,NonViolence/NV_292.mp4,1416255,a77db4f014274fea5e5d95ab40e544d7b53c3dbdb6b07cbd28ee0563279b7001
train,705,RLVS,,1,violence,Violence/V_748.mp4,1013235,d7df535f43e5a9325b5d07855bbb402778aa487230c9524d517b1c9c0f9bfd4a
train,706,RWF-2000,,1,violence,val/Fight/rwf_val_fight_0149.avi,4914362,4c5e5e385138dbca194d3245325e66cfb1e7c52423ed6630fdf58e547b484a17
train,707,RLVS,,1,violence,Violence/V_400.mp4,1819073,605df1947e9859a25096d9c5a73da433940c4771ef109cc18c997258d7a71e33
train,708,RLVS,,0,non_violence,NonViolence/NV_253.mp4,461628,02ef60b28ac367b89a9b7ff62cab9b35097f12953ad3519ea1ae00f3e3481d40
train,709,RWF-2000,,0,non_violence,train/NonFight/rwf_train_nonfight_0619.avi,3917532,8ffc5797b3784dab97c60499280b3a88dff45142f4dfd711a7205f2b2beb4610
train,710,RLVS,,0,non_violence,NonViolence/NV_762.mp4,1438125,ebad01700f84725ed8bcc4017b65cc3c4758c7079fff86d4498bd06b8e42e661
train,711,RLVS,,1,violence,Violence/V_876.mp4,1106647,541e6ffb876c37a1d854e14eb97fbd54ae0bc90449b795ba3e0b4ef7854d2cf3
train,712,RLVS,,0,non_violence,NonViolence/NV_838.mp4,629160,a25efbbbb36834f2e93bb2f134ec0d34371faae6fbfa9fd59607eb49a8de3f5b
train,713,RLVS,,1,violence,Violence/V_856.mp4,559058,6c7e53abbb02662f0358ee27548b4d0494635d3d3e8e8d036a766fa88af30670
train,714,RLVS,,1,violence,Violence/V_929.mp4,334410,a14424c4a6f5f07ed5b6bb83092e424df310a1f2ceb82c917124eec342bc7e95
train,715,RWF-2000,,0,non_violence,train/NonFight/rwf_train_nonfight_0098.avi,24507464,3664a49329cc10321ab3eff8d0b45fc2886739d65b68e763faa324f0a276cab2
train,716,RLVS,,1,violence,Violence/V_341.mp4,299219,3ea1839c984730d7f3e9cda05731b7f376c7a4b8296ac5b3fe70f3af66cd856a
train,717,RWF-2000,,0,non_violence,val/NonFight/rwf_val_nonfight_0016.avi,2232254,afa42430a2aa81af0941933a500f87d84cfbf1f7904ebdfff398ce23ce58a4e3
train,718,RLVS,,1,violence,Violence/V_488.mp4,1282897,22f91e183ed6b885b1e7a84569db1f48e65578a45c256ce927e4672f3a2a77c6
train,719,RWF-2000,,0,non_violence,train/NonFight/rwf_train_nonfight_0179.avi,1386212,8b176b13c1a44edc28d7fc2a0710c42167807413c51b96cb65d27cee92580a3c
train,720,RLVS,,0,non_violence,NonViolence/NV_650.mp4,327905,b4f207440b0d315df26ac01a135d6aaa7745eeb72c4fa8c743daf89a505966e7
train,721,RWF-2000,,1,violence,val/Fight/rwf_val_fight_0131.avi,8591592,83860072799a5c3a2e946cf6a360dbf5fa17fcc061894f854b51cba2ba4d7265
train,722,RWF-2000,,0,non_violence,train/NonFight/rwf_train_nonfight_0461.avi,10733178,54cdf0c05c3e081de954f99b3e79ee995e1ef02154b36a9abec294da09c2d24a
train,723,RWF-2000,,1,violence,train/Fight/rwf_train_fight_0568.avi,2072706,1e3541ea861a31dd91157ac72629752a4e30913a833c3da04b25ed0f2d7c5686
train,724,RLVS,,1,violence,Violence/V_901.mp4,333191,76b8171133c2d98251ee73b7fd42a4066a86156b88af8160a42bf68dd6752302
train,725,RLVS,,1,violence,Violence/V_344.mp4,350933,ee5c6e37c454f9c602794ff6daf077e0b5027d20dcceb5929b4841a580a488b9
train,726,RWF-2000,,1,violence,train/Fight/rwf_train_fight_0744.avi,1525586,87a876d0b8dd1deffab780f373cad86b6be6d92ca22a9ccadf3dd6ebf79476c6
train,727,RWF-2000,,1,violence,train/Fight/rwf_train_fight_0755.avi,2323796,9099016e7fa74c3c2640bf711ff4e5590b7858ebc8dea5dd0cdde9e9a0cbd8a8
train,728,RLVS,,0,non_violence,NonViolence/NV_451.mp4,341042,85d1e0e199afc65a4d371327b072499d736446da502d1c849a1c8348626dfb2e
train,729,RWF-2000,,1,violence,train/Fight/rwf_train_fight_0435.avi,5335588,af8653d3eb47598d827fc4755bd4fbda7fba80946006d67fb69788b35d9dd442
train,730,RLVS,,1,violence,Violence/V_697.mp4,561355,c75ef28288472dbee674ddc18fc2243280766221d77eeda9e55342fa35f49917
train,731,RWF-2000,,0,non_violence,train/NonFight/rwf_train_nonfight_0538.avi,2063980,1545928ef21087f81c21a8540665c7d2ac409e7ed1de765112c0b930c79f0df7
train,732,RWF-2000,,1,violence,train/Fight/rwf_train_fight_0482.avi,10025824,3e9f168856194429359aacb4f20c405db006bade3fab56e2b91b28d02c92d456
train,733,RWF-2000,,0,non_violence,train/NonFight/rwf_train_nonfight_0025.avi,3744332,179f558e490be0ea7748dc4b35bf23955fe7e9f4984f892c0d03eb523bb66932
train,734,RWF-2000,,1,violence,train/Fight/rwf_train_fight_0445.avi,4975776,068ce4805a3638a6276334c7cfe092b431e53f0c5dc21d2c8964e6a368129b46
train,735,RWF-2000,,1,violence,train/Fight/rwf_train_fight_0722.avi,9750840,f03c26188095c0c07754fba16283b55dce7f79910cf4cd2b6a8274c68308fd8d
train,736,RWF-2000,,1,violence,train/Fight/rwf_train_fight_0100.avi,17094626,eb2669f6af156373d724fab3a732195f04456a76ae857cfa2e0a038223c7a8db
train,737,RWF-2000,,1,violence,train/Fight/rwf_train_fight_0012.avi,2109286,8dd96666641270968d296e70f9765f127f016e8e316230cd87a0e67d5760c573
train,738,RLVS,,1,violence,Violence/V_875.mp4,1230200,017345166883421ce136d9fc4756c2b05b5ce9095a9aa47c7c905873cd88bfd8
train,739,RLVS,,0,non_violence,NonViolence/NV_419.mp4,200080,9c70cc1285d32a8ef00a22a914b7f1f0fc38827b82c9c8a6b7a2a4364c9f9f1b
train,740,RWF-2000,,1,violence,train/Fight/rwf_train_fight_0054.avi,3223526,a90de783a8428483b7a955a27d74d58012c85d9c04d59173b9cf601cd0408eeb
train,741,RWF-2000,,0,non_violence,train/NonFight/rwf_train_nonfight_0554.avi,10667914,1b678d9adedcdd4e0f5b0827b9c60edad2288082f278a6af4a5e9a6408d5526a
train,742,RLVS,,1,violence,Violence/V_794.mp4,709176,2a7e8cbc980c47ddf77168cb648ad4abc319af4602221ddb0b73469273b6e482
train,743,RLVS,,1,violence,Violence/V_20.mp4,1849446,0322b85a501a0f4cdc8a9531f6c6cf8f29e8470c97b0a5624bee3092151e9b1c
train,744,RLVS,,0,non_violence,NonViolence/NV_724.mp4,782824,f4d1638fc935ebef800c1bb94dc1ba9481dcd1a565030ad5083af06ab016d190
train,745,RLVS,,0,non_violence,NonViolence/NV_371.mp4,230175,32cbf2254cf27bcb7b12531c0080135f84a9bb4e46040c2ec5f7a4120339650a
train,746,RLVS,,0,non_violence,NonViolence/NV_761.mp4,3037646,cab672da2412348faee887672b33b3fe39babe7873f6ff094a9ca1689b90c328
train,747,RLVS,,1,violence,Violence/V_699.mp4,902699,932c8cac95e8c7cce3698eb7ac0785191dfa6d021df323ef2707e5c1249fc373
train,748,RWF-2000,,0,non_violence,train/NonFight/rwf_train_nonfight_0233.avi,3017874,cf54b7b10c7057dc165a98b1cc2b6eca867f445028852b4c8d55b4fd2706dfe3
train,749,RWF-2000,,0,non_violence,train/NonFight/rwf_train_nonfight_0742.avi,2247082,d2894a746a58a850e74ec9ceee31e2baf29fa94c6b3ebf5e687960a22ab5e9ef
train,750,RLVS,,0,non_violence,NonViolence/NV_620.mp4,153703,025b19300b0268789639dd781660acd5e2f64e3648cb4eb30c3925be981e58d2
train,751,RLVS,,1,violence,Violence/V_396.mp4,262876,6ce2427924767db26e40189a6135c511d7e823554d35eb53f26842ac02266404
train,752,RLVS,,1,violence,Violence/V_831.mp4,936553,c3e797458f4952ace0341b23d57362f016550c272ff893eaaa10e76d2da8c133
train,753,RLVS,,0,non_violence,NonViolence/NV_564.mp4,607286,c954d07922e2cc204ed433a8e8323aa2086d790467ac608cfdd181c86af51fcb
train,754,RWF-2000,,0,non_violence,train/NonFight/rwf_train_nonfight_0800.avi,14355924,121be465adf87ebbb8d5552624d00ae02e442b38acc653cbed67fd2a70c6e4db
train,755,RWF-2000,,1,violence,train/Fight/rwf_train_fight_0533.avi,9957862,846b4b2c15d0f8c403e46375d00b71e6f761ce271b66a891704e35c1658452db
train,756,RLVS,,1,violence,Violence/V_872.mp4,960174,d37b5f161368d079ad71fd73aab9b4713fb468dde676a7f344118d1d78e54f7e
train,757,RWF-2000,,1,violence,val/Fight/rwf_val_fight_0159.avi,3857304,21d9e9c2a8bebd6749e12c5eb7374171c0ea20be580b20c37e5b4857249d17c5
train,758,RLVS,,1,violence,Violence/V_592.mp4,1215024,e547ad5e2cdfa6c6960bba4400778fda382c24999119c76fd088795002822be4
train,759,RWF-2000,,0,non_violence,train/NonFight/rwf_train_nonfight_0745.avi,9581300,4c31f8466e4cd5bb7576c486964a0e9fed461d656edaa9508b380aa999037f23
train,760,RWF-2000,,0,non_violence,val/NonFight/rwf_val_nonfight_0065.avi,2567528,3d0f43aba734712822e16b95b2e5cdfa83c3b7ea0377e9c494df57525ee8593f
train,761,RLVS,,1,violence,Violence/V_899.mp4,405225,3520cc755a5738496be7594780f2c03f8bcd00ba21f144a3d2ae7caec74e4cde
train,762,RLVS,,0,non_violence,NonViolence/NV_74.mp4,449694,4f7079ba687da803e841de258cc156ceb94776291387b353fc6f96a9c435f959
train,763,RLVS,,1,violence,Violence/V_97.mp4,548704,167e63447d7c35b2946de8c3c36525595e6ca28bdffc09ec29b2a8050ec41f4d
train,764,RWF-2000,,0,non_violence,train/NonFight/rwf_train_nonfight_0708.avi,13966344,0a061ee5d5aa17973d1b12d59c4efd694290756f8f67c8edc0f23ed5515b1ae6
train,765,RWF-2000,,0,non_violence,train/NonFight/rwf_train_nonfight_0594.avi,6125726,219f6b5b7cbcec9455ccd82c92b72482c10a369ce7094c0e0183374cc3835a56
train,766,RWF-2000,,0,non_violence,val/NonFight/rwf_val_nonfight_0044.avi,2705834,da0f03085cdcd3493f52b2915c35facf916154d2e0ad94bca2a176180b61985e
train,767,RLVS,,1,violence,Violence/V_484.mp4,680796,580d7c979594584ed60c1fd1041ede21b0c69aaf08a1de2afdf00a0a52100978
train,768,RLVS,,1,violence,Violence/V_387.mp4,2618860,fd10c40c7e9666adc169bd775378a052e88d9968e512fec40a54bc7450eb2e6e
train,769,RWF-2000,,0,non_violence,train/NonFight/rwf_train_nonfight_0051.avi,1512676,a56a6522fd993895fd3b37782ec456446cb01699358ad686c3fd746c8ff32556
train,770,RLVS,,1,violence,Violence/V_991.mp4,341070,5337ecf7375718f38539b00e32a5026f59cdd5d1b1f5409b38898b31152d52eb
train,771,RWF-2000,,0,non_violence,train/NonFight/rwf_train_nonfight_0439.avi,2040258,d22fed308b6f6d4d05cf9e267d9745d0097c25d2a6162b69712fe41b46eadcab
train,772,RLVS,,1,violence,Violence/V_957.mp4,288664,d8c12bc236344bf28a80cd8f974f20c47ff08cc3a732fb44d894f79660596438
train,773,RLVS,,1,violence,Violence/V_721.mp4,370377,13f6a9a4de1cf45abe5854b7ce5941fa1cce830cf6416274ce0d471b58f85f27
train,774,RWF-2000,,0,non_violence,train/NonFight/rwf_train_nonfight_0261.avi,4176980,241501d65cf05ac5c52a0bae102da0c32266d8e55829412c4560d556b1dae602
train,775,RLVS,,0,non_violence,NonViolence/NV_923.mp4,1055013,993629aa7b8a7d134573d2618f5025253a0d11b5535e10f877edebed608ce112
train,776,RWF-2000,,1,violence,train/Fight/rwf_train_fight_0068.avi,11823586,d4436d07a1c190d76a991833346cae69fd330fc955c10c9d067453094977655e
train,777,RLVS,,0,non_violence,NonViolence/NV_41.mp4,847603,ac3a68ad6c9d257d3ffb7f909e33a0561b613f96fa3e8ebc36a2027702c920ae
train,778,RLVS,,1,violence,Violence/V_476.mp4,708008,4d38837c9368e2115fca0ba43e805d8a0d95ad500a1ea3873933a30a43138d7c
train,779,RWF-2000,,1,violence,train/Fight/rwf_train_fight_0156.avi,15217380,222039c2903cad697d03398db209d19363afe77c36179f3d6011f4054a8b739b
train,780,RWF-2000,,0,non_violence,val/NonFight/rwf_val_nonfight_0158.avi,5848982,f7a002107159b51cec61581d460fa3057df879e16d7f9279f04741a0d622d648
train,781,RLVS,,1,violence,Violence/V_351.mp4,377584,eebb4120f227451d5120df1b43084c13c57f0bac4a74f556e04d83cee6b2176f
train,782,RLVS,,0,non_violence,NonViolence/NV_316.mp4,1693018,0522c6020b4241a0e08d9a72b1d9dd848a9c15a2f8a72ac2d8b9cc1fdde6ab0a
train,783,RWF-2000,,1,violence,train/Fight/rwf_train_fight_0711.avi,3384004,1ae7cbb929269450303ac29cf0b26d1221f82ea687180a28a12819a502a04e0c
train,784,RWF-2000,,1,violence,train/Fight/rwf_train_fight_0363.avi,7653258,d2754966f43cdd9e044cc3abafd561c1d9f8b02864752fd16b9456fe921d9d39
train,785,RWF-2000,,0,non_violence,train/NonFight/rwf_train_nonfight_0060.avi,2533670,86dea2db4fa8a244f7bf6f742f4d5d3abdc04851e01037c92c20acacd5625df1
train,786,RWF-2000,,0,non_violence,train/NonFight/rwf_train_nonfight_0198.avi,2832964,bba67c43a40d2defe9a56418700766eb4fb32cd1d64d8e8357dfb59c3208ace8
train,787,RLVS,,0,non_violence,NonViolence/NV_675.mp4,739137,8f7a410e01ab65e514524448a2086d2190027445b76d39fbbd9d499063990a35
train,788,RLVS,,1,violence,Violence/V_696.mp4,1122758,9136b62ca74d7c9d62b46e894992bbfc43cf767b2403ca4f302d86fda1c08503
train,789,RLVS,,0,non_violence,NonViolence/NV_989.mp4,1463227,9586aa1746034a058ac952461348234db8af961f70d7eea2fdf515bab11ef9c0
train,790,RLVS,,0,non_violence,NonViolence/NV_991.mp4,717759,b24068ea287cb7d8f08c690cd59df2d0ae637d1ccf1270a5e3d6dad28911f849
train,791,RLVS,,0,non_violence,NonViolence/NV_871.avi,386462,81b355d82e7dc4905955d2bbc46adbe8226c2b52e0bed2b0dbcfad885c405ccc
train,792,RWF-2000,,0,non_violence,train/NonFight/rwf_train_nonfight_0503.avi,2538212,9b918b880e7b9b38de7fd0e180fc01e8a68627e1b9e6748af86af93fa71a0c4c
train,793,RWF-2000,,0,non_violence,val/NonFight/rwf_val_nonfight_0024.avi,3381270,05414b6a92b3efb8988412f30236b1113d6c323686a14c5404051a628dba19f4
train,794,RWF-2000,,0,non_violence,val/NonFight/rwf_val_nonfight_0152.avi,18051424,5d5510b7f336009f49a5321de400804e5d0e62252a0acf5ea9496c594e15eb2a
train,795,RWF-2000,,0,non_violence,val/NonFight/rwf_val_nonfight_0165.avi,3251478,d6c77e3d7d1ac4801378843c1249c9f6b21a76ec30b4d5b811e971c34d0879c8
train,796,RLVS,,1,violence,Violence/V_225.mp4,852150,842505da5189acb6c418fb2bb66cdbdffa55be68b433b5df4384338ba855c427
train,797,RLVS,,1,violence,Violence/V_173.mp4,385163,200bf423400511191b290e8afca76653de3253934a0b309af285ef9f1a156b87
train,798,RLVS,,1,violence,Violence/V_28.mp4,941686,9156f71f7a712e28d3cbfa864822792626f04afcf7b77401846c6718229d3c7d
train,799,RLVS,,0,non_violence,NonViolence/NV_486.mp4,405559,ef63145c22c07d8deca4c1052d71e8b3bd14ff804b568e07623a1067d4979a50
train,800,RLVS,,0,non_violence,NonViolence/NV_86.mp4,459334,3e8bdd6414cadff22c9a32540e7a66279fde2fac55ea2e3020b74a00f8b6ff75
train,801,RLVS,,1,violence,Violence/V_969.mp4,1187948,15d724988204705fe35560e8bd1cdbe7a342c5a9d0910e279e778664c1a6358f
train,802,RLVS,,1,violence,Violence/V_65.mp4,411599,d5bf48adc88ed67ea352e39dd8ae8429aa6731e1216849728733aca627dc7683
train,803,RLVS,,1,violence,Violence/V_421.mp4,3241922,2ffc49e1048648dbb75a0e78f7afe88ef02cc35dafde755705b1a69aef564543
train,804,RWF-2000,,1,violence,val/Fight/rwf_val_fight_0056.avi,25525640,81dd72ec460e1102f63d9550dfa18b3e0d457804dc8757d8cb9a66eabedecc67
train,805,RWF-2000,,0,non_violence,train/NonFight/rwf_train_nonfight_0194.avi,2225700,207d1e7e488f1ed43f1957f8b66435cb3655451034d85d7b6bda30470ece2f57
train,806,RLVS,,0,non_violence,NonViolence/NV_296.mp4,2231434,09c3700a2438a27011456c97231088f66f2576edbd33d100a1814d55de2239ba
train,807,RLVS,,0,non_violence,NonViolence/NV_155.mp4,499092,27c9e89eff53352f855c11564e01207c443881594c7d662f9f66cc892d911b3f
train,808,RWF-2000,,0,non_violence,train/NonFight/rwf_train_nonfight_0702.avi,3786108,affe81aa0cd2b615c18f631bee78984a262577b233f91ffa4e8bae9d6f815e4c
train,809,RWF-2000,,0,non_violence,train/NonFight/rwf_train_nonfight_0788.avi,3406192,746f831deb9127b554b85d6485b9239ea513fa15cb4923bda23df3828df07500
train,810,RLVS,,0,non_violence,NonViolence/NV_402.mp4,233632,e56f216882aaef24fb77167cb8cb88cefef0163ca4c71fc38b749290d2283f08
train,811,RWF-2000,,1,violence,train/Fight/rwf_train_fight_0036.avi,1836586,02961cab3aadd542ec3dc88cf170493f01ead001de5103ca679b00e3977b5838
train,812,RWF-2000,,0,non_violence,train/NonFight/rwf_train_nonfight_0748.avi,4264974,84c1c95a6306015f6c1567a865186f38fbc67d4312f11c68ac2bcf9be0c4f988
train,813,RLVS,,1,violence,Violence/V_27.mp4,1142612,877a1a75ad7e37a38eeb4919ca80937790ef64f0ebffd0246f783e6cf3785c70
train,814,RWF-2000,,1,violence,train/Fight/rwf_train_fight_0498.avi,2671114,9022620b8c6d44dae5138e4765c8069204c3a92efe483b17066ebc375f8b6dcb
train,815,RLVS,,0,non_violence,NonViolence/NV_434.mp4,186580,0da795859bd00992e65da19efcbd500d3127f94c09ba116639cf4884ab8b1b4d
train,816,RWF-2000,,1,violence,train/Fight/rwf_train_fight_0398.avi,2710438,d520f9f735d258700aa875d63fbe7a33be41428035a366e56f913f158496d853
train,817,RWF-2000,,1,violence,train/Fight/rwf_train_fight_0690.avi,1199136,ba1fa48ecc86a546c518b9555087dcf56d62c17e94ecb6e55c5d4df511505677
train,818,RWF-2000,,1,violence,val/Fight/rwf_val_fight_0168.avi,8275246,7be806748e4bb97ddce082e0cf78a9939552af3c16e3948a50944926406a2308
train,819,RWF-2000,,0,non_violence,train/NonFight/rwf_train_nonfight_0441.avi,4144384,285f3b371fc065acb27b4103f95a607ab66f41afb08ecbc5de033121513de84b
train,820,RWF-2000,,1,violence,train/Fight/rwf_train_fight_0517.avi,10996900,e551a53b99e7a0a2b08a1dc7d173176236b1f3902b937c4103bf5935ad9b2465
train,821,RWF-2000,,0,non_violence,train/NonFight/rwf_train_nonfight_0065.avi,2492650,332b3a1aa25119ef0f605d75530ccaa000938934b2b6980a6171daec6615cc83
train,822,RWF-2000,,0,non_violence,val/NonFight/rwf_val_nonfight_0089.avi,3347336,c0f57e2bbcb5cde8d36eff4069017244f9ae05dea682f2fe27acea766a1cea4f
train,823,RLVS,,0,non_violence,NonViolence/NV_953.mp4,996772,26d4ecdd07205a7797934be233989a407866770c6699ade128ab81fd52d6593b
train,824,RLVS,,1,violence,Violence/V_530.mp4,1849320,0773687c3abea11ef015518f278f447be1aeb7c061ebc6ac9601496801cae547
train,825,RWF-2000,,1,violence,val/Fight/rwf_val_fight_0017.avi,3758834,5c61dbaf1eaedd0af66f2276a9822493135c3573c9a76054c0dfb8e0d26c3b9b
train,826,RLVS,,0,non_violence,NonViolence/NV_87.mp4,436488,e76035288bd959548309809b0cf370f4c1c83a72c54c2eae298e0973af89d317
train,827,RWF-2000,,1,violence,train/Fight/rwf_train_fight_0127.avi,6748412,c0d0bb458305dd459a9e9da3d49aeb5fe64180aadf34cf2fdad154137dc89c7c
train,828,RWF-2000,,1,violence,train/Fight/rwf_train_fight_0553.avi,16456266,8f06b5a5a89ea233f6340610a5f40d463415abf152d1013b7ff0e7b8ebdea082
train,829,RLVS,,0,non_violence,NonViolence/NV_834.mp4,806391,f479eb4cc00637b745c067671e8ead93178679e4f9f783c8fd559e15b937d576
train,830,RLVS,,0,non_violence,NonViolence/NV_715.mp4,1601503,d48f500173d7a4528a3db5c0c40eb426f584e23e85cead540aaf6521292296b3
train,831,RWF-2000,,1,violence,train/Fight/rwf_train_fight_0645.avi,3025470,064fc4fba826f8f229d56fba6249818f2bea591b1840f6e55b28d015fc8f8b55
train,832,RLVS,,1,violence,Violence/V_768.mp4,1194068,571591894f0b400e084f636db1f00389cf614034dc26e8e713b8cdbf44f46186
train,833,RWF-2000,,1,violence,val/Fight/rwf_val_fight_0134.avi,8728826,572a7bbd506a45cb90f00bc1a6534ea88a3178e9a792de398493f7ae85f575a3
train,834,RWF-2000,,0,non_violence,train/NonFight/rwf_train_nonfight_0620.avi,2792446,f83aca43a986dcba072b163ab65c23baac11a168ca9782f3254d44d3c16fb152
train,835,RLVS,,0,non_violence,NonViolence/NV_362.mp4,13363030,dfb47dc741249fe185e60d58cb7492247c658e4dc96cf481c3366d49408b24eb
train,836,RLVS,,1,violence,Violence/V_571.mp4,1075182,3359a1afd6483e60dd1b67fe796f35cf2cbbd524a2c2f809d5e1e0f99009a6c2
train,837,RWF-2000,,0,non_violence,val/NonFight/rwf_val_nonfight_0055.avi,12582738,66aa5cc52df4ca32e85ac734d304eac0bb6c9965628106e369410ca707f1c60a
train,838,RWF-2000,,1,violence,train/Fight/rwf_train_fight_0155.avi,15475452,bd60cc6dcfa7365bda54942add71cd78afd5e6b531b35fce6277d46c99123d56
train,839,RLVS,,0,non_violence,NonViolence/NV_28.mp4,1061618,843b52e4ec219cd74695d08812e86e810d0fd22bb08706423931f9e03cef828e
train,840,RWF-2000,,1,violence,train/Fight/rwf_train_fight_0771.avi,1378322,50b9e555cd6d5d7713a02b6340b2bb5c6297d71455522e53becd055ed1f80689
train,841,RWF-2000,,0,non_violence,train/NonFight/rwf_train_nonfight_0222.avi,2638586,d1bc1a4566bb033f99899fb1685a9fd668d4d7acfa5604eb8f9a1f3deb3a4eaf
train,842,RLVS,,1,violence,Violence/V_732.mp4,733542,ef9a4ecb380e1d745ff8fc956eb7106c19ae129f39880214f04e103694d15702
train,843,RLVS,,1,violence,Violence/V_604.mp4,1081545,070487b4ca0cfec35541000238689d9491f3d45cbe28e8baef19c893c5234bca
train,844,RWF-2000,,0,non_violence,train/NonFight/rwf_train_nonfight_0597.avi,3783166,da4e346817c64fc495ef639c22b51e196b1aad74bc4dcf5cf0479f04aa572149
train,845,RLVS,,0,non_violence,NonViolence/NV_453.mp4,189115,e4f468cc0da5f19ac0266dfca118f3b7926f691853767812431c5a13deedbbd6
train,846,RWF-2000,,1,violence,train/Fight/rwf_train_fight_0618.avi,2426456,564d4b908e525532d9a8f89e2d3a48165aeecc8a17c9a90d2a74b4c68a747c2c
train,847,RWF-2000,,0,non_violence,train/NonFight/rwf_train_nonfight_0753.avi,2695594,f1c56719bca49314e7c7fa2c596fef9bd6a215126b3fb734dc4f8cdd0d05fa02
train,848,RLVS,,0,non_violence,NonViolence/NV_947.mp4,985446,7a00f7cf3d1d5fdc3bbf6eab0cf2066fc8b6543099dca3f0752b9fd37f9eadb6
train,849,RLVS,,0,non_violence,NonViolence/NV_800.mp4,1197763,cb0f826eb02f29ea42b3a2f75e6770552037535f4c52014ba3cce558c18a4994
train,850,RLVS,,0,non_violence,NonViolence/NV_461.mp4,436100,2fc7763a04723178a1beeef0e4803f24c2536a784da82729acfcc8ecc64866dc
train,851,RLVS,,0,non_violence,NonViolence/NV_901.avi,831450,5e696a8c2ad3ac8ce69798c089456b70d7f013372cbdaf848eaa059b330a86da
train,852,RLVS,,1,violence,Violence/V_248.mp4,586641,39c93a56eb613703a904a1a874598b8c1fce1a3bf8151ab791f3520b278015da
train,853,RWF-2000,,1,violence,train/Fight/rwf_train_fight_0046.avi,4354140,260ffc628ecd98d971d702523482ffb28d6395be6f0b709ae3711702d84fdc62
train,854,RLVS,,1,violence,Violence/V_576.mp4,1473531,a9172252a51e6b9780445a4decc3b4b23cf63fe2723c605acbc389242112e477
train,855,RLVS,,1,violence,Violence/V_376.mp4,336321,01718bae9ae189b58110c5f2cbcd69718924b01edd8f584b4526f13fbebe5de3
train,856,RWF-2000,,0,non_violence,train/NonFight/rwf_train_nonfight_0680.avi,1214824,18f6e92e145b4e84bd54e04151b092b54d82a4185e65e99c012aa47bdde0a0fa
train,857,RWF-2000,,0,non_violence,train/NonFight/rwf_train_nonfight_0518.avi,2594252,111cf4a0f66809478ab0535e64435252e659209e50651e239b03161ac7bbcebc
train,858,RWF-2000,,1,violence,train/Fight/rwf_train_fight_0469.avi,2430330,cca27958ece8b0f2b0f3e4c6efb0cbdef74c1ab39152041e6333304ab5e8a0ad
train,859,RWF-2000,,1,violence,train/Fight/rwf_train_fight_0144.avi,4095702,be1808515c12bb72267596c44b25c1b470b810b69a3266af28eeea18b6c99b99
train,860,RWF-2000,,1,violence,train/Fight/rwf_train_fight_0729.avi,2382694,e6bb1d41beded89109d0d437825a552817bcd8140812beaa38e643524a15f50a
train,861,RWF-2000,,0,non_violence,train/NonFight/rwf_train_nonfight_0190.avi,15440264,9aadc828fd832fd08f804020820b06423159412cc8a0de871dca60c480289721
train,862,RLVS,,1,violence,Violence/V_301.mp4,2618256,ad34736d773e335b560b319862a5dec75959c95cba1dd9c83ffb96bb2a52e3bf
train,863,RLVS,,0,non_violence,NonViolence/NV_554.mp4,658174,fa86e6f95fc7edc95fdd1ce1459d4fb34ad2f86d7b9d5df8a594f3c69e92cb53
train,864,RLVS,,0,non_violence,NonViolence/NV_54.mp4,862348,a323e8117d8de26b263e50baf48c3070545baafb49355d65768edda3439d4a2e
train,865,RLVS,,0,non_violence,NonViolence/NV_44.mp4,851449,c30d55f5c573fb62c928e2109d3daa1f5d0de56cec1205a4fd37612807c8a483
train,866,RLVS,,0,non_violence,NonViolence/NV_503.mp4,429117,5ad47b2dba57e77170d6019cb03bd3e270bd12c18bf7d260c040f34f1344ca31
train,867,RLVS,,0,non_violence,NonViolence/NV_376.mp4,172103,35f190c0f1684a5bbd427daae594c194f1e4950103e21c7432dd5eea95b7c57e
train,868,RWF-2000,,0,non_violence,train/NonFight/rwf_train_nonfight_0086.avi,3491046,6908bf3882b2997e5e8ebb73b2d178c4a6020d1878b538a310752aafeec0a739
train,869,RWF-2000,,0,non_violence,train/NonFight/rwf_train_nonfight_0776.avi,2818602,6ac6c4773ac052de784944fe6919265be0dd15d412ea94fcff1cac3a6a0862fc
train,870,RWF-2000,,1,violence,train/Fight/rwf_train_fight_0105.avi,4243770,1cc28d6e3a66af162c31817391ebca175aee646bb30c3f2054159ba858a5dfd4
train,871,RWF-2000,,1,violence,train/Fight/rwf_train_fight_0320.avi,6867946,1bba4a1609be56ee38c7ec5189dfd8a7cda110ce429554ff45fe6dc22e55f9e6
train,872,RWF-2000,,1,violence,train/Fight/rwf_train_fight_0062.avi,8763746,64ca0535b33f386411bbab82d9daa76ede477d726c8af82c63d9e1dd3d4d31b2
train,873,RLVS,,1,violence,Violence/V_508.mp4,690994,3686fa173f97eae46a6b084ccdc089ef60551839b07d40cdb0ae226f33c45a08
train,874,RWF-2000,,0,non_violence,train/NonFight/rwf_train_nonfight_0504.avi,2438666,56ee9dcc2fd63ec713eacec89967ffc0b5449bb556b7c3caaa2692a9b5b02f0c
train,875,RLVS,,0,non_violence,NonViolence/NV_937.mp4,313191,ce5d87aab1f91294b717de4b8b316bfbdc4cfced646322ca13bd03df1c01473e
train,876,RLVS,,1,violence,Violence/V_766.mp4,2284363,67cbcba3ed3c69d036223ddac8865aea7cf81c27ea8c1fed1b2c67ca17431c3f
train,877,RLVS,,1,violence,Violence/V_266.mp4,617996,9b3e4ed7b641c6a86416e750010d52c3e4b5cac5514b35d1dcf11a44657a4e31
train,878,RLVS,,1,violence,Violence/V_605.mp4,1085923,a940dbb5329d733c5999ab74ad2457e8f281ba9ce204388b1fa7e60e80a976a6
train,879,RLVS,,0,non_violence,NonViolence/NV_299.mp4,2596210,fbd3d984678a73439ccb148614f9231d0f99fe555e72168bf521e365b73e3b79
train,880,RWF-2000,,1,violence,val/Fight/rwf_val_fight_0081.avi,6445612,898e74ef4b465a939a76ed399c539076be646d60a98816a2e449b2a4b70260a9
train,881,RWF-2000,,1,violence,train/Fight/rwf_train_fight_0489.avi,2980904,d0d44ae739cd5391a71e56529b1d17785bf2ba805a14ef56b1cbd0ce826c193c
train,882,RWF-2000,,1,violence,val/Fight/rwf_val_fight_0014.avi,9586208,f11fdb659b9f2821425c7d2b59db1e87f4689804a4299bd92688194f3da6c13b
train,883,RLVS,,1,violence,Violence/V_949.mp4,395458,e7fb33b9c35dc85caf546989761e846dcd7856eef5e6195298dbd24692a945c9
train,884,RLVS,,0,non_violence,NonViolence/NV_946.mp4,970760,b9fc1ff25f1b8ec3f77d3cbe103d618a308db6058729e8e7d67d0b1790796a20
train,885,RLVS,,1,violence,Violence/V_392.mp4,966269,a1e9d7937f4000372f80044995b797b99b332dd9a95e1c76cfbf304e8a2ffe2a
train,886,RWF-2000,,0,non_violence,train/NonFight/rwf_train_nonfight_0412.avi,2407984,e3704e6d305dadb5ba4a1d6ea91be7c9e77e5a385b74c034ff813acbb3310b29
train,887,RLVS,,1,violence,Violence/V_389.mp4,945263,e4ab4c900da03fd8859957e70c5a50cdca7574a40468343ded0b44226dc55aaf
train,888,RLVS,,0,non_violence,NonViolence/NV_698.mp4,921739,d33210cfafa518bbffa3e18ae5b6a4832066249eadfbc01c1c256200f7906b41
train,889,RWF-2000,,1,violence,val/Fight/rwf_val_fight_0049.avi,11950162,37eb932e46f54d4ac9fb47568c979b09e68e3c1f583e523d1cbfcf6d5ce01977
train,890,RWF-2000,,0,non_violence,val/NonFight/rwf_val_nonfight_0190.avi,2190062,82222de6f1b0bc30bdca9895f72ef803e4310b8601a797260c52e520e8e2d2d3
train,891,RLVS,,0,non_violence,NonViolence/NV_523.mp4,497880,ffa38ef2a9c18d9025e1f91da1b4d9210de9e58011e63a3b1f2e88d8478510ea
train,892,RWF-2000,,0,non_violence,train/NonFight/rwf_train_nonfight_0266.avi,3898968,ad52022dbf9159614cb6dbf80a5caca88c9a96920fda0718ec024f0f0d681d36
train,893,RLVS,,0,non_violence,NonViolence/NV_624.mp4,129347,15775b7d8187d4afbf387b281fd40c84729685162a6ad30a5de42d7b668b7eaf
train,894,RLVS,,0,non_violence,NonViolence/NV_551.mp4,324701,f29ec249f3456673fe1bbe5c655e064813a5e9006da5a4e00877fab056dc666f
train,895,RLVS,,1,violence,Violence/V_275.mp4,550840,beb3d2bcc1d5acdfbc2b776d9ca88cfd3d83d06574829c9692525208e97a05f0
train,896,RLVS,,1,violence,Violence/V_967.mp4,1218301,e17fa16ff43dd95c6b3ab629dbec0424f30008c70add667af8abd881b2a5cad4
train,897,RLVS,,1,violence,Violence/V_273.mp4,557831,c3f5bcad1b187934c26c08c1c653625e718d54ed91d75d72e443f31bdd8965de
train,898,RLVS,,1,violence,Violence/V_193.mp4,409128,7c62d6b39fca7541b51d02b5665a2a4c6bcbecaddffc091b9ff882e4eeeb29d2
train,899,RLVS,,0,non_violence,NonViolence/NV_1000.mp4,519064,9e2634193ffe1f674dcb24da2e4ff1920f625e068075ecba6447a0d6bc593042
train,900,RWF-2000,,0,non_violence,train/NonFight/rwf_train_nonfight_0401.avi,4003282,c3a9b6cb92f403470cd001c96041d33a761c1b681b0c248408f615f05e2c4eaf
train,901,RWF-2000,,1,violence,train/Fight/rwf_train_fight_0206.avi,2292778,a7e43ff617c792c8ef3c9de1df3f3f1e572ca48e6c47af522b27e5531152383c
train,902,RWF-2000,,0,non_violence,train/NonFight/rwf_train_nonfight_0318.avi,4492516,c117fe8da6b90a96fc6e2b5bf71622badf5555bac5ee00ef7851dab87ab7f934
train,903,RWF-2000,,0,non_violence,train/NonFight/rwf_train_nonfight_0110.avi,2714694,9d4471772bdeffa2e9b1f6092f76a8c0c6ba7ed045092c136d339271fb834b76
train,904,RLVS,,0,non_violence,NonViolence/NV_227.mp4,649630,e12548dc120fbc48259b4eefa71317d97463a385092a35d68a6ed29a0de54a5e
train,905,RWF-2000,,0,non_violence,train/NonFight/rwf_train_nonfight_0591.avi,2117182,05ef4d2a77b8249b4750eb324c1621c5d4101cde14ffe76d67fc90625ac4b448
train,906,RWF-2000,,1,violence,train/Fight/rwf_train_fight_0464.avi,2769196,f6bb359d9690bf6c3085f67e622c0a2f2a66c5085fbc179871fb6157a6c5e194
train,907,RWF-2000,,1,violence,train/Fight/rwf_train_fight_0638.avi,10287960,92169f2705659279b64092a7bc27e5f20203e14d2e5c85a28f649d659dd29726
train,908,RLVS,,1,violence,Violence/V_809.mp4,521149,203c1d5b9fd6b20d9ffc8ac9634fa03a9e6ccab82170293dec3318815e2a2b90
train,909,RWF-2000,,0,non_violence,train/NonFight/rwf_train_nonfight_0658.avi,3053904,2f52d54a5d5d3a7f0b65a4308932570aa6aea1397094a1943d4ee736aec1e67a
train,910,RLVS,,1,violence,Violence/V_204.mp4,852114,62afedf1388c0a270f9f30ab192d6440285f18d423e0e2407be96a38d4498f21
train,911,RWF-2000,,1,violence,val/Fight/rwf_val_fight_0052.avi,12331954,131a143e018b1a29bdaa40c802659c49719896bf5922056abf773e3dc04031ea
train,912,RLVS,,1,violence,Violence/V_291.mp4,2793435,94f104fc78de8e81c4acd6932580437091056ccee8a2444fa45031a7303afb65
train,913,RWF-2000,,1,violence,val/Fight/rwf_val_fight_0039.avi,3249708,fec163b3d50eb1be43e6afda0f905db056cda1fb133928536759028b07d6c752
train,914,RWF-2000,,1,violence,train/Fight/rwf_train_fight_0330.avi,2120222,b20ca2df422d1524dcde0d421e5e4748be19db9495348e5c399675e819c69360
train,915,RLVS,,0,non_violence,NonViolence/NV_186.mp4,697220,50e8fd5e01fea4c1414292df7e8f501bafda24d02ebb62a9466c829143706966
train,916,RWF-2000,,1,violence,train/Fight/rwf_train_fight_0686.avi,4209666,5ae415d13f2b404e7409a125dd46e0091faa13bab1185d7908c6599c703218ae
train,917,RWF-2000,,0,non_violence,train/NonFight/rwf_train_nonfight_0541.avi,3066436,ad0f0d82d40f3e3e4abc336ee35fe15e3b7e078314fbf592a85f0c0ea76e0bb3
train,918,RLVS,,0,non_violence,NonViolence/NV_657.mp4,246060,25c9b707961140f962b2c0e013ba0e4891b05e3e83d78884c458c55f1955bb05
train,919,RWF-2000,,1,violence,train/Fight/rwf_train_fight_0367.avi,2359418,885635cd09318832bafd47488d3a955a3b5b3a3cec9222011a69b4c0bd7ee0b9
train,920,RWF-2000,,0,non_violence,train/NonFight/rwf_train_nonfight_0064.avi,10211366,7ea6531885d9bad1caa1d8dc8980fe2d6d77bb3715137da9640152d7e5fc1381
train,921,RLVS,,0,non_violence,NonViolence/NV_537.mp4,419656,997e8840599ba3ca0cfd5f92de45840cf9c4c959876dbbb81ccd5d81cde46200
train,922,RWF-2000,,0,non_violence,train/NonFight/rwf_train_nonfight_0085.avi,3455466,a2b89af9d0db12cde7f93b761bf5f9d92accb5b5d10e8b3a75155dc7c137530b
train,923,RLVS,,1,violence,Violence/V_162.mp4,274563,ee1d0831df8f904c642bb9496ab8787704f75f4a02dc3986ed843d441a282f2a
train,924,RWF-2000,,1,violence,val/Fight/rwf_val_fight_0104.avi,4005830,7c04b5d67acfb1db657391dffd836f52d1a5ad769d6a8a5eecf4cdb423a38fca
train,925,RWF-2000,,0,non_violence,train/NonFight/rwf_train_nonfight_0463.avi,10723240,239546e938ea5b752007b7097bfe5420af9e5427d4421d560d18d8d4759ca047
train,926,RLVS,,1,violence,Violence/V_345.mp4,432935,dfb04ca902aa150aa1792d563a8435867d1009bf8c493f19172e12106554008f
train,927,RWF-2000,,0,non_violence,train/NonFight/rwf_train_nonfight_0457.avi,11079124,b8dcbba1c5e95ca70e987d17e4d058111be5847d371303afe165d85fb2633894
train,928,RLVS,,0,non_violence,NonViolence/NV_799.mp4,1125574,df00d6c7ddb4045469e71786b11f07be0312f79abaa3b9aed7d8e92dbe398bd4
train,929,RWF-2000,,0,non_violence,train/NonFight/rwf_train_nonfight_0128.avi,21664342,9e91809cabf6d1ed380c965a342b004480d733537f4eb4fc4ef7c9b6c11bea5b
train,930,RLVS,,1,violence,Violence/V_171.mp4,247865,ae20c9261ddf1200e34c7e99867448ae09dc3320fad4efee4edeb1afd77b2e84
train,931,RWF-2000,,1,violence,train/Fight/rwf_train_fight_0551.avi,6241866,2cb6b3c18ef84e01783f48d5d2e22f8f3637a503c20c18f7e98188d276385db3
train,932,RWF-2000,,1,violence,train/Fight/rwf_train_fight_0028.avi,12021156,ea94652c64a8dcebbd0700bc958eac153c4fb3498b4ca9c807cd43550ae1caaf
train,933,RLVS,,1,violence,Violence/V_168.mp4,303352,cf8b04265e9876f1e545988ea9fa1466f78c5bf6800646ee01bce30748f5c198
train,934,RWF-2000,,1,violence,train/Fight/rwf_train_fight_0072.avi,12227528,ad5d68f10afb6efdbd978482840669caa792129dbdd7bee2c7128850b837fd5d
train,935,RLVS,,1,violence,Violence/V_288.mp4,2216855,56ad7af1b9a4c38d445e0fd59031104b05c2ccc6396fc1335046024cb2c185ca
train,936,RLVS,,0,non_violence,NonViolence/NV_335.mp4,744665,5c141bc59a3e5edfb8989c55a2d07173437404c4cf0f6bee31af1925474b58aa
train,937,RWF-2000,,0,non_violence,train/NonFight/rwf_train_nonfight_0599.avi,3869156,3120a1765fadff22d822321135bd2eb420d5503fb02b6f96042f5d8417ec4d3d
train,938,RLVS,,1,violence,Violence/V_976.mp4,1121944,bec55bbcd8dee9e21e0d2b5fd1c740997aedb31ae2145cd873f6fb78b4f9c5e2
train,939,RWF-2000,,1,violence,train/Fight/rwf_train_fight_0758.avi,3715588,9f5812970057f27d5de49537916e89f9718ccc94d5e4168cbab4cc70e0874c91
train,940,RWF-2000,,0,non_violence,train/NonFight/rwf_train_nonfight_0310.avi,2543646,1a180842eff2b3d4a17f34c647a193a570cea815d8d4e1925aa4152c5bf8f0d4
train,941,RWF-2000,,0,non_violence,train/NonFight/rwf_train_nonfight_0669.avi,2697154,11c51bdb60aa860cbc19f7e52b2cf8aa1aaa60eb7ca0ae1b5937926c3fb16754
train,942,RWF-2000,,0,non_violence,train/NonFight/rwf_train_nonfight_0076.avi,4833450,f84c418d077fe30c07a5ed78fd6306489b2b08f59f16274fe3465621673c3f0e
train,943,RLVS,,0,non_violence,NonViolence/NV_760.mp4,375296,ed91e6c1346b0049a6cb83c48f640ea84ff2e21eaa9c7bd2b0608f469dfa4c42
train,944,RWF-2000,,1,violence,train/Fight/rwf_train_fight_0650.avi,1773656,0f4db7da58695fbf9937b40212ad1d5d4d84f7e9f69b781389c2b7c156d64dc0
train,945,RLVS,,0,non_violence,NonViolence/NV_304.mp4,359891,51686ddbae59953c2f8d1e5b6fc56979e6801490802338a41409c394085bac58
train,946,RWF-2000,,1,violence,train/Fight/rwf_train_fight_0020.avi,9676402,b968df5be620a441a9557aa217eead3052a2f7851b3b37a2f100e84eaba6acd4
train,947,RWF-2000,,0,non_violence,train/NonFight/rwf_train_nonfight_0059.avi,3846296,5e5dce70c25288a95c810eaec6f487d469945fada8d89ebc4e32b4c6c2c322e9
train,948,RWF-2000,,0,non_violence,val/NonFight/rwf_val_nonfight_0136.avi,2473090,c0248aa9f0cb9e34aefc70a1b9bc69668bb7e64278091bdd7463d6f89b33dae2
train,949,RWF-2000,,1,violence,train/Fight/rwf_train_fight_0426.avi,4674982,23a9969ca7c8e47137f0c1bb7344eabbb4bf711c9b6dd59055f4cd115d690372
train,950,RLVS,,0,non_violence,NonViolence/NV_513.mp4,415516,50403ff62f1ce6cbf730020d6149b9981eb5ca55bcb7ccc540499b783c80ac84
train,951,RLVS,,1,violence,Violence/V_552.mp4,717625,87ca574e50464b4307cd410bb4a23c56d6d316fb39aa5ef06a4890a874d5b577
train,952,RLVS,,0,non_violence,NonViolence/NV_399.mp4,221468,9ac94830c25ff743b99f6861dc90abee910ff27db16210bf59185f94aa209d05
train,953,RWF-2000,,1,violence,train/Fight/rwf_train_fight_0266.avi,2578684,657294dbb5d53cd365691fb2f7483123d47e0220c4bb5c283138965bbb75e671
train,954,RLVS,,0,non_violence,NonViolence/NV_673.mp4,913011,987cbaa1a194816c85b62eb62b04ba74953ad052c80db8da80ba58270635e468
train,955,RLVS,,1,violence,Violence/V_140.mp4,535793,153e4d7907e0bb7531754381f8452565b8c11bd064ff04a1dc9673fd6819d05d
train,956,RWF-2000,,1,violence,train/Fight/rwf_train_fight_0598.avi,1256148,4abe0e3309245eddc69a123211f0ae6794ad4c8b9640be9ae306dce69bfd513a
train,957,RWF-2000,,1,violence,train/Fight/rwf_train_fight_0516.avi,10990144,fab8d3f9acda7630d53eb483871bdc21dac4ada190f708690a8ed0c82fa5f1dd
train,958,RLVS,,0,non_violence,NonViolence/NV_400.mp4,224214,e0411ffaf403e54712b7e48ec80e39e7dd841f5bc3479156e9cf179b6beeba72
train,959,RWF-2000,,0,non_violence,train/NonFight/rwf_train_nonfight_0379.avi,13232328,675787ef156905ad6f0ac2be9a4e94690ccd79a39e9a7806250703350ed4a3bb
train,960,RLVS,,0,non_violence,NonViolence/NV_740.mp4,332414,3e6efe1904ff8fbd37bb8459119ff1bb4ce23d8905957bdf1da0218d98c54395
train,961,RLVS,,0,non_violence,NonViolence/NV_689.mp4,871055,0b3940600bd86980791bdb5eaa228d8a3180799f79410fe1d2be54ae744cb323
train,962,RWF-2000,,0,non_violence,train/NonFight/rwf_train_nonfight_0652.avi,2621826,5bf63cc974e8dce43135210d02c6029381698c23884896d00ac5bee2a3475c3a
train,963,RWF-2000,,1,violence,train/Fight/rwf_train_fight_0622.avi,4106998,0bdfec335fba4bfd814e28143e1f9cb076c54ce948d14fd30cb32f15f61b6cd0
train,964,RLVS,,0,non_violence,NonViolence/NV_421.mp4,85323,224f2432867fee10138a1632af603a3e10c64aa01a53a1a5c98c9ea5bceb8de5
train,965,RWF-2000,,0,non_violence,val/NonFight/rwf_val_nonfight_0056.avi,13014984,b7d84704e518a8904715c7673ba0b56fa12ece997e284edbc7f86d6276db8307
train,966,RWF-2000,,0,non_violence,train/NonFight/rwf_train_nonfight_0452.avi,2153072,cc303a756da282a25556e76792596fcc17f7427dcf5398c102d136852834b40d
train,967,RWF-2000,,0,non_violence,train/NonFight/rwf_train_nonfight_0270.avi,1850172,aa763ed48b00821d4af05214a184b7081e6c2e952b333d36b924bbcec2904615
train,968,RWF-2000,,1,violence,val/Fight/rwf_val_fight_0046.avi,4318750,3d53b3cb2f3af00bd331067de03043ebfa47ca283f7507abaa6aaa9cd55965fb
train,969,RLVS,,0,non_violence,NonViolence/NV_581.mp4,260078,fcd188d4911c07a54808b910329552319b09798d52d3f282db7879259c397605
train,970,RLVS,,0,non_violence,NonViolence/NV_101.mp4,1021964,286477f34d6fbf2529f5fea0bfb9b5bf6d559bb1e9bb2af974ce78a35a03fe60
train,971,RWF-2000,,1,violence,train/Fight/rwf_train_fight_0197.avi,6920058,63bf62c7a041037d7037de8badc018df44b14c2cd37f9898ab417d7a1be2dd99
train,972,RWF-2000,,1,violence,train/Fight/rwf_train_fight_0102.avi,22118908,d0183f99a321cbaa027445942127e388377003aa7d8cc23f7be29f54b93bdfe4
train,973,RWF-2000,,1,violence,train/Fight/rwf_train_fight_0776.avi,3910420,6388a960e36080a43e9c2d47cc34de322a3cd5c9f06d4612498afbdb87f1c636
train,974,RWF-2000,,0,non_violence,train/NonFight/rwf_train_nonfight_0130.avi,2481462,680a31120c89aaf4bd9c35d1f5f1334569fbf0e61509f30df219e91f6d46cbdd
train,975,RWF-2000,,1,violence,train/Fight/rwf_train_fight_0543.avi,14494790,e3f9e74c57b9d59c4820e0c652a3f90ea4a6f6c6c6d2407ba9a322cf05e5186b
train,976,RWF-2000,,0,non_violence,train/NonFight/rwf_train_nonfight_0352.avi,3459828,7105ac95e69287c3504bb7c8fb5ac6e0aba6ef39d7bdd09ff4a607df989909de
train,977,RLVS,,1,violence,Violence/V_498.mp4,629065,996460367b064795896362caa5fef651fba69dd432db0edbe49a958d907690a0
train,978,RWF-2000,,0,non_violence,train/NonFight/rwf_train_nonfight_0497.avi,26994860,89fd41c8bad6095ea5bd0aecd9a5324453ba2ec59120fb97f7439c9cd8acd968
train,979,RWF-2000,,0,non_violence,train/NonFight/rwf_train_nonfight_0387.avi,11533264,18fe83edaef502bbc861f169bba27afa393af1766a4d4b97a90435d575bf4cc9
train,980,RLVS,,1,violence,Violence/V_192.mp4,225715,210078aeba9b4a5d3599b32d02d89739e0c869599ff56d9ae67ea62b5f880d8c
train,981,RWF-2000,,0,non_violence,train/NonFight/rwf_train_nonfight_0507.avi,6255298,9b354dcbd8d1bfe6bb3db7ebf37a8afe2759b0861ab8839532df069d66fb8724
train,982,RWF-2000,,0,non_violence,train/NonFight/rwf_train_nonfight_0011.avi,2060868,22146e26fd98472b207be4df01d60546a7e9629f6d924b80fb0bd5f0d8aab462
train,983,RLVS,,1,violence,Violence/V_70.mp4,793960,167bd52ecc4e4b34dfc064d2b53c35426ff74a9fa5c5d2c8429e5233ac05b214
train,984,RLVS,,0,non_violence,NonViolence/NV_733.mp4,287434,c46c7d470aa442e36e845584bd47596cb3e865400cf88bc78d6ee4100685c715
train,985,RWF-2000,,1,violence,train/Fight/rwf_train_fight_0153.avi,21984572,f15bbf59653387250c451aa10667ad3b73a5d62428b4e2a34619be6e012e0ff2
train,986,RLVS,,1,violence,Violence/V_543.mp4,1239617,98d61267ff140c197d86261e08263b954e5a1cce507b565abae48ad5cf840cfd
train,987,RWF-2000,,0,non_violence,train/NonFight/rwf_train_nonfight_0294.avi,14748090,fd47a2644cd47620fc4506456faa0f1f1aa06020ca7ad17555657d65364c71ef
train,988,RLVS,,0,non_violence,NonViolence/NV_868.avi,294850,c70330427f5776f6a260ed06073a194a03ac1256a9fa56f3434138716765468e
train,989,RLVS,,1,violence,Violence/V_948.mp4,459685,3656eeeae2b38dac417901653b9d92b04601c7e986ff4bc3096467107ac2307e
train,990,RLVS,,0,non_violence,NonViolence/NV_598.mp4,471312,bc603ad5e1508bdba65271c7f64d837518be8ea2141c53cc0ebd1dfce25d7dc6
train,991,RWF-2000,,1,violence,train/Fight/rwf_train_fight_0466.avi,2784794,01c4046b7d4c5bbb81782e85efb5f64446d516cc728f0a009683a2ee1d4dfcac
train,992,RWF-2000,,0,non_violence,train/NonFight/rwf_train_nonfight_0037.avi,3238942,84922de254bc2b13cb43b28d34bfbcf4371d7138700beb86f6e99625c7c05437
train,993,RWF-2000,,1,violence,train/Fight/rwf_train_fight_0775.avi,29616576,7ed4d3353b7c8c77f45473e7245eb1fec504dcb81a8f00df9f9496379b1db6a3
train,994,RLVS,,1,violence,Violence/V_784.mp4,504562,58a2466fbfb086aa11d491fd35b1d892a630a73e4f6385a198cf871f2db38cad
train,995,RLVS,,1,violence,Violence/V_283.mp4,2586014,0316125ed8380b16efdc3447f267c9e18f505a46c9694f0d414cea7d6f93a400
train,996,RLVS,,0,non_violence,NonViolence/NV_350.mp4,482871,21127610d165d60f956781ce7a21aae0312821c766c3bb4e93ae78b010e00179
train,997,RWF-2000,,1,violence,train/Fight/rwf_train_fight_0639.avi,2821752,136ee65be4efba5b40e63f19735a6ee54a0c11b1a981b87d5c8f63992977dd10
train,998,RLVS,,0,non_violence,NonViolence/NV_328.mp4,872730,4fd46cb8262013965c1655be7b966ca11b1720855dab41d504dbbd594b7a772f
train,999,RWF-2000,,1,violence,train/Fight/rwf_train_fight_0629.avi,6289490,153dc8778d6ecf610c590092abc42840e5cda9b8f6edf3d512aed785e6a4799f
train,1000,RLVS,,0,non_violence,NonViolence/NV_72.mp4,690640,47cb7f02f2ee361a515aa80caff712aeda8c251aef54a5a24917d1bb8a8a38c8
train,1001,RLVS,,0,non_violence,NonViolence/NV_573.mp4,672797,042a63ea0f70c3bf96a73bcbff64df323f4de295332c60992a8ed8271e66e575
train,1002,RWF-2000,,0,non_violence,val/NonFight/rwf_val_nonfight_0149.avi,2732622,a270261933bbc9cc5cc7e27ca997427e1dd3809501da7f513438b5824d9d94fa
train,1003,RWF-2000,,0,non_violence,train/NonFight/rwf_train_nonfight_0430.avi,3474428,156734ef7f2763923e57ab3010af489548131f2245bb458565be9d64d00d49dd
train,1004,RLVS,,1,violence,Violence/V_881.mp4,384475,5af53ad17250bbd2ad90017a0a5a0823f47cff948f596a79f3f53386146f8e73
train,1005,RLVS,,0,non_violence,NonViolence/NV_147.mp4,222192,73742bab7ea651ae5260096b1bcba9d60768e7b21d128e999c54cbcac68c89af
train,1006,RWF-2000,,1,violence,train/Fight/rwf_train_fight_0041.avi,2924954,2928eaa7e54d80a7d80d5a9d000449a51371d7ae80c850b96ced2185bef30c88
train,1007,RWF-2000,,1,violence,train/Fight/rwf_train_fight_0715.avi,3085758,3f210702c50e26dd66ae0491d7e192b0e0a4265e475847c7d13cdfcbe475c741
train,1008,RWF-2000,,0,non_violence,val/NonFight/rwf_val_nonfight_0192.avi,3553660,7988666c3a3dd8115b02aed5cfb0cac0e7880d655a0f3bbb8da7f7b49a4325a7
train,1009,RLVS,,0,non_violence,NonViolence/NV_557.mp4,931599,d166eb8b48aa51bfe0d526a357ff4f0931f2f8cf1d6eebd09081ebe32c19f9ea
train,1010,RWF-2000,,1,violence,train/Fight/rwf_train_fight_0061.avi,14012682,0dc4f0989d333a71926ca1445f325cfda8287ef98ddb6a77a7323afed5b31492
train,1011,RLVS,,1,violence,Violence/V_445.mp4,665362,387e932f7a3889d52b10547bdd56e12cd3ba8f17941efacea89480765e7074e3
train,1012,RLVS,,0,non_violence,NonViolence/NV_677.mp4,1023041,1e5eb4bc0fa1009fb7257e6da03c5e46e05d8fe7c745883ee9de877dd3ddb088
train,1013,RLVS,,1,violence,Violence/V_308.mp4,2434239,8f7215d6998db7d0a6976c457fa61faca9b6e3cf307add2740ef40f739d81629
train,1014,RLVS,,0,non_violence,NonViolence/NV_786.mp4,1224762,e2469b044c2598c59b154e72ca1f2fb120bab8595c4f88dec3cb5399957963db
train,1015,RWF-2000,,1,violence,train/Fight/rwf_train_fight_0176.avi,2342786,6c3bfcc31051399d6be3e578cb421398d94f5a88d19b52e98549f21c05855bb0
train,1016,RLVS,,1,violence,Violence/V_542.mp4,1286618,c61db7886ee0cf4132f9c8961d1c7704464cc2f68316a050f7fb669e4297ac87
train,1017,RWF-2000,,1,violence,val/Fight/rwf_val_fight_0129.avi,9667802,2e9fe934671aa3b89fa871a740c36977efdc579ea384d2473d57c15bf31fa583
train,1018,RWF-2000,,0,non_violence,train/NonFight/rwf_train_nonfight_0637.avi,3739084,1a46d213857fe3eb75413632a998a9ebd71502f113cfcbedde07bf8062c6e9dc
train,1019,RWF-2000,,1,violence,val/Fight/rwf_val_fight_0042.avi,16820902,45d12fe47fc75cd30e471df89dfa3ccd84e2ccfff2c10047217067ab4fb69392
train,1020,RLVS,,1,violence,Violence/V_313.mp4,2625659,a397ee45538d45cf76cf8fba98262913b8be5670012d3395645b24fc6a862d75
train,1021,RLVS,,0,non_violence,NonViolence/NV_124.mp4,454312,eaae4e2f80a0105a44b7be352b6c7e29cbbc5663bf1d9f3e99e9060bff395e06
train,1022,RLVS,,1,violence,Violence/V_765.mp4,2458372,c25bce81a1fb749e2e156fb4a6f5f4568c29de340cd36d6f135923b55bc05feb
train,1023,RLVS,,0,non_violence,NonViolence/NV_684.mp4,350691,a0231c2d9bbf180d6cb328d341be1631dc7b24c8bc8a1d5461c0f06b3419b0d7
train,1024,RLVS,,0,non_violence,NonViolence/NV_911.mp4,300376,66c1021fcc250d2d70a8a76c6129ab4df7fc69cb0c0a51d05e60c6704746d6ed
train,1025,RWF-2000,,1,violence,train/Fight/rwf_train_fight_0051.avi,1674502,f009da2da1d9c67ee102238ea25ca9701abf3ae1e3237ced103d7107fdcafb27
train,1026,RWF-2000,,1,violence,train/Fight/rwf_train_fight_0483.avi,2451258,5c9435d5ddad63b142987870ff24398ca27639692b6fe56490b2233ec8d7612b
train,1027,RLVS,,0,non_violence,NonViolence/NV_854.mp4,2038460,66969a585e9e160816da14b1b66cbcfb0ebc27cd804fd52222a72de8e7e8ec02
train,1028,RLVS,,0,non_violence,NonViolence/NV_492.mp4,221368,f6831f24eea147318a75c576f9b1e770dd1654b277d47918e673920bf12c6bf0
train,1029,RLVS,,0,non_violence,NonViolence/NV_979.mp4,720159,b50c1b7360360c80c17ca67097ae7053f08b48776ec7af17463957e924e44ff3
train,1030,RLVS,,0,non_violence,NonViolence/NV_729.mp4,769414,09d5352ce6bf8507b76954459bc42c2b4caf7067a80b4dbfe39732c016f130eb
train,1031,RWF-2000,,0,non_violence,train/NonFight/rwf_train_nonfight_0015.avi,6100492,7cfd8b8fd08e790286fd227250a83c7e95b4294dcf0419b97efbd8b306bc73b9
train,1032,RWF-2000,,0,non_violence,train/NonFight/rwf_train_nonfight_0523.avi,1640122,30a3628ec04547ba773f90e29e687a653b5054b65839f105e94adb944c214036
train,1033,RLVS,,1,violence,Violence/V_188.mp4,528683,a63769fc24c92f5950c4c4be0c95222e728bf789c039d5b538fef9d859eaa8e5
train,1034,RLVS,,1,violence,Violence/V_705.mp4,862687,75cedfd73dd95e292008ef25ae991c0ad3c7f60af48c064a29afce3367280277
train,1035,RLVS,,1,violence,Violence/V_867.mp4,1033098,03c56b4c3397ac7094e558af9e4a68f356ae6a70c432657592c30ddd0ac1697d
train,1036,RWF-2000,,0,non_violence,train/NonFight/rwf_train_nonfight_0099.avi,24464278,1db58d1470a11eab629eeee778e0d7b15d8bdb9d39806e8f0bf0de9e663bc8c6
train,1037,RLVS,,0,non_violence,Violence/V_504.mp4,1100831,824edfa52b7b6fecd85754be7f841cdd5cecb7519103623d4c17f2a325039612
train,1038,RWF-2000,,1,violence,train/Fight/rwf_train_fight_0362.avi,8604628,2049687c7c3c03effc56bcce85a8f72ac96817c284c9f05ed552d479d9f4a499
train,1039,RLVS,,0,non_violence,NonViolence/NV_861.mp4,835601,dff38d98d563043122e31d50ab1ac72ca80909e2d881fad010d225b670dd7785
train,1040,RWF-2000,,1,violence,train/Fight/rwf_train_fight_0252.avi,5237674,47dad6a47edceea9a26b914779a5bcb1c7fba6eec911a0b987ea872d545fcb07
train,1041,RLVS,,0,non_violence,NonViolence/NV_832.mp4,744679,97538c8d95677838a45d3ea9e57c2766992d50b9f90209469d9dacb0d518fa8a
train,1042,RLVS,,0,non_violence,NonViolence/NV_300.mp4,503973,6313cbcf7d2c7d094718c33e767c94b4dbd5ce8c76aa1e27cca6b83639caf14b
train,1043,RWF-2000,,1,violence,train/Fight/rwf_train_fight_0692.avi,16382574,a14a05bac373b85f828015d9510f7c966080517e9cdcbaff99bd9c6713183baf
train,1044,RLVS,,0,non_violence,NonViolence/NV_544.mp4,1028028,9de4f6ca55b7c997dcad68df16963ca3ba033df398f527b008683852a4c48049
train,1045,RLVS,,0,non_violence,NonViolence/NV_443.mp4,202887,4795b0e01181a128828aeb7df3696eb3b7b3926e3cebcd2bf58dbd54e1bf3446
train,1046,RLVS,,0,non_violence,NonViolence/NV_642.mp4,111866,fc488baf1198f8c5b0dde10d8a392459e2958ffb4be170fb65cd3e5dca17b7c9
train,1047,RWF-2000,,0,non_violence,val/NonFight/rwf_val_nonfight_0169.avi,2055100,d9d84285e2ab17f79b2c68d4752ae91b856d1ac1cc1f40ef15d16b1b3a901cc1
train,1048,RLVS,,1,violence,Violence/V_898.mp4,315351,825e51c078fc4d896e190fca0cb26474824b1f03be4cb25ffe4b3a9daa245237
train,1049,RLVS,,1,violence,Violence/V_893.mp4,136776,9a09a0d983a1078a957c0d701a72b2de432475161acb450c3c4079c7fef82177
train,1050,RLVS,,1,violence,Violence/V_342.mp4,320835,9c4aea7a341cb63f0a036b02f34470b08195f2401e654253eb1a299359ffdb63
train,1051,RLVS,,0,non_violence,NonViolence/NV_246.mp4,389718,d0d6012f2940d549ce02c3348007d9ea58810002ee9925edac81504ae945799d
train,1052,RLVS,,0,non_violence,NonViolence/NV_912.mp4,365849,b66bcfda506a5c39da92387f57b24fa559a63a795b23161808623347172735c9
train,1053,RWF-2000,,0,non_violence,train/NonFight/rwf_train_nonfight_0323.avi,4357174,bcf6cdbcd77d6ec7846e76b1f89082a4865c5b944d6951409219db403edf00a7
train,1054,RWF-2000,,1,violence,train/Fight/rwf_train_fight_0349.avi,9725372,b031b66d9209274048c1abd5bb3f302493fce2ded3eac0ac1c35d1a21c64ddbc
train,1055,RWF-2000,,0,non_violence,train/NonFight/rwf_train_nonfight_0428.avi,2922452,82c8f578d2013e6682adc269433c1879d4b181be86e80e23c19d80bbaef8adac
train,1056,RLVS,,0,non_violence,NonViolence/NV_291.mp4,792159,b2d5e004f27ca2273d70a1ea458f4876d9cbd64a8b2dc55ccd4e54402f123ad6
train,1057,RLVS,,0,non_violence,NonViolence/NV_763.mp4,1391844,f4086b4f13caa6c74442fa3d7b72422075e8d386c68a8ad6838e110fd6b190f1
train,1058,RLVS,,1,violence,Violence/V_473.mp4,621514,2d3fe4a7ee6891186974263ac7d99449db858ff273fcc35734c845585854fdb4
train,1059,RLVS,,1,violence,Violence/V_712.mp4,737793,9d9c6e4b9f2add011367db915a687f7bd0af00c162707cb57f2ae253aa4bb1a5
train,1060,RLVS,,0,non_violence,NonViolence/NV_395.mp4,179434,6235660611a274607a68fe7afb7c85e4414a33ba693e044abf2402c9a70fedc8
train,1061,RWF-2000,,1,violence,val/Fight/rwf_val_fight_0102.avi,4146872,510c66af044005d6e4d3bcf3ca36fb939aa91073603301cb91c4f4537f869904
train,1062,RLVS,,0,non_violence,NonViolence/NV_818.mp4,1306000,2672db066597b0ef72690180ab840089d9f7359f7b6f7017fbde8f58b4992d1d
train,1063,RLVS,,0,non_violence,NonViolence/NV_318.mp4,1288369,72812bbdc8d91bf84cb1c99a1c1b8cc0cdb37816344cb014cc315a7c7007ea6d
train,1064,RLVS,,1,violence,Violence/V_356.mp4,1802128,cdbba3dc387a76270ce1663e9c3832a7e496bf088b88dc9fdfb96aef9cc842f4
train,1065,RLVS,,0,non_violence,NonViolence/NV_954.mp4,790614,892445734512742cfc6ae8280c97e71045374ae9996aa78188c5a3fe23b29f8a
train,1066,RWF-2000,,0,non_violence,train/NonFight/rwf_train_nonfight_0573.avi,3832176,d7cc16ed593034a1072ab39107aa1f36bcacdcb343cbedbbbd8fea1ff2a068a0
train,1067,RLVS,,0,non_violence,NonViolence/NV_446.mp4,249595,9646ca2aefcb9f8df412886064971ff8f821bda5371c313647c533950dcbc0ae
train,1068,RLVS,,1,violence,Violence/V_847.mp4,786869,2fb92a763215e2dac1cefef7ce3e6837ac37d08dc6d5c05a9a24f8d34b11c91a
train,1069,RWF-2000,,1,violence,train/Fight/rwf_train_fight_0732.avi,2189614,487fafe38158e0e9e1fed3922d068daee8cddec7aae7e460707c04f55f9f7f52
train,1070,RLVS,,1,violence,Violence/V_305.mp4,1794651,6c0fb58cb297d18c3876d38f1ae91671172eea0f28d25f86b9e65d71b755d9de
train,1071,RWF-2000,,0,non_violence,train/NonFight/rwf_train_nonfight_0692.avi,7077260,11a3863cc26bffcd1ee6b3995642803b8db69d02aad65e91d2cc7a892309d57d
train,1072,RWF-2000,,1,violence,train/Fight/rwf_train_fight_0027.avi,2159714,77a5adbec6c20f9463721e0d0dfe8a9d4a0b543cbe66a0310d83758c8d6871e8
train,1073,RLVS,,1,violence,Violence/V_198.mp4,457007,cbee54f8cbcc7111e84702089e5a33f82fddc9d854a52b767b5374bffb878273
train,1074,RLVS,,1,violence,Violence/V_681.mp4,635466,d5e633165314552f5dc849a4e08f73d3ce41509c53210103ac716ff6fca6e2bc
train,1075,RWF-2000,,0,non_violence,train/NonFight/rwf_train_nonfight_0762.avi,8242742,1f907653256564694f92a99dda154ef5e1f66a750c5e7ccbcb4af4f435cdb57b
train,1076,RWF-2000,,0,non_violence,train/NonFight/rwf_train_nonfight_0402.avi,3447168,27c9d204935db0d6cc28bd496160002cf9e0de44c0075712bf3e376e57ebbebc
train,1077,RWF-2000,,1,violence,train/Fight/rwf_train_fight_0145.avi,3885756,1f0bd567e4fc367483a1a23fda8c7c4fd302c7996bdcbe0e1e04e9a824959848
train,1078,RLVS,,0,non_violence,NonViolence/NV_17.mp4,1628833,d210c96586c40d0264c3f947cd0b31e9c2e1f517933cb52fd4ee8d3f4ae77576
train,1079,RLVS,,0,non_violence,NonViolence/NV_682.mp4,442213,96d6d0785115ccebc566e20503ae8b38060ecc127fea87886b5f8f5023ad9e9e
train,1080,RWF-2000,,0,non_violence,val/NonFight/rwf_val_nonfight_0032.avi,27798842,5d17f7e37a65afd80a75d1212c7ead36ba3637733b57f59f9682240c9733fa22
train,1081,RWF-2000,,1,violence,train/Fight/rwf_train_fight_0254.avi,14295300,598fbfe05985473e9fbaa3595e019d04af0ca7335f67947198e8ba5f88d89eb3
train,1082,RWF-2000,,1,violence,train/Fight/rwf_train_fight_0342.avi,18827072,573960ae0180e5372b9cbe7b05bdfb45d982cdc1829c0306938820177d7e0a94
train,1083,RWF-2000,,0,non_violence,train/NonFight/rwf_train_nonfight_0247.avi,3212556,1398f5080cc7c6e71807cd23e18dc9e4505fae43a26170e88440a3741be2ed32
train,1084,RWF-2000,,1,violence,val/Fight/rwf_val_fight_0043.avi,1993796,19b2bd590cb49f9d18907ed115784cfe47aca52d56624dbacf7279d94758c3d1
train,1085,RWF-2000,,0,non_violence,val/NonFight/rwf_val_nonfight_0101.avi,4556736,33c08573f4f7cfa1f0b332b907c4bfa98a64ca2cedffe3dcc43690b0c6a5f7d4
train,1086,RWF-2000,,0,non_violence,train/NonFight/rwf_train_nonfight_0601.avi,3479438,4a878549c59a8289c3b1cfdbed569d5597b97d3f725ec5a000590b4a862876c1
train,1087,RWF-2000,,0,non_violence,train/NonFight/rwf_train_nonfight_0552.avi,2430488,a32b7bbe7744664303f5dc651529a9b22c3ad4e9eb84fb956649d89321aa1919
train,1088,RLVS,,0,non_violence,NonViolence/NV_645.mp4,177171,16fca758750f0b5f49716f3d6e302f834c13ea0bcd5312f790bed43a548e88dc
train,1089,RLVS,,0,non_violence,NonViolence/NV_420.mp4,178133,231183ba0fa2334ca7a9d19247fe6ee3dfb2a101c9abce2f4276c997350737d1
train,1090,RWF-2000,,0,non_violence,train/NonFight/rwf_train_nonfight_0528.avi,2675842,5792a552672fe7c68ce6ae7769b685a20609f8f8eec7441dcf314beab56f6ffc
train,1091,RLVS,,0,non_violence,NonViolence/NV_465.mp4,560369,aeadc0ed7f249d3df5f3cdb9173cb93f5201375c25d265133af7170ea00262c4
train,1092,RLVS,,1,violence,Violence/V_385.mp4,1225813,614e012a9b31a003501b29ad7fe4dec970d1a91134a165885ed2f0c0631760a0
train,1093,RLVS,,1,violence,Violence/V_503.mp4,1069853,5d96f8ac3cf8a5dea647a3492dcdd8d8bf118f16bde00f287028b910b2f0f6a2
train,1094,RLVS,,0,non_violence,NonViolence/NV_52.mp4,919080,26151dc734dc76228ae2e100595946e660f4074753a602f4e769e1207c087a07
train,1095,RLVS,,1,violence,Violence/V_874.mp4,1072645,9ef1a35d991c91e1907c00eee894787a3d81f167c22127cc55d7e890ca18087d
train,1096,RLVS,,0,non_violence,NonViolence/NV_221.mp4,502286,568479d57111a0fec2ef2cb56d4827355c96a499f1a8c2781a17d99fc90cee4b
train,1097,RLVS,,0,non_violence,NonViolence/NV_140.mp4,800672,83e8f1c74b62369404b824fc5dc9adf8d1477fe7e01012f857939362d76fa836
train,1098,RWF-2000,,0,non_violence,train/NonFight/rwf_train_nonfight_0254.avi,1382938,c36c285be46dfc1eb438d058fe1b14568e90a3cc6d21ad4836a997976bf137bd
train,1099,RLVS,,0,non_violence,NonViolence/NV_779.mp4,1086095,fc62d6f81699b630031a8c7d88f74fba9bff9b7d7b83b6c58982046a8dd9698f
train,1100,RLVS,,1,violence,Violence/V_94.mp4,542705,72bebed758594f293d8908ac752e99fc5e485326ab620d355c43235f93be1091
train,1101,RLVS,,0,non_violence,NonViolence/NV_223.mp4,347366,a346129ae5275f93ee36fdd1fc99f1f00c7f1a859fdc2741faba341e91c53412
train,1102,RLVS,,1,violence,Violence/V_741.mp4,350474,3ee59df79b57d24de671be28c34b89d5cd9c65fcb73d2acf6d48726efabd99f1
train,1103,RLVS,,1,violence,Violence/V_648.mp4,1356879,4f553d1a83922e50271fa805bf1a003adeb52c380144f4e108569bce60851fcc
train,1104,RLVS,,0,non_violence,NonViolence/NV_484.mp4,406358,97f9bd24d10e6bb89783bea5274cb9c2380dbb48bf3ff48f4b095dbd5d2fed90
train,1105,RLVS,,0,non_violence,NonViolence/NV_365.mp4,300009,8f6ba9f4b3cbc296ead6e65b1c7fa852a244e72c3fea58b44614f9f60206a06d
train,1106,RLVS,,0,non_violence,NonViolence/NV_34.mp4,879801,e621975df2cd605d06bfd3febb1168c3815b3956420df272ff2c283e593c8a38
train,1107,RWF-2000,,1,violence,val/Fight/rwf_val_fight_0078.avi,19548014,9ed68524fb74be0d44ae3898d2fc5efd1decc99dc5b34834f23ab62b506d17a3
train,1108,RLVS,,0,non_violence,NonViolence/NV_907.avi,646950,80c342475aced11c0e6a34a0b5c079269b381019971ec440d5d6b1e625c7d394
train,1109,RLVS,,1,violence,Violence/V_226.mp4,563690,766fbdecb3d19885846afab51f9442a3bae67e288bfa6c9a87364f38251b7235
train,1110,RLVS,,1,violence,Violence/V_909.mp4,315468,1ca84ff48e4e495f6e20128f31f737035ce198cd12ab98d09d1c6ad91f727925
train,1111,RLVS,,1,violence,Violence/V_804.mp4,545024,f3fe887b7224a5e1f334351a478eae4fb4c1d46aecf4444154e229b703a85ab0
train,1112,RWF-2000,,0,non_violence,train/NonFight/rwf_train_nonfight_0621.avi,2188260,bab86f5ece55c016e5785e4a73a6bc7d20580c52379f99bfa7878bcac7c8de64
train,1113,RLVS,,0,non_violence,NonViolence/NV_455.mp4,511697,99756db11d92125976541aa8940722aeb1dd0a14e0bfcafaf577c0be3bbca6ff
train,1114,RWF-2000,,0,non_violence,train/NonFight/rwf_train_nonfight_0162.avi,22131870,4996fb32af70718672a9d127b4bc2af9365db8215b53090d3b0cdfe3a750edb6
train,1115,RLVS,,0,non_violence,NonViolence/NV_972.mp4,1191591,1d2729a4059ecc14fc891ab29ddd6ef92b830f4fd3e44b162b82d4a56138c8c1
train,1116,RWF-2000,,1,violence,train/Fight/rwf_train_fight_0769.avi,1376692,0408dff984a62a692d27a30d3784be112d8941043d0c8bc1b007f0b824bbb39e
train,1117,RLVS,,1,violence,Violence/V_964.mp4,362682,e88204b402a1aca753da69202a286dae8019765be91dd6ef7836c96cfdf3bf85
train,1118,RWF-2000,,1,violence,train/Fight/rwf_train_fight_0237.avi,19119950,d07edb6b0b36354ccefff299adac1126794fa31408892142a6fd2a781c5e29c4
train,1119,RLVS,,1,violence,Violence/V_668.mp4,858600,40ab45b351ed7c0ba16832f00af921867eb229e7074cb4919e955f0d12d6d0cf
train,1120,RLVS,,1,violence,Violence/V_375.mp4,1034866,0c10f650229f9a65a4826b117349ba26a617ddc94def37098b9ee81c1d3e94f9
train,1121,RWF-2000,,0,non_violence,val/NonFight/rwf_val_nonfight_0177.avi,9843578,4eda7da3fde636e1d51fdf5b561000f2fd1298dd0a682f3f160b2282147f6533
train,1122,RLVS,,0,non_violence,NonViolence/NV_983.mp4,364657,3a54d5c65602005fa101933deb26776173c14781fcd3e5572e72c3dda1c64c4c
train,1123,RLVS,,1,violence,Violence/V_289.mp4,1811003,c473404274111bcfadea096654c58b6f21bdd47fbe5632b9e6dc5449d8577db2
train,1124,RLVS,,1,violence,Violence/V_610.mp4,893483,35564273ec9087fbf8ea72e642fdaeb032abd32ee43af52ecf01a3c0103a3be5
train,1125,RLVS,,1,violence,Violence/V_195.mp4,380416,9cc2b7b0cafef32dde07b39b88e08a1f08a623375536e92ceda0f269af33e372
train,1126,RWF-2000,,0,non_violence,train/NonFight/rwf_train_nonfight_0537.avi,3034234,04b863e12c7010e76d40e832a423033961c756d7a5c6a4b2d1981414e49c8be4
train,1127,RWF-2000,,1,violence,train/Fight/rwf_train_fight_0195.avi,7013644,84568103feef662eb33b94af1fab30fe9904432e3f30b7636d5926610e5fc61e
train,1128,RWF-2000,,0,non_violence,train/NonFight/rwf_train_nonfight_0336.avi,3801242,1464c6205f70796bf5ca4da61bf8cf55305616651198e177d05536dab297500a
train,1129,RWF-2000,,0,non_violence,val/NonFight/rwf_val_nonfight_0183.avi,22979960,821ea13878322390d976b63e3cccfb50a7234cd2715657604b6da85c2acfa698
train,1130,RLVS,,0,non_violence,NonViolence/NV_736.mp4,310741,1106b3fcdd2d72ce8d1bdefff5df544afad7d63dcabab4e327ab9a7e3a3d9ea3
train,1131,RLVS,,0,non_violence,NonViolence/NV_102.mp4,873602,ff1a37867a26ef9a5c24214ae3a83a3ab37e7340c20917d1c49c9e4d5fe1c702
train,1132,RWF-2000,,1,violence,train/Fight/rwf_train_fight_0306.avi,17221966,b9d26e182e5132a3464a58ba2f11aa6cbea00a876869c39b4fa544cdbdd33b90
train,1133,RWF-2000,,0,non_violence,train/NonFight/rwf_train_nonfight_0656.avi,1438888,57500cd148d232865e3a2b6bb586dad8b97a7703185a3bfd8413103d0114a755
train,1134,RWF-2000,,0,non_violence,train/NonFight/rwf_train_nonfight_0493.avi,2774356,539b860786ac3f2e46b9123a85cfb82e199756bce54cd3128c80b61c8b6e2899
train,1135,RWF-2000,,1,violence,train/Fight/rwf_train_fight_0422.avi,6881214,17077faf6ccc669e8486bdff36cb9a960907f1c75f86e9b0b565bb339b377f6e
train,1136,RWF-2000,,0,non_violence,train/NonFight/rwf_train_nonfight_0186.avi,3707348,8818971ca193df59058a0055ccb0a4ab58dec44085110411ccbcbd1f60f4ff37
train,1137,RLVS,,0,non_violence,NonViolence/NV_485.mp4,441200,15e967d7b9c9f243610a9263a8606cccaded81ea8cb01e1a0adbd3d3659c2834
train,1138,RLVS,,1,violence,Violence/V_129.mp4,581431,1e2b31999942fd9726e43a437b37b1f4771893d33c67e3a8ce70e11d47b6b034
train,1139,RLVS,,1,violence,Violence/V_695.mp4,1041854,bf9e791a9e96f06d14caa9599a964c1fcf3315fc77803e39dead8724427d2247
train,1140,RLVS,,0,non_violence,NonViolence/NV_515.mp4,407792,5eb4fc605b8dd1132a86f7b192bfd189426dca15ce8fa2e1a4634ebd87b930f2
train,1141,RLVS,,0,non_violence,NonViolence/NV_803.mp4,857743,65f0bddf51d4b35c561ba5bf625714f30bcfcf08a110b6711bad9ba84a4db63b
train,1142,RWF-2000,,1,violence,val/Fight/rwf_val_fight_0071.avi,21197630,d1ade31c2e94e36f696d1ec7619052b670fb049944e2c4d3b8d3b0611689737a
train,1143,RWF-2000,,0,non_violence,train/NonFight/rwf_train_nonfight_0348.avi,2152802,76d1f24c9333993ecca35eb2120d554ab7cd8af9add1aeb0add3ac948ae4f89f
train,1144,RLVS,,0,non_violence,NonViolence/NV_332.mp4,693188,a259953c7608bc9fbecad1e7666fd06682f8f67a7bc2be475728e2e39857920b
train,1145,RWF-2000,,1,violence,val/Fight/rwf_val_fight_0140.avi,1689406,f40bd3ce27f29f48b9bd863eaf927681cbd4785eafee7c63c32bfd186b822381
train,1146,RWF-2000,,0,non_violence,train/NonFight/rwf_train_nonfight_0681.avi,1208906,2bb90e0ecccc3e601d14b9064cdd72f5e3d81299d9c986041c95d28f172b4ea0
train,1147,RLVS,,1,violence,Violence/V_639.mp4,441056,00fa482a72136b2eebf51b4696b7974f6364d48174aa36063185be8f9533386c
train,1148,RWF-2000,,1,violence,train/Fight/rwf_train_fight_0267.avi,2673182,4ca3e8a7d972c9e3e972c6246ca5a4775d2842e41469e7a16a5d8e41f74b5330
train,1149,RWF-2000,,1,violence,train/Fight/rwf_train_fight_0359.avi,4260982,c6ac8a8cf52d28211d0e37ba823cd6a6c14fb83092c150e60a170f8125224bce
train,1150,RLVS,,1,violence,Violence/V_850.mp4,2001821,a64daa3cb7ec8df5fc7bc6f727c81233a0f03efcf3d4439aff0f76b75aebc133
train,1151,RWF-2000,,1,violence,train/Fight/rwf_train_fight_0296.avi,3303982,f2a06b333e4620065f29c721c29e484b4609edc76a35c669d4d1ab8bac38c5c6
train,1152,RWF-2000,,1,violence,train/Fight/rwf_train_fight_0354.avi,2408740,3ff7fa2a9613217cc506ece712b384077a0a04ebb00b6f81e1e84fe44f35de6e
train,1153,RWF-2000,,0,non_violence,val/NonFight/rwf_val_nonfight_0098.avi,3753082,c5991e4c829faa71409f29c4ea3647c52d864412e448bccc550707f306a77044
train,1154,RWF-2000,,1,violence,train/Fight/rwf_train_fight_0647.avi,3071232,6a2bc1b4f2f5e22c09f29c8b8a693ad805cf880c0c5a7523a39f28c89059fd36
train,1155,RLVS,,0,non_violence,NonViolence/NV_959.mp4,659322,3ce691d50bd78fb4023a0ae33099f80eac56c2f00fd440a04f2ffb1e38d0ced6
train,1156,RWF-2000,,0,non_violence,val/NonFight/rwf_val_nonfight_0067.avi,4064462,8440442edf0ffaae1ef1da194da5969ff0bdf3553ddf8c58f8853972d673c6e1
train,1157,RWF-2000,,0,non_violence,train/NonFight/rwf_train_nonfight_0333.avi,1166600,734956a93341474186dcbb398ee25352678fc68e9cfe391121a71d6ec04f5b48
train,1158,RWF-2000,,0,non_violence,val/NonFight/rwf_val_nonfight_0133.avi,9637734,bebcbc43b603c3c14092e7c2fd18e2c8a388d28f9e03c2769d74f76016f5416d
train,1159,RWF-2000,,1,violence,train/Fight/rwf_train_fight_0789.avi,4275448,c183e1800cdea8e79c18add7bdfb729c3f5a0941e0272a7735417ac39fff319f
train,1160,RWF-2000,,0,non_violence,train/NonFight/rwf_train_nonfight_0664.avi,1680174,ed74b9f0c91240c0dab9c0a05e77fd9be8b68217bfdc95893ef41642366849d9
train,1161,RLVS,,0,non_violence,NonViolence/NV_7.mp4,2063655,a62d1c4e7b8db033fd8afc690c647893cd60463ef973bea1e88d9b6ea5c5c6ad
train,1162,RWF-2000,,1,violence,train/Fight/rwf_train_fight_0556.avi,5415108,7439af931fd830b1de164f368688f38bec83aaa8f670b2ebef03b7a4507f1d7f
train,1163,RWF-2000,,1,violence,val/Fight/rwf_val_fight_0179.avi,4597130,00115842d3ab7d4ded330b2660d30f14df1e94fb746a8cd0cdf649fe1d503ad8
train,1164,RWF-2000,,0,non_violence,val/NonFight/rwf_val_nonfight_0120.avi,3575918,87af96aa2f5a062e0f374d6975b8930f7a8ed571a673b4d4bff98b09fb56fba0
train,1165,RWF-2000,,1,violence,train/Fight/rwf_train_fight_0101.avi,22434016,0d854939f300caf2f58fc1dca2ccf30091a1bc8741c78cb76484bf6467febc41
train,1166,RLVS,,0,non_violence,NonViolence/NV_247.mp4,707117,9920b51a4a6fd04d7da560ecc9568a6a995c90d4dce6ecd4b8799931340bbbeb
train,1167,RWF-2000,,0,non_violence,train/NonFight/rwf_train_nonfight_0799.avi,1629390,2dd8ec5524857d8165c7da81c4ac8cefe834c81d499f2e2d74601e4787526392
train,1168,RLVS,,1,violence,Violence/V_425.mp4,887443,31c26dd8e017e9dc15caf5fe1357f07b42ea8c00b1754ea4836ade322dd0b585
train,1169,RWF-2000,,1,violence,val/Fight/rwf_val_fight_0096.avi,3028876,e502970cf7ab2965b98d321641dcec8da9b308938adbfbd47032beac2615da9e
train,1170,RWF-2000,,1,violence,train/Fight/rwf_train_fight_0328.avi,3129636,58e6c2aacd7e039501d1c833416202e33f1af6a7a87a99272986507f5c7e6213
train,1171,RWF-2000,,1,violence,train/Fight/rwf_train_fight_0675.avi,4028846,1d870a096160a354a718d441290b0036b21ddd805c4d981653fc5bff7b967f33
train,1172,RWF-2000,,1,violence,train/Fight/rwf_train_fight_0152.avi,22198094,c7ab5a99818928bb9d3750685a7412330dcf2456cfedb59871cc2fbe14160555
train,1173,RWF-2000,,1,violence,train/Fight/rwf_train_fight_0132.avi,6370672,74696e3e38ca52c6a579d5da5dcf252ada6adbf127177be0b83fbdd5415554cf
train,1174,RLVS,,1,violence,Violence/V_891.mp4,205272,c5bcb050fce10346a112b7978961bf2c8d2ac47cac910e5f617735c253fdc7fb
train,1175,RLVS,,1,violence,Violence/V_422.mp4,1756175,f5a80a15975c11696e3e4ec934c23c149e5735d7208411d93caa8495f961f322
train,1176,RLVS,,1,violence,Violence/V_811.mp4,842383,89157909ad881e53fcfdaa32a8ed8b0bd33d5b2c137ff69072c584a86fec4a37
train,1177,RWF-2000,,1,violence,train/Fight/rwf_train_fight_0410.avi,2773228,7e281ec388e0b1f2d23c655990b362e5ff2b19eb30b5f88c5d7da04ea5038648
train,1178,RLVS,,1,violence,Violence/V_309.mp4,1970966,05b569d5469e776d32368405757bb61ff51d3d575c5efa40736b956b57673d9d
train,1179,RWF-2000,,0,non_violence,train/NonFight/rwf_train_nonfight_0280.avi,3166006,9ce16a8a4e4a8206368c942d588a4efca504753a288308069c20e302a94cfa90
train,1180,RWF-2000,,1,violence,train/Fight/rwf_train_fight_0409.avi,2597844,c9946429a00fe795b4ff19970f6691a194a4aa17cdaf2b8cf5e0b8b14664bada
train,1181,RWF-2000,,0,non_violence,train/NonFight/rwf_train_nonfight_0251.avi,2607690,b4006c5e883bf7ee907fedada22b347341236a8acce6cc1ea5fb2e39f7ce3d1e
train,1182,RLVS,,1,violence,Violence/V_833.mp4,1091452,11c74b8906c729c5d7ed47d231da2d3377f578ac0313529af03e5177d66f7ea3
train,1183,RLVS,,0,non_violence,NonViolence/NV_458.mp4,479770,13dd1431e238a63f40fc2983d95558fb6ba6ef44bc3f2dd3a1eb9de4696e915a
train,1184,RLVS,,0,non_violence,NonViolence/NV_539.mp4,400908,011fcb251cbe2b7a02431d9e6893ce76742cafeec52f08bb7bb91b37eb0235b9
train,1185,RLVS,,1,violence,Violence/V_79.mp4,436917,a399d0226761a21d2b3abaafa72553aadbc75a7b7337ed793bdca85423fd5159
train,1186,RLVS,,1,violence,Violence/V_314.mp4,2072731,483d910a63ae4446d10706ce1ed8e87127f6cdc68adc252696982fe66be25ac6
train,1187,RLVS,,0,non_violence,NonViolence/NV_105.mp4,437920,f84f2e51381a3ddd55f3494144657f0b6751ff16c50cbd8b7abdf55db1c25a3d
train,1188,RLVS,,0,non_violence,NonViolence/NV_387.mp4,87155,626b489e6227de1618847a5eb11afb0aaeff246813a4690f960411fa1443641d
train,1189,RWF-2000,,0,non_violence,val/NonFight/rwf_val_nonfight_0198.avi,3071676,88b5d51acab7e57c1ece427b03c5403188af232c9e8dbe294eea305971a30a3d
train,1190,RWF-2000,,0,non_violence,train/NonFight/rwf_train_nonfight_0629.avi,4736938,0ed1273655d194ab5b809fab1b5102e882186dff1c7779b0670970d8d2a5ed37
train,1191,RLVS,,1,violence,Violence/V_940.mp4,338977,4bfd9be18380756a8a3f3d154a36084d9c6b756789db415ef6dfc5d1ba90cbb3
train,1192,RWF-2000,,0,non_violence,val/NonFight/rwf_val_nonfight_0168.avi,3470208,cc2dcfed51f7312e08df755125d69f697f7d02552804adf07d2421e74f68a5c2
train,1193,RLVS,,0,non_violence,NonViolence/NV_91.mp4,431663,3f9f98dcfd00e37b2b63cde238fb8211989ddaf6508f7adc9d43b9c81fb19a52
train,1194,RWF-2000,,0,non_violence,train/NonFight/rwf_train_nonfight_0277.avi,2806054,e31078392b03121ad70e4e8c45ed513c313f6dec460e70680837622a66d7fa82
train,1195,RWF-2000,,0,non_violence,val/NonFight/rwf_val_nonfight_0095.avi,2975154,3faa1c3ede7194ec88e6d9f0af12475082fb072cd5aa0db8fb77586b99ed146a
train,1196,RLVS,,0,non_violence,NonViolence/NV_394.mp4,198247,63c3d7f8c6432b4a179a0e5b33a42b8ea4e3186aeb5b14294534eecf59b3b5b6
train,1197,RLVS,,1,violence,Violence/V_946.mp4,518961,38feba629be3736f6a5d51cbee81d313650d61f91c96854ab2d442f9064bbafa
train,1198,RLVS,,0,non_violence,NonViolence/NV_634.mp4,169522,9aa148574d17fdea2edf5ee2f2ed5c3e15baf8f186a1230b288330de60242dfa
train,1199,RLVS,,0,non_violence,NonViolence/NV_875.avi,380668,dc303595cda27727002218ab861b1330afe265750eafeac63ecd788a0ee7bd6d
train,1200,RWF-2000,,1,violence,val/Fight/rwf_val_fight_0057.avi,24327392,d308cf7b99cba11f2c632a03f4bdcc2bbd954d967499c019ad3a2364fd4b6c0c
train,1201,RWF-2000,,1,violence,val/Fight/rwf_val_fight_0038.avi,5538072,cd0afd8a3298e1b73d2071477088ec5f8de5ded6f293f69e3202eb0e6d82f114
train,1202,RWF-2000,,0,non_violence,train/NonFight/rwf_train_nonfight_0301.avi,9064392,e0e2d7a0f7134bb4e39be6b098da8d67986bbf1ada99a7916c7f555c6d8091c9
train,1203,RWF-2000,,0,non_violence,train/NonFight/rwf_train_nonfight_0052.avi,1569310,9930da982da615b128383c209ee1dc4b2dbce19192730d0fa4fc82502afb178f
train,1204,RWF-2000,,0,non_violence,train/NonFight/rwf_train_nonfight_0007.avi,8615000,8f5a4a029beba8056835847cbc7ff3b0b15a36d27c4f08abf601e9d4da905ffe
train,1205,RLVS,,0,non_violence,NonViolence/NV_312.mp4,683311,79e0512f6ef7246b6794f76d63f88ab3bfcc9c765c0de8414b179a9c543bb651
train,1206,RWF-2000,,0,non_violence,val/NonFight/rwf_val_nonfight_0054.avi,11454050,3871de9475be48f9730df215e3c81e82ef59bef4c621c210e164a435da4e950e
train,1207,RWF-2000,,0,non_violence,train/NonFight/rwf_train_nonfight_0378.avi,19329288,c0adbc52710ae5414f999ca863e110775396fbc9d4dd57e05f415b2da213a20b
train,1208,RLVS,,0,non_violence,NonViolence/NV_982.mp4,987145,e234eca52af159bd8946c9635e4bce6bf26d20fc48c6897c0c1c5f7ba586178a
train,1209,RWF-2000,,1,violence,train/Fight/rwf_train_fight_0557.avi,5718022,ae7c494e530f1b1c73cc02ff9aa9223377b68d98bb92ea91a122cc60fa552c1f
train,1210,RWF-2000,,0,non_violence,train/NonFight/rwf_train_nonfight_0785.avi,3703002,6158cc16b8debd761a39dca4d5e64a84bdc6589c395e7b0d678c2c96c9629707
train,1211,RLVS,,1,violence,Violence/V_157.mp4,297966,01fd84071a9e892c4ede94fe78d3e4f62d02067f77168f3dddfc814c23103b40
train,1212,RWF-2000,,1,violence,val/Fight/rwf_val_fight_0197.avi,13666994,954b01eb38930165b30ce8c9bac5b6ae4d554e1b36e462f6b850131a79146623
train,1213,RWF-2000,,1,violence,val/Fight/rwf_val_fight_0061.avi,2816510,be9f9ec3f3bd825b188893838108f34ea55c683a1f5466d66ff2daf02c93dc88
train,1214,RWF-2000,,0,non_violence,train/NonFight/rwf_train_nonfight_0230.avi,2422758,baa064d190b2b4d3fc17caf1b7ee7f89c112cf669398f154c96fd0e1c996c5ed
train,1215,RWF-2000,,0,non_violence,train/NonFight/rwf_train_nonfight_0551.avi,9360334,cb4bd0dd84ea036274a98affb6defa9341ded7fa707ca7cfcb4c8544b36cab65
train,1216,RWF-2000,,1,violence,train/Fight/rwf_train_fight_0738.avi,1647112,eab257c34a3735c31c2f6bedb698da80a2fb7ebb225b811e830269c372c42d62
train,1217,RWF-2000,,0,non_violence,train/NonFight/rwf_train_nonfight_0424.avi,4256966,868d9537cae2b648781133b5b0c30e414f952873dde348868da0ad54a964d663
train,1218,RLVS,,1,violence,Violence/V_346.mp4,350980,9a63be41adfe19d60d33f70215d4deeb43e226c2184354fddac5c19baba1056d
train,1219,RWF-2000,,1,violence,train/Fight/rwf_train_fight_0364.avi,8574394,cebdc7ca828082265b927fa60738ecef1dc3a2eb238220b375e7021218a122cd
train,1220,RLVS,,0,non_violence,NonViolence/NV_806.mp4,881141,083366d3cab15bd679dea4b6806bb97ffc9eff939555487fb3e08d28f6bc789e
train,1221,RLVS,,1,violence,Violence/V_95.mp4,504399,d40cac726fbccd816a70b64ff9755ee8d090be7074d8cd4506a3ab05a80a490c
train,1222,RLVS,,1,violence,Violence/V_215.mp4,553180,56c55be2d3f5d37b49a500c3775d88e9de4b5d9c6e4f2a80368c1ae09d179fca
train,1223,RLVS,,1,violence,Violence/V_343.mp4,338842,8f4489b3fc3bab1699e1ca3a2c1c2fe473b3dcf7676c3c361df89a659e2ecfa0
train,1224,RWF-2000,,1,violence,train/Fight/rwf_train_fight_0497.avi,2671244,23ace3befeec958aa91445ad287cc28eaf2366b5dbe69fcc39c5d6dfabcdf9b7
train,1225,RLVS,,1,violence,Violence/V_731.mp4,629599,ebf712040107063caf6b5e0f77087aaa0aaee7d6cf1d25cdcdbc6b4290b1b1b5
train,1226,RLVS,,1,violence,Violence/V_930.mp4,445186,9eefd76e6af23f7170fe645392ccc5cfc9cf8756ce0cf1f4aa8d2ec386dae9d0
train,1227,RWF-2000,,1,violence,val/Fight/rwf_val_fight_0101.avi,4067910,e22c4356d4371256e7bfd4d152e998f651579cc588eb19904e7ca35e95533336
train,1228,RLVS,,1,violence,Violence/V_437.mp4,1087042,95bc91c01d8f3fdad0bee773343df6a35f850efc01e01d4363d49af2028092a1
train,1229,RLVS,,1,violence,Violence/V_61.mp4,380540,381be4e08c02d3e1a72fcbdaebea6bc54a6fc7157fc38b077b632d7928c4d313
train,1230,RLVS,,1,violence,Violence/V_481.mp4,2029285,4c7f5b73c1105bea659f6a63fc2b9367701cf1df2a1279568cb970f6fb1eb1b3
train,1231,RWF-2000,,1,violence,val/Fight/rwf_val_fight_0070.avi,22316008,d0a272935005a8e36cb1ca9b0429426cffa53f66c100e3c092f74d2ea6d456bc
train,1232,RLVS,,0,non_violence,NonViolence/NV_809.mp4,343683,4143eb9e30fc0a3f77810ce99530dddd5890f970bea7430c9ae94451b0d4ec55
train,1233,RLVS,,0,non_violence,NonViolence/NV_903.avi,761000,dfb54f1c984cc0668c0dff68f2baacdc32e2c777db3b84944d0d0823cb2525af
train,1234,RLVS,,1,violence,Violence/V_472.mp4,483522,7edb656d35cec8e0bbc5cc77d090d76f594b4ca70f2d6075857c0a905ebeec54
train,1235,RLVS,,1,violence,Violence/V_753.mp4,2451976,7898fa6f5d26a99e4dd98fb854ab74e46c8fca217ac5e8a2316e952d4e2a08de
train,1236,RWF-2000,,1,violence,val/Fight/rwf_val_fight_0156.avi,3954164,e321d62c451fc134ea5e2db77035329908846ceff6ff9927f3c8c298862e31f2
train,1237,RLVS,,0,non_violence,NonViolence/NV_541.mp4,513850,f3cba95e6b95b39fdebdd752afca1a6392fe533c17c02153286b055fcb9255f6
train,1238,RWF-2000,,0,non_violence,train/NonFight/rwf_train_nonfight_0697.avi,9678560,6239cafe498e679275ab61101364e41561d531076e3fccc3a316b972804bcffd
train,1239,RWF-2000,,0,non_violence,train/NonFight/rwf_train_nonfight_0372.avi,2454276,12cf79866754bd25347c6fbf58c4d50c57d4ca578251b8390f165d639fe5ad48
train,1240,RLVS,,0,non_violence,NonViolence/NV_60.mp4,958904,4b126a5a44e54bc161827dbf4598698a90abcb4bb63db61afe39eda085d4fab4
train,1241,RLVS,,1,violence,Violence/V_686.mp4,666919,e4a771bf888179dec779cb3b23f8c70c4e34129bcba8f7af4f6823e791f3cbef
train,1242,RWF-2000,,0,non_violence,train/NonFight/rwf_train_nonfight_0320.avi,2211624,7a359e84b09a21bf7f224d70ef32849aca43f6e936e3dc80e9a07cf14c550c35
train,1243,RLVS,,1,violence,Violence/V_282.mp4,2541115,18b87c23edf538fc3bcc9d001529d7861945a77173bb0c84231feaf695592364
train,1244,RWF-2000,,1,violence,train/Fight/rwf_train_fight_0138.avi,12456726,149cd290cdce421a35fe81af384dfe0f9d7721ee88b550bb34ca28eeebcfa6c4
train,1245,RLVS,,0,non_violence,NonViolence/NV_297.mp4,2038841,a85a93055d0601cf6ab7dfd9dd8e6eb5e701b65baa7deb3bcaaaf56cdf1d04e4
train,1246,RWF-2000,,0,non_violence,train/NonFight/rwf_train_nonfight_0073.avi,2899392,c986fb14e1a11b79dbb1f1ab158f37ab99714172c90d21f5de1dd090b6985509
train,1247,RWF-2000,,0,non_violence,train/NonFight/rwf_train_nonfight_0314.avi,2464856,1ec6d37c25e9da457f746a7768aab74679f8b9f55f13939f786b191a211df965
train,1248,RWF-2000,,0,non_violence,train/NonFight/rwf_train_nonfight_0010.avi,10989566,28cc390b60b3530f55d3115b9cc283ab31704511ff254007ccdce5952ca41fee
train,1249,RWF-2000,,1,violence,train/Fight/rwf_train_fight_0341.avi,16751156,2270fe5a157fb7c808a98a3eefacb80b6bf850482ea9455cb588332fcd5496de
train,1250,RWF-2000,,1,violence,train/Fight/rwf_train_fight_0549.avi,5958124,1bddca0bf7e5152e16a83e7bc71dbba948571d7bfd71431fe9cbfb6f59961aa1
train,1251,RLVS,,0,non_violence,NonViolence/NV_35.mp4,448553,6555001c7ca4f1b72297a7bc701ef284e79fa9112130fd950b25ae2ac4170aea
train,1252,RWF-2000,,1,violence,train/Fight/rwf_train_fight_0311.avi,5537688,32705909a1fdedd6226602a25151ebe977c94ab1bb205fa791b53784f4714e0d
train,1253,RWF-2000,,0,non_violence,train/NonFight/rwf_train_nonfight_0600.avi,3957632,f8746ca874f40ba104a7a96fe3d9ca29e76744d47de402f7fbede8016f659f3a
train,1254,RWF-2000,,1,violence,val/Fight/rwf_val_fight_0191.avi,8688500,af8075fc03f837593953593825f093157009d9049922f04db8a9023709d5bd31
train,1255,RLVS,,0,non_violence,NonViolence/NV_766.mp4,1275081,fb4f33abc6b84086912534b29ea71961a2943ef30e34ac283a8b4048f74e6c0b
train,1256,RLVS,,1,violence,Violence/V_879.mp4,913900,a5787abbbcfadca9ec60795d2a7abad1003e7a34ab9ff59181ce03403a5393b6
train,1257,RWF-2000,,1,violence,train/Fight/rwf_train_fight_0313.avi,2896564,1ad29963da3c296a5f7a83deff3abf40ca052b3a43103f6b6357620d8b18701a
train,1258,RWF-2000,,1,violence,train/Fight/rwf_train_fight_0271.avi,2626428,4f0d516f250a2eecb10b3884e1462ee6c245c40babeb419b0bfdfe26fcf05137
train,1259,RWF-2000,,0,non_violence,train/NonFight/rwf_train_nonfight_0391.avi,1384996,7c78d969644943b822e1848130856ec182104812a6516448a96a5f991375eb11
train,1260,RWF-2000,,1,violence,train/Fight/rwf_train_fight_0468.avi,2413504,560694d2722d1cf0312e48029f696b280e0d021705966e0f695e5f3ae7986233
train,1261,RLVS,,0,non_violence,NonViolence/NV_261.mp4,454270,98efa73a24a6ff1c81d38c9b0358f6272ba61645fbed6c6b66f9e03f611f42cd
train,1262,RWF-2000,,0,non_violence,train/NonFight/rwf_train_nonfight_0686.avi,16423086,8b83a1843f65a59d420d78d55989882685f20e926b67be8dff1573ec8616216d
train,1263,RWF-2000,,0,non_violence,train/NonFight/rwf_train_nonfight_0346.avi,5667684,62a893235ddbe4f8ea281187aed9f3cec04237f0c817375edf9cb435e4559748
train,1264,RWF-2000,,0,non_violence,train/NonFight/rwf_train_nonfight_0513.avi,2775204,30bd6b4839b4fe8227b9e219d5a1e35a46be28159a576395116bb861dec97034
train,1265,RLVS,,0,non_violence,NonViolence/NV_266.mp4,412158,68b9f3af36347af0ac633b054b75e7690e6cecbbb2fccdf9ecf5cc6e74f9e77a
train,1266,RWF-2000,,1,violence,val/Fight/rwf_val_fight_0153.avi,6529678,f87fc2cca4f7127cc367ec493ab68a63e89337076fb12fa9296a764ca0daa5f2
train,1267,RWF-2000,,0,non_violence,train/NonFight/rwf_train_nonfight_0736.avi,3942478,c939d9c1d72e0d9199ab0cf939e38212ac82efdcccfa47ef2d7b2ba2573cac2e
train,1268,RWF-2000,,0,non_violence,train/NonFight/rwf_train_nonfight_0291.avi,4195086,95b5f16d8abe294a11d29a0c29b680897b1326f2537c19560a313cab0cb0e4d7
train,1269,RLVS,,1,violence,Violence/V_333.mp4,2882211,5d4c6fe5420a89a82e6af61873186f78a7db8ceee5d8e6c5f30be9f80ba33a81
train,1270,RWF-2000,,0,non_violence,train/NonFight/rwf_train_nonfight_0259.avi,19209048,b1c3f0c08e027ba0c8911bb626ebf95794a3524f1ce88ede46cab353889f7376
train,1271,RWF-2000,,0,non_violence,train/NonFight/rwf_train_nonfight_0143.avi,2244008,bf4e04d88c64032735574a498a9561f0568049036cb949177629248628373483
train,1272,RWF-2000,,1,violence,train/Fight/rwf_train_fight_0137.avi,12644864,74ef003d362ada76d7c92fadd249a73e2aad6b8cb8273931bff66f0d3910f5aa
train,1273,RWF-2000,,1,violence,train/Fight/rwf_train_fight_0157.avi,14251664,16c59c9355236efd841a7baed6e7940707e4ec4d0149cfcde4e0ed14518310b8
train,1274,RLVS,,0,non_violence,NonViolence/NV_242.mp4,492098,cd5d294c97ceb378235b5b39acc2cfef9b8dfda3a8517e3a08a9b4f81ad445a0
train,1275,RWF-2000,,1,violence,val/Fight/rwf_val_fight_0004.avi,24552966,f263534e13c908a96f5ca2d537005743ea9ab626c584a3a935cab3390557b42b
train,1276,RLVS,,1,violence,Violence/V_286.mp4,3310300,964d1d662b31c783f2a49a7b27dfc91665362bfacd55a004e06edfedf28f2d2c
train,1277,RLVS,,0,non_violence,NonViolence/NV_114.mp4,592656,2b552e81591e68860721aa69452d2dcaff8ee1c6eb1ef9d5c1d3addcc508e407
train,1278,RWF-2000,,1,violence,train/Fight/rwf_train_fight_0013.avi,3843366,2d46e4aab308b8b89a49117bf308e71435c9f1eed7a650477245155b8830547b
train,1279,RWF-2000,,0,non_violence,train/NonFight/rwf_train_nonfight_0213.avi,3835412,904e0973eaa111159a08526ab8a92881957a2b1dd8c90fb509a6b622faf404a5
train,1280,RWF-2000,,1,violence,train/Fight/rwf_train_fight_0103.avi,21885622,b3e5651b47e27a3b5bdc2b94dbeb4dcfafebf2e92e44d523a1ef36c4d2c905f0
train,1281,RLVS,,1,violence,Violence/V_125.mp4,862971,33dd2c21c99c1c6d9941331feccd28927869dfddcb7c58d0a9eecb03bb26125e
train,1282,RLVS,,0,non_violence,NonViolence/NV_521.mp4,566766,9a635d37f5384779103e25d8674a5496b6af665bb19f464bf76c38d9a9fd3424
train,1283,RWF-2000,,1,violence,train/Fight/rwf_train_fight_0415.avi,7614878,8e7e13af5a88aa4b70651e165a9403403fb17d09352affaf435147b8c79ae6ce
train,1284,RLVS,,0,non_violence,NonViolence/NV_346.mp4,294632,1c15793ae1bc691e4e8b088ec107fd4fc645976d028feaad416941cd0189d97d
train,1285,RWF-2000,,0,non_violence,train/NonFight/rwf_train_nonfight_0564.avi,9865132,58d2a07fb8beb4d07a6b353feb639d3ab5e74d6e32f1e3967d7e4669c96b8e45
train,1286,RLVS,,1,violence,Violence/V_506.mp4,1403826,6286a665b0d29baee0df031109fa1cc2465b64ef7e3bb25c06f9e398e1f65e7c
train,1287,RWF-2000,,0,non_violence,train/NonFight/rwf_train_nonfight_0275.avi,3633366,55d28550b55cb67567ba0d35106704b4418bb78f56cc4101198d61c92e911da2
train,1288,RWF-2000,,0,non_violence,val/NonFight/rwf_val_nonfight_0144.avi,6268396,6bec8d7ee539937f844dc7f8bee1c60363afb1d45a8aa2923330637624f951f7
train,1289,RWF-2000,,1,violence,train/Fight/rwf_train_fight_0416.avi,6630086,450504c92fdc9f80570028fd08fe504e704568cf0182cd9a05b721b7faa0a173
train,1290,RWF-2000,,1,violence,train/Fight/rwf_train_fight_0605.avi,9571478,d7f5e5fcb0d04047e6232deeb7dc59fca0d293f5d804b644b308587e8b972f0c
train,1291,RLVS,,0,non_violence,NonViolence/NV_347.mp4,226024,906a60a04b3e5df0c0bc817076f1ad5d9ba4c98590ebfceab13a45ce7b74ab0e
train,1292,RWF-2000,,1,violence,train/Fight/rwf_train_fight_0292.avi,10761574,ae3d60098a74435030ef6672a019becec1bf9caefab6d671da2680ee7149461a
train,1293,RWF-2000,,0,non_violence,train/NonFight/rwf_train_nonfight_0009.avi,10656068,5536b02e6fee62845a9ed9499d4c81e491e9d887871ccc0ff5007489543f65e9
train,1294,RLVS,,0,non_violence,NonViolence/NV_777.mp4,1160965,b69d84ae0c2800bd23ff874d80c23d0950bdcb6338da066667903837dc2615b9
train,1295,RWF-2000,,1,violence,train/Fight/rwf_train_fight_0218.avi,6207326,d489766dc688a1180c5e358421e2b5dddecf3469c02ff7f52989dfe2e454ce51
train,1296,RLVS,,1,violence,Violence/V_922.mp4,305588,49fdca28e379f07591e78939586cc3e6a10eaa6d1ae08222ac665f7da5865c66
train,1297,RLVS,,1,violence,Violence/V_621.mp4,1483418,f8b5a48171cb452623dbb0fc472f5d27add13c44e0e656d1c4c1df480664f7f5
train,1298,RWF-2000,,0,non_violence,train/NonFight/rwf_train_nonfight_0200.avi,2583998,5efbfc2fcd7155721688f38d2b7691735ea92d865aaef522cb1e7726ed9ad4e6
train,1299,RLVS,,1,violence,Violence/V_974.mp4,436071,00865b5dcccc500c64d9aff7579c11fc5b3a6496036faeeeb860ce7d5ee1bef2
train,1300,RLVS,,1,violence,Violence/V_26.mp4,696607,cd2f39afc5d88ea4b5c2795bc8c09f28f07d0854daf886a0897e4e46046ecbbc
train,1301,RWF-2000,,1,violence,val/Fight/rwf_val_fight_0047.avi,4355570,51946302e8f8bf1bbc895b77f681222f25fdac9076dc75018aeb64ba35ef677d
train,1302,RLVS,,1,violence,Violence/V_869.mp4,546353,b7ed836f008216cf8c0de246488e4b2f9241c6b660dc13f1dda15c73528667cf
train,1303,RLVS,,1,violence,Violence/V_760.mp4,2600328,70b0e9c3f8da9c35931fbe31bd08a4cc19f9b1be16e9cbc3fad8e18c8a42e033
train,1304,RLVS,,0,non_violence,NonViolence/NV_816.mp4,1312991,b53e160525dee18c5df3856e97d4c923b0bd87417416b589073543a5ce94ee73
train,1305,RLVS,,0,non_violence,NonViolence/NV_609.mp4,1361390,c2abfc3f578ba72f8e99b804722d05b110ea0481d3d901119897e368af57baa1
train,1306,RWF-2000,,0,non_violence,train/NonFight/rwf_train_nonfight_0399.avi,2294940,aa2d6ceb669a7e36480676d4b32d6098b3fd1cd61973926c160634ee6f980842
train,1307,RLVS,,0,non_violence,NonViolence/NV_533.mp4,386519,0ff07f0a60350cbca550287c29b07e1ca4fd7e88dea99c084a284658cf51db28
train,1308,RLVS,,1,violence,Violence/V_644.mp4,4170008,7d1630491e547895274e47184d666a496cf8a58330d9b47092c4be3c194d72a2
train,1309,RLVS,,0,non_violence,NonViolence/NV_343.mp4,242819,e37d57b520043568b65966bb21bc93692b6a18464034b42b8d45ebe64a2d44a2
train,1310,RWF-2000,,1,violence,train/Fight/rwf_train_fight_0261.avi,1161406,e783c983e4b1e5602d244a8e9334e87d62dad52a62e689499e5aa17548f590a7
train,1311,RLVS,,0,non_violence,NonViolence/NV_728.mp4,731436,08bd5c6be3af92945c2868f82dc2dc93ad78c62c514f66746540e8e19f6ed2c7
train,1312,RLVS,,0,non_violence,NonViolence/NV_462.mp4,207748,e3affdcc2aaad8c336570aa4f1bc1bef6b93a48018b4e699b8477c9e91ac4b6a
train,1313,RLVS,,0,non_violence,NonViolence/NV_19.mp4,1572711,0768f2ee60addd51eff1ada83d25b989d37a73bda938ece83e0f183ddf45f759
train,1314,RWF-2000,,1,violence,train/Fight/rwf_train_fight_0762.avi,1866106,5535bf775046a70ce0b8984c50ae6d010e4be156157e9011c7c6e1d6e98c7f6f
train,1315,RLVS,,0,non_violence,NonViolence/NV_13.mp4,1432780,789ae1f2047cb5edecc674cabfbcdc9169421accb65b1a3a8d01870baec85819
train,1316,RLVS,,1,violence,Violence/V_163.mp4,271233,fcff55a63ffb5f6908aa18db2afe3c44cc6b0f62d010c585b698f54373c2f5a8
train,1317,RLVS,,1,violence,Violence/V_773.mp4,1123736,75fbe3c52fb96ee010af58227aba96734896c4a0d1a6b954d338fd7fec47bc4a
train,1318,RWF-2000,,1,violence,val/Fight/rwf_val_fight_0012.avi,15511356,cdc6870263fe045d050844d788067ee74e1adc114410567c18def11ac2c288e8
train,1319,RLVS,,0,non_violence,NonViolence/NV_273.mp4,1608249,e61b74d4cc6b1f054ad4ba8bdfc02051f72f7233d583e036a3576cbff14db0b0
train,1320,RLVS,,0,non_violence,NonViolence/NV_500.mp4,265312,6dd42652d5946e05eae3351c061bd80ced27a40111bdd3e30daccb7c15fffce7
train,1321,RWF-2000,,0,non_violence,train/NonFight/rwf_train_nonfight_0451.avi,2473944,9ec49938da56ba4e13c556e57707f451ae3255c240567f1459c80ce159a7ff05
train,1322,RLVS,,0,non_violence,NonViolence/NV_659.mp4,183611,b0556f90af3e4912c4f51e57582eec563f230c7e036f84490121f983243023b4
train,1323,RLVS,,1,violence,Violence/V_86.mp4,339749,4284063d4ea405a59f02ca6f2cdd922419fe1c910187e7f41ebbf5dc57fc5960
train,1324,RWF-2000,,0,non_violence,train/NonFight/rwf_train_nonfight_0220.avi,3200732,832613fbf960b2c18e571cb97ba999cee835a714785c7be97cff237f469dccf6
train,1325,RLVS,,1,violence,Violence/V_678.mp4,1229339,ed1debdf3c3068e9c9316eca0200a45f74850a469fe6648de1b1fbf8f4d69ac0
train,1326,RLVS,,1,violence,Violence/V_371.mp4,341099,4cf17f3e9a1cb83c6e025cc54fdc614491e909293557c92a9692ad6e0417725f
train,1327,RWF-2000,,0,non_violence,val/NonFight/rwf_val_nonfight_0085.avi,2417852,e464c3c1af82870d7914dc0ff22f0ae7c070740412ffb34c129a7026c82802da
train,1328,RLVS,,0,non_violence,NonViolence/NV_125.mp4,592672,36503bf33b65c554e280a618fe2d288d0183d552525e25dbb020a9d2443e6b99
train,1329,RWF-2000,,1,violence,train/Fight/rwf_train_fight_0067.avi,12192688,66ad8dc83f6f3a73eb600d4cd8a0ae8204e705be5a63ea46c91f28063c8a057d
train,1330,RWF-2000,,0,non_violence,val/NonFight/rwf_val_nonfight_0047.avi,3660862,8034410e0d38834a4d32025650d7bc4a7c04fb6861d31c6dafe5738a961401de
train,1331,RWF-2000,,1,violence,train/Fight/rwf_train_fight_0420.avi,6524296,8fc97d54a13c3f4601b501886a28a7df76cb885c3321a13901131ca9426a01f5
train,1332,RLVS,,0,non_violence,NonViolence/NV_211.mp4,413064,151ade3d6e0a46497d9d1c1359ed6317c97417e07ab8b61db4e7b9eda4b5ac3c
train,1333,RWF-2000,,0,non_violence,train/NonFight/rwf_train_nonfight_0206.avi,2619372,9826b4607e8e69ec2cb6af95f0c379312a6de7597bdd12ccbcb3c7c4c42024c2
train,1334,RWF-2000,,1,violence,train/Fight/rwf_train_fight_0194.avi,6697866,87726780265ee7b2a32fb552b1416d163fc4fb2afbec3f5392fd7473934ccfbb
train,1335,RLVS,,0,non_violence,NonViolence/NV_168.mp4,845552,11abaf97eaec1d1fbf5c569e02d24bfa9f414769df9446322a3fed5dc0f07fd1
train,1336,RLVS,,0,non_violence,NonViolence/NV_286.mp4,1692350,36395213c7450d0ec13579b6b00e70a695f1ed1ef28880a51d298d42b856907b
train,1337,RLVS,,1,violence,Violence/V_690.mp4,641251,781e7dd80bf0c32ca92fa86bb740e09933bf924d537971f95c9941ae0d31b7fb
train,1338,RWF-2000,,0,non_violence,val/NonFight/rwf_val_nonfight_0145.avi,3754062,e0e7fdccabe03c3d2fe3cad0197d101b67664329ba2b2ecbd8a16da231fc69ed
train,1339,RLVS,,0,non_violence,NonViolence/NV_173.mp4,148056,ccff25cb52748b8344d2463228d3472d76a5145d575aa7956e26206712b1c0a1
train,1340,RLVS,,0,non_violence,NonViolence/NV_845.mp4,1484750,c692778d2ef94c502b741caff8f16d053940b6f2d7be518135c7600e10e0279b
train,1341,RLVS,,0,non_violence,NonViolence/NV_992.mp4,4240942,2626cf9d83d1ca104999839e50a9edc44d319196797902deebb3b17d3b6f56a2
train,1342,RWF-2000,,1,violence,train/Fight/rwf_train_fight_0706.avi,2100098,f0634172f89539017f1dbd77f27f0b40395202115218f451015f03315ef543a4
train,1343,RLVS,,1,violence,Violence/V_932.mp4,423596,7acdaaf1b691ba433492a3b196349d84a71091966e6c5a391aaeea3b988a4457
train,1344,RWF-2000,,0,non_violence,train/NonFight/rwf_train_nonfight_0514.avi,2212744,658f574a4ff4b65bd53ac21eeb55e240633da62e34a15bc29584e3e0e7132529
train,1345,RWF-2000,,1,violence,val/Fight/rwf_val_fight_0025.avi,11966560,e40d8ad4ea736a26e0dda29d0377559e2826604d520b623ca4f146c072a61ffa
train,1346,RWF-2000,,0,non_violence,train/NonFight/rwf_train_nonfight_0088.avi,15548396,975c4944e292a72fdb93df9f262c987695025e87cdfe71a45a1a199c37235ad1
train,1347,RWF-2000,,1,violence,train/Fight/rwf_train_fight_0090.avi,9178624,4af3f79b56ec3347a6e6f5f8ddf46ed2390527ce50cc5c57db0c095d198fde25
train,1348,RLVS,,0,non_violence,NonViolence/NV_827.mp4,1156507,ee95694f803272037df6b6b5e1b8f379a1ef40a531aca3930d1665b1a7fcdbd6
train,1349,RLVS,,0,non_violence,NonViolence/NV_586.mp4,239282,d5890ece6a3d7b45b0cb3b188c85b403e34bba6fd880da16d935fcb1ad9e4174
train,1350,RLVS,,0,non_violence,NonViolence/NV_976.mp4,1207626,ae1cd6f553db7fba415e8a5db94257510a92488ea11c32a592dffd08c4c5dbb3
train,1351,RWF-2000,,0,non_violence,train/NonFight/rwf_train_nonfight_0524.avi,1908796,bd42b87f2e9fe6dd397d32c2fafee48020d64e7fbf77bd6d9ba86c99258a5efe
train,1352,RLVS,,0,non_violence,NonViolence/NV_151.mp4,335938,d8903fd9c54b5b9caaf958a0365b62be6fccd60fe182c5853ab6b60b0e8ab84b
train,1353,RWF-2000,,1,violence,train/Fight/rwf_train_fight_0418.avi,7407964,6ff6aecad80dbc572102af4e9d12d34121d6cf2a926cf9fe80b16ab0579fe049
train,1354,RLVS,,0,non_violence,NonViolence/NV_681.mp4,484968,98fa6d69e5b3f6e29eecc1fd50f4d7da189bcccac1415e8f98803409c51fc697
train,1355,RWF-2000,,1,violence,train/Fight/rwf_train_fight_0355.avi,1046804,1adf457173f6b5073619d1fe3b5a0de86fbee1efdc32356a84817d0ce7820175
train,1356,RWF-2000,,1,violence,train/Fight/rwf_train_fight_0387.avi,15361068,f0e154e1cf9b46d92bf5cf06983cb3190fe7cbf1b38de13fec5643bfc5f9a2d8
train,1357,RWF-2000,,1,violence,train/Fight/rwf_train_fight_0670.avi,3402350,d9e71d04951a00f1b30735a7d52bcc19666bdff5fefd4e9b59945ac1d3552099
train,1358,RLVS,,0,non_violence,NonViolence/NV_11.mp4,1660244,18b26dffa924186e0786009a14f792aee7747de9bf6ce96b0643e08415323c8b
train,1359,RWF-2000,,1,violence,train/Fight/rwf_train_fight_0757.avi,3820626,473f238439cad560981f4feb57672d988adc3699990ea6d90964d8f154210671
train,1360,RLVS,,1,violence,Violence/V_393.mp4,1168446,279c64782cfeee67298fa6a78ec5b05d0608cf1a0145399f6eb20f543d7f4eaa
train,1361,RLVS,,1,violence,Violence/V_978.mp4,321977,f4edfd924c9356b9f5f444415a393315bf943b3f77a19e3afd95e58ca80ce057
train,1362,RLVS,,0,non_violence,NonViolence/NV_92.mp4,773216,6f66bc431e80af1577c2d13865e23e9456f1f74fc17d8fadba48cec308476d2b
train,1363,RLVS,,1,violence,Violence/V_889.mp4,391888,8647fe094f8669a311d413bd8a78edc452d21995f8a083384cf1a45705f88b59
train,1364,RLVS,,1,violence,Violence/V_68.mp4,398183,0c88545af0d073d055be82a98c71bdac4dbc9e374126083fe08aa1e7044735a2
train,1365,RLVS,,0,non_violence,NonViolence/NV_330.mp4,717270,28286fd0bbe60386557e0e4434e11120dd29e36f90fc2117819038119cf172d5
train,1366,RWF-2000,,0,non_violence,train/NonFight/rwf_train_nonfight_0175.avi,1157596,80928c679a389505080a043911ffb739f8c2242cf0cf254c21cea493ed93555d
train,1367,RLVS,,0,non_violence,NonViolence/NV_36.mp4,368608,84c12f615ac56583e66a5a2ff4efa304c91a61ef204f322c5d82cc096f02da3a
train,1368,RLVS,,0,non_violence,NonViolence/NV_789.mp4,943318,4123f852aa1ab0541d526388a31ea4038441af4b324509d76fe0a64ec8653142
train,1369,RLVS,,0,non_violence,NonViolence/NV_474.mp4,371036,a820d43a2ebb089a16970afe1ff8e9d9452a9ce2690435366c40fa797aa85f62
train,1370,RWF-2000,,0,non_violence,train/NonFight/rwf_train_nonfight_0450.avi,2124680,96535aea9a47f929ff426ab62fb6caae50bc1d2f046f29396d43c86fd0844a3b
train,1371,RLVS,,1,violence,Violence/V_966.mp4,1173853,a7932af7d879b95aec3dd54b554cd64704cfee06089aa03e0415a090be955a94
train,1372,RLVS,,1,violence,Violence/V_435.mp4,976170,deed55b91ca5cb8a758f53bd01d159c6cffb862982039579dcf1d0a776a0fa55
train,1373,RLVS,,1,violence,Violence/V_482.mp4,2028389,815b87864c0ff824b45f102121e7c02bfd8f315d748040a10b691d5b81659d3f
train,1374,RLVS,,0,non_violence,NonViolence/NV_652.mp4,340545,dcebebb103c8f05f0aa90ba905cc2051432ce8f18ffc7e7364246ec49ee24871
train,1375,RWF-2000,,0,non_violence,train/NonFight/rwf_train_nonfight_0119.avi,4004666,7fb1cd6e8265a3371a5447b96c3101b8a212cb2266a4ae4df7ce37e8a5e40130
train,1376,RWF-2000,,1,violence,train/Fight/rwf_train_fight_0607.avi,16276568,1a657c0d355e45643127d5d9cabcbf85646632aa962737c00ef44e7469cb826e
train,1377,RWF-2000,,0,non_violence,train/NonFight/rwf_train_nonfight_0716.avi,2229180,535701d21cb2f13bdd15b13d845224fdd06a7e29949ccdebb1aa38b29c7d51e4
train,1378,RLVS,,1,violence,Violence/V_665.mp4,897956,03bdecaeee7bd11810619e88d195e703da09e97fdccf057916071244a5372c76
train,1379,RWF-2000,,1,violence,val/Fight/rwf_val_fight_0161.avi,10384914,0291dd700d8c189cb61f596457d909835f1c9ff6f966f792d0bfe8df46fe363e
train,1380,RLVS,,1,violence,Violence/V_394.mp4,1354639,d7997b446370bde7fa7ce127926239b420a5adfeb325530db00e2ec457a2563d
train,1381,RWF-2000,,0,non_violence,train/NonFight/rwf_train_nonfight_0531.avi,2747020,1d41d3ceb4358d2bf7214228988bbdb020c5ba0aae84fdb156794614044069cd
train,1382,RWF-2000,,0,non_violence,val/NonFight/rwf_val_nonfight_0180.avi,6524284,b05d350c4b68f4a110156f057b86d801791ede613ed11124ad210783e36814d5
train,1383,RWF-2000,,1,violence,train/Fight/rwf_train_fight_0527.avi,2298302,e3e0fddb3bda73d6f69bcab5d2c14c9857b457b56f7fe82e43b4f8a2de0f6de9
train,1384,RWF-2000,,0,non_violence,train/NonFight/rwf_train_nonfight_0338.avi,3619084,609e64b3f47770112c4190a7df4329d806a25ffc478349e44318fbca691ecb40
train,1385,RWF-2000,,1,violence,val/Fight/rwf_val_fight_0123.avi,10977080,7a25a8a322a8694a0487cab8076b926dda5908e4241795c77fdd47a349443f12
train,1386,RWF-2000,,1,violence,train/Fight/rwf_train_fight_0563.avi,5623744,31396faf39691df41bef9bb80d4547ab4c173252cb3cb90245100c7308a35325
train,1387,RWF-2000,,0,non_violence,train/NonFight/rwf_train_nonfight_0173.avi,21322184,f439e183b015c45b8a7e9b46895fb3405a0618086bad4bca1cd589acd3051bec
train,1388,RLVS,,0,non_violence,NonViolence/NV_563.mp4,394375,ad83995009ffb36cfdd533379c3414b7cde0d0d1fbc6be9c11c53ae79a4bd972
train,1389,RWF-2000,,1,violence,train/Fight/rwf_train_fight_0002.avi,2538716,171fe9be4363c8381c93f87cabc39c332029b684b24e084e822d0291b160a9af
train,1390,RWF-2000,,0,non_violence,train/NonFight/rwf_train_nonfight_0419.avi,8156808,88500500f0749faea6f25b18ba432a0724d7feb368bd5a8059b76287ceef46fc
train,1391,RLVS,,1,violence,Violence/V_290.mp4,1769011,9c57bc20945af07e95fa8cde88f54c8c9d1122bef21772592b70949ff96edf1d
train,1392,RLVS,,1,violence,Violence/V_491.mp4,844327,cda7591b7c23e11fb64c12e683212f76ff1bbfd79c63dc366f70a146d80ac285
train,1393,RLVS,,1,violence,Violence/V_380.mp4,571851,33dc71074d1ecd0909715f6a8591c62d71d95a97692c7b2720322c3207430427
train,1394,RLVS,,1,violence,Violence/V_777.mp4,1159165,77ec18987d97f2e35b9cf7dbc9c10e3bb0ca5cb649d606c20fb35d089ae16ef9
train,1395,RLVS,,1,violence,Violence/V_859.mp4,792362,8932a0f74dd76390d9e9813c78534218d099fc507303b1ab616dbf54d7d11377
train,1396,RLVS,,0,non_violence,NonViolence/NV_471.mp4,631133,c2be8b1535ec0d1350722efcada2548644218a366c85fc3c127a026f1662cff2
train,1397,RWF-2000,,0,non_violence,train/NonFight/rwf_train_nonfight_0023.avi,3081462,f0fe1e265123e78840d41214db54102c42b4a021208c0d05deaac6976a22137c
train,1398,RLVS,,1,violence,Violence/V_865.mp4,1060379,bf5a0a1c119fa4963882f0cfdd9080e2185db2cc6acbc97293ebae8529a5fd1b
train,1399,RWF-2000,,0,non_violence,train/NonFight/rwf_train_nonfight_0510.avi,3184784,c344e296d5084b7caee6a296b4a7a8773d0555f302336c9420d7ea05ca8271f9
train,1400,RLVS,,1,violence,Violence/V_583.mp4,1949934,23d0458885a3e04ebdd281190e6636e33337f02071f188e06340c503a629650a
train,1401,RLVS,,1,violence,Violence/V_903.mp4,412634,646c2b98d0a8a357a43769f9dd5435c9589ed4d3c38147e33a73c286c652de93
train,1402,RLVS,,0,non_violence,NonViolence/NV_46.mp4,681560,a306b8726cdd20a8ae72eeb0c047f7aa858d84939fd708da61c3c809a481656e
train,1403,RLVS,,1,violence,Violence/V_332.mp4,2820275,148f01482efaedca685099baf3a18be7c963da1e6c47d27883684215ff4558f0
train,1404,RWF-2000,,1,violence,train/Fight/rwf_train_fight_0390.avi,15250604,ce8977c0a5a7c96a3372f60f3039c0c812ca7cce44856aae87b5732700c1354f
train,1405,RLVS,,0,non_violence,NonViolence/NV_287.mp4,1235730,28d93aede11b204639e1725bb9ab228ed414547c12c76e3c253504ae61ab7ba8
train,1406,RLVS,,1,violence,Violence/V_257.mp4,828825,b57044640ee8f5f32095429f5f18e02196b16a2508bfd2658b6854173fb87932
train,1407,RLVS,,0,non_violence,NonViolence/NV_320.mp4,1807952,5e05b577752a5431faf5c2a8092c0735d11f32850162b76a9f74bf834b9a0621
train,1408,RLVS,,1,violence,Violence/V_237.mp4,2718110,0c43696d699993382910ee9aa2f0080cc673dab64421a00161abd20c2a542c5f
train,1409,RWF-2000,,1,violence,train/Fight/rwf_train_fight_0233.avi,2757520,7eddd0b37cac74c3c7b5c4369618f368a2b2ebc8123c5362732428cf6e782846
train,1410,RLVS,,1,violence,Violence/V_511.mp4,572018,58d8b019ee04576f1831274a593eaf4a0c6688d31bd3d207b26970de7f65c5c4
train,1411,RLVS,,0,non_violence,NonViolence/NV_16.mp4,994196,b97497d1aeb51fd87da5cccd5678120b694582e80ca255e34a5eadc249da69bf
train,1412,RLVS,,1,violence,Violence/V_961.mp4,311819,d25d6abc15989872f3e632f903cc67b411f5c63772ff703714551382d3ddbc33
train,1413,RWF-2000,,1,violence,train/Fight/rwf_train_fight_0084.avi,24525482,8a94453d6c02175c5e3b88a2e78de73d237ca38ffbe3ee464a6cfef92a1f9d72
train,1414,RLVS,,1,violence,Violence/V_917.mp4,303857,1f01d08845bb4386689777c4a4f66f04a93c4abf356c4062c57ab71eeca2e642
train,1415,RLVS,,0,non_violence,NonViolence/NV_88.mp4,452268,2fc6cc565a6a59cfb8f8ac54589896da6117e28c49c19c7424b923808580b9a2
train,1416,RLVS,,0,non_violence,NonViolence/NV_924.mp4,512635,f4c97feea6932a170c762337511493b8cea0e6f7726731cca3a44584bd7cc6dd
train,1417,RWF-2000,,0,non_violence,train/NonFight/rwf_train_nonfight_0704.avi,8699210,ca08a6a532fde32e2bbc719f2ad07aec87ce016b01b141252b2fd4417d251855
train,1418,RWF-2000,,1,violence,train/Fight/rwf_train_fight_0381.avi,5451380,aed13a1e233cf87b64d36061d741c9f1368916a8a0519a152b082800d9852cdc
train,1419,RLVS,,0,non_violence,NonViolence/NV_988.mp4,513354,80b3b2661a3475ce2e430dcd2b6f7b05a8b9d004600d27e440326b8eb5b2ece7
train,1420,RWF-2000,,0,non_violence,train/NonFight/rwf_train_nonfight_0511.avi,3583390,a32b5988e29a77fb21a7ff26b0a8508a4ec1e54a5916ea9b519879b6409468bb
train,1421,RLVS,,0,non_violence,NonViolence/NV_311.mp4,266095,54f41b031a0f5550712760a1817e5eb6ffecc2bb48e768489927a514b3012e39
train,1422,RLVS,,1,violence,Violence/V_501.mp4,1258729,859f749642c0d3574256b22b674ed7115ddaa22bfd059233674f15ff93084e75
train,1423,RWF-2000,,1,violence,train/Fight/rwf_train_fight_0078.avi,3389626,135d77c00a32d59fafb9c3b500dbe27f889651daeff0ba5e74458732c7841bba
train,1424,RWF-2000,,1,violence,train/Fight/rwf_train_fight_0479.avi,2339924,73c5a6b8c83055c52d2d0bd4ec0df9708895dd0893f8963add9f65af4ecb9387
train,1425,RWF-2000,,1,violence,train/Fight/rwf_train_fight_0596.avi,6704034,606b3e7118e482435dea58fd5579f3dc3397f6b02188c5203727c815e9fc0990
train,1426,RLVS,,0,non_violence,NonViolence/NV_24.mp4,1252327,106592b75ae88f595c518362f98caf477c3615c09d9c9ac9dcf7e00a865ca118
train,1427,RWF-2000,,0,non_violence,val/NonFight/rwf_val_nonfight_0110.avi,4098840,cff703265a8501c25d42b20e0b3fa63c8fc7d8623917f66d7ba00e2ebed3f298
train,1428,RWF-2000,,1,violence,val/Fight/rwf_val_fight_0103.avi,4117468,5cfad036af14372cacf8dc8d45d61ba28b64ade9d929fcb74fce3a98ea1a2f8d
train,1429,RWF-2000,,0,non_violence,train/NonFight/rwf_train_nonfight_0034.avi,1859878,c0c36d2766f29caaed00516d6ce47781038348b158ee4177c9312dd7d4ecb50a
train,1430,RWF-2000,,1,violence,train/Fight/rwf_train_fight_0310.avi,7648368,1764f7af1ffdc5138ccc15d62919f6a3b03ef49598bed71a6b2486cddbb4585e
train,1431,RWF-2000,,1,violence,train/Fight/rwf_train_fight_0344.avi,11526482,cacb953d5cc4154031d7b4ad97ea58ffe32961bb76907bd2bf7ce754d08ed340
train,1432,RLVS,,0,non_violence,NonViolence/NV_431.mp4,243128,9b8fbc81f48d382657e01a0c80f6a7c867a7f27121eadeec33ca152bc0cbdafe
train,1433,RLVS,,0,non_violence,NonViolence/NV_65.mp4,937124,c97b6f0a917a13c6b55316e032df1df12093dc4e2ce1116be0a1ab31dfcb9533
train,1434,RLVS,,0,non_violence,NonViolence/NV_597.mp4,442117,42265bc12a3475c11aef53be8ac0a31d2ca3925b77a8678b02483260d8ca2c56
train,1435,RWF-2000,,1,violence,train/Fight/rwf_train_fight_0558.avi,5822476,6c81ee9c841fa5c1ec71845b4bf33342f32c0cb0d0e5bcfac5ac5a195380b621
train,1436,RLVS,,1,violence,Violence/V_297.mp4,1596874,3985cbf5804ae64d82ab5cabe03a77a45783091a6146220d3bcf0fd319b0d5b8
train,1437,RLVS,,1,violence,Violence/V_842.mp4,634144,941a1bb3b7577dd5bf53084110c2a710a99dc39ccc7065d2107e5e2ba6244488
train,1438,RLVS,,0,non_violence,NonViolence/NV_69.mp4,864832,2db7a5cc76705ae9d59091238c339ae9e9bd37ecde06f9ae0ea740d0a047d9ca
train,1439,RLVS,,1,violence,Violence/V_432.mp4,1431934,0a1a2881bbfdf58debfade2ea0e4cab65332cd053ffccd149ff3df8597880ce4
train,1440,RWF-2000,,1,violence,val/Fight/rwf_val_fight_0089.avi,3721526,79ae4d6ae5b236c4c43d54e255fa0675a3b51d4588a52f439febb603690f33e2
train,1441,RLVS,,1,violence,Violence/V_977.mp4,429470,a15f6dc282cf505b1e98170408a0acb989baf12792a15aa553fa670d6ad6222c
train,1442,RLVS,,1,violence,Violence/V_63.mp4,307401,c2c5593bbdd29bec2538dd25fc756497b7bd847908f2cc0a28cc6c1ac1a26702
train,1443,RLVS,,1,violence,Violence/V_990.mp4,444000,99e1879459e58ed1a0e6b374dbaefd79ca2348a84a191a0c0b7ca7f417d555ef
train,1444,RLVS,,1,violence,Violence/V_418.mp4,779595,3cd2f6ef2905739a5a736848784f937cc9a49655afe4f35f34a93f2aa9636a0e
train,1445,RWF-2000,,0,non_violence,train/NonFight/rwf_train_nonfight_0443.avi,16324192,3f4413bb7ceb918149599dbcb3730123d2335ce8a7105ca3608eaba573764a80
train,1446,RLVS,,1,violence,Violence/V_992.mp4,426088,cd8dc161b518ed399d081335f7acf8fb981792f0aaffbe79818159407896d603
train,1447,RLVS,,0,non_violence,NonViolence/NV_510.mp4,351394,715bf05e54ea430b3bd1da054fb58ef6a9884343d55f5000916458d578b16425
train,1448,RLVS,,1,violence,Violence/V_39.mp4,1844717,bb1fad60e6373bfca96ad1a90b23dd08d5f9bae4b3d3907bcbb9ed6a44fac3d0
train,1449,RLVS,,1,violence,Violence/V_918.mp4,294273,ecf4d4ac98c152241fef1d18e52e7e2d5906a4df8d1d941687ef1a3d555d2745
train,1450,RLVS,,1,violence,Violence/V_29.mp4,634831,394d61a282ce0a5c2bd7fc3c761f33d1060d4ddb488696efb32ce46ad831a024
train,1451,RWF-2000,,0,non_violence,train/NonFight/rwf_train_nonfight_0728.avi,2855138,9a7d32805235638092379e2959b6d7a19925c45a29e3b2b695eb1bac3f85ed47
train,1452,RLVS,,0,non_violence,NonViolence/NV_230.mp4,790940,448aad8470e41beb25774ae5d72b255fa6c5abdc739a92b5aa097d1785c71715
train,1453,RWF-2000,,0,non_violence,val/NonFight/rwf_val_nonfight_0083.avi,1619538,e18296df787e4ef4497d95a1129dbc0cb30bb8745cf984d2de3b586a6613e5cb
train,1454,RLVS,,0,non_violence,NonViolence/NV_185.mp4,705628,0053630f06a0e57dbbe4d6fcccabff8dfeec7fa0b2e7eaa04b361637625bce8a
train,1455,RWF-2000,,0,non_violence,train/NonFight/rwf_train_nonfight_0721.avi,10051986,e06ff3a7b5a153016a61410d489f827bb95a3c5fadb7aefc02e50a7c3ecc11d3
train,1456,RLVS,,0,non_violence,NonViolence/NV_887.avi,971222,364223c24ba6393a07b40a80d39c49581ae564f242310c3aaf7ac760657d42c8
train,1457,RLVS,,0,non_violence,NonViolence/NV_170.mp4,358968,0a8ab35b867e065fd68d2284c833a8545294fdee498fdf4abc4c699f835e7cc0
train,1458,RLVS,,1,violence,Violence/V_112.mp4,241841,6911bb8de17e5293a2ec3217ed668a597ad777b4480e44e9084d032efb5380c0
train,1459,RLVS,,1,violence,Violence/V_124.mp4,344344,89f3ff5db3c9d7a70436de519c37cf032a89b438bae6783d67acb77810f7c65a
train,1460,RLVS,,0,non_violence,NonViolence/NV_383.mp4,149780,8f79d2b8955a13007d277dcd6123860b42996739f11a0d8de63dba006790cef2
train,1461,RWF-2000,,0,non_violence,train/NonFight/rwf_train_nonfight_0166.avi,11637968,a350ec93a69dca5b3503f1661509cd3b6f9c4491a832eb2148090489d10fd89c
train,1462,RLVS,,1,violence,Violence/V_454.mp4,1336967,702c1b25629b4ed691a69d29808859e6d6e79d8c9e80f36475eed8ecaf80bd1d
train,1463,RWF-2000,,0,non_violence,train/NonFight/rwf_train_nonfight_0512.avi,1908246,a2c9f388c8d396e4e9753dd75d4719a75b01126a4d2fc52fcf4738ac9593ea31
train,1464,RWF-2000,,0,non_violence,train/NonFight/rwf_train_nonfight_0180.avi,1352240,38d21efb7a004358573269457e06a7b199f3c1f1e7e8acc7e79690488c18353d
train,1465,RWF-2000,,0,non_violence,train/NonFight/rwf_train_nonfight_0530.avi,2431800,4e6bd9e72a6d7571c77d6c415948e35b8a8fa049ff11544d6981a2841c3535bb
train,1466,RLVS,,0,non_violence,NonViolence/NV_558.mp4,732633,b2c839a55212de1ea97ebc5a02ec1f332a8853b7167bec76166c322b2c2b49c9
train,1467,RWF-2000,,1,violence,val/Fight/rwf_val_fight_0108.avi,2895938,149cd8474cdd5e9fa200f8411c39bbfafdafa64bf7c2551b05b849eabe7af450
train,1468,RLVS,,1,violence,Violence/V_793.mp4,329297,9decde52490f8a4e6608798d3bcd4df58216c52f2a02a15872c96123b0984804
train,1469,RWF-2000,,1,violence,train/Fight/rwf_train_fight_0360.avi,2337956,4844285dba99689bca95504a7917ad52388cffcd3d10ff9bf135dda016f38fd1
train,1470,RLVS,,0,non_violence,NonViolence/NV_883.avi,711180,6746ccc28355ffd03cad8e093b6ede302027bc6370385e745012f485c999c8e4
train,1471,RLVS,,0,non_violence,NonViolence/NV_197.mp4,732682,355cf2ef06ce95d5af8dc5c3fa48a2976ab9b04642e8947b02d01e817891e0d8
train,1472,RLVS,,1,violence,Violence/V_944.mp4,454677,d3f7c3d63abc4dab5487742ecdeafe99878b43ff43c0d04b2a1c1a684eafd2cc
train,1473,RLVS,,0,non_violence,NonViolence/NV_933.mp4,981168,6d7eb31d358acc8ee4c4a0e8ee7604492f6fe06db0e5a2144d184167d61f4422
train,1474,RWF-2000,,0,non_violence,train/NonFight/rwf_train_nonfight_0240.avi,2947494,5b525968ec35868ab8f58ca39e8e70a0ec16b481bb137bd58bd0a7a7a563d939
train,1475,RLVS,,0,non_violence,NonViolence/NV_2.mp4,530174,8e9b624eb8820ad3aac5341f891f98e63e12d88e65f0fd6486162e18f800f7a6
train,1476,RLVS,,0,non_violence,NonViolence/NV_752.mp4,374315,75d7eb314699d7e007a5ccb9f50c3acd11763f4dbc53214da4234285ddcb807b
train,1477,RLVS,,0,non_violence,NonViolence/NV_594.mp4,414116,720c2e58e623ec285292f71321cb8748ebe710a2f90d4a0420ceb1caa4188236
train,1478,RLVS,,1,violence,Violence/V_520.mp4,454870,80b0dede774f8ce5ccb2cf1c495c3ec898b13f734c81f11f4a26e2ce0934e221
train,1479,RLVS,,1,violence,Violence/V_101.mp4,447190,71efc82fa6ea0483f4410efd3040462e67a91e51c2e170793c89542a69e93be9
train,1480,RWF-2000,,1,violence,val/Fight/rwf_val_fight_0126.avi,14008396,b1091bee4818af2071b9b2ce023e7b8bb997d59293f1e339c6ae57ed309c84c1
train,1481,RWF-2000,,0,non_violence,val/NonFight/rwf_val_nonfight_0063.avi,2523114,7e7630115402b31c5251c24cd82643793b594c04bb8b0c0b908be0a613434560
train,1482,RWF-2000,,1,violence,train/Fight/rwf_train_fight_0093.avi,6522738,be7e1ab8823212c9d94f62bfa4ff721c22f40b602d6d5168cb9cbcf33c50aad5
train,1483,RLVS,,1,violence,Violence/V_729.mp4,565293,7ef5d393b88754975c105464fc455930cdc63d2f66aa369707070080c16e467a
train,1484,RWF-2000,,0,non_violence,train/NonFight/rwf_train_nonfight_0072.avi,2921862,4a2001a9e61c5799492fdd96123a8b971b024cc38c0af55644ed2e583fff4508
train,1485,RWF-2000,,1,violence,val/Fight/rwf_val_fight_0112.avi,3922880,b515cebf77d3129572f2326ae642b12b2665c63c6da79cbc178a4fb05f29129c
train,1486,RWF-2000,,1,violence,train/Fight/rwf_train_fight_0508.avi,10447862,6cf4d3c41882dd74df528d20ca2a199ecf6f2dc4ac973e0e1ef708d640291fab
train,1487,RLVS,,1,violence,Violence/V_315.mp4,3774035,cd126ce8e346126b4987a449522dfc40d26531c7bf39d144d92c69680036face
train,1488,RWF-2000,,0,non_violence,train/NonFight/rwf_train_nonfight_0409.avi,19654032,561a5171851f0f540e997f7b524392cf83e06b196b5461c09f374db8d830a86d
train,1489,RLVS,,1,violence,Violence/V_780.mp4,1386820,c9788eda04d7e51dd9023eb9041eff4b60ded5c72ea939a8c3a237b6d9fe2344
train,1490,RLVS,,1,violence,Violence/V_851.mp4,1040455,cc2ab9a45e9d0fde8806c55e8dd2a1b9ea22dea085958ef0350ef8087737db11
train,1491,RWF-2000,,1,violence,train/Fight/rwf_train_fight_0577.avi,1910470,1a71d9f261eff56dc370928afd6f3fd7b2d4f3cab7bf86f2b7ee10568b1659cf
train,1492,RWF-2000,,1,violence,val/Fight/rwf_val_fight_0098.avi,3971264,d825fbcaa87132707123ef81b8a91abf6174546ff96754d7c0e0ff7e93d48681
train,1493,RLVS,,0,non_violence,NonViolence/NV_873.avi,390700,15a6d0a47d9f0bb247d1597f51153a86906b99f87900210ddbf82f55b5b7ab92
train,1494,RWF-2000,,0,non_violence,train/NonFight/rwf_train_nonfight_0192.avi,13992130,7c585368fe4a75b8cd8045548602bb929455d8cf8ddbbb1c73ceb1f6da619e86
train,1495,RLVS,,0,non_violence,NonViolence/NV_726.mp4,637777,fe4fe36249801a040dfdf454de940fc7036f14d264127f97d737b3de1cd7ee6e
train,1496,RWF-2000,,1,violence,val/Fight/rwf_val_fight_0138.avi,1666232,c11453c5a0368634f78137c26c1d4529f1d1f4eac04c90e6f347faddadd728d0
train,1497,RWF-2000,,0,non_violence,train/NonFight/rwf_train_nonfight_0687.avi,16487914,35768e18cdb87165d8e715b48254e40733ec5a3615e727122180dfd8187f4aa0
train,1498,RWF-2000,,0,non_violence,train/NonFight/rwf_train_nonfight_0322.avi,4629238,f1414243e5a436f39452ffebfc92fcd883437df4912c7df1b24e710be57e4cf7
train,1499,RWF-2000,,0,non_violence,train/NonFight/rwf_train_nonfight_0466.avi,2512858,1eefb00d545ec3b0524aefcfa8c8d865dfcc9420be0a741ab5c1fa336be97bcf
train,1500,RWF-2000,,0,non_violence,val/NonFight/rwf_val_nonfight_0199.avi,3324542,1d1e72dd50ea961c26ebe6f74d1682254d0c42b8acc06a02e74c5829d3a5b5ee
train,1501,RWF-2000,,1,violence,val/Fight/rwf_val_fight_0124.avi,10678336,444b117eb09a529680b2c47b877aaf182f67cc5a31141a0d24697ddc3f7a8eac
train,1502,RWF-2000,,1,violence,train/Fight/rwf_train_fight_0169.avi,5008564,0a0c2c279d4fb36b3c8987df9f197d298b0d987ba5ef44c30c0071254d0464ee
train,1503,RLVS,,0,non_violence,NonViolence/NV_615.mp4,478838,61ad97f660276c75dbf2bbc7fd7f5c2691fcdd2a210df2156cc7eb087107d32a
train,1504,RLVS,,0,non_violence,NonViolence/NV_552.mp4,314953,5a14f4f3466fc778ad76279aed3919c0c834de20e1170c7ab099065a1c8b6e51
train,1505,RWF-2000,,1,violence,train/Fight/rwf_train_fight_0191.avi,8399246,708baf0d737705c9cbe09345f978d219c371ca0f3b805b1c6b5d40849f0d2a59
train,1506,RLVS,,0,non_violence,NonViolence/NV_418.mp4,151182,39d639c11ebfea69e6a75ddad74e1ba04d4c9428af4fd72e6590d3ad9d1bcefe
train,1507,RWF-2000,,1,violence,train/Fight/rwf_train_fight_0478.avi,2358070,4a43bc048d8864b339c491ccf7404b1109b388d9856f89a30bfec6f23523952b
train,1508,RWF-2000,,1,violence,train/Fight/rwf_train_fight_0614.avi,2537368,0752abf9de11afe5cff92c8b4f3e5f28997c04382b8cc84f295451ff29758d64
train,1509,RWF-2000,,0,non_violence,train/NonFight/rwf_train_nonfight_0529.avi,3140122,4752d4eb5ca0c6d98f74bf75844e19897d9d3f01245abf03579e7128485efb9f
train,1510,RWF-2000,,1,violence,train/Fight/rwf_train_fight_0042.avi,2954946,4905803ff400444f8b2d53bee246f464f8802d32b475fe0aa40297aa2a6e006e
train,1511,RWF-2000,,1,violence,val/Fight/rwf_val_fight_0054.avi,11942172,22fcf17baf83d8773d9f307db94b82af480b45d46d072e9adce47cec5c737baa
train,1512,RLVS,,1,violence,Violence/V_813.mp4,510483,a00400af3a631667a677487741fd05d2c7af7bfc45004ca1702b21ba04170270
train,1513,RWF-2000,,0,non_violence,train/NonFight/rwf_train_nonfight_0519.avi,4242958,b49f4da4d81e15600c32055db3556e5ba8f956abcc635c9623535d8f6e130e13
train,1514,RWF-2000,,1,violence,val/Fight/rwf_val_fight_0188.avi,3533646,28eb10b7462309ebf00ed079e1790d660b2aa9790f7f0c8826bedb981c0784e4
train,1515,RLVS,,1,violence,Violence/V_824.mp4,984666,500f235600aae32a434e7f4c16c51a40cc9daa94a8d69182ff74c0d227fec7df
train,1516,RWF-2000,,1,violence,train/Fight/rwf_train_fight_0001.avi,2465594,c909d54724d255afb62e1069b91dceeabd9eb667dc8c3977cd1bc9b4cffe06ea
train,1517,RLVS,,1,violence,Violence/V_574.mp4,1414529,dc37d0ff18b15365683a2ae63b59fad86cc11da93537e9024f55dc061a85e570
train,1518,RWF-2000,,1,violence,val/Fight/rwf_val_fight_0190.avi,8704624,8293f4bffc26dad1fb5a376e562cc8bf94b335bcce5fc3d76f44d3e8c40a38b8
train,1519,RWF-2000,,1,violence,train/Fight/rwf_train_fight_0438.avi,6368040,b8491d83a3a877607e88772fd253fd02e96919532b98824d9680799f2bc5d8ef
train,1520,RWF-2000,,0,non_violence,train/NonFight/rwf_train_nonfight_0108.avi,6480128,becfae0084ab47aff88e459338ce4bb475011f2eb7f00a5ecaeca970fea2c9dd
train,1521,RWF-2000,,1,violence,train/Fight/rwf_train_fight_0290.avi,2703634,4bad0b22577ee3fb060f3d65a4350cb721b9f6f0852cdaa6c9d3f2fae2fb5c55
train,1522,RLVS,,0,non_violence,NonViolence/NV_756.mp4,302299,64fa2f7b16f534cc2a6eca6fcdacd623437369e7d5b306d03e01d31a2e58321d
train,1523,RLVS,,0,non_violence,NonViolence/NV_435.mp4,177039,c7810fb9ae6ee4aa43a0b65c65bdaf6a71eeb89127a61c27b3c411f0c297e5e5
train,1524,RLVS,,0,non_violence,NonViolence/NV_534.mp4,468499,bee739f065024ec7a51840d489b2a940ddc21ad93e2d88eaa2fe9fb4071b4d46
train,1525,RWF-2000,,1,violence,val/Fight/rwf_val_fight_0035.avi,3112756,cf931be790b914c9d4f3332dba2d2ace52593948353fe83866ff9655bc45bb61
train,1526,RWF-2000,,0,non_violence,train/NonFight/rwf_train_nonfight_0557.avi,4646964,9cadf0e249d25b2e8e3eae8358f46f65952c62fad2a8ed6ed69229985a5bd3a4
train,1527,RWF-2000,,0,non_violence,train/NonFight/rwf_train_nonfight_0313.avi,1799410,efff6ff0c9d0c6eb12d476634083218e107252f5b0f9d1fec46e508fe4e7a984
train,1528,RLVS,,0,non_violence,NonViolence/NV_337.mp4,448845,784fa06fc8b83eb68f97b15a204a272e33f63e73dbb644e4c36c2008f5e133c6
train,1529,RWF-2000,,0,non_violence,train/NonFight/rwf_train_nonfight_0252.avi,2509444,8592be695ac169949c6d84e72eb0f38b137048b4861305c54adfa3168e690eff
train,1530,RWF-2000,,0,non_violence,train/NonFight/rwf_train_nonfight_0540.avi,1990484,6467a09f5f0e482456ecf8b235edc7de2f4c054bf60bdaf8d5d89b376adc993c
train,1531,RWF-2000,,1,violence,train/Fight/rwf_train_fight_0322.avi,10541984,66acc3ce705c6fc3c71918444eba1765c54c81ab939db6a7943bf78fa24e0ef8
train,1532,RWF-2000,,0,non_violence,train/NonFight/rwf_train_nonfight_0357.avi,2493220,659fac7bf278817108c87ffa0cd4621f2d26ed8278416d13038e8c0acb91057c
train,1533,RLVS,,0,non_violence,NonViolence/NV_582.mp4,431776,771bdb79503b44337f46303da1db4a26e9aa0df339cbdbd7a01d189741f0b26b
train,1534,RLVS,,1,violence,Violence/V_553.mp4,1134210,c321c8c5d94ff73a8cd9310bf6457e2426faa5b1d95ccf63f923922a9d26b868
train,1535,RLVS,,1,violence,Violence/V_779.mp4,1480158,db6e7b22782453b94517e32f64168bad5b957ef622c61cdd71618a4dfc4c9d5c
train,1536,RWF-2000,,1,violence,train/Fight/rwf_train_fight_0561.avi,5611378,5d7869c68ad352542bcd2856521788564860ff35915c1b062b0ce1d87b456484
train,1537,RLVS,,1,violence,Violence/V_555.mp4,1269313,f7d1012f7fb71548a037f610f83722db7332bbb67fef0332f70b1a80f24e10de
train,1538,RWF-2000,,0,non_violence,val/NonFight/rwf_val_nonfight_0093.avi,3617418,35599854c4e598b3a7a3f1e0afe6b2e0b85763dd0d8f11fc53928ba15a804c5e
train,1539,RWF-2000,,0,non_violence,train/NonFight/rwf_train_nonfight_0604.avi,1996868,734d9e457ccfc457328a5fee42383ef5d19d9213fd38fd246a03997f137b4fa1
train,1540,RLVS,,1,violence,Violence/V_676.mp4,941634,60fc07cb66e90900a4356903c1c92cfba15ad7d992e28cd7c1c60d79e2fcf256
train,1541,RWF-2000,,0,non_violence,val/NonFight/rwf_val_nonfight_0011.avi,6681392,e70762191fdb4c7ed22211497f8daee42c2b1875d5d5f72d963f82759f6a6cc3
train,1542,RWF-2000,,1,violence,train/Fight/rwf_train_fight_0325.avi,2461682,cd08e52e4ac1f9d1719880861b74b57133e653281eff65165590a44a32dd4ea5
train,1543,RLVS,,1,violence,Violence/V_271.mp4,344682,c138591c5134bd9ee912bfbcd548c68ebb23f6d248db73de6f9dbe1c69d1c713
train,1544,RWF-2000,,0,non_violence,train/NonFight/rwf_train_nonfight_0797.avi,1699332,ee1ca6a6035ee45862b3642d4a1d9b24c6a2ad6ca788d50df23e0e7809546c5e
train,1545,RLVS,,0,non_violence,NonViolence/NV_611.mp4,556111,acfaf8bb09e7744c946062232536ef4bf1774976995423c2069863c8c0a9e71a
train,1546,RWF-2000,,0,non_violence,train/NonFight/rwf_train_nonfight_0606.avi,8941110,d1c00ec152872704864aadb0e877277748720e3a842853b0becea6dc38a4d3da
train,1547,RLVS,,1,violence,Violence/V_526.mp4,2094811,039de4a6406cc110e7265b9f1e821807d1f2397207c777f8c40892f95e9b3ef3
train,1548,RLVS,,0,non_violence,NonViolence/NV_75.mp4,781808,8e272b114a001a1fc5a963b7d72c5cbd335c95e716c6d876bee242345126319f
train,1549,RWF-2000,,1,violence,train/Fight/rwf_train_fight_0241.avi,10312258,66d92840083d61d534af54822a1de504d5cdca9bad0bcddfb53d77c4d69249a8
train,1550,RWF-2000,,0,non_violence,train/NonFight/rwf_train_nonfight_0202.avi,10201894,4025a29d3160d7bdd740dc4032dbfb05283cc06706b21e5a4e89e193ecea3938
train,1551,RLVS,,0,non_violence,NonViolence/NV_720.mp4,1404560,69bed0f2d4b6b6ecc4aab2feff6ec6e6473c7c7cf9ba07ee16a82db9c9a03696
train,1552,RWF-2000,,0,non_violence,train/NonFight/rwf_train_nonfight_0488.avi,2975980,d9a1fba935168c829030e3eeb2027446a8082faf3ceccc20299c1056a4f6b4c9
train,1553,RLVS,,1,violence,Violence/V_513.mp4,466080,65c80c96d1e24b85671e90a7743b86b25a4bbd6a98c4e5677f75efbaaadf2e7e
train,1554,RWF-2000,,0,non_violence,train/NonFight/rwf_train_nonfight_0777.avi,3701942,3f31776d7301e90d3b320e95195e9867926e08723c8ccd9c769e0d00cbd757dc
train,1555,RWF-2000,,1,violence,train/Fight/rwf_train_fight_0620.avi,2573738,5857897f0330a0f8858bdfc3d808dd22b153f6213e505eeb9f98a12df647a781
train,1556,RWF-2000,,1,violence,val/Fight/rwf_val_fight_0060.avi,2998614,6432ebc6e7e403d62b14d58c2b4f87a7b170bef9e1a73c1518b1c0f97ef00210
train,1557,RWF-2000,,0,non_violence,train/NonFight/rwf_train_nonfight_0732.avi,3644740,33007b897ca78eefca8dac8bb94b2bb6dce22b6fc97805a552b582759f1480b5
train,1558,RWF-2000,,1,violence,train/Fight/rwf_train_fight_0299.avi,2329588,35d54123732c05032ae63b0794452c35cb74d9b6625529c3335dc36235330983
train,1559,RWF-2000,,1,violence,train/Fight/rwf_train_fight_0334.avi,2008764,a460e327f8db5eab1359bb9507182688f91743f754699d759e99efaca9775c87
train,1560,RLVS,,0,non_violence,NonViolence/NV_269.mp4,2128165,b960846005e1ba7026ac400c8412cfc4b7089c7cf9cc3186f9f9bda11a600a33
train,1561,RLVS,,1,violence,Violence/V_507.mp4,544212,7e5bd32075140aa5eba39176a81082634c46dc335b65e818ce64832e40ec52e5
train,1562,RLVS,,0,non_violence,NonViolence/NV_890.avi,738634,bd0ed0b26a3630ee3ca713b907134af8aa2c53d2e415d79ca0e9aa9e20fd556c
train,1563,RLVS,,0,non_violence,NonViolence/NV_758.mp4,349947,281872a00c1e86f8dc089d5e6c7ddb56471ec50a335b23d182e131bb9d1b1d21
train,1564,RLVS,,1,violence,Violence/V_298.mp4,3676578,571c2b499b7171d8d0c07254d2f1ac9fdbb811d36e9b7b7e1a74a89f985e7b3e
train,1565,RWF-2000,,1,violence,train/Fight/rwf_train_fight_0486.avi,10676172,27cefeb82d86d5efb41e71a7fe5aa0832d9c0c7b08440bc6add0ad700aa05c0b
train,1566,RWF-2000,,1,violence,train/Fight/rwf_train_fight_0286.avi,7316630,18b2654674d50c38022a68815003bdc2cdd40660d24f8d9350be275f802faf83
train,1567,RWF-2000,,1,violence,val/Fight/rwf_val_fight_0199.avi,11912330,a09fd2b4234811dd2f09c8b8cf540224431c2b680f06a8df5ecd8b4f5315dde6
train,1568,RLVS,,1,violence,Violence/V_147.mp4,583152,828d0ebfa952453a080b669cc59f82b5132182ece99b845c93dc7c5eb17eddbe
train,1569,RLVS,,0,non_violence,NonViolence/NV_483.mp4,328132,50dde51f28bf0d96cae81b977a68b440c9db80659202421f2eba1e79ed23dd2f
train,1570,RWF-2000,,1,violence,train/Fight/rwf_train_fight_0262.avi,1123938,39798cd6fbd1baade19a0f1d840dd0e19317de08e1fdaa8405bfcb90a0d16f2f
train,1571,RLVS,,1,violence,Violence/V_795.mp4,662523,ebb0c9783da6b9b24468b56a0a57d79e312f12acb5bbae21e85be592e8ae7cca
train,1572,RLVS,,1,violence,Violence/V_537.mp4,1779259,0af384553929bda76b0047ac5acecfb1d9281f386b9388df694ffe179ece2c9a
train,1573,RLVS,,1,violence,Violence/V_406.mp4,314399,286fcdad8f9c96a2fab8446b7d1553ea3d77841fc6b7d447cfb37bc8ca91798a
train,1574,RLVS,,0,non_violence,NonViolence/NV_547.mp4,512498,bb1ccc537e120916e7701ee10a30be6179677f85aeb61347080bc513716f7cdf
train,1575,RWF-2000,,1,violence,train/Fight/rwf_train_fight_0440.avi,18367956,aa15a5862224992865f4f509859e3cb574161967fbfd8ef4b8553512089062c1
train,1576,RWF-2000,,1,violence,val/Fight/rwf_val_fight_0122.avi,19007200,5f593e3154fea7c69044dba3b41b05532c3994acfbd79de94cbcbb3965e063ec
train,1577,RWF-2000,,1,violence,val/Fight/rwf_val_fight_0185.avi,3502994,5f3b56d5d23aa969e20697bc93e3d0ed40ae3a2774391dd97f69432a5c50f028
train,1578,RLVS,,1,violence,Violence/V_747.mp4,758648,e4c86f8ca7998599c8ba1060a34444c3faa55d9b6986ea9675fd2c98f93a89e5
train,1579,RWF-2000,,0,non_violence,train/NonFight/rwf_train_nonfight_0118.avi,3942920,f8c50a7167255dd2f1ffed185b3756a37cbefbcb2dc02c5fd0346a8a503b3d5a
train,1580,RWF-2000,,0,non_violence,train/NonFight/rwf_train_nonfight_0293.avi,14056390,c39ce5f4805d2efb61d8fa7829aa8c9b0a73b2996b2da7303489194f43b7b192
train,1581,RWF-2000,,0,non_violence,train/NonFight/rwf_train_nonfight_0106.avi,2509732,ce5fbab239f4646d2df3ed6527b92d1daf521ed48e20c49c97ea13b323172cb4
train,1582,RWF-2000,,0,non_violence,train/NonFight/rwf_train_nonfight_0035.avi,3883152,26aeb1a0253bbbea497d0d51c9cf916749be6a38940e05b932f5a9fd1a536178
train,1583,RWF-2000,,1,violence,train/Fight/rwf_train_fight_0718.avi,3068854,a75a1bb73c799770f40aed1dc9d4c275a09d1316bf2d61e8c2e9dedf3e451d03
train,1584,RLVS,,0,non_violence,NonViolence/NV_407.mp4,365389,c1b570435185aca72873ea081d819c0cbc666db0a95663cbf786cdb6d1f95d67
train,1585,RLVS,,1,violence,Violence/V_414.mp4,163809,656c4afa529f8a8eeefc9b93c3d838f6af4a9aedf7896b60f7a9def87167eb04
train,1586,RLVS,,1,violence,Violence/V_180.mp4,286464,57cf419036a3823b6d599d8f546cccda29c223abea03b2e1ed3f607b25a38117
train,1587,RWF-2000,,1,violence,train/Fight/rwf_train_fight_0269.avi,2704122,d32b8f600b4f583108dd99e21aadc4bf163a3da1404301a5195d1cd80d68d6c8
train,1588,RLVS,,1,violence,Violence/V_360.mp4,2165366,0c7c3d1e0a98c81373b502d77aa67baae7d80d697f7a83092896e5c5013f094d
train,1589,RLVS,,0,non_violence,NonViolence/NV_987.mp4,540857,32e9a506f0172c1cdf9560d7c02ecf3c3c95694801cc4363011b3c6420b18cf7
train,1590,RWF-2000,,1,violence,train/Fight/rwf_train_fight_0158.avi,14809310,6adbf310d16afe75cbd470f8b9c1f5d9de3cdafc3fe56df4575bee80c61ee87d
train,1591,RLVS,,0,non_violence,NonViolence/NV_686.mp4,708776,2ce1081b8d40303d8f173c0fc050d35b2a718c5973d2552ba2b8866f34a331b1
train,1592,RLVS,,0,non_violence,NonViolence/NV_978.mp4,695773,1f3ebfb9ec43c2d2ad8a9eebeb5cba735d6a79f855fa4039e6f12d1e5c49b66d
train,1593,RLVS,,1,violence,Violence/V_355.mp4,1504360,b46678785e11128ba1007a87c14cd1a30054b29e30804271b7db57497e7760f9
train,1594,RWF-2000,,1,violence,train/Fight/rwf_train_fight_0649.avi,1764472,dfec35beed21952dec967d46a039085831957094e2a30588d44520a0378cbd95
train,1595,RWF-2000,,1,violence,train/Fight/rwf_train_fight_0604.avi,2887940,d9b67545fb0d47ee06bd0c4576599620889f7396e756804ebc67449b3661c25c
train,1596,RWF-2000,,1,violence,train/Fight/rwf_train_fight_0221.avi,3815168,52c207378ea8f6b8a6a319a14c3f430a5d80b5caaf781613eaaa58dcb45886b5
train,1597,RLVS,,0,non_violence,NonViolence/NV_908.avi,434406,c331648e15a9414a6d6fe4635d20be1ac78e4074f1c4f588b32b1e1e997dc3e6
train,1598,RLVS,,1,violence,Violence/V_788.mp4,1598134,146f278b9d0b43c717811a7398f8025da25e0d2a61683c686a7c96be4b383c41
train,1599,RLVS,,1,violence,Violence/V_469.mp4,483129,6f95d438ba4270d6d53b7caeb63752c6690cb9cb4f622317215d7488389e0a88
train,1600,RLVS,,1,violence,Violence/V_174.mp4,298946,c412c75d8b319ab1dbe2f73c607e9d298d33d196c608d602d1ac3c49279efe5d
train,1601,RWF-2000,,1,violence,train/Fight/rwf_train_fight_0019.avi,9701716,994d68518f811aae924ef4789831a3752006ba9d028f783437fb6fe7488dfb68
train,1602,RLVS,,1,violence,Violence/V_904.mp4,548616,21e59ad68e914f2cadb73cd84afdd5fce409b0792746ab2ac0683704a5b2932e
train,1603,RLVS,,1,violence,Violence/V_281.mp4,1693453,5b8dd7aa1768c0401cd26e3f44916f5c93e147271b9c2b708f8597203c8ebd19
train,1604,RLVS,,1,violence,Violence/V_848.mp4,763821,a41b9067e82d1a4797b1396027a0f4f8edf327b3015ad3dfda2928fd51c76400
train,1605,RLVS,,0,non_violence,NonViolence/NV_439.mp4,154149,8533c905a867da20dbb5076f2fe8ecd72718a0bec044c5945eaa7ecf82c785fd
train,1606,RLVS,,0,non_violence,NonViolence/NV_826.mp4,1346615,f3f9e4258e1d05fdae7e95c5e4f576bab2a15eede550e104f600a05d2508871a
train,1607,RWF-2000,,0,non_violence,train/NonFight/rwf_train_nonfight_0706.avi,8616152,355bbe3fc1406bed255a9c0041b58584dfaac250023916d684bd2aef83b9368f
train,1608,RWF-2000,,1,violence,train/Fight/rwf_train_fight_0129.avi,3267430,a4d8e07f112cc7304c3bb28bf19b56d36f2a7ca06fc4995fe5191ef06dc5c134
train,1609,RWF-2000,,1,violence,train/Fight/rwf_train_fight_0406.avi,14303096,c78f75817271e6104901904d94335e6dee3505135a14eabe54b6324d8ea171ce
train,1610,RWF-2000,,1,violence,train/Fight/rwf_train_fight_0636.avi,6712946,be36e8ed8fc985d7140e9ed5f62dbc083e1e1a314e5a5b1dcb2461bd25128cf2
train,1611,RLVS,,0,non_violence,NonViolence/NV_100.mp4,1588682,10d0fde2197315feb13157197d90f59ad99f966d5f8e259d3d0a71c1fff4d165
train,1612,RWF-2000,,1,violence,train/Fight/rwf_train_fight_0566.avi,1886526,71089dcc037deef457a073229604dac237c205a3f30b221231ca534a1390470b
train,1613,RWF-2000,,1,violence,train/Fight/rwf_train_fight_0463.avi,8833426,a2c86509c54cae3a3d8401021f3f4d19ddc324accd47dd3977501630c2b6c1e9
train,1614,RLVS,,1,violence,Violence/V_698.mp4,883862,76a298a245749ad81ac1f17d88a925218dd0bba514e666451b1fec49b274314f
train,1615,RLVS,,0,non_violence,NonViolence/NV_303.mp4,410484,62d0d4adf0a15a1e5a4bce17ba0e7d3e323736eb9fbfc9a89b5567a7c420ecd3
train,1616,RWF-2000,,0,non_violence,train/NonFight/rwf_train_nonfight_0040.avi,3102444,6560fa492278e9abdcc224f0ab68f58dddacdadab6e5ff29eec2d067f532f45b
train,1617,RLVS,,1,violence,Violence/V_595.mp4,1422778,5b6a8fc4f911989dda9c8af1ad6b8e2174a8fef160e1314040c29d233f5525eb
train,1618,RLVS,,0,non_violence,NonViolence/NV_666.mp4,1008191,65afe561f9b59febbc58c002f9fb8ac0a1433f25975116cd319b926ca95cd983
train,1619,RWF-2000,,0,non_violence,train/NonFight/rwf_train_nonfight_0456.avi,3271848,cbb3e14fe5ace712d462a8c034232f1c1eb4c4abb3780420d6b739c5858ad4b1
train,1620,RLVS,,0,non_violence,NonViolence/NV_956.mp4,838850,fa75dd496cb1e4814c9244ae00e82fb8c1e166efea9eef580d50d43b52ac0f72
train,1621,RWF-2000,,0,non_violence,train/NonFight/rwf_train_nonfight_0329.avi,3140276,b87de988293cfeefa2302b2185273ef6394e9fb781a1e3902e089271db130028
train,1622,RLVS,,1,violence,Violence/V_500.mp4,1307520,4dc63765fa631d28874463aa312b80bc53bcc9be5ce12e622d4d125251a66b04
train,1623,RLVS,,1,violence,Violence/V_682.mp4,759202,39a65fba6abe59896b7949ae3034b2b8af4c63dc6df11b9207f87ffd9443594c
train,1624,RWF-2000,,1,violence,train/Fight/rwf_train_fight_0052.avi,2828758,7ff0971fea943b539cf57181b2fc8e8502f93552674493db98942095386c6d79
train,1625,RWF-2000,,1,violence,train/Fight/rwf_train_fight_0005.avi,9299134,3bbbd4a244fb0d44c6e2971c75069ef1366291789df7d484a95ae0019c8c3813
train,1626,RWF-2000,,1,violence,train/Fight/rwf_train_fight_0091.avi,9232932,60bf5a3d68b74bcb26c26149840ee48c4630d523db42f8f0a0920c8fe7945979
train,1627,RWF-2000,,1,violence,train/Fight/rwf_train_fight_0247.avi,1997530,7be24cd434959ffbd17dc85e1376bb8309422f431b0242491a4c1466dc8fc5a5
train,1628,RWF-2000,,0,non_violence,train/NonFight/rwf_train_nonfight_0423.avi,2008232,9e8a6ca2e016622cac033abc380011aa2e1ecfc3345d445c5ec90c978cdbfd8e
train,1629,RWF-2000,,0,non_violence,train/NonFight/rwf_train_nonfight_0055.avi,1948438,ce3d526d4d708eeab6eaa1bc0f5156d86e3541fc55ca1460c8ecbc6bb2efaae4
train,1630,RLVS,,1,violence,Violence/V_474.mp4,756421,8ad59b8ac5b26fba9ae1edbf1ddb60d507b882980e81d012c3b926ab79cb1c18
train,1631,RWF-2000,,1,violence,train/Fight/rwf_train_fight_0015.avi,2880146,a7633ed5f7c7e328e8e2d1dba8193f5be67a9422c9fdf9f8536ce86f7bea5d2a
train,1632,RLVS,,1,violence,Violence/V_253.mp4,883786,1b66b9fde599f15cd0f438fa4f859c48f1ce46e6c5e370206a9002ab59bb0914
train,1633,RWF-2000,,1,violence,val/Fight/rwf_val_fight_0072.avi,21092686,e17f163aef2342c22853ee62e7ce2696ed7f23e399ef58e332849574a4522a3b
train,1634,RLVS,,0,non_violence,NonViolence/NV_538.mp4,417030,66893693370b6bccefc69dbc9a85465eef568da15756dc4ba5b8563ef6e1b640
train,1635,RWF-2000,,1,violence,train/Fight/rwf_train_fight_0208.avi,2381016,06048d1cc3dee14b48ca17f18fce7a1afaeffedffce9d38fbab20ff442ee25e6
train,1636,RWF-2000,,1,violence,train/Fight/rwf_train_fight_0767.avi,1350382,2cf262039f0a15c4931b3bcab26349223c45424c6168235445893449329f9e86
train,1637,RWF-2000,,0,non_violence,train/NonFight/rwf_train_nonfight_0356.avi,2566216,2d5b08c6296f2d41d08282dff0f34f1abcdd1fd32cc043ac7f1664fcaed9dd60
train,1638,RLVS,,0,non_violence,NonViolence/NV_63.mp4,804689,43e33f47c83c9ff026666c39d64303ce4c16184ec861431227ab1becdca59016
train,1639,RWF-2000,,0,non_violence,train/NonFight/rwf_train_nonfight_0555.avi,2498494,c5e552d855ef623d4e2296d9888239b696a96578bdf4377d7db0d8a89b0ac317
train,1640,RWF-2000,,1,violence,train/Fight/rwf_train_fight_0121.avi,18235142,1dbc4d1877b58aa0c76a204d8c09506b20912b5cdb8aa152e07b0d3cb50962f9
train,1641,RWF-2000,,0,non_violence,train/NonFight/rwf_train_nonfight_0602.avi,2307612,44edb829774d57268bccfb297e370714cb0f76bed4e08aae00a9da98c9a21050
train,1642,RWF-2000,,1,violence,train/Fight/rwf_train_fight_0581.avi,3999840,9242c112bdfe5413c3fe104f9d97f382fc5d56ad24f19b6c75618c2f87ec8450
train,1643,RWF-2000,,0,non_violence,train/NonFight/rwf_train_nonfight_0714.avi,7227304,f59865a27a5943dd01341a4b421413bb709307df9ceaef46d4377d8dae695561
train,1644,RLVS,,0,non_violence,NonViolence/NV_15.mp4,1357404,afa41beee1177a7716b4ba98ae3084381a9f431885e1aed4ed42168d1bdd8c90
train,1645,RLVS,,0,non_violence,NonViolence/NV_130.mp4,1118906,5ea2202203e7e265f75e74c74e996ad042d8b046b92c47c9a8f1473047d2df23
train,1646,RLVS,,1,violence,Violence/V_561.mp4,1755792,4a11e3a6da78bc787ea3efb7a0bf7e9fd572cd9991677017338a252756ec706e
train,1647,RWF-2000,,1,violence,val/Fight/rwf_val_fight_0192.avi,8760022,9c1b362d55b2e5026348d31b1b77db0194ee7489a8c22fa9dfdf7233adcd8438
train,1648,RLVS,,1,violence,Violence/V_845.mp4,648519,72b39e24025808a24c2e5fb2815fbab11319485d1dc43eadec53178d5cfecdbd
train,1649,RWF-2000,,1,violence,val/Fight/rwf_val_fight_0120.avi,18902764,cbbaa707180013318d327415ba04a3a82c187fc4baaf6a66976af5bab5b56703
train,1650,RWF-2000,,0,non_violence,train/NonFight/rwf_train_nonfight_0769.avi,2330842,087d7068a1841d2661724e43ba7d6fcf381b11cb415a7cf30caed458dda8fc82
train,1651,RWF-2000,,1,violence,train/Fight/rwf_train_fight_0721.avi,9950768,1359d1c8caec013d6991ba62d032dea9bf62dbf1042ccb52509b2a2d307edbec
train,1652,RLVS,,1,violence,Violence/V_618.mp4,1187877,a514f22e74c954b0ba15c02c53d43b8d003d5f88e6714022e6534b971bd6e0e6
train,1653,RWF-2000,,1,violence,train/Fight/rwf_train_fight_0529.avi,2070226,335a3a45382bda462676ab23bbe4ab7e5c4d55a218dd151e6f191425059431ad
train,1654,RWF-2000,,1,violence,train/Fight/rwf_train_fight_0134.avi,6247964,9eee44863f2659da245e5101af226cf830e69082cff6874236ba960aca73af55
train,1655,RWF-2000,,0,non_violence,train/NonFight/rwf_train_nonfight_0558.avi,4428608,9af187a93aaa94ca99038aea31aeca77bd49e9500e5c0a075cd0f77175f91020
train,1656,RWF-2000,,0,non_violence,train/NonFight/rwf_train_nonfight_0413.avi,3305910,ca256c8b417cfc7e9606a069a045f3cb1e542c199288a422984e155930d91d13
train,1657,RWF-2000,,0,non_violence,train/NonFight/rwf_train_nonfight_0445.avi,15439060,269a4a5ac19b0f587b79349ec602b942c84bb61538317061d3e5a5f967d7a539
train,1658,RWF-2000,,0,non_violence,train/NonFight/rwf_train_nonfight_0393.avi,9812232,4377f56aca6ddadf3ba75fc7de9f8fc5732691bc847faa17e4db1df77e7a5c10
train,1659,RLVS,,0,non_violence,NonViolence/NV_53.mp4,731580,282932428c38a90a933245a8733437d5b2eae8bd5449e5af37c6df880b4baf51
train,1660,RLVS,,1,violence,Violence/V_775.mp4,1444256,957787dcae023e27c5e2ff0395e32969c933b6b5beeffa363f3fa6000cd5d702
train,1661,RWF-2000,,0,non_violence,train/NonFight/rwf_train_nonfight_0058.avi,14076250,c28d69c6145d6f49b6e5c16cf48788bb11c0ffe3d9957669afbda8b1711ef53c
train,1662,RWF-2000,,1,violence,train/Fight/rwf_train_fight_0049.avi,1497958,485e6ac426baa7a57d15b96768dcd21d2dfe9934e675763df605fdd0d2c80e9f
train,1663,RWF-2000,,0,non_violence,train/NonFight/rwf_train_nonfight_0607.avi,5590582,51dc83da450f122ec48776902954f45eb85c34a8899df272c54c29d3c3e3a28a
train,1664,RWF-2000,,0,non_violence,train/NonFight/rwf_train_nonfight_0588.avi,13679498,72bf7f3680d4d9695dea6de751aa606b50dbc3b8262c12f786ec23ff0c1c8e17
train,1665,RLVS,,0,non_violence,NonViolence/NV_785.mp4,899794,9ce3f8fdf59a4af103ed63a5b37863c46ef4d669fb8599650a585466fdd189c2
train,1666,RLVS,,1,violence,Violence/V_354.mp4,1477606,0bae4526497006f2b1076cbaa33bfaef6896caa83582969e371db80520b864c2
train,1667,RLVS,,1,violence,Violence/V_93.mp4,1167344,82bc1c33f7dee60b8257ac8089af24a74c096cbf40222777d84b7823900c1889
train,1668,RLVS,,1,violence,Violence/V_739.mp4,316374,5def042467b90fc9e912719b839253edc4cadb642cea1ecffd4940b62475c157
train,1669,RWF-2000,,0,non_violence,train/NonFight/rwf_train_nonfight_0328.avi,2142898,dfcfd31843a8ee95b95252c409b5f395b6f80c950f2ccb216084036c9955bbe9
train,1670,RLVS,,0,non_violence,NonViolence/NV_32.mp4,2098595,fc7e62b9a708facf8648b2187a2cf0bbaabc1eb9b5fab240e966d0a1d1e425e8
train,1671,RLVS,,1,violence,Violence/V_336.mp4,501088,70020b208027f377ec02b0f356501c2d06e8246ebcd5e092d1078e4cd21447f2
train,1672,RWF-2000,,1,violence,train/Fight/rwf_train_fight_0140.avi,22463132,a981dee67f509e0a8a3bab9aaf0787d96fb0c410f08fa6baeed7714f573228c3
train,1673,RWF-2000,,0,non_violence,train/NonFight/rwf_train_nonfight_0168.avi,12544352,17c62f61ccdbdcb271aaf2ee455983157fabf994d890c4000ea1212b060991a2
train,1674,RLVS,,1,violence,Violence/V_320.mp4,2596017,597a8c825858002c601dc2df90c504f97b835a69d9c67b54147a2f0c1d350022
train,1675,RLVS,,1,violence,Violence/V_324.mp4,2106793,0e19247177c2749d4fd6f1cf08a71738b75fd6b7e97ad41e93dc066c5f3a8436
train,1676,RWF-2000,,1,violence,train/Fight/rwf_train_fight_0491.avi,17099920,8db50f84efaffbe39ce34cb1c9d91a1ca8fde5d58acc209ebb2dd7ecd51829b2
train,1677,RWF-2000,,1,violence,train/Fight/rwf_train_fight_0174.avi,2336768,ad777f323628581e006c04a01f3bf1c2f41cbddbd52c901cd74caf0ca8e07823
train,1678,RLVS,,0,non_violence,NonViolence/NV_354.mp4,8413526,574de8d6017dbbf1d737b5e6e73d6415a29f2e500b8509ee027c12f46e3e3661
train,1679,RWF-2000,,0,non_violence,train/NonFight/rwf_train_nonfight_0787.avi,3727180,51ac47260722d5066aaa1fea282265c03fde22975a9a37182ef7b5656270c0d2
train,1680,RLVS,,0,non_violence,NonViolence/NV_352.mp4,187954,995f44009d616f3bac6f800ebd6debdc40d323a6dd72716f482cdf23932f4738
train,1681,RWF-2000,,0,non_violence,train/NonFight/rwf_train_nonfight_0474.avi,8854646,fa29f2c42edd5dc570f98c0b206dc12be1957bc86a04ebdd1c03267c46963dc4
train,1682,RWF-2000,,0,non_violence,train/NonFight/rwf_train_nonfight_0097.avi,24311334,4eae5efbde2eec452363d3afa32c9833041c8388fb5a79b98fa10410bfef3487
train,1683,RLVS,,0,non_violence,NonViolence/NV_860.mp4,1190618,19f54ac2214a606e23e4f7965dfbcdde58311bdf2b8ebc23716abaa776a5c873
train,1684,RWF-2000,,0,non_violence,train/NonFight/rwf_train_nonfight_0187.avi,2877058,d0dff0e191b6e439bc3f9dbf54b7f1ca15a15f293ce24f691b4bdd63d678c0c6
train,1685,RWF-2000,,0,non_violence,train/NonFight/rwf_train_nonfight_0268.avi,7351500,31b38cea41f156bbd8a50b18726a33b1fca840e833fccd7d51a483fb03bd2767
train,1686,RLVS,,1,violence,Violence/V_890.mp4,212118,416833cdfa9127214e8b20ba04f9d969a6ee452d2cb9485d35fff9e1d2ca51f8
train,1687,RWF-2000,,0,non_violence,train/NonFight/rwf_train_nonfight_0053.avi,1982696,1d43fa3270c430b41bab2c29b3f64c9fb282be6ba90ed8522022ea32556b2d6c
train,1688,RLVS,,1,violence,Violence/V_36.mp4,1911199,a4504719593ca80ce23f4afbe2882fec9d184e1b9fdf27479d3b8feec848fd07
train,1689,RWF-2000,,1,violence,val/Fight/rwf_val_fight_0092.avi,3055284,ec6649665aad4530270ae29e6b8d2c84f42e3cbeda5218385559dc29e8afb2c7
train,1690,RLVS,,0,non_violence,NonViolence/NV_473.mp4,438151,dd358d8fcc9518542a3fe737341df3e114bfcc2781fc725103370ce5ea7dc1ad
train,1691,RWF-2000,,0,non_violence,train/NonFight/rwf_train_nonfight_0239.avi,3381646,5cbfd4afdd318281a65675ee968eb06469acf34bb5063da31944828266532722
train,1692,RWF-2000,,1,violence,train/Fight/rwf_train_fight_0163.avi,15892360,49bea4e76f38b841fd6c939d4c6fe06a2aaf324a76df34355948967212bf5617
train,1693,RLVS,,1,violence,Violence/V_82.mp4,590159,35abe575e4f759a4aee782351859407b06e2dd0e9a94a635319e555d1b96dac5
train,1694,RLVS,,1,violence,Violence/V_104.mp4,537126,4b3006687ac414641fe4a04fce0ee78049101934c871ed9627762dfb3db7cd01
train,1695,RWF-2000,,0,non_violence,train/NonFight/rwf_train_nonfight_0048.avi,2606646,a53cd1baa7ccbdb5a22cce3373f87cdaf8aac11bc05d3cd67c658c0179b4cdd8
train,1696,RWF-2000,,0,non_violence,train/NonFight/rwf_train_nonfight_0036.avi,2556064,1574bab5b46df610f49904aac9d31cddc4685c9ec1229f5e8e0f4a95863533a5
train,1697,RLVS,,0,non_violence,NonViolence/NV_707.mp4,1262463,f0dce7dd5fb156bf104f50d25f1912dd14cfdbd716551489b2a51ea99308549f
train,1698,RLVS,,0,non_violence,NonViolence/NV_569.mp4,881845,086e0bc6af31015aad9d362c669fd076f449b727f4c5d6e0e828aa816ccf37f6
train,1699,RWF-2000,,0,non_violence,train/NonFight/rwf_train_nonfight_0703.avi,8696162,0d01ef2c318f1784ddd05701c7368cac41ac3412d881b084e2009227461a9401
train,1700,RWF-2000,,0,non_violence,train/NonFight/rwf_train_nonfight_0640.avi,3077302,e0a1567df2567833117485802319f139f011ec3cf578b8201f54cc4e7452e588
train,1701,RWF-2000,,0,non_violence,val/NonFight/rwf_val_nonfight_0175.avi,3144760,3768625532274253d77aeb4f57b78b916fb408be4d03ef9894e1e7d65da3a96a
train,1702,RWF-2000,,0,non_violence,train/NonFight/rwf_train_nonfight_0670.avi,3746404,8b2a1d71ad9e6f4b9535175948a948acebdcfbb74d70200c2ff1b7c926ecc466
train,1703,RLVS,,1,violence,Violence/V_329.mp4,2256143,7546d6a66e0f75dc3011af3b61ad30bf071dca25b58f25d0ad31156b9f7d9266
train,1704,RWF-2000,,1,violence,train/Fight/rwf_train_fight_0502.avi,4212496,595544ffc129060f93d198ce2ac852b1081198c0260a5a73965c8efc8f60b0f2
train,1705,RLVS,,0,non_violence,NonViolence/NV_339.mp4,578077,b7e8b2ce1fc92232635ad0a81c4bdfe2f02c05643f3cc31d16a289ec4338b7e4
train,1706,RLVS,,0,non_violence,NonViolence/NV_906.avi,747920,189f7b76e29a65fb798bff50104d31af5667a4bfea603e6ae1de25f621c85018
train,1707,RWF-2000,,1,violence,train/Fight/rwf_train_fight_0544.avi,14238446,e9f604d497e7172e9a99327137de07ad2668e8c920afd67e25305182b373da5c
train,1708,RWF-2000,,0,non_violence,train/NonFight/rwf_train_nonfight_0543.avi,10436648,e2a04acd6d10a9498614601117e254d1ffcede33995bbe598dd1d11901ab1994
train,1709,RWF-2000,,1,violence,val/Fight/rwf_val_fight_0051.avi,12607572,adf5127ea8bcfbf0e05a8f51b6be9beb895384eccce0cb49f9adaedb0811b174
train,1710,RWF-2000,,1,violence,val/Fight/rwf_val_fight_0007.avi,1904466,dda47b4288429c51beeccccb446dd2b7889abc269d3a155b9a32554a35e7bcbd
train,1711,RLVS,,1,violence,Violence/V_35.mp4,1709641,070dcdaa3febd0ba57ece7671c7571a4f581f1610ee7f97e2cdc0d691f490d06
train,1712,RLVS,,0,non_violence,NonViolence/NV_378.mp4,117535,df7b2534d382cbd4bdd3d209b055b93ce3651133158a3ad17d6218cc0af3060c
train,1713,RLVS,,1,violence,Violence/V_212.mp4,428262,73bbe53a4188257174401deb4e33090a6dbc99efa9958e1bd687842e1efd3396
train,1714,RWF-2000,,0,non_violence,train/NonFight/rwf_train_nonfight_0679.avi,1214746,051d0d82ff2304c6976dd5c128c78a7d0a695b436d18fef9f1b7e8811d6176d3
train,1715,RWF-2000,,1,violence,train/Fight/rwf_train_fight_0294.avi,3252362,ef9234b232e12fb0dcf6566a54c07f9602e32ba3f1774a0a155fcf4381cb514b
train,1716,RLVS,,1,violence,Violence/V_649.mp4,1038747,8d8f36427aef98f831d6a7963fad26b9a58cc7c6e8a2ae75944f8487f794b72a
train,1717,RLVS,,1,violence,Violence/V_627.mp4,1353762,70a27726d45851141b9965eded9961abbd73b4337f40818d4a03232620473beb
train,1718,RLVS,,0,non_violence,NonViolence/NV_773.mp4,1152861,75fabf1f2c9148db6f5973a54f2b5fbf70814942be90f7aea5605db89ec14ab2
train,1719,RLVS,,1,violence,Violence/V_549.mp4,2472852,9d6c571cfe6193f9cf95fc78e5ee0b9d3138a27f7a68b127223a69ca10f9a218
train,1720,RLVS,,1,violence,Violence/V_886.mp4,374644,226e89d6c1e73656acc29c64722136cecbb10d01a6ae870c480ec6058a988d7c
train,1721,RWF-2000,,0,non_violence,train/NonFight/rwf_train_nonfight_0185.avi,3947528,45d446d8a4e5980526bf4a446f26ad39517c0c5569a93dafb1c17f4b7d8308c6
train,1722,RWF-2000,,1,violence,train/Fight/rwf_train_fight_0265.avi,14430584,2373de481ae8f5c540313a05f160d9c91b0aed55a211d606123344d9cfe8748c
train,1723,RLVS,,0,non_violence,NonViolence/NV_687.mp4,325324,62bc8d594935d402fb6e7447f5188ede849ec911d17afc5ef1aba9ca153e2f9f
train,1724,RLVS,,1,violence,Violence/V_451.mp4,672301,b3591d341e30c50446843851362d9de26ba626e3e9b94a0ff40a35f9c0d6cca4
train,1725,RWF-2000,,1,violence,train/Fight/rwf_train_fight_0777.avi,4230510,3ecbd207343154341d9d963154ef73c025142d648033091053af7354981daa8a
train,1726,RWF-2000,,0,non_violence,train/NonFight/rwf_train_nonfight_0278.avi,3500182,d76f2f2a4d8beb01f904b30909e398bb9a73a9e0c55802f5901bcecd5b46edae
train,1727,RLVS,,0,non_violence,NonViolence/NV_5.mp4,1465159,fbcc259d385381c3fab143c93238f2d9443baafc9093205189e2b844f91e3b7f
train,1728,RLVS,,0,non_violence,NonViolence/NV_408.mp4,460406,a0fe1168925ef884740f8aaae29b2b5f083a043208811e6e52938fc826361ea9
train,1729,RLVS,,1,violence,Violence/V_844.mp4,484727,409457b89485fd88affaa9d290ff05274690b0d420ca2dd8874f3c9f762abca6
train,1730,RLVS,,0,non_violence,NonViolence/NV_118.mp4,1323162,730e949a695f4f059ba103ce632274961b9d979495798b93edbdc9ef2e22d246
train,1731,RWF-2000,,1,violence,train/Fight/rwf_train_fight_0437.avi,6599976,3f12e1a8be10daf9e7ebf85edd5b490d92d316978541a6ed6b5be9e82cc8e770
train,1732,RWF-2000,,0,non_violence,val/NonFight/rwf_val_nonfight_0160.avi,2389180,3078a5ea2932c1ae2359f3e8eb299ff95ea4c48c43670e7129e0866ddfb70181
train,1733,RLVS,,1,violence,Violence/V_540.mp4,1360857,2bbde943a6f07dd2033db01b1b27c20fe03fa057fff073b240ea53beac5d8ee8
train,1734,RWF-2000,,0,non_violence,train/NonFight/rwf_train_nonfight_0016.avi,1349538,398dd16622f34ef316f2faebeb99184803ffbdd6d0c52b11b15fd62b5be58750
train,1735,RWF-2000,,0,non_violence,train/NonFight/rwf_train_nonfight_0383.avi,3317212,650da8d2d99c0edf8d58764fc4a02dd4bbc2703d8c923b18c4367bde2b8d046c
train,1736,RLVS,,1,violence,Violence/V_751.mp4,3002799,aed68174614f37dacd18068f44497401a554adaa6ecd17d2aa35dc29e2bdc755
train,1737,RLVS,,0,non_violence,NonViolence/NV_719.mp4,1519987,780d98b4143bcd5d3923ca9c07e82914c585b9b46f71a6a817ff8a52f130fe63
train,1738,RWF-2000,,0,non_violence,train/NonFight/rwf_train_nonfight_0209.avi,10499634,9957356b8d3a5375e58d1030fe7469e818336858335d79d1ca5f3259357ccb83
train,1739,RWF-2000,,1,violence,train/Fight/rwf_train_fight_0578.avi,1907980,90bfd173b7e4d3100f9843cf804aa10cb10a1b3d244aa54c057975fc17f7d50c
train,1740,RLVS,,1,violence,Violence/V_826.mp4,581828,91d384785a08972245fbb9a465e64aa4cbaba86c77583240af5b4f6da3acb860
train,1741,RLVS,,1,violence,Violence/V_182.mp4,281817,eacf671726323182399b3a861deb746299b2fb98cd918cbb4a182196e2c88a20
train,1742,RWF-2000,,0,non_violence,val/NonFight/rwf_val_nonfight_0146.avi,3849408,050e67d01eee562a56fa84c826d4085344e3d97e76548f5246409177917fd405
train,1743,RWF-2000,,0,non_violence,train/NonFight/rwf_train_nonfight_0389.avi,9929262,14f96c7a823e451edd0fd875f1741dd67bf2cd6da1542c60fae9ad8757453886
train,1744,RLVS,,0,non_violence,NonViolence/NV_150.mp4,507672,45d1e9f377ceba7bed5fce17a4d062ab7f95b680d07f1a9d2b1fdaa110378999
train,1745,RWF-2000,,0,non_violence,train/NonFight/rwf_train_nonfight_0433.avi,3235470,2317bb37539d5c042418973c47bff26128abbf0a33900eca4b94d4fc5c0fc196
train,1746,RWF-2000,,0,non_violence,train/NonFight/rwf_train_nonfight_0022.avi,2829606,ffd37e2a525f4367142974f2e89455d3c06d2f6c1cdd0d58cb06ae197eb856e8
train,1747,RWF-2000,,0,non_violence,train/NonFight/rwf_train_nonfight_0172.avi,3618700,4c25fd0ee380277802104af27712409bdf11eac98dd023fc8e36d2e839ebb51a
train,1748,RWF-2000,,0,non_violence,train/NonFight/rwf_train_nonfight_0165.avi,10434996,99ab53c9447ab8f0214dfe5bd460cbafcb151244e38bb7ebbe632e44b90ab5bc
train,1749,RWF-2000,,1,violence,train/Fight/rwf_train_fight_0278.avi,1431700,9bb2420c8b1ffe4ecac72b368e9b97bf3a52b6f957bcef73b393833850d92f0d
train,1750,RWF-2000,,0,non_violence,val/NonFight/rwf_val_nonfight_0059.avi,4351474,0ce76cf82fa7bda3c43ee9b721eeb5e58c1e5b0fd49d0258264ea5ac13ec95c2
train,1751,RLVS,,1,violence,Violence/V_645.mp4,4582428,f8dc6f1ceff67a317db93964bce87d9c80138a57128189dd19960d9cd1d05ad4
train,1752,RWF-2000,,0,non_violence,train/NonFight/rwf_train_nonfight_0107.avi,7154390,9506cf71ec4b9f49ce8b7f8b0609dd87089e4d269af956c7f0fd3827878f9878
train,1753,RLVS,,0,non_violence,NonViolence/NV_190.mp4,880110,538d953daa13cde0917d11e479eaad287b31fb348542ec60a54bea33dc42cd55
train,1754,RLVS,,1,violence,Violence/V_213.mp4,1366843,e12fb68771d3be5cbb5d2d65c8d3c2dde816673a2febf2ca4203c2afacc23b9e
train,1755,RLVS,,0,non_violence,NonViolence/NV_931.mp4,762184,94c0f1145709fc8561119274cf143f8dd250024e4ed7bdb672d83bf1668810c8
train,1756,RLVS,,1,violence,Violence/V_609.mp4,2009599,97115bb080ca3344a31c60e274affeb79ddfa3757ca950547466052d1c7a5399
train,1757,RLVS,,0,non_violence,NonViolence/NV_710.mp4,986431,1badb5d1fe77217082420ff9164f5345db6c1f58f4fcf67fbda20b3a1697284e
train,1758,RWF-2000,,1,violence,train/Fight/rwf_train_fight_0168.avi,16276808,63c2d1ec1300c7512f3afd4408603d2e18d9cfc1e6bc90f3486f37fc314cc835
train,1759,RWF-2000,,0,non_violence,train/NonFight/rwf_train_nonfight_0368.avi,6099234,ea4e3a0b7b06336396168b495203517b9e5b62b55d4dddc67bff8232bafb17ad
train,1760,RWF-2000,,1,violence,train/Fight/rwf_train_fight_0600.avi,1583038,67a6fdf8b3a1ba3c247402fb7390391aaf41de21098a28992cae9acfcaac4b7a
train,1761,RWF-2000,,1,violence,val/Fight/rwf_val_fight_0146.avi,4855754,3420f55a10723a3ffa1e880ade253db829f1618e66a4511bb2719956cd15d883
train,1762,RWF-2000,,0,non_violence,val/NonFight/rwf_val_nonfight_0043.avi,2308330,7c12583ee1d33b73f288cf21ec0416701fd52ebd16ec5c5bd4e786f6999cb92e
train,1763,RLVS,,0,non_violence,NonViolence/NV_163.mp4,570954,e924843ec4b9bd4f32195fba31f4bcd59c2f6149d2bddee64d1a75d4de8cac00
train,1764,RWF-2000,,0,non_violence,train/NonFight/rwf_train_nonfight_0126.avi,1186044,33e32e8d5c0b7ff6ae2bb7177b68f3a88921dd44e2bd194e33a4faf81d786da9
train,1765,RLVS,,1,violence,Violence/V_197.mp4,457007,cbee54f8cbcc7111e84702089e5a33f82fddc9d854a52b767b5374bffb878273
train,1766,RWF-2000,,0,non_violence,train/NonFight/rwf_train_nonfight_0476.avi,3803910,b8bed75e55e2fa224f91c2ee9a206f07f25102453c2a8900afb705b61d908586
train,1767,RWF-2000,,1,violence,val/Fight/rwf_val_fight_0135.avi,2369540,bb779998a03e7474871204ea6a914c488ec806f7cb01aa5a159858182ab8b7dd
train,1768,RLVS,,0,non_violence,NonViolence/NV_272.mp4,1214698,b75c68bd766f776429e8edf3c97a9f86224cf5b4d5c25b6f66db39d0f6deabcd
train,1769,RWF-2000,,0,non_violence,train/NonFight/rwf_train_nonfight_0496.avi,2538880,d2f4da532f4e776355c47240b5560174e3a9bb09200f71b44b2de8dc50616ab4
train,1770,RLVS,,1,violence,Violence/V_363.mp4,2280182,69e148c6dbed36453b3506b1f22264842b587aeb29da75c4c1bc6f4807f2b295
train,1771,RLVS,,1,violence,Violence/V_510.mp4,792150,ad5f1759ef5e99302f0a1177f63e2c88ed9d4078c6bd097e33e6d79408a86b9c
train,1772,RLVS,,0,non_violence,NonViolence/NV_94.mp4,386442,53ac09f6596bd4796cceab1d9393d302f544865c48b2cb638a1b5dc47af6ad0d
train,1773,RLVS,,0,non_violence,NonViolence/NV_584.mp4,289058,41079df75c40fdb0570703648c720abbca0888ba72bd024a923469d0b2c169ec
train,1774,RWF-2000,,0,non_violence,train/NonFight/rwf_train_nonfight_0116.avi,3195618,3e644fc38b215b1fa7de6a91f53b767fd1ec538c653cae815a8d9adf5b2800be
train,1775,RLVS,,0,non_violence,NonViolence/NV_855.mp4,1583189,3451235fb3aaab9832dd0080dd1a4c34d4394a2b29c7abd65dfdc35a6b816be8
train,1776,RWF-2000,,0,non_violence,train/NonFight/rwf_train_nonfight_0547.avi,2598446,7b2c6b8fd41ae6dfac07c081a2c5991deab56436dbc6b08ccbac1b178592206b
train,1777,RLVS,,0,non_violence,NonViolence/NV_361.mp4,16325838,95c7ab1f7f0c9d80305dfde870da2c912c72b5465470383afe3aec051bab7365
train,1778,RLVS,,1,violence,Violence/V_8.mp4,14497840,6e73b75c79d2b51f410ada6eb65f186bdd5162bafac5d6e5a8d49bad6e1079df
train,1779,RWF-2000,,0,non_violence,train/NonFight/rwf_train_nonfight_0232.avi,2467488,92862a5db28e71d8681918ab6d593f42e991718654dc62c9fcd7f54241620b80
train,1780,RLVS,,0,non_violence,NonViolence/NV_669.mp4,778272,d773d2c70e4d5b7cd00a0b24c1fa7f46416974db6fa7a4a58cda5dfb5056b380
train,1781,RLVS,,0,non_violence,NonViolence/NV_429.mp4,257342,682acb8724d62d18d17b46bcf661b831bfb34bb72a6f0732393a37e26835d0b8
train,1782,RLVS,,1,violence,Violence/V_373.mp4,2054454,cc8923d66ab7de8d27a3e20834b4395c3fd8302fc092159ddfb73713bbb59bb4
train,1783,RWF-2000,,0,non_violence,train/NonFight/rwf_train_nonfight_0263.avi,11665074,226158b92813bb6797f9095780740603bbe617c59cbef6c050c69a87a5448ac5
train,1784,RWF-2000,,1,violence,val/Fight/rwf_val_fight_0095.avi,3067032,48894a4e5821b560ada98fba2075e780d5402e139d3ae97e840454feed0c771b
train,1785,RLVS,,1,violence,Violence/V_853.mp4,747134,efb9769f3b92a960169ac3f53239192606c0e9ea9bba1b86f1cf9b07ac50db0c
train,1786,RWF-2000,,1,violence,val/Fight/rwf_val_fight_0024.avi,5312342,6c96714992047c902f990365ba51d45ffa788c5b3ef3330724e27046ef4d8f0a
train,1787,RLVS,,1,violence,Violence/V_923.mp4,617205,4d64d7a7ca22e73a74cebfd62a5afd322c264e00e61b4bce34abcc6d6ca3d773
train,1788,RWF-2000,,0,non_violence,train/NonFight/rwf_train_nonfight_0292.avi,2860616,a12e4a2b7bdfb172c2c55d92a1edb6889fee9de2673d9414431132743d8b960d
train,1789,RLVS,,1,violence,Violence/V_677.mp4,549541,5eb22afa6fd40983691faf9ff0e5c7659c1d107a994eccc1035cf2113e5aad3b
train,1790,RLVS,,1,violence,Violence/V_136.mp4,467346,b0224cb01f90b15b555c60eda9d0ab1e33d78337b37b2f0f778ce063e2ed6eb0
train,1791,RLVS,,0,non_violence,NonViolence/NV_697.mp4,1278368,57691146d0a9f4cb80587dbcb6f18d109afcf4f834d38fc0664e460334f01414
train,1792,RLVS,,1,violence,Violence/V_959.mp4,294038,3357216e9132cb9ca23a04b35e4758304f4662dcc61c4a403de5cceb0b0691ed
train,1793,RWF-2000,,1,violence,val/Fight/rwf_val_fight_0158.avi,4019162,cfe1fd4770241474af2414ee4083b76ecb8995214cc65d821b84a853c9a397fb
train,1794,RLVS,,1,violence,Violence/V_581.mp4,1421953,d59d51fa51cf334106dc4944d4de55588fa6277df90d48c467c5f4c1d6739a11
train,1795,RLVS,,1,violence,Violence/V_560.mp4,1422768,c8a9d5bbf2db7c64e2fb8b9119268e4eb1339ff99821bf9a1e08fdeaf6989496
train,1796,RLVS,,0,non_violence,NonViolence/NV_984.mp4,412776,e5a7f08e265af63856b452631f8e210e27118788d046ae3498da27bd363a8311
train,1797,RLVS,,1,violence,Violence/V_563.mp4,1861396,e79543897b6aef3567349e7091ea5a2deb2f5d7c61666bf562a3aadfc3bb2fc2
train,1798,RLVS,,1,violence,Violence/V_339.mp4,550151,37cd690996ffacd2c37d678d3b0a4135c2504b02d9fa4fb4775246ee3066e632
train,1799,RLVS,,1,violence,Violence/V_878.mp4,1197536,8b2cd688a398b6a452fe2d99e6a023de3ae5e07504e42b302b5e1c95bd79f097
train,1800,RLVS,,0,non_violence,NonViolence/NV_57.mp4,933000,955641288b487e837769e9f0651e950245c75d5ad6893f4dee7109a91c894756
train,1801,RLVS,,1,violence,Violence/V_849.mp4,509523,6f516371329d9575c131867ff5c8031070ce2f6c0d5ef40e00b0e2b7d6e63533
train,1802,RWF-2000,,0,non_violence,train/NonFight/rwf_train_nonfight_0577.avi,11729998,b7a9fec6f524f80bfa58ddedf82a44b63e88a7f2fe86252dd5252f626ae315b2
train,1803,RLVS,,0,non_violence,NonViolence/NV_160.mp4,993782,2d512a2b3ebf7716dfdfc25715cf97baea09e2467691f5b23e7ebd451b66a93e
train,1804,RLVS,,0,non_violence,NonViolence/NV_894.avi,961994,eed28b9d35fd05cabbe7c569ef2177e2e322b509b3f63557409d4a1f493b80ec
train,1805,RWF-2000,,0,non_violence,train/NonFight/rwf_train_nonfight_0142.avi,2549850,4627a1a94f8f58a78a9bbfa3eb8ea7e91d8908322e2207d7d6aac363178d33f3
train,1806,RWF-2000,,0,non_violence,val/NonFight/rwf_val_nonfight_0030.avi,2707406,568da6ae82d5ae7c90160b7bb06df007f79306ec27b4d66d6497aab6466f173a
train,1807,RLVS,,0,non_violence,NonViolence/NV_734.mp4,249832,62732012dec740e2ed1f726b44ed05ed58b8940cc7d837c0bb3d2b310dc7c98f
train,1808,RLVS,,0,non_violence,NonViolence/NV_546.mp4,957998,c091f3f86cbcdd2ba21d7db5da2e01d930c383cd5cd4f63a29b21d4f94077910
train,1809,RLVS,,1,violence,Violence/V_52.mp4,341895,4359b42ffb185f86ffb97a71b63e0b473597f1daa86f6f18b03d53034a952d1c
train,1810,RWF-2000,,0,non_violence,train/NonFight/rwf_train_nonfight_0434.avi,2532080,28743930d219d8c3379316a2cf16265db5585f456e0eb3fb5904ea396ddb06e4
train,1811,RWF-2000,,1,violence,train/Fight/rwf_train_fight_0425.avi,6370602,f7ac38c3f181d44a0c483794e65d7d6fbcc6b3c110cad80b5b75a37be23b14fe
train,1812,RWF-2000,,0,non_violence,train/NonFight/rwf_train_nonfight_0355.avi,2558398,3976eab61d1ae3012a4300519cda0a605f6c20e296508ccb16035bb3e770c0d7
train,1813,RWF-2000,,1,violence,train/Fight/rwf_train_fight_0784.avi,14091794,c7f55a4c1813cf8047b6505ad1b02b9b4c61a2b1ab62028d8e2fdf049f32eac2
train,1814,RWF-2000,,1,violence,train/Fight/rwf_train_fight_0326.avi,10632148,fd8acf7e70d27ca19a45fa4622d955b8f522486c15a92a12f268235aad1dc5e9
train,1815,RLVS,,1,violence,Violence/V_405.mp4,302139,07a71a08d00a0477aa9c1fa5c9746794590656ca2dabc71151aa46d3e283647a
train,1816,RLVS,,1,violence,Violence/V_330.mp4,1707952,f05ffe489a24ec95fb5b9be8ba68a834afeec30ac5b401370467218fd7122afc
train,1817,RWF-2000,,1,violence,train/Fight/rwf_train_fight_0625.avi,3079806,60a7586f76ec7580e1b66eef0d4eacfaa1215a8034324abb02ff6f1c0670804e
train,1818,RWF-2000,,0,non_violence,train/NonFight/rwf_train_nonfight_0137.avi,2389850,cfb5eea4e41e7422617b02a1e0f537af05a469ec7f301375741d22a2a5c9af4a
train,1819,RLVS,,1,violence,Violence/V_640.mp4,510546,62cac744874edb289fce6ede27b50e7df25dd377402cf0fc472d86800a2d0440
train,1820,RWF-2000,,0,non_violence,train/NonFight/rwf_train_nonfight_0498.avi,27649054,ddbb6543b097cc74d91c66ca96a91a8e30db9621e7fe42fd40f5d89ee28defa8
train,1821,RWF-2000,,0,non_violence,train/NonFight/rwf_train_nonfight_0786.avi,3308404,ad9d6ed45f3b65296aad725d983f1cd0d31e87b3a5f0f3dbf7272ebd0b3d358c
train,1822,RLVS,,0,non_violence,NonViolence/NV_68.mp4,386172,4f5aede8117d4c2b28df5ad7f8649fe9bd8c9b1e84775c6f1cc96e843dd2dcf2
train,1823,RWF-2000,,0,non_violence,val/NonFight/rwf_val_nonfight_0004.avi,8812066,40b8cdedc3d276e20c3f09a1288cbb96b0f7ded6bf0164583c59b73099c04f78
train,1824,RLVS,,1,violence,Violence/V_564.mp4,2078149,f49adde5b83835cd8efa22da4141c8916f676c1f42faae374cd6dd74f59519c1
train,1825,RLVS,,0,non_violence,NonViolence/NV_856.mp4,1316088,c3159b92b19d633997c02b7be4fc49b2cb9f8ec620a338ab4ac72e1a9387f97c
train,1826,RWF-2000,,1,violence,train/Fight/rwf_train_fight_0366.avi,2467556,8d1dbba199b082bb9bf1437f78d7758b34f6c599887bbab122d99e3787c896ba
train,1827,RWF-2000,,0,non_violence,train/NonFight/rwf_train_nonfight_0584.avi,9230882,ee8f0d10814b13a5f1d53bc9bcf23ffe838cce836769d988baba13eedf723547
train,1828,RWF-2000,,1,violence,train/Fight/rwf_train_fight_0545.avi,2081990,01e79dcecf438949a5630c1bb0bfb049639775d6e25c1393d5d86d7185b12ea8
train,1829,RWF-2000,,0,non_violence,train/NonFight/rwf_train_nonfight_0214.avi,1924306,cafb0d61a84e5bb84927b6a114be8e80c59a056839ef7854eae1d4fc59d84633
train,1830,RWF-2000,,1,violence,train/Fight/rwf_train_fight_0202.avi,7316706,6107b8435eaf0d3c46fa583e52d3c5a4160eb6ede863ccdd9090f36cd444de88
train,1831,RWF-2000,,0,non_violence,train/NonFight/rwf_train_nonfight_0715.avi,20192120,9dce1f2327e1b573ebc5df91b7d0466c4b7982e6344cd1e8ffe19b9180c27c56
train,1832,RWF-2000,,1,violence,train/Fight/rwf_train_fight_0259.avi,1227070,58ba153723bac2758968668601df1edb314f9e0e2e2252ba39c21d90dbe255bb
train,1833,RLVS,,0,non_violence,NonViolence/NV_188.mp4,672492,fb9cbc032df6aab02f32f7808d6c6a288c304f4336bce7c6ffa4a6e7fd89856c
train,1834,RLVS,,1,violence,Violence/V_183.mp4,425073,3a9e7aa7eedf7dea2c4e2de9d6a80006f2fd5c2307b74b87106a5041d0c39ac5
train,1835,RLVS,,0,non_violence,NonViolence/NV_910.avi,850192,8e56b39d4dc62179237b68af57e61c6648560455da3019f9a8c4f261838bd78c
train,1836,RWF-2000,,0,non_violence,train/NonFight/rwf_train_nonfight_0772.avi,3430342,b682c0244e0c860df67e6de7d56dd198a0fc803d80fafe02b580545ea370371e
train,1837,RWF-2000,,0,non_violence,train/NonFight/rwf_train_nonfight_0458.avi,11357116,17e079dd0e790a963e0eb01c55a38c6c8597518865ed0b9f3ebde191012deaab
train,1838,RLVS,,0,non_violence,NonViolence/NV_306.mp4,915937,e7e232db2c23fb4fd8ac93e5d155c568890845d1f911ad765e3580e514ff5ced
train,1839,RLVS,,1,violence,Violence/V_340.mp4,559067,1d5bca43a6aa0fe5546fa47857f7a500857dc0590d74f7987e1666d5c7c87070
train,1840,RWF-2000,,0,non_violence,train/NonFight/rwf_train_nonfight_0411.avi,2131754,a816bfe3f132ecdfa795a664b0957bc63377e7a3980ab285737ebbaf1e2f714e
train,1841,RLVS,,1,violence,Violence/V_353.mp4,639093,af595e69def80beb40fd9bb60c7f7980966f557ea580fa502652a8337c65ad80
train,1842,RLVS,,1,violence,Violence/V_220.mp4,1094984,0caf4b4c61e9fe6486fe08e8b259f188742377e2dd2b0dfb65dea70e109af7b9
train,1843,RWF-2000,,1,violence,val/Fight/rwf_val_fight_0093.avi,3068280,899ee0ece1bf3a0856d5103b3ec60db778db052c3d71021944d2f64ecdd83426
train,1844,RLVS,,1,violence,Violence/V_673.mp4,863594,8ce049e76b04e67ad4f11c69aa062601ac7818ef4009e2cd2883dab75266f26e
train,1845,RWF-2000,,1,violence,train/Fight/rwf_train_fight_0188.avi,13550694,6bb44268d6e78b9a85a9362d698232158c57d50c3a7b37a0846e46f6dc20d13c
train,1846,RLVS,,0,non_violence,NonViolence/NV_433.mp4,180825,591359a9a9950c4cafbe943b812aefef67ce929d21f734c38c0183d0ec16e93c
train,1847,RLVS,,0,non_violence,NonViolence/NV_268.mp4,1019049,8fb11faa3bc081d1b6038228867446065c6461a5cd97b515f03a353db53c9c7e
train,1848,RLVS,,0,non_violence,NonViolence/NV_737.mp4,227896,dc13fb0936aa9daee8aa531bda1a4f71185037f802ed0779fed5e3ddd5cdb891
train,1849,RLVS,,0,non_violence,NonViolence/NV_55.mp4,833756,17addeffba62d317114a68cd24918e1ea210bba821cf5b1cca1cae94010b94f8
train,1850,RLVS,,0,non_violence,NonViolence/NV_750.mp4,346436,a687bc61c117b7ce73a9ce61fc2362cd962c6f76105ef9446430cfbb7f21143a
train,1851,RLVS,,0,non_violence,NonViolence/NV_888.avi,851576,34dc5a3835e9ae12040e98369b69749fd63ecc52215d4ad53b43faeadf5b64e5
train,1852,RLVS,,1,violence,Violence/V_229.mp4,720528,fd68a399137aec8f78b8fbdf311d1913461fdb1fc1a171b2e7be4497e71fa939
train,1853,RWF-2000,,1,violence,train/Fight/rwf_train_fight_0395.avi,11097696,fd324ab0ec65fd7923fa9cb5eb985481bd370193618fc481919d919b0ced8507
train,1854,RWF-2000,,1,violence,train/Fight/rwf_train_fight_0759.avi,2247834,d7ccc5adf868c6a01dd115c797016f660e66a2ee58b52bdf53fe77afee8faa5d
train,1855,RWF-2000,,1,violence,train/Fight/rwf_train_fight_0657.avi,2374242,ec085ff652fd22e7c34236ce67bbfb204c3b5d0549294a9aabde7a7e275f6e69
train,1856,RLVS,,0,non_violence,NonViolence/NV_360.mp4,19857268,6547caae4cc109031d2cad405d57ccce45fb616f214db85c828f3c40f2733d6c
train,1857,RWF-2000,,0,non_violence,train/NonFight/rwf_train_nonfight_0132.avi,8500012,945c82fa00fa5b3a73a6c9b41af814a6fd07745a4dfd5560d841d49c365dc13d
train,1858,RWF-2000,,0,non_violence,train/NonFight/rwf_train_nonfight_0386.avi,11316158,f504d1cb885f75dc06ee7ee1642d0784cdaba7becc715ad003290a7fb80efabf
train,1859,RWF-2000,,0,non_violence,train/NonFight/rwf_train_nonfight_0617.avi,2085998,16693b43e3bef32d89f30e369aa1d98786cfad3c19eb1b2798cc78fa616359af
train,1860,RWF-2000,,1,violence,train/Fight/rwf_train_fight_0358.avi,3999376,2eda22628d07e8ea73ed5bf1728b818c64d0019be33b36268d5612d433d0214a
train,1861,RWF-2000,,1,violence,train/Fight/rwf_train_fight_0209.avi,9566546,3feea87a1b5226b3ebb9d863d4076c475847fdc8c45e64e830ddeeff9ca4f4cd
train,1862,RLVS,,1,violence,Violence/V_391.mp4,1385225,4934b952df6656b4ac44afaa9b5ba84022a25ecc190c9bba0f836de825fa6847
train,1863,RLVS,,0,non_violence,NonViolence/NV_138.mp4,602770,8ce4ef71e5aa2c02e9890912659ff2adcf15b23dc33e4654658c2e95a8b03cfd
train,1864,RWF-2000,,0,non_violence,train/NonFight/rwf_train_nonfight_0181.avi,2770952,444dd5d54ff5bc7dc9f9f0d2e985e21b83fa1269fb6c41da814f02346e4b2c58
train,1865,RWF-2000,,1,violence,train/Fight/rwf_train_fight_0079.avi,3380270,9a86168608c09d725f02b5fe3f9369964830e2071c933bd0390222bef73e8a25
train,1866,RLVS,,1,violence,Violence/V_187.mp4,682399,697adf8c1542a01273217d8ef41f576c5798713544a59ac7cf03126049294ac0
train,1867,RLVS,,1,violence,Violence/V_562.mp4,883462,9d40222ec1b5471fedeb28bdc56c2e7e85c71fcf110aca7dfe561188c5df875b
train,1868,RWF-2000,,0,non_violence,val/NonFight/rwf_val_nonfight_0046.avi,3500182,d76f2f2a4d8beb01f904b30909e398bb9a73a9e0c55802f5901bcecd5b46edae
train,1869,RLVS,,1,violence,Violence/V_774.mp4,912531,b4907b25f47886d96c23f4312217e334cacc72c8edf08806b415a1e36b314300
train,1870,RLVS,,0,non_violence,NonViolence/NV_467.mp4,376769,43f5fddd3203d1031ce5800a1ac2105fea6b07e1305939a538ca835c8acbb9b9
train,1871,RWF-2000,,1,violence,train/Fight/rwf_train_fight_0731.avi,3165042,360d1bb958cf69a52d8c55d6dea2dd2a079a3fc3546aa632fd93d24eadcbdc53
train,1872,RWF-2000,,0,non_violence,train/NonFight/rwf_train_nonfight_0766.avi,3558330,3419b2677b2d9542f0505b37c5a99bd8da333a375c4644643e9a2c99b93a2aee
train,1873,RLVS,,0,non_violence,NonViolence/NV_600.mp4,393165,acd608c89e9ede3da77ce66268d4695a144df80b08d55991557b4b3be233dda2
train,1874,RLVS,,1,violence,Violence/V_54.mp4,362951,db0adcfdec405e6006e1bc698c75e6c69bac3ae2608b09734c0a9826d598140c
train,1875,RLVS,,1,violence,Violence/V_984.mp4,397780,1a0c3707a7d96e8466f3eb72301dcae6bd0b585f12911f0a8154a09b6d94ea3f
train,1876,RWF-2000,,0,non_violence,train/NonFight/rwf_train_nonfight_0485.avi,2653270,5600c556f416bd27fe3f3a3c885f019ba4b10faa97eb81c92b19714f61fdac6a
train,1877,RLVS,,0,non_violence,NonViolence/NV_25.mp4,1716685,b4899c39e0d4575dbb277f3cab6a56937c57b72503b7c06278b7203105592de2
train,1878,RWF-2000,,1,violence,train/Fight/rwf_train_fight_0193.avi,3182844,1a84a56cd9e6bd44dcaa8f622b34778d38d20955e7fb8e4db4ed68db67ccea73
train,1879,RWF-2000,,0,non_violence,train/NonFight/rwf_train_nonfight_0237.avi,2207250,7056c49f0d189ef9edb35f7e82ab6d86e4067cfd84e575bc6e5b1dac3eb6c9f8
train,1880,RWF-2000,,1,violence,train/Fight/rwf_train_fight_0147.avi,6916402,8d58c46cc240fd0aaa5dc860bce8111b66986a59b23d70b7989f8f01c2bcef0f
train,1881,RWF-2000,,0,non_violence,train/NonFight/rwf_train_nonfight_0019.avi,15319794,f1e5f68ab1b331d89131309f0c37f5aec9034c613da1c1e9c2fcfc2e6517570a
train,1882,RLVS,,0,non_violence,NonViolence/NV_700.mp4,934451,ce783e245ea5399773949ba9e87746cfa09abc8c6892985cd2ec47f82132bb47
train,1883,RWF-2000,,1,violence,train/Fight/rwf_train_fight_0060.avi,13954258,e40f7541270fbbb23e82a5ac2b97f771eea7b30b05241df1475773b58aad530a
train,1884,RLVS,,0,non_violence,NonViolence/NV_507.mp4,369312,74fb5bef5e40c8da43e852c3db4b81c9783c7c8f01af84139d1a08da0cc9e685
train,1885,RWF-2000,,1,violence,train/Fight/rwf_train_fight_0481.avi,4719286,39c249dc1b65d6a46d1ddc2b9fc879753d793e2551298cc7fa631aaa4b7ad160
train,1886,RWF-2000,,1,violence,train/Fight/rwf_train_fight_0229.avi,2795736,67b0bc8077b4cd3b318eb92c5e81a63f598b6a55399e14c37c09cd79079b26b2
train,1887,RLVS,,1,violence,Violence/V_569.mp4,2434292,55f24b4aaa85549080f06e7c659bde7d728a9165655461964066860ec1db7fe7
train,1888,RWF-2000,,0,non_violence,train/NonFight/rwf_train_nonfight_0470.avi,3189986,5fad0a24eae124d921c3e52ff37b129a6ecddf0ee5bc2816c8dfe77742e7dfc5
train,1889,RWF-2000,,0,non_violence,train/NonFight/rwf_train_nonfight_0169.avi,6437960,27361b105336daa70f319bf10eaba41543590f2eba31e0368a11cebfdb477f21
train,1890,RWF-2000,,1,violence,train/Fight/rwf_train_fight_0321.avi,10798644,b4d8caf75954ba0bfabaf1c3025fa85f9db3545fba5ec4566c6d614228f98138
train,1891,RWF-2000,,1,violence,val/Fight/rwf_val_fight_0155.avi,6961510,032e87577a98b106a889ba61f6b8bffb2824e54584b49aadb58a376aa6a124ae
train,1892,RLVS,,1,violence,Violence/V_11.mp4,1248262,07f4a29a6b99829373ccc222a5232a4c248c019119393a332ba39c06dfe7ca84
train,1893,RWF-2000,,0,non_violence,train/NonFight/rwf_train_nonfight_0351.avi,2951034,b0ce6bc9ed8d4ca733ef77b2fadf4ba698bf0bcb9d5eb7520099b8fb145eaafd
train,1894,RWF-2000,,0,non_violence,train/NonFight/rwf_train_nonfight_0550.avi,20826100,d73567224039fdef95b1b6ce42d66f97f8c9942941ea24fde4d5be798186b3d9
train,1895,RLVS,,0,non_violence,NonViolence/NV_265.mp4,390130,9249f83662a7bd90745ce775ff4217b4a69e92fa27f70ddb5bbbba4864911acb
train,1896,RWF-2000,,0,non_violence,train/NonFight/rwf_train_nonfight_0760.avi,2531876,cf6d9b8e17f573e861bbcad23412310d82eddde0ef68ed7a746b6e9f0e71f96f
train,1897,RLVS,,1,violence,Violence/V_310.mp4,2008183,a1e7a5667b05808957fa603535056839b9de173ef9dfa2f90954017fe96a2155
train,1898,RLVS,,0,non_violence,NonViolence/NV_234.mp4,741940,1742a20062dfd9c075a1dc86a0f0fd32429a369e81470affa8e4c4169ae756f3
train,1899,RWF-2000,,0,non_violence,val/NonFight/rwf_val_nonfight_0189.avi,3648564,a85acc10e719b510caf407d10b82fffba0f53bfa26a9cc67d9679ffb9449545e
train,1900,RLVS,,1,violence,Violence/V_10.mp4,1199605,2534aba2587a6b0bde8ce1d8756c5a7891bc51a0dfdf4c22c1f6115f71b790d9
train,1901,RLVS,,1,violence,Violence/V_669.mp4,884949,2f9afba89656a26aa2b850ef571fbd8c12d9e3d4899e9ab12529452df761ec98
train,1902,RLVS,,0,non_violence,NonViolence/NV_783.mp4,1054970,045a9b01cf69aa4b8d474170668df7a628ed199f84bea6e13efc95756a5fa3fd
train,1903,RLVS,,0,non_violence,NonViolence/NV_37.mp4,778023,acac32264d3bf12906f2b6816f0e1c98d9c62abd2c1c84613bb0c324de53927f
train,1904,RWF-2000,,1,violence,train/Fight/rwf_train_fight_0411.avi,2619812,48f70fb7fbbb76170e3d5b43477a4f8373d6433c49fe87e5a955dd888b2549fb
train,1905,RWF-2000,,0,non_violence,train/NonFight/rwf_train_nonfight_0029.avi,6075572,728c1ef4ab212734608c5bd87750d84a2a14b40b5dbf48eb98633b9f2a53d711
train,1906,RWF-2000,,0,non_violence,val/NonFight/rwf_val_nonfight_0132.avi,10003726,33fb495fba04d6e84c064ef48ae80f1f1cfeef764bd5aaf2821e3265fe37e859
train,1907,RLVS,,1,violence,Violence/V_651.mp4,1212114,22e21272c7e9f6204b5be0b6170bc8a7093edc9993d097348be1eb6bf2e61481
train,1908,RLVS,,0,non_violence,NonViolence/NV_111.mp4,725516,94cf4a359148f1b3aaac3ded37b04a5d1add4abf85f251f26d9219734ca38f7c
train,1909,RWF-2000,,0,non_violence,train/NonFight/rwf_train_nonfight_0473.avi,2044168,b6996e1cbed3c905c799db0bb98f042a1625d8c55c5aa4cc00a1a3c4cacefc54
train,1910,RLVS,,0,non_violence,NonViolence/NV_139.mp4,730634,0c80b233e10b55f9fc4b83691ce20888a4fe827ee7485c63164248bc5b656a88
train,1911,RLVS,,0,non_violence,NonViolence/NV_914.mp4,421242,33f6cda68cd0068eff3b5cc40cb5cc700c14fe8244f5cb424da604fb080c8545
train,1912,RLVS,,1,violence,Violence/V_598.mp4,1434727,7b702267e512aaa65a0683e2c12098a5ca5eb488ee971b4ab825284fbecd526d
train,1913,RLVS,,0,non_violence,NonViolence/NV_267.mp4,453460,87875939a9e6e9ef9c5227258fcfb3a2f9078b3763b6bf74c71af116e0d903e3
train,1914,RWF-2000,,0,non_violence,train/NonFight/rwf_train_nonfight_0279.avi,3329514,689f3bc66457000fd47bceaace635fd4c594e24b4c85558d60865f5079a6d025
train,1915,RLVS,,0,non_violence,NonViolence/NV_886.avi,722534,b5493bb3bb265e415b8484f2d7ef50e75b3c88738d9f347b09da4132cf9d6b24
train,1916,RWF-2000,,0,non_violence,train/NonFight/rwf_train_nonfight_0438.avi,3495056,38d5228a727c3bb3739a7f439b3b1d0cc3866a5e0fbb54294ae57e0f583421ea
train,1917,RLVS,,0,non_violence,NonViolence/NV_76.mp4,556320,b5f00abec0819f16d06cb3a3162e601e93bb4ab784b7159d956f4858ee42cc6c
train,1918,RWF-2000,,0,non_violence,val/NonFight/rwf_val_nonfight_0153.avi,3315130,91b37eaabf5d3f6f60cc0f3ae592bdd3b681e178bb34c4b857c54f6ec6d9b4d2
train,1919,RLVS,,0,non_violence,NonViolence/NV_596.mp4,498508,7ff9e0edba37edddc7784487c90578b5e007395a28c76bbcdaeebbef15d2130f
train,1920,RWF-2000,,1,violence,train/Fight/rwf_train_fight_0123.avi,22063406,2b8a4a089223ed2cb418a5f893d94f08873bec99edc241bd6844d9c3608780e5
train,1921,RWF-2000,,0,non_violence,train/NonFight/rwf_train_nonfight_0196.avi,2924814,b8706dbe5eb80909fea12f3e4db38a0bdca05a762c61dd9c127a2b827dd0479d
train,1922,RLVS,,1,violence,Violence/V_554.mp4,1142973,3526de3f6a2632f98c0fd6b71eb4bce5c45c817a0579cba454b39fb097281cc0
train,1923,RWF-2000,,1,violence,val/Fight/rwf_val_fight_0015.avi,19436354,d6c675f895ddb4ac69f684a1d77f32dc87f0c7d00a1a18fc517f3b0aa35fdfa6
train,1924,RLVS,,1,violence,Violence/V_424.mp4,990167,6ff81a953683dec554a67f3bb1e30f5fd7eb6c39977f010df585069df3974a23
train,1925,RWF-2000,,1,violence,train/Fight/rwf_train_fight_0458.avi,4339252,973090ef0998eb5d6708e48bac39767227dbd6b51b47d75f159730c218138510
train,1926,RWF-2000,,1,violence,val/Fight/rwf_val_fight_0160.avi,12136512,e5010c9fd67cfb2a3c9231552cacac9a0d9e603cf7c5d2e97023c44412ff88e1
train,1927,RLVS,,1,violence,Violence/V_41.mp4,2420119,95b11e12518f7b7655cbff4c37752b32ebcc306c103d9fd071a63b8a6a89a1bf
train,1928,RLVS,,0,non_violence,NonViolence/NV_449.mp4,285601,5e86664df8349c59952570e6c09f04e84ce2cb3656783fe68b3f9f393a253c5c
train,1929,RLVS,,0,non_violence,NonViolence/NV_136.mp4,496784,85319bca305a2b2fb512726edbd1fe0b227943dce10471f1b579e398a908081d
train,1930,RWF-2000,,1,violence,train/Fight/rwf_train_fight_0564.avi,2219812,d69943e484c3918355217139eba60963842c1adab2daf16084a67aa0c14d61be
train,1931,RWF-2000,,0,non_violence,val/NonFight/rwf_val_nonfight_0172.avi,4295690,359e2c17a05c1c6f00ac4c6d7db186e0cddf315c15b3b3301efee7afae23e197
train,1932,RWF-2000,,0,non_violence,train/NonFight/rwf_train_nonfight_0567.avi,4681840,865e9b25a176b12fee0c3adf54feedab4d55d0a3aa3205fa3c35ef124424a52b
train,1933,RLVS,,0,non_violence,NonViolence/NV_722.mp4,1396398,85fda7f1685e095c4e2c255008c0d0f9d5cb6498c078435d13c6aefae095beaa
train,1934,RWF-2000,,0,non_violence,val/NonFight/rwf_val_nonfight_0075.avi,2822712,b377d167c064f54a11668f941e4cba146c586474f895daeb8e2a7cbbf3b02395
train,1935,RLVS,,0,non_violence,NonViolence/NV_614.mp4,505348,4a6dc627fd485a88a2af3d35b31a81767815d203455597db92c6c1f607c5869a
train,1936,RLVS,,0,non_violence,NonViolence/NV_918.mp4,395268,ed42a40115b9ad0ba4aa90f450ddcf26bbd095f09dc8ea20d157c12f06c5a07d
train,1937,RWF-2000,,0,non_violence,train/NonFight/rwf_train_nonfight_0579.avi,11788910,16321736a30ffa48ba7f5a02faaef5f2b0959f8ff7a5a9d65d4e5801a8457073
train,1938,RLVS,,1,violence,Violence/V_224.mp4,1003946,d74a628cf7dfad4d19b9ad69fbb2adb50197d6a90dae7c04963bfcd11ce6fce6
train,1939,RWF-2000,,0,non_violence,train/NonFight/rwf_train_nonfight_0486.avi,2105200,c20f40ccbc28654239e7fca472e0342d251bca036280bd8e3a34cc9b2e3d7802
train,1940,RWF-2000,,1,violence,val/Fight/rwf_val_fight_0143.avi,1867898,24602abc4c1d8e322f2eeb8bf684c82984b028f0253919b50adb7c94dafd10e2
train,1941,RWF-2000,,0,non_violence,train/NonFight/rwf_train_nonfight_0784.avi,3699988,8012603725b8bbf34e9aee63c1babd5ef2addaa475b68cfcc912195ed970621e
train,1942,RLVS,,0,non_violence,NonViolence/NV_401.mp4,197531,eb974b7ea50a37cd105230a3b52bbf88693f3748ecb5dec8d564e1edb1d8f4b1
train,1943,RWF-2000,,1,violence,train/Fight/rwf_train_fight_0255.avi,4590276,e534bdb4a215cd85194c712701f36946350622244f700d57863f270533b02155
train,1944,RWF-2000,,1,violence,train/Fight/rwf_train_fight_0534.avi,10161926,740a290b8b6001beec375dfec569742638f8927ebebbe1c3e3f34583ed91284f
train,1945,RLVS,,0,non_violence,NonViolence/NV_363.mp4,27065557,cd0fe26da2f7143d5e88f60ce98b7302e8b23decd960c4d22690fbc7f0c83477
train,1946,RWF-2000,,1,violence,val/Fight/rwf_val_fight_0058.avi,19231308,b5ccc467f43b40ea8d10d1631184d26f9354b55ed2bf09b309c7417383a52703
train,1947,RLVS,,1,violence,Violence/V_781.mp4,1316303,9b76354a83563a0405c19cde152dedaf1b84f45f9af9cd53e87d37b31a26f603
train,1948,RLVS,,1,violence,Violence/V_14.mp4,1431017,5d41daaa8c55e6afd5453ab296cf71f7696a54a46ba1bfed2377a0358f3d30c8
train,1949,RLVS,,0,non_violence,NonViolence/NV_505.mp4,391858,4478e8257dc12c0bc5d4c4de8b3f56243f5068d664d4576734ca8e8010f70587
train,1950,RLVS,,1,violence,Violence/V_700.mp4,1010313,ddf068b2bae50235e7f040f1f620a76532d7b5fc55abb6bcc1d8daf67447fd3a
train,1951,RWF-2000,,1,violence,val/Fight/rwf_val_fight_0002.avi,25727650,2e0407991bd15cbe279e249c3eef0ca7625644d54caa373b9c26f1320c3c5fc3
train,1952,RWF-2000,,0,non_violence,train/NonFight/rwf_train_nonfight_0244.avi,2709714,1d6fa62273af2d2a3391a4880834c49f863f6cdcb9ccdf1d0af2eaecdce48c41
train,1953,RLVS,,0,non_violence,NonViolence/NV_618.mp4,1271487,1646ade16937719a63e30166a06bdc5a5c39f87d0eaf4c7b674014c75587d84a
train,1954,RWF-2000,,1,violence,train/Fight/rwf_train_fight_0518.avi,11142032,4e85adf079bdc80f421f53767de7b29e29d5dc94f21b11db5e61b5a9911c4d73
train,1955,RLVS,,1,violence,Violence/V_647.mp4,4997276,7b2f95739291668acf20e60d37ccb0ddb133a7fb7100a937a16ac6670dc95283
train,1956,RWF-2000,,0,non_violence,train/NonFight/rwf_train_nonfight_0191.avi,3536394,bb372b752fcc19eb3fd51ac93f42139b204240aaed1f4d92b614a3518c1af67e
train,1957,RWF-2000,,1,violence,val/Fight/rwf_val_fight_0005.avi,25550010,2f0b0f8848fdba4ecddf61efa9793f20e878a7815445a2d1eeceaa4d0ae6c768
train,1958,RLVS,,1,violence,Violence/V_643.mp4,4170008,7d1630491e547895274e47184d666a496cf8a58330d9b47092c4be3c194d72a2
train,1959,RWF-2000,,0,non_violence,train/NonFight/rwf_train_nonfight_0250.avi,2530442,ca2ca4d2f73a9843c76adcc7c95064bb794221f11f1a42474cf64fa1f6991cea
train,1960,RLVS,,1,violence,Violence/V_261.mp4,313902,ef6c956d12dbe4b9041366e081df28857e046319257d83509c2cca1844a518a8
train,1961,RLVS,,1,violence,Violence/V_410.mp4,2511238,16f7c291dae3bb3d424e1d523043ee03b2efbf37a19beb422583619bb6fe6b67
train,1962,RLVS,,1,violence,Violence/V_840.mp4,1068845,e776f5c6943c7b2278ce8ca7157edddbedcfe05eb24450aa95591503170b47b1
train,1963,RLVS,,1,violence,Violence/V_558.mp4,1954704,b950f3161a9439a8d3bcda7bdb91b859f28a70cf01f88145d048eda48cb84cec
train,1964,RWF-2000,,0,non_violence,train/NonFight/rwf_train_nonfight_0641.avi,2945312,3cd76ee2f2b769b5317da0ac193c7cb995e3928ddba9af2c30dbca69df5835a2
train,1965,RLVS,,0,non_violence,NonViolence/NV_870.avi,494598,404589426a1b0458da617d01b54ec10f90c1123b1a6f4adcd3eca97c56b42a2e
train,1966,RLVS,,0,non_violence,NonViolence/NV_342.mp4,309818,acd41361704c1742794fb6430ed3c041d804917980794369b9379ef11bd744ac
train,1967,RWF-2000,,1,violence,train/Fight/rwf_train_fight_0374.avi,1155550,bb8ba63dbc384cf74815e0cc77a458945c68d84b9dc1ca65e325703c1456cf66
train,1968,RWF-2000,,0,non_violence,train/NonFight/rwf_train_nonfight_0734.avi,3894472,ed8b7a79f2cdc1e22f4200d5bc1fd07fccb99844a8f82dec39150dfe0b014968
train,1969,RLVS,,0,non_violence,NonViolence/NV_864.avi,509550,105b6827c22325c45868887218ebd4376dcbcebf6002c368ac98a9f0740f648a
train,1970,RLVS,,1,violence,Violence/V_16.mp4,612137,d1a269272c03a9185cd81f5f4e20fc0c5d70fb5618f55753ec2ebca8bdf9255d
train,1971,RWF-2000,,0,non_violence,train/NonFight/rwf_train_nonfight_0002.avi,2732258,c6fa0c02f17995af3bac486e066fce3b76be07d488efdd95f56630cd982d5f1c
train,1972,RWF-2000,,0,non_violence,train/NonFight/rwf_train_nonfight_0770.avi,2998794,a14561323ac9463cb7420ca437ff67051e37c91c3963b85079a9debc0bbcf0a7
train,1973,RLVS,,1,violence,Violence/V_517.mp4,313488,4407fb03d0d64a202efde325fddfa819d2d1aa8300b9edc9b8e99e3b8a9c4531
train,1974,RWF-2000,,0,non_violence,train/NonFight/rwf_train_nonfight_0572.avi,1983838,89faff58e6d91a37cb9e17d2b2474de6fc2df7087a93c19bca950d7c4a052557
train,1975,RWF-2000,,1,violence,train/Fight/rwf_train_fight_0004.avi,9476230,a0b729127ac1582a471aac915ab64fc2927ff68be30700f3448541e1f4450e34
train,1976,RWF-2000,,0,non_violence,train/NonFight/rwf_train_nonfight_0093.avi,37996560,6f7b7a8c7e6f66357fd1af0ac8ef29fc9f734fc195c6fef30a47cf5ffa8753b0
train,1977,RWF-2000,,1,violence,train/Fight/rwf_train_fight_0003.avi,2672260,5f26ea912e0fc855ebf41d773b8b683ddda64cb7071baef1c6dd1404220e6683
train,1978,RLVS,,0,non_violence,NonViolence/NV_487.mp4,337286,6c3bdec209ed015402c676f17e9da47c7d67b802dbfbd0b5aaac913c348ef5d2
train,1979,RLVS,,1,violence,Violence/V_808.mp4,751985,3cf6f71ed7f42e3a39634f92bb6693bcc7d41bd2fe8c7ee521a4d404e4483468
train,1980,RWF-2000,,0,non_violence,train/NonFight/rwf_train_nonfight_0494.avi,2186478,9ff5743d5674f37131fc2ec14a4c5a2d2b1893e9fa9a4a5960aedd26955617ac
train,1981,RLVS,,0,non_violence,NonViolence/NV_925.mp4,751230,42092a87f246e5e8f664c52bbe07a0df5d0a4eb1cbca400b967a87f2fd030d58
train,1982,RWF-2000,,1,violence,train/Fight/rwf_train_fight_0400.avi,11489644,c5c46f5f9750d04ef287fb051b377efa7f160c12128d6582b522efa775280441
train,1983,RWF-2000,,1,violence,train/Fight/rwf_train_fight_0066.avi,4076886,589e9537fb2e8557a8656f33e83e10b0ccc427d365c117c0ba581a887ebb5ef1
train,1984,RLVS,,0,non_violence,NonViolence/NV_284.mp4,1461386,9ed462ab78ba5cc410126dd0344cb30a6ab5069329a80a6cb23c1f6f78a0efcf
train,1985,RLVS,,1,violence,Violence/V_211.mp4,957828,de5c0d025f28122c051d95db603b962e545c5ab0c5ee7ffa69b6b516a2f2c291
train,1986,RLVS,,0,non_violence,NonViolence/NV_950.mp4,922585,bdd57259ae625fca754e62b32e93d64315eca617ad04820c8cedb4cc1c65e1eb
train,1987,RWF-2000,,0,non_violence,train/NonFight/rwf_train_nonfight_0155.avi,3437588,3699284f0da97bbabe5837d75201f69e5c72cc1582fce904c7f5282ce9dc8269
train,1988,RLVS,,0,non_violence,NonViolence/NV_370.mp4,263100,eb79b62d515059bc105402927f34152e36194aa97ce4bfcf4c0af64df68b404c
train,1989,RLVS,,1,violence,Violence/V_722.mp4,400866,3d108be05df799b75fae283f9d02a429c589ff1dc8aaf067e966d644d2d15dcd
train,1990,RLVS,,0,non_violence,NonViolence/NV_257.mp4,998539,30409230883cbf6c64d01ae59978a141cefc6325d0c384e824753b0563892843
train,1991,RWF-2000,,1,violence,train/Fight/rwf_train_fight_0244.avi,11260628,27e86eb8104169f68558ce5fa8ff9dc788ab4cd724c28b69bf0828d232a02844
train,1992,RLVS,,0,non_violence,NonViolence/NV_893.avi,817776,bb025cdb8bb19eb41480d23ec18b5d2a756a0b0fcd755698195e19ee4ef68eb0
train,1993,RWF-2000,,1,violence,train/Fight/rwf_train_fight_0589.avi,6016766,5fac8ba14e07ef5916dda392b61ca793b443a7eab3b5689c0c8307001c3c44b6
train,1994,RLVS,,1,violence,Violence/V_209.mp4,929489,951dc89e0ebbb14c87318df17d22d2b72b4fb0e96e96c0de238690c023c67470
train,1995,RLVS,,1,violence,Violence/V_882.mp4,316117,d4a049d3606aaabd83be4c231098705d0d041d40102f6a9ecf1a0277ca2e6535
train,1996,RWF-2000,,0,non_violence,train/NonFight/rwf_train_nonfight_0164.avi,1739184,30aa110b7f66d90440f60059f94c0d3d66dd01290da7908ee38db874895e3706
train,1997,RWF-2000,,0,non_violence,train/NonFight/rwf_train_nonfight_0481.avi,3449708,12c0797fda41c4624783cf350c38d223d864076fce7efd8543995774484e8efa
train,1998,RLVS,,1,violence,Violence/V_78.mp4,487821,3466da75c4463b2f196055dd171e14e118e6c04ddfe3094bf5fcf6285d88700d
train,1999,RLVS,,1,violence,Violence/V_633.mp4,1166206,fa74308a9bbb82ffa1aa6622c84556786fd2a2cbf529ccf56ba98ccc6279e8e3
train,2000,RWF-2000,,1,violence,val/Fight/rwf_val_fight_0094.avi,3076508,945d9488f6ae275b8c0b2d8dddf97aca5a50429ba815e6e8c134e85d99ab9220
train,2001,RLVS,,0,non_violence,NonViolence/NV_749.mp4,367405,52cd74930826f7ee77c09b5e4c3fd6a37717b3e1ebdcdc08f2485f684713f5f3
train,2002,RLVS,,1,violence,Violence/V_980.mp4,344669,4adf3189baa40a5d1686f8e488bc1f937ec0b9ad06cbac30d017709db2a9efad
train,2003,RWF-2000,,1,violence,train/Fight/rwf_train_fight_0679.avi,5151528,11d34d33d2b0b4df32f7a7ca933012ee1c6b3eb8c7b42e6554cfb512c5ac7a01
train,2004,RWF-2000,,0,non_violence,train/NonFight/rwf_train_nonfight_0243.avi,2578140,c06588ff527c947d19bd465e375f1887939927c6261c14a21336eb9caa648f90
train,2005,RLVS,,0,non_violence,NonViolence/NV_432.mp4,289707,cde4e2dd515dbce5089deb5266718536738cba12a609b1d3447553ef9e40389c
train,2006,RWF-2000,,1,violence,train/Fight/rwf_train_fight_0742.avi,2248318,7fd832fab1d102c9c6a4366f4fc3b9e0a57fef4c8e8691f11a6e587fd420f7aa
train,2007,RWF-2000,,1,violence,val/Fight/rwf_val_fight_0031.avi,8000956,c376ee14e288e117cba66e584887fd5cf9ca1728abf480c3214cb8111e742bfe
train,2008,RLVS,,0,non_violence,NonViolence/NV_530.mp4,651232,df7d2493257e9b70d8c6a88f063626f96d1bf7e1b17feb9596f33475add8c77a
train,2009,RLVS,,0,non_violence,NonViolence/NV_194.mp4,13066778,0aca1441d4e3c8b37020ef6fc8f68223bc8ac82449afbc6a9ef2ea0c221f65c4
train,2010,RWF-2000,,1,violence,train/Fight/rwf_train_fight_0405.avi,13440064,5798a6de6963eb93632713e71a0335257e4574dfbaf684812eeca2abc120f1e4
train,2011,RLVS,,1,violence,Violence/V_525.mp4,562292,4e203e2447e329758cee10a2848f08585d7719ddf467ed314f8395f6f9346763
train,2012,RLVS,,1,violence,Violence/V_71.mp4,1274192,1499ea89c0d91df850606ee5b2981f039113761480b303953d1db2ba18afa5b0
train,2013,RLVS,,1,violence,Violence/V_384.mp4,1503690,00e11b21f26c4fb1581eeccba5fb47c26e4dac947c6c646c478968d0ccb1de7f
train,2014,RLVS,,0,non_violence,NonViolence/NV_260.mp4,559854,8e0e2b4dc358eff7cc9adfe5f4c3bd02075c138472a5054e49c391beba6413e0
train,2015,RWF-2000,,0,non_violence,train/NonFight/rwf_train_nonfight_0414.avi,2542998,ae12a68d9c7b9980d3992f6933a606dbc094df980b857440c093ac40c2cbfad7
train,2016,RLVS,,1,violence,Violence/V_642.mp4,4683267,589d481c5368971be846464912847861227d25f05d9c250d5de646e73d37c260
train,2017,RWF-2000,,0,non_violence,val/NonFight/rwf_val_nonfight_0033.avi,3417620,5d0447f921a6dfb1c78523bb6047d3587e0ce9f104dcd596f563d1a536c63b82
train,2018,RLVS,,1,violence,Violence/V_402.mp4,399602,6614cb02d87ef695fd0ab4dc147ab342a17d992e0564e375c79b6507040981fd
train,2019,RWF-2000,,0,non_violence,val/NonFight/rwf_val_nonfight_0074.avi,3065458,1e47548c4236839f3b46b93e9eaae8f5863e2aac3a7cd4ea71c81c98b316067f
train,2020,RWF-2000,,0,non_violence,val/NonFight/rwf_val_nonfight_0013.avi,3942032,3c1d5da5b2fdcf5105016ede06b2dcbb5f00728decd51b19ca87955b0e59a215
train,2021,RWF-2000,,0,non_violence,train/NonFight/rwf_train_nonfight_0615.avi,2965086,03fd36b0481fed7eb397f41a18a1b7c4e914aeeda665177ff49eb59ae4624b4c
train,2022,RWF-2000,,1,violence,train/Fight/rwf_train_fight_0329.avi,3432096,ec1932dda92cfeaadfb6f147f9794aa40da1dcbbd5926015f9f2a0a9d1b22eae
train,2023,RLVS,,0,non_violence,NonViolence/NV_571.mp4,609268,79f8f5b2d58998b98e2769b10bf4598f0f65127a5297649da48d882b26900d08
train,2024,RLVS,,1,violence,Violence/V_727.mp4,308630,0edbba731ef4a78ca8912eb1275e82a3a15b05f9dada10d558cbdd6dbdb24e5d
train,2025,RWF-2000,,0,non_violence,train/NonFight/rwf_train_nonfight_0017.avi,4095494,64ef7be1675edb1ef2289a26df85f588c8ea30221019ced60cee8591018e5f4c
train,2026,RWF-2000,,1,violence,train/Fight/rwf_train_fight_0652.avi,1877160,42c7285e832d49c334c5ee1f4a50a0d405327b806a08e8000b7c0201a8586d55
train,2027,RLVS,,1,violence,Violence/V_819.mp4,737316,709f06dec6c19647aeaa99beb07588e0e5a4f7e1b0282ce9a27a40239a2eb434
train,2028,RWF-2000,,0,non_violence,train/NonFight/rwf_train_nonfight_0330.avi,5130004,cf3f4939aae2718b7c2e762e19de3e2ae99fd7547d73e94812521affe9fb7a50
train,2029,RWF-2000,,0,non_violence,train/NonFight/rwf_train_nonfight_0075.avi,4690426,da2557cf1f6d9762c1dca2c17526ff5cccb1f340a426de26f83d24fb16782d3a
train,2030,RLVS,,1,violence,Violence/V_999.mp4,281194,dc7a320dba68023de1f0ad16939b327bbd79b1eac7c1db5bd31647280a8b7ef3
train,2031,RWF-2000,,0,non_violence,train/NonFight/rwf_train_nonfight_0790.avi,5161864,a4f63d2eaacffb1461c89fb6751b145aadfcd590ecb831ce045c6bacf74ffbbb
train,2032,RLVS,,0,non_violence,NonViolence/NV_89.mp4,455198,883fec6c7409e45c9c8952dd124244f644c0f999c5eab4cd6d6ef982623bf11e
train,2033,RLVS,,1,violence,Violence/V_616.mp4,1496304,45f0f2ab22170671c9249589143d8971d7244094ccff389d07f700277c4059fc
train,2034,RWF-2000,,1,violence,train/Fight/rwf_train_fight_0429.avi,2928044,1187ec8f26dc5c1c3285976b451b8a00cf3192cd4b2510078e3ec7480748673a
train,2035,RLVS,,0,non_violence,NonViolence/NV_12.mp4,818022,f7bd31cfdb5eff1b8bfe9b3811a45a066a3ddfc587a35d5779a7ed89aff3c1e5
train,2036,RWF-2000,,0,non_violence,val/NonFight/rwf_val_nonfight_0156.avi,2699002,94d016cbecdd69ff0eb198dd75dbb3865728126eebc612dabf4104d55e4d611e
train,2037,RLVS,,0,non_violence,NonViolence/NV_294.mp4,1226523,a5640018452758c48904f29b3001fb870e350847df6a0a9a8ba8bbda1125bfab
train,2038,RLVS,,1,violence,Violence/V_91.mp4,505605,0f2ef945ba69f8152b0ecd8c3120d8b894e1863be7048931b956f0b8c423fa80
train,2039,RWF-2000,,0,non_violence,train/NonFight/rwf_train_nonfight_0070.avi,4016186,3c9a907bd4c19cf3be77594d2e0e3cfd5ba5e3aefc52e95d429bf904bb7503a3
train,2040,RWF-2000,,1,violence,train/Fight/rwf_train_fight_0378.avi,1855658,2a17cafed0acbb277834d98bb6de1290337ff753365dc71f20491252b5b3200e
train,2041,RLVS,,0,non_violence,NonViolence/NV_922.mp4,657231,8e0404be52674748a0eb31d1c3b63b7363660d30ab4b6eced05ab5c3d894efd0
train,2042,RWF-2000,,1,violence,train/Fight/rwf_train_fight_0272.avi,2664580,c4588027bdc4564622316f8d987411aecebf5b43e34020a13f17712535362f8e
train,2043,RWF-2000,,1,violence,train/Fight/rwf_train_fight_0531.avi,8667532,3f9cc7f69f5d74f305d3f56be41b0cb9b34e4a42b08c7ea8e5517f6cbdcaf054
train,2044,RWF-2000,,0,non_violence,train/NonFight/rwf_train_nonfight_0713.avi,2402078,17a20ffc38285dda004233feaa7faf0708106d4c2cae22340fdeabfd22d7bbb9
train,2045,RWF-2000,,0,non_violence,train/NonFight/rwf_train_nonfight_0091.avi,23889688,117c91efcf7829bb5187e852447eb3de8c4a8c6c6d2e5e9cf79a67f6f22163d6
train,2046,RWF-2000,,1,violence,train/Fight/rwf_train_fight_0057.avi,13563920,3848c61891839430d1c0e0f5825c78579c3f8fcfab2bbc45bc829eecf9b28acd
train,2047,RLVS,,0,non_violence,NonViolence/NV_748.mp4,154888,a475ade68bd12868042f009b36f103d02c4d175a437f0758b9ffc64fb001fcfd
train,2048,RLVS,,0,non_violence,NonViolence/NV_804.mp4,1233893,4b524f03be57d7bf491d543fbc29aac40b7518c67b9fdc0bf799b951ecf4b03b
train,2049,RWF-2000,,0,non_violence,train/NonFight/rwf_train_nonfight_0248.avi,2225592,e8075939e135813f31c42100e0f4c3f5614d6936f0b9697e82f6ad69372d71fc
train,2050,RWF-2000,,1,violence,train/Fight/rwf_train_fight_0006.avi,9486384,bfcfa865e2a9544bf1969198f50680cdc515a1c4afa6024ea49a53b2033131b8
train,2051,RLVS,,0,non_violence,NonViolence/NV_560.mp4,633333,1a0f85ee178ba15acb9cf1ecf4f6d1d0aeba9dac751ad814e035350d7b5ddcfa
train,2052,RLVS,,1,violence,Violence/V_545.mp4,1214406,c0387022bfdcf529fe87c013deb598372ec8c47ec0b970a567ecc7dde1a9f277
train,2053,RLVS,,1,violence,Violence/V_635.mp4,494922,3aff2bcb132c0f6e8b559b030518a151c7b6de2a73c600ec92104377683a1c98
train,2054,RWF-2000,,1,violence,train/Fight/rwf_train_fight_0375.avi,1183692,669c6d9b23c47f5218767db9b3ae26a9b6c04cb81581cee9bdfd684aa9066afe
train,2055,RLVS,,1,violence,Violence/V_25.mp4,778833,9c8eb30401e8a448be8f75b38e2268b73d0d89be42552e642a9299943db8c284
train,2056,RWF-2000,,0,non_violence,train/NonFight/rwf_train_nonfight_0585.avi,1883392,13b3e41979c6ac41379a953c5d5e221f5742de004d8e07b7be59284ac0dc4d3c
train,2057,RLVS,,1,violence,Violence/V_693.mp4,744223,544e3a1b3ec5b4824c8ecad0bb669daebb7263fad461ae004199e43facca29c6
train,2058,RLVS,,0,non_violence,NonViolence/NV_427.mp4,169353,110eb309bf50a6e1781d3c956e51e6b89d9ee4184ba616753130c644c1fec8e1
train,2059,RLVS,,1,violence,Violence/V_988.mp4,415752,978b61ba2ba41dc8831ef3ce33a316b87d463978c6fb9df997201bc72fab9ceb
train,2060,RLVS,,0,non_violence,NonViolence/NV_904.avi,758456,01c1038ce8d11f640b72cda003496f3952e155777959567896a6b355057cb4ac
train,2061,RLVS,,1,violence,Violence/V_137.mp4,544878,72f16238d36197ebd07f829899c5e5d309fedb11c1139586efa040b1aa0092a9
train,2062,RLVS,,0,non_violence,NonViolence/NV_405.mp4,215575,7587a2ad4583dd371f0fc86db8eee9053fe4ff63fe3a32a8828b8726f948a40d
train,2063,RLVS,,0,non_violence,NonViolence/NV_290.mp4,1049294,6405f34184ce7384b45c91a8fca3d2f9ad53b908e7c46acd777b9f92092ea270
train,2064,RWF-2000,,0,non_violence,val/NonFight/rwf_val_nonfight_0104.avi,2665562,d6b6a9d6360bc602a2f21f7c790eba3df86cdae8a4dd6cb6e8e0f774fcd418ad
train,2065,RWF-2000,,1,violence,val/Fight/rwf_val_fight_0195.avi,8910576,4e7b7a5f59b9c34c8c460652d21a59421302bc0b57189612b02ab79c0c07e2c2
train,2066,RLVS,,1,violence,Violence/V_735.mp4,641165,7c6a424920c83c58ad7fb047e497a95842ec5f637155d3879d95a39dd967585a
train,2067,RWF-2000,,0,non_violence,train/NonFight/rwf_train_nonfight_0316.avi,2074864,5f235b03fd496c746abd0ef5d73569c378d4550d613aa7d4a5c4a7d0b529e24e
train,2068,RWF-2000,,0,non_violence,train/NonFight/rwf_train_nonfight_0304.avi,1998846,d785b1826b631c86dc789fe18d60f7e3959126cbc79b7c1f9a5e8784353af64c
train,2069,RWF-2000,,1,violence,train/Fight/rwf_train_fight_0674.avi,6344506,b80cad90c5d257b9619a9d8b2c8349fe41105fb8c8bcae1ff7bc8d9ee5ac68f4
train,2070,RWF-2000,,0,non_violence,val/NonFight/rwf_val_nonfight_0126.avi,8135756,5c70050cbcf4c07768272c8fbca447646d9357b108653f222b748ae101a48f8b
train,2071,RWF-2000,,0,non_violence,val/NonFight/rwf_val_nonfight_0154.avi,1804472,41a4245536aee883c5ae193adbfa7892a4fff89b2d18dafb288a8f1a3ab1d9db
train,2072,RLVS,,1,violence,Violence/V_457.mp4,766900,1c345fe58d9eed3c9d04b68fd19b8523c7c03babdf93be081cf3a819eaeb1afe
train,2073,RLVS,,0,non_violence,NonViolence/NV_882.avi,944502,97bae6b8bee1eadf916a60c8d55aa6133e7e35202bebf0a72df3a271ed903632
train,2074,RWF-2000,,1,violence,train/Fight/rwf_train_fight_0689.avi,1272466,2c52fce19c7ca204788b82049d65d9e0a3bccdc2e1f574b7df20bbfe9bc971b9
train,2075,RLVS,,0,non_violence,NonViolence/NV_787.mp4,1178653,e1249f0f441e490afcf6cf3864b70d4d86661767fc2158394580117da55254bb
train,2076,RLVS,,0,non_violence,NonViolence/NV_501.mp4,505450,8c4bdd16682e0f46747d12883a54227cd1dec02396606e010e5a554212bf0e8d
train,2077,RWF-2000,,1,violence,train/Fight/rwf_train_fight_0454.avi,4196796,5ad3305c9bee4c262a4c3a810199939a0d2f64116193c6c872a48c5a6e119fec
train,2078,RWF-2000,,1,violence,train/Fight/rwf_train_fight_0353.avi,10226460,29262ffe2938b2660f2dff701526ca855dafc3b8dcb7eaa690abb1a08aa107a4
train,2079,RWF-2000,,1,violence,train/Fight/rwf_train_fight_0424.avi,3462604,62dfdacdfc838b5b09eaea82c2182419e9e8389384de1a5dc09a7824950f34ff
train,2080,RWF-2000,,1,violence,train/Fight/rwf_train_fight_0175.avi,2287716,2f7b6dacfe2335a2b260e555e0f57169c4d5277afd0f5e47af91314ff0378bc1
train,2081,RWF-2000,,0,non_violence,train/NonFight/rwf_train_nonfight_0227.avi,2603270,a4489d65ba40676ea8c054db435468cd8da4d6ceb251407d150f1b6bdda16d85
train,2082,RWF-2000,,1,violence,val/Fight/rwf_val_fight_0116.avi,5568368,ef181cff2e9fa4572b795dcd8c404ee5a44a57a40c9657927636f4e5aed4d449
train,2083,RWF-2000,,0,non_violence,train/NonFight/rwf_train_nonfight_0127.avi,21161390,7b9da0a1b8b2ca6b874904fb173864af14bf9cbf8e8676f8332fd54cd14efce3
train,2084,RWF-2000,,0,non_violence,train/NonFight/rwf_train_nonfight_0154.avi,2867098,b98587352da2592a3718d6b88bafe4cf41f44d393942451e2d31b75eff53e12c
train,2085,RLVS,,0,non_violence,NonViolence/NV_119.mp4,1207824,fe59071baa247b60e989a471183afda497c17dbce9d9d89f112efc5ad50b227f
train,2086,RLVS,,0,non_violence,NonViolence/NV_213.mp4,784912,3d6d17abb96dc00e8e39024a918835c34cc584aca8d4d07276b9c6beddbbda18
train,2087,RLVS,,0,non_violence,NonViolence/NV_895.avi,841738,9aa8ae86db0c60a2be1e956c1fde61857a49e6e3213f5cfab4aef9368819183b
train,2088,RLVS,,1,violence,Violence/V_585.mp4,1310546,6b239fb5f31e9f1d3e1022f71704122dc31f4f556e4b77c76cf8417c284443a8
train,2089,RLVS,,1,violence,Violence/V_274.mp4,495352,41c4179e2b9881e4c00c5cc057eca5d6162fd986d67421ab3884934d93234571
train,2090,RWF-2000,,0,non_violence,train/NonFight/rwf_train_nonfight_0758.avi,2601042,d415e6743d2f261f9ac0e319039f3a33d59bb6260c431f46aab5421b9362eb6e
train,2091,RWF-2000,,1,violence,train/Fight/rwf_train_fight_0630.avi,5957302,d0921f634600b371eee3c4b36251ed2e19be24106db8c0179c3a697730ab6d2b
train,2092,RWF-2000,,0,non_violence,train/NonFight/rwf_train_nonfight_0677.avi,3623730,f34a461cc100403435f9a6375a1c9f9986b8996bbe9b7cbaffe52cd1cf503382
train,2093,RWF-2000,,0,non_violence,train/NonFight/rwf_train_nonfight_0028.avi,10804612,6348750aec5f878778661bf957eb94ee0b89d5bdef7cf0570e2f8e1d5a17fa1b
train,2094,RWF-2000,,1,violence,train/Fight/rwf_train_fight_0661.avi,1156552,6bb2a82cac95446da2a0cbb85a46a6e0f3ed49a6d1e5f18fad4633d3c0f5b0ca
train,2095,RLVS,,0,non_violence,NonViolence/NV_646.mp4,178219,7db5e30760702682d0133606ebeaddae3092f4286d1dc7ed2c6433496cf78eba
train,2096,RWF-2000,,0,non_violence,train/NonFight/rwf_train_nonfight_0344.avi,8352190,e68a6455b053e116e08d2d18d9e442401ecdb93b3c6e3f7be457a573729d879d
train,2097,RLVS,,1,violence,Violence/V_994.mp4,399892,6860609097069f06eb9cf5947365a684f7d7585813348282d8b2808716434ea3
train,2098,RWF-2000,,1,violence,train/Fight/rwf_train_fight_0523.avi,3872282,a44a0f3870432e8f981e4398c0eb791b97d6a122296672ddc1ebc6151c0b6948
train,2099,RLVS,,0,non_violence,NonViolence/NV_899.avi,825282,8ef479b6ae69b2e662a3e05a0fe1af333693155f1ed2c4a4b720daad396dc55d
train,2100,RWF-2000,,1,violence,train/Fight/rwf_train_fight_0319.avi,6515474,123261ae9c24978b74d9fc84c50cfd131d9acc5df01a15a7e3098145f47aeb10
train,2101,RLVS,,1,violence,Violence/V_509.mp4,663566,45cc4ca94deee1cc9afe6866d923256a6deee76e791c9d154851e672023f5451
train,2102,RLVS,,1,violence,Violence/V_823.mp4,1173531,778bb193aeeac96b4be0b8c84f0c8575e2fdeeef7a2ff3614ade079dbf0f7016
train,2103,RWF-2000,,0,non_violence,train/NonFight/rwf_train_nonfight_0738.avi,5692310,f39dd67a16115674c1e4c415a452d4d81d9edb73f59bb5ac0be9de7fcec6b63e
train,2104,RLVS,,0,non_violence,NonViolence/NV_78.mp4,855402,bb8314946eb808c2ae56181edb6711ed87b8e7985b188445fb5e58198461c030
train,2105,RWF-2000,,1,violence,train/Fight/rwf_train_fight_0044.avi,2844262,82c72e541b421d9d5ffa90377bdbff3871f5d3baf54652ec141d47894d064e05
train,2106,RWF-2000,,0,non_violence,train/NonFight/rwf_train_nonfight_0284.avi,3075968,4cbb58f0d29d9d1c3b4f10998d793024798152989b3607991158e87edbf603c0
train,2107,RLVS,,0,non_violence,NonViolence/NV_540.mp4,739008,3c897ceae1fddc0c43d6e9066adff3771c2ae72f5127519f019a0757f8e95538
train,2108,RLVS,,0,non_violence,NonViolence/NV_344.mp4,349059,ca9cb4938f1077fedafdb1725d8432a87a33f08fa5d178c332de757053c1ef9e
train,2109,RLVS,,0,non_violence,NonViolence/NV_641.mp4,126665,28cedd62aef159730c16cc4b1ed3fe9c769178f449e6e4f21d00229f9d10e4ea
train,2110,RLVS,,1,violence,Violence/V_442.mp4,1103902,0884e6078470f80e3eab3e03f6f64c3b7bc493ed282b5b1f6c4e33e823ee486c
train,2111,RWF-2000,,0,non_violence,train/NonFight/rwf_train_nonfight_0501.avi,3759008,deffe7d514c940feb57d25908c9a72fcbd7b7194c19005f2321abe8ae8de5ae5
train,2112,RWF-2000,,1,violence,train/Fight/rwf_train_fight_0199.avi,7255462,5e3a5f62450148757c36b67b924d02e388d8e3e299dcbd49e89284afe6cc00fd
train,2113,RLVS,,1,violence,Violence/V_460.mp4,1011089,3354cc5423ca5ceb105f08b88e62a215b893112c6c1dfe1e309a6f131c0db468
train,2114,RLVS,,0,non_violence,NonViolence/NV_85.mp4,660445,b71706d43d27cf75f0e40f949495b0cc396c6e83805b2777036ef8ea4844240d
train,2115,RLVS,,0,non_violence,NonViolence/NV_121.mp4,891924,7e7d7a714c1d14ee4b09ab12edb14a80593e3078180df623bc7be88bd1780771
train,2116,RWF-2000,,1,violence,val/Fight/rwf_val_fight_0016.avi,3813280,7defee76cbfbe9f147aad244d8b0fc6f8c364ff5780445bdd391153235511f4d
train,2117,RLVS,,1,violence,Violence/V_541.mp4,1686975,2aa1e3a4984c25fbf3f3578dca429a895217d1803538e9b8d041fb1fd7128212
train,2118,RLVS,,1,violence,Violence/V_573.mp4,1163824,b445ddfa95e624f5735d405c068c9e2130e99635f88676c2c16a75e38bb28f47
train,2119,RWF-2000,,1,violence,train/Fight/rwf_train_fight_0348.avi,1357048,9908541154170cd5df4c3552269effdacdbcb3720a9169a1082b2d3e9b09cd31
train,2120,RWF-2000,,0,non_violence,train/NonFight/rwf_train_nonfight_0089.avi,4280346,79601ccf234182d769a384c83e5f93e3566f42f21a73ac59a2a064c7b6f46ab5
train,2121,RWF-2000,,0,non_violence,train/NonFight/rwf_train_nonfight_0618.avi,12433106,e6f48cfa9e36583ee311bb5f08056c3a2103c6c23bb09a9889c4d74bbfdd5da8
train,2122,RLVS,,1,violence,Violence/V_664.mp4,786654,9272a12fdc7acc16816de0708e5158e55915353677bf1c4c3ba8d80230f6c85b
train,2123,RWF-2000,,0,non_violence,train/NonFight/rwf_train_nonfight_0583.avi,9081312,49d570464e6806bf1888a8595ca251afcffe05782a63568b490dd73bda2bcf7a
train,2124,RWF-2000,,1,violence,val/Fight/rwf_val_fight_0028.avi,10606736,5e7c04b3fd54648320258385b37f126944fc98d110fdd44cd59ba9c8448613d8
train,2125,RWF-2000,,0,non_violence,train/NonFight/rwf_train_nonfight_0353.avi,2509644,8c52f499dc2180a94a559309c3c7608ebf804f6b28940cb182e8deac7bcbb3fa
train,2126,RWF-2000,,0,non_violence,train/NonFight/rwf_train_nonfight_0262.avi,11681794,578fc05271dd3f20c4cf933b55f390bd6daca626250ef1fef745a1881c4cb32b
train,2127,RWF-2000,,0,non_violence,val/NonFight/rwf_val_nonfight_0014.avi,5246216,c7b40bf9eb8790780cac219b618f8d740228447ef5dbfdfb688180eaac65a817
train,2128,RWF-2000,,0,non_violence,train/NonFight/rwf_train_nonfight_0267.avi,3848400,710d44ce4278d8a7f5105bc1cd9de9303f9c9d078961664d549943a620bc9c66
train,2129,RLVS,,0,non_violence,NonViolence/NV_289.mp4,1016905,8daade891fbf50ea11975ac61f046ac8a5d70fe416a09213793f80748ca7276b
train,2130,RWF-2000,,1,violence,train/Fight/rwf_train_fight_0648.avi,3071216,4ff9f85243ecd30940d57e854d23c461bcb80e6bd3ed7455b6d2ba5fa989c214
train,2131,RWF-2000,,1,violence,train/Fight/rwf_train_fight_0239.avi,9145328,bef8a1b11e4d286b2a93c09b04cb390a66c88515e8d7aeeb24c4335a4ac00fc0
train,2132,RLVS,,1,violence,Violence/V_317.mp4,2112983,51f8cea221c5d031eb643daf3f00bf99d4f2d9acaaf0a1505a858c4b8165000e
train,2133,RWF-2000,,0,non_violence,train/NonFight/rwf_train_nonfight_0478.avi,8989412,77b867c405c584a33293bd2932d202aab1922e4657d8b6f26862b14344c10568
train,2134,RLVS,,0,non_violence,NonViolence/NV_693.mp4,926245,d7fb05befd6ccd1343039982b468ccb6cae1ba40d2dac12f5a68e53601a81372
train,2135,RLVS,,1,violence,Violence/V_663.mp4,874643,8d87be478f02bde36e58452105021f75900a92ef42f37323e69688ea0fba5830
train,2136,RWF-2000,,0,non_violence,train/NonFight/rwf_train_nonfight_0683.avi,2459536,795e60c2dc6d09682714ff73b0c980a08ba0308b172608c796fdd434fbc8a5e4
train,2137,RWF-2000,,0,non_violence,train/NonFight/rwf_train_nonfight_0117.avi,2863146,3e929975de15f8ff61223d29b747731439bfb26ff932f5f0d9babb2c3bf88579
train,2138,RLVS,,1,violence,Violence/V_953.mp4,487025,71c3bf5beb0c538a9bc5ad14a596c842155b1a86c42680e7a3b3a428b9f15b16
train,2139,RWF-2000,,0,non_violence,val/NonFight/rwf_val_nonfight_0106.avi,4092784,4005aa16f52c59e99e081f212ef181d4b7debcc3eb7f0611d8baa41ec19397e8
train,2140,RLVS,,0,non_violence,NonViolence/NV_217.mp4,513328,5b298a641991b20283c4b0cc2c725425ebd89f3cacfbf208aba92dfc0927558a
train,2141,RLVS,,0,non_violence,NonViolence/NV_757.mp4,333583,6e7d9a8236db3c8f1a9f6425f1b360fc7e5db5b4253e8f3784d51a62a93bf4e1
train,2142,RLVS,,0,non_violence,NonViolence/NV_711.mp4,824558,35e56d793f877b9a02c35370358a4ce543701c9a9d7518d5f15cd66159a409c7
train,2143,RWF-2000,,1,violence,train/Fight/rwf_train_fight_0414.avi,3668822,6f046fe713c49c967fa1ca2348c9b547db7dfc5f9b686c807d1866480ac4a1dc
train,2144,RLVS,,1,violence,Violence/V_666.mp4,825747,4491db1bc2adaf754c8f9cd377ef3b91326f3758afc6ba0e81bf71464ea616dc
train,2145,RWF-2000,,1,violence,train/Fight/rwf_train_fight_0307.avi,17457388,a08d7474918124744a8e68a2ab38298df82c15544ae1d2130d051490c86c2fb3
train,2146,RWF-2000,,1,violence,val/Fight/rwf_val_fight_0173.avi,8541928,42a212f60c2020ddabfa41bff7cd738955af9466d8f0b8ead81b0f28297419f7
train,2147,RLVS,,1,violence,Violence/V_316.mp4,1898525,0743781dbb52820746a9d50c14f9d2248aa5a2e23ac2ed8b24d266c890e0f75a
train,2148,RLVS,,1,violence,Violence/V_707.mp4,603177,f59484f3f18ca05e07cfd50371a0ddf61d974cb639b5ab4a83fe773ab16464ee
train,2149,RLVS,,1,violence,Violence/V_21.mp4,1338882,58e639729ee609468a5ea1509d2ca15689a6ef9d582b0c9f78b87017cd7b617c
train,2150,RLVS,,1,violence,Violence/V_521.mp4,412208,418cb0899d5c75edd3844afa60c9ae8a73898d87486749e4037386f2a4db3f26
train,2151,RWF-2000,,1,violence,train/Fight/rwf_train_fight_0298.avi,1981648,03de51e19b905414e179157508d546fdc4d8af049709ed4bcedb8e1febca2565
train,2152,RWF-2000,,0,non_violence,val/NonFight/rwf_val_nonfight_0081.avi,6721130,8a8024fb55f6f6423d61f78216720ead71d33bdb2447e9f482f564a1c40cf533
train,2153,RLVS,,1,violence,Violence/V_23.mp4,717499,ddd852b89a132dfb92a2f0b1248ac47fe9c841e28bff1cd45b326287fabcafcd
train,2154,RLVS,,1,violence,Violence/V_322.mp4,2564766,f796bf4eed93c1ffd901618b961dea014eace96cf88cc4ed79f12e7d356c5591
train,2155,RWF-2000,,0,non_violence,train/NonFight/rwf_train_nonfight_0668.avi,3044688,2e5753bfd290c3cad46b02fa526235cf3616d0e2113b628de9814d8cb2466596
train,2156,RLVS,,1,violence,Violence/V_456.mp4,972157,df7eace1a36de0d70488125f0acf9c7960194f271b4aa951e72a74d9930acace
train,2157,RLVS,,1,violence,Violence/V_236.mp4,2568882,f09f96a5758717f4c328952c55a9bb8c523215464a631b8b7b977647aab57b9f
train,2158,RWF-2000,,0,non_violence,train/NonFight/rwf_train_nonfight_0645.avi,2492958,3482614dcb36ab40568f3eaaf1421e8698cf43a95a54cf9a774dec8d012d849d
train,2159,RWF-2000,,0,non_violence,val/NonFight/rwf_val_nonfight_0164.avi,2447586,06db17cb8d4a4225582c665e3167ac49706e530bf13ee3f228b488b71ceaa904
train,2160,RWF-2000,,1,violence,val/Fight/rwf_val_fight_0130.avi,8494604,5c6932c16d9cbe3b9c1d235a545b7520c851ac265cf91c518e41db2356248d2b
train,2161,RWF-2000,,0,non_violence,train/NonFight/rwf_train_nonfight_0580.avi,2822940,2163b8093fe5bad99ac2049511113be936753670c3780a3a527cce91af37a1fc
train,2162,RWF-2000,,1,violence,train/Fight/rwf_train_fight_0643.avi,5499472,bc918e9e7b78ba73120cce89979d5436182cab171b3b2369072d4d4da0b7cc87
train,2163,RLVS,,0,non_violence,NonViolence/NV_920.mp4,677796,c1e8e25c0a9b567d5913ce89cec14b161976772dd00a0db4aa01ad1ed2638262
train,2164,RWF-2000,,1,violence,train/Fight/rwf_train_fight_0399.avi,2785236,f4c77d72c01ca3178424a0e06a2b04a00ddca9df77016665dd50b40cff6e580f
train,2165,RWF-2000,,0,non_violence,train/NonFight/rwf_train_nonfight_0796.avi,1712318,743b175141a1080ebe49fc73c6ef9ab1e38753b88f4fa5bfec634f2dfe29924e
train,2166,RLVS,,1,violence,Violence/V_720.mp4,445210,7ea49e778094e13f8ecccffd8dfa44579debd834443310056e938f8327610bc9
train,2167,RLVS,,0,non_violence,NonViolence/NV_835.mp4,736089,764c5a897c725f1d0513a257395323144a2ac5fa34a312751138ebad98adc646
train,2168,RWF-2000,,0,non_violence,train/NonFight/rwf_train_nonfight_0425.avi,4774968,afe9a23f0e7f49f9d9442a081ae755b57eece8ea083bbfdc1a9986944261f52b
train,2169,RWF-2000,,0,non_violence,train/NonFight/rwf_train_nonfight_0737.avi,2485974,9b88cc6ea46867593e73185781241f1037b7d092e6d777ff3b2c708d4866e0c4
train,2170,RWF-2000,,0,non_violence,train/NonFight/rwf_train_nonfight_0712.avi,2753848,6208eec16242d59194e71e9973996afe8ddd21ae8548cf969785c6faa40f7d4c
train,2171,RLVS,,0,non_violence,NonViolence/NV_146.mp4,557424,b5dfc327a53fcf8151f822608a1fda6f41a7c3b4f427998a9c4893b601ce0229
train,2172,RLVS,,1,violence,Violence/V_294.mp4,3049990,1a4a31252a24d2a1152b53f354346913ba929aaefbe628a30b433544f46be0c2
train,2173,RWF-2000,,0,non_violence,train/NonFight/rwf_train_nonfight_0460.avi,10255696,410b6768f40e3731e9d9de436b54aede35a697e8bba8a8b646bc6371ac55c7b2
train,2174,RLVS,,0,non_violence,NonViolence/NV_281.mp4,861162,fa44d5b097fec174bcd112a7c6347dba6694af489af1f70b026d3a51771fbfe8
train,2175,RWF-2000,,0,non_violence,train/NonFight/rwf_train_nonfight_0495.avi,2808032,a69ea20ef1a7586535369431218250d6cac398bd37d6ee22ae1dbab9b28ed16e
train,2176,RLVS,,0,non_violence,NonViolence/NV_778.mp4,1211441,2fbfb478b96d4513c74b893b15120eb47a7e481b17d4b9479474bda85d899b2e
train,2177,RWF-2000,,1,violence,val/Fight/rwf_val_fight_0099.avi,3911422,a231aee86c1295ad34fbc78259bf1243bffa5af35feee17068d60c08fac25734
train,2178,RWF-2000,,0,non_violence,train/NonFight/rwf_train_nonfight_0578.avi,11650062,ef3a5c4bd22043159ac7aeeca6a132843fd9a9a6c458310995cfb82fa16f62b0
train,2179,RWF-2000,,1,violence,train/Fight/rwf_train_fight_0485.avi,10730146,b52c4d129fe6a4f04a326847fa80b7b686c2aab5d3843aa04fadcc931bde8d7f
train,2180,RLVS,,0,non_violence,NonViolence/NV_957.mp4,568266,60d86adf640eeb35efe3f97b1c66ac0ffcfd5244e7e6508c220a4f71a3e2fe70
train,2181,RLVS,,1,violence,Violence/V_829.mp4,838859,abcc1e332a8bea65afc96e6893461f3b42d91f7f75607e064c929452d31b48d0
train,2182,RWF-2000,,0,non_violence,val/NonFight/rwf_val_nonfight_0166.avi,2165284,4f6ad9829d6a263973ad741cc7fe52974da6d130ed61e3a916d2ea917e9e06b3
train,2183,RLVS,,1,violence,Violence/V_60.mp4,269204,e98bd23b16e8dc66673eb3349dab6e454073c2b6733f6bc14f0c078e012588fa
train,2184,RWF-2000,,1,violence,train/Fight/rwf_train_fight_0621.avi,2576354,ebde707a92fb81a043486ef8d1e964d7599b1d32eb19197167ac21d7efa68496
train,2185,RWF-2000,,1,violence,train/Fight/rwf_train_fight_0555.avi,5536288,ada179550951b0abab803be658d4b487d680c625067ff8824a578d47abc34458
train,2186,RLVS,,0,non_violence,NonViolence/NV_938.mp4,286246,a7507de2b5629cb32cefda8dc025ce5cb263f7f50f82e878776bad3c1e0079af
train,2187,RLVS,,0,non_violence,NonViolence/NV_739.mp4,752363,78d8edf8d49e1e09dab813f398154676557dc9da407ac554109c9e706696b152
train,2188,RWF-2000,,1,violence,train/Fight/rwf_train_fight_0751.avi,1874140,a0ab89e6afabfb47bd7887b08b2f02495bd2c1fbf9733e2467f71761af5f68e5
train,2189,RWF-2000,,0,non_violence,train/NonFight/rwf_train_nonfight_0334.avi,5963054,7ad43e5a20a6307573aa7290cf0e48cca22048e254b072f6486af541d84e9dda
train,2190,RLVS,,1,violence,Violence/V_110.mp4,349431,6bda2dbf027d9cfaf81552d35500114cb7ff12f94a93fce5974c31c237f209ee
train,2191,RLVS,,0,non_violence,NonViolence/NV_135.mp4,684888,d606afd67c751fb51fd726dea8e331a14b5e9778d0cc63282b23eed4f968e605
train,2192,RLVS,,1,violence,Violence/V_459.mp4,783843,26e1baf66798d484835d9ef89a0decbba25e4acf5d42d93caf61ad182cfa384b
train,2193,RLVS,,1,violence,Violence/V_307.mp4,3186520,dfd45fc7d72bb339c5ba0a54b27b5e0f057145d059ca19fc0ac58a6ade980066
train,2194,RLVS,,1,violence,Violence/V_577.mp4,732441,77ddee2a17abbf5f3cac7c7f20ee947c8bfb238e3cfd97cf8e5e4006717546ab
train,2195,RLVS,,0,non_violence,NonViolence/NV_314.mp4,296328,76b85fd8d92b35593010bdec2f1faa49b635c5fdb14fa9e46fc5414d9e40f68c
train,2196,RLVS,,1,violence,Violence/V_866.mp4,926866,2659f7e9aa05ee01d107b23285f20651a5836361a927fbe578b4c7131e201b95
train,2197,RLVS,,0,non_violence,NonViolence/NV_747.mp4,369681,53a673c771cf0a8ed5ee504936e1745bf247cb96cea5f99a6b7ec8fc671ca762
train,2198,RWF-2000,,0,non_violence,train/NonFight/rwf_train_nonfight_0044.avi,2021470,972798f66ae9bd1dc84dda46b03c8add80dd0f0c3858643ce539ba91783a8001
train,2199,RWF-2000,,1,violence,val/Fight/rwf_val_fight_0090.avi,3805156,2bffb6dd79c0831b11bdd8ec8e93c755d343a94db6a64e1ffeb76d41fc7ecff9
train,2200,RLVS,,0,non_violence,NonViolence/NV_969.mp4,1364567,95a2048b613b67396d3cf35ddc50d9b73337ae5571abaed85d760bbbce092a85
train,2201,RWF-2000,,1,violence,val/Fight/rwf_val_fight_0121.avi,18971866,8951091633a4732d09203808df7d4ba2e2e5ccca96fb2440d0e456056c83e0f3
train,2202,RWF-2000,,0,non_violence,train/NonFight/rwf_train_nonfight_0224.avi,2845630,0f940ba62ca81f1e6f7790d101d52022312f6c803ac4765522cc1d81bff6d3ff
train,2203,RWF-2000,,1,violence,train/Fight/rwf_train_fight_0048.avi,2258712,726e52e3f4dbc5f3e5ac58fea68127b91496d850ebc026308a9512fff9c9d27c
train,2204,RLVS,,1,violence,Violence/V_471.mp4,443394,e05a0ec90cb5002742fcf17156305cdb1b6f3ca8d8c4bb630618c6e97a5e612c
train,2205,RLVS,,0,non_violence,NonViolence/NV_900.avi,947572,fb4bf872e8d9432b8d73d200f0c176c167150214e46fa79c290afb5e94918c55
train,2206,RLVS,,0,non_violence,NonViolence/NV_80.mp4,550782,6140e318e5f8ccf624f398390c238cf479b38f855eb46a45929f7e2117983ccf
train,2207,RWF-2000,,0,non_violence,train/NonFight/rwf_train_nonfight_0046.avi,3047120,143d75cd6f6f459b0caaf08ad29837a4db7b6e32ae67a75b808ef2f65ae5c968
train,2208,RWF-2000,,1,violence,train/Fight/rwf_train_fight_0743.avi,2283682,392d06e82a2ae0cf601d93f5e95bea8cb5cb4c42fa78412441110b0aa4076c69
train,2209,RLVS,,0,non_violence,NonViolence/NV_930.mp4,784084,ba9c89f4bf47b8c2399545311d4b78f1603917b084181d8c345bdcef234789c3
train,2210,RLVS,,1,violence,Violence/V_146.mp4,1020692,133d6d6717b3291af7ef05caaa8fdffb97522915dc090d9679ee7259258a4836
train,2211,RWF-2000,,0,non_violence,val/NonFight/rwf_val_nonfight_0078.avi,2909874,36fe3a747f54687a976065451a5e8377ea39a833ed1ac39c3a1d3fbcaf7c73b0
train,2212,RWF-2000,,1,violence,train/Fight/rwf_train_fight_0023.avi,9404860,961c8db517617e2b92ac68c436ad5547b2252e2004af1792bed96040bc000c20
train,2213,RLVS,,1,violence,Violence/V_388.mp4,1784711,d13390f0c5e06287a4c1e0601248391ab79f1ec5ccf29842c1ca05041bfd463c
train,2214,RLVS,,0,non_violence,NonViolence/NV_440.mp4,144029,5211058c8fb43a08d6bd9c4d16128129693958737dc1c480cbdaacd8766dbe24
train,2215,RLVS,,0,non_violence,NonViolence/NV_4.mp4,1465159,fbcc259d385381c3fab143c93238f2d9443baafc9093205189e2b844f91e3b7f
train,2216,RLVS,,1,violence,Violence/V_44.mp4,406384,5e0790eeb1f8a8ba114c988f17ac5e0fcac02ef34e961e4c1f18549f507fd1d5
train,2217,RWF-2000,,1,violence,train/Fight/rwf_train_fight_0082.avi,1739510,5b4de7d415634dc8218cdade58a519934f559d8b90dad8ebc9a0dea5f7fa3ed0
train,2218,RLVS,,1,violence,Violence/V_536.mp4,1082156,f6dda0abd403033866ec770fff44f227f8e781f76f89376b38262f27e1ce3abd
train,2219,RWF-2000,,1,violence,train/Fight/rwf_train_fight_0343.avi,19269374,f3a9b066cfc990c2614eb77d750f4368a01ac2c0bff6ec3e0809c22da050161e
train,2220,RWF-2000,,1,violence,train/Fight/rwf_train_fight_0717.avi,3037738,e1dbeff64700b872833e9d1ef0175c9488c36b09eaa1e089964d417cb30f8606
train,2221,RLVS,,0,non_violence,NonViolence/NV_905.avi,810204,b3545c6e4b6cd2e4c32c9b9d433bd936e20c7b69951e56d1b74b6f25c97fe401
train,2222,RWF-2000,,1,violence,train/Fight/rwf_train_fight_0045.avi,2593584,284278ed7927038a5f7f31bc1d32a3c8380b01d2b458fb3db7fa516d6a9e3eea
train,2223,RLVS,,0,non_violence,NonViolence/NV_517.mp4,586518,03e94f6b06894045b5c1e28dab0e8ed1ac2bb0cf3a2894f04410500f9f9de7d2
train,2224,RLVS,,0,non_violence,NonViolence/NV_1.mp4,7982710,dc12a32b655938561b38f0bae13bc45921322d6a03d8bd57764c085814e037b7
train,2225,RWF-2000,,1,violence,val/Fight/rwf_val_fight_0141.avi,2057310,6abe994cd9d8fe382fcc9d58c9b8266a51bd5e49155527ac5fe493c33121510c
train,2226,RLVS,,1,violence,Violence/V_399.mp4,174509,5e68d2edf808f3ae029ce7290f2c4b4284f41e0c9f2201cb476673e2bf2e67e2
train,2227,RLVS,,0,non_violence,NonViolence/NV_490.mp4,368836,302237786ee6286ed4d635118d4e1ee32f84e19f7b1b1d35578f26cb5600682c
train,2228,RLVS,,1,violence,Violence/V_149.mp4,475210,5aec61416cd315264408d9f52fb25e14bdfc9885b61eae39b59cfdfa00ae080e
train,2229,RLVS,,1,violence,Violence/V_827.mp4,807920,1bf07cf4d46a92248310aa2311271ebd2e9aee13197689c3f5cfcb3a3b4607f3
train,2230,RLVS,,0,non_violence,NonViolence/NV_23.mp4,1965231,38ad3cf72d2efab688c448a8e6b97ed33b960daf445f4f76738df88a360c6877
train,2231,RWF-2000,,0,non_violence,train/NonFight/rwf_train_nonfight_0134.avi,3535280,677984c5a7bc85d61007e8142b863d96dcbef23d7c216b440e9a7c5e0e708d31
train,2232,RLVS,,0,non_violence,NonViolence/NV_30.mp4,1506875,e0458f61d747a2d7f360c06186c2d4900d65135bfc8652d3acec1b14addcd515
train,2233,RLVS,,0,non_violence,NonViolence/NV_731.mp4,275964,889d66f825dd78c0780073b9a167072f777855d9e55c999c12d8cc2c07b669ff
train,2234,RLVS,,0,non_violence,NonViolence/NV_667.mp4,336194,7a317643dafba51f262745926229654980e92178007ddc8e03e0fe46b8f687dc
train,2235,RLVS,,0,non_violence,NonViolence/NV_792.mp4,1348231,1541d013c0749a0641623ebd61f85a4cbcf01669573d49d98b97b5a7ccbfc49b
train,2236,RLVS,,1,violence,Violence/V_515.mp4,299832,fc09ebb8f2f53f7e0fe7b3308ab5c8467abdd463d5a5e2a794a99542324c77f8
train,2237,RWF-2000,,1,violence,val/Fight/rwf_val_fight_0048.avi,12224742,798b578e60f2827eb039de641074095dbc63246ba7e0ec100554ee50d277c984
train,2238,RWF-2000,,0,non_violence,train/NonFight/rwf_train_nonfight_0562.avi,3854304,e68300818600604aba2668fec2c4f3f61c2a0879dd4a1113616323914f4c4af5
train,2239,RLVS,,0,non_violence,NonViolence/NV_202.mp4,659955,eee9455f97c602195d4ac88bf04308430d5b62a48b7fd6d06192ee9c30ce4464
train,2240,RWF-2000,,0,non_violence,train/NonFight/rwf_train_nonfight_0397.avi,2502862,3db50300e164c02f351ee4666365abbc7fc43e9682bd7a31730abe27834e5597
train,2241,RLVS,,0,non_violence,NonViolence/NV_187.mp4,600274,b338440706c2b38a5a9c50c3d010a55eaeaf1e254bb5941bb6a590608ac7d6dd
train,2242,RLVS,,1,violence,Violence/V_455.mp4,1395929,b36d31a2d06c0fdc25fd6c9b6c4f35e366318f68b9b4f349fa5c50ca968dd2ef
train,2243,RWF-2000,,0,non_violence,val/NonFight/rwf_val_nonfight_0150.avi,1451230,8f4a7f3fb13d13c456fecdea638e173c42d83c08ec3611495f706725e9429c74
train,2244,RWF-2000,,1,violence,train/Fight/rwf_train_fight_0217.avi,7088926,09c23802591353de2d7c4121248dde7001f55d5e769cbf5508def2ddc4395762
train,2245,RLVS,,1,violence,Violence/V_782.mp4,1198267,bea009c228e0bd613a0cf41117958f828047c6ce433baa06fe847297defc92a1
train,2246,RWF-2000,,1,violence,val/Fight/rwf_val_fight_0169.avi,8295894,dcae560faef2143271bc80c308cab117c5dda30d6107612295995f6139df97e2
train,2247,RWF-2000,,1,violence,train/Fight/rwf_train_fight_0450.avi,3683134,248e8cbaf2c017e2003ea43655523454b432440fb9a075db79d0b86f713bc27b
train,2248,RWF-2000,,0,non_violence,train/NonFight/rwf_train_nonfight_0113.avi,22219548,753ab1e952a52f4b1cf6a2281a4025504c264bd843708629d2e8d44504f8f622
train,2249,RWF-2000,,1,violence,val/Fight/rwf_val_fight_0091.avi,3804772,b508959be1be7317eb0d944cf051b035d583df3b2f92a98e312c60a654272936
train,2250,RWF-2000,,0,non_violence,train/NonFight/rwf_train_nonfight_0663.avi,3065340,f8c15917ddcdfd0b6a9a9173c238f8a248d2c8b4217881b3c318a3d8fdca4a93
train,2251,RLVS,,1,violence,Violence/V_873.mp4,1186159,b79723afbb4fb2c440a34d4243d676f265d6d66dabe680d169e688464ad80714
train,2252,RLVS,,1,violence,Violence/V_268.mp4,315264,e01d52437a0f150ad7a010c5648173e3feff73eea0c420ac188e06afa36802ab
train,2253,RLVS,,0,non_violence,NonViolence/NV_175.mp4,306472,0a592b9583210b0432eb7b32e2943e295daefc7c5df8857d8baba96f09fe6b4c
train,2254,RLVS,,1,violence,Violence/V_713.mp4,807418,22e3c833557f809ed9faadc5c6aac1991236a6d4ce2ce865a2f562fc31fc44a0
train,2255,RWF-2000,,0,non_violence,train/NonFight/rwf_train_nonfight_0325.avi,2289424,88e630edf418bd5c180983d4f08262d5b1fc6771be78ae85365dfa2f9f47e419
train,2256,RLVS,,1,violence,Violence/V_141.mp4,487934,dc46ad44b855009408a0ee4db1596907f94c1cd701532995d76260a6af7b8741
train,2257,RWF-2000,,0,non_violence,train/NonFight/rwf_train_nonfight_0049.avi,2532642,62fdf8079a44e4cb336917f7c93a9f91b6770154a5e41665178f8d94a2a438e2
train,2258,RWF-2000,,0,non_violence,train/NonFight/rwf_train_nonfight_0733.avi,2211120,b5d61fbbfe47dbb11a3c33bef3fc4c62fba0d5f4b516010b77275af3dce75867
train,2259,RLVS,,1,violence,Violence/V_789.mp4,32351884,381ef77badd66fdfd6574c4a942f4e7e7a367ba5dc058b63b61376055cfe6cc3
train,2260,RLVS,,0,non_violence,NonViolence/NV_850.mp4,925317,372037f3afddb16d41c8127f7720ae8f7dd44657844de37347600caa9101461b
train,2261,RWF-2000,,1,violence,train/Fight/rwf_train_fight_0263.avi,1046420,7816e68feb761454eca0eb83303f8269413dd61a6f141115ca697492974f67e9
train,2262,RWF-2000,,0,non_violence,train/NonFight/rwf_train_nonfight_0630.avi,4502526,81227e913df7968fa333aa5d8add386233b5f7d3d501a78e54e8f4bfe303885f
train,2263,RWF-2000,,1,violence,val/Fight/rwf_val_fight_0177.avi,5981110,8948104c620c36e25a73f3f7008bbb6547eecbb5fd01e431858c03bc917f8580
train,2264,RWF-2000,,0,non_violence,train/NonFight/rwf_train_nonfight_0536.avi,2918580,e3f022d6ac5f0f3fd62482d874c6cde5095013ae5275d5f74b6fdc37002b8364
train,2265,RWF-2000,,1,violence,train/Fight/rwf_train_fight_0521.avi,9509724,23b2da4c38de51129a9cfc412a3d995107b946850e52fef43e4a278ea89a68b5
train,2266,RWF-2000,,1,violence,train/Fight/rwf_train_fight_0056.avi,3217468,23b21c48de48d813c651f794867f81f1c31e115294ad2c2f6665e59b86b86403
train,2267,RLVS,,1,violence,Violence/V_566.mp4,1947873,4af9909ecfb3c25474a9a6b6d2bcb101e65a9a50252f5ad05836190a218c1fa7
train,2268,RWF-2000,,1,violence,train/Fight/rwf_train_fight_0764.avi,1486864,333d7e71fe4b9571601641e2688310cf80f8060f14856fea8fd847ed4818fa8b
train,2269,RWF-2000,,1,violence,train/Fight/rwf_train_fight_0494.avi,6289272,cd3abeb93815cb0d34d8efd3b24ce2e4ac9a1894da3a550453a15d5f7ed11f82
train,2270,RLVS,,0,non_violence,NonViolence/NV_162.mp4,622472,af30d599a669f8b08615dbfad88e21dda4a47acba4bb1b7ea70299aa860b0636
train,2271,RLVS,,1,violence,Violence/V_880.mp4,283691,1fda4973ef2af7e02bc62743c30c7d5a2e3177d1a1f820f3aa21240fb5dd0ea5
train,2272,RLVS,,0,non_violence,NonViolence/NV_949.mp4,1084177,a948ff5c7762e1c1cdf8d4117f55b3f19053063c2cdf989d54703e411b173415
train,2273,RLVS,,1,violence,Violence/V_1000.mp4,263006,41142ab86a7e0d07be1af1a9d359430d1eb4f4cd7e968811ea02f2d4ffd78526
train,2274,RLVS,,0,non_violence,NonViolence/NV_943.mp4,940748,027f9ed19708e326b2c453ab1100c64caad4d806769164724be8e752255efe17
train,2275,RWF-2000,,0,non_violence,train/NonFight/rwf_train_nonfight_0422.avi,2975248,13bc2b019743fa160e57488eb84aec541774cf528721b573d109c47c715e8de9
train,2276,RWF-2000,,1,violence,val/Fight/rwf_val_fight_0041.avi,2244368,f5e337ce1954828ea757a2cbce77ce6a87092414e131e300f449232ab4107202
train,2277,RWF-2000,,0,non_violence,train/NonFight/rwf_train_nonfight_0614.avi,3113514,24565126972e82272db67e14a021712d017af49d1e133cd8761b7fedfa413ddb
train,2278,RLVS,,0,non_violence,NonViolence/NV_460.mp4,503089,5910bc4cf6d77319ad62513ab3e0f195dded0c0f82eddf99d86fcfa0807ea281
train,2279,RWF-2000,,1,violence,train/Fight/rwf_train_fight_0760.avi,2291222,8817ea8465cc9934ff85098c7a3be250c029c120960f0d6aa788b420baad864f
train,2280,RWF-2000,,0,non_violence,train/NonFight/rwf_train_nonfight_0287.avi,1523450,14b33ec423c2474c32a91fac08fc5d4ee3e86d79de1dbc3d32b67a61b103359a
train,2281,RLVS,,1,violence,Violence/V_327.mp4,1574219,4154bab2d942ac14f96004f15c651498c32e7c45a1a030a17fb0509cf6f8b61e
train,2282,RWF-2000,,1,violence,train/Fight/rwf_train_fight_0212.avi,9833576,5125ae14639a94823457d5702a955594482f5f64852e19908a39f20344626b7f
train,2283,RLVS,,0,non_violence,NonViolence/NV_730.mp4,281320,cc0ba048022cd3f8cceb2e20fdaa894b84a985fe784c9e9ae83fc151c0997ea2
train,2284,RWF-2000,,0,non_violence,train/NonFight/rwf_train_nonfight_0763.avi,10274484,f79ebf8d15ab41a57d29893d299e3def35e858c7fc3e7e379a6deb51a646b2c0
train,2285,RLVS,,0,non_violence,NonViolence/NV_776.mp4,860034,020fd35562dae243711559231a3cbb862dace610533cd8ed1184c5c132c31e03
train,2286,RLVS,,1,violence,Violence/V_349.mp4,516869,152d06304eac6458edeb2e74640e3c276401b65e8479a2bbc4ff33ddc7b3a1c6
train,2287,RLVS,,1,violence,Violence/V_622.mp4,1689026,3c2cd1e6b78efbf54477f662d122a9d9e39d98edef6afd4b33b9efb370aad648
train,2288,RLVS,,0,non_violence,NonViolence/NV_562.mp4,653935,846c5f23674600e7e79aa593108d304128115769fcf37df3f99e8a52032ebfa8
train,2289,RLVS,,1,violence,Violence/V_81.mp4,587909,cbcf53a074515dac2c4d99a305be03fb1a12b647a012979df838c7f2cb8ed6ce
train,2290,RLVS,,0,non_violence,NonViolence/NV_840.mp4,638973,e3871c28eac24128010886db8f813aba619a47a5e4e6f13f9a3390aa472837db
train,2291,RWF-2000,,0,non_violence,train/NonFight/rwf_train_nonfight_0078.avi,2006428,9f0c567764c4373cb1511ddda44af91fdc01a7a2ca0023446258080fb6fa3c88
train,2292,RLVS,,1,violence,Violence/V_920.mp4,285324,60e5269ee603d9f60ec8cd49013f22f799461ed512b24d4197bb34c78eb96503
train,2293,RLVS,,0,non_violence,NonViolence/NV_548.mp4,660300,716464bf79df6fa053d430ac3ca273230b56435b284fa9c98ae2d50b9497a8f5
train,2294,RLVS,,0,non_violence,NonViolence/NV_706.mp4,516564,7ea5da87d6cda1a1c368e75662c450d0520b7827f91b6e0752d0e59c12126a90
train,2295,RWF-2000,,0,non_violence,train/NonFight/rwf_train_nonfight_0001.avi,2561402,17bdf70befa22f5b7473d278823f3fbb81af263521d2591ef910ca5623800ea5
train,2296,RWF-2000,,0,non_violence,val/NonFight/rwf_val_nonfight_0052.avi,4496398,a6cb98272b7afebaebb110493bd42959f25298b79683e6ac768324a89b91269f
train,2297,RLVS,,0,non_violence,NonViolence/NV_796.mp4,1198162,183958027c72c1ae081be90536cf503ca36648a9114577edb1415795fcccca21
train,2298,RWF-2000,,1,violence,val/Fight/rwf_val_fight_0187.avi,3601544,e720c28177bc09153962c243596675dc20b259116e671f4ad9efcda34632a977
train,2299,RWF-2000,,0,non_violence,train/NonFight/rwf_train_nonfight_0071.avi,2431068,961e50c0e08d60751610037727aa09fa4258c2f2be30c6e98644e2b2678db001
train,2300,RWF-2000,,1,violence,train/Fight/rwf_train_fight_0492.avi,17757630,1e077f7d7963f6014f645e3d56be010fc863b936a666161688120cdc9eb1f356
train,2301,RWF-2000,,0,non_violence,train/NonFight/rwf_train_nonfight_0695.avi,3381270,05414b6a92b3efb8988412f30236b1113d6c323686a14c5404051a628dba19f4
train,2302,RLVS,,1,violence,Violence/V_718.mp4,462182,2f787825c1a6dfce2bc5d63827e612068a5d32bc2fb65e2d7443b1ab54f2623c
train,2303,RLVS,,1,violence,Violence/V_661.mp4,764821,c6c5425b5204f5d406220fb5198e7f19f2de0369c1c7d7bb14b5b6408b2e629e
train,2304,RWF-2000,,0,non_violence,train/NonFight/rwf_train_nonfight_0741.avi,2931924,6cd85bb711baaf67159f876168ff78271bb9e1c387d47a21ebdf0ddd71580af4
train,2305,RLVS,,1,violence,Violence/V_22.mp4,667267,d1a007b5e1644dce4ec50ae497d0ef7fb0985b370614c89c157220770f974903
train,2306,RWF-2000,,0,non_violence,train/NonFight/rwf_train_nonfight_0545.avi,10799188,c73da3967300306cd8dd033b34c17f5de23f2ac3afefbff9794a46fac329731e
train,2307,RWF-2000,,0,non_violence,train/NonFight/rwf_train_nonfight_0730.avi,2187192,44c5e2afe629e65e07015def94adaa6d11372d4351839f1183c3dfd9fd9f8fad
train,2308,RLVS,,1,violence,Violence/V_395.mp4,448812,7289ea73849ab97d7109e479d8a3f72b716d5b034d2302564e1d60dd45655e36
train,2309,RLVS,,0,non_violence,NonViolence/NV_315.mp4,370519,30b63344aa8645526e38c8d49cf356cba0425a7fa2852a197db1b01f8533c5fa
train,2310,RLVS,,0,non_violence,NonViolence/NV_49.mp4,924242,16aaac00fe7bb27b29346abcdaa5af25e47639d88ad579a858c74fc25b9f58f3
train,2311,RLVS,,0,non_violence,NonViolence/NV_428.mp4,160503,98f5dbf95286018db9e3834c6389861a2f84d6d110add4abc2402c7b81b27690
train,2312,RWF-2000,,1,violence,train/Fight/rwf_train_fight_0258.avi,4569718,59da6c7b88fdc187dc43b550394458cfe44c704a701764c51c97ba88e1d0a466
train,2313,RLVS,,0,non_violence,NonViolence/NV_193.mp4,460538,eb4f4e903bdcebe2397b4d754ff3c56619293459c759cea79a2188d6fe001d62
train,2314,RLVS,,1,violence,Violence/V_927.mp4,364923,12276920981c0eaea6bbe202678e15ecff2a248344f6d55e27e5308b3994a5eb
train,2315,RWF-2000,,0,non_violence,train/NonFight/rwf_train_nonfight_0468.avi,3041918,97633697144bde3df17f5105d472b562af867a5980c8a7a978ac64fefd498552
train,2316,RLVS,,0,non_violence,NonViolence/NV_195.mp4,849838,5aded0714912f69d013a9c398308c9bb65fb48ee14f77289197e8e82e941a5e1
train,2317,RLVS,,1,violence,Violence/V_998.mp4,288258,b52008a42cf17b9f09059cfd9bf3e348b0c08cbe762fb793190682b31365fe12
train,2318,RWF-2000,,0,non_violence,train/NonFight/rwf_train_nonfight_0548.avi,19900696,0aa2a0d2b946cd6458666565022743d66d2e69d47121ae8b98a24394bdacf664
train,2319,RLVS,,0,non_violence,NonViolence/NV_255.mp4,448882,7cf146dc66bc64c32082f10d842ffaad2ed283e1b9f11137683281bb5d3bb21f
train,2320,RWF-2000,,0,non_violence,val/NonFight/rwf_val_nonfight_0143.avi,7064644,4b96cd026608baa4bf7a3d6459eda7f81afe8a6dcd142a25db1997774d19e6db
train,2321,RWF-2000,,1,violence,train/Fight/rwf_train_fight_0235.avi,1538926,f0209755d9899265f280917d1300b1bff0380f67fec24030e87d3b6e4eee804b
train,2322,RLVS,,0,non_violence,NonViolence/NV_721.mp4,1664412,474c39d6994073dff9547aa4fa337d0f61c5d930d8e445f5ce0a4fe25f59106f
train,2323,RLVS,,1,violence,Violence/V_776.mp4,1614230,4b77b688d9f6c3c0e81cc925fa0a809da8f1b879f74e7e2181314116927e5c0f
train,2324,RLVS,,0,non_violence,NonViolence/NV_22.mp4,1418206,f62fdad02ecac95ac6c0c3a22d54d735ad39982fcde8355e2a3a1af95ea6fe54
train,2325,RWF-2000,,1,violence,train/Fight/rwf_train_fight_0164.avi,16183636,6f92d379635f3996d3e7230aacca7f842a7dbed8c381b3a9e2656ff1991f3810
train,2326,RWF-2000,,1,violence,train/Fight/rwf_train_fight_0615.avi,2404380,1bfaa0d2111e9a2ff4824320f75b2f7cdcdadae6e2b90f3c5f60cc2c7366241f
train,2327,RLVS,,0,non_violence,NonViolence/NV_524.mp4,600085,cc0580b39b206ebae8b03ba8441d2c9dfc60b7d412bd5c8fb4d59dfea3ebf41b
train,2328,RLVS,,0,non_violence,NonViolence/NV_256.mp4,601312,a8e4de5a6b96ed410e6ad972dabd044e4e4cb22c2034f606ac916a1f7a1271f5
train,2329,RLVS,,1,violence,Violence/V_84.mp4,350733,d16954c46a4b16afc1af9f4bd0669d5ff146ca388a3f2a9096373ed77e7d53de
train,2330,RLVS,,0,non_violence,NonViolence/NV_880.avi,490322,f59e2469f502fcc98a636c3c7d8012fdae07e80c61443c0af2cf81c791207629
train,2331,RWF-2000,,1,violence,train/Fight/rwf_train_fight_0772.avi,1354928,68f819db955670418472424d8cdaf44b9ccbf0b70029edcdd7d1437367909a67
train,2332,RLVS,,1,violence,Violence/V_802.mp4,814207,2a06684c0a2db119c4402ed728c0a88ba7872a47f0c333207e6052b1cc15ea2e
train,2333,RWF-2000,,0,non_violence,train/NonFight/rwf_train_nonfight_0757.avi,2443290,ced2b4a641fe983e530b1ec051fe04a067407966a57ab9c0903987145d0fc443
train,2334,RWF-2000,,1,violence,train/Fight/rwf_train_fight_0671.avi,3346340,a6177553e4522c7dbb2abb647c7f00f809111028f680cb108e8c6488736c6398
train,2335,RWF-2000,,0,non_violence,train/NonFight/rwf_train_nonfight_0306.avi,2933296,734659b54c733d9ab2c9299a8eb564a8de62b1f6aea73d3fac44115914ef6947
train,2336,RLVS,,1,violence,Violence/V_386.mp4,2179668,64f528a9dbd0e1f0ccf8d5fd205ac11ab049c7b55c761898a43278ef96614864
train,2337,RLVS,,0,non_violence,NonViolence/NV_491.mp4,338288,a1c27b8cb975f5e720ebc7eef5c149da26b5c005a5df8d893f6e66cea793309c
train,2338,RWF-2000,,0,non_violence,train/NonFight/rwf_train_nonfight_0161.avi,13007274,00d83465bef449534f11689c36a8347563e09710c3e23cc1617ece414207b29d
train,2339,RWF-2000,,0,non_violence,val/NonFight/rwf_val_nonfight_0159.avi,5719992,e36428b5a006913caf5dacb2a592cf08b6b40ac0fad6fdfd6c2702b5af9ad65a
train,2340,RLVS,,0,non_violence,NonViolence/NV_755.mp4,287824,8885430a5fded2c1551ea46f27f8ad5ba9251e41b55b4852b1ccc77c0f72b99b
train,2341,RLVS,,0,non_violence,NonViolence/NV_83.mp4,597252,ce87b6d06ce2b0461f5e34abcd2a750ed79bcbf69773802f82c8418f41c110c2
train,2342,RLVS,,1,violence,Violence/V_202.mp4,590121,6da287c4db8e75b8b1745e6d029445817343c832159b8f0bcbf543d3073a6a73
train,2343,RLVS,,1,violence,Violence/V_807.mp4,556922,276f7190eb8dbaffe6da8ea3d653125ea064b322612f206e104daec66372fedc
train,2344,RLVS,,0,non_violence,NonViolence/NV_479.mp4,320293,5a60a06c7b9dfab8448a0867759662eeaa81cfc2b377f225014e9a62b2a7c6ac
train,2345,RLVS,,1,violence,Violence/V_461.mp4,963859,d714ade1090bd3b8b3ea0f8989a5bac48386fd441e058d6d425b5d5127815587
train,2346,RWF-2000,,0,non_violence,val/NonFight/rwf_val_nonfight_0006.avi,15962246,3c3af26c975a48906fae4890757d63eabf0e80cec12404eea3f3a0cc39886348
train,2347,RLVS,,0,non_violence,NonViolence/NV_964.mp4,1223608,beecda8d08c23a881f810189a8e5ac1458ef691fa2dc361826b52efd7b60cd54
train,2348,RWF-2000,,1,violence,train/Fight/rwf_train_fight_0687.avi,1267180,3b15be688d2d9d5883be4cb73e707d349790efcbfbc41724995a00668fe8b608
train,2349,RLVS,,1,violence,Violence/V_100.mp4,623814,396196c1afc5c6055d07073ef0dc5ec3294eceace6f4813058694b2c7d5119be
train,2350,RWF-2000,,0,non_violence,train/NonFight/rwf_train_nonfight_0331.avi,5002270,3f625a6e9710e05da03dcb7c13c39b232ad930a6c2a99daefa88722332421fcd
train,2351,RWF-2000,,0,non_violence,train/NonFight/rwf_train_nonfight_0598.avi,3369798,7e782c3a9bb138d905a6a3a1fab286fb2b7e4b0a3772254b9148553f552cd450
train,2352,RLVS,,1,violence,Violence/V_227.mp4,574584,15e440ab112763d4ec005353644fe6fc4d28ccc4e42798847daa905b9aaea3b0
train,2353,RWF-2000,,1,violence,train/Fight/rwf_train_fight_0351.avi,9362096,34b3d424f79be3e9e620e8a8fb171c59276ac42a923867212ee8ebc7fdd1c670
train,2354,RLVS,,1,violence,Violence/V_347.mp4,457493,65cb0a92b4df2e24f7ebdd3c310a884c7d5f10c2b60abc9cc51d35566187ecc9
train,2355,RLVS,,0,non_violence,NonViolence/NV_628.mp4,170033,4b6006f8c243cae4b82e8cb751f38f995b2e2001e5a5f3824f016fd900b71ff6
train,2356,RWF-2000,,1,violence,train/Fight/rwf_train_fight_0095.avi,6673314,568c951b39ad041b9ea55a30aca0b3b8c82c13486fa02402304b5bfaeba06f51
train,2357,RWF-2000,,1,violence,val/Fight/rwf_val_fight_0085.avi,6446404,3a78ddc3bb842fd12918b7476ce0a9e31db45af8623994eb6e467bf34865f396
train,2358,RLVS,,1,violence,Violence/V_102.mp4,505510,6f661a0b0b2de8aebb060f487b7b2f00fe415e02086cff6e1fe85713cb7de40b
train,2359,RWF-2000,,1,violence,train/Fight/rwf_train_fight_0641.avi,2321014,8292b33576a0396c821fa7327c9e7cc836d6742f09815a803a44b5d9f0fc99a3
train,2360,RLVS,,1,violence,Violence/V_240.mp4,826755,ccf99f693084fb1da92800b12b486419ea2a7f778956a6d3f2cf683f069d645a
train,2361,RWF-2000,,1,violence,train/Fight/rwf_train_fight_0139.avi,11948596,c748f44db2797a7a35a2fa0cd8c6a5cab76afe31e016386d712f9f77fb478d84
train,2362,RWF-2000,,1,violence,train/Fight/rwf_train_fight_0433.avi,8807888,3cd49ff4566ff15dc6d1082ffec7aa127aa558a44655f078d80bf74a31117f84
train,2363,RLVS,,0,non_violence,NonViolence/NV_649.mp4,279475,d57b08cff0845d2ea5d415c5889e3c95363a5842a9bdf51c035e794cd60ddbc3
train,2364,RLVS,,1,violence,Violence/V_578.mp4,578146,2f7d8b6e730b9455c586592921ad0c79bb9c4dc6e84ba3f00d72c54e2e8b7f40
train,2365,RLVS,,1,violence,Violence/V_770.mp4,1200951,4e903db2bb33ed89c7e2215823c94f6d9acbc9996706af7670f0ad21db179e3a
train,2366,RLVS,,0,non_violence,NonViolence/NV_995.mp4,682753,c5035202acb686b79b7d23d60f342c65aac73819ff427e0f0d8a910ac89a9404
train,2367,RWF-2000,,0,non_violence,train/NonFight/rwf_train_nonfight_0354.avi,2153130,ec4d641fb09b2e5aaa381c0c96b347d936cf4887c4fdd13270751515a35bf56f
train,2368,RLVS,,1,violence,Violence/V_821.mp4,731607,9327a8000f3cae2f1b4a3de7cd19c29f17a4fb3db9998fc8532f946fabc1fb3b
train,2369,RLVS,,0,non_violence,NonViolence/NV_389.mp4,211460,b5811c1bbc73d63126accc92c2cba600340f71442f428f4e572e0f168a958734
train,2370,RLVS,,1,violence,Violence/V_208.mp4,715206,5576afaa9d544fa05570e17ba15ce43f69d34a7e0868c296cbbb0b6fa7abed10
train,2371,RLVS,,0,non_violence,NonViolence/NV_940.mp4,52866,1a4d8f3909ca6e99fcb7719909a39d1c848a9de274e89b3c244a62a26dc56541
train,2372,RWF-2000,,1,violence,val/Fight/rwf_val_fight_0127.avi,5439902,2ee45af26c1b8a163c88f68c5ca48697f0be0be87db4896dd7b4ea29a596eba9
train,2373,RWF-2000,,1,violence,train/Fight/rwf_train_fight_0562.avi,5572514,a1a31e724d492de01f79b6a849a4ff0d746d03ec5ff31af34f8fe41546893c49
train,2374,RWF-2000,,0,non_violence,train/NonFight/rwf_train_nonfight_0226.avi,4559298,218719cdab20d261ca259372a0687fece68d73217d3991850d179f9d7dca6621
train,2375,RWF-2000,,0,non_violence,train/NonFight/rwf_train_nonfight_0624.avi,2939642,73c0ebc9dcb709d1e0854d85994218223efbe3620351beec8ed1cb7da63eb7a9
train,2376,RWF-2000,,0,non_violence,train/NonFight/rwf_train_nonfight_0219.avi,2963672,dea576443158949ef54be36afb92b5720eaeb8657ba4bac83131eeeb9516ecda
train,2377,RLVS,,0,non_violence,NonViolence/NV_960.mp4,867676,1283dd0b8f8b8321f3f226acb6a2e93a6eebebf028981c55e8450b58ff9fc450
train,2378,RWF-2000,,1,violence,val/Fight/rwf_val_fight_0196.avi,11299024,1ad21cb29114cdaab329c8915ce11b117eb659a1bdff0a4a86977a003b621010
train,2379,RWF-2000,,0,non_violence,train/NonFight/rwf_train_nonfight_0479.avi,2916654,471fbf88e675a373e9a27ba9b4a51b3b37379592c5b44af2cc975f8f6c3d9e47
train,2380,RWF-2000,,1,violence,train/Fight/rwf_train_fight_0204.avi,2351006,1278e4c0833b496c995b75e30d811acd485fd879ed8d9e285aef3eb96d7c75f5
train,2381,RLVS,,1,violence,Violence/V_67.mp4,345689,056d5f2f78ed28966681517d9674c2b280d7fa4c9a2a42db9f9ab9baadb11959
train,2382,RWF-2000,,0,non_violence,train/NonFight/rwf_train_nonfight_0521.avi,8553146,974ea8f123759cac55e8064c35e3f7e28a5981198a5a91ce19cd9a42b3dc1773
train,2383,RWF-2000,,0,non_violence,train/NonFight/rwf_train_nonfight_0018.avi,8647628,e4f95409c968868075aaeade4ff50d07d31734093b5ff7a08b1df39cd94e4aa6
train,2384,RLVS,,0,non_violence,NonViolence/NV_464.mp4,466866,1e195e773e775261fea75ef1f85d952db3bf7b19900cb4193c8d2386aefa3a6b
train,2385,RWF-2000,,0,non_violence,train/NonFight/rwf_train_nonfight_0124.avi,10182458,5544093edae505aa4513fd89b019819642c11ac8f3e23d4834161a08e62448e2
train,2386,RLVS,,0,non_violence,NonViolence/NV_775.mp4,828551,bc73f5f4b36cfdacb14a63758a004e81714e95cf9375e0715ef670afb2629c5f
train,2387,RWF-2000,,1,violence,train/Fight/rwf_train_fight_0434.avi,5282992,a5af27e8e1530349293a42336dc8400fa1b1fa20015316b21089740b34241c02
train,2388,RWF-2000,,0,non_violence,val/NonFight/rwf_val_nonfight_0102.avi,2078366,9bfcfee653d664079de2f108ce0bd7125f0340122eaaaf096383a72e25e60bee
train,2389,RWF-2000,,1,violence,val/Fight/rwf_val_fight_0145.avi,5673424,a9bac094b9ac1b613536f05bc4ee337514fa7ee9202b8e3a5a9508934e51ecf4
train,2390,RWF-2000,,0,non_violence,train/NonFight/rwf_train_nonfight_0492.avi,2994416,9ccd829364cd1b5d5faf44ee1a715acadf2f5f0cd3b586f15ead5116af307407
train,2391,RWF-2000,,0,non_violence,train/NonFight/rwf_train_nonfight_0365.avi,3706406,e04df7918326fcbce839d8811f1baf079fd03a9f5f239974b84d890341e022ad
train,2392,RLVS,,1,violence,Violence/V_126.mp4,902763,42bd37725b58b75ebb83c029d0337ab58aff0f3174fd0e50df7bb9afc654bee2
train,2393,RLVS,,0,non_violence,NonViolence/NV_948.mp4,1208928,8335727084f3c9ad4180e3e40b0eac81ab4644a184ee41e7aac3ce1ec7f8fe00
train,2394,RLVS,,1,violence,Violence/V_89.mp4,927926,7e8f27ece4c151265763c5c545fc7d53ad2a6356e81f9c07f98ffbc471db36d0
train,2395,RWF-2000,,0,non_violence,train/NonFight/rwf_train_nonfight_0791.avi,2864748,550685c1e3ea3bd4d57182e99a6dd5e768543faca88b66358a6f4be0e5322e27
train,2396,RWF-2000,,0,non_violence,train/NonFight/rwf_train_nonfight_0609.avi,5550280,996962c84c532911a778fa95b4538a988abbe170a2ec9dae1d28125a6a793ef1
train,2397,RWF-2000,,1,violence,train/Fight/rwf_train_fight_0417.avi,6885368,8e74988fe6f0cd0fbc0a269b4cf2f2e8e97d66bd506d54920ca74aa9bc562adf
train,2398,RWF-2000,,1,violence,train/Fight/rwf_train_fight_0659.avi,26147146,2b8447c65a3fce5d24226de16f2bd0a963055d90d8e2965e1957a64287561a85
train,2399,RLVS,,0,non_violence,NonViolence/NV_388.mp4,191062,b68d8f735f44273d3852f9f33f4a478e3d254dff0164425b119fd4864db2ea83
train,2400,RLVS,,0,non_violence,NonViolence/NV_994.mp4,235583,c7b709e0bfcc18bdfbbe1d60c7327dc6c00d1272aad8bc5914105dbedfa5b522
train,2401,RLVS,,0,non_violence,NonViolence/NV_70.mp4,513256,5397fda34fe8a20274a8d1dd702f180d1d34694a040e4c023fc12d471d8227e1
train,2402,RLVS,,1,violence,Violence/V_85.mp4,356968,e8c1500b3034b1e2a93cc0166982453f0642882129133a91068b765f23ed1943
train,2403,RWF-2000,,0,non_violence,train/NonFight/rwf_train_nonfight_0437.avi,3438626,508e882a366a6c341ac87faeb6396d7353c3e57286993f68de125902f99e0fc2
train,2404,RWF-2000,,0,non_violence,train/NonFight/rwf_train_nonfight_0094.avi,6139054,11efa6b8ec98a9e585e8249ef58c365f1006ea1d3830a7c90d056df1e31518aa
train,2405,RLVS,,1,violence,Violence/V_458.mp4,2314601,325f336ffdc83600c67bf2efbd2c9787620565e47793e58cbd7f1ff62104501f
train,2406,RLVS,,0,non_violence,NonViolence/NV_71.mp4,795284,0df2b8b6301d5f2b750695f1bfc3960ec9656092a6b33358e847c14fedd95702
train,2407,RLVS,,0,non_violence,NonViolence/NV_767.mp4,995055,b3758d6f50bc41295349c8d0c17f66027e000bcb359c031c0c346cca37fcdabb
train,2408,RLVS,,0,non_violence,NonViolence/NV_630.mp4,190543,4cb19c4ad87d3573a8d4161f6459c747c30c362e22532c6d0c7a5c611c994243
train,2409,RWF-2000,,0,non_violence,train/NonFight/rwf_train_nonfight_0435.avi,5462198,494a9937d8b96f5388e3fabf9e474f26e825cfaf75ad3bd651bff18aa895be8c
train,2410,RLVS,,0,non_violence,NonViolence/NV_567.mp4,469040,edb5bba5822ddd0709bd37ce11f316e03feabfb9c728591ad221e660efd91b3f
train,2411,RWF-2000,,1,violence,train/Fight/rwf_train_fight_0383.avi,1740584,c316d1b129ebc5161b943e35d3a6358509d38b1bb6ecc88b5d4c2af74f6a11fe
train,2412,RWF-2000,,0,non_violence,train/NonFight/rwf_train_nonfight_0723.avi,1684864,17f70653c5116c5919c4af259bd82daea0971576c4484ac96256966cd2a33802
train,2413,RLVS,,1,violence,Violence/V_631.mp4,1203776,988f7085fa48dae8eb733db8a73e74062d6fa421013074126af4b02587611a4f
train,2414,RLVS,,0,non_violence,NonViolence/NV_921.mp4,710565,5592e531aa2ee4bf828834fa5f26fcdc464ea549173ff91d81850490c35ab1cc
train,2415,RLVS,,0,non_violence,NonViolence/NV_496.mp4,390369,a88c5dcf5661a0f15e4e7aed74049cbe9a6fafefc098ce69efd85aacf707780d
train,2416,RLVS,,1,violence,Violence/V_440.mp4,1099723,e19e4a6f4a1ca4ac8c20c24e8ecfff7aa2296d92a07d82c559556dcd49e045ce
train,2417,RWF-2000,,0,non_violence,train/NonFight/rwf_train_nonfight_0020.avi,11558950,27417278a21d4d5efaecd9b393a8a03d111e2ad58d88569fa4ec3db4054d2c49
train,2418,RLVS,,1,violence,Violence/V_726.mp4,411808,a5a6cebc3868f56990b89f1fde7b11456452acecea62ba6afc26793357ccafaf
train,2419,RLVS,,1,violence,Violence/V_12.mp4,721845,547bac71ade0e7f79573fa9b9df1de9b909ba5619ebc38d103cc37864cf1f062
train,2420,RWF-2000,,1,violence,val/Fight/rwf_val_fight_0068.avi,7063488,ad7c8c20bc940f14746b3b91b69a78f24d91881fd86d36e6122ceec04c9cf2f4
train,2421,RWF-2000,,0,non_violence,train/NonFight/rwf_train_nonfight_0472.avi,2458302,f656d911a7c6fef754e90a4cdc28b4a52971e439a0b94fea2d80b50aecb58c54
train,2422,RLVS,,0,non_violence,NonViolence/NV_971.mp4,1122223,ae47b18276c52b6a458d211d1d28a595bb15f9ba350a0f8608d16a5c0522990e
train,2423,RWF-2000,,1,violence,train/Fight/rwf_train_fight_0673.avi,5677536,c9c4bbbecf2c71ec7cc8314d3a936d5b8795025f921618ae9b68fe6bbce7df5a
train,2424,RWF-2000,,1,violence,train/Fight/rwf_train_fight_0753.avi,11154124,caeef629dc9b4347f153e2d81b4f66bd0c93ba0637fa0635f4ba92d4603342f3
train,2425,RLVS,,0,non_violence,NonViolence/NV_519.mp4,345818,0ae972333448278e93b3621cb2708237dbb6f7c521172598a4411ff4617e7570
train,2426,RWF-2000,,1,violence,train/Fight/rwf_train_fight_0161.avi,3932094,9af88b7626d808bedfd397e393a51b7aa29e5901b440462c9df9e953ca8872ef
train,2427,RLVS,,1,violence,Violence/V_544.mp4,670259,d28183f0a92683c4e72988ebee4a8435393c030d3692b1cac18c1f9e50c29c56
train,2428,RWF-2000,,1,violence,train/Fight/rwf_train_fight_0594.avi,4534840,1d18674e5c4da997e611bb1629f77b3d7ed32f2ac8d182510719656391429891
train,2429,RWF-2000,,0,non_violence,train/NonFight/rwf_train_nonfight_0369.avi,9211278,c2b5d62c323f6fcc4a1736eb42547d0b3e366350349d5db6953d3e37d8d65c9f
train,2430,RWF-2000,,1,violence,train/Fight/rwf_train_fight_0179.avi,1359440,e403e327a5e0d8cda2fa30118a2fbb830a95cb0b9f8584b7cd325c927a0137a2
train,2431,RWF-2000,,1,violence,train/Fight/rwf_train_fight_0011.avi,2091828,c65dd173174e94cb5b1da93cc3de567eb36c361bd86d95399e5b72290c0ad815
train,2432,RLVS,,0,non_violence,NonViolence/NV_403.mp4,505883,88498a3687129323c3f8418d1bb6915d131f64698e48ec170b6b9b56616c909a
train,2433,RWF-2000,,1,violence,train/Fight/rwf_train_fight_0043.avi,2911132,d6785b6786cf30ae8e7d38028a64a37acc4fab3ea52963224c7b97971d4f2735
train,2434,RWF-2000,,1,violence,train/Fight/rwf_train_fight_0256.avi,4508096,ccc3bdd9b6cec5b1203937ee23b3e66e7799257cd1e961a1990ef82927966794
train,2435,RWF-2000,,0,non_violence,train/NonFight/rwf_train_nonfight_0360.avi,2083776,fb5bd0a2099e56e250a605fc1624088ae6059844e624022aa6385a4c1c90ca85
train,2436,RLVS,,1,violence,Violence/V_292.mp4,2168896,22e55aa81502b21c7be9c71a01d70cfcdd0120eccbbea61106b4f8be71c83aa5
train,2437,RLVS,,1,violence,Violence/V_894.mp4,427599,e2f61d339c1b2bd98044e062d87db6e18797b4bf42a900fbb4a8ef105bac27c2
train,2438,RWF-2000,,1,violence,train/Fight/rwf_train_fight_0602.avi,2970296,bae21ec489fe91e87ac829921ae18f1ece4ab93cb97ddb0292421e7bc9e71952
train,2439,RWF-2000,,1,violence,train/Fight/rwf_train_fight_0180.avi,1443064,4f87225a3899b2839b05e0351ff49a7447e0cc7f1ec57583af63b0d8716cb890
train,2440,RWF-2000,,1,violence,train/Fight/rwf_train_fight_0333.avi,1989546,e43b0161345eb4088573e850ce5a19c1067c05a223f1e13f4db0dd9355daf591
train,2441,RLVS,,0,non_violence,NonViolence/NV_593.mp4,595892,d0dfd3385acc43a58ff390612b766d805a663edcad368a6e4d0d8d87cf5e4c48
train,2442,RLVS,,0,non_violence,NonViolence/NV_97.mp4,522211,e29ed4ad0f76c839330ca7ed87f68b72318ba4f6e0550c68502e60563cec7c91
train,2443,RLVS,,1,violence,Violence/V_397.mp4,297147,ed9268584ef4654c3338758e40f9755cebfeb480872065b38f28890c7622f018
train,2444,RWF-2000,,1,violence,train/Fight/rwf_train_fight_0092.avi,9312476,1e046d34c4828e1540ad08cc5ba173a5a6ab2a396688e7c1b77d75852200a52f
train,2445,RLVS,,0,non_violence,NonViolence/NV_997.mp4,868384,be9597c01ce4a21cbf59f4719ac3ab87b9b6389bae1dc4811e673f4a2e48f5c8
train,2446,RLVS,,1,violence,Violence/V_19.mp4,1016447,f1ce232200268ea8ec6ff2b5eda9d23a66b8e16f4d2ed738150433bfb03ea903
train,2447,RWF-2000,,1,violence,train/Fight/rwf_train_fight_0071.avi,12179806,e95c9b47c28867969e4e5bdcd32f8fdd6fd50a560a9957a9c7fbb52e8ffbec2b
train,2448,RWF-2000,,1,violence,train/Fight/rwf_train_fight_0040.avi,2891748,3df83296c6a10c9e3f5c3aca35343e6bfd3b83a5af4083819c1b1ba109727d2f
train,2449,RWF-2000,,1,violence,train/Fight/rwf_train_fight_0507.avi,10390436,c795d26441e031c06edbaa25c9e6756bfaa49e141264af329d7a88e362275796
train,2450,RLVS,,0,non_violence,NonViolence/NV_568.mp4,1013228,c2f7a9e5a047c690efdce57beafe49ceab2bf238bdccb42eaaf45ab4496ea3ca
train,2451,RWF-2000,,0,non_violence,train/NonFight/rwf_train_nonfight_0569.avi,4030806,9a7a6167c22684b0a261973d03ecc84203a1596484d683014eabc9cb2570f806
train,2452,RWF-2000,,1,violence,train/Fight/rwf_train_fight_0585.avi,1536640,9080319c2616ec9394855ede6a6941d652ea7ebd9af0dbf15903babebd7748a2
train,2453,RWF-2000,,1,violence,train/Fight/rwf_train_fight_0709.avi,2184752,cc51575464c37162b96649715744805f940d6181e7b1ea84bfa909c4c0e3f4ec
train,2454,RLVS,,1,violence,Violence/V_710.mp4,966543,aedb342e1229fd242ed4c3ee653ef3d79e5d1a1a077d64b6a953ae3b340b1cd4
train,2455,RWF-2000,,0,non_violence,val/NonFight/rwf_val_nonfight_0027.avi,3669018,abdb24842799c446360a15742ce1e1e3224621884f4a3fa7f8d11543b2b05899
train,2456,RLVS,,1,violence,Violence/V_887.mp4,189424,3dd680280ebbb6e7ae48c76da0959793ea0d4595a6d64a7ab08571acce4c8caf
train,2457,RLVS,,0,non_violence,NonViolence/NV_495.mp4,265763,06d8ad296b3a2e182b0ba74420932aa5a4cb277287100cf2e033f4713edaa42d
train,2458,RWF-2000,,1,violence,train/Fight/rwf_train_fight_0571.avi,1850516,4dc1cf7813f9da5b1c75a01b26d479b446dd2713921474a7f7ef2a6084cece61
train,2459,RWF-2000,,1,violence,val/Fight/rwf_val_fight_0198.avi,11463742,0a1201c59342686209cff6866082040dc3261da3244211cc6d4baa39a205ed80
train,2460,RLVS,,0,non_violence,NonViolence/NV_738.mp4,464217,2d935add3ef15cb74566326c5d4ba125ceb97e3ddd117fe0b7d38811f890599e
train,2461,RLVS,,1,violence,Violence/V_902.mp4,329255,122990d8367eace00e1fbe912f9acfcdce69a9aa034744b64e01c9dace445331
train,2462,RWF-2000,,0,non_violence,train/NonFight/rwf_train_nonfight_0508.avi,1822176,33c7eb021983182e52ccc45139c9edcbf9244f3cd554390e0983616eee5476ad
train,2463,RLVS,,1,violence,Violence/V_743.mp4,825427,bccb595b68188fb59bd39481b03a3569eb48ef37cf5065c5c2c3e06cbea000c5
train,2464,RLVS,,1,violence,Violence/V_326.mp4,2256143,7546d6a66e0f75dc3011af3b61ad30bf071dca25b58f25d0ad31156b9f7d9266
train,2465,RLVS,,1,violence,Violence/V_785.mp4,782300,d96c456c14c4c8e1fb10f610988c7e1683fcfba1d1f2348c12208bc04b1cd88a
train,2466,RWF-2000,,1,violence,train/Fight/rwf_train_fight_0781.avi,7857630,1943000f023d4bee71b28a66661b6053938e7beea3b9fedcd5a0d95626657e09
train,2467,RLVS,,1,violence,Violence/V_32.mp4,1760860,e5fbbadef1596db7e0b5ff2020b64b58614388ddb4c04ab42cf7dcef027210bd
train,2468,RLVS,,0,non_violence,NonViolence/NV_477.mp4,317291,3126a06c59166f55361fc1e888746a3aa67b58a850d594face19ad6e11311573
train,2469,RWF-2000,,0,non_violence,train/NonFight/rwf_train_nonfight_0707.avi,2036218,bafc9f18f407c50e8c7ce9081d6e319b54a88691eb83d3a9689b733d19d44f61
train,2470,RLVS,,0,non_violence,NonViolence/NV_849.mp4,814747,4e27e114fbe8ec24178108c0f30095a48bca70ea95f3102d6b88c9923bcb8614
train,2471,RLVS,,0,non_violence,NonViolence/NV_977.mp4,866524,1c3933c0269c91d2ddf9f6294a32befa12599a9e59425e71531c8cd513f7d6e6
train,2472,RLVS,,0,non_violence,NonViolence/NV_708.mp4,833359,fe7f1abcd5559d8f7db4b28b527f0e4b4b3360e354d6f35534a7ee73eaee0dcf
train,2473,RLVS,,1,violence,Violence/V_602.mp4,687851,0279d7221a22279a9f348284673b0d1844fa6e8df09b0bbe8e145278b49d7305
train,2474,RWF-2000,,1,violence,train/Fight/rwf_train_fight_0324.avi,5596436,13826df8b0aebfba23c35782ed2ba09c50e455f80fb0047787c711811702c084
train,2475,RLVS,,0,non_violence,NonViolence/NV_367.mp4,358900,0a1f41c1cf4ba6f059682fe16c8ba2bde35a3b6e58767da2b93b94ba6f55593e
train,2476,RWF-2000,,1,violence,train/Fight/rwf_train_fight_0786.avi,8608052,d114671bdd4228e1b6ebec09387a659368d62e1f5b247de631792c422791819b
train,2477,RLVS,,0,non_violence,NonViolence/NV_824.mp4,2380501,36f09572f73a1ca75a2e5f6f242b9c07652218318a56e6842e43cd477d081b7f
train,2478,RLVS,,1,violence,Violence/V_83.mp4,807558,1a362cf32489f08623cab56a22ccdcdc7ea229f3e2d8e670bd074ec3320d3c84
train,2479,RWF-2000,,1,violence,train/Fight/rwf_train_fight_0586.avi,2118730,9872f811760375e717310170344d9e2ab7b57f34b933c79833ac9a480444a402
train,2480,RWF-2000,,0,non_violence,train/NonFight/rwf_train_nonfight_0341.avi,1809154,b910d377bc9b8c0a3f41c3c747a2a39ee169d3043a34716c1a79f36105f914fd
train,2481,RWF-2000,,0,non_violence,train/NonFight/rwf_train_nonfight_0553.avi,3276212,73c637af0526720dada253ccc6a278a21f8bd7fe3306eeb2e152264a4cda76aa
train,2482,RLVS,,0,non_violence,NonViolence/NV_47.mp4,517096,f3279918a8bfaefd4d43836d94e2deb02523c93d801044a69878404283835105
train,2483,RWF-2000,,0,non_violence,train/NonFight/rwf_train_nonfight_0603.avi,2753972,8008bdaa54f12969cac9f53bb9aafcabff736711b74969086efcd494177a2728
train,2484,RLVS,,0,non_violence,NonViolence/NV_397.mp4,187968,ab0a7fc8b272b4684aa7dc2803e02ae1b1eb1d806d885e1a7ebffc40eaf90234
train,2485,RLVS,,0,non_violence,NonViolence/NV_178.mp4,426470,bfc309d96a895c0eee8bf263d27c0f3cba48ad33185bbce24ea52502a1734ae4
train,2486,RWF-2000,,0,non_violence,val/NonFight/rwf_val_nonfight_0139.avi,5203338,30acaa374e557702e8cdcba71423d73753ecb5638d0c130abf4f4375c856551d
train,2487,RLVS,,0,non_violence,NonViolence/NV_662.mp4,167118,4cd915d1128dbf975beef338bd04ce0420cf98763f7c5fb56421367d02084395
train,2488,RWF-2000,,0,non_violence,val/NonFight/rwf_val_nonfight_0048.avi,24490862,54cc95ea6245e6236fb1d3423961b70f17612d4318a005d23d443e4cf6650899
train,2489,RLVS,,0,non_violence,NonViolence/NV_691.mp4,693195,419e86d0dd07494bbe67ea0b11e30699fb8f0bc13adb8688de313fe6bfcadf4d
train,2490,RLVS,,1,violence,Violence/V_119.mp4,1406609,963e364ae302aec9cc6bb2fa0ad3fd0a7465098192b613fe92a1ebfefe35fda1
train,2491,RWF-2000,,1,violence,train/Fight/rwf_train_fight_0736.avi,5506840,32d26c81f7aa6e7659cc7746dfaf2151575efb49a4ba7be0265c26473433ffee
train,2492,RLVS,,1,violence,Violence/V_817.mp4,761410,5e3545b8c7ddfdd5a80d58e42ab23533e0f5c4ebde25b6be957161466d4ccff6
train,2493,RWF-2000,,0,non_violence,val/NonFight/rwf_val_nonfight_0080.avi,6792802,6889321753bd3e1ad73d49ba5cf08d96ccaa5e44f5440b069ab58dd14e733cd6
train,2494,RWF-2000,,1,violence,val/Fight/rwf_val_fight_0117.avi,2969358,d2a15d4f0e6d80ac6811fc4924fb5f172962494504b9f1e14e158454214fea0d
train,2495,RLVS,,0,non_violence,NonViolence/NV_204.mp4,527724,c73905b9ec5699b89646c21d87366f8e80565ea4c950ed6f9cedcd4ea9392706
train,2496,RWF-2000,,0,non_violence,train/NonFight/rwf_train_nonfight_0271.avi,2596308,dbdede24327f1636fe01bab2853105524479925404850bf989760a3122c8f5c0
train,2497,RLVS,,1,violence,Violence/V_858.mp4,714764,d516d8a12da5301f57f6ad4a986dd4d54e4cb1a289c2c9185e78eba8a67295ab
train,2498,RWF-2000,,1,violence,train/Fight/rwf_train_fight_0384.avi,1906382,ef23183e918c38c4f3fc1c3d3e370b2d23f2eaba2635ba8bfa5e72b675109ae9
train,2499,RLVS,,0,non_violence,NonViolence/NV_848.mp4,973487,6312c1ae85f5e0240b59487e73a18120134364a5e303724aaf0b85a3f510919f
train,2500,RLVS,,0,non_violence,NonViolence/NV_126.mp4,1059522,cbf12a8fefaed0a66d6839971880da29bc451b1da735dbe6b66439b8782f920e
train,2501,RWF-2000,,0,non_violence,train/NonFight/rwf_train_nonfight_0527.avi,1810838,fdc6e6f165ff469dbac23764eeb08f43fb3c7bd21d93ad997bc8f29942782bdd
train,2502,RWF-2000,,1,violence,val/Fight/rwf_val_fight_0170.avi,8778790,2af8bd020dec708efa52695ef8d048244aaae2e7b91ac967b40661f244010301
train,2503,RLVS,,1,violence,Violence/V_244.mp4,718432,55710eca12bac630ebca9a154a93b32c70dc3523ee6279b627c05347929a221e
train,2504,RLVS,,1,violence,Violence/V_453.mp4,1085660,05ec51659b1e79a5e333423a758119260f57ee92826f20af4d79ee8aabc25b86
train,2505,RLVS,,1,violence,Violence/V_615.mp4,1780238,3e2440b20617d108614617ba838bb0de135201e9898e5fe6c3cf0bf2dc4b6400
train,2506,RWF-2000,,0,non_violence,train/NonFight/rwf_train_nonfight_0215.avi,1187850,81e09b952d623b560b0665e1fca8c58c3d0555749405f7f317728242ef5fac47
train,2507,RLVS,,0,non_violence,NonViolence/NV_232.mp4,817502,e4b0077b558ca4d432c850db4707d00aaf55068e307c247393b236933c0b1b07
train,2508,RWF-2000,,0,non_violence,train/NonFight/rwf_train_nonfight_0218.avi,3129734,c797e24dc58616c260f389b357cfde97b5d739eda1c445e778455e823bcb0f78
train,2509,RLVS,,1,violence,Violence/V_265.mp4,501298,31483f4a2313fbc1a6b8bc24836d073391e18e4a40b09dc2c9409a7c8acc819d
train,2510,RWF-2000,,0,non_violence,train/NonFight/rwf_train_nonfight_0671.avi,2934048,80a945c7723b9f5e1a14f68d787948b608d963a3baf26b1f001e52edf61f08cd
train,2511,RLVS,,0,non_violence,NonViolence/NV_917.mp4,455832,d7eb61da2bf3659baef2e494f1ac255106ce0e0cbcb8bf12219bd039beb60de0
train,2512,RLVS,,0,non_violence,NonViolence/NV_463.mp4,493943,1c5af195b74fb0b18e3d6173a0193f4423ac45961fee24cc16a240987866535f
train,2513,RWF-2000,,0,non_violence,train/NonFight/rwf_train_nonfight_0104.avi,3965480,6f716bb15f61fd809453a4336bec1571498a94eda85b9b02e9c708e623f72cc3
train,2514,RLVS,,1,violence,Violence/V_892.mp4,224769,0a2ee0c92307ce6baf3da0942085a8877025d6f6dadf8bc51b59d699fa1a187b
train,2515,RLVS,,0,non_violence,NonViolence/NV_823.mp4,2222543,ef47e693978cd8c0bf243cf63eba93d956b55023f43667f37926ccde04793e42
train,2516,RWF-2000,,1,violence,train/Fight/rwf_train_fight_0684.avi,3382080,05ec8142a808bfde8ec224635a969d6a10820c8186f344abe1007dd7e7b3c66e
train,2517,RLVS,,0,non_violence,NonViolence/NV_935.mp4,1081481,545f00dd013ff9f1ce6b83e1717dc545f9bcf0fb5473d46ff2abd74862624cf9
train,2518,RWF-2000,,0,non_violence,train/NonFight/rwf_train_nonfight_0593.avi,6764824,de6f22225d1c7708c2788e874aab92ab18841f3b12fc845d97cdfdf8843ba703
train,2519,RWF-2000,,0,non_violence,val/NonFight/rwf_val_nonfight_0171.avi,2975562,d7ed19315c7d46a2f077d52ca31de255d16f2a815d6eda04f99bceabd3af964c
train,2520,RLVS,,1,violence,Violence/V_245.mp4,559265,db734c7e489fdadb1df154d76a04f2d524baf410f79f896327eb865b95d4d733
train,2521,RWF-2000,,0,non_violence,val/NonFight/rwf_val_nonfight_0026.avi,3684170,2f64131e2581b077258c1b3f133fe78dc6216c8154cd698dec56f00c6b03f5ee
train,2522,RLVS,,1,violence,Violence/V_201.mp4,279583,47012802b1a97f47742efd61ab0a2601e6f79e2a776184bd16a9a2f605cd13ef
train,2523,RLVS,,1,violence,Violence/V_379.mp4,616911,7bbadaed0a7f15fd263e81c3ca483d709be941dcec7052f4c3715fc7cd4c024b
train,2524,RLVS,,0,non_violence,NonViolence/NV_203.mp4,627554,fb5386d294622cf99b542dadb7794a76b672858ce21bed1229c4463987939783
train,2525,RLVS,,0,non_violence,NonViolence/NV_743.mp4,266351,69ededfc6568058792db13819fdf9bec1be8165265f77e6df3339e5e0befade3
train,2526,RLVS,,1,violence,Violence/V_607.mp4,1399213,d53b2b7868bd0003d47bd70cfa65dc64958c70d0d92b30defe9d12a0b7b937dc
train,2527,RLVS,,1,violence,Violence/V_170.mp4,369178,5db82078b4704021947d353536d74e5f4fcc80246bf5607094803e4e615997c3
train,2528,RLVS,,0,non_violence,NonViolence/NV_448.mp4,165373,554fa8c0fbc171dd760353cdc6a68859352e4b247b12e58ca0000e2f38e5b337
train,2529,RWF-2000,,1,violence,train/Fight/rwf_train_fight_0017.avi,9538730,b14cbfae7b3ef4e6a05ed39e05124980f95a4711a75ddbd57fb96021293a12b9
train,2530,RLVS,,0,non_violence,NonViolence/NV_310.mp4,278593,bb35896fe31a399b9c167693d48fcfbe260d1bdae190794066708a39d068a418
train,2531,RLVS,,0,non_violence,NonViolence/NV_926.mp4,797777,5f3af8d109d13447f6d199c8ad78cb35f57e7eb4a893e053af5d5af2b3c4c51f
train,2532,RWF-2000,,1,violence,val/Fight/rwf_val_fight_0079.avi,6224470,a0f6032d3c74529328b86a5e882c2038f9862decdd59df1387d0a5ada9f37475
train,2533,RLVS,,1,violence,Violence/V_586.mp4,1542903,90e8925ebafa11e3d305be49b773070983eac2de2635fd416690f7e037c09173
train,2534,RWF-2000,,0,non_violence,train/NonFight/rwf_train_nonfight_0792.avi,1368666,e6b4ac0ff40ebec3047839af28f602a29c5c97447c6609b25f13ffaae518a494
train,2535,RLVS,,0,non_violence,NonViolence/NV_21.mp4,1801092,397bf8a021298864bfae779054a5216113dfabe2ff220cf319dcfc53314ed2bf
train,2536,RLVS,,0,non_violence,NonViolence/NV_174.mp4,992570,f57f8eb26ffd785b8d4f55a1943a54ce4c8707feee256037a92fbf12568ec030
train,2537,RLVS,,0,non_violence,NonViolence/NV_723.mp4,1508422,1f87d4953deae7676c6ebac7e4cecb978972875a8dcedf8be20c2649a16be09d
train,2538,RWF-2000,,0,non_violence,train/NonFight/rwf_train_nonfight_0709.avi,13499554,68d9c18d31c2139132ac0d2b76b74dd86a4f1789f8f6de29b52eb9eb5fdccb9a
train,2539,RWF-2000,,1,violence,train/Fight/rwf_train_fight_0099.avi,18050724,80cbb2c7cfc1ce68e371c538a40133f0e8d3a71c02b56dd4dfdb11097d957548
train,2540,RLVS,,1,violence,Violence/V_495.mp4,1187208,657e00141e07f2b17b855be3aab02a3a75463964d5e7509f961bc87577861670
train,2541,RWF-2000,,1,violence,train/Fight/rwf_train_fight_0515.avi,10131610,cda8323a5978498ad3c936866c33aea931a8397404a69daf424b1fdf28d1c983
train,2542,RLVS,,0,non_violence,NonViolence/NV_764.mp4,1352649,25485b1dd6a5c384762c099c0ca4d8984f30a55f45ed0f93af95c7fb4518c59f
train,2543,RWF-2000,,1,violence,train/Fight/rwf_train_fight_0499.avi,13684380,5c2f4c4cb370bf7e55bb8bfb3c3c1f98aaba3b008ea3c5d83322e6ba2c578520
train,2544,RWF-2000,,1,violence,train/Fight/rwf_train_fight_0724.avi,2436366,da725cb030d7e91f678874e9a6c54ebd887314a733228f93ad576768d600705d
train,2545,RWF-2000,,0,non_violence,train/NonFight/rwf_train_nonfight_0653.avi,3818984,a91948c48fd1db61d3406dd35811362f73002df5113118216e81a47596578c15
train,2546,RLVS,,0,non_violence,NonViolence/NV_115.mp4,536268,79be656a14f7ea2656c4ac8df8463423cd05c85824bb3877081d9dc86b24da13
train,2547,RLVS,,1,violence,Violence/V_284.mp4,1920042,aff3b900dbdf278d370599e65b876844cae785f7bd278cbdb5be37d204a0c2c5
train,2548,RWF-2000,,0,non_violence,train/NonFight/rwf_train_nonfight_0136.avi,3086712,60a32611bb2f643814364f5e0b268a001164a096bfb48d69af055e05240867bf
train,2549,RLVS,,0,non_violence,NonViolence/NV_430.mp4,216324,f4d4078993770da1f5e62eb948aff88070caf7b7e118a5b830bd9bcb7eb75607
train,2550,RLVS,,1,violence,Violence/V_752.mp4,2407121,3173e726d0f2a7658510ea7a76cd949d2d371fa2128938aea3d479035503f35a
train,2551,RLVS,,0,non_violence,NonViolence/NV_313.mp4,270695,c9e20d28d7b49f5e997436027115a9f3ade3b645e2c9d786cc9349eb6a6f3683
train,2552,RLVS,,0,non_violence,NonViolence/NV_132.mp4,690316,65fe610523c150984f8a4197f4ea46ce44895409bd1fc8610d6b7c77ba5aa14a
train,2553,RWF-2000,,0,non_violence,train/NonFight/rwf_train_nonfight_0625.avi,3608894,f8db49d70ba57b73e8291a71ebf6af1aefef12f1fbf5c695d9e0ed13823c0cf8
train,2554,RWF-2000,,1,violence,train/Fight/rwf_train_fight_0720.avi,4873028,1ed4ab8ddc9b7a9169a6d270f5980fa8a83b453d1c598eccdc6a41126f2f94ea
train,2555,RWF-2000,,0,non_violence,train/NonFight/rwf_train_nonfight_0326.avi,2598248,8e5c8e9c3b1612b3af7e7d586c2c7244ba0a20cb439137ac3d2decf01f3bff12
train,2556,RWF-2000,,1,violence,train/Fight/rwf_train_fight_0423.avi,3465944,3ad9fb4f820f423e5b63c5ab868312897cce4914c7f140ad5af24e6ddb1d5efb
train,2557,RLVS,,0,non_violence,NonViolence/NV_980.mp4,755135,dad473c94bc369fc301fb584aec2d840bcf4d3b96824ee01aac83447a9a6499d
train,2558,RWF-2000,,1,violence,train/Fight/rwf_train_fight_0574.avi,2609518,964741c9d3c00a34b7f56e637638f0c954a77b89a5c2b14112637396ce5c5f90
train,2559,RWF-2000,,1,violence,train/Fight/rwf_train_fight_0260.avi,1155804,62e3d1255b2b728c94e03efdf8e157ed356090bcb348c6f95d67b55334332302
train,2560,RWF-2000,,0,non_violence,train/NonFight/rwf_train_nonfight_0421.avi,9489992,bfa3518379dbabb3172f3945f33b72dbebf2f882ad9529a96715ad22e896390a
train,2561,RWF-2000,,0,non_violence,train/NonFight/rwf_train_nonfight_0759.avi,2674334,5145462994a96b32aa1ac4d8c20d8919fa6824b39caf868e1643b78c7a86ad40
train,2562,RLVS,,1,violence,Violence/V_429.mp4,1167495,c015aa76ea5cc7d43ef3265567277433cf5194694fb406b7fd89fd4a2328e802
train,2563,RLVS,,1,violence,Violence/V_210.mp4,883740,53957bba1a4989098fe04410093daa6c07d82b8410c60d43b76702fad2d315c9
train,2564,RLVS,,1,violence,Violence/V_17.mp4,2712169,c29e41ac8228d2d30ffd289d25b67434449d1e7bd79065d2b650b03ffbb014a0
train,2565,RLVS,,1,violence,Violence/V_846.mp4,556449,657fcc414132b9753e5ab641db42d4147478228dc51f0560c9a20bd5b33083bd
train,2566,RWF-2000,,0,non_violence,val/NonFight/rwf_val_nonfight_0051.avi,1806858,a6498bf81c7f97009295437df22d1653881c94a1e1d2df938064ce2e4459793d
train,2567,RWF-2000,,0,non_violence,train/NonFight/rwf_train_nonfight_0475.avi,10441822,ebe2f5cda7df310f4478d2d5e558d4655a5fcdc51926af9257f9d01778f9cd68
train,2568,RLVS,,1,violence,Violence/V_750.mp4,2883754,04659c09be959c6d2bf1e7cf420aa0349e858046395b12cc74e0320c3e743e9f
train,2569,RWF-2000,,1,violence,train/Fight/rwf_train_fight_0510.avi,19061784,4c9b628893028bbb7a3a0ef89cbb02ef37d324ed88974ba8b785c6f6cc3f02d8
train,2570,RLVS,,0,non_violence,NonViolence/NV_95.mp4,448493,e6d3fa2fcd67c0bcf1f101c8bd5824ae104d17b9c536077940698f217e19938c
train,2571,RLVS,,1,violence,Violence/V_522.mp4,313542,b69e533329cf5b43d8d82091e4132110e86bbc3bad8323e6966279ded368f31d
train,2572,RLVS,,1,violence,Violence/V_593.mp4,1135980,a69e37ff85ce5f3c6191c15be0ae5d35c6cb3fe1a7ff2532917937887932f53a
train,2573,RWF-2000,,0,non_violence,train/NonFight/rwf_train_nonfight_0491.avi,3156854,c76992f01298267cf6e538734a1449fd938fa45b6dd2c67c0fa88395882af9b2
train,2574,RWF-2000,,1,violence,train/Fight/rwf_train_fight_0560.avi,8052576,0ceac8a674210022a9ececceb4fb9d098ab76fabcbcf14b35dbebfd55467a411
train,2575,RLVS,,0,non_violence,NonViolence/NV_842.mp4,953622,395ee59fc880d5eadc44971ad08d0c25f0ca7879e2e322dd2a982803c907e297
train,2576,RLVS,,0,non_violence,NonViolence/NV_424.mp4,171122,11be817e6913233ccb4d34b814f32541028c4144229b863654ddb3233f0ed426
train,2577,RLVS,,0,non_violence,NonViolence/NV_66.mp4,913148,b65d46820b2731dd5efe030f04a728baa5948ba7cc0f4ce501ce20a9a1a1f5b0
train,2578,RWF-2000,,1,violence,train/Fight/rwf_train_fight_0734.avi,5466226,20a915911d89bd545d2a047e4e3d7a66d406630ec3c6ecd99b57caf4b4f59d50
train,2579,RWF-2000,,1,violence,train/Fight/rwf_train_fight_0710.avi,2192580,e70fa163eb07c40db8a980da331c6fdffba753e1a2c37b2bde95b25225748659
train,2580,RLVS,,0,non_violence,NonViolence/NV_631.mp4,146559,3fd021836242f27542f1b56d2d44ba2eac3ad1b11869c4676cfdf520d3c80a91
train,2581,RLVS,,0,non_violence,NonViolence/NV_613.mp4,893581,36a0efba0241077c4fd3c65d476f8e97a30dd090b1bf3bf500efaa1c0bae776e
train,2582,RLVS,,1,violence,Violence/V_745.mp4,1047256,fd7cf5cdfbf0f6cbb9f5900d47af18413ca2aece258fb8c0afb8097fde4a01c3
train,2583,RLVS,,0,non_violence,NonViolence/NV_302.mp4,949835,f57866e3db19a11a20e6a7feca4dd8ed26893fda35a39991b6b640d0bc5f04ee
train,2584,RWF-2000,,1,violence,train/Fight/rwf_train_fight_0461.avi,8767424,55760fe06096982cbdb956d0610197a167c19e4fd76cb055b1de441719e65ede
train,2585,RLVS,,0,non_violence,NonViolence/NV_713.mp4,426967,12c501c91cc8bf560a0c7b910ff701e991397c6855c6305777ef257c1f367617
train,2586,RLVS,,0,non_violence,NonViolence/NV_326.mp4,1259713,40e77ed2a3715221bafb6161c3cabc1f8128b8ac509b835f7128cbc150dfd452
train,2587,RWF-2000,,1,violence,train/Fight/rwf_train_fight_0761.avi,1510126,5d9d0090d69b5924ee939b23f6efb94497be31927c795c6343928809cfc35c0b
train,2588,RLVS,,1,violence,Violence/V_800.mp4,615631,49119ba36248c1fee7496870d7e023de77db0bccabf478d68216b18193d7c2df
train,2589,RLVS,,1,violence,Violence/V_799.mp4,572010,5c346a8740665bf107ea7c4b65cb92b8af4e9f6247274aeb388f89aecdb0bb8d
train,2590,RWF-2000,,0,non_violence,train/NonFight/rwf_train_nonfight_0238.avi,3290808,aa84a054b2091c2837fcd373fb920aa040ae6b945a5bb21818f1a77a5e7dae90
train,2591,RLVS,,1,violence,Violence/V_687.mp4,797404,f23bab3d1f3746d6bd42b334598a2ec21350c2dc84b10d46dbc3403c9343fd8b
train,2592,RWF-2000,,0,non_violence,train/NonFight/rwf_train_nonfight_0750.avi,3665048,73af22960bb0ab55a71c895d96f0a1491a8998b4806b6a1e2a2dc1678619902d
train,2593,RWF-2000,,1,violence,train/Fight/rwf_train_fight_0663.avi,1099832,a8a8a3b7c02e0ca4e2496cb3e9bf848c662a6f650430479b7f55cbbd2be7db43
train,2594,RWF-2000,,1,violence,train/Fight/rwf_train_fight_0587.avi,5661824,5e1f15918eaaecb9409aee9253a449b93b2951360e51b45bec4b1a1674aa7478
train,2595,RLVS,,0,non_violence,NonViolence/NV_781.mp4,1293818,8b48a93f8b90e01a580122eefacca1fae66eeb6bafe484606c4a076204eb95ab
train,2596,RWF-2000,,1,violence,train/Fight/rwf_train_fight_0725.avi,2615304,fbeea8fc4eb12115e1b0570307b29ee7fa2da04f92f15e11780d01e9880f6e85
train,2597,RWF-2000,,0,non_violence,train/NonFight/rwf_train_nonfight_0242.avi,13408812,1b9c1eab36c5e0fd81368ea9ae6cba2af999d17ee321e3295ace0a117209b68f
train,2598,RWF-2000,,1,violence,train/Fight/rwf_train_fight_0190.avi,9175146,a2ae986c55a26d9fa8efeca376437990f1b68274eaf87b2d0112f3c297ece0c2
train,2599,RLVS,,0,non_violence,NonViolence/NV_522.mp4,457484,f54bcb4919b543479a735270ecc8a570250c939638926f3e61a28dfc7e9d1a09
train,2600,RWF-2000,,1,violence,train/Fight/rwf_train_fight_0528.avi,2254902,4a9217f43ff609858971244c07d6b96bd7c0c1005c69fd103361e65c3155b5bf
train,2601,RWF-2000,,1,violence,train/Fight/rwf_train_fight_0460.avi,8946952,1b371906a86bae10cc92ab3adcdc6a9e1493f2a98cc59414a591f7ebadd925fe
train,2602,RLVS,,1,violence,Violence/V_264.mp4,612205,8c8885353f5ffeb5e7c9dd161c05f9cd73a26a78875560acb1e1440cdf23539c
train,2603,RWF-2000,,1,violence,train/Fight/rwf_train_fight_0576.avi,2449724,d0c3b5d37a52b5f56e1c3faba99ab3bb1463fddc3b028267541ef20609d6482d
train,2604,RWF-2000,,0,non_violence,val/NonFight/rwf_val_nonfight_0090.avi,3109012,67ba0b1dcc8df1b9220cd3b1c8c6b597b9001f119434d1a6258ba25d78d94cb4
train,2605,RLVS,,0,non_violence,NonViolence/NV_527.mp4,446656,a7fa485fea2dd7907c27401e18d43adf9626e09d482277a01707ea5c6179e94c
train,2606,RWF-2000,,1,violence,train/Fight/rwf_train_fight_0268.avi,2721414,411494b92bc8f81850ff071789fe9494f9e3468aa62574b9c39baf181293733d
train,2607,RWF-2000,,0,non_violence,train/NonFight/rwf_train_nonfight_0021.avi,11630664,1abf42c6b01400cb83e4462ffb41b4a9bceae15e6521bfc15bcb8978a270fba0
train,2608,RLVS,,0,non_violence,NonViolence/NV_9.mp4,751368,0ac679d3a298e4fd52d131ceca1fb29281bc9dcffc281820bfb472e3ba82a155
train,2609,RLVS,,0,non_violence,NonViolence/NV_285.mp4,1110181,89a7a6ee37e2438b4011d4a45a2a9f35af83f1008baf2f0b3d7158dc38edaac9
train,2610,RWF-2000,,0,non_violence,train/NonFight/rwf_train_nonfight_0639.avi,5586416,086ac5fdaec2a75d8334fe0afe622ed63e3470953b37ecc34ff6d28506fb3b80
train,2611,RWF-2000,,1,violence,train/Fight/rwf_train_fight_0599.avi,1210566,0c6ae6ff108d0985806d9840f0c834e701a4c61bc5ed7f39def4e33990ef7b6b
train,2612,RLVS,,0,non_violence,NonViolence/NV_812.mp4,1317252,3e09a863cc6964af2d979db94d85ef4498dd6f094f7d41a1ee77ed011c688442
train,2613,RLVS,,0,non_violence,NonViolence/NV_157.mp4,473234,99dff2c83fd06b43ac44739760f2331fbcda3b56b8b2fe65a300a13686966c4c
train,2614,RLVS,,1,violence,Violence/V_579.mp4,1738867,6bc1c7d4cd06f26347b89c3342eab07c8ef0243dde44e678b0170d60575b6a4a
train,2615,RWF-2000,,1,violence,train/Fight/rwf_train_fight_0727.avi,2809724,32bff4ae66ac186913821493254dba2aad5ef0df00f79a6ad6f0b79fe39493c7
train,2616,RLVS,,0,non_violence,NonViolence/NV_31.mp4,1342884,a498452c8a2356a1dadbb0f9879bd864f1f3c6f37f45279b604148d71bba33bd
train,2617,RLVS,,1,violence,Violence/V_255.mp4,611284,ba500c98fa4ebcb324df2229ef81f3a63fc8a9fd06607930e5bfc35df11a4fd1
train,2618,RLVS,,1,violence,Violence/V_689.mp4,539810,3b124f2e8da42b55f4c41e7c7454fb7f45ddd9a2c2330aac846014b588c0dd83
train,2619,RLVS,,0,non_violence,NonViolence/NV_810.mp4,355988,717c8ead06c3e2ebfbdf458735acae2a5c8b6c99209820814c9cdd396c320f0a
train,2620,RWF-2000,,1,violence,val/Fight/rwf_val_fight_0105.avi,3951176,8741ccbe5a01648a14c3d26f63db8072d0b61efd386dff0bb1b716ff0891a2a5
train,2621,RWF-2000,,1,violence,train/Fight/rwf_train_fight_0170.avi,5161446,7f9fd2028bba7cb77e9706a60ea552adfc6b4bd7704b3734eaf4066f988ac86c
train,2622,RWF-2000,,0,non_violence,train/NonFight/rwf_train_nonfight_0014.avi,5937734,365f582b53e4e10bddd3d1010840eac1add46c7a25a20c8e4d610c7844b35ef6
train,2623,RWF-2000,,0,non_violence,train/NonFight/rwf_train_nonfight_0061.avi,1416092,e50cc66baf1d1c2c970d5ac710c1eca7aeb4a1d33ae512438bdc9b3ed59c0968
train,2624,RWF-2000,,1,violence,train/Fight/rwf_train_fight_0688.avi,1398742,4bbf866c23d45a92beb33fc5a7f299ac6da8b22423a46e2b6559a9220563779c
train,2625,RWF-2000,,1,violence,train/Fight/rwf_train_fight_0207.avi,2421434,6465b88fe6c4201a7ebadc2100592dc81d6d31b62d2d34bcfd60621a840038b2
train,2626,RLVS,,0,non_violence,NonViolence/NV_182.mp4,401784,0b826e04f0d9e5df3a48a1d5028595b0d9abe587db2154418e05cbe78d7db684
train,2627,RLVS,,1,violence,Violence/V_191.mp4,405952,0956b3c5683927b000bd580d6961fac7bd7f90f5acc3db24dc0c5539ed809a5a
train,2628,RLVS,,0,non_violence,NonViolence/NV_651.mp4,316659,9fd6f07033807e9a111136d51c3111c4bdc5641c075572cb10661aab3e78b7c7
train,2629,RWF-2000,,1,violence,train/Fight/rwf_train_fight_0685.avi,3109296,9977e9299ec996e405290dd6f3f70af8df6ce7927614e27ea31c4d7dc048c4f6
train,2630,RWF-2000,,0,non_violence,val/NonFight/rwf_val_nonfight_0112.avi,2199850,4d6e0fcf11deb7ef58df2cb567efbc3924212a8c11b8c694fa0aa4ec51d35932
train,2631,RLVS,,0,non_violence,NonViolence/NV_382.mp4,183075,f01a15e99958e2b6463417ea79b7c3b5cd5701bd23302d387366ff2f8da14e93
train,2632,RWF-2000,,0,non_violence,train/NonFight/rwf_train_nonfight_0739.avi,7536566,5025eb62f73a1acc0954a4fb044a8028cf0b8b346f0f63cff6858332007b055c
train,2633,RLVS,,1,violence,Violence/V_470.mp4,565079,d777eb203c4fc6e670865e5a393eb91edb56bf3050e0f28780101958c680f645
train,2634,RWF-2000,,0,non_violence,val/NonFight/rwf_val_nonfight_0042.avi,1520288,20b2c36518eb482adf19ff4d6d2d51b62ee19b80977bf1d1ea80b587bc190476
train,2635,RLVS,,1,violence,Violence/V_80.mp4,529665,467cb2ddc76d02b057db4b2133312e9cc5f99efcd3b81d3553cd3050c20f557b
train,2636,RLVS,,0,non_violence,NonViolence/NV_570.mp4,628281,50d6d2b0dfd2256aba64362532fa9aae32864b15f75eeafe2242686096c0bb64
train,2637,RWF-2000,,0,non_violence,val/NonFight/rwf_val_nonfight_0092.avi,3051852,17d39d3feee283841eb07d769b77cea5710d95dff7852e0ad2d64cb9c2d7079c
train,2638,RWF-2000,,1,violence,val/Fight/rwf_val_fight_0019.avi,4574072,f01ccafedbbe8aa2d8f7ec0c70f47ecee2c653b0429cc659c3327e7d52612c68
train,2639,RLVS,,0,non_violence,NonViolence/NV_441.mp4,197341,4b12a655e85726be15267d1fbe5888443ff60bd71bac04ebe7f43b93e91433e0
train,2640,RWF-2000,,0,non_violence,val/NonFight/rwf_val_nonfight_0007.avi,16053868,171a6544a1a7050627f418110a0e3af8c46c87c8f1cbb3962c38328d32f2e4ac
train,2641,RWF-2000,,0,non_violence,val/NonFight/rwf_val_nonfight_0161.avi,2032888,55e3d43955c2776a998b460e6e734d740bacc1fee596958cff8e011dd252afd8
train,2642,RWF-2000,,1,violence,train/Fight/rwf_train_fight_0668.avi,3311444,e9ef2d20c71c0922e97bbb39ae0c5b774877b78e4f5f593631cdac9145c627fd
train,2643,RWF-2000,,1,violence,train/Fight/rwf_train_fight_0246.avi,5829642,164e7f92512a83c9bd3350b6cfd931516cdb8fce2b86db309d073f25fa65bba6
train,2644,RWF-2000,,1,violence,val/Fight/rwf_val_fight_0084.avi,6575458,5777eba067fe3fd8da7dc14fd4b8513fa8f1b56c2719b7d3b81895f092a0a4f6
train,2645,RWF-2000,,1,violence,val/Fight/rwf_val_fight_0137.avi,2426734,b0f35b1a31b8ee31f3b803ee399808c1a87289a8edda9aa285b8b7a81d3665b8
train,2646,RLVS,,0,non_violence,NonViolence/NV_77.mp4,1061606,db98a2a8135e3c29f0c580069aa490e3da781ac23405254558950628ee6ab623
train,2647,RLVS,,0,non_violence,NonViolence/NV_377.mp4,139141,6fef31928b99b6ecd38b476e06e294c152c8c942117f6b364e786a568ee63500
train,2648,RWF-2000,,1,violence,train/Fight/rwf_train_fight_0361.avi,2324904,ef7a51b4f72dc152daf070a3f4106b7431ebd0f5c7a75893682327083be1a1e5
train,2649,RLVS,,1,violence,Violence/V_276.mp4,2725521,1eab4d97c9f9f181da2e0938ec1633c29ba520ec075018cf23c53b6ce6afe5e1
train,2650,RLVS,,1,violence,Violence/V_430.mp4,929918,ae520261165956c3eaa9ce976b98657b0e919b88c294bd7c9b4d9b28a23e8610
train,2651,RLVS,,1,violence,Violence/V_57.mp4,459884,0fb3d859715c62e7d120aa6490a08f8bd1cb96a31af0eaff014d192a194a7740
train,2652,RLVS,,0,non_violence,NonViolence/NV_93.mp4,463664,31bf1cb5590ef3551b8ded5d0f1dba42573560ddf8d227eb71d50347d668192e
train,2653,RWF-2000,,0,non_violence,train/NonFight/rwf_train_nonfight_0103.avi,8870518,7bd27c4da3b9e8bdb08a23627eae4c9e7f0a0e410e69f88a475b5dec41994cdc
train,2654,RWF-2000,,0,non_violence,val/NonFight/rwf_val_nonfight_0022.avi,17053912,803d7e8db475d5a3170ae48c8df786ae0eef91e9dbb2312436c056e16d4c9f90
train,2655,RLVS,,0,non_violence,NonViolence/NV_968.mp4,969830,30ce39824183dd7100caf330b5a6283266c8d98ae0e322b2b3e19a8345a664ac
train,2656,RLVS,,1,violence,Violence/V_996.mp4,397151,9a82f746639601b1240d12567af208aebd6ff1a717cb1a9336f16d8944e39a25
train,2657,RWF-2000,,1,violence,val/Fight/rwf_val_fight_0073.avi,17892294,1a09310cac9395352f2883005ec67910d33edc2003dea74c081acbef54e9665c
train,2658,RLVS,,1,violence,Violence/V_955.mp4,326373,3c1d9fa9a48f1ac728830115237dc559d6e0a4284ecf5c2c9745178428dccbed
train,2659,RWF-2000,,1,violence,train/Fight/rwf_train_fight_0149.avi,15768780,fe65d12a6c4992d8721afed802fc6c0bc1777e7e41656b7d0a82ee2f47f4b370
train,2660,RLVS,,1,violence,Violence/V_925.mp4,586932,13b9805bab40fe6578f412792e32fce8792372beed5c442faa4881a147929d36
train,2661,RWF-2000,,0,non_violence,train/NonFight/rwf_train_nonfight_0074.avi,4605694,e40c515d84995913bb5271536a58f35d2c6ce8e9fae73b495e0ea2caaa35e269
train,2662,RLVS,,1,violence,Violence/V_142.mp4,494235,d4026b59ae8b70b05278bfb294f34ce2d4e59f725d4c2efeabf5a2a3d1cc68b4
train,2663,RWF-2000,,1,violence,train/Fight/rwf_train_fight_0346.avi,9592172,7d1221bf4474a6a6b54a8e0aef299c324d21e8c6b0a31c8c7342fa999a177824
train,2664,RLVS,,0,non_violence,NonViolence/NV_851.mp4,1324964,0d1fa80a049576ffc90dc8451dec6dbc468ce31c157d951e1b38e8f31721959c
train,2665,RLVS,,0,non_violence,NonViolence/NV_466.mp4,390565,95803a309c4f08c7e0feefe4433d2d3f965b68b02e53b46d3b5d1247b21369d9
train,2666,RWF-2000,,0,non_violence,train/NonFight/rwf_train_nonfight_0135.avi,2719586,2199a47a6f0ebcd9e9c50f342713e61d7a062373ebec8018427c9cb5cc0a62f4
train,2667,RLVS,,0,non_violence,NonViolence/NV_442.mp4,168516,ee848eb9bf9219cfb7d900a06c0d136e7bbed89d1ecccb1a246591d1d4e987df
train,2668,RLVS,,1,violence,Violence/V_30.mp4,832229,2f9ad0f7ddbf5689b1a2a9ba92c8f68bffe43790a32684494de12b96fc575a07
train,2669,RWF-2000,,1,violence,train/Fight/rwf_train_fight_0192.avi,3103632,88cb1a942062e7c9870775307abe4d14725c4d2a2bc7f745a5adc3dc9364912a
train,2670,RWF-2000,,0,non_violence,train/NonFight/rwf_train_nonfight_0643.avi,2600282,e4b6e026fee38458ff8270d0fcf41c6277203536b3dad3f31e94f1e60e7859b7
train,2671,RWF-2000,,1,violence,val/Fight/rwf_val_fight_0080.avi,6271118,fb9dad6b1cd16aec6a574d2df0c12f1cc149b23b77e04bc7c961a0f3f19df1d1
train,2672,RWF-2000,,1,violence,train/Fight/rwf_train_fight_0196.avi,6909676,087e7fe4c7f63a22bafaade3329704bc6c575ae72b426e42a4a7ba45d4d4562a
train,2673,RLVS,,1,violence,Violence/V_756.mp4,2064190,48a7f7ee7f9d7e4ba98a3ef16c64b3e7dfe4b9dcb286980bed5c4b7703735ec2
train,2674,RLVS,,0,non_violence,NonViolence/NV_149.mp4,545974,7522fad279e5a57c0fce3a30a94de281312a7fc61b5e57c4d81719a1d32b17cf
train,2675,RWF-2000,,0,non_violence,train/NonFight/rwf_train_nonfight_0204.avi,4555880,f901e9a9dddeee0a0ede9572b49e8a05b9dccf66e36c7a2de12c08a8bd936b1c
train,2676,RLVS,,1,violence,Violence/V_986.mp4,1149759,f801ccb82f4499754897d1ffba7a0b85a7219172f90f6daae16493df20443158
train,2677,RLVS,,0,non_violence,NonViolence/NV_153.mp4,719838,951c95cc8d15284d280872dec5ab6f33b4288224be3e297be75866fd57e5f578
train,2678,RLVS,,0,non_violence,NonViolence/NV_876.avi,287184,fec5408b781dc56c3edbc177524e940e30cdbb672232c74447e4a69208aca431
train,2679,RLVS,,0,non_violence,NonViolence/NV_590.mp4,1200654,928282ca917db3fdd0801651d608d4a27deb5e587f7a8cfe834cb27f6a5fddac
train,2680,RLVS,,0,non_violence,NonViolence/NV_148.mp4,257088,8a4d8eebd05fe2f4f1f549f6861b9f0e1f02014d0db7fc7b7066fb76c8a230c6
train,2681,RWF-2000,,1,violence,train/Fight/rwf_train_fight_0030.avi,9422530,6ce8964536f9e9b3176089500ce2d2c92aeaebd15bc7c2e08f03d5c4592fe0c0
train,2682,RWF-2000,,0,non_violence,train/NonFight/rwf_train_nonfight_0197.avi,4222352,b0e7ac4df23b965a676c675b7cc9bf44707541966bc3be76b63d384c151ad841
train,2683,RWF-2000,,1,violence,train/Fight/rwf_train_fight_0540.avi,9082322,1b71d371ae40dcfef20947ba68733c5f775d3a42b9a67a9802df1ddc0e0eb48b
train,2684,RLVS,,0,non_violence,NonViolence/NV_262.mp4,396598,129e81ca013552ce2b76f436445cd7cd3b4a3f1531528f2b194a4812c5fd49fe
train,2685,RLVS,,0,non_violence,NonViolence/NV_717.mp4,1585047,927ac0b6b94a50dbb639bcb673ffe47202af621c7306976b1f71912adff95335
train,2686,RWF-2000,,1,violence,train/Fight/rwf_train_fight_0644.avi,2984950,3b8c6f4b65ced9719a04d402240ae79a3a547c125b7bc264e703d086763ec819
train,2687,RLVS,,0,non_violence,NonViolence/NV_295.mp4,2743335,ce78a4411d7e26e3ee22fba2c4717a9442eaec59bceebed6f24398f1bee4427b
train,2688,RLVS,,1,violence,Violence/V_937.mp4,437972,7aece68e5f20f53c0f6dcd4ca2e12395c0289e308eeef06e03575e53fd363ffa
train,2689,RLVS,,1,violence,Violence/V_207.mp4,399443,d60b2f834a662c1a86edcba02aa07e64f4a9d958aca45c10d06d7be8a7e8d4c9
train,2690,RWF-2000,,1,violence,train/Fight/rwf_train_fight_0232.avi,2566842,a73fd200690dc4bcdff3b17f986e8c001f99f904dea68407dd402ee24512afeb
train,2691,RWF-2000,,0,non_violence,val/NonFight/rwf_val_nonfight_0142.avi,10160370,95fd1ec24c738d49867b7c9b1ee7eedba49cddbcfcd7b396e7962fe6ff683a73
train,2692,RWF-2000,,1,violence,val/Fight/rwf_val_fight_0032.avi,7885960,9b5004caf0adc0bcccb232a32db537c64368e3e971fe4f7b31db53a69c08ecf7
train,2693,RWF-2000,,0,non_violence,train/NonFight/rwf_train_nonfight_0307.avi,3654260,05ecbdb9a6574c8dcd9737104c4bb0959e5b9deb773256d998807be6d0f02c67
train,2694,RWF-2000,,0,non_violence,val/NonFight/rwf_val_nonfight_0097.avi,3188592,0a712775cfd4f79547e8d6e804d60aa1ab1e0c6c5eaff71c519011ab7b898ea8
train,2695,RWF-2000,,1,violence,train/Fight/rwf_train_fight_0520.avi,9029706,441a263fa2769dfd76bb931e96b68ed51a63bd606f8a627af02feb1b24f88b2d
train,2696,RWF-2000,,0,non_violence,train/NonFight/rwf_train_nonfight_0152.avi,3412518,a56abdb06f14ebf4766579968c420fe08d7048b2b0d709a8b9a786d736f3c97f
train,2697,RLVS,,1,violence,Violence/V_285.mp4,2168896,22e55aa81502b21c7be9c71a01d70cfcdd0120eccbbea61106b4f8be71c83aa5
train,2698,RLVS,,1,violence,Violence/V_818.mp4,331650,f1108ac29f04ad20e497c41d9b354d61e035f498b0c8eb3fcd32829b612283f8
train,2699,RLVS,,0,non_violence,NonViolence/NV_556.mp4,535181,7013ed3e575730852f0ae5baa98f263f989e4b495a0f084af8f17e200ea71220
train,2700,RLVS,,1,violence,Violence/V_24.mp4,1103807,2dcd0a8b4d49f10717d1d220c5df7d80c29254c1bfa4f39928a16b86f8349588
train,2701,RLVS,,1,violence,Violence/V_239.mp4,1648780,a123bcedb5052a52be2cda74b07bddec8499c7d95b2cb92f8bbc2515834dbb02
train,2702,RWF-2000,,0,non_violence,val/NonFight/rwf_val_nonfight_0008.avi,12220346,12fc68ac6067e9ddf9080ca259898765a8c6e70a16669da1b7c5e166ae50643e
train,2703,RLVS,,1,violence,Violence/V_502.mp4,446958,61ffde2f262c06cb75ed9d56b1cba9dd83b6109d4d8397a3595c0511d0c9acbd
train,2704,RWF-2000,,1,violence,train/Fight/rwf_train_fight_0094.avi,6861974,c18f697d097f9713ffe9ec9f6a95c2af5550ba32a3633dddbe0a7d31766504c2
train,2705,RLVS,,1,violence,Violence/V_691.mp4,698073,1bdeb3198d4c84cacbd44b5daa4d09d0821868b6f358bc46f8e48726e1aa9296
train,2706,RLVS,,1,violence,Violence/V_941.mp4,296612,17ff75138b5154ef572470f697721bd014e764bf9452a1647207bdf79a1623c0
train,2707,RWF-2000,,1,violence,train/Fight/rwf_train_fight_0026.avi,2452598,439357890ad5d1f05c42cd0782c6b22331f93b9cc806f3427b4aeab748e757e8
train,2708,RWF-2000,,1,violence,train/Fight/rwf_train_fight_0069.avi,12141026,8069de58e1e93c3ab1fc75fe3ed0b1e8af9bd437b7f5d81c9bc2c6177f57de9f
train,2709,RWF-2000,,1,violence,val/Fight/rwf_val_fight_0040.avi,3072066,b9ec9e2508c99204bf9354c6dbac577e8077371b00920aabef921c2e29461bd1
train,2710,RWF-2000,,0,non_violence,train/NonFight/rwf_train_nonfight_0480.avi,2302704,1a68eaefd15a0be84835ea9e65f51454629a14bbbd587760d3b8254ace974add
train,2711,RWF-2000,,0,non_violence,train/NonFight/rwf_train_nonfight_0265.avi,2376202,d862dfdeb7283bf30342553bd6061b537a3e16fbdd046d5cad3ab7d98691483c
train,2712,RLVS,,1,violence,Violence/V_725.mp4,437186,338161cfb2cee6ea6af98968b2829b5dfd02d554c26344d03e14c3bc93341eca
train,2713,RWF-2000,,1,violence,train/Fight/rwf_train_fight_0787.avi,9021726,ad91daa74474e26d68e8be1fa8d3b1c4e430f46ee50e82581e806484944f9d73
train,2714,RWF-2000,,0,non_violence,train/NonFight/rwf_train_nonfight_0149.avi,7128808,0386c19a06c0ce736200e98df958a5bac767c33b1f37fc3a8e8ccefa5d12acd5
train,2715,RLVS,,1,violence,Violence/V_205.mp4,817173,94739f99130b64687b931d455c827d88e8a6ecd1aa96451864999c27a77861c0
train,2716,RLVS,,0,non_violence,NonViolence/NV_275.mp4,1345240,79422863e8925dc00493cad7632d39f2eb4a85ab8f0ca9dc4a5ddf81a13a75ef
train,2717,RWF-2000,,1,violence,train/Fight/rwf_train_fight_0735.avi,5528810,cd84007bb4ea4dbf339d8d162c018f2fe132abde28acb85a167dca82a885c070
train,2718,RLVS,,0,non_violence,NonViolence/NV_243.mp4,593360,8c1077925d4d8afc7f5e6a6d4772a1293980d93b43908dbb366c2a7618af6110
train,2719,RWF-2000,,1,violence,train/Fight/rwf_train_fight_0392.avi,10415428,532495d3b95d357ad8c6f4ebc27428d79c941274ba9e4bd988e76b4bc6efa17c
train,2720,RWF-2000,,1,violence,train/Fight/rwf_train_fight_0701.avi,7603672,6200150488b8bfdf545b84d2b3b87e057518af4aef88db5d5a7b04a373f23764
train,2721,RWF-2000,,0,non_violence,train/NonFight/rwf_train_nonfight_0696.avi,2371070,8f195f1f0e1f4ac6e765d397e464d3eae5e344330242517b14cd46b8324b23b9
train,2722,RWF-2000,,1,violence,val/Fight/rwf_val_fight_0034.avi,7889800,859decacf1bb89b71b11c765052bee27731f6b166aceb991ac26c7faa66e3d9b
train,2723,RWF-2000,,0,non_violence,val/NonFight/rwf_val_nonfight_0131.avi,4311644,1d3e6108d916e79bb1c3d7317d3f56508a4271c4b7d2e3422b4199f3c37d7a3a
train,2724,RWF-2000,,0,non_violence,train/NonFight/rwf_train_nonfight_0199.avi,2290800,d1b9dc5579f17f1573aa16597b2d6ff309faf1d1761dddbf05487230791c4d45
train,2725,RLVS,,0,non_violence,NonViolence/NV_58.mp4,563880,5001e7a7a851a232e3324adff7f0a9efcedc00793f130e5532e4b42586f85de6
train,2726,RWF-2000,,1,violence,train/Fight/rwf_train_fight_0683.avi,3131392,108bb927923a00177f1c7c429f9a2904e46ffa04486d94e2c1efd5afbd099505
train,2727,RLVS,,0,non_violence,NonViolence/NV_396.mp4,203828,dadc2637c6dfc996dca0f2a109f289fe6db710542f7b2ca734a164d48b2d254d
train,2728,RWF-2000,,1,violence,val/Fight/rwf_val_fight_0044.avi,2007508,cd07f558b7c42cf2091f0f6b4bddd865ad49a58e0d46aadfe69b40df9daea665
train,2729,RWF-2000,,0,non_violence,val/NonFight/rwf_val_nonfight_0028.avi,833398,f5aea63f010bf8faa5f7df8610613384ba813d5445feccee869fc5beb74f9691
train,2730,RWF-2000,,0,non_violence,train/NonFight/rwf_train_nonfight_0515.avi,10388368,102199be9847d97c957a2e48474f02028da7a6d2ef12b6f803c6fd4b3f860422
train,2731,RWF-2000,,1,violence,train/Fight/rwf_train_fight_0453.avi,10627836,0afa97cfa025ee6862157308057d8699bf16cfa30ced2019c84b15944f408ba6
train,2732,RWF-2000,,0,non_violence,train/NonFight/rwf_train_nonfight_0483.avi,2608604,ec3868e29146b633a475bd1c1fcb57636551e244d380f7c1d1775c46bbe1cc97
train,2733,RWF-2000,,0,non_violence,train/NonFight/rwf_train_nonfight_0582.avi,2662288,81e5577ac14818666c89d7939c1a942e197fc4dfd9757501cec7bdcca6a03eb0
train,2734,RLVS,,1,violence,Violence/V_217.mp4,583219,63406f6117058f597f3885c5ab6036dbf97afb88b12a98efce7293bbc5f6754d
train,2735,RWF-2000,,0,non_violence,train/NonFight/rwf_train_nonfight_0666.avi,2668700,1aba0c37d853d1f8249f166e7625d0483e6c658bf3b54cb6f8eba3c6ef46445c
train,2736,RWF-2000,,1,violence,train/Fight/rwf_train_fight_0475.avi,2018250,68f2e7772d709a12dab4c9b0b1cf51513dda5f3d0a741aef8db43fdb3a54f7e6
train,2737,RWF-2000,,1,violence,train/Fight/rwf_train_fight_0547.avi,1996378,71983aa6ff8028bab08470462cce41d1ad1db634247fb3ecc969a84d45f61c2b
train,2738,RWF-2000,,1,violence,train/Fight/rwf_train_fight_0031.avi,9299456,ef8c4dccaafdb1376abbf87fad7d94260bc6892c202f10303943bfe07483ffa0
train,2739,RLVS,,0,non_violence,NonViolence/NV_489.mp4,474937,557c989bfc988b51b60c2e562b7aada46e5e0cc00d56ab96c47dfc93f4dada13
train,2740,RLVS,,0,non_violence,NonViolence/NV_660.mp4,189811,b773068addc32f0bc7d94b03a79746f8a1a26c636212ae5399df7f2947b05495
train,2741,RLVS,,1,violence,Violence/V_895.mp4,381342,a2d1aea088270c4a198d388fccef521389d23e0d75f596b45b64435168a6d827
train,2742,RLVS,,1,violence,Violence/V_254.mp4,883786,1b66b9fde599f15cd0f438fa4f859c48f1ce46e6c5e370206a9002ab59bb0914
train,2743,RLVS,,1,violence,Violence/V_381.mp4,244370,713bbe4f4cb8e0eabf89d911955586727e274c2978986a309506e851b2f0cbc2
train,2744,RLVS,,1,violence,Violence/V_177.mp4,256788,ab83d3000c482763d6d5874780a9ea7f36122b6eeccd33befe2a9e3e866c95ce
train,2745,RWF-2000,,0,non_violence,train/NonFight/rwf_train_nonfight_0305.avi,2095330,b4a357fded8fb9c6543791367246f8416479f5c90e553c85cef7905e33664f81
train,2746,RWF-2000,,0,non_violence,train/NonFight/rwf_train_nonfight_0217.avi,3214262,5211f919663c59d51834357d6cb41d0fc8ae4626b3385dcdc31294fbf72c8c84
train,2747,RWF-2000,,0,non_violence,train/NonFight/rwf_train_nonfight_0698.avi,3350358,c79d534a7b2e6c74b61b6335cc7a11017360359770b82c9201272a748bd561b5
train,2748,RWF-2000,,1,violence,train/Fight/rwf_train_fight_0702.avi,10423130,3fdf090beddaadaf9d7df22bee1efc043bcd189d90aaf6c2c26a6d3fccb910fb
train,2749,RLVS,,1,violence,Violence/V_76.mp4,526416,d78389ecd585d9d25467a9b21ab0de24031ea9561ba670b19d5618d3e53711df
train,2750,RWF-2000,,1,violence,train/Fight/rwf_train_fight_0592.avi,5394166,e2fa925a8e147ea197dcdeacc0c5bb43f1a0738e3dd116162b7f57c00eb5ee24
train,2751,RWF-2000,,1,violence,train/Fight/rwf_train_fight_0281.avi,1428656,53b1823556402e558036848a0e8536781804f9f2fe57a03a9894cf424b16e936
train,2752,RWF-2000,,0,non_violence,train/NonFight/rwf_train_nonfight_0464.avi,2284156,3d69ae02528c0d5c562ee01295963fa67374d72c091c4a1a7f6a89a19849fdcb
train,2753,RLVS,,1,violence,Violence/V_516.mp4,269510,92b1fdf9608dd13a2a26a12575bc78afc1662c8c2f6236c14757eedfc07411e2
train,2754,RLVS,,0,non_violence,NonViolence/NV_390.mp4,200122,917f28a9c3dbb13499a0c7ae662b03e4b054d9f22e94df39ef6c307dc967c280
train,2755,RLVS,,1,violence,Violence/V_499.mp4,1023797,632146a832e3eaeca0f6bdbf18a13138b8e53508035e7af509765ccc98cd7cc3
train,2756,RLVS,,1,violence,Violence/V_238.mp4,1626455,958f83270d8a7a877b8d97ddc2a112b40fdbaa3ae1e77811ab146891c6f57cfa
train,2757,RWF-2000,,1,violence,train/Fight/rwf_train_fight_0338.avi,13556006,ca7bee6da3696373b57360b44cae0e5c678992ae35bb7afc49a653af7c15bccb
train,2758,RWF-2000,,0,non_violence,train/NonFight/rwf_train_nonfight_0207.avi,3499592,9a8f8662ea3fb09acfce85c2487eea4269006a0621ba0d8c6db3981353cfd42f
train,2759,RLVS,,1,violence,Violence/V_906.mp4,468729,bc5346253a49df434025685105f6dc36085f14cebcef8bc39bff005f382b0016
train,2760,RLVS,,1,violence,Violence/V_983.mp4,343995,dbaf959fac5281f4a18d22aaaa0a39a1018e2c14040156820cbf963374641136
train,2761,RLVS,,1,violence,Violence/V_448.mp4,2586236,e9c241138a861085e90a9886f498c32091bea9d4e6b7f770da6c635349a8dfdc
train,2762,RWF-2000,,1,violence,train/Fight/rwf_train_fight_0682.avi,4829186,708ebbf05457fa3675e77bed308a64e89256ac8bc647dc0ca76d31b4a4eacded
train,2763,RLVS,,0,non_violence,NonViolence/NV_967.mp4,769255,3e29dcb0512f9761fe5b68ec7a17a206b0e67a089c2bd3a1577879de89a3038f
train,2764,RLVS,,0,non_violence,NonViolence/NV_623.mp4,142502,fd3d89e163dd02a48b7fea158f35ad3a4f04dd5373e3025e131738d49425240c
train,2765,RWF-2000,,1,violence,train/Fight/rwf_train_fight_0264.avi,14614600,f7219c0635cbe56dc1ea1dc8ffda35d3cc44b5a05887482fb5dc100f4cf8758f
train,2766,RWF-2000,,0,non_violence,train/NonFight/rwf_train_nonfight_0793.avi,1491012,438d9b259e8b5295cabe436afe7c8ffbcbc004f39a093cd11e9c7014fe9579b7
train,2767,RLVS,,1,violence,Violence/V_176.mp4,279246,61c38b11a9425c313e8508157d7816d020ea5a7af0ebf371b1cf201e51d2f82c
train,2768,RWF-2000,,0,non_violence,train/NonFight/rwf_train_nonfight_0449.avi,8447040,ff194ca1f55ec739bb51cfa73e6fa9425bce500e5cf3f7b42a0b0a02753a02ab
train,2769,RLVS,,1,violence,Violence/V_178.mp4,283608,4f9dfd951c69fc54f11cb00d607da46fa019e192f7bfecbfba439d136432f61e
train,2770,RLVS,,1,violence,Violence/V_717.mp4,782171,9a0440dcf5c1730df38c3f0d451b139c1181a8a19386782987e0df5bbf09e4bd
train,2771,RLVS,,1,violence,Violence/V_529.mp4,1378626,ad7cd9efb43a0ebcc52c2493053074491a36f733707d78c91636bd96000509e3
train,2772,RWF-2000,,1,violence,train/Fight/rwf_train_fight_0565.avi,2190390,ce7bba9f38b91927a3528825940ea07c47cdfc2050114b643d486cc5722cf4f9
train,2773,RWF-2000,,1,violence,train/Fight/rwf_train_fight_0243.avi,10138686,c62139ca58ea434f6a93bb8bc09f7f78efb49d14b41629492fc060454eac2ce9
train,2774,RLVS,,1,violence,Violence/V_434.mp4,1280850,a35c6f71df756661a2cc1d449015b6852817f5ce6f600a1507a3c8a192b2ed01
train,2775,RWF-2000,,1,violence,train/Fight/rwf_train_fight_0251.avi,1699920,62ea0efbfada80dba075771e8888b680f563f5015c4ae2d468ac1bd9349dd341
train,2776,RLVS,,1,violence,Violence/V_539.mp4,1454880,4f3cbf5dc381e64560a8af1f2ed58d58a929ffa6d4e8e1989a5788eab739c9d4
train,2777,RWF-2000,,1,violence,train/Fight/rwf_train_fight_0457.avi,4317716,d46bad2f724a838234b6d76da66d0f3648e920bcf001c473155b3d4ffb48c7df
train,2778,RLVS,,1,violence,Violence/V_943.mp4,360280,fd203dc8ab39a779b8261779a898938ea058f8a5dee4badceeb381e51d9353a7
train,2779,RLVS,,1,violence,Violence/V_600.mp4,812856,805506d4ade1f2b8727332986c7ee2ee1c33937bef1605d155776fceeb83efba
train,2780,RWF-2000,,0,non_violence,train/NonFight/rwf_train_nonfight_0100.avi,3417000,eb6a9aae318120309f8548fbcffb7fad1ff0654824b5468b6dae936c034537a3
train,2781,RWF-2000,,1,violence,train/Fight/rwf_train_fight_0451.avi,10705650,2fb215a696c7c355e19b9aeeba1a8f8428c39b2410ac92784bcc7e2878c3c902
train,2782,RLVS,,1,violence,Violence/V_156.mp4,346783,07ab80c8ce37a7da0db64d40acd2c9ed5687c134fe46d26105cfa930b671f3ee
train,2783,RWF-2000,,1,violence,train/Fight/rwf_train_fight_0662.avi,1118408,eaaa928b8e17bef2ac70addf3461ec66fd203f0215a06f99c3e3186e91091b7f
train,2784,RWF-2000,,1,violence,train/Fight/rwf_train_fight_0660.avi,27267970,f3ee111e9aba0be5bdb0e5773660cbbf83e921835b75f512ea1d97eb9ad7471a
train,2785,RWF-2000,,1,violence,train/Fight/rwf_train_fight_0119.avi,18988972,fc6bb3dedd412b29e63dc64b3cac877cfd750aca3d1b688e19de0ad803460d39
train,2786,RLVS,,1,violence,Violence/V_299.mp4,3142180,55c25db57e93abd860d2a1e867edc7412685091ec8faa27518b0f181c09a57fd
train,2787,RWF-2000,,1,violence,train/Fight/rwf_train_fight_0628.avi,6219148,6380fd8bbd120afddce479f4f56734a5310735a24426ad0acc7a39bded580b00
train,2788,RWF-2000,,1,violence,train/Fight/rwf_train_fight_0063.avi,8709808,54c2261802dc98dd99d8d36c62db1479a35cc916f8ae8fbb1d85ddf2be879a6a
train,2789,RWF-2000,,1,violence,val/Fight/rwf_val_fight_0193.avi,8884150,1f2ea94cff7c34c879587ec8cbd65f25de3f4c929cabaa59f80ede36b7f4e04d
train,2790,RLVS,,1,violence,Violence/V_439.mp4,1584286,0ad9687a22f43054e7103c7170b38119c2d08d15066de74bf8960b6fa0b65a71
train,2791,RLVS,,1,violence,Violence/V_582.mp4,1333720,8a49657160d6548189c8ab8c88e9923946989d289a6e7fc3b10c793a27c8df14
train,2792,RLVS,,0,non_violence,NonViolence/NV_412.mp4,275729,9c13f0f591b5641dcd993ea9971d73352cc9990cc80b3a2bb17f4a4468000524
